Estimate	Est.Error	Q2.5	Q97.5
abad1241	-3.50943504856077	1.87837452865202	-7.54347767221214	-0.23225845386
abar1238	2.12011930723778	1.79905670971173	-1.16981781908363	5.97863251491789
abee1242	0.744018787668589	1.9849398314105	-2.9805121331485	4.90725778664876
abkh1244	-0.261653792340839	2.20612351867028	-4.62347682844817	4.0594271224777
abua1245	0.237823709601109	1.89940985840528	-3.35099863629105	4.17257567736225
abun1252	2.50586074437315	2.10663353451793	-1.22765345953857	7.00531997018167
acha1249	0.814310322266828	1.96042576977469	-3.11312952397319	4.69639334029522
acha1250	-0.210908305831587	2.12988531415167	-4.69782204905881	3.89120027761583
ache1245	1.64033152021174	2.19767800765242	-2.48417502641122	6.27295443987396
achi1256	0.709076767671814	2.0136496070919	-3.20946850218458	4.74348861261638
achi1257	1.31436413144373	1.92948888841111	-2.25269885391189	5.36918852197224
achu1248	-0.194502337633643	2.21634064987996	-4.59232833300803	4.20188413556351
acol1236	0.0949188421158232	1.87204773783668	-3.52859741918119	4.09495205798101
adan1251	0.288002775929718	1.73296087944453	-3.05850136902193	3.80470659638533
adny1235	-0.125175247136261	2.18378546173596	-4.65583267331381	4.1107764848187
adon1237	0.457410602168505	1.63692903672503	-2.68299117326315	3.75189461098306
adze1240	-0.354872065496632	1.49247007281875	-3.32832231946246	2.66714927906412
aeky1238	-0.780751220754173	2.08661005575384	-5.00419472192549	3.21463750394348
afar1241	-0.698007273219069	2.03835313938946	-5.04498501701834	3.03537366202224
aghe1239	1.90975878343522	1.76744508666622	-1.32480300109881	5.63041769123538
aghu1255	-0.646667778666608	2.12584559832809	-5.09041345596865	3.46057755636934
agob1244	-0.578156025374939	2.20088219405618	-5.13852103114732	3.67503267834483
agua1253	-0.147971323287429	2.17636586669801	-4.46599828959303	4.1383603893227
agus1235	-1.57419302327907	1.89616278171921	-5.66023084806751	1.88000656347822
agut1237	-1.77677345570297	1.79665951297885	-5.57896664379854	1.41365353597701
aheu1239	1.151383828443	2.03521445067421	-2.65153816900384	5.41126124442922
aime1238	-0.440063877910802	2.04811673205486	-4.64410865403738	3.41002346530591
ainu1240	-0.176779744106088	2.24209814956854	-4.81314830379489	4.29297112875232
ajab1235	0.991946285058141	1.89957338224697	-2.58260432236583	4.92799312365679
ajas1235	1.03719382009918	2.26436783944792	-3.21434217503101	5.72065086557704
ajie1238	1.95449862746082	1.68983471075491	-1.18856405506408	5.59444741609852
ajyi1238	-0.30737776351354	2.17554924431234	-4.68680551557757	3.82298507546711
akha1245	-0.470122949617837	1.79375057101267	-4.09115010385674	2.94348060092422
akoo1248	-1.40930349248192	1.5968856246513	-4.57936923080122	1.63637759752558
akun1241	-0.0984050092412062	2.22915095495818	-4.60571871033858	4.26552150876746
alab1237	-0.24530442413692	2.16958609311027	-4.75615499134747	3.95914192948971
alab1254	-1.60978672056902	1.97767686492239	-5.81022608795163	1.92508586423195
alac1244	0.850927081092941	1.7811663217854	-2.63081017801005	4.50980772917048
alag1248	1.41397599678788	1.66424878240149	-1.75257571876279	4.84374922039648
aleu1260	-0.205074732772199	2.20006558835436	-4.60620879249897	4.03852868527591
alor1247	0.325254744299754	1.677350388466	-2.8393171607698	3.75491412597582
aluk1238	-0.129341776713936	2.14032007588793	-4.45749892583829	4.18458579768357
alya1239	-0.173282790184217	2.20541407456108	-4.63487459444454	4.17368646612428
amah1246	-0.194636970586374	2.24483993111125	-4.7649522741431	4.27208548417233
amam1246	-2.0035026060564	1.72112390396988	-5.58550420141357	1.22350015407019
amap1240	-0.240809299963957	1.97617566996568	-4.14878066204027	3.74173750089322
amar1272	1.18573168131636	1.50419818725161	-1.61710698634079	4.33351989640281
amar1274	-0.162796916960284	2.27327391088394	-4.64645158929778	4.29480241140827
amas1236	0.4158637538434	2.14787278793943	-3.84977388998117	4.74401438699183
amdo1237	-0.130006964631084	2.1932360036146	-4.49305994218141	4.0668522911962
amii1238	0.942417047854413	2.07597833862243	-2.99856306503357	5.24979152529119
amis1246	-1.70050199033706	1.7082625160585	-5.16956554587019	1.4161336801268
amri1238	-1.95178538250068	2.05567049612567	-6.24654160277707	1.72167828991095
anei1239	1.46597928377712	1.86141041293588	-1.9466738949052	5.46918617952218
anfi1235	-0.626411786356011	2.07029564504152	-4.80822983726042	3.44713887742618
anga1288	-1.35508592004245	2.02294123679116	-5.50807091063892	2.36873948263177
anga1290	-0.718156421073146	1.51122844642527	-3.73895096534932	2.17842161717742
ango1257	-0.0314594354878895	2.25856597087283	-4.66580780371137	4.32597394349556
anta1255	-1.30782110651739	1.85142422501707	-5.1583514778739	2.19302695357753
anua1242	-0.10765343127511	1.88558309613221	-3.80679889254539	3.69044139756519
anut1237	1.19256649143589	1.94607132431268	-2.33754073712425	5.37103684165044
anuu1241	-0.469892899713597	2.15735931529243	-4.97287871034434	3.6594853003169
aoua1234	1.67537789399548	2.04027495937255	-2.14482780526234	6.00693655860633
apin1244	-0.0707797976903904	2.15442212810558	-4.37075222790434	4.12799715188429
apma1240	1.73610836143752	1.45116534108831	-1.02799878569854	4.69057491493833
apma1241	-1.11637406592056	1.86340668725703	-4.90695419338662	2.51225350191224
arak1252	0.936994962806526	1.37002503842491	-1.68552439968479	3.76769005861876
arao1248	-0.0560988724909097	2.22313833878877	-4.494631975316	4.39404627096448
arap1274	-0.0547825748468212	2.22826972401303	-4.48868225851584	4.32972193586582
araw1273	-0.100323217970874	2.27017162814842	-4.68556371368814	4.23796019003656
araw1276	-0.210134734320544	2.13903960109349	-4.62063516727756	3.87049856391089
arbo1245	-1.48511625666447	1.79634173845001	-5.22470650652158	1.81620608205916
arch1244	-0.307963037062475	2.26313667121045	-4.93818376943112	4.1108887664628
area1240	1.92859068274739	1.84390960916943	-1.40244575937446	5.81648077206042
aree1239	-3.38978747748328	1.70815500074798	-7.06893663616273	-0.357390921662179
argo1244	-0.727477439873959	2.11661669895435	-5.11221909392649	3.19252237011065
arhu1242	0.688018937198477	2.19899542941599	-3.74512559784326	5.12810673751153
arig1246	-0.747042645139411	1.76250092811067	-4.35251193296281	2.74177535026278
arom1237	-0.372524342024013	2.12352485675147	-4.70301927431581	3.75790302233179
arop1242	0.814894603920609	1.77214333767824	-2.44904778357562	4.57090025209079
arop1243	0.141200806099439	1.60083349080042	-2.98513381594909	3.39148707839009
aros1241	0.648435541457422	1.80791240425952	-2.75893852196237	4.36307047101382
arta1239	-0.338254463373124	1.53650974749425	-3.47137482436051	2.65260354450878
ashe1272	-0.313291631850184	2.24698227148145	-4.85630672923108	4.08712044095654
assi1247	-0.228531291243698	2.14459070627929	-4.48634955957474	3.98186322911165
asur1254	-1.05596990168998	2.03458685188839	-5.50428477679554	2.76127924479723
asut1235	0.293241943036022	1.76366855180209	-3.14206184839978	3.92004222410813
athp1241	-0.755887975102254	2.14001076452278	-5.24704012431719	3.29819755820827
aton1241	-1.83571914186543	2.12181863280525	-6.27534899861762	2.11285021139731
aulu1238	1.70500162236051	1.3399639712091	-0.871448277984405	4.38053997380219
auuu1241	0.733336799936717	1.82790680197688	-2.7384165657221	4.60584375097882
auye1238	-1.06839532887206	2.01466144337313	-5.22776085249934	2.68860965900471
avac1239	-0.0820854512301401	2.22703990235828	-4.48014588374087	4.26070651123097
avat1244	0.389564963380716	1.65795730321694	-2.83642007975739	3.82711105547727
avok1242	-0.336633839181892	1.54814230424099	-3.30739704530886	2.7596062251858
awac1239	-0.151393729814343	2.27505569027421	-4.7292535037267	4.27076883253872
awad1243	-0.346210986230672	2.13432577399294	-4.75136929756822	3.68632748226759
awad1244	-1.48030428561003	1.55908662645164	-4.73885586402565	1.4179370026237
awap1236	-0.471969844463601	1.77612750247805	-4.0767744542008	2.99598126919114
awar1248	-0.503967039633046	1.49189225634353	-3.48781621050525	2.46553669857641
awar1249	-2.02799668110833	1.69168839980036	-5.54538930094234	1.09569992021283
awet1244	-0.254688501936471	2.17901647639894	-4.72795569775006	3.95498044701152
awji1241	0.917602466350931	1.93986081080747	-2.7056385099223	4.9684274910938
axam1237	1.79659513686836	1.3727458487016	-0.875251833242491	4.53040298421291
axiy1235	0.150505629857976	2.10720458167279	-4.03557187279415	4.30019200785654
ayac1239	-0.115168095805234	2.25976784714439	-4.63924715957575	4.34941821875055
ayiw1239	0.658838018831066	1.50049829597755	-2.16767283983172	3.79143278586208
azha1235	0.193782867518333	2.04567795279339	-3.83952832457671	4.21894564339098
baba1264	1.84200599910054	1.81386106878118	-1.49813691194007	5.62176479780529
baba1266	1.51531652296231	1.76562679827792	-1.75873352177577	5.18933345614902
babi1235	1.03184010081257	2.18667266336417	-3.30637546755409	5.43056196759096
bada1257	-0.12687501234613	2.12105404497061	-4.41570859009757	4.12051606968121
bafa1247	-2.01369468353087	1.63126801185992	-5.3841270271758	1.04036762209755
bafi1243	1.43970032207611	1.65834651018511	-1.56579716322436	4.94485190446649
bafu1246	1.63447463241098	1.77616892992823	-1.63325873271852	5.36968149668405
baga1272	-0.927756717903411	1.74134915201177	-4.44904943236882	2.54136998066256
baga1273	-1.58698074339663	1.82835413683165	-5.41258617220205	1.81697584848176
bagi1246	0.716898151134725	1.6127573323602	-2.39789336891316	4.09280143458508
bagv1239	-0.314732292466569	2.30202531831823	-5.00248584164022	4.32391641082895
bahi1252	-0.75056549566097	2.13277426544864	-5.24471799021183	3.27016206866571
bahn1262	0.390583071902842	1.80016206045891	-3.01006658347093	4.09320215989319
baik1238	0.154707841818513	1.75477610333785	-3.21659509279985	3.72543835523093
baim1244	-0.21825219936731	2.17246658485379	-4.5550127197825	3.9983879595867
baka1272	0.758050018393557	1.87288957207403	-2.74318261554081	4.72895551843847
baka1274	0.157608522167215	1.69101748647863	-3.02935638345112	3.66749932192935
baki1244	2.05991840868189	1.41042721926116	-0.598954345148224	4.93943475406441
bala1311	1.39919460664447	1.95759160082612	-2.14416803148129	5.65687599960333
bala1315	1.09790524715549	2.01799104534989	-2.57266617194922	5.4604178421357
bala1316	-0.475705156379878	1.56096803793503	-3.63480438459549	2.57310759462308
bali1278	-2.0890028487126	1.93021264102802	-6.36830987855655	1.24600373206444
balo1261	1.5391447756005	1.98596841389701	-2.0759539543375	5.73125187231768
balu1257	0.99272534154256	1.58700862043282	-2.01649823542618	4.27900066872778
bamb1262	0.32197214959183	2.13288150781192	-3.88426261689185	4.67992344554116
bamb1270	-1.24329578829841	1.84602401616475	-5.0109317226007	2.26737152772186
bamu1253	1.42815535804839	1.78919245875946	-1.89375752216732	5.20311983643203
bamw1238	1.66483257296689	1.95712591339052	-1.89328735037124	5.81523121294705
band1344	0.784143908504307	1.82908993777206	-2.65892202803089	4.63230203391037
bang1354	1.01466230937232	2.11351172646777	-2.87958450573076	5.5412059593956
bang1363	-0.617441316593084	2.17685163613616	-5.01504943518591	3.65080961364418
bang1369	-0.80512421229297	2.15913652868193	-5.27825180059172	3.18280113512156
bant1281	-0.750811479216454	2.13212750889067	-5.17180069232983	3.23590967130151
bara1357	-0.589741889008327	2.11493034257234	-4.89638403723999	3.50359065581291
bara1369	1.43722044667848	1.9144233434145	-2.06935372829607	5.43440533879832
bara1380	-0.334163979547018	2.17000703464364	-4.70552023012038	3.97062096073839
bare1276	-0.342715391388408	2.19240313199141	-4.87073942816472	3.94481169221725
bare1279	0.124435104239531	1.80064789936537	-3.46789222799438	3.69522965205125
barg1252	-2.90225235912018	1.70600670173587	-6.59920479465388	0.160056838279282
bari1286	1.21940436115167	1.51527379035968	-1.63019042028072	4.39894266393713
baro1253	-0.96472257769193	1.38338627478167	-3.81983468080672	1.65121281517023
basa1282	0.469227183595532	2.02982323454675	-3.33547659710095	4.68726829136706
basq1248	-0.51287808106319	2.13895817813008	-4.83392197257077	3.53270382339772
bata1285	1.33967463293519	1.90365604387353	-2.16579534260399	5.43509554011457
bata1289	0.997303410816544	2.07492155876881	-2.70332577934061	5.48506120244145
bats1242	-0.334832879407596	2.30710600098696	-4.99321408174232	4.20533432268088
baur1253	-0.0444480633091031	2.24356075918815	-4.52396382372925	4.3309684967781
bawm1236	-0.790202946835223	2.14028447334621	-5.17411237839166	3.34836813546322
bayb1234	-0.342435297465159	1.83530186111647	-4.07284931320441	3.11446768428958
bebe1248	1.1073978655488	1.86923600770857	-2.39673911176275	5.02761008240464
beja1238	-0.871693411751258	2.06750623697834	-5.3535545580014	2.91130088287999
beka1241	1.09153158839964	2.01185027520167	-2.62457951954541	5.30563699367292
bekw1241	0.978401702742508	1.88966934778172	-2.56978951537415	4.96403971591652
bela1254	-0.109387190399327	2.1811916772742	-4.57911148896232	4.10987646228279
bela1256	1.29920924806981	2.02822497476468	-2.50289109129636	5.56018103380094
beli1257	1.09030296728523	2.04866125838778	-2.69109559160305	5.43641279502302
bell1243	3.88951787223592	2.20708914113895	0.0048451693015303	8.5135591800491
belu1239	0.391160266681883	1.79091507585471	-2.96952537100542	4.16535493322317
bemb1257	-1.45758383685498	1.95333824739453	-5.53362818938269	2.09272051142334
benc1235	-2.24165400614512	2.08856396764531	-6.67761236890838	1.57232398304145
beng1282	1.34454869199365	1.9439435196032	-2.1840431040773	5.4716996539287
bent1238	-0.0415306707831839	2.01517333313527	-4.13528119207637	4.00201781833008
bert1248	0.810954335286392	2.14871578677454	-3.16632548199903	5.32333165760128
bezh1248	-0.334916583624641	2.2912568565596	-4.98083907716482	4.05262495810681
bhoj1244	-0.513875447245873	2.148089208953	-4.93479564511068	3.53242416783234
biao1253	-1.53952139978783	1.95875056134655	-5.66196961410438	2.18294488119606
biao1254	-0.199910024750337	2.08389120626986	-4.44874478945741	3.83871328550012
biao1256	-1.12733525802597	2.02791564825658	-5.45686094811485	2.6337383087067
bidy1244	0.51871507229767	1.90999123584814	-3.12527222900731	4.42198764373881
bier1244	2.08621572367505	1.39437475981387	-0.523745418448659	4.91752834483419
bign1238	0.970457880519048	1.29886377222759	-1.51147228794782	3.56044250921399
biha1246	1.66683155792419	1.83317012407448	-1.64532381368536	5.59790410197034
bilb1241	-2.76420654934905	1.58848550072634	-6.15754646205526	0.113003257849579
bili1260	-1.24425742206562	2.03600217120914	-5.47722327907865	2.48376497317595
bimi1240	-0.733784800719009	2.116353930303	-5.05479423955419	3.29167994141528
bina1277	-2.60240251639407	2.09564877748424	-7.0084649447671	1.24592792202532
bini1246	0.228583897963378	1.95049128460191	-3.50466889838133	4.31321958974083
bira1253	-1.69246565457213	1.85186711843739	-5.65983867146133	1.61994293652023
birr1240	1.15286041764114	1.91944958746322	-2.31078333754751	5.33750847476902
bisu1244	0.178050727500881	2.05553802317447	-3.87647398482455	4.25204847579002
bitt1240	0.168551235827176	1.69402179241268	-3.0429424758657	3.71607016329472
biwa1243	-0.9643617466324	1.89518848841099	-4.81105312527085	2.69091265996944
blab1237	0.116208624267884	1.47202870752018	-2.79342112720266	3.04638311406279
bodo1267	-1.16739383171631	1.95706168098177	-5.33913013977409	2.41892071182909
bodo1272	0.760323251538298	1.97608186400933	-2.90248702673897	4.92800724739693
bola1250	-0.235415847433288	1.51905381354356	-3.32582607303155	2.73518994639421
bolg1251	0.650450276294351	1.85062148774532	-2.85820898708923	4.40328954675246
boli1256	-1.63593560658188	1.91671060780034	-5.64324310219104	1.87817732296766
bolo1262	1.50134954437702	1.98460836039169	-2.13218133677964	5.71260969507661
boly1239	0.722430661462063	1.96370723695622	-2.87044368830221	4.86379837572766
bomb1262	1.66536962137862	1.92857304942817	-1.8424072777531	5.75435492951876
bomk1234	1.20430959575956	1.91612704444431	-2.36461721326837	5.29759355584947
bona1250	-0.180574601321824	2.06846043981313	-4.35937523558521	3.81221977707833
bond1245	-1.35030038609816	2.00095898315001	-5.62970562701719	2.29892514115733
bond1247	-0.682016832103489	1.65908972664128	-3.98321713461278	2.58054274505202
bong1284	1.21983762486035	2.02437412956176	-2.47845878073434	5.51957210613695
bong1285	1.63627939115959	1.965222538122	-1.9024444250125	5.80329036285647
bong1289	0.511242881125797	1.82544947821213	-2.93559265747197	4.21589946604549
bora1263	-0.24145569688214	2.22998170898742	-4.70527222456846	4.06190135307286
bord1248	-0.134814072596188	2.26671009143186	-4.72399062176082	4.26108993061384
bori1243	-0.813755895514002	2.17072063500552	-5.31062906394838	3.27788011509735
boro1277	0.576461299999095	2.10334848495842	-3.50586009229297	4.91704282190165
boro1282	-0.130195801023499	2.25925985633477	-4.70077063634496	4.29506786773437
boto1242	-1.99140599261752	1.89451265029203	-6.04281216052934	1.4441039807008
boun1243	0.0831821509500276	1.90242053939259	-3.61747196129127	3.91532267199296
boun1245	-0.406639640475298	1.92670579573272	-4.33424622557328	3.31258195264021
brah1256	-0.0589678772998974	2.1900045756212	-4.43462898405681	4.17631949983712
bret1244	2.68230874940853	2.0556534023154	-1.13780979951175	6.933983178645
brib1243	-0.281726461794747	2.18028937455356	-4.69204253781272	3.95804579285452
budu1248	-0.17559558590161	2.24673599433396	-4.72671021443873	4.26733158599569
budu1265	2.07930218560897	1.85320931539738	-1.29276570908239	5.9684763729757
budz1238	-0.226798769729441	1.87220955774624	-3.76618752478375	3.54496678085827
buga1247	0.412862588837717	1.8859944060416	-3.16831484309875	4.28164691349963
buga1250	-0.314883058225796	1.41231046397191	-3.0990415179325	2.42268845472088
bugh1239	0.51449144348638	1.5187060878166	-2.44698339417651	3.55057859341296
bugi1244	-1.9680670706074	1.93018063977092	-6.07980402486407	1.57785562734641
bugl1243	-0.132535971824519	2.19700113764813	-4.5098715565546	4.13481270980271
buhu1237	-1.4181517159394	1.55518230375387	-4.52007566747109	1.59017751438977
bujh1238	-0.589059235629295	2.09391235457642	-4.8109703536896	3.3508606353961
buku1249	1.20208564792244	2.01236941939919	-2.52069051532433	5.49525125831976
bull1247	0.65369320860585	1.848170210316	-2.77199677576936	4.59440464509848
bulo1242	1.32224602442481	2.03130974057795	-2.37070164305407	5.56762461511869
bumt1240	-0.774041528868454	2.18152867963948	-5.30367168546726	3.46426689512544
buna1276	-2.04978493459278	1.70722379483926	-5.64768741423669	1.14496605736113
bund1253	-0.169440785970839	2.16506771029472	-4.46728135820933	4.03159561701711
buol1237	1.58107339486512	1.94994914239084	-1.91664696431198	5.77216544179346
bura1292	2.90332158790988	1.81787096700761	-0.351614493791776	6.83660368675582
bure1242	0.200723033976575	1.63203490617749	-3.08069415708698	3.41653741305509
burj1242	-1.00252526875744	2.07437465227252	-5.37953956225179	2.91557375007155
buru1296	-0.304843495090814	2.21937045418103	-4.78750430359596	3.91716198176563
buru1320	1.73968420989356	1.81949684918796	-1.57581267500119	5.52668956161067
busa1253	1.48437579429306	1.89784512470076	-1.98680190891888	5.59213774179955
bush1247	0.619236713325551	2.03722263101822	-3.21483997885063	4.91046404705196
buwa1243	1.57839230584246	1.5376450881694	-1.30897112275108	4.77413164471961
bwai1242	-3.42759374797654	1.65917309605089	-7.01965905951963	-0.456043942426026
bwat1240	1.80377361118051	1.67692806572779	-1.20742720358881	5.43010576734064
byan1241	-0.15970039210707	2.19118966833989	-4.59306855963535	4.21307909462086
caac1237	-0.211991078487198	1.57530109647339	-3.29710751296971	2.86650356509322
cabe1245	-0.248579497336874	2.17063072659962	-4.67415134132344	3.95844678854735
cahu1264	-0.124869678022365	2.24626587431045	-4.70949285945522	4.26048644233538
cakf1236	1.09463634307067	1.63256360472067	-1.97065432203417	4.46571227141703
cald1236	-0.217779157260923	2.24339062684566	-4.74478167932075	4.2521679173988
camp1261	-0.151472837863974	2.1887715798835	-4.72415802918552	4.00141351335557
cams1241	-0.210955053653388	2.22113881912302	-4.70531362790549	4.00085971563808
cane1242	-0.0540584660991143	2.2427466745654	-4.62738494387479	4.37843908499284
caom1238	1.366373912016	2.04619424587223	-2.411569390579	5.70372465626235
capa1241	-0.137156512769605	2.23133457037728	-4.61505723400403	4.29037287985367
carn1240	-1.42776025317158	1.95278364412137	-5.47871706824732	2.10736319844417
caro1242	0.616462961177357	1.91605412779702	-2.94342782286533	4.6725070094502
cash1251	-0.21582660303045	2.19695863630017	-4.60139753944591	4.09294968124185
casi1235	0.196396119809622	1.61824555154056	-2.99923814211388	3.46717675472349
cavi1250	-0.0793225261118811	2.23307567344498	-4.6243108755426	4.38594113632116
cayu1262	0.0200365634890033	2.15628759233997	-4.37817321748471	4.27877870454114
cemu1238	1.24689089650368	1.70537955392221	-1.96729660839453	4.68888269480397
cent1989	1.21987485384489	2.05846913857412	-2.62071615644666	5.57044937032216
cent1990	-1.43225552705652	2.02416091050405	-5.74214622703811	2.28558707939268
cent1992	1.24624069200924	1.89047113616785	-2.37148675748683	5.21522989557775
cent2004	3.57406936668623	2.13552482118091	-0.316784243073064	8.11086819154056
cent2050	1.72667556309965	1.75860428020968	-1.6067718485149	5.34209647811528
cent2058	0.822706447670254	1.4863149202091	-2.08255207753717	3.83564836143151
cent2084	0.415011198838393	1.58305925742918	-2.70072561565232	3.60191931346798
cent2087	-1.126023380809	1.94416174570322	-5.35733323223258	2.44770131383579
cent2090	-1.70169373159732	1.84843591260732	-5.6593575482952	1.59724860948778
cent2100	-1.07618426507269	1.5925761765953	-4.33067261263149	1.96854684401874
cent2126	-0.162765180683843	2.19730402904041	-4.6012079409224	4.14340391293265
cent2127	-0.108590301302306	2.19310319666939	-4.49685230656991	4.23842077737674
cent2131	-0.108225788614102	2.19087259529497	-4.44089142202747	4.2627994795707
cent2140	-0.354514757377034	2.14540851032633	-4.64023204752007	3.86907200915262
cent2142	-0.12204453096152	2.23115978909972	-4.53456872673594	4.14196135202431
cent2150	-0.0153598895458093	2.28040295238435	-4.52571726680551	4.38180482407248
cent2292	-0.394932335454719	1.52072598635344	-3.37998023597356	2.6638574504729
cent2314	1.10763487493497	2.00002410546792	-2.68321241843665	5.39534797114186
cent2322	0.0168756497197113	2.28158005206059	-4.37643194737912	4.63263774874781
chac1251	0.175181405421533	2.13424855477922	-4.06406318270908	4.37658434506871
chad1249	2.70291257273247	1.93567600917041	-0.784537361529589	6.82713774469931
chak1270	-0.459873530387131	2.19219101595675	-5.21191747745729	3.77934728055661
chak1271	-2.58374550715873	1.90952098067282	-6.74407395097639	0.856220768606122
chal1275	-1.08750140621832	2.03126784989094	-5.35733356581035	2.7728853087534
cham1309	-0.311408211498484	2.27661507268265	-5.03150890670339	4.31392586802607
cham1312	-0.819829365438126	1.89714671926108	-4.75175681667281	2.70856721932264
chan1313	-0.861431530649256	2.1382728776223	-5.25934894055114	3.17085144908257
char1269	-1.95342864969415	2.10804421677216	-6.37117487771963	1.96682720524375
chas1234	1.79069692917509	2.02232243113905	-1.99134620104003	5.95427954197546
chec1245	-0.291333178483423	2.23768189411187	-4.86166293044253	4.06066407789692
chek1238	0.106313329437754	1.47241173287019	-2.77283553749096	3.0155629926876
chen1255	-0.0883087513255852	2.16470707960855	-4.48107130472484	4.09454513147503
chep1245	-0.636972122284956	2.08553403689171	-4.96319531810895	3.28276468806161
cher1273	-0.145191706193092	2.15865741667785	-4.42598982218135	4.08936690226815
chey1247	-0.154077065072328	2.20125419390802	-4.61757586113887	4.22971856413064
chhi1245	-0.757320144388527	2.1349927893653	-5.27113567250581	3.2985686923832
chil1280	0.431358681336624	2.11272909089081	-3.71222143179741	4.64270624122469
chim1302	-0.159424238835563	2.2218642425071	-4.57060921536641	4.20870693453032
chim1309	0.31929596750938	2.24110651182153	-3.9971505065305	4.84733537299164
chin1286	-0.308779973864599	2.16757400758524	-4.61652805366994	3.93313911473001
chip1241	-0.109765570552895	2.19944454859451	-4.52167873976609	4.24222518288784
chip1261	-0.17408609112959	2.17396034270609	-4.68644620603722	3.99117720935675
chiq1248	-0.133531994194306	2.2339435315496	-4.48065818683937	4.27434846964649
choc1276	-0.302407182376686	2.22282410421134	-4.8882974395444	4.00975810109252
chon1284	1.18109127872437	1.99642495750346	-2.55554276924768	5.3614637081238
chot1239	-1.00385056834327	2.11313537471445	-5.36768266262686	2.96906981686516
chra1242	1.1179835446321	2.08747205158958	-2.72080275750182	5.62155945192923
chug1252	-0.966849861550493	2.10032430706227	-5.26542898833834	2.99006590467197
chuj1250	3.18957314155164	2.04043830989397	-0.569784344679423	7.44561808082001
chuk1273	-0.137736827505177	2.27215528317392	-4.64836523133378	4.25805214466794
chuu1238	-1.47783411308341	1.87209385068931	-5.4214664761286	2.00734191502344
chuv1255	-0.0590253975622527	2.22851437211329	-4.46024897761329	4.29226488439996
chuw1238	-1.42599479232346	1.87073855621263	-5.40107496638899	1.91354438455753
cici1237	0.900624929613783	2.06997416780694	-2.99142175860647	5.22181256845753
coat1243	2.21335978652218	2.07363787597385	-1.65771431999426	6.67139594419828
coca1259	-0.183453439213606	2.2159120737017	-4.62815257033441	4.14986138315155
cogu1240	0.555794997623571	2.18876315292531	-3.8710400585712	4.79263951436494
colo1256	-0.182250128286062	2.20816583336538	-4.71741832175174	4.10910866820885
colu1241	-0.408829404056174	2.15413915998414	-4.76704112859928	3.81395405870626
coma1245	-0.0921143572574841	2.26527577017135	-4.70280660853686	4.3143816506864
como1259	0.165407380162353	2.13646159576778	-4.03858575426964	4.37492435242505
cong1236	0.607993211848034	1.89430137998061	-2.84617778124336	4.63212580977759
copa1237	1.69692630667242	1.91332028953687	-1.86935309867516	5.53632055647092
cori1240	0.250791117235498	1.78130270477221	-3.06574273274892	3.89315899143415
cors1241	-0.419100848612014	2.07861383067594	-4.77002337000636	3.59226708126824
cosa1234	-0.541951476572152	1.75213389733016	-4.0944220722402	2.90409326631954
cota1241	-1.44321257807464	1.73521748960097	-5.17509473129485	1.75677386617473
cree1270	-0.251317955923714	2.12729433184215	-4.53567078386349	3.86416671502772
crim1257	-0.0545485559370511	2.16823692456442	-4.39054999876407	4.17082420595339
cros1244	-0.471110523596602	1.75843047530648	-4.0887558367814	3.01668750395882
crow1244	-0.175246984783059	2.22143857135556	-4.74696809231299	4.12884651986784
cube1242	-0.290250320939439	2.27590723433501	-4.79822312100529	4.16182069334714
culi1244	-0.190305273844671	2.24350435630848	-4.76642206445564	4.16335183633901
cusc1236	-0.0913905224539836	2.26173375600283	-4.66978039897101	4.41586365716904
czec1258	-0.342622106181767	2.14409840557547	-4.6918951231389	3.85271988628453
daai1236	-0.107941077186428	2.10455367963595	-4.33887295905445	3.87037010270083
daas1238	-0.641015907266078	1.774835213421	-4.26589580345297	2.8343914800427
dadi1250	-0.0834322580736087	1.96010956835172	-3.84588258370025	3.83902093135308
dagb1246	-0.608585023854282	1.83508006290233	-4.26924057496216	2.95552099518284
dagi1241	1.46877909985872	2.23488711384599	-2.74266986778586	6.15837675520972
daka1243	1.71674580048355	1.32003435389619	-0.774137801528533	4.42216247826194
damp1237	1.80816936368489	1.99252358669858	-1.72142040376427	6.1276902073465
dana1252	3.34011561560171	2.08853299951071	-0.304947253069499	7.85182809989585
dand1238	-0.51345044411687	2.17315396481426	-4.88395748544646	3.65286212190422
dani1285	-0.1435879021787	2.14132869311643	-4.40722797569905	3.98272934035223
dara1250	-0.553690958717854	2.10255927501828	-4.80433016032065	3.52229128297608
darg1241	-0.272435840289453	2.28996149416561	-4.90527120401109	4.18322645904839
darl1243	-0.065624626559051	2.23734356112444	-4.59192801374207	4.31315829133881
darm1243	-0.161251490386882	2.20201526754741	-4.60041600920928	4.17834161248005
daur1238	-0.0315060211979722	2.22433996699057	-4.5908624006174	4.47089717933498
dawr1236	-1.8611708363732	2.14630767964211	-6.39295451341682	2.22894792005243
daww1239	-0.251000183816752	2.17255890749534	-4.67118981194301	4.01199833076576
daza1242	-0.538517265795086	2.00915023035971	-4.60061691656825	3.37880082798054
dege1246	0.900437480976216	1.93825708038145	-2.72288984351204	5.04774397627404
dera1248	2.99248433895865	1.78650810153516	-0.191589805381051	6.8470649530701
desa1247	-0.384715326585531	2.16881340102895	-4.78599320099571	3.99840957049937
dhao1237	1.17102027877912	1.88464329702023	-2.28294833891011	5.13642160135799
dhar1247	-0.0339813009632315	2.22990384495536	-4.57001807472775	4.3012451061587
dhim1246	-0.79697071329834	2.14597039200688	-5.28357551426209	3.34598452217637
dhuw1249	-0.196314973506736	2.2112251344191	-4.71371913406192	4.12789661275951
dibo1245	1.34588858859597	1.97336329664886	-2.26650364016425	5.55936848993875
dido1241	-0.334801661943006	2.30462030755417	-5.06598208053906	4.23330879901544
dier1241	-0.170659599461953	2.15464586782356	-4.52194178907578	4.02786503268219
diga1241	-0.486188201294114	2.14909360433078	-4.99721835785183	3.58419796710351
digo1243	-1.53924215214725	1.75211024321759	-5.10774474682133	1.67716295827921
dima1251	-1.85678084137024	2.09998145640386	-6.26940387927226	2.03965019189463
djam1255	0.0375017122192899	2.19934278645997	-4.3636177277922	4.42166557617952
djee1236	-0.493066607114921	2.15774851664318	-4.75631141309401	3.78858579934634
djeo1235	0.901102205750753	2.1957404662588	-3.3530916259683	5.32702600621859
djin1251	-0.189598887604679	2.19252281020015	-4.7461368984918	4.13238940188265
djin1253	-0.363469596158313	2.23784652876513	-4.83288303328078	3.92499371877002
dobe1238	1.09095946052406	1.9491455951039	-2.5255454831737	5.15906383014823
dobu1241	-2.79533441466608	1.61957220548541	-6.24903246057848	0.0919242160099611
doma1260	-0.305734424967504	2.22120326566626	-4.92062790100467	3.94980351346294
domm1246	0.24634923142052	1.83377902972363	-3.37911423544059	4.00010767132917
dong1285	-0.161876855772657	2.19751756493695	-4.71936967037172	4.18156873751347
doro1266	-3.64206889429327	1.92062176000935	-7.8263992583929	-0.280664780797933
drun1238	0.10819686368673	2.14982481784291	-4.17847304802225	4.34940243959037
dual1243	-2.20207434540475	1.69152032316778	-5.74332038381804	0.85570177340187
dumb1241	-0.144882493105621	1.64866801559323	-3.48071526500529	3.00886191900938
dumi1241	-0.723502861449597	2.11104120358498	-5.07588928910425	3.34799224470721
dupa1235	-0.262726962736021	1.60576188516406	-3.45254930947544	2.8959968545011
duru1236	-1.02252479770658	2.13978547862823	-5.48724255283689	2.97716097842069
dusn1237	0.498931041836015	1.6779202238604	-2.71901169297867	3.99284207695047
dutc1256	-0.170389573557816	2.14961046900822	-4.47450611627099	3.94133694019075
dyir1250	-0.267998511762388	2.20278153906049	-4.80525131040877	3.95966709678705
dzao1238	-0.691730987735734	2.11533555709147	-5.01364778661269	3.42872244048841
dzon1239	-0.738136630407533	2.17362721900014	-5.26040898514049	3.39649580844926
east2328	-0.032097732229879	2.22499025317212	-4.5583901771097	4.39097624508682
east2332	1.12918719035803	2.04241871059059	-2.57433138814963	5.46747334004062
east2342	1.83156418711672	1.82254507629124	-1.62578079944895	5.5808654515143
east2379	-0.143366764369533	2.11484193536107	-4.49581431902958	3.94437233113229
east2443	1.13789996368606	1.47838568401804	-1.63047652695925	4.07576710327391
east2485	1.69644531427832	1.8923609358979	-1.75216205923862	5.74904413117292
east2516	-0.146192717399564	1.96892603286731	-4.08363747506513	3.82158507856262
east2555	-0.0668525757551115	2.2469442692687	-4.63736923405396	4.42190145761724
east2556	-0.525679302347709	1.90736208470433	-4.37244130425562	3.11298657229355
east2690	-0.299991219909947	1.93773475814198	-4.36701092350245	3.32571228875738
east2773	-0.717639148395339	2.13434934427819	-5.26176057833972	3.29194015135285
east2782	0.827809169763013	2.09266071084221	-3.11760713795699	5.33581604174976
egyp1253	-0.512947638229209	2.10915135030373	-4.88951265883307	3.49316803830376
eipo1242	-0.579335331147581	2.14396416471095	-4.91129516845753	3.57527401200767
ekar1243	-0.682749335351178	2.08043107565924	-4.97671419678668	3.26526669274261
elem1253	0.899503617246339	1.81732957563082	-2.40917205372386	4.7158991510997
elip1238	1.42951639935363	1.66142185250713	-1.56661102682438	4.88684232324573
emae1237	1.49330796977832	1.49437611935393	-1.28614939563099	4.47581310955377
emai1241	-0.320062735932377	1.81780257284816	-3.94724327050867	3.32891553583747
embe1260	-0.117636755805871	2.22638359510805	-4.58279129100394	4.3627450584033
embe1262	-0.0930251511858709	2.22134314397393	-4.52978657863954	4.29531768989304
enap1235	-0.107486819940003	2.20154808255023	-4.52303075758893	4.30036044090076
enuu1235	-1.64511168266709	1.90197840934915	-5.65062347519834	1.89530645813847
epen1239	-0.114122555175242	2.23728186453704	-4.63159927542687	4.23302303718585
ersu1241	-0.207706543557677	2.1575808052314	-4.62928366358308	4.05967797503603
erzy1239	-0.058373782168293	2.25539823917672	-4.58863450514539	4.39637767306395
esan1238	0.314534259294483	2.0307529419066	-3.51571609429867	4.64333657069868
esee1247	-3.24158730095545	2.04444972544868	-7.67237712762613	0.373602254955847
esee1248	0.0543169700851518	2.17821430320065	-4.31825892863999	4.35015029754593
esim1238	1.8351768647218	1.80232153079694	-1.41521561210481	5.62500938183337
esto1258	-0.0855728007815684	2.22078042250172	-4.53445677129482	4.21379623962256
eton1253	1.35599544033374	1.75164813247206	-1.84972472404696	5.10637680714181
even1259	-0.069684036395039	2.28275565406042	-4.51100257784023	4.45228651024692
even1260	-0.0395748764187063	2.21645264347118	-4.46692406051376	4.5521559174941
ewee1241	0.832488431798787	1.86936286137898	-2.69577747069667	4.81936840007163
fait1240	-1.47474553650623	1.68673154408027	-4.87059299973794	1.74968332757047
fare1241	-2.15528098710033	1.87265882685407	-6.09914554238032	1.33057783761074
faro1244	-0.120254689569156	2.18415004758609	-4.46505706632541	4.11000314397487
fass1245	0.379374582045174	1.83753346341956	-3.16507671167626	4.17419136815273
fasu1242	-0.0506440143358823	1.9583588513355	-3.98904756741324	3.88871120039318
fiji1243	1.13404979979872	1.89979831757394	-2.37475800620327	5.19310441609189
fili1244	0.38003816545502	1.59941236067687	-2.80179364685745	3.56933685754343
fina1242	-0.287356345128593	1.49176109019384	-3.21599215687863	2.67714313143561
finn1318	0.017536709816833	2.27654640684452	-4.44581853780527	4.57985663860462
fipa1238	1.023597975095	1.91276761545754	-2.58688156477308	5.08713252016509
fonn1241	0.965875615971436	1.90191699442334	-2.60586998257446	4.92041715685639
fore1265	0.00332190148549532	2.28134850078842	-4.49329067823298	4.53173186426645
fran1266	0.58165702464092	2.19212025011824	-3.81155161760938	5.10951004046003
fuln1247	-0.119064674019997	2.22578122743021	-4.6115254491326	4.21227623651079
furr1244	-0.474983356068017	2.20443003878701	-4.93680726794009	3.8254218681035
furu1242	1.59976454326587	1.8632217927766	-1.72611186461197	5.64236780112944
futu1245	1.18443632057918	1.86295994311525	-2.22991996708223	5.0925945986788
fuyu1242	-3.15335765647661	1.96867475773517	-7.38649362810226	0.422680567315214
gaaa1245	1.06798415300635	1.64315569067665	-2.07016441609852	4.43781722366433
gaam1241	0.97548846388104	2.18772417338085	-3.16110035052694	5.57697739491605
gaan1243	2.84432082744897	1.81411415609247	-0.423018101358346	6.71665170757177
gade1242	0.777770784372008	1.95089290263978	-2.94130785092892	4.92202936743256
gaga1249	-0.0722749608730166	2.24835313814253	-4.40152251054641	4.37725889636477
gahr1239	-0.104627424939685	2.16551558982183	-4.39537952388017	4.08493089084615
gale1259	-0.742876258852718	2.03916941191112	-4.91224776816426	3.16707669982751
gali1258	-0.181960744294315	2.14642372923036	-4.63243156936035	3.99686470355946
gali1262	-0.186160471981606	2.1672723738898	-4.64730796236479	4.08499693919088
galo1242	-0.726515814219515	2.16514929611195	-5.24011127585008	3.36599545383516
gami1243	-0.0909042317629454	2.17798786847134	-4.42826047281291	4.295097531992
gamo1243	-1.78328334237065	2.11303592352254	-6.16600648614786	2.14305557354599
gand1255	0.754349240481952	1.96509991428417	-2.90452735553491	4.85870256130593
gant1244	-1.39915911130843	1.83520997021198	-5.25185463003165	2.00968854416821
gapa1238	-3.29632319225815	1.72633237363471	-6.9234440319007	-0.16181399818698
gata1239	-1.28155169238996	1.98429556105115	-5.59591780449475	2.23587166670034
gayo1244	1.17925246915613	1.94725507905569	-2.381298962049	5.21924942401669
gbay1278	-0.189596725914974	1.67427965227688	-3.5930898419021	3.09242053920991
gbay1288	1.03599706066381	2.21742965833261	-3.19566154657298	5.65321933866685
geba1237	4.15411268801982	2.08230439451222	0.454857492730803	8.67845019196655
gebe1237	-0.891130906792363	1.79140209488608	-4.6135199734703	2.55423151191486
geda1237	-2.84987399888716	1.59925636006349	-6.20712646128971	0.0442009362824317
gela1263	1.52009544656144	1.69844996736909	-1.64870251257559	5.17205550430482
gese1240	1.04206930662757	1.94678644734788	-2.57792738273691	5.05606537758177
ghad1239	1.09441856336012	1.96655045132398	-2.6424212214883	5.33733979430981
ghan1242	1.64611307432574	1.82813576576885	-1.71753627250675	5.6068553365649
ghar1239	1.24684410922011	1.73912344797116	-1.99120356997111	4.91772410676889
gheg1238	-0.436655423495179	2.07866135014529	-4.67199390543869	3.50331357278714
ghod1238	-0.297668262409221	2.23758535500373	-4.81233764645469	4.14883229017664
ghom1257	1.04832769685946	1.94001686226749	-2.6043063856364	5.21413759147424
gida1247	2.74068398494203	1.83986354735907	-0.518592302418437	6.70422610397241
gilb1244	0.764128475409018	1.95234081126606	-2.74973707645067	4.91615140198082
gily1242	-0.227105298569847	2.27783461404014	-4.78611188672344	4.15660085436643
gira1247	-2.29770503719677	1.62878365181878	-5.7124527774089	0.730195087289969
glav1244	0.627067867337882	1.45167180295895	-2.17088753468535	3.5932899841355
gobu1238	1.67443829972271	1.91665812367823	-1.76731649853314	5.75727099302705
goem1240	2.20750661209671	1.83412267259753	-1.17088451134581	6.14651711707208
gofa1235	-1.83707845384627	2.14428041266406	-6.3637003592509	2.20968282087121
gogo1265	-0.6864282760846	2.11278275022781	-5.09848036332247	3.42525919186069
gola1255	-1.10889963327223	1.83264875993951	-4.94304903292911	2.33277098159479
guah1255	-0.219316727009327	2.16741766103436	-4.73813057931773	4.01412642940258
guan1266	-0.318324720188257	2.12175328689397	-4.65122785143657	3.78916895586802
guan1269	-0.350085063864564	2.22632112493514	-4.86374168869717	4.01744039374125
guat1253	-0.14466962039867	2.29011254116347	-4.73318262689547	4.33492865056281
gube1234	0.783966483617271	1.95071114649366	-2.83303921542178	4.77701667336527
guer1243	1.16886373943143	1.90383491297658	-2.53105068829704	5.17036529859917
gugu1255	-0.0639081161035434	2.10562859994196	-4.29577898557456	4.06022696295042
guhu1244	-2.17653531672948	1.84934552287428	-6.08589594823379	1.196419858956
guiq1238	-0.263604808512568	2.18769378674092	-4.75885323342567	4.07434726026726
gulf1241	-0.774681800415251	2.07708510596017	-5.2702640009991	3.1367011939448
guma1254	-2.63461922658152	1.57277603369347	-5.95670792793902	0.183383574830801
gumu1244	0.455185615030534	2.15219149226944	-3.78374061149079	4.83131827902672
gunw1252	-0.487577795706098	2.18136994593548	-5.00700552817055	3.76541315810507
guny1241	-0.085992305619616	2.21120529307732	-4.47435013147093	4.3734881713475
gura1251	-1.09776174808451	1.99983191599553	-5.3523149074931	2.62773093467769
guru1261	-0.742592041957244	2.13667260436096	-5.27324798207594	3.20427390430399
guru1271	1.61963995662776	1.7415494422602	-1.57199274011699	5.17334995230369
gusi1247	-0.593203907450631	1.67569858815266	-3.92966700285156	2.7373797892391
gyel1242	1.10151510485157	1.89203693990323	-2.39865694469781	5.12593395864081
haaa1252	-2.19880786078433	1.87908828214307	-6.18068860966396	1.23700608944841
hadi1240	-1.70376253967513	1.99553487199653	-6.01225140427062	1.88461668632385
hadz1240	-0.218447579480562	1.77038821746254	-3.73178691447738	3.30335833720431
haka1240	-0.989355118510578	2.0858999272544	-5.22119248092013	3.02123684357669
hala1252	-0.885178367351472	1.78375237457504	-4.54622238170143	2.53701118018157
halh1238	-0.0227136658838115	2.27229163067342	-4.54678156652295	4.58651911841611
hali1244	1.09307952149215	1.64508172574626	-2.02735968264831	4.55590257990182
halk1245	-0.441640046809204	2.12619671613542	-4.72372037051304	3.72724116910229
hame1242	-1.28003422697825	1.752401922406	-4.92858309165651	1.95941481052619
hang1263	-0.10464149049196	1.93565215845028	-3.97136621397391	3.7550972821064
hani1248	-0.588977652729702	2.07207588254047	-4.85337942807374	3.35794953167642
hano1246	1.36382815423677	1.51149008499207	-1.51360048180152	4.4835355801233
haru1245	-1.2976177334083	1.90959416185961	-5.2748391420816	2.29332039573877
hass1238	-0.461433550439837	2.06373937088362	-4.79232792378341	3.48645236580154
haus1257	-1.40135443640724	1.83429589891629	-5.30168432268778	2.02385922600325
hava1248	-0.298732428559357	2.17549615867336	-4.77449334230155	3.93812795406301
hawa1245	-1.61199197565739	1.87338921650745	-5.60135895031033	1.88773524685495
hdii1240	0.676149776295994	1.45578837641995	-2.23731049781721	3.63731968884383
hebr1245	1.6996346753728	1.96302769299522	-1.90622994295	5.88116950718282
hehe1240	0.386829103976405	1.8471865834061	-3.17460527102127	4.21236596491294
heil1246	3.70549639904784	2.23381959579046	-0.176119222633861	8.58686274954947
hela1238	-0.670825830915891	2.08296334267108	-4.99092709427761	3.25619188629733
here1253	0.696459604688606	1.99082907664997	-3.0298138191254	4.87009799655535
hida1246	-0.124261757967096	2.22586887779714	-4.51499709234498	4.19365294989518
hind1269	-0.131485682054629	2.20797362787026	-4.64381841386776	4.20462320340161
hixk1239	-0.0934727300998022	2.21005330343584	-4.51943835779376	4.20853853119224
hoaa1235	1.57771844707864	2.01610353561685	-2.13951096303508	5.8020759638758
hoav1238	2.08803385485996	1.73247831989316	-1.02975722506555	5.82165956597221
holo1240	-1.67643033547427	1.93550584467457	-5.77717348373359	1.89295683543807
hone1235	2.19130158110555	1.87004306448594	-1.18230022961535	6.10268469198919
honi1244	-1.32309884353204	1.96983514240005	-5.43200184550262	2.34144193884378
hooo1248	-1.0910278029559	2.07313220795277	-5.43149192295778	2.7029196228816
hopi1249	-0.268651509243541	2.28245311462784	-4.84264828437557	4.21397358637096
horp1239	-0.313091048258499	2.12905295971191	-4.63901947140512	3.82410544603758
hote1245	-0.476336439270275	1.3035266204194	-3.00902940169788	2.09297429215437
hozo1236	0.0728627974058917	2.16498307457245	-4.22808596731304	4.42132324837854
huaa1248	1.0076332628724	2.25807387911248	-3.31684882311129	5.54778864012069
hual1241	-0.243424278781215	2.21023179026317	-4.72446217285879	3.98314098442901
huam1247	-0.188832567784166	2.22514602958711	-4.70303677844338	4.22764091395971
huar1255	-0.143056340042255	2.13801918149084	-4.3181052191202	3.96797754091903
huas1242	-0.436268203964432	2.01508331333576	-4.50658859302874	3.46425935783746
huba1236	2.34109953313412	1.74065184273783	-0.839879124919306	5.96774047484363
huic1243	-0.181291444438481	2.17916672115826	-4.63858417505925	4.10209180420699
hula1239	-3.49119463046044	1.87863849506821	-7.65564677865197	-0.223373627518197
hula1244	-0.364277791240335	2.09947146726079	-4.73743330435647	3.75080551137591
huli1244	-0.457465609970097	2.03173249341595	-4.5414582761477	3.43862452501309
humb1243	0.505985978201566	2.12193615214012	-3.59688162526552	4.7978106336998
hung1274	-0.0336138813548743	2.27187316265877	-4.67629597692677	4.39490573110739
hung1275	1.02686416130849	2.06654840639776	-2.80238136070107	5.36333188882446
hunz1247	-0.330965391219151	2.29417320054701	-5.00719739565966	4.10050119557692
hupd1244	-0.393847481959617	2.1998619943658	-4.84955393119297	3.81555526353561
huuu1240	-1.21300443885075	1.57209488144491	-4.34345486653505	1.83350016622822
hyam1245	0.343049099779624	1.81360490071517	-3.09264435940341	4.050121722642
iaai1238	1.53938928411679	1.80541839973565	-1.71304794820838	5.33293914677951
iama1237	-3.16957511488466	1.5991846885668	-6.60345111061227	-0.361632431881976
iatm1242	-0.570949108138848	1.96865671388105	-4.49234706137259	3.32589993508146
ibal1244	-1.51371407733345	1.68352792667716	-5.01011715972229	1.54685758828506
iban1264	1.06081036955221	2.03074718849532	-2.75762380802795	5.34944118322008
iban1267	-0.18795265500674	1.55765694433956	-3.33762898597135	2.83115752374273
ibat1238	-0.480631013472924	1.83678657848231	-4.26461311578366	2.99280125720813
ibib1240	0.14712828535062	1.79352471398659	-3.31015453956783	3.77825412542615
icel1247	-0.118982683919612	2.14272085529327	-4.43495722035063	4.0663662067495
idii1243	-0.660603532261273	2.16745208696738	-5.13264216439387	3.45511891303778
idum1241	-0.44023099991822	2.17662102465091	-4.83403117101187	3.82176928916547
idun1242	-3.34470940486002	1.71973292571196	-7.05091954820961	-0.259957083979712
ikkk1242	0.835058312609619	2.17551428656085	-3.29985529587808	5.33484574853376
ilaa1246	-1.79395236480181	1.89458475835481	-5.78236351889449	1.70939220919563
iliu1237	0.848661911937339	1.87335287380938	-2.58155774816529	4.79412583680476
imba1240	-0.219404976935463	2.24827805499908	-4.81394099734202	4.11688738914433
indo1316	-2.80668421275858	1.77654584710808	-6.57845075291879	0.350776799519493
inga1252	-0.209647922944314	2.2299069529754	-4.72324351021764	4.08646604150437
ingr1248	-0.0069589073981706	2.2547709897716	-4.5961105130495	4.39992456172105
ingu1240	-0.325237328413408	2.2084882010843	-4.82781472344929	3.97099535973035
iqui1243	-0.238098872535688	2.18167072973457	-4.61827305407967	4.04264733852775
iraq1241	0.59837690471082	1.61356887702033	-2.50502376845777	3.87753885867412
irar1238	0.853037646114703	1.77200804392723	-2.5373748927981	4.50430250247102
iray1237	-2.07553766601061	1.94836574752584	-6.30611871487575	1.45000136593279
iris1253	2.17971603653761	2.02914558887135	-1.51458581561472	6.49880078476219
irul1243	-0.047696193768022	2.27354885612952	-4.60756144480079	4.34700146840187
isco1239	-0.169954543709637	2.23650521974646	-4.75613928924661	4.39115249431031
isin1239	-1.18273377121185	1.60784039641955	-4.46160923076895	1.85688392603681
isir1237	0.443555654908261	1.85422508018151	-3.08082631581707	4.22737085934819
isna1241	-0.336355195067191	1.67495666625262	-3.72618692206824	2.87977034021351
isth1240	0.342712448352818	2.07468196333632	-3.74049717808611	4.57403576529387
ital1282	-0.141403364440474	2.15366798364079	-4.50199980062251	4.04011753194382
iton1250	0.249765595648765	2.12440693716408	-4.10590011549759	4.43689200185261
itza1241	2.48862834980733	2.07079848196981	-1.33985016051721	6.90291448454792
iumi1238	-0.0614851129643582	1.79866134957804	-3.6661323727798	3.48494066619505
iwal1237	-0.588013908735115	1.38199051801586	-3.28745515444296	2.11305749592245
iyoo1238	-1.36500777169311	1.60072746358668	-4.63552457488842	1.77413873940654
jahh1242	1.52128497835927	1.96966198618674	-2.05514027724094	5.68994936673757
jalk1242	-3.23737919743756	1.70564567744374	-6.80957802518074	-0.202500859463581
jama1261	-0.0186893997660686	2.23205790425071	-4.44187715346783	4.34331996031124
jamb1236	0.914826982655057	2.02568873957887	-2.81480059706584	5.29458985694708
jams1239	0.372505248036014	1.80924209662892	-3.10777034434347	4.03793343062764
japh1234	-0.326706582814113	2.16129623536954	-4.72171220259129	3.87487953196648
jaqa1244	-0.146576755612916	2.18589399881766	-4.72103482933297	4.08304199005851
jara1266	0.0011897643263159	1.68583896290154	-3.40996772700163	3.19254615155666
jaru1254	-0.196052700601666	2.19317261781578	-4.6708596125755	4.06607663980215
java1254	-2.76201987165823	1.82049432931241	-6.65099568054002	0.500807385743279
jede1239	0.878521979452118	1.84006159038041	-2.54937094884032	4.71383535580213
jeha1242	0.370567034255767	1.71218902092427	-2.96556107678648	3.774956919423
jina1244	0.490936478604359	1.56267698023678	-2.57821952062343	3.65529375684736
jjuu1238	0.151599494899299	1.83725275773186	-3.28303827864938	3.89075963948388
juan1238	-1.08563008334237	2.02527135022935	-5.40894224037797	2.70883122983749
juku1254	2.11466112804499	1.89775812844609	-1.31701663264804	5.98171404698716
jurm1239	0.980520175482707	2.03725810521759	-2.77600876543219	5.23700886701246
kaba1278	-0.4181636167353	2.15805621603919	-4.86891141751188	3.6765980743115
kaba1281	1.61620837594059	1.99166849046436	-1.9424247297708	5.95052092024331
kaby1243	0.742090751577145	2.03359413148132	-3.056992394909	4.9639820662356
kach1280	0.316486490943018	2.11643732046115	-3.84547233042947	4.43543250419198
kach1284	-1.64409497175008	2.09774665550467	-6.03228364732032	2.25569653737792
kado1242	-0.271795359524549	1.90974954327179	-4.09841142955847	3.4208617938792
kafa1242	-2.0350000992253	2.13858854643696	-6.57594522997752	1.94408656489069
kaga1256	-1.69822975074251	1.82821427534568	-5.6088166639361	1.59154505871696
kagu1239	1.43558751938277	1.90239417506199	-2.00583144086411	5.51209450485199
kaik1246	-0.42732929956428	2.15640367646319	-4.91830902479098	3.75142216314416
kaki1249	-1.77776255014848	1.91857724222292	-5.84286222667774	1.80254358064825
kala1399	-0.184589637737047	2.12594116947361	-4.41326380187872	4.01800640102121
kalm1243	-0.071808341285602	2.20918471694808	-4.49718530376209	4.29519230170374
kamb1297	1.48711952436764	2.01460545700368	-2.10160764896343	5.80854542622066
kamb1299	0.121160977304438	1.81285016437829	-3.35922724849907	3.73278057975905
kamb1316	-1.72241824663996	1.98055616512062	-5.9328376865316	1.81871212676342
kamm1249	1.58595776926531	1.78113720542611	-1.76998857848415	5.27983542117912
kamu1260	-0.531003042852944	2.07067379102309	-4.70736443364353	3.46778504222595
kana1286	-1.44176033319696	1.58498076841292	-4.76425912250069	1.57867086507246
kana1291	-0.0982440156999836	2.25537716845419	-4.61823343280358	4.35142003525795
kani1286	-0.450324929946536	1.82309866431495	-4.0435368821181	3.17769237629049
kapi1249	1.48756099688099	1.80667224919852	-1.74510556951171	5.2569808230631
kaqc1270	0.150217454533515	1.96513517391431	-3.75458256714405	4.08281139097556
kara1476	-0.259099249292097	2.20147675308991	-4.75641441147138	3.95526746640548
kara1482	0.553917855628745	1.99435703911819	-3.12343611932258	4.83925457189429
kara1486	0.681503707115505	1.54872714226654	-2.19655596868	3.87229708159952
kara1487	-1.20405055403809	1.5767822021473	-4.42180771685535	1.8077247777382
kara1500	-0.0676459761129246	2.24167127433268	-4.55071736783647	4.36059718461511
kare1335	-0.0206895491773889	2.31056098487766	-4.69553453512527	4.49896127867454
kare1338	1.91370409939778	1.96762404555152	-1.67380326387418	6.10657261348046
kari1306	0.130779023782002	1.85076201959654	-3.44313654733445	3.92498273540051
kari1311	1.02962968859119	2.17602253289756	-3.05306227172772	5.41629798598466
kark1258	-0.321978755037149	2.00497061523621	-4.41965460829652	3.6217270179864
karn1252	0.0128846047631188	1.47050057139544	-2.82773379938317	2.93467440130275
karo1304	-0.275382379495285	2.12492574055471	-4.58967259634205	3.92219230703184
kash1277	-0.162300062547612	2.20195970213894	-4.60254116565379	4.13797390916725
katb1237	1.46628757827405	1.33137139279277	-1.09155384872264	4.14752806345351
kats1235	-0.0354810290298442	2.14180035571679	-4.44685879399131	4.14932698930925
kava1241	0.476145281828852	1.75499223873912	-2.90299791230012	4.11264393592458
kaya1315	3.9224662281653	2.06277132736057	0.206513923727981	8.33801283097642
keap1239	-3.31448269234609	1.88297929882	-7.40137097164015	-0.0689127430704068
keda1252	0.171505572589004	1.60786624341422	-2.99428810734814	3.44611769028485
keig1242	1.17065407213202	2.14692421425046	-2.89050814745088	5.60246574822927
kele1255	-2.15344032813408	1.85151710921376	-5.92184023395199	1.24555788890049
kele1258	0.486807074116267	1.48036107650561	-2.3785515622048	3.51111818630941
kemb1249	1.31140972523553	1.92442548549561	-2.16326720541708	5.41076912937667
keng1240	0.397169207212423	1.84722519528446	-3.05336037743339	4.2127036597759
kens1248	-1.09783425838351	1.77694573408005	-4.71840687951584	2.27513525365378
kenu1236	-0.490308485915464	2.20799736506412	-4.91606112484562	3.90239648628455
keoo1238	0.727963264152646	1.74975821597566	-2.53256657130537	4.38308215876618
kera1248	0.593168469780993	1.88455139820792	-2.98351196483429	4.60850899668591
kera1255	2.59872116294512	1.86013827728954	-0.719577028813581	6.70404713669614
keri1250	1.0763958860666	2.03861818892351	-2.68953575153216	5.49578717267257
kesa1244	-1.47499419778392	1.67433661148461	-4.92176261033795	1.66545446536132
kett1243	-0.167868505654	2.22611118604115	-4.70368840193964	4.10881965812021
kgal1244	1.55714647192537	1.86379892555399	-1.93567438763845	5.64171918898369
khak1248	-0.0372666057682199	2.24335508430716	-4.60744033058621	4.42179012816212
khal1275	-0.67958978487217	2.13618114334782	-5.05296744831086	3.50781119612008
kham1282	-0.168223789830826	2.15118881428303	-4.63406901717414	3.97612681071389
khan1274	0.813313742152581	1.87929820881015	-2.61514655455127	4.8328463350202
khan1278	0.801209490304274	1.82281560597743	-2.57052546715738	4.60034059061318
khar1287	-1.19720538726764	2.03243900086924	-5.47302486188922	2.52950823473702
khar1288	-1.28832906409965	2.06061120086377	-5.62582685624292	2.54484349193277
khas1269	-3.09416647118973	1.86971588360155	-7.13268268644316	0.19702849270968
khez1235	-1.14419574289294	2.05857543320509	-5.52848916728961	2.6937284761671
khin1240	-0.194742417166149	2.24732146477392	-4.71209265151615	4.15806313790453
khmu1256	0.678030490664667	1.89361106760823	-2.88644443890468	4.61112480889463
khum1248	-0.955930609482351	2.09317844522975	-5.22237790204755	3.08221889254293
khva1239	-0.328349835156044	2.30358865539378	-5.04790267377045	4.24029843422085
kich1262	0.251656920619081	1.93974232692314	-3.55887882239377	4.08812695634988
kiku1240	1.74648600440411	1.96380164500855	-1.84114472415789	5.85047798272822
kile1243	-0.0938639196716684	2.34405120401336	-4.81928739712224	4.51385606697911
kili1267	-0.748855854948266	1.60845443036033	-3.92773127443242	2.46247637938873
kimm1245	0.125655850364997	1.71738625189794	-3.3260203661474	3.5080097380997
kinn1249	-0.0874891621585453	2.1560059765536	-4.36998178954199	4.21008644487313
kiow1266	-0.000913568432869234	2.09635923840714	-4.32345158683724	4.08708000828913
kips1239	0.494245982242313	1.89073534299699	-3.11673329220406	4.39581868615431
koda1255	-0.123661191646338	2.18005616490657	-4.50658408338203	4.06352372727251
koho1244	1.59356331116629	1.95192782602729	-1.88170213281127	5.826047895544
koir1240	-1.19720870490838	2.06292550101334	-5.58082327809715	2.66358971219851
koit1244	-3.4938601397151	1.94783137948027	-7.60716965052463	-0.0344022513055619
koka1244	-0.14491097468582	2.17037428017826	-4.45420808544473	4.07524930064624
koko1269	0.548015580473608	1.514549248783	-2.36822541139792	3.58232633167617
kola1285	1.07136045457579	1.94028622607835	-2.41475148725806	5.11924165674067
kolb1240	1.94325600439773	1.95406528071464	-1.5688779714121	6.06368651814349
kolc1235	-0.405304748495337	1.72399178663819	-3.84481590152626	2.94233211881471
kolu1245	-3.28565872966105	1.62725429370798	-6.80389870422213	-0.407387955179021
komb1274	-0.627730455537003	2.16090472561027	-4.97687127401434	3.57346503612875
komc1235	1.9182375538466	1.77105089267989	-1.29167585151421	5.68551713877005
komi1268	0.0104653216604235	2.25570914537066	-4.46753650445312	4.42790723471774
komi1269	-0.024402691529498	2.33424796411652	-4.69724345469726	4.54994534600125
komi1270	-0.952186628628458	2.11579972432849	-5.39638225081822	2.97264765015703
kona1242	-0.767842047808989	2.10213202348646	-5.0713035863993	3.25081976401826
konk1267	-0.0973652615891902	2.20423480867855	-4.59026314428556	4.21288979748046
kony1248	-0.803962215316328	2.12230241389541	-5.17733135349883	3.23741199321429
koon1244	0.796667931972158	2.05057475329553	-2.88914777716731	5.06353760057585
koor1239	-1.56775798872364	2.07886928737713	-5.93501072853468	2.42086206726091
kore1280	-0.148786070903732	2.20265158606799	-4.49852659166057	4.20623014167299
kore1283	-0.16513892776089	2.25948684007456	-4.73910521689443	4.19768046950434
kork1243	-0.725087582158191	2.00723554924711	-5.01540112003626	2.95763401083293
koro1298	0.706152050342593	1.80057426621925	-2.69640857261317	4.36339541623572
korr1238	-0.100509764698446	2.17943785493439	-4.41636463941179	4.14440773178866
kosa1249	-0.558436296937454	2.15458597808376	-5.15413552791939	3.64269041913163
kosr1238	1.42023915926435	1.87079471198536	-1.92676441900518	5.39666586128212
kota1263	-0.121563805764967	2.15062959618276	-4.50552846333064	4.10550829642276
koti1238	0.899160424502546	1.89891942346316	-2.67730237190854	4.85687003083822
kova1243	0.159128716434231	1.50880752107265	-2.76247443054208	3.17450663562743
kove1237	0.343030496308689	1.46772043611689	-2.519985562997	3.35827048224519
koya1251	-0.368012187748314	2.24084972726962	-4.79991052393323	4.10514212090703
koyr1240	0.0537458672747065	2.10460940846598	-4.1563343551386	4.35637619240923
koyr1242	0.300948305816167	2.25720105939681	-4.08054821758295	4.82415320195692
koys1242	-1.10204892882812	1.97359063423002	-5.28422373426323	2.55932843953834
kren1239	-0.0765612917293358	2.26030335039829	-4.55604850185355	4.37262241582609
kryt1240	-0.187941555130643	2.24339217307221	-4.68979185845615	4.1904195266476
kuan1248	-0.0799991528135183	1.38680068928279	-2.76527110705557	2.60736215915169
kuii1252	-1.34596404896838	2.04439156259861	-5.70061555615474	2.43715514406287
kuik1246	-0.254961238924915	2.17016607516516	-4.6321682658039	3.91059030325835
kuku1273	-0.252868231531598	2.14396094811511	-4.60329953606231	3.83531742189614
kuku1280	2.6245613793644	2.0946941538538	-1.17456518167418	7.01492363783093
kulu1253	-0.717662992982907	2.19080859661911	-5.06274412016208	3.53683779367705
kuma1276	-0.301095854646459	1.54782800872648	-3.37748366139298	2.76949486304091
kuma1280	-0.110200373431591	1.7875022527669	-3.69002611197604	3.44742900501984
kumb1268	-0.159506301882676	2.16570620324928	-4.62561504812269	4.1659970597471
kumz1235	-0.295305140895436	2.13253220217089	-4.67276522957929	3.77639101098868
kuna1268	-1.1984046463819	2.2023601377645	-5.72353322465211	3.02214231767749
kunb1251	-0.500939203474062	2.17011795633272	-4.85256260238263	3.76032584511544
kuni1267	-2.41474878493323	1.77377248833355	-6.22604058130239	0.808270102524865
kunj1245	-0.0912097490390241	2.10684924184432	-4.36994550917339	4.03252144267821
kuot1243	-0.488051489167234	1.43541298971188	-3.34583504440966	2.31797771190523
kusa1251	2.0966863406538	1.79443592572126	-1.12907363725025	5.87469657796192
kusu1250	-0.407587767320617	2.16548286723863	-4.96041955578758	3.75513057711802
kute1248	2.14427414517447	1.87058514542107	-1.20560052091997	6.09653540103508
kuyy1240	1.13479875720917	2.03773842588013	-2.60401056916966	5.56110937627477
kwai1243	2.01849284728903	1.82626809554263	-1.31699699406845	5.96072411815793
kwam1249	0.375658357526743	2.13734178609171	-3.82969948893129	4.74288678408505
kwam1252	1.33200109417266	1.60376718332433	-1.63558741009226	4.69659882071374
kwar1239	1.9768768611313	1.74511987711407	-1.15546086523825	5.68854992953487
kwaz1243	0.0375590994006167	2.238441536852	-4.4729673012644	4.41499197905299
kweg1241	-0.799297897641432	1.78788137203752	-4.28325577589501	2.73607322346364
kwin1241	-0.23877288960517	2.18922018597777	-4.69509495520294	4.10350113131131
kwom1262	-0.153952614814095	1.96346490108243	-4.09602261293897	3.80091131381641
kxoe1243	-0.615068152823491	2.20538128694663	-5.15027448815128	3.65241832148771
kyer1238	-0.61375261636517	2.10575196474597	-4.98365217071353	3.35268451778008
laal1242	0.99308017317764	2.08489351864206	-2.98367102183595	5.34258764426601
labe1239	1.09350287607644	1.55470325011671	-1.89742296718523	4.25159311662595
labo1244	1.53322798526891	1.41769759125801	-1.15454562906231	4.39090034682239
labu1248	-0.258732516973582	1.30393896861972	-2.80350668432403	2.29567521945009
labu1249	-1.35991185293821	1.76540693905889	-5.0358561181489	1.94690620689534
lach1248	0.226584317865165	1.73530322321976	-3.22078934471691	3.64389032368457
lagw1237	0.735061855573469	1.62577846401976	-2.39863432403011	4.06370324078773
lahu1252	-0.446595757137669	1.79798512556809	-4.05938188518375	2.96439844823241
lakk1252	-0.302583884414009	2.28409226490573	-4.91932343492944	4.19832747708825
lala1264	-1.4480217139476	1.92614228743461	-5.51368514107952	2.1320085262652
lala1268	-3.39343477881477	1.86525230438915	-7.33694392924053	-0.08607364194874
lama1277	0.827857236699667	1.69338170285248	-2.36386061015179	4.44127727288892
lama1288	0.60019494620604	1.43477070894363	-2.23019944160289	3.53392476677409
lamb1272	-0.617828838125929	1.72779817670827	-4.15405082793389	2.58828116758762
lamb1273	-1.11258176686441	1.81388712017941	-4.96292683363911	2.31067869769783
lame1260	2.10643008816943	1.38882510831385	-0.502243198303945	4.92486221095104
lamo1244	0.445657290395833	1.44258345299029	-2.30905734061846	3.40309454857497
land1256	-1.81756371951176	1.86372472762417	-5.70953587760562	1.66669176134027
lang1324	0.781650766501064	2.07110801834426	-3.05583451079931	5.08310497747322
lara1258	-0.122584206470162	2.11938187287527	-4.47231245271484	4.13188078616475
lash1243	1.45797544068698	2.03142423998481	-2.39445251516649	5.512895284031
latv1249	-0.161310704929968	2.20154315957924	-4.65606658097681	4.25081280026276
lauu1247	1.87776689131645	1.75681522467045	-1.30235308803334	5.57790500458638
lave1248	0.823298112354861	1.89245416767719	-2.67328784550906	4.84920673643882
lave1249	-0.268137322266991	1.815078546089	-3.81983132740543	3.35740505707445
lavu1241	0.615495432774007	1.85491294417695	-3.0112966146861	4.32935662060399
lazz1240	-0.249331029839532	2.22192924938098	-4.86766345636037	4.12367792938937
lega1249	-1.851856919947	1.97603171401733	-6.23169781079545	1.6970372412505
lega1250	-2.04018313771868	1.94478485097255	-6.21028278231722	1.41993362654939
lele1267	0.170373360366892	1.44615170765193	-2.72263758698247	3.03184645798072
lele1270	0.841703454121226	1.49901787651724	-2.05655006436433	3.89824776550417
lele1276	2.52346945684987	1.99044585536459	-1.0945150703755	6.87593900517039
lemb1266	-1.03711140400076	1.94765847696382	-4.97413242474311	2.73684894766896
leme1238	2.11024357686305	1.81129404198052	-1.08605196150678	6.09314088827212
lena1238	1.11403281176779	1.57632822495183	-1.76739072254146	4.52387386638433
lend1245	-1.89963732421792	1.93343112341441	-5.96218849769077	1.63716563512098
leng1259	1.66272071025062	1.75893552368491	-1.52201994343867	5.34463096224537
lepc1244	-0.734050623765768	2.15058917642832	-5.23077605164589	3.2808593354339
lese1243	0.169764853517808	1.70270219612992	-3.10769389523894	3.76262154546975
leti1246	0.82124747871663	1.80740316416855	-2.439566976681	4.58299588121062
lewo1242	2.01616482402627	1.44664716214312	-0.685590485197149	4.98336809634639
lewo1244	0.858926683728804	1.7080135942344	-2.30826873547927	4.50375178115566
lezg1247	-0.213594053069756	2.22741065177701	-4.6913561832404	4.10048771217105
libi1244	1.67455252688767	1.974462342227	-1.93358572193404	5.87522890207288
liby1240	-0.497350972597534	2.02728117922426	-4.64180673155801	3.3586737830125
lihi1237	-1.19556182522214	1.53927597873012	-4.37480814241479	1.68823210000793
liji1238	0.952836200616597	1.85187701793953	-2.522719299373	4.81944658650574
lika1243	0.573986844198911	1.76843786629646	-2.69418801793037	4.35171221749727
liki1240	1.60879190888041	1.96907625819662	-2.01039273231156	5.78710091939259
lill1248	-0.23773836968776	2.20858530402805	-4.71823182655879	4.06724740104378
ling1265	1.40139613432544	1.32129009764716	-1.17764604536577	4.00295695994306
lipo1242	1.32648805272042	1.95669940883742	-2.51291531286638	5.21733679437963
lish1245	-1.12707341548955	2.00338871129378	-5.31048227722893	2.53910611814236
lisu1250	1.29031461333685	2.00841212069157	-2.5382320008179	5.35616387874033
lith1251	-0.150663977937808	2.24922058229292	-4.69277512845298	4.15929060891528
lito1235	1.71194789900428	1.95601515137989	-1.88841588168734	5.86460133186244
litz1237	1.22571049163933	1.29885925374835	-1.27806470524742	3.77514827171841
livv1243	-0.0183631944514491	2.25792163587609	-4.52429384886682	4.50815530169874
loba1239	1.49405194040515	1.9711601644586	-2.17987846442196	5.70586338179451
logo1259	-1.83177278360052	1.88798856248155	-5.8234764917371	1.61385812586522
loka1252	-0.855040886397926	1.77823351057761	-4.43458861796442	2.55574239583019
lolo1259	1.53699511324722	1.98272100132355	-2.27616459571152	5.54895952515625
lomb1257	-0.216538609166415	2.18756145081068	-4.61146165727636	4.02727464021039
long1395	1.56101271332927	1.78483905877227	-1.6961984454126	5.28973790691444
loni1238	1.10024931741263	1.54243585568024	-1.8184377453605	4.20843646862426
lonw1238	1.67330711112116	1.31986392072979	-0.868448981807741	4.31750663709239
lote1237	0.89946432522013	1.60052749917011	-2.11641573808856	4.20895015184465
loth1237	-1.20641441604917	2.07656243414944	-5.47606814137735	2.66301241178854
louu1245	1.17306126307791	1.51355110495363	-1.6926172030934	4.28176429417623
lowl1260	1.25280727298875	2.01691002397228	-2.71076014858237	5.35590648915832
lowl1265	-0.117321627405421	2.15801829859026	-4.45025875938229	4.12929884796575
lozi1239	-1.79992858405055	1.91272959993327	-5.9361528436434	1.68933213758513
luan1263	0.617335636604338	1.79690348083049	-2.72799149319258	4.35174806363322
lubu1243	0.0167503006054452	1.53194699569576	-2.96406407620882	3.09335267919306
luch1239	-1.82007687847875	1.84143235506775	-5.66763054408825	1.59190823759106
ludi1246	-0.0250431463981482	2.26021000281408	-4.50472008706588	4.44009197631038
lugb1240	-1.95963023209652	1.9260892893909	-6.02762703163899	1.42815430943021
lugu1238	1.46251240176823	1.90335030009116	-1.99745120353065	5.49934039593533
lule1254	-0.0108653858172295	2.29423433032602	-4.50803832339691	4.53650791531487
lumb1249	0.708649086466926	2.05069211998146	-3.12173741217159	4.9263565979014
lumu1239	1.62389229824726	2.19879767216614	-2.57438332729084	6.25576585382486
lund1266	-2.03952344763617	1.94146960470278	-6.16400997267828	1.5090728371858
lund1271	1.29560650745018	1.9680031471579	-2.24770146087517	5.38068958948979
luok1236	-1.08678667575126	1.69729322200858	-4.56671000767201	2.15401373402487
luse1252	1.27129781324769	2.05918344547016	-2.5555401809006	5.54682230686397
lush1249	-0.895946413442184	2.12401999996225	-5.23561509403029	3.20335095003737
lush1252	-0.431019223170962	2.16114361631215	-4.99188026736325	3.69288744914772
lusi1240	1.10578221435102	1.46856120228106	-1.67083315281364	4.15187918157955
luya1241	-0.523682937196964	1.88915710326418	-4.14593136484312	3.26657020363291
maan1238	0.788779431545439	1.96032707737826	-2.74707725459887	4.94909890498715
maas1239	-2.98762002729669	1.78725491213204	-6.7801910192883	0.203261790874716
maba1270	0.05149747550478	1.80808185849651	-3.36200918076261	3.72869394303378
maba1277	-0.463695290710384	2.15920177027483	-4.7554073356569	3.61018059175104
mace1250	-0.376308735020325	2.11047720799168	-4.63518256962026	3.66386724637573
maco1239	-0.258377504662167	2.19383076397725	-4.77977173924951	3.99631919160179
macu1259	-0.0940698746156351	2.2226482937091	-4.57247802308096	4.28185611749031
macu1260	-0.378057992182797	2.22416312733604	-4.98887548452966	4.03006635186187
mada1285	-1.20954602000018	1.42464344621114	-4.07961402074303	1.54134130621407
madi1260	-0.961388564205217	1.79000021900488	-4.60070556144438	2.49249954168946
madn1237	0.213407119117381	2.05533419209942	-3.84103028265802	4.35699145073618
maee1241	0.870990813329634	1.26441922147372	-1.6069661708966	3.40362190538295
mafe1237	1.12270944153622	1.41845157980201	-1.7089399526264	3.99667087431872
maga1260	-0.605886690559784	2.18831253425646	-5.09391997995461	3.53482528568919
maia1254	-2.46532779677085	1.76063970306263	-6.14268158068508	0.739124474828864
maib1239	1.80586911271785	2.08809162542547	-2.08035633505181	6.11930272181598
mail1248	-2.16605432597912	1.79870117672632	-5.84386538097801	1.25525322042158
mais1250	-3.19971367888423	1.99873620723693	-7.60170670589662	0.365313451564914
mait1250	-0.699348719264283	2.16405735605212	-5.13206630284364	3.38555474206256
maja1242	-1.85841731449442	1.99691904514439	-6.15997704354048	1.7592140448104
maka1304	0.383431803945591	1.74441859485248	-2.99397761339716	3.88320198454015
makc1235	1.87913233049168	2.12925364000648	-1.95574261376336	6.35463467052866
makh1264	-1.03553539448199	1.835312546254	-4.89753830555669	2.34919740418087
makh1266	0.409129208816883	1.69010889864078	-2.77222771139329	3.82225148304599
mako1251	0.37296836048549	1.80585378165161	-3.01644446013508	4.18014564565799
makw1236	0.483555727418878	1.85819416246422	-3.05288674097758	4.30666134839748
mala1463	-0.0716223338723415	2.18879978061097	-4.49604477722396	4.32151582307106
mala1464	-0.0923272578100575	2.18474164911473	-4.53984882077407	4.28734377228045
mala1479	1.21465916246474	1.95317210254515	-2.33580339767267	5.38750687579703
mala1522	0.870498101282968	2.17384873661801	-3.46821426165394	5.22185666284467
mala1534	-0.0316513656494567	1.57389684288082	-3.23819497206507	3.08961142669608
male1284	-1.7059640129671	2.02128697502883	-5.89852558434846	2.08938619518954
male1289	0.904622232523033	1.48505549636113	-1.88214999498547	3.93857307700725
male1297	-0.198067973822809	2.18994648775328	-4.71256649155044	4.10889144240507
malg1251	0.819480909909884	1.60755365914848	-2.30143153226699	4.05520322315996
mali1285	0.80329391279268	1.77991827096395	-2.64722023653922	4.39979640823753
malo1243	0.729430336995917	1.29965582585898	-1.78677545475011	3.3830312985012
malt1254	-0.581200867673179	1.99296686160231	-4.66742588253368	3.17029637817863
malu1245	0.812561964599197	1.28143270112297	-1.6296962058412	3.37595922779297
mama1275	-1.24232179536248	1.95028446278883	-5.35486207415856	2.30219127697122
mamb1294	2.79296758461252	1.91414963526377	-0.629399892563317	6.96359888232157
mamb1296	0.84822334391798	1.87965040890975	-2.60346975090385	4.68884371167468
mamb1306	-0.874035653801393	1.74787353903263	-4.48147276085113	2.5009499959112
mamm1241	0.67537398107713	1.93465220750858	-3.05296147943229	4.56291390207104
mamv1243	-1.68220222054162	1.76842094808618	-5.36044196545483	1.58988051392629
mana1288	-0.517486085577381	2.10956612656386	-4.91993958463784	3.52054455855691
mana1295	-2.27355427979576	1.69115048955463	-5.82616872349036	0.802075529627439
mana1298	-0.320261234756464	1.97826680653464	-4.32527848323911	3.57076734641992
mand1415	-0.0474371524556199	2.19693581956907	-4.47980807581035	4.28217016140865
mand1436	-1.02648749866284	1.90518254264945	-5.01468321447423	2.56556326498895
mand1440	-1.06180172265145	1.63534647823691	-4.38294498655234	2.01354932796495
mang1378	0.225185344493616	1.75486457375136	-3.1389730590794	3.85978333424265
mang1381	-0.337963969381385	2.2380757324951	-4.8182684485199	3.99772230948978
mang1394	0.367966257432955	1.71979191885556	-2.83783570538551	3.92240107685716
mang1401	-1.67711788518979	1.89428503030575	-5.76434816327841	1.68584786831228
mang1403	0.63755571713974	1.53093047338629	-2.30696718009323	3.69392432700614
mang1404	-0.521604399002903	1.29102801084213	-3.07230512597755	2.01653898471368
mang1405	-1.23925102696917	1.71524905213057	-4.86509614759205	2.06388062632254
mani1235	1.71205056002538	1.92758105252537	-2.00192767140987	5.69274151843556
manm1238	-1.18311997617463	1.58262083876799	-4.30444942118597	1.85466591604939
mann1248	-1.19206920613163	1.94192135046466	-5.27909114500757	2.37747346642567
mans1260	2.23010397050897	2.08152326013247	-1.62374440927908	6.65527809336391
manu1258	0.509022216562156	1.69020545008961	-2.67341056131296	4.01805723182076
maor1246	-1.61559605451235	1.8539901310644	-5.59792786018322	1.80409493594441
mapo1242	-0.456556427769308	1.26085919098133	-2.98066363755157	1.98242899915367
mapu1245	-0.115268661654343	2.24405490740674	-4.60269069784981	4.31268225735674
maqu1238	-0.167290634766972	2.15255180753784	-4.43602125494598	4.08285641042538
mara1378	-0.138671889404485	2.21704284449088	-4.64756170089585	4.2238184510778
mara1379	-1.19960297072641	2.0675606711644	-5.59286025340571	2.70881755858398
mara1382	-0.641916679870998	2.15429114222686	-4.9629365434667	3.61008931356441
mara1386	0.783311864217649	2.05770319034034	-3.14105927108998	5.00377356811092
mara1399	1.03607073051837	1.27826670626492	-1.41035732489292	3.60249426032489
marg1265	1.80163733495771	1.67473523081516	-1.34108783017573	5.18938937598869
mari1414	-0.21090377444506	2.23879356592692	-4.79838349065974	4.20025249770294
mari1426	0.899556389784295	1.50112949773694	-1.98819041819028	3.99891907663472
mari1428	-2.54707321260687	1.59383638678047	-5.84638250260505	0.342010371058114
mari1440	-0.330210592570398	2.21765004978357	-4.81914814875313	3.93949027142853
maro1244	1.94679731544753	1.7371822327316	-1.21500846513312	5.6242220408778
mars1254	0.706257466676655	1.91063777698908	-2.76988969089297	4.7854007248006
mart1255	-0.098713613370745	2.21079636774648	-4.520883271474	4.2748199621836
maru1249	2.36313422457673	2.0640729016313	-1.43284628423284	6.72723987698075
masa1322	2.36858244598327	1.8076259110135	-0.808561459822904	6.24944186219631
masb1238	0.334398566146977	1.61136187733581	-2.92139940885067	3.50275290668433
mask1242	1.88000676516161	1.34834537991372	-0.73096355244371	4.62877789260854
matb1237	0.963970004490698	1.853652472062	-2.48359696958497	4.85708250068778
mati1250	-1.89133685529906	1.8468899512053	-5.78721889934568	1.40765981089256
mato1252	0.0206772099069705	1.45233257633387	-2.79734216681923	2.92538735932148
mats1244	-0.0929443146853118	2.25277063860715	-4.57350341751688	4.35213809153809
matu1259	0.513774385976006	1.85135205237172	-2.92282764929395	4.26813750102783
matu1261	-2.90708973582323	1.69099121380278	-6.52483081383437	0.142504265338795
maun1240	-0.442950542269499	2.18561663657399	-4.85676919771429	3.75798194545031
maxa1247	-0.0433246477352076	2.19193717784012	-4.4265050370464	4.24856570458206
maya1285	-0.287380942608555	2.17338415743164	-4.72044681611962	3.96412429080236
mayo1261	0.20790677111591	1.71581116018514	-3.06242212660955	3.82403321041044
mayo1264	-0.0802860790788381	2.21142804559739	-4.51534246504394	4.18922782025317
maza1304	2.37989421309921	1.71602556125576	-0.787328049489249	5.96220058697878
mbaa1245	-2.0080005385852	1.86951344274232	-6.03163309485069	1.35625313287625
mban1263	1.82506010204469	1.90338030523285	-1.59126640473719	5.86570137998636
mbar1260	1.17693317936699	1.71253597307246	-2.10750231762498	4.72925058929295
mbay1241	2.26009649064405	2.02913327169899	-1.30594233261675	6.54920602647012
mboc1235	-0.816358751809908	1.62539007363188	-4.03852730715141	2.31970637464055
mbol1247	-0.448687680330293	1.87178543141605	-4.05854865749603	3.32712541800007
mbug1242	-0.364725054840815	1.66829342230721	-3.71292042393395	2.84951056056683
mbul1263	0.249095890888591	1.45438584597183	-2.5651466965559	3.21624778654622
mbya1239	-0.0587578046932262	2.2286340851668	-4.55599991375613	4.30872884787661
meen1242	-2.16110027288359	2.02383922123614	-6.41488163593742	1.57396629903054
meke1243	-2.68779983038439	1.73844740021903	-6.38572128981548	0.490052635416828
mele1250	0.15502060199431	1.43853683168869	-2.62111496353117	3.07918466140729
melo1242	-1.85212016487693	2.13092787990652	-6.28290941271994	2.18592477212372
melp1238	-0.604577799958819	1.89715658049705	-4.45596408244737	3.17370103024079
mend1266	0.673619634284471	1.77899374958663	-2.72828503295052	4.33707946102058
mere1242	1.52201406724687	1.5172609995565	-1.28688702392402	4.57280702213703
meta1238	0.952823197687713	1.74852629677692	-2.42384004971688	4.46906594847183
mezo1235	1.82952072529889	2.02239311297251	-1.86534651551803	6.01622102712756
mezq1235	1.12313065510388	1.91943976038403	-2.48157092620753	5.25892736125609
mich1245	-0.0891438902292241	2.27176654566972	-4.63017259164598	4.28628418314776
midd1327	-0.449117185515225	1.38338228759648	-3.20398760887351	2.31311759144517
mids1243	0.435621797364564	1.73384484153483	-2.86726724695681	3.97373088045984
miju1243	-0.445281432118186	2.17152192742563	-5.09923761494857	3.65349706687011
mikm1235	-0.059330079708537	2.24915894540541	-4.61533936534945	4.45882808482636
mila1245	-0.646015533395942	2.18015180895436	-5.18684882337562	3.45366575950168
mina1268	1.01674727182637	1.95352165926362	-2.51775519572787	5.25562721976263
mina1276	2.06794460108814	1.62730011192229	-0.935862988704712	5.49394613408582
mini1251	-0.209765893950188	1.41159972756582	-3.02219571579483	2.48963658706453
mini1256	-0.24252921798156	2.17498605129144	-4.58343684914812	3.81007573896411
minn1241	-0.293724798046853	2.18195385946225	-4.69684939474326	3.91489525727081
misi1243	0.96387074324654	1.88379057027509	-2.53443060641708	4.93694889403872
misk1235	-0.301959974508292	2.20654891738822	-4.87907270553547	4.04141398174757
mixt1426	1.94408204417639	1.99092342127384	-1.80036446217201	5.99824840311748
miya1259	-0.122772091230985	2.20730419133402	-4.61625635588196	4.23983904107974
miya1266	-1.16768882266773	1.77598758349271	-4.87417433518861	2.16172092466973
mlab1235	0.922071170546254	2.01972835349193	-2.77158226113513	5.23223517957686
moba1244	-0.231281394590887	1.85176742560754	-3.81407119113549	3.56656794074103
moch1257	1.46643114912717	1.81136967064709	-1.91401486970519	5.15372209149503
moco1246	-0.109831217314266	2.2130451987482	-4.5223037332211	4.27502379827783
mode1248	-0.127612504884427	2.16723600817372	-4.59946566749866	4.1127877378203
moii1235	1.29036791379641	2.06404192497352	-2.69251597723002	5.56428198344991
moke1242	0.932594283527096	2.03556114456167	-2.93083725354187	5.2133142163917
moki1238	1.11682635606286	1.9745456906973	-2.50347164315681	5.29081685355023
mokl1243	1.15180829047324	2.00980268121573	-2.53178037322642	5.33231087388791
mokp1239	-2.13861640126433	1.67946383207676	-5.67921774749845	0.919395322540635
moks1248	-0.0342937671333989	2.27390329470579	-4.57461068714106	4.40978629666333
mong1338	0.602988025868969	2.130519634096	-3.38622266773809	5.21355566447455
mono1270	1.84271707301784	1.90434734173259	-1.51806971300469	5.89191357205642
mono1273	-0.291098001398399	1.76704169644887	-3.9678638811495	3.05940606826436
mono1275	-0.262517274383014	2.22241303347694	-4.80612301416799	4.06770220466535
mont1268	-0.0767458417750719	2.19536745683165	-4.56022628399803	4.16253993807639
monz1249	1.38695450999573	1.81711137289502	-1.96656929522632	5.24972101765374
mopa1243	0.611765420991621	1.98330188926994	-3.20278909940513	4.64407613711283
more1259	0.604481647715925	2.06139507378874	-3.45641232891251	4.74776556306814
mori1269	1.52949021493398	1.82431021435971	-1.78765783936586	5.34854815097247
morm1235	-1.32996418997134	1.75843673694227	-4.96944463795133	1.86515854810668
moro1285	1.62541333299341	2.19272680423286	-2.51419535721235	6.16323393685091
moro1287	-1.26625807244228	1.84980802171592	-5.24366546260612	2.18091953922117
mort1237	0.404812536628375	1.88096060796172	-3.0493599478859	4.39708303947233
mose1249	-0.169043203908876	2.20238957577698	-4.62378808160553	4.06734928927241
motl1237	1.9860607772758	1.84281127942478	-1.31649265759927	5.96015568986974
motu1246	-3.60409215630028	1.89059207944577	-7.73342534404155	-0.320246819906333
mouk1239	0.910158445412987	1.4520182373203	-1.84508152137007	3.93646668286481
moun1252	-3.52778511695687	1.9546290189275	-7.76154242297797	-0.115117468673756
movi1243	-0.114621441651903	2.17223908415537	-4.50182312827096	4.045360864401
mpad1242	1.84625470477174	1.85302573556569	-1.54051064678259	5.71799396755186
mpii1239	0.649840701492772	2.10080421576332	-3.52444416524749	4.87551747218894
mpot1240	1.09831695098458	1.94667866531077	-2.55270915167321	5.33263170078216
mpur1239	2.77588618151829	2.11575688290253	-1.11128995347735	7.28880901033953
mual1241	1.21908323463378	1.90495878758475	-2.28511717450877	5.25664132174987
mudu1239	-0.118849381721535	2.12175069475246	-4.43102895760911	4.07560148738353
mudu1242	1.19482245689814	1.76410355431431	-2.0364176071386	4.84631498282825
mull1237	0.270430928584372	2.06504816154463	-3.70244360325144	4.52006928614445
munc1235	0.353803698265869	2.16613960526557	-3.88594132210384	4.60428566665632
mund1320	-1.15012868177345	2.05488701218921	-5.54869992919168	2.52591310942678
mund1325	2.68786283535705	1.89522260955416	-0.693263314963891	6.73044336166479
mund1326	-0.492643780590942	1.56963645251351	-3.57540052643068	2.63845764504253
mund1328	2.14279321341552	1.80305639027477	-1.15335761725553	5.98615680724081
mund1330	-0.0532714583531838	2.25207294093693	-4.64723230425042	4.47284478837337
murl1244	0.326155022699201	1.99019798164746	-3.57645025931364	4.41226229152144
muru1266	-0.0685373931722142	2.17745837325417	-4.53023667924815	4.21634768538654
muru1274	-0.224963837532049	2.20695127235977	-4.67313287431114	3.92109829567101
musa1266	-1.84494328762814	1.69186806766126	-5.23855861723353	1.30445348674162
musg1254	0.727977287483301	1.6214278835459	-2.41201780037241	4.02751744444972
muso1238	-0.046212989340965	1.35087348052751	-2.65140781224125	2.68515686048566
muyu1244	0.816913343330913	1.93059906890816	-2.77905223518471	4.88726542076645
mwag1236	-0.175502122539637	1.538812376697	-3.17582696799062	2.84886167911706
mwan1247	-1.47308892024046	1.73778945094263	-5.07803425915685	1.76481333457255
mwan1250	-0.371478653883841	1.70963112470815	-3.82442829514712	3.01575064008749
mwer1248	-1.20091457508495	1.79219930869234	-4.81604204784022	2.21249633574727
nade1244	-0.151438029581963	2.23573457489891	-4.60547741290544	4.25654121160335
naka1262	0.90649306891525	1.57023456707229	-2.02471467771695	4.17338027034824
nali1244	0.146619100760327	1.45401090627601	-2.64442760449403	3.01019179535468
nalo1235	-1.16743749715908	1.56790259570617	-4.38903858606611	1.75972115669806
nama1268	1.71997609379618	1.55731320919653	-1.13973746881869	4.99456309121037
namb1293	-0.634530782569711	2.19300467581907	-5.17833837040445	3.63142818783801
namu1246	-0.0915382740301915	2.11533488140664	-4.39094266501982	4.07780925992212
nana1257	-0.0526494721936738	2.29379136907393	-4.74831006963665	4.36401172932998
nand1266	1.48940061803135	2.03864162150005	-2.16459803883089	5.85238992446039
nang1262	-1.01854890869622	1.51456255120132	-4.11118066309492	1.8286437079658
nant1250	-0.20734991309846	2.23214612780813	-4.69635340330428	4.27857989888762
nara1262	-1.30563463143288	2.16815566371517	-5.82921551980629	2.76177880789456
naro1251	1.57902648174233	1.90959424914365	-1.97702341274174	5.54550202001055
naue1237	0.847043370466968	1.83375898521382	-2.55205893873176	4.64756235449398
naur1243	-1.88972138163391	1.84297688531711	-5.77522238260611	1.41703727199283
nava1243	-0.260155408304281	2.23991848224515	-4.74926196252632	4.05877430236222
nawu1242	-1.41677994288359	1.85303995242312	-5.25883345415136	2.05200987596033
ndam1239	-0.533876733427229	1.74679265584036	-4.04382480657959	2.86382663370052
ndob1238	1.59891796144956	1.95739944227545	-2.02164339120216	5.73371066381205
ndog1248	1.58161098737396	1.8958908784579	-1.86302019179059	5.59751967541406
ndun1249	-0.946397875894495	1.71782005082041	-4.29266419188854	2.41960705323048
negi1245	-0.176398540752516	2.24454405080816	-4.77124191387803	4.25022904897506
neha1247	0.328212656775459	1.65727531892488	-2.98348218591015	3.61993563965056
nend1239	-1.91437119294484	1.8185281895221	-5.6789810440422	1.52718612066074
nene1249	-0.00264584995913835	2.2921665856638	-4.61737444810254	4.48951452624378
neng1238	1.34856167768462	1.84089806151159	-2.01599204810054	5.29163503511745
nenn1238	-0.661445710641337	2.18328108034383	-5.10227051868131	3.52680959529596
nepa1254	-0.640420765150667	2.05781664384831	-4.95002949086835	3.26918067391455
nese1235	0.790289824912335	1.27252861929863	-1.69037419608336	3.31418893797451
newa1246	-0.680080976866075	2.11046753105044	-5.1230088864527	3.35825412198069
nezp1238	-0.202710543877673	2.18604309589999	-4.6275015266009	4.15803770118006
ngaa1240	-0.100649352828458	2.16271207016649	-4.38969039481336	4.12307842784763
ngab1239	-0.211847653383019	2.22768365874626	-4.7199714185661	4.10467055105852
ngal1292	-0.369371666040146	2.23695380698897	-4.97313361350994	4.07857762346979
ngam1268	2.44106568808403	2.06402466987015	-1.32248488314471	6.87706132048234
ngan1291	0.0054699797569517	2.20300539839492	-4.44708412686471	4.27192871884321
ngar1235	-0.0789924748370537	2.19643245459148	-4.56387258141112	4.18444473190402
ngar1283	-0.166875596798203	2.1971478113419	-4.62076883624113	4.20032843106732
ngar1284	-0.493009618151346	2.1741483510332	-4.93283242323977	3.71043165680006
ngas1240	1.35590262553079	1.61269412595841	-1.67377898530275	4.68783836319155
ngba1284	0.644157965705496	1.73573683971108	-2.66060981961822	4.21656731910038
ngba1285	1.74184825854561	1.88211466277087	-1.747039301445	5.74922790969814
ngit1239	-1.08499669471621	1.77792796079717	-4.74244668249495	2.32431068869923
ngom1268	0.888856168242116	2.00407376335527	-2.87814263459677	5.07770860832366
nhan1238	-0.0392229961983782	2.25314543626492	-4.49893546139914	4.48491946335341
nhen1239	-0.291315674566018	2.21879904651178	-4.74918863404986	4.04679955028425
nige1253	1.27479525907961	1.76696864152866	-2.07945912095781	4.95020693800997
niha1238	-0.395309887591448	2.23108172144845	-4.88672769950588	3.92329700216657
nila1242	-0.66789393866387	1.71312443092975	-4.22058004845244	2.61107828160629
nina1238	-0.114081357398066	2.19918949024126	-4.53994529206521	4.32647425578647
nisg1240	2.55301103876674	2.15335189719492	-1.28904579683621	7.15054703953846
niua1240	0.882622433902652	1.96454055927679	-2.67518933763715	5.00315865596042
niue1239	0.773335044448153	1.94047773314735	-2.83361782421809	4.78562324687312
niva1238	-0.110165411860061	2.23134544825555	-4.74484583356043	4.37399455105372
njan1240	1.74840103112263	1.98112699919939	-1.88441376585473	5.83080908648733
nkon1248	-0.139823732188426	1.56886235825537	-3.28545779993197	2.96834550704453
noct1238	-0.695254120399201	2.1781246593254	-5.16673439190339	3.47369824605856
noku1237	1.70106149668798	1.76517974538891	-1.46496955531603	5.43897804842173
noma1260	1.07154909694535	1.67223898264251	-2.04439729875312	4.49617893321491
noon1242	0.800057389112241	2.04268328187015	-3.03147030276837	5.05825820070073
noon1243	2.06088430415692	1.81325250655434	-1.22057294301408	5.96469877412759
nopa1235	2.17027198795081	2.03695308474131	-1.57821230718587	6.48359888938102
nort2671	-0.0239964496962349	2.25072673469154	-4.54943183283464	4.476305429245
nort2684	1.20346094398984	2.06777039322909	-2.54179987253297	5.53894939958038
nort2690	-0.0424984158240196	2.2110094393433	-4.44324493834089	4.31249430585458
nort2697	-0.270415271688594	2.27225450476288	-4.80356546894615	4.24507718699051
nort2702	-0.474286109000926	2.18435036882763	-4.84303085219976	3.82481210179301
nort2722	-0.291743364807837	2.15989968732288	-4.78439653271559	3.88247943818269
nort2723	-0.080558373235297	2.17496494449225	-4.49593077569214	4.11615425363734
nort2732	-0.0361564894300426	2.10816876244343	-4.30217305646238	4.02515963182679
nort2745	-0.16512612340637	2.26256175111116	-4.5897928601132	4.29041709866061
nort2747	2.74438576448081	2.0389086610468	-0.881550665591924	7.06713345238615
nort2774	1.2593649831306	1.73006830116903	-1.90406631212344	4.85014399833192
nort2775	1.36020143040663	1.98521890554469	-2.35828163259036	5.55460043614682
nort2839	1.7759108723449	1.37631978863447	-0.883294933953684	4.53183911652772
nort2845	-0.968501360598108	1.89761476427406	-5.00491719661818	2.55760286549721
nort2847	0.979171454694236	1.54507019985926	-1.84224729839814	4.25515402498076
nort2885	1.27484925605192	1.78906349609113	-2.11087582365384	4.95180227729207
nort2930	-0.73916155495321	2.08906392432096	-4.98493777979056	3.24507914527443
nort2938	0.265186062445186	2.05271113844854	-3.78274641631952	4.44739081204823
nort2942	-0.0820687926448689	2.19362834458586	-4.54346267676326	4.23192576985558
nort2954	-0.131925891540216	2.22583752508972	-4.50187790953687	4.1867830824598
nort2957	-0.18715023118382	1.94424085863513	-4.12639022768375	3.65478363339328
nort2961	-0.0313747782789139	2.26791738990781	-4.58477979756888	4.25298726887957
nort2972	-0.137757757049786	2.23658558993518	-4.54802973301682	4.30358522799416
nort2980	-0.219985565962181	2.22259890794514	-4.76608360745488	4.22564419180456
nort2994	1.6066545216599	1.89246810517319	-1.83891778481301	5.62329922896815
nort3047	1.66484191857178	1.5963413901281	-1.29367217648022	4.99613154139366
nort3139	0.752173715432685	1.71634454132039	-2.64604106969972	4.14400889665278
nots1237	-0.77026837410043	1.45426136639534	-3.73420435122544	2.00686432616994
nsen1242	0.943069881323666	1.89213724437244	-2.50363566453189	4.86226562675443
nucl1235	-0.30445388469223	2.18410049842154	-4.85776127246282	3.88495137301321
nucl1240	1.91280810340747	1.71226014791776	-1.30365882201774	5.42172925551796
nucl1301	-0.037353696033034	2.24170887531431	-4.51701213192823	4.44696026885031
nucl1302	-0.328467107708758	2.22251717337718	-4.85534175697785	3.98575103667939
nucl1305	-0.0913256668122363	2.24708911310088	-4.5354204110339	4.43800542123661
nucl1310	-0.0406212391049781	2.09504878463189	-4.18621998687022	3.96881484371784
nucl1327	-0.408528232060225	2.17588926558475	-4.80119681162155	3.81519013065448
nucl1347	0.432316714623434	1.92821892032827	-3.2149638802169	4.38650131348799
nucl1417	0.912860014162687	1.83610248815718	-2.44776580798813	4.70247035994861
nucl1454	-0.319398136230549	1.92270322814156	-4.21947215403042	3.45266795100806
nucl1458	-2.26793674145477	1.70328997198594	-5.85354416177279	0.85585856029901
nucl1593	0.0964074796633834	1.88051044443448	-3.72206428457705	3.83244469641603
nucl1595	0.205488427832139	1.9143195761446	-3.47752928844511	4.03190946533602
nucl1622	-0.467573959464089	2.16538605222009	-4.91238458672522	3.70433776610801
nucl1630	-3.64913185711956	1.94480778576681	-7.92050133458905	-0.263731614199242
nucl1632	-0.36821452723442	2.06240643955884	-4.54609180325782	3.56448545466387
nucl1633	-0.383560182629585	2.0942963513637	-4.72804076028687	3.66107503271155
nucl1643	-0.122261958049873	2.18928183959036	-4.68168853691161	4.19256279639075
nucl1706	-0.950882664989772	2.00742657725036	-5.20551538284799	2.71903022131163
nukn1238	0.147783118859792	1.43106496266891	-2.67756060118726	3.06201481449734
nuku1260	-1.76504241417798	1.76633912792399	-5.46021441886037	1.4512108167171
nung1282	0.655399465887719	2.03817913795028	-3.25499616922737	4.64712366459372
nupe1254	0.805099986782608	2.00201308351442	-3.02640130892332	4.90708034769726
nyah1249	0.565160783441863	1.82913119670353	-2.89500930927881	4.42802006840405
nyah1250	0.864878777725986	2.02220829967631	-2.77457514929251	5.15008038521115
nyak1260	0.527436295993698	1.71345839713662	-2.75937600220948	4.06396313625511
nyam1285	2.64297994932316	1.84568963708304	-0.662224687025312	6.53549932182618
nyan1301	-0.1071968225842	2.23252634687526	-4.60262558691837	4.21056941807166
nyan1307	0.478588141508868	1.92515781444173	-3.1726875281768	4.50802499158576
nyat1246	0.755526850698421	1.74469528047621	-2.57860827306914	4.38391143319279
nyig1240	-0.249951098713601	2.21232536550754	-4.6880005980431	4.09139535065035
nyis1236	-0.985995686873884	2.14672443757459	-5.34185835744798	3.15087002071118
nyor1246	0.193362030785667	1.82902916819815	-3.37453920686198	3.95383126302162
nzad1234	0.747714345138019	2.04529172171359	-3.10900722306048	5.0501842048888
nzak1246	2.07120351844575	1.99322164355901	-1.4819912002205	6.35597038641014
nzak1247	1.34510223373951	1.79551103870233	-1.95754648310693	5.16612836926788
obok1239	-0.39067368468367	2.04086932830897	-4.5500565291323	3.60463580994759
occi1239	-0.196564635083049	2.16457474605976	-4.56204536799558	4.00603892042269
ocot1244	2.16065170744844	2.03593659107682	-1.65679837229696	6.37089454714043
ofay1240	-0.0511682630896088	2.17929916263921	-4.43295936322772	4.29330961456342
okan1243	-0.395361296390089	2.1304773629587	-4.7894698882005	3.71759606955987
okin1246	-0.184604112660687	2.1508895983018	-4.50588276159157	3.99553424831546
okoe1238	-0.486304087298887	1.81915110830373	-4.15491035794007	3.14353847397702
oksa1245	-0.675960808704952	2.11070285825646	-5.02985352680591	3.38020618478834
okuu1243	1.96329657684885	1.80816695124087	-1.32824065544458	5.79491816354614
oloo1241	0.886126567493606	1.781247465915	-2.35323013651038	4.68631538855289
olut1240	0.38850430181664	2.06966819428586	-3.71498496581021	4.53240297191196
omah1247	-0.2184373792955	2.14203034187993	-4.51381719882951	3.9747859489304
omie1241	-3.28752425362566	2.06990428532467	-7.75488281467292	0.403922756616227
onon1246	-0.145060320177978	2.17701338217837	-4.61682034371945	4.12374123793745
onto1237	1.02398610206128	1.93026092340729	-2.57782932796637	5.0214090597661
oriy1255	-1.04597208086865	2.11535355483397	-5.44079411538245	2.95165775059903
orma1241	2.04853856106291	1.87207208722321	-1.35055422035872	6.07189722031698
oroc1248	-0.0622420018744751	2.1807124224551	-4.42565825924173	4.19394499562749
oroh1237	1.3371294978363	1.81181747822771	-2.02100033187756	5.20459040946981
orok1265	-0.0485679919954101	2.22205091018538	-4.50306411893198	4.18382888508366
orok1266	-0.880909381029179	1.63364149250325	-4.18757757639441	2.1871168752978
orok1267	-1.29456208586702	1.99167917133213	-5.49195764056318	2.43536713142343
orok1269	-3.030041120238	2.10420184938611	-7.55145469503709	0.798166998941697
orow1242	1.93236391233425	1.66027844806862	-1.13114178756821	5.35652708146288
otor1240	1.61225423486904	2.16092664084924	-2.44985358844602	6.10133656120523
otta1242	-0.0632063228107923	2.23820328586732	-4.49398599418994	4.27531174111839
owaa1237	-1.0736102953559	1.78686791409221	-4.83597642608813	2.29708675451397
paaa1242	-1.46392290926869	1.7904150160687	-5.19164537524701	1.9335514933321
paam1238	2.07798049003848	1.40475046095989	-0.571621591946353	4.96700101805446
paas1238	-2.85023072676781	1.93708655496601	-7.08174209736377	0.573351625745879
paco1243	0.605101801628712	2.01470081057899	-3.11764015573836	4.81413521647289
pagi1243	0.683766753563266	1.74557970149694	-2.60342406919296	4.27043892227706
pagu1249	1.32330140549102	2.01289936604066	-2.4082629820299	5.52355489626186
pahn1237	0.0594215406170646	1.74948050757103	-3.44115381102911	3.51634703106551
pait1244	-1.26790314555407	2.09195791534155	-5.71729198433197	2.59842459396584
pala1344	-0.901869031178791	1.93977606321794	-4.92427773447466	2.70868227080164
pali1279	-0.119124778513472	2.22415878952303	-4.51985642767396	4.28933854792639
pamb1243	-1.64355476354425	1.73803648283491	-5.31022449161595	1.50713789453226
pamo1252	1.63305479276152	1.95382102757626	-1.92301215324395	5.83750298575965
pamp1243	-1.88750873733904	1.92066380803095	-5.98257587759564	1.63635964064286
pana1307	-0.165442730068976	2.22024440199051	-4.65286755288881	4.26171940227543
pang1287	1.12743910430713	1.83964245743479	-2.25772188797048	5.00882984997777
pang1290	-1.93141292806019	1.86507973382123	-5.93931460205323	1.47648271024909
pang1291	1.53660269074645	1.88712116884334	-1.90816667354163	5.43299498304871
panj1256	-0.0904560770585881	2.23997966539969	-4.62817018395761	4.24599482086955
pano1254	-0.167350704042046	2.17933876877791	-4.54295346227996	4.13240675797864
pany1241	-0.0892051060193219	2.20107250709282	-4.48369047844688	4.30896369655855
papa1238	-0.519650232624461	2.05738127253454	-4.62265483629628	3.39110764786402
papa1265	0.171349535653886	1.61405080195902	-3.06303444221461	3.28189058991475
para1301	0.772710868716524	1.91678693197364	-2.81900922027772	4.78918253872592
para1302	-0.795758695615425	2.17656239062544	-5.29738688492936	3.3531690393165
para1311	-0.0791645581721179	2.18818767495709	-4.44876025399972	4.20007975923021
para1316	3.22428920988749	2.17228626834525	-0.728330808658141	7.69070019916198
pare1266	-1.30800226243342	1.99614352239835	-5.62679501064953	2.36463480688863
pare1272	-0.1559579997868	2.20725290320565	-4.69053047855869	4.10936811486359
pate1247	-0.506844834105718	1.28835060478278	-3.09040985176214	2.02410332955362
patp1243	-0.369537406039153	1.37828124065914	-3.16254293793098	2.29057563110588
patt1248	-0.0961649184852167	2.17927951922061	-4.54775915462833	4.32858966545612
paul1238	-0.730559492452892	1.66931132877309	-4.21426237773152	2.48569959299414
pawa1255	-0.445867163356519	1.92625940094105	-4.44805591147507	3.28788213429955
pawn1254	1.88009886650242	2.1299537870332	-2.02004802938459	6.58362420535367
payn1244	-2.00794638090055	1.82814685264675	-5.78132139766699	1.49472277496871
pech1241	-0.222953729742165	2.29909535215078	-4.91356668116149	4.251308775482
peer1241	1.02581794056905	1.73959144337845	-2.33482897276505	4.60555273606819
pela1242	0.902961268185569	1.94713655682361	-2.83544132850174	4.76949103754906
pemo1248	-0.0980272959536664	2.20747056078927	-4.47534979790108	4.35010566270411
pend1242	1.70240284143522	2.02300102547257	-1.97086112318495	6.03827268950098
peng1244	-1.31994684211896	2.03828944831379	-5.70480370491595	2.44212815152153
phai1238	0.951040911099867	2.04588314997629	-2.89594863768725	5.26320571618274
phom1236	-0.916208892386076	2.12616046408048	-5.22660028409	3.0456538281627
piap1246	-0.310858713378106	2.21265611443637	-4.89127625906488	3.84727889965095
pich1237	-0.348884099873727	2.20218451795366	-4.72772716849636	3.9528720421083
pila1245	-0.145309501095354	2.16972123725296	-4.60470344907828	4.14071492946825
pile1238	0.685364283292456	1.51235027836852	-2.19869020687836	3.82044777926418
pima1248	-0.145668333754199	2.15650046698038	-4.5500201399201	4.13684303492359
pina1252	-1.12964590654479	1.93031847891204	-4.97260147553558	2.6567042906424
ping1243	1.09916249901356	1.98085033703624	-2.58294210732794	5.32666216270687
pipi1250	-0.0825056832047653	2.19962250917143	-4.51687502382023	4.2070377392924
pite1240	-0.0167459289042197	2.27820172396957	-4.48781262036792	4.48207288589879
plai1258	-0.085786851392656	2.2597442837329	-4.73158402335903	4.41560209164673
pnar1238	-2.84841951473759	1.89653413682654	-7.03523819253527	0.494674503629323
pohn1238	0.880873740645226	1.9820774070067	-2.71886972833786	5.12678753160296
poko1263	1.40048908758447	2.07363753160026	-2.4395804340708	5.80103872717299
poli1260	-0.357174015667296	2.09929890841176	-4.82268921034719	3.74901807551644
popt1235	2.99962048313305	2.00665687503137	-0.586821492544024	7.22326725021148
port1283	-0.136237512106761	2.18752783375068	-4.62966401233833	4.10681954277613
port1285	1.85092978415831	1.35431012817232	-0.761093480272925	4.55293222515957
psik1239	1.21426157922561	1.49993297264151	-1.6837114721107	4.26088574090547
puin1248	-0.337106698266596	2.19558845790202	-4.85168461779142	3.91803740257635
puka1242	0.755172624654679	1.90069045085089	-2.7467353263467	4.76109403004026
pula1263	-2.18136519640888	1.93845280203183	-6.3067892188511	1.32477133734732
pulu1242	-2.1410535623416	1.84162580817765	-6.15137379791486	1.27614853504851
puma1239	-0.758832501255682	2.12176288134743	-5.19594117731849	3.31250532174645
pume1238	-0.192276151921119	2.18923437270743	-4.71064387624049	4.00558894212712
puoc1238	0.990089624646515	1.99862879035862	-2.81367792901995	5.10516722450669
pura1257	-0.993713942403858	2.06161830656381	-5.31963313931719	2.90298701507483
pure1242	-0.195193103186314	2.15051031488065	-4.45208982243434	3.98349634948104
puri1258	-0.184709423581984	2.19106525373532	-4.52026243205031	4.10516771923236
qanj1241	3.02805782479983	2.06234988509264	-0.70386174927208	7.36402624019356
qawa1238	-0.124784339022445	2.20308059120335	-4.59659345867792	4.23332764737685
qima1242	-0.986774199817192	1.99872128249762	-5.16094672984594	2.79183705995022
quer1236	0.340733908854737	1.85082487663578	-3.3849305961051	3.9437659142274
quio1240	1.35848591522369	1.78858189726097	-2.03390706360285	5.07555385507234
rabh1238	-2.0080719910268	2.06157222471643	-6.38527316267349	1.75978289197107
rade1240	1.31549153222109	1.77792775417215	-2.06033679559322	4.99713388719681
raji1240	-0.256177574453118	2.19654224487346	-4.65595805140523	4.08428531870295
rama1270	-0.18532577451228	2.17741775928939	-4.56925796223711	4.11434021619852
rapa1245	-1.5869969347752	1.81549142052595	-5.51963366335037	1.69181635958143
rapo1238	0.947239866401208	1.57041094401486	-2.05145937944085	4.15322653077489
raro1241	-1.60643219763922	1.84791789832582	-5.5809092172288	1.73705560831584
rata1244	1.14950594669142	1.96511897238756	-2.48189955325818	5.35518382311897
remb1250	0.164187294834408	1.65364989514929	-3.03031630037178	3.55182904694059
reng1252	-0.213723393734315	1.73629612352174	-3.69947981357044	3.26906109693972
renn1242	-1.7641836669311	1.80707175264344	-5.5436534108551	1.53198075359185
reye1240	-0.158112783598995	2.22886644674357	-4.63957297615647	4.20211831127481
rian1263	-0.411861358258843	2.21611186807481	-4.91248316422621	3.98103900921227
rikb1245	-0.131003495927659	2.23982702566876	-4.618981849992	4.27391159672968
roma1326	-0.194175707539123	2.16373204959648	-4.6296009977508	4.02675066694493
romb1245	-0.686223684220433	1.80201129727591	-4.37348915740029	2.74749172386843
rong1264	-0.111534596929725	2.16903868504165	-4.45684072532753	4.226233780407
rong1266	-1.44981523270739	2.07253535723287	-5.76036867682251	2.43449055518657
ronn1241	0.164336615901907	1.51860321829618	-2.8000998567575	3.1960679593661
roto1249	0.31815699889775	1.59959765513678	-2.86885108692092	3.42818961078885
rotu1241	0.768953078416301	1.93433153216871	-2.73592464813207	4.7584881018915
rovi1238	2.0864410005031	1.74431267508392	-1.05555413486683	5.76151221179742
ruch1235	1.51230274926958	2.03982969395966	-2.16168800268107	5.87644119288709
ruka1240	-1.83898499818584	1.7401608039446	-5.53820220729413	1.31122456524403
ruma1248	1.06876419091227	1.91775135507518	-2.49823046285238	5.11685808008296
rumu1243	-0.441630664196738	2.03874417154045	-4.51586157298984	3.41681385634566
rung1258	-0.0455866599255344	2.10772130336599	-4.23793798571756	4.17797070110291
russ1263	-0.130925910116348	2.2155361811984	-4.67351811306072	4.24657177217217
russ1264	-0.0502383913167594	2.19715828451054	-4.383015304916	4.26822694569335
rutu1240	-0.277275691382598	2.26152790739187	-4.82289483434666	4.20373117619538
saaa1240	1.51395161090149	1.81959133799856	-1.82522600945413	5.3078786056497
saaa1241	1.80528167801144	1.45691575480021	-0.991840334900736	4.74289586363656
saar1237	-1.55649730881989	1.62746166453168	-4.99343561764524	1.45489955618293
saba1268	-0.124745445658164	2.1853330900201	-4.65595927291306	4.19385130156357
saga1262	0.457367849520958	1.82720263666347	-2.96616237422655	4.21486327630027
sais1237	-0.312150458849018	1.76815079659751	-3.92165157449623	3.05480287955281
saka1289	1.65379921340155	1.57349168325867	-1.28547423454103	4.87479770930696
saka1291	-1.30843889761129	1.9138884215665	-5.41911086104962	2.25523538054867
samb1305	0.529021457223103	1.58771005645732	-2.49553543954945	3.79012877824368
samb1311	0.545240591789354	1.6081864774132	-2.62590744084716	3.76151163453223
samo1305	-1.92617871794536	1.81049273726679	-5.81705876313293	1.48170504116959
sana1295	-0.598005122317771	2.00144835075414	-4.7320022439089	3.13642445143656
sanb1242	-0.0733148596901894	2.18159040417371	-4.43947938148404	4.17124854076518
sand1273	1.47162031492779	1.85909686022717	-2.02606315984973	5.28044663449007
sand1278	0.554973713205381	2.18491341351017	-3.74715591180549	5.04148677991715
sang1321	-1.00568039730846	2.10756016125562	-5.51075863151511	2.99504323401861
sang1330	0.677297512351087	1.89855949798637	-2.84098501059371	4.69091269445804
sang1331	0.357874264894625	1.99166089535146	-3.4199009972192	4.48681695970399
sanm1289	-0.143705769152235	2.23907795550679	-4.70509650182477	4.16688550217991
sanm1295	2.02795130253283	1.95139830291919	-1.62077250078291	6.07681913368075
sanm1301	1.37675929635202	2.04878799344038	-2.44880981805464	5.73599603328262
sant1410	-1.10924544242499	2.04774864931153	-5.41648178434222	2.69843277593653
sant1436	1.30308243219923	1.8854764044097	-2.26681332253706	5.30299234988662
sant1451	1.70848789981596	1.97097082572451	-2.03203405280701	5.67113198271317
sanu1240	-0.170576929388005	2.17094423667969	-4.60468930634749	4.13635436829457
sapo1253	1.16729020418875	1.5556896057279	-1.79080371499166	4.43826165398186
sapu1248	0.393473450819093	1.8139071477885	-3.0106114501632	4.11121417379757
sara1321	0.744939021276277	1.95996369983495	-2.86835529747235	4.84526111521098
sara1327	0.699467186023626	1.76361576923979	-2.60350746206178	4.32242656468599
sars1236	-0.14545923363111	2.22850296604353	-4.54780148838692	4.21528705279956
sasa1249	-2.12628748630158	1.93479106172959	-6.13175188545605	1.37790949830201
sata1237	0.472969581658465	1.89322650563276	-3.07822235653265	4.46034688127288
sauk1252	-0.0613906946127266	1.41820633234102	-2.82412748886443	2.78013094749962
saur1249	-1.10713164350919	2.05488507051724	-5.35134374504576	2.66519887673395
savo1255	1.0546402581813	1.72043043321595	-2.17966612215544	4.65103089330347
saya1246	1.43796675108455	1.68125678419209	-1.6738123225213	4.77700142229955
seda1262	-0.252183493337965	1.79885597228264	-3.82382526581697	3.23106243791486
seim1238	-1.90934692833695	1.88850397180836	-6.05660519628313	1.4980855511939
seke1241	1.7594503621872	1.44696842810534	-0.989570623525608	4.71208416552117
sela1259	0.752428420259039	1.92560136164818	-2.79555021264923	4.84709566393104
sela1260	-1.88627845642782	1.92753700210548	-5.95995744073127	1.61857418855914
sele1249	0.0341777706663115	1.57895898858816	-3.0510792541132	3.20934922608846
selk1253	-0.00504468412430034	2.27688937343846	-4.62668239520027	4.33949147624528
sema1265	1.28698064343096	2.04321315107006	-2.5272520609321	5.69668809188254
seme1247	1.4455464602438	2.00951053375302	-2.18736100342164	5.70322834141475
sene1264	-0.189704803689335	2.17909275265889	-4.66314274591322	4.03074775346449
seng1281	-0.751200577286937	1.55782659686838	-3.90147662943209	2.26325166440783
seri1257	-0.25511119239769	2.2020074483738	-4.70366325539218	4.16108443509763
seve1240	-0.0299591573621003	2.26595246841629	-4.46087012019866	4.41684880331371
shab1252	-2.05686476858864	2.0523679558942	-6.31853627179971	1.71405806163319
sham1280	-0.970539883035196	1.64316822393207	-4.22558722834912	2.16862126403016
shan1283	-0.165381715782479	2.19650700600269	-4.58583315938304	4.11084016802405
shaw1249	-0.0913284916133253	2.24838297992252	-4.54149879986673	4.40347778975861
shee1238	-0.758152207193641	2.16609731265019	-5.19595658857922	3.55548969875332
shil1265	0.979497543356496	2.10033142217183	-2.84510370816885	5.38322262307635
ship1254	-0.16618763088942	2.23288546045957	-4.68736440780972	4.20593481285391
shix1238	0.126409867557037	2.1630037349146	-4.19141113900657	4.36849202250784
shol1240	-0.0814476100567061	2.16601481783428	-4.38037292551276	4.21118467494542
shon1251	-1.33222509078356	1.86321442844302	-5.26241083668662	2.0797295548163
shor1247	-0.0392462016341032	2.20670784679432	-4.42739575616607	4.3584240080792
shos1248	-0.0819564722597763	2.20056722451616	-4.45987139570353	4.32431582853296
shua1257	-0.191139015227066	2.18174922433736	-4.60035394363242	4.09522543493953
shwe1236	1.15185801956408	1.90471033561439	-2.34691789584876	5.02320096976466
siam1242	-3.19337559054503	1.63810726970105	-6.53025510884743	-0.236342979244148
siaw1243	-0.273171661910766	1.96783262434244	-4.20442081680223	3.61016813287333
sich1238	0.0174113208672097	2.16879789751711	-4.32624191050955	4.29278245264051
sici1248	-0.258821949470469	2.06930761579896	-4.38286477807162	3.72100593762114
sici1249	-3.28142565963948	1.80362063701367	-7.23191530315241	-0.0480510814398446
sida1246	-1.51545690879923	2.06659387729402	-5.8954845863104	2.29950241601734
siee1239	-0.106783646925681	1.55044649488219	-3.13938474757638	2.92109531933558
sier1248	1.27500423133798	1.99827780838647	-2.53779335335182	5.4367475845699
sier1250	1.51191174278427	1.82778102178694	-1.88746054485326	5.28828899690385
sika1261	1.16832280840543	1.9778773822606	-2.32788601706821	5.44014635350469
siks1238	-0.0937894469095882	2.2220721209735	-4.65735709608419	4.25682268655798
siku1242	1.04115185074919	2.02616918219802	-2.65215210535501	5.25600113235605
sile1255	-2.48074372222264	1.7375457945513	-6.03183791489011	0.773711690802468
sina1266	-3.65380498187233	1.86940909770846	-7.72868703892169	-0.392515807801665
sing1264	-0.643498803952722	2.19139092170277	-5.24551197511444	3.56961533927979
sion1247	-0.194331304998823	2.28516375248406	-4.8200911009714	4.29320185323795
sioo1240	0.214814516685522	1.47524844467052	-2.61618170248688	3.22001735351139
siri1273	-0.163335136821437	2.17269361736442	-4.66406030579126	4.05419958790695
siri1274	-0.391990421802066	2.23025133754787	-4.98592435399523	3.91918113603891
situ1238	-0.328471290456253	2.14606315147744	-4.75340261285974	3.77683935446384
siwi1239	-1.75567313571581	1.92381127582735	-5.78244737605463	1.78717245787235
siwu1238	-0.0031430130358927	1.58781471983862	-3.12398129908317	3.1843187367761
skol1241	-0.0426257289435826	2.22028521817376	-4.570372962752	4.44300041201619
slov1268	-0.147043970556827	2.11874180567989	-4.47539789433075	3.97662444180801
sobe1238	0.46514943023266	1.86110638720106	-3.06884748470711	4.26757920163514
soch1239	1.3688186285477	1.82321022596942	-2.06291901441765	5.16350281129424
soga1242	0.825889393051867	1.9903436001329	-3.00526471137963	4.91634877707378
soli1239	0.582252347206449	1.79237778829282	-2.86298210415757	4.31378892742318
soni1259	-1.69160109368538	2.00322065580613	-5.90643285671486	2.02594109905406
sons1242	0.742253944947133	1.92449952080676	-2.84731362711982	4.76889340614876
sooo1254	1.27761338209045	1.9905885914965	-2.37958089843793	5.37626601703609
sooo1256	1.08327909385277	2.15311592047685	-3.13364469629457	5.51373647564183
sout1528	-0.117412269839278	2.18644387695763	-4.60285993522824	4.16042622432152
sout2649	-0.062455162875779	2.1937446788023	-4.43536665828525	4.15110837016038
sout2674	-0.0525982055523367	2.2407211741186	-4.43993049044115	4.40625731916185
sout2679	-0.0823850166441194	2.22963986988973	-4.5846180616387	4.20650074176394
sout2728	-0.233421266222334	2.22733774989213	-4.74976388826679	4.09038434984582
sout2729	0.472603066700428	2.09691844154545	-3.65608728178192	4.54753627985317
sout2730	3.54549513364709	2.10197293239697	-0.208295557530598	8.06773288220215
sout2782	2.70752021483296	1.93496013245603	-0.781977829560576	6.93843961497891
sout2797	-2.86040170994062	1.5170769039963	-5.89244167243064	-0.084123937186018
sout2807	-1.17162467294268	1.89013959974426	-5.07016905279547	2.33482342053067
sout2826	-1.57216661809084	1.91372521996837	-5.6312502332134	1.99972350901269
sout2856	0.221899402956254	1.4629624286194	-2.6430789156068	3.24077635218199
sout2857	1.58680655145441	1.45509734701686	-1.18997502775703	4.51264442656262
sout2859	1.92249465074941	1.39306271981013	-0.745469257592647	4.7702268928059
sout2869	1.28705080422709	1.59440188313755	-1.62769443475541	4.62775944075793
sout2895	0.0193766913495202	1.63184788476125	-3.14169036787105	3.26205629709767
sout2896	-0.136641331209612	1.57317949746924	-3.17304047229276	2.98987502903677
sout2912	-0.932785038099148	1.94020312396626	-5.00686715136203	2.78728691262601
sout2954	-0.155550805677913	2.18395892302399	-4.52140355326915	4.05766792444838
sout2956	0.182933203766398	2.07954276997921	-3.87549738888396	4.2752664922846
sout2959	-0.0864795136987861	2.2171000182778	-4.61175685355376	4.19095801356523
sout2976	-0.141665868935064	2.1917449315528	-4.64758404919075	4.13230136591618
sout2985	-0.324013165708364	2.14106883245258	-4.68937321972651	3.86878450275448
sout2994	-0.154425012647568	2.20136185415252	-4.52615520683094	4.16371860876751
sout2996	-0.137275146958142	2.1853253378924	-4.58729113669025	4.21184205167511
sout3236	0.275253405162588	2.12841998250266	-3.96493025736541	4.66079273649254
sout3261	-0.266962274393662	2.28428531363654	-4.71755000639208	4.18923554492198
stan1289	-0.178585004057429	2.22249042566528	-4.65844971724342	4.09963660469275
stan1290	-0.0371938408263916	2.15461898176123	-4.39793295287698	4.03764289061087
stan1293	0.41129092594238	2.16099746097992	-3.9071516193916	4.6495160662635
stan1306	1.48169106983147	1.96364539719223	-1.972380082987	5.88468168878376
stan1318	-0.59910462124124	2.00438481287678	-4.75561980768346	3.15276480691718
suba1238	-0.705851335750332	1.72085727288689	-4.18482884594196	2.66294302161797
sude1239	1.06900332671379	1.86100052069249	-2.36687006400536	5.02366961922196
sumi1235	-1.06833323780298	2.08677259705512	-5.49200435299149	2.83455583229444
sund1252	-1.96044612219105	1.88111691936606	-6.03368410394042	1.42743129127851
sunw1242	-0.727336918542657	2.13147832141512	-5.23970457937405	3.23700610367715
supy1237	-2.58364959601913	1.88582293175741	-6.55963955649347	0.90681880124122
surg1248	-0.0315413574803596	2.24882814414953	-4.51449580295451	4.45727597128598
surs1246	0.589450449092881	1.42311444210602	-2.20260958748018	3.43742711971299
swah1253	0.824819851212445	1.82784025471587	-2.57689618964944	4.62737946898126
swed1254	-0.171708093404901	2.18355167303808	-4.53648890361253	4.07402350061113
taba1263	0.640452530411537	1.96736736410101	-3.18064446672261	4.65445388204624
tabo1241	-0.645025201010359	2.13721142465574	-4.95635974287418	3.47434755626552
tafi1243	0.448993699457459	1.69313856060865	-2.82995760153705	3.97541471080513
taga1272	-1.90110462760917	1.73554807150236	-5.46212230225174	1.3020494053183
tagi1241	-0.760464650728289	2.22186950741176	-5.23545875886872	3.45077069108897
tagw1240	-1.77570746606181	1.79683631449412	-5.52243698263268	1.46006790042111
taha1241	0.763652959146951	1.94208672100323	-2.94681711085675	4.66802529577038
tahi1242	-1.61462267515506	1.83135161827513	-5.55651002532683	1.65226245651301
taia1239	-1.31080306664132	1.75497055210915	-4.92800347243335	1.9407094265434
taji1246	1.73936440272116	2.02617149256208	-1.91535377656343	6.08194994072935
taku1257	0.987186472896367	1.91656028857038	-2.49598108519709	5.09597409723376
tali1259	1.34233057183262	1.79670754172596	-1.97094360009502	5.07406836610212
tama1331	-0.676057440253031	2.1717873159026	-5.06970245388552	3.42241211447806
tama1365	0.547227129047246	1.75562264453825	-2.80301821222319	4.12886965867702
tami1289	-0.050272733470275	2.29346031515456	-4.63054869687998	4.58828143243509
tami1290	-0.933389858431041	1.55778858130452	-4.03415835408909	2.05870233683629
tane1237	1.35616981163488	1.73356805897781	-1.80970033951648	4.95440518156413
tang1336	-1.09357627233368	2.07741040798797	-5.44968931031446	2.78507066945942
tang1347	1.03560163077894	1.37568418749615	-1.59979989242432	3.87650942875563
tang1348	0.740839763763389	1.68967410012475	-2.43216983185235	4.26073850315937
tang1373	-0.153401634654838	2.19532735505949	-4.67294212300929	4.06105077490305
tang1377	-0.59651145334853	2.16856219823875	-5.03998312687584	3.50546709718685
tani1257	-0.34868450723558	2.1664066138722	-4.7549238724788	3.89034068934782
tara1313	-1.05511842312171	2.10799908973296	-5.42413733120602	2.87081280324444
tari1256	-0.362750472992377	2.18234451459065	-4.90836926131142	3.71778386968733
tari1263	1.08302429576501	2.00652994078073	-2.6414850023942	5.35276714857697
tata1255	-0.0175406280017404	2.23307452526761	-4.59487931265064	4.30558554863469
tata1257	0.922583944587856	1.84378422465343	-2.49235982070407	4.7192755646321
tata1258	1.92728925257119	1.98773021682631	-1.70881672010423	6.20366858985449
taul1251	0.152372905160099	1.43560761956975	-2.65069511657784	2.94686722698147
tawa1286	0.866162474229602	1.97029391630716	-2.79080262813637	4.96914838662315
taya1257	-1.6668844171274	1.9296360877961	-5.77032870084743	1.90385554283487
tbol1240	-1.39511605376548	1.67243090263504	-4.91450393388744	1.67796979194489
tean1237	1.27543697271166	1.71606313290063	-1.86358391976253	4.85445475794059
teda1241	-0.826818068061452	2.03688389475213	-5.07803119126072	2.96420463844933
tedi1235	-1.10093235286306	2.09744771735131	-5.49041986298594	2.92281484994409
tega1236	1.19618961012117	2.17414393054479	-3.00063142069386	5.66401179381142
teke1275	0.858329558342936	2.02982833413337	-2.94105114890366	5.10194167647027
tekt1235	1.6052335048697	1.81325618172926	-1.80211432228229	5.30309704731934
telu1262	-0.0863599085633291	2.16415755129639	-4.44702882311252	4.13494913610657
temb1272	0.744197480319892	1.90073279847083	-2.80426778961766	4.55745766139338
temi1246	0.859479560351849	1.85972261146984	-2.60174006524268	4.75220365326835
temp1235	-0.740957208334688	1.6073831847376	-3.91993904522715	2.41180849492889
tene1248	-0.427726197167158	2.12045407642305	-4.5970302563865	3.71826788986746
tenn1246	0.819298433025151	1.98882051115978	-2.91927743957521	4.96162705527326
teop1238	0.888920664537759	1.53613810160315	-2.04830405557756	4.02436508000525
tera1251	2.2650035228015	1.85788247572281	-1.07401355200781	6.34056486727794
teri1250	-0.2767830294169	2.17951846192838	-4.69461910018512	4.00118269145312
term1237	1.06707211197204	1.91170677431887	-2.48181085965891	5.1724148141363
tern1247	1.89245959157518	2.0713877849644	-1.89722217093729	6.32769790841671
tete1251	0.693992448190528	2.03402259361677	-3.30765573057994	4.84280751802397
tezo1238	1.92418159998798	1.95314325159009	-1.72450499261899	6.0773779775869
thad1238	-1.22751009021136	2.07207655934482	-5.59309462473014	2.63692902911014
thak1245	-0.476350517929224	2.12697273149871	-4.78877533755347	3.57599827653421
than1259	-0.489967020743197	2.14557162057058	-4.96380216005047	3.72925953917926
thao1240	-1.08845348475463	1.7078976779088	-4.60001963782386	2.10072584927669
thul1246	-0.647152344214126	2.13713393363344	-5.03538530435107	3.57620079941236
tibe1272	-0.508341009255314	2.21039494977612	-5.04193349101061	3.71945323934798
tief1242	-2.58668886297955	1.48220188016593	-5.64362542738413	0.148725067835877
tief1244	-2.58498625680573	1.48292775684286	-5.57998319059607	0.171426106510929
tien1242	0.844654427287243	2.06569458571499	-3.067602475027	5.10704448991087
tiga1245	1.00925531026653	1.65723606181194	-2.06920076245636	4.39995235409925
tigo1236	2.02497995383124	1.8601846655975	-1.27488501488438	5.90889848083369
tika1246	1.77418688820738	1.97612966201314	-1.85242789769663	5.90372387107239
tiko1237	1.50772467373848	1.91287972415783	-2.09315456940512	5.66402503646427
tilu1238	-0.759124188532857	2.1140694850829	-5.14225217100805	3.26007822374276
timn1235	1.20902866727835	1.89482403942217	-2.36784838915368	5.13600379157086
tina1248	-2.00036918791675	1.88098909362719	-5.94659469609849	1.44197083433238
tira1254	1.56878860587827	2.16004733753346	-2.43276311257058	6.02686461273501
tiri1258	1.6230723849043	1.57348391021728	-1.31380127578224	4.88705531243966
tita1241	-0.0410773513601112	1.54767195698102	-3.0139791209662	3.04134348778302
tivv1240	1.54074666726782	1.91313788532002	-1.92238786989519	5.60817382243018
toab1237	1.67696413302569	1.69635600584269	-1.49597013090048	5.26163507492461
toar1246	-2.17205645544468	1.82764182628536	-5.96429684106313	1.19823097272123
toba1268	-0.0702788616620822	2.25532306280086	-4.62382180311429	4.45272737208595
tobe1252	1.37751950226807	2.03100396347707	-2.40633499603838	5.51893775240351
toda1252	-0.12845530571622	2.16469439402934	-4.44895162815191	4.07179177770305
toho1245	-0.146280432779654	2.25547789028823	-4.71341834303372	4.38041019662589
tojo1241	3.22097132440958	2.12986686880631	-0.569883423645142	7.90349077718423
toke1240	-1.21744960626579	1.87171666321951	-5.25339205843518	2.1878961459496
tolo1255	1.65644971812506	1.61855355206794	-1.32371030436509	4.97809554382318
toma1245	0.651863481440163	1.89228924051973	-2.9287056618686	4.54602900104726
tomb1244	-0.362325221809834	1.65249803429204	-3.59504640332987	2.91520067124081
tomm1242	-0.334072757886672	2.08113620413001	-4.52549227567198	3.65962971631844
tond1249	0.0952724671711356	2.07694157344811	-4.07537903029019	4.2904240851833
tong1308	0.302074326220671	1.92365235848472	-3.43719601415941	4.20324907089718
tong1318	-1.92181965591232	1.92776487079278	-6.04372996602318	1.62461323691845
tong1325	1.38856924227049	1.81251735041282	-1.90531431535144	5.18292687840188
tosk1239	-0.464273686576223	2.12422267157995	-4.89601778909271	3.61423943647811
toto1302	-0.820711128208742	2.13196560077249	-5.3166810282256	3.24147914778517
touo1238	1.81034500462728	1.78978065338677	-1.44863701445702	5.59299178508632
trin1274	-0.20652962677379	2.17107544799019	-4.67723413745428	4.01563554971287
trio1238	-0.0742523114392342	2.2330874233302	-4.66010888077161	4.37171318452576
trum1247	-0.253880833966984	2.12889828184871	-4.51349636063178	3.89153462220238
tsam1247	-1.66127753665337	1.8140003336901	-5.5454570512527	1.58167459100786
tsat1238	-1.74384760353401	1.88307917462712	-5.75078853644082	1.78951207384298
tsha1245	-0.946310569402688	2.09869603184713	-5.22849234497606	3.11620130721433
tsis1238	1.27222401570618	2.0358746064153	-2.55487604161398	5.64151557561977
tsix1234	-0.805204384704358	2.13858767998421	-5.30221528662858	3.40569978402593
tsog1243	0.859224409885096	2.04667303964598	-2.88788815468382	5.14896330038894
tson1249	-1.7006931569789	1.92345661080711	-5.88717931615686	1.7652366846412
tswa1253	1.69482922016048	1.92644016644791	-1.78977774730037	5.87925355819039
tswa1255	-1.727719030324	1.93534716862066	-5.94681268760906	1.73659668929555
tuca1252	-0.387148601134292	2.17771544249489	-4.80286159588485	3.92619952550798
tuge1241	1.6522806566801	1.99329394067311	-1.95206872530717	5.99610956056166
tugu1245	0.996490192593386	1.86547949056372	-2.46472994640871	4.75418295664873
tuka1248	0.682864563752892	1.88901810281055	-2.85691853836235	4.61217680677778
tuki1240	1.66682502011737	1.72856497983488	-1.44295343457593	5.37279559196936
tula1252	2.63080758416547	1.82388262367832	-0.707257845950042	6.47297408260553
tulu1258	-0.109508268114689	2.1957283471772	-4.53807688466435	4.2506401457716
tung1290	1.29545820652616	1.87915481029881	-2.1658275467963	5.20026879074676
tunn1238	-0.880426693642402	1.98859870435284	-5.181894335965	2.83543168992165
turk1303	-0.142816897925299	2.20961472482243	-4.6832464877229	4.15405210513867
turk1304	-0.0359052372205758	2.25645847690312	-4.56131290458398	4.4110571751034
turk1308	-0.172703091228141	1.87410670796112	-3.82321946698107	3.59237071400993
tusc1257	-0.162907026696067	2.18859786652852	-4.57116393782713	4.0836959916715
tutu1241	0.894497333848366	1.34165497918235	-1.7767770270999	3.56036080776341
tuva1244	1.56280194884498	1.85431089530762	-1.85120462606572	5.63342516958173
tuwa1243	-0.933582621943699	1.52013997108876	-3.97598850869075	2.0376210782577
tuwu1238	-0.154465542170339	1.59112904689298	-3.29017690400156	3.00769917559458
udih1248	-0.0779414256896567	2.20809393187735	-4.36244398686226	4.36405302859048
udii1243	-0.19671550725889	2.25205121642204	-4.74588655710445	4.16887066657414
uduk1239	0.201748343067813	2.13404070939798	-3.91427742015736	4.44673238298726
ughe1237	1.93530206331396	1.75761960327133	-1.23005033572656	5.68498344854516
ugon1239	0.163648238186384	2.20092411128363	-4.19339165145331	4.43529808416432
ukra1253	-0.142864749385565	2.22173733560735	-4.60239211850675	4.0188445898352
ulit1238	-1.81572804961529	1.76244134208042	-5.55323498492835	1.42139405844711
ulwa1239	-0.273589049609841	2.14706096813027	-4.66167300304401	3.8684531790648
umaa1242	1.41732201539744	1.89661469364436	-2.02820605960753	5.43180202499312
umbu1257	0.689538460748054	1.96478393372932	-2.88202335525517	4.82058273447084
umbu1258	-0.363866570335064	1.93730633757705	-4.29520143356413	3.335254143921
umes1235	-0.0308075662600966	2.2654937886598	-4.59936246170596	4.37989003767803
unua1237	1.55553591502182	1.33953194095903	-1.04616875489101	4.27276094041521
uppe1275	-0.344986502025216	1.93790239799847	-4.20380365246561	3.41314266302957
urak1238	1.13729366834059	1.89482653573638	-2.37825851395336	5.19480296258392
urar1246	-0.250012361546824	2.22419551521293	-4.67339578419347	4.03936131238616
urav1235	-0.106505964915375	1.55200920769604	-3.16148231002557	2.94108428896475
urim1252	0.275417407963716	1.87290722437	-3.24227031384304	4.02890930529399
urip1239	0.967929152717341	1.27092168851337	-1.51894263859883	3.52199049297594
utes1238	-0.102352024808997	2.18819976658863	-4.55338196945413	4.12836612637096
uuuu1243	-1.85832504243617	1.80093696105269	-5.65802339458252	1.54514848388444
vano1237	1.17119472940367	1.71196862838892	-1.96794999533975	4.75151704798944
veps1250	-0.0271190694232718	2.287487754605	-4.55896214241308	4.52120046568142
vera1241	2.11111864437785	1.78080347256274	-1.0118467318388	5.93930095691399
viem1243	-2.95132473513449	1.70921078311314	-6.63005391148246	0.0479287688033567
viet1252	0.708078495581519	2.03648209803472	-3.09943341109698	5.05814581084441
vinm1237	1.35685077683164	1.32560067802463	-1.16792313765076	3.99182658954451
voti1245	-0.0238276132123415	2.26910440974989	-4.64843051526315	4.43686934771429
vunj1238	0.872830686261235	1.87822608756486	-2.60160428958199	4.75879911947076
vure1239	2.10575662249685	1.77527625522809	-1.03044435604217	5.98382217919652
vwan1235	0.742851760548737	1.81898767468354	-2.6752192139264	4.49689507367463
wadj1254	0.108710949197	2.08433625811342	-3.98613020812668	4.2550247979853
wage1238	-0.334924711292071	2.13882940529668	-4.64175215886241	3.8658935557567
waig1244	0.961974006948653	1.89550682318282	-2.59025948563466	5.07806449186
waim1251	-3.14748595628462	1.84980442784218	-7.16786000045787	0.156262332933065
waim1252	0.717418881833517	1.79229837705401	-2.62413527626348	4.39829737276459
waim1253	-0.0633179203499084	2.14899069295326	-4.45512207929898	4.19107881876253
waiw1244	-0.0666470286475681	2.22147622521971	-4.52434470684211	4.36619455114411
waja1257	-0.107418360184701	2.17430289889154	-4.49200432321271	4.09372864492966
waka1274	-0.0693487462201366	2.22136368375672	-4.57481105789555	4.41144722879675
wala1266	1.97111611729219	1.74510920923356	-1.15338069476898	5.71190677809925
wall1257	1.42827250450171	1.85154040903434	-2.03170781313109	5.34556980461113
walm1241	-0.0833912386173852	2.2113190383343	-4.58476614669334	4.18269325710463
wamb1257	-0.760998939351181	2.10638945057119	-5.11311832826798	3.25993304269797
wand1267	0.473497466233561	1.60780543820284	-2.68544776920204	3.62820012136127
wand1278	0.743439900806349	1.53247339791731	-2.20865983419108	3.85936653067617
wann1242	-0.529290975142841	1.70264772263875	-4.00525774531329	2.78086663481056
waor1240	-0.219734633963282	2.22880438767838	-4.71447444841525	4.19873313188936
wara1292	-3.36479007253041	1.74189448690065	-7.21770833244039	-0.25571450805991
wara1294	-0.595218083737945	2.19198138551039	-5.08414564394257	3.71695253168098
wara1300	0.661682996416581	1.79673066624237	-2.73603799117195	4.34077834821736
wara1303	-0.125828082827445	2.18599133911808	-4.43843635908475	4.26698624746645
ward1246	-0.281965287988247	2.23815738534831	-4.81180566298696	4.05804042365297
ware1253	0.52029835501665	1.84955594239595	-2.96354114971683	4.26869468472749
ware1255	-0.334104274728604	2.18892378509826	-4.90801384703655	3.92668170328162
wari1268	2.71434032650718	2.16191075437266	-1.22177204415397	7.28232975731246
warj1242	-3.02293967159839	1.87632998721722	-7.12472027269615	0.355604310638205
warr1255	-0.155979154434052	2.23270677133338	-4.56170441653169	4.2073220944797
waru1265	-0.099451179315053	2.23792724784386	-4.50360159765619	4.28931439888928
wash1253	-0.307031196923234	2.13424070400569	-4.71637544344011	3.87220970048607
wawa1246	1.53197706945471	1.92708381326449	-2.14345472713927	5.54528897842909
waya1269	-0.0725395184159923	2.25278878866234	-4.70948590647164	4.36425137439051
wayu1241	-0.743569325792334	2.16067771728077	-5.25831166069153	3.31482087534197
wayu1243	2.02450146349996	2.08385050126757	-1.93716610495608	6.2620245903421
weda1241	-2.53120981048705	1.57213752985179	-5.8009283817716	0.337061460328276
wels1247	2.84140508625996	2.10632578275456	-1.02107890742733	7.44129720780764
weri1253	-1.59810515981609	1.662705178707	-5.0193180109087	1.51436297692004
west2354	-0.181448310444301	2.17694185135633	-4.64258277272529	4.09775019072199
west2369	-0.348376462410268	2.11510570483337	-4.71110719646734	3.72622553854732
west2392	-0.0434007777649918	2.19512118701297	-4.45498790067061	4.2467805526059
west2396	1.15555902285473	1.94662126932097	-2.43256223400186	5.31249282793432
west2397	1.23742065579672	2.0293397141041	-2.50285768966623	5.57900346727273
west2415	-0.643015077663965	2.06278925982931	-4.89082803783909	3.30117992480282
west2418	-0.500746887101002	2.104207828419	-4.90291448423513	3.52969053749203
west2466	-2.91357982300184	1.54924433590399	-6.12145650941414	-0.0742201722461692
west2516	1.45181736331653	1.80499896410223	-1.78572295394263	5.24535126024665
west2519	1.09972516136547	1.90288137785662	-2.31782137622495	5.10649347319525
west2548	-1.19817766615094	1.76633401505424	-4.89699840132194	2.12854900578229
west2555	-1.70470510621749	1.82299431647022	-5.62058626925607	1.51996306332997
west2557	1.88531142459685	1.88267053761304	-1.59686634875552	5.814102883868
west2560	-0.137361010839995	1.64671399151172	-3.36240189055697	3.14929648889208
west2564	1.64755401225604	1.94046286008539	-1.84633504079823	5.84440738205026
west2594	-0.465648431033252	2.17380035647919	-4.81336140038867	3.71498603445439
west2600	1.95718724423632	2.07455100692802	-1.80751562075656	6.22828714497983
west2615	-0.283227446720904	2.23473292677267	-4.75390097889276	3.95337796202713
west2618	-0.145446908772335	2.1963963278867	-4.71887316530718	4.18043654880153
west2632	-0.282950980623835	2.20867857916991	-4.75559495998552	3.99440381430364
west2635	2.59514891006217	1.92753457797328	-0.914936300892884	6.53712318611095
west2644	2.14563098923291	2.02403107873832	-1.6101899965683	6.42048688611485
west2650	1.45842604411956	1.90622663822777	-1.90416752491593	5.46473515884529
west2763	1.40867938250762	1.79228766592914	-2.03954017321324	5.06516254325467
west2778	-0.168902110974557	2.18230360812203	-4.51903458780394	4.16131304423742
whit1269	1.21257897563868	1.57156327435667	-1.65167565721827	4.54150601605047
wikm1247	2.48940658218689	2.07273597435319	-1.30138325927022	6.90123558542935
wiru1244	-0.0636503129626897	1.97956228680742	-4.03277874292766	3.96934259128581
woii1237	0.584706607390471	1.79616724969778	-2.86819452368763	4.29306911069288
wola1242	-1.68733831880231	2.10672078957671	-6.12945598530177	2.21841633924059
wola1253	-1.30139390171563	2.08501333980095	-5.71009074563267	2.57241258413876
wole1240	0.806627809939324	1.96755487279264	-2.75010049623119	4.9499365066831
woli1241	0.16085970091172	1.82042408839506	-3.30739347258289	3.86225219540463
wood1236	-0.0599024253718841	2.21692122810517	-4.4810718641625	4.25132868980733
wotu1240	1.22679684172203	1.79184108931596	-2.07511802859833	5.04606575261174
woun1238	-0.118445116172662	2.24319525717905	-4.7047977621935	4.27793336045202
wuch1236	-0.0472038397695047	2.18227897254127	-4.40592079407509	4.30855646433466
wudi1238	0.322708746643497	2.1108153436997	-3.94248778610964	4.4550938288477
wusa1235	0.463723988285572	2.12813678774434	-3.84621249861885	4.7331499636521
wutu1241	-0.182304928871679	2.07794856287837	-4.36494201393538	3.88004848253756
wuvu1239	-1.14550080718693	1.85546205502471	-5.01861106083047	2.28092839587521
xamt1239	-0.92859776067375	2.07600792922605	-5.23620455543464	2.98883195423974
xara1244	1.51668635949497	1.55941064226171	-1.44600413036665	4.73113277552687
xava1240	-0.116356077754729	2.20820766873033	-4.46114948346847	4.1971528783949
xhos1239	-1.12217037374142	1.97829252869926	-5.26905688158295	2.50056053451852
xish1235	1.71210288731663	1.96464124169828	-2.07966050268081	5.6542087195441
xokl1240	-0.0519595881803904	2.2138679702017	-4.54172870405084	4.21685649731335
yaak1241	2.26223514030224	1.83336802381698	-1.10412836034398	6.13601776878541
yaey1239	-0.142073519584597	2.19334727414695	-4.47114994132792	4.18464310315299
yagu1244	-0.217426811542683	2.22753868316317	-4.82020854768683	4.21106396957759
yaka1272	-1.16360266333837	1.7812759360496	-4.81799717685155	2.18368189665581
yaka1277	1.47519405056036	1.97663736894287	-2.10673402127102	5.65632109072039
yaki1237	-0.425713041388999	2.14324830939732	-4.89733328096092	3.56627191177077
yakk1236	-0.668036847942065	2.16014247265483	-5.00988692617082	3.47189685333348
yako1252	1.53035130024685	1.78001069701236	-1.67333656502325	5.30749906395388
yaku1245	-0.0266575684008976	2.18360838672365	-4.37046322720249	4.30101920553772
yale1246	0.00114512887703898	1.89852376262291	-3.66724951944028	3.82750526839725
yama1264	-0.090325768999586	2.15907054935186	-4.45599768829838	4.07444522069136
yami1254	-1.85850887260098	1.84552110528629	-5.86018810941851	1.45976317739949
yami1256	-0.15124364437995	2.21155093671143	-4.56126583365983	4.2542044487218
yand1253	-0.148565032676082	2.19721630274574	-4.68406230440477	4.17121641199737
yane1238	-0.326011647903419	2.22248806733359	-4.83749273886307	3.9602078923748
yank1247	-0.0947403313807052	2.18728380888181	-4.51697533542957	4.13207523532299
yano1261	-0.196525307854116	2.21900417372479	-4.706051181376	4.1578894330363
yano1262	-0.139437580522446	2.17381615981873	-4.5729139836164	4.11855003341297
yaoo1241	0.949847279545466	1.89587667444243	-2.561269347752	4.96426383937956
yape1248	0.826757207196322	1.82115932056229	-2.6097123387063	4.59317722648996
yapu1240	0.642242574609476	1.84643175037713	-2.77824885890974	4.46477160227393
yaqu1251	-0.16374275506787	2.27279883852462	-4.70519698090377	4.22725881479771
yare1248	-3.35118562870619	2.01526189930911	-7.6379669865462	0.23546893832786
yasa1242	1.48181416740119	1.8906381633227	-1.97316569097562	5.43560630402064
yatz1235	1.62757541443846	1.91749103243122	-1.97368781115159	5.60380788014113
yaul1241	-1.06664481801085	1.87402275180159	-4.89390778440985	2.59135318810232
yaum1237	0.0211947278800409	1.43181391807066	-2.85345839757336	2.87229052204713
yawa1260	-0.17654813611894	2.19065000666693	-4.54423147749719	4.15801252159403
yawa1261	-0.243206926600812	2.1923001826891	-4.6983147053911	3.96970930692206
yawu1244	-0.246441421959501	2.1967847375838	-4.65001438471663	4.00587460975429
yecu1235	-0.254509212555911	2.07167189827205	-4.44519274378155	3.86261885683776
yele1255	0.706702863226036	2.03648656991093	-3.29884184170788	5.00017391619979
yems1235	-1.6175567495124	2.09623760412918	-6.04814515074748	2.24168981286943
yidi1250	-0.288434254457318	2.17864461003134	-4.7053056101296	3.87421162007016
yinc1238	2.64784775666934	1.93073790991695	-0.880116143988968	6.8073710171952
yind1247	-0.110513822825239	2.19952085830331	-4.65659470272181	4.19666410791044
yoga1237	-0.392913346865264	1.55177775920592	-3.55211832992896	2.64222826140267
yoku1256	-0.228323141307113	2.17220015886036	-4.5047285938442	4.07647954193162
yona1241	-0.0109302830594176	2.07710279967673	-4.34150609250018	3.97467342378562
yong1280	-0.726640070303072	2.12642166558847	-5.05731531649657	3.36977202384403
yora1241	-0.187318751239157	2.20050024725911	-4.53861957765292	4.14321448944115
youl1235	-1.28638419843521	1.61630919047103	-4.60917968440123	1.88004684509429
youn1235	0.324834201519261	2.04950043805372	-3.72312980796582	4.42146884098987
yuca1254	-0.0644814832508379	2.03758739034875	-4.20259616146342	3.8760875703531
yuch1247	-0.147709889289677	2.13869599407001	-4.55620731033905	4.03679441516475
yucu1253	-0.323244093612553	2.15694053770825	-4.69652664719693	3.84880379900091
yuec1235	-1.06271163892405	2.0975190770443	-5.37320067174906	2.90661041828115
yulp1239	-0.233881864008547	2.21213303451864	-4.71960689761352	4.11628214247467
yulu1243	0.950677117391772	2.09756912717923	-2.96909607536129	5.34999054057293
yura1255	-0.15600417706843	2.17568372792843	-4.48666033161964	4.16723134755363
zaba1237	1.63527787972792	1.68819488260662	-1.47250343426533	5.12968450762699
zaca1241	-0.142128920528351	1.95775216581647	-4.08955731209269	3.82500218804654
zaca1242	2.06280750582041	2.03396791492895	-1.68998727194464	6.41728792146447
zagh1240	-0.857680997449372	2.03899846455494	-5.17219177483854	2.94357260704576
zaiw1241	1.01716396748517	1.97696405032271	-2.82975378015587	4.90520935128983
zakh1243	-0.404345047089298	2.16943401374751	-4.99321892710975	3.83465553786465
zamb1245	1.57298075631382	1.95993807892663	-2.00092337207034	5.75185220361733
zand1248	-1.56476945476975	1.75715675906961	-5.27381797002683	1.76015535850868
zani1235	2.21497594924239	2.0135787378406	-1.44996194632218	6.4646031133602
zapa1253	-0.217182203407826	2.23419519795787	-4.68905054782581	4.20359632152642
zarm1239	0.418342550361592	2.18491432364879	-3.73525931971435	4.83359813741912
zaye1235	3.93378664378305	2.08157465365703	0.310328543952389	8.4593608768086
zays1235	-1.73618503091638	2.04851485133343	-6.00081847643973	2.08541363256401
zeme1240	-1.53947833463489	2.0864584047757	-5.91684373832585	2.26085296412193
zenz1235	2.05244115660869	1.99176413457644	-1.59097068228299	6.22580649415454
zhab1238	-0.252645235013483	2.18566032966542	-4.7137829157017	3.97035028007839
zinz1238	0.0548384001868686	1.93723847293723	-3.71322547003567	4.04452989636028
zoog1238	1.64702519596744	1.89654771743576	-1.91909445383952	5.5842806246637
zulg1242	1.29367443446963	1.52046420818904	-1.60497742993277	4.4664667529724
zuni1245	-0.385642071162533	2.17573814178187	-4.84846085263044	3.80646426739594
