Estimate	Est.Error	Q2.5	Q97.5
abad1241	0.637953331749557	1.91097000682389	-2.89827984834716	4.72221205276927
abar1238	0.569991878330043	1.87371462307748	-2.98138623888922	4.47413267050021
abau1245	0.637260161229206	1.90875922250649	-2.96138758108976	4.67378782806981
abee1242	0.0116354328521376	2.05257767403259	-4.12590021918582	4.15722821382618
abkh1244	0.224412352601709	2.00671686041858	-3.85444632452301	4.37157590325
abua1245	0.25278637110779	1.74850586827994	-3.172049788298	3.82885283329596
abui1241	0.863562050293656	1.95715011904293	-2.94027476913416	4.89225361971976
abun1252	0.629822809453651	2.02758663495253	-3.18179691312145	4.79764467334746
acha1249	-0.0879471152578925	1.94946393080657	-3.97030575005569	3.80802006118331
acha1250	0.789855414575929	1.83749878552297	-2.64343922597828	4.60713004969001
ache1245	0.457061907005259	1.99857211173766	-3.57014319170726	4.45379335348387
ache1246	0.421653945555762	1.86752311496899	-3.08673640381353	4.36485649731707
achi1256	0.31720672412673	1.85232597352123	-3.35429183081987	4.04353456220138
achi1257	0.147186529813849	1.7135369134485	-3.20514919233651	3.72855044647254
achu1247	-0.800970408520851	1.85111144563514	-4.56855310436945	2.7730010458995
achu1248	0.397378611875108	1.92603246912147	-3.29983889300833	4.4122629438062
acol1236	0.14451367432142	1.80447891066388	-3.36146685931261	3.81767817191489
adan1251	0.834660917914331	1.92461328403853	-2.88464664846208	4.88451798754152
adon1237	0.904809989063624	1.8721334199514	-2.55441042252782	4.91328975631184
adze1240	0.930727776135294	1.68219280489785	-2.15417267317902	4.50401837717403
aeky1238	0.589853096215161	1.9634761255758	-3.26544245714692	4.8058814984989
afad1236	0.729668577534334	1.83959281641597	-2.78127362174127	4.54547750458393
afar1241	0.319555283585104	1.96389575652318	-3.48994848078203	4.35790140304865
aghe1239	0.528120916495639	1.89762011901288	-3.03410750387298	4.46849412796097
aghu1255	0.322697416120283	2.0483944597506	-3.73036649209084	4.54889714708814
agob1244	0.584343440904054	2.02673346500679	-3.22311490637478	4.87852448497516
agua1253	0.334232036144909	1.97812458331377	-3.56096687656406	4.48345093071119
agus1235	-0.896241782735461	1.86477833820351	-4.77968815858762	2.57506795795474
agut1237	-1.25489698585244	1.78966345235229	-5.10855556971626	1.98128144324897
aheu1239	0.574960392719494	1.88857012703589	-2.98368069725676	4.55309484880587
ahin1234	-1.32028001184956	1.71654203011248	-4.95621848071229	1.87864469500801
aika1237	1.31582341599206	1.88212783164966	-2.18643753768454	5.39139679469448
aime1238	0.700776875518113	1.98423054889752	-3.183716965239	4.89015019516293
ainu1240	0.0460451986233642	2.02387844610837	-4.00495193464694	4.03556293817502
aito1238	-0.222461289695353	1.94837850665549	-4.15957469430005	3.65303518941087
ajab1235	0.0740169722963266	2.03912717294319	-3.94865332667916	4.2260801514297
ajas1235	0.271182326644208	2.02860995002732	-3.71156860245939	4.31652261927594
ajie1238	-1.46088550892914	1.52017211161166	-4.62613450081774	1.33128925232856
akei1237	2.73138533113208	1.82070577806479	-0.443982248868622	6.77867592502033
akha1245	0.530314162085713	1.91285438928027	-3.19478403229035	4.58220680782004
akoo1248	-0.249955650489048	1.9283727172185	-4.20738878165073	3.52852727296979
akun1241	1.23557327815696	1.89161665028188	-2.23447923370528	5.23516159203279
alab1237	0.212432382909388	1.97137264540867	-3.65254215161655	4.31576937648
alab1254	1.08388865900894	1.89453822709202	-2.42539434428903	5.05767515169958
alac1244	-0.702058604668769	1.90798144672236	-4.58583223397071	2.97511751889788
alag1248	0.567051126383394	1.84441300380004	-2.88042422240585	4.40208643431284
alam1246	0.934823663399443	1.96572650952571	-2.82527026985362	5.04280985317953
alba1269	-1.30216964853376	1.85965620340226	-5.34595489485301	2.07640535234571
aleu1260	0.255680345236432	1.95762982714461	-3.48949975619184	4.32721044120823
alor1247	0.833441706856629	1.91010748384731	-2.78888567430371	4.82219428183536
aluk1238	0.0603649073741409	2.12588962717086	-4.32431901799653	4.36485217170384
alya1239	-1.9562142057479	1.84822097576923	-5.8296845961981	1.40365107314473
amah1246	0.306692976949705	1.8943088567168	-3.40337678398237	4.24165430601267
amam1246	-0.0298409187364019	1.73076377154119	-3.49864760319173	3.50567502626604
amap1240	0.555903090267991	1.94844051763949	-3.14170849479536	4.60908200133039
amar1272	1.88904291809593	1.76793489345697	-1.23899104393775	5.77837497011485
amas1236	0.147403155884821	2.01420854788833	-3.82234367061683	4.23118981317479
ambu1247	0.558502422970957	1.83340790913581	-2.98467652251098	4.27908508234453
amdo1237	-0.0173841310506887	2.05309935522761	-4.01122121103135	4.03594372752945
amha1245	0.530924215105917	1.97778576376036	-3.28821373378095	4.62561040053289
amii1238	0.0627977567946275	1.90211641666091	-3.71351413849424	3.96385393180342
amis1246	-1.95992757642834	1.71510611459396	-5.63206608455102	1.13638047958343
amri1238	-0.291887147511755	1.91089067240051	-4.12876307671432	3.38584538394561
anei1239	-0.925103662194489	1.59713565520414	-4.25108982577773	2.07894142551116
anem1249	1.93408711686766	1.78665623584926	-1.20735972674423	5.79327902297737
anfi1235	-0.442242603820264	1.9362221961064	-4.45472596125046	3.33253960323726
anga1288	-0.561797526789665	1.96576679004979	-4.61609058094071	3.18598589567673
anga1290	0.260884634518714	1.54642742370661	-2.72916869545029	3.38601424158268
ango1257	0.250927141636805	2.05889455333879	-3.77669310224543	4.47506437306777
anta1255	-0.659907923175219	1.88479324995784	-4.58765607823275	2.90584544754372
anuf1239	0.0535374151953213	2.01847366364183	-4.03802031356452	4.14099933413084
anut1237	1.84961883103864	1.76944737898772	-1.38314385899966	5.53573252886218
anuu1241	-0.339048527149747	2.03029733665195	-4.4861846460187	3.6250239671216
aona1235	-0.0942209740464683	1.99835308056839	-4.07499873479197	3.94840562516815
aoua1234	0.105848933557677	1.99264632298102	-3.91422689686034	4.0994928489036
apat1240	0.034585855400063	2.04718850534356	-4.07411777620189	4.25061935030652
apin1244	0.121676923092043	1.95222277930101	-3.68280520251745	4.0588711833249
apma1240	3.22357583107842	1.8298349631726	0.0918233803187877	7.27343719371519
apma1241	1.34188338499295	1.91384949800537	-2.25262144343498	5.37822629915946
apur1254	0.746834551966779	1.85589376297443	-2.80343395410384	4.62564114451106
arak1252	2.96655645653225	1.79069160838245	-0.137518882417049	6.97594383611535
aram1253	0.471736103414313	2.06573118566357	-3.44135766338643	4.77003219311422
arao1248	0.239812200528818	1.80670193538522	-3.23556983168893	3.96347907437767
arap1274	-0.564230051047961	1.84279983279733	-4.45087735686671	2.89894037649431
araw1273	0.444809906124687	1.94834128971585	-3.24340243747566	4.53478701416058
araw1276	-1.06686028736924	1.68541609713885	-4.51861600050365	2.0931874030504
arbo1245	1.13461036598324	1.86863165452143	-2.4174038085299	5.091298605464
arch1244	-0.375138033005077	1.97979321273319	-4.44116779482195	3.53811631290203
area1240	0.488225614443149	1.6015538196517	-2.62339266753679	3.89168628372665
aree1239	1.25980685917041	1.78218532463857	-2.02218643279087	5.15979342360469
argo1244	0.512071173141936	1.95480693711021	-3.27857002955075	4.61731750435699
arhu1242	0.171640233221822	1.89814989586134	-3.68886460108105	4.06116744684328
arig1246	-0.609079890372344	1.95980304501384	-4.6217864641652	3.13224058019691
arom1237	-0.626112541831101	1.84930925749143	-4.40760403033191	2.99038659361182
arop1242	-0.0673450833185537	1.58650436191988	-3.18805527730008	3.15884511505427
arop1243	1.58379845920558	1.86877234614945	-1.75607680844301	5.53740745234909
aros1241	0.549441181855715	1.72439980975663	-2.70875368692572	4.22940408282533
arta1239	-1.45505215849388	1.75905971565222	-5.14056945394271	1.74308672134081
asha1243	-1.76880022898861	1.87147296899017	-5.86365387722405	1.66019781994928
ashe1272	-1.75911072842207	1.85440818701372	-5.76692406519892	1.64300007053299
asoa1238	0.187233003289888	2.05812906531393	-3.89991528533885	4.50078535933571
assi1247	0.234515396176708	1.99018317761334	-3.78094877247095	4.33178584500473
asur1254	0.0929003219986727	2.03981420819397	-3.98137245316673	4.22111580464318
asut1235	0.250193729128697	1.97387611500407	-3.69888809302021	4.1814261786227
atam1240	-0.909809485998328	1.80273353094978	-4.73577269205076	2.49878767746125
atay1247	-1.27412402625379	1.6889318454162	-4.78720640217842	1.82432960915264
athp1241	0.199479273501938	1.98159316555786	-3.67199926461062	4.24365448249833
aton1241	-0.231948279236693	1.94169421867024	-4.16376386801586	3.69095066968683
aulu1238	3.54728887048029	1.78868745381362	0.439903069091606	7.46692366509428
auuu1241	0.0932326900576019	1.7061449516467	-3.25885810379059	3.67155343322204
auye1238	1.00135090206308	1.94307433247728	-2.60381322157382	5.04490126031509
avac1239	0.443073886348481	1.92588000070654	-3.16230512499686	4.45407938405237
avat1244	0.0501389629482326	2.0553071151599	-4.02944509323785	4.24221274398655
awac1239	0.519329376120596	1.9524270960387	-3.20703073285551	4.38547174482294
awad1243	0.188163192977001	2.0442957554816	-3.91508239401806	4.31463170689219
awad1244	1.4915861184004	1.87790766332633	-1.91942098810694	5.50558459087857
awar1248	1.10379320081943	1.74860124983741	-2.10135239058052	4.85558799812035
awar1249	1.54798336713024	1.87079640266513	-1.86818268563555	5.50585834260444
awet1244	-0.672741268363576	1.55095195318055	-3.80227960688435	2.3596759631238
awji1241	-0.949014965457265	1.86673997534082	-4.84759246251499	2.6035281370564
awtu1239	0.235019514449475	1.73160893903488	-2.99973770573661	3.82355234560367
axam1237	3.50502800107677	1.79610373121837	0.384182186065996	7.45280856211739
axiy1235	0.269176563096091	2.04012779552328	-3.74925208585982	4.36949759749929
ayac1239	-0.686262124276543	1.98229613203212	-4.67855759658037	3.19088955358026
ayiw1239	1.33441881260644	1.5623496104422	-1.56178429555709	4.70342014488234
azha1235	0.380000907723401	1.99959720315878	-3.51297935453755	4.54433759104664
baba1264	0.522255162341301	1.86183422823001	-3.08261123773982	4.35815131037923
baba1266	0.456921718630091	1.88928062789166	-3.19081627668473	4.30583578550257
baba1268	-0.98292622400852	1.72004785986782	-4.42902637792238	2.44812349471951
babi1235	-0.0432653796753261	1.99385659956832	-3.98101453658166	4.05917475460475
bada1257	0.0566257945813669	2.11450679674651	-4.18309661169479	4.28250650638078
bafa1247	-0.662944586265569	1.93078850393155	-4.61296352064877	3.06098279602974
bafi1243	0.212855268582198	1.95225424787348	-3.6171958565629	4.15333676338844
bafu1246	0.477887497593527	1.88489575352984	-3.18876781951198	4.31599308567406
baga1272	-0.976783067598536	2.02388519508984	-5.14349066056134	2.90658274370127
baga1273	-0.437408142164262	1.95145341257962	-4.32172744631309	3.34473708555482
bagi1246	0.69997713968676	1.80260117232296	-2.69197387449403	4.49349668027267
bagv1239	0.283432783774507	1.95359905313544	-3.57458452120052	4.27548188411379
baha1259	-0.670401860298526	1.80297658620401	-4.45507561644846	2.65151276775174
bahi1252	0.240761184136711	2.02032582442866	-3.66090179852234	4.34317863547041
bahn1262	0.918093539360176	1.98510668456357	-2.82558695211775	5.14895010153934
baim1244	0.0311549862215958	2.0314191755102	-4.03374276726362	4.18772507509981
baka1272	0.13973964090195	1.98487721169338	-3.7721383164362	4.09923214771431
baka1274	0.11783723043502	2.05358846953665	-3.92704897263987	4.26440016948165
baki1244	3.43585831284685	1.79925301290975	0.303531364091033	7.40447728166431
bala1311	-1.32966433217729	1.90609557480651	-5.32972819885638	2.05992123829665
bala1315	0.746334996148552	1.76804739522345	-2.64986558054456	4.39142973877507
bala1316	-2.11637739359239	1.81062496052472	-6.14970176060716	1.06764412300092
bali1278	-1.27080540780037	1.76976045926896	-5.0080143792673	1.99362696346794
balo1261	0.28451359173123	2.01394737375737	-3.63085233207355	4.46542738808807
balu1257	1.5870387902947	1.88230434756799	-1.75746552674512	5.66245857274263
bamb1262	0.0181596794025671	1.98085651693124	-3.95580512261468	3.96096758054434
bamb1269	0.0210982744400893	2.05612472789143	-4.16564649209408	4.07742667590615
bamb1270	0.752962306776897	1.7561427496833	-2.62856916756156	4.40800850904258
bamu1253	0.378352260539964	1.89464212875981	-3.30258970109048	4.25517615063239
bamw1238	0.323563655932113	1.98050467487801	-3.53732872067042	4.40704244881805
band1340	-0.446016530116909	1.94591799134121	-4.33088835163116	3.41511759014999
band1344	0.07653443942845	1.9689970773033	-3.82332784215806	4.12584538123507
bang1354	0.160653372850753	2.03547177390813	-3.83433212768161	4.28317505844831
bang1363	-0.633157138546137	2.00206730284163	-4.70139745253703	3.2617403273797
bang1369	0.0966286805901929	2.06124056443336	-4.0042733305415	4.26748044311076
bani1255	-0.488720053069232	1.72030783577987	-4.2113627470388	2.75557730140647
bann1247	0.926818936519909	1.60350317349692	-2.00424482105078	4.36012252511976
bant1281	0.214773340086766	1.98508855640304	-3.70260832880779	4.28698587971853
bant1288	-1.03685603217505	1.93048079433424	-5.15355095942816	2.58166714045668
bara1357	0.189246401413985	2.04066730369131	-3.82896854397673	4.2619557222629
bara1361	0.183137665459546	2.08069380206436	-3.91631239002049	4.38801098077448
bara1369	-0.665428181856214	1.80066967327238	-4.42975080792294	2.71971102603952
bara1370	1.71454423857579	1.81995670702296	-1.53697715160212	5.61158067547092
bard1255	-0.882147062525287	2.01190529974036	-5.06819807909406	2.93408259160894
bare1276	0.0241517558874603	1.5476597299039	-2.99246650017562	3.21174217502791
bare1279	0.825416945677832	1.92574830749107	-2.83123346059748	4.82246748804221
barg1252	1.69488496250133	1.88122277855229	-1.64430333967791	5.76747333869034
bari1286	1.89960267220614	1.77160890324783	-1.24144438230471	5.74862189913657
baro1253	1.62303446475767	1.66926331014251	-1.3942057425166	5.23446640623538
basa1282	0.0582297056888474	1.9892392739945	-3.93302607428911	4.10522328564163
bash1264	0.0302197462347207	2.04228178778202	-4.08470470291088	4.12221293714599
basq1248	0.121419783532819	1.97549240552218	-3.7401521479716	4.0944535757404
bata1289	-0.983151587478598	1.82029426235322	-4.82925884423301	2.37827837823403
bata1293	-1.11026167928058	1.85533866353966	-5.13841511709452	2.30297154968371
bats1242	0.651310954150069	1.92398797433124	-3.05316756415764	4.55964828388324
baur1253	-0.577057739394797	1.71787996639016	-4.13604600036881	2.64294208836182
bauz1241	1.05596088899542	1.92934943981128	-2.57737954534103	5.19549609721509
bawm1236	-0.933444197466735	1.98221178441565	-4.99713852978711	2.76289706397401
bayb1234	-0.781261730587964	1.98706964554518	-5.08727483180262	2.93071165353155
bebe1248	0.242143731703257	2.00538497097336	-3.80959830430089	4.30320857397982
beem1239	0.123891190298477	2.004056935123	-3.76823539461683	4.17549768547965
beja1238	0.0714998697676646	1.87149216731526	-3.5793632295788	3.91528414374008
beka1241	1.48149866753908	1.82355701956289	-1.8157385935302	5.38851383747616
bekw1241	0.323454537822501	1.9309173717625	-3.41435775075286	4.23945008098578
bekw1242	0.15122955373291	1.98823146576949	-3.84258772215613	4.15911339288644
bela1254	0.143856535559021	1.94430950137523	-3.68635780269988	4.00558479034184
bela1256	0.54635687625111	1.90175992444874	-2.9954580567761	4.60495684182586
bela1260	-0.645487941766136	1.61910951812252	-3.88136181288433	2.53641554132821
belh1239	0.19687456397821	1.99647387001969	-3.76575452300059	4.23084563358186
beli1257	0.142485511585513	2.03303883244085	-3.86815479698667	4.38093226386534
bell1243	-0.428732009134747	1.97734375540908	-4.5456897937942	3.42241433277221
belu1239	0.211590556544449	1.95459337587316	-3.6218941208767	4.27703584089418
bemb1257	0.023925349921075	2.00896913931506	-3.97781473719816	4.04662306588885
benc1235	0.988747492626534	1.88732712356164	-2.50214065197057	4.98176900939228
bent1238	-0.50041800782439	1.95141543278029	-4.52086640330098	3.31126921237947
bert1248	-0.0440687300940109	1.98309937427259	-4.03178417692892	4.03402287961304
bezh1248	0.334256941088921	1.9476729189069	-3.4564020287944	4.3339401689659
bhoj1244	0.141785689521303	2.02945184101607	-3.89372971402909	4.36241392997053
biaf1240	-2.38093810558777	2.04232250092729	-6.80478744242378	1.12850039626219
biak1248	1.09644153571087	1.86977730313606	-2.34386385633786	4.99453832145782
bian1252	-0.324009287146718	1.51977961097158	-3.39341840653125	2.67991493180227
biao1253	0.0246938130049656	2.01777971470687	-4.02788013509851	3.94085231506463
biao1254	0.0523508397667955	2.02110508718445	-3.96011861076968	4.17162545608361
biao1256	0.00903336292405537	2.03711053816687	-4.12716765444518	3.98003089019132
biat1246	1.73252639924506	1.80950378894451	-1.4772381168244	5.66571165844637
bidy1244	-1.07020442442106	1.95582784223549	-5.11488627814498	2.74919842024321
bier1244	3.45003137832281	1.80413778712376	0.291867056334227	7.4610032071277
bign1238	3.30927901049575	1.78186036115337	0.200187591030644	7.22699985206909
biha1246	1.08009101282687	1.93177058670704	-2.51520999633881	5.2293644772862
bila1255	0.204547292990597	1.95959386097847	-3.62775424734187	4.20973303837389
bilb1241	1.65393117739732	1.87852881497376	-1.69351149765833	5.80736968776667
bili1260	-1.80295009230036	1.82925595760725	-5.79951993384222	1.49787534430061
bilu1245	-2.10730187545688	1.74510552450009	-5.77364449863049	1.03169710083798
bimi1240	0.631544902716266	2.00498882960844	-3.18868182948056	4.99236675332425
bina1277	0.445483289306453	1.90449890860853	-3.23942811127983	4.3287533546532
bine1240	0.599045744036215	2.01123548801543	-3.24709174318427	4.76665625381488
bini1246	-2.25884614016735	1.99363804386957	-6.63231067757444	1.25416483389127
binu1244	-1.03064602936224	1.77848713878435	-4.95347823275117	2.28742818843308
bira1253	1.348582715084	1.90981308826569	-2.15314645149528	5.33525082092
birr1240	0.155869268292021	1.98377806258778	-3.79986121712224	4.21274888587355
bisu1244	0.358686199020097	1.91095407177924	-3.4515659067148	4.22806221418036
bitt1240	0.765879729671961	1.81661780345464	-2.60220818558137	4.64524714080595
biwa1243	1.25164480638234	1.91571901594977	-2.37548857849165	5.33033471703595
blab1237	-2.62916470225778	1.53006696645288	-5.85240771760347	0.179439960725556
blan1242	-0.478583275996415	1.78164446515908	-3.98551751359989	3.04110052077891
bodo1267	0.13931521489577	2.02473138027886	-3.76809019664964	4.16930979780229
bodo1269	-0.408523780955622	1.91634736958651	-4.27849678568057	3.28749549815776
bodo1272	0.282628069386839	1.99716112365632	-3.64949866330999	4.38810853661678
boht1238	0.843307486308749	1.82062782022438	-2.53481210615802	4.72688846262404
boka1249	0.136489989001708	2.02603781628135	-3.83522083163655	4.12022486505735
bola1250	1.79085363401685	1.87257970018723	-1.56834602575634	5.87999422898582
bolg1251	0.622650508644176	1.96833402377241	-3.06548950872086	4.71953410399337
bolo1262	0.274953164773725	2.03083336578081	-3.65870448387026	4.48783724779446
boly1239	0.391794700258795	1.96127121074675	-3.46989233451328	4.57476682657708
bomb1262	0.324615706158925	1.98591691419985	-3.50800725896562	4.36496442997222
bomk1234	0.126500094963342	1.98455021475434	-3.76987362354498	4.19142919845758
bona1250	0.0527231003968807	1.98263542964232	-3.78183226732711	4.04866855039879
bond1245	0.207883873190375	1.99794100603576	-3.6690448214942	4.2996753925829
bond1247	0.19757123761595	2.00198701561032	-3.7735831262783	4.24682935568957
bong1284	0.206673868006646	2.05565493663799	-3.86177396605411	4.28741126552659
bong1285	0.403171839403114	1.99032531725816	-3.36799822060742	4.54381807774548
bong1289	-0.100214457283589	1.65071978545153	-3.3192206783189	3.20714056582828
bora1263	-0.701582603641154	1.80809546015811	-4.44146610839855	2.69809514781533
bora1271	0.136909053172429	1.89646221974309	-3.50050939540969	4.10143630178442
bord1248	0.30336323616084	1.95780924924748	-3.50471515882624	4.42166730861814
bori1243	0.135730113478815	2.00526946624959	-3.75549512373325	4.19085509281657
boro1277	0.060922953413873	1.97913533596575	-3.91724324734094	4.10588908695398
boro1282	0.195715320781248	1.94451437383422	-3.61694941541943	4.16282635778618
boto1242	-1.2828554221992	1.8375247707702	-5.26222096701451	2.09525365238033
boun1243	0.0336637774221145	2.03391295348997	-4.02642407287081	4.11738471887353
boun1245	1.11467901750409	1.96878839383921	-2.64382437770746	5.29620456455565
bouy1240	0.21409252756828	1.97035587659236	-3.71609998974812	4.29531032765709
brah1256	0.0397474063010999	1.98987665054235	-3.93544834759117	4.09592591319902
bret1244	-1.51724853082832	1.91369964884594	-5.6670110815335	1.95879311335459
brib1243	0.435452255471206	2.00747479944909	-3.45354705204516	4.5436553012351
bube1242	-2.41495722533779	2.00795487748391	-6.70805257443549	1.04377467090989
budu1248	-0.334526173804316	1.96966061074568	-4.46320974500539	3.48883205473012
budu1265	0.671273693721376	1.86144445077765	-2.77039392290689	4.60496067603849
budz1238	0.15280114870081	2.09181074163039	-4.11229884905025	4.46758589967959
buga1247	0.433766742684916	1.91105047084276	-3.26946075614917	4.3070492375693
buga1250	0.359686036640455	1.5762113568024	-2.68372933507896	3.53312916275629
bugh1239	-2.1145274134863	1.50596278333489	-5.29471042590941	0.693994338338626
bugi1244	-0.756096455077885	1.79376009618936	-4.48304163169322	2.57627717681654
bugl1243	0.235124107932347	1.96916550396606	-3.65055705358066	4.35672725913787
buhu1237	1.0079876749444	1.92175712626515	-2.55466170279376	5.12320181295208
bujh1238	0.213813829905777	2.00052755545992	-3.6140306359115	4.35733703533204
buki1249	0.460875043144325	1.77593688397426	-3.00007989761254	4.08163659434428
buku1249	-0.842671973582815	1.94367681777352	-4.76965057589361	2.96168137479791
bull1247	0.0329644322018779	1.9990365048402	-3.91227843342151	4.09506216077898
bulo1242	0.757258545410368	2.01461652407067	-3.12531631838572	5.03662708550915
bulu1251	0.0285218196413835	1.98483551090738	-3.92120669993595	4.03439204626876
bumt1240	0.0600823278318543	2.01806883104573	-4.00383145708736	4.03450926999052
buna1276	1.00394344743672	1.86419652799892	-2.45842158778753	4.92526248601883
bund1253	0.0508042953337619	2.10415055247091	-4.24716976817493	4.25394473053106
bura1267	-0.521002676592653	1.83021250677435	-4.18216775373645	3.01400703240942
bura1292	-0.503029598481947	1.66675979507044	-3.81112414688407	2.82501254682464
bure1242	1.17807958357904	1.84211081742884	-2.16526561408339	5.05513619037724
burj1242	0.428106965413201	1.98705553953344	-3.40635073086446	4.48459335385112
burm1264	1.00431055854383	1.91192749589345	-2.57526015116882	5.06030027549308
buru1296	0.134950964783139	2.03308615979637	-3.96979486511237	4.26606597888081
buru1303	0.480781489464223	1.98734911972478	-3.27400533867269	4.61339596095625
buru1320	0.588333975286308	1.8856463064045	-2.84670289216605	4.5662881800394
busa1253	0.0660414009678839	2.02120811689474	-3.95325342415819	4.22523928914582
bush1247	0.0719493381204034	2.00365376022302	-3.76684004519339	4.08727320692681
buwa1243	-1.00110147803194	1.53504625613187	-4.11411974858537	1.90966583169697
bwai1242	1.23408330235543	1.81776281899716	-2.04712187493617	5.1116059789636
bwat1240	-1.68762605091906	1.60152386164926	-5.09465137378274	1.21670120619127
byan1241	0.116698599366316	2.01989071148432	-3.90577219317687	4.17563446182158
caac1237	-2.16305228134513	1.77660204130595	-6.14690640948033	1.02930607476912
cabe1245	0.43645206404747	1.97597951750134	-3.44486836250054	4.60718920054459
cacu1241	0.582984626303182	1.61016789265027	-2.50110005940077	3.86190108422909
cahu1264	0.280474217011974	1.95985905074642	-3.48999157503885	4.28869875332083
cakf1236	0.142465768063148	1.68164395635005	-3.19146253397823	3.49301177028182
cald1236	0.603069505659719	1.98010063195909	-3.19190220564358	4.68943803164691
caml1239	0.223449439088724	2.00082813527386	-3.63905553874997	4.40309443214433
camp1261	0.207092101356116	1.97424371102054	-3.64885006098196	4.28053444490002
cane1242	0.0973854669841355	2.0310156439441	-3.87504127439278	4.29727120056454
caom1238	0.0640807500730153	2.11745301058703	-4.12831611443562	4.2248390036374
capa1241	0.342785580070674	1.92970655062813	-3.4220469863124	4.3545235149665
carn1240	-1.9972070737221	1.89789982612767	-6.02723121748857	1.42043280276303
caro1242	0.118130733133628	1.86818518956645	-3.39594289973826	4.05690563934773
cash1251	0.226972123581115	1.82539092559699	-3.32011756924494	3.95515550341725
casi1235	-1.4227045350408	1.79913903017587	-5.21546385972897	1.90969873021901
cavi1250	-1.97852012570281	1.85376207143177	-5.98542611519826	1.33886357129251
cayu1262	-1.93437287151651	1.92352354786175	-6.00711743230017	1.40206798361808
cebu1242	-1.06592836413918	1.82302960112493	-4.83118180104438	2.39814207584928
cemu1238	-1.89772051994036	1.6831368612906	-5.45259617831336	1.2011130965364
cent1989	0.672294144083149	1.91222860694789	-2.90361579794456	4.68969921511442
cent1990	-2.007223073089	1.89788463427665	-6.10225981097903	1.32658478980441
cent1992	0.954229478262353	1.9617766110762	-2.78939180075828	5.06009481169908
cent2004	0.00205407235731414	2.04532870967007	-4.07079177271884	4.19233410895281
cent2050	-0.451133473546265	1.81842258112752	-4.11682348401312	3.15848928027809
cent2084	-1.21469975557858	1.83569477036586	-5.00726278739819	2.18253078529498
cent2087	-1.17899699764412	1.86746552559261	-5.15890606354765	2.22632701146877
cent2126	0.0558157220249374	2.0171721824814	-4.00652411701437	4.24220561970359
cent2127	0.252621390872207	1.99468453372978	-3.72791913319305	4.40879430426743
cent2131	0.0618272220207599	1.83831311551962	-3.60359506381734	3.70285682877443
cent2140	-0.388959275207596	1.86035333204467	-4.12737436899462	3.30958082686383
cent2142	-0.414155715432167	1.94399299652448	-4.46757689399778	3.27839752975315
cent2150	0.210550470726312	2.03772172813172	-3.70645868493721	4.37534814592324
cent2292	-0.472254886742392	1.62067218518715	-3.67068612175746	2.62964426785395
cent2314	0.563492420137996	1.90831019323523	-3.03071312777864	4.53928149557939
cent2322	0.0226361987966926	2.08448586189898	-4.02341565064945	4.23632717953981
chac1251	-0.275704235098026	1.76985441777313	-3.77105820355978	3.27957967928103
chad1249	-0.149429095984365	1.8772591353328	-4.00634951971177	3.43603083608355
chak1270	-0.273163290719947	2.02410436146927	-4.39278180418477	3.6649025683103
chak1271	0.0633429659638045	2.07708579337913	-4.16223328581624	4.23322915411419
cham1309	0.344167610844466	1.96485756185788	-3.56467407427428	4.35488007444132
cham1312	-0.788574968087382	1.85957748630823	-4.71325187297965	2.56561926198423
cham1315	-1.42377724204053	1.98163246817675	-5.6179099762483	2.29955576915714
chan1313	0.0044671430910324	2.04846721866507	-4.02068150595075	4.1679323434444
char1269	1.36706651014688	1.99921580722617	-2.40247281306704	5.59479422841207
chas1234	0.00943912252940889	2.01944821239255	-3.98755984101272	4.14584073099522
chec1245	0.347261374388375	1.99421641405535	-3.5646646047377	4.42557034031033
chek1238	-2.25519632789079	1.4776510728536	-5.31631299387211	0.527378580855806
chen1255	0.0757656633087111	2.0547818792193	-3.97299457149931	4.2959619697357
chep1245	0.233292453345636	2.01931646372325	-3.56317872465254	4.40331782911165
cher1273	-0.982103533498356	1.90290840004628	-4.94266838419475	2.55616917737006
chey1247	-0.46658519072081	1.82980210476267	-4.35731529581946	3.09377862267988
chhi1245	0.204641746950074	1.98756179426905	-3.70186311090695	4.22251232587104
chic1270	0.390776277028177	1.99839534253602	-3.45352290731171	4.51018529382851
chig1238	0.128803904569503	2.01454350839494	-3.8310758653171	4.17823116794643
chil1280	-0.0902545651775174	1.99146915353649	-4.03692256264852	3.87694431757735
chim1302	0.448190997230142	2.04571889409361	-3.60487095183223	4.6931510906868
chim1309	0.276482894699969	1.9569488361461	-3.51998296165124	4.24527324479317
chin1286	-1.14874112936104	1.94290931826217	-5.32249153446499	2.44201032407509
chip1241	-0.368798401806079	1.87322799525193	-4.31133454617128	3.22225401441602
chip1261	0.143631520183486	1.97497088330885	-3.6798917218248	4.24934776294723
chiq1248	0.680898629844451	1.95613787612032	-3.0494824683706	4.8695295308667
chir1283	-0.45015832669868	1.91564456087561	-4.36924066084701	3.38297379589042
choc1275	0.037874760089385	2.02065110571606	-3.96296594817887	4.08471554483152
choc1276	0.33161055432828	1.94882422739204	-3.48018643087879	4.27026282511405
chon1284	0.591657004334218	1.90656822684149	-3.01198459875247	4.48995827343216
chot1239	-1.65255532259152	1.96320667676048	-5.80452837312246	1.93534511121831
chra1242	0.571590491150276	1.98771415694163	-3.33593951986203	4.81671184059701
chug1252	0.0260157538434548	2.00322385637634	-4.05762647037817	4.08492179119766
chuj1250	-1.35156228418896	1.89471378785534	-5.39470406972791	2.23413216207888
chuk1273	0.190252135505435	2.05054589484815	-3.80149663468345	4.40291913433106
chuu1238	0.144304484297713	1.91867091344301	-3.48872854610624	4.00574708246932
chuv1255	0.0455540034126539	2.06831919194579	-3.9401881473877	4.18872117164531
chuw1238	0.00285266640994794	2.02494067059374	-4.02505773771192	4.09645496190526
cici1237	0.172604361999755	2.04411015229043	-3.86102074864907	4.18282239076573
coat1243	-1.24817239789101	1.97049960445459	-5.32550890359745	2.40152695403164
coca1259	0.0708058938022631	1.82496095490189	-3.44063113255333	3.7860928849506
coeu1236	-1.23352578889894	1.91111492331681	-5.38560371435011	2.26729148716567
cofa1242	0.764969081206877	1.90397917462252	-2.80142240672886	4.88206203776343
cogu1240	0.132192221184562	1.89367309252483	-3.60323832865571	4.02351283678403
colo1256	0.465562147167946	1.93935064797945	-3.31086608137864	4.46800784012272
colu1241	-0.15829776717732	1.90465397954938	-4.02986020189902	3.61097653570978
coma1245	0.352993553686906	1.99854191658194	-3.42329374436477	4.42571915496117
como1259	-0.661699841379068	2.00195688730733	-4.83589024514625	3.08100281815076
cong1236	0.0715136775785174	2.03183928090307	-4.03635392572316	4.14077994650003
copa1237	-1.09369876810845	1.89667558141442	-5.02129798246645	2.52606230692242
cori1240	0.495226583637891	1.8616652828355	-3.08017775168116	4.33936833597927
cors1241	0.196841946700587	1.92555829945248	-3.5671966167799	4.1363628203076
cosa1234	0.664274106744299	1.85796025108867	-2.90909743676749	4.61152846147413
cota1241	-0.287304165349621	1.66091215671056	-3.73853273412684	2.87126483316646
cree1270	0.320996949329562	2.00694748572873	-3.56624882284829	4.50851285646561
crim1257	0.0441312720591189	2.00648680890809	-4.03811323497262	4.10057253485848
crow1244	-0.180933520542324	1.88281365191523	-3.92847033436702	3.67907543895228
cube1242	0.914343364499762	1.78906132092655	-2.44183677478639	4.6098591974708
culi1244	0.497164091894794	1.95514224303787	-3.16324272392773	4.54634487603795
curr1243	-2.30794730720339	1.79789427328342	-6.19636953223599	0.780430980797457
cusc1236	-0.192587216285262	1.98157718410885	-4.15386443921748	3.67389169606473
cypr1248	-0.766988954329897	1.82915520266663	-4.59471865979528	2.67075335051096
czec1258	0.0117056367110866	2.01044755032154	-4.20359998547226	4.02488045037728
daai1236	-0.0950019714036712	1.95335290300407	-4.0620201373787	3.66749225216552
daas1238	0.314251132727082	1.75103297087402	-3.04032851517309	3.80801847904527
dadi1250	1.03537780535092	1.99412450838339	-2.67476402975	5.21498872885245
dagb1246	0.0963423343885226	2.0394667230852	-4.0571205812105	4.26391630881365
dagi1241	0.300549775417903	1.99633874927727	-3.77090599956193	4.41160128215544
daha1245	0.356051043171	1.93610451717074	-3.38327836147034	4.3477605805151
daka1243	3.5186718077991	1.81248865403202	0.417087173878379	7.54745084479503
damp1237	0.789906658377834	1.73408568518827	-2.46045695030852	4.36976372818935
dana1252	0.451805937582789	1.93020581179388	-3.1931504419266	4.53269909334083
dand1238	0.0654253239082122	2.02453818389985	-4.10882212504097	4.0794496396981
dani1285	0.101044419198225	2.03332724521848	-3.88493238230407	4.28993439048481
dara1250	0.196529245677283	1.99949614626864	-3.64997365521763	4.28979022013693
darg1241	-0.83355491375935	1.9986760083633	-4.97519801795635	3.02238217072801
darm1243	0.115340241153712	2.02163550547458	-3.85887646932748	4.2278294767686
daur1238	0.00433990092222843	2.08790749583122	-4.21359630042234	4.28207078022441
dawr1236	1.17420170505338	1.97174721706783	-2.4378881410674	5.29973245850262
daza1242	0.0895757369983951	2.05255340553357	-3.92547489639244	4.2147583742527
defa1248	-0.536828300538136	1.86570576027773	-4.33914766000841	3.04267668091641
dege1246	-0.423252118670789	1.86659820767056	-4.06692723655858	3.23279999238287
dehu1237	-2.07938811202697	1.75329793108384	-5.9031130669295	1.05968910188812
dera1245	0.724340619583488	1.88127661272335	-2.80996749456569	4.69758647876788
dera1248	-0.139757281098122	1.74699931382071	-3.55163590066771	3.40995910786551
desa1247	0.252203778735014	1.5559337632294	-2.8092511669524	3.38608300173163
dhao1237	0.35141672625596	1.70768002988589	-2.89559853366239	3.88532634225219
dhar1247	-1.32991274075581	1.86933305084878	-5.30379039481752	2.12099876364646
dhim1246	0.152310521060636	1.98164087024463	-3.70831241021515	4.08788552469993
dibo1245	0.242073065587007	2.0183858085685	-3.62414423642716	4.37175274604047
dido1241	0.461271232766693	1.94137221024729	-3.26756382743992	4.44417912127105
dier1241	0.627919837321383	1.83937493138612	-2.78414121511202	4.38085972562276
diga1241	0.121575387234211	2.01447369611232	-3.89460180727038	4.22739161227116
digo1243	0.158317416435996	2.02056758634302	-3.89314555133858	4.32749747066743
dima1251	-1.14639098464689	1.9568869730475	-5.18263876725717	2.52276990487086
diri1252	-3.00372086124407	2.1141687950582	-7.58251250369452	0.646680502764477
djam1255	-0.718758799075448	1.78642235707869	-4.55419906796164	2.66103739016969
djam1256	0.159509269420635	1.78077362235905	-3.26315088679728	3.80548633081339
djee1236	-0.357367121870762	1.79161349926416	-4.00931517458043	3.24266748368382
djeo1235	-1.06349929823553	1.94619579425106	-4.99739562430291	2.71365367227379
djin1251	-0.369354932771096	1.96459280210817	-4.50015397332217	3.40983512259894
djin1253	-0.606002516834522	1.79288684275476	-4.21353996997374	2.86933226734268
dobu1241	1.11630041881635	1.80371518985103	-2.20090651559776	4.9063301225866
doma1260	0.133484696625763	2.02407350267884	-3.82337331878355	4.195655485865
domm1246	1.2425535822764	1.99645973742953	-2.4988577729656	5.52499184943089
dong1285	0.0878360424208701	2.05021681893494	-4.01405096322639	4.35078669468401
doro1266	0.889183154453069	1.9193854971078	-2.59790799031986	5.01974478605062
drun1238	0.0855126977035028	2.05849952916128	-3.9505475858699	4.28404722222354
dumb1241	-1.70475030077242	1.66067471642346	-5.10325267416104	1.32870069409337
dumi1241	0.218805100109422	1.9932145526673	-3.66911082787447	4.42593694283511
dupa1235	-1.25431419407027	1.84152729881092	-5.12362169729384	2.12851784936187
dusn1237	1.25623945224303	1.87514573880531	-2.19762962486743	5.21792700272261
dutc1256	0.291266778185974	1.96665718663534	-3.54886109708953	4.38328328880221
dyir1250	0.745888225634249	1.9110422573108	-2.8889127277616	4.68173159259317
dyul1238	0.219078695697192	1.98220336553869	-3.71394723127906	4.18563093957519
dzao1238	0.029739764554842	2.00800308109148	-3.96046113139229	4.03646364630867
dzon1239	0.0608722013044224	2.05213678598917	-3.96162878442152	4.20986861956267
east1236	0.765301066761088	1.88804480246579	-2.75997807621114	4.73729045344594
east2328	0.0574403303578858	2.03628818752665	-3.99409283459063	4.17117142491859
east2332	0.619412255410886	1.93643108718704	-3.1269899036437	4.76693106963018
east2342	0.530481411736643	1.90354939492203	-3.11651332992823	4.47312311114588
east2379	0.845469797838624	1.86921962999914	-2.66821312384551	4.75554413130977
east2443	3.00674224958371	1.86875551223676	-0.28760375920677	7.01099318288415
east2447	1.16772979550147	1.71349095941605	-1.97902959409702	4.88290545595034
east2485	0.599242280333996	1.69535783770506	-2.66924712084994	4.0936227428253
east2516	1.00783685130035	1.94634201739992	-2.79455589869307	5.13216823337383
east2555	0.370439094975001	1.87413199968337	-3.27229799233491	4.24455707133549
east2556	0.723872597478741	1.67006479587198	-2.55838291464086	4.17755149005521
east2563	0.770587176176201	1.9008447101068	-2.85225035489278	4.81969721678279
east2690	-0.540192827190355	1.8332110689518	-4.32552929615055	2.97959984156046
east2773	0.235370630972485	2.0410211422742	-3.67051889516666	4.46016675883701
egyp1253	-0.362963916675192	1.90099681741875	-4.26930797511886	3.24623980830789
eipo1242	0.522578440913853	2.03416140300592	-3.44232488054581	4.72028704577996
ekar1243	0.816923852941516	2.01289335049339	-2.97491021397523	5.03160278805329
elem1253	-0.411667685135581	1.8233602327746	-4.07994269654522	3.11638759543214
elip1238	0.151686421036506	1.95757661937409	-3.66800332080874	4.07478020397952
elna1235	-1.42820163699025	1.74662741569367	-5.02134925741745	1.79893505531435
emae1237	3.26310365022341	1.74470444154147	0.210512694761022	7.13765420199585
emai1241	-1.18615167337219	1.89811070929516	-5.22261057473213	2.37062928510019
embe1260	0.274003898346192	1.97807759141615	-3.66627358540943	4.37221218468256
embe1262	0.220872997037646	2.03040955047156	-3.81357429644913	4.43975286038984
enap1235	-2.15939212766269	1.99997468081222	-6.45082850828757	1.41540339565112
enuu1235	0.314200430667593	1.92641985166899	-3.50033233376684	4.25447271436719
epen1239	0.262206411680312	1.96281959823953	-3.51398270684952	4.33797686156926
ersu1241	0.0605540730957831	2.09588532369954	-4.0901473282092	4.18262764804591
erzy1239	-0.0149077604883512	2.09639655901521	-4.25595846786866	4.26137881443901
esan1238	-1.30313551899404	1.89056900814531	-5.2802285798485	2.32739515933134
esee1248	0.486744981162432	1.80355661541519	-2.88815752008282	4.19772210019441
esim1238	0.509667695233698	1.92014963942758	-3.14787053223277	4.50009482525031
esto1258	0.023305502815503	2.07561037531107	-4.0842171067016	4.1873297066022
eton1253	0.130484541651526	1.97231354733801	-3.74145228327776	4.10820023101666
even1259	0.0275394688083068	2.05444676542102	-4.0941755784637	4.2214922226454
even1260	0.0491045084474415	2.02872194064427	-3.88723410675808	4.12874243493956
ewee1241	0.0476518139928926	2.10576889614366	-4.14983158549882	4.2978939871611
fait1240	1.46461623587603	1.95408135803912	-2.0943521070288	5.62655804155063
fala1243	-1.78618003556941	2.00870541248822	-6.0750124936855	1.83974714021341
fare1241	0.0445788286413001	2.0147877753242	-4.03075958904241	4.14805840737906
faro1244	0.214278717767182	1.93362965410102	-3.53577513144767	4.16052615997175
fass1245	0.385833443470853	1.73381947049256	-2.91529923046634	3.88839342422374
fasu1242	0.817722043788035	1.96882392523783	-2.91223491549966	5.0038845117312
fiji1243	0.579088078988379	1.63582897451913	-2.49579704179614	3.9867159261187
fili1244	-1.16938444568298	1.88140387681056	-5.23007922815649	2.19015184240767
filo1235	0.318088882113634	1.6667552293585	-2.89485366342653	3.73498591607508
fina1242	-0.747981847254168	1.63838106593889	-4.07988827228381	2.36639029995584
finn1318	-0.0217147498878894	2.04805191335493	-4.09550700546121	3.96166235287709
fipa1238	0.102936356423498	2.04557384934048	-3.88374437003492	4.22680035700147
foii1241	0.880928943060157	1.95868404612114	-2.84130008308557	5.08213299976337
fonn1241	0.0774957599769891	2.02796804835411	-3.86572375523729	4.12839967483563
fore1265	-0.00155655672853857	2.05834944136918	-4.08472331111705	4.05185246560714
fran1266	-0.931961549374144	1.8455806251871	-4.84354528131048	2.55359621534699
fuln1247	0.405590219192433	1.98528027055479	-3.46368972450446	4.51524938690669
furr1244	0.151404884461196	2.0632252122876	-3.90241895942894	4.39661222927355
furu1242	0.15493760184798	2.02275523544817	-3.91164581631817	4.21221392340811
futu1245	-0.41952963760357	1.55371010310722	-3.64511804487702	2.51554014381596
fuyu1242	0.487299388027777	1.85618797467421	-3.06072078669369	4.34095629049508
gaaa1244	0.0461323223783944	2.08337699564224	-4.1514683598484	4.35466024268719
gaam1241	0.142245814354634	2.05231340722286	-4.06528689855484	4.27286165704195
gaan1243	-1.16928560461118	1.6601354165388	-4.5927893353342	1.97318413843065
gada1258	-1.12884544727835	1.68267498014316	-4.67214533000395	1.95124281412942
gade1242	0.300230608526847	1.91076089994516	-3.48600377667559	4.16969889247154
gaga1249	0.050161113173492	1.99342463740514	-3.94748739176857	3.98437402452474
gahr1239	0.0698033834536928	2.02958025895299	-3.94379372704105	4.17165020700177
gala1264	1.02641327279514	1.8143279667851	-2.40603822634346	4.7597034536273
gale1259	0.0975061302340789	2.05077111893759	-3.92392508635702	4.15688478016547
gali1258	0.171415554217519	1.90799571296333	-3.55445245696371	4.04791389903143
gali1262	-0.973356496504641	1.67478780478929	-4.48940560676095	2.19911482348005
galo1242	0.172346860772433	1.99792912267459	-3.73783563030939	4.15683640528809
gami1243	0.552744045744015	1.88484927024016	-3.02406298382769	4.42758087335629
gamo1243	1.27891476318466	2.01830699998477	-2.46180412395161	5.52339580261858
gand1255	0.149274987321377	1.9981092367085	-3.78569689189496	4.1599950147173
gang1266	-1.55875292536487	1.94358414010092	-5.69254846173326	2.00342474015282
gang1267	-0.870910147666429	1.96409115782749	-4.95344560782635	2.85846924927897
gant1244	1.42514185003003	1.93452417342309	-2.0819101634245	5.56651239640285
gapa1238	1.25318754236325	1.78611223167637	-2.00245735334939	5.12119485524269
gara1269	-1.19162609236219	2.03051512586313	-5.53774242154784	2.59436526715917
gari1256	-0.152661818656039	1.83340866922779	-3.88499528287217	3.4579046042671
garo1247	-0.188292310446414	1.98821386985307	-4.25184986274308	3.74759490104054
gata1239	0.165146372130464	2.00815699429647	-3.86531087947386	4.18861328363463
gayo1244	-0.429770708615385	1.74864263176446	-4.1076250890165	2.9347630843605
gbay1288	0.243506505184181	1.99420581888886	-3.632857308382	4.20757493335848
geba1237	0.371691033076281	1.9794374434381	-3.45968959042755	4.47092159921431
gebe1237	0.627050432696386	1.97088515210734	-3.13993425320819	4.66912707214584
geda1237	1.67712647476143	1.876994860084	-1.64529540893092	5.79212998328055
gela1263	-1.5744488653894	1.54995619953443	-4.75573413625652	1.28885606113688
geru1240	1.08769461545391	1.83904030568574	-2.39932488181873	4.91242253446881
gese1240	0.757669153754322	1.9438995388522	-2.91964753773928	4.85642325604455
ghad1239	-0.748732343934552	1.86479409926799	-4.68243020065633	2.81928792314872
ghan1242	-2.14875213977301	1.74590686806753	-5.87215851967849	1.02565233028189
ghar1239	-1.74795467367883	1.60075198203518	-5.12759788777267	1.24611509246874
gheg1238	0.22161532730734	1.85367670199169	-3.42003324058854	4.03240181895473
ghod1238	0.1953654026853	2.01444364563917	-3.81799861000321	4.19526539306873
ghom1257	0.790876223233264	1.80507759761117	-2.68188030766484	4.57840526262954
gida1247	0.0960856660128194	1.69428034344712	-3.20015684190044	3.63626458525787
giiw1236	1.15259083423398	1.82805410610305	-2.1828412564544	4.89264831336504
gilb1244	0.155439826594368	1.95699870310031	-3.65174480404869	4.20241649143329
gily1242	0.130758309263786	1.97898437726038	-3.84603145794403	4.17302740283332
gira1247	1.5788127068625	1.90534394951464	-1.83980900210055	5.71368633601242
gizr1240	0.598657370995872	2.01995784328338	-3.22826492215204	4.76611386188803
glav1244	-1.5286589297	1.57467911982464	-4.8767391003348	1.39247610911625
goem1240	0.217824135281211	1.78496747385121	-3.31512944065241	3.77605987287158
gofa1235	1.2748490697866	1.98978388300243	-2.42493122584564	5.47073154107474
gogo1265	0.633562439891593	2.03470559395396	-3.24226578153378	4.84745111067793
gola1255	0.138516083349939	1.98105385314833	-3.70664222724761	4.09199901469385
goon1238	-0.0239376380892354	1.97544791298149	-4.11000524467184	3.99361707079402
gras1249	0.788843174902849	1.91874536202663	-2.7333649026205	4.88854421997712
guah1255	0.198880684684829	1.95664663360288	-3.59902955966225	4.13175959959285
guam1248	0.31639056883884	1.9529682333974	-3.47575584078666	4.29919104795396
guan1266	0.018310811393307	2.00501971264285	-3.9933858531276	4.09320100226027
guan1269	0.624339273240467	1.65197579836923	-2.50680651952856	3.95213830905396
guar1293	-0.208591452634215	1.53536231084034	-3.27560631477116	2.87972017421856
guat1253	-0.846626489931201	1.94517880653911	-4.78712309765871	2.87083843212575
gube1234	-0.124885845243806	1.9820467916001	-4.04552160887862	3.83436679068713
gude1246	-1.30053576561992	1.60171085271519	-4.60284039741785	1.72718392704666
guer1243	-1.04481124428261	1.91399988738003	-4.98657047794659	2.58893194392162
gugu1255	0.622276945261463	1.91777379400032	-3.00766693396614	4.66177230288124
guhu1244	0.0267740099850952	1.79201838910308	-3.47931708012083	3.75218470646492
guiq1238	0.0318495079770848	2.0295607983449	-3.94748686355716	4.00691970311669
gulf1241	-0.993098727980318	1.93639912516762	-5.12615334011559	2.51611705297102
guma1254	1.09880949737426	1.86709725144491	-2.30294273760082	5.12147161572816
gumu1244	0.190474758134257	1.99706936595357	-3.71180558055069	4.30905668553543
gunw1252	-1.12971855889353	1.83161289011483	-4.98016470262505	2.24621280940682
guny1241	-0.123984831778717	1.93204341010864	-4.04923100697827	3.90124075621965
gura1251	0.640066702227292	1.92121576474107	-2.98559862560795	4.69183964803167
guri1248	0.489433851906378	1.80063034216539	-2.92120932130481	4.2421077739374
guro1248	0.0530461077784768	2.01634595590853	-4.01394935894604	4.0842319098852
guru1261	0.240294626543103	2.03072802377952	-3.76430054706854	4.35214958934112
guru1271	0.802868649632412	1.80527150480088	-2.65436070232271	4.45808480819258
gusi1247	-0.153632537367945	1.80965011808039	-3.69863120454232	3.509373606988
gwen1239	0.232384699479352	2.01844384726925	-3.78255612060578	4.2245057634549
gyel1242	-0.450074897308781	1.99454335639566	-4.50513800433333	3.55821314287881
haaa1252	0.076934426307466	2.04965460490309	-3.85139640789389	4.11780712366732
hadi1240	1.11926960107552	1.87963874926517	-2.29965969503497	5.06570238113617
hadz1240	0.088993665955365	1.88346703449387	-3.66177513756874	3.89536540018172
haka1240	-1.33929168542645	2.03232247332722	-5.6041924734913	2.43401546513385
hakk1236	-0.0147746421388759	2.04319970683374	-4.11679825115933	4.00375599163609
hala1252	0.960012267797702	1.89811679421147	-2.5766124991989	4.9761393814253
halh1238	0.0175376724400536	2.07601081022219	-4.09691961919884	4.2258134047361
hali1244	0.863798416689528	1.67393514438209	-2.34926183680808	4.36200978433946
halk1245	-0.432658930198031	1.96895331945233	-4.48197913189343	3.29811279979454
hame1242	1.28318846851251	1.83626285536108	-2.10151231647287	5.06928267976372
hang1263	0.468735203378444	1.82683907393315	-3.05187043823703	4.18888820773487
hani1248	0.468216853912091	1.96710543984377	-3.31520222606889	4.42275232635355
hano1246	3.00371486650872	1.86912692806164	-0.268819310488417	7.04464140420914
haro1237	0.918798390959447	1.95232573958673	-2.75593073332403	5.0876605297012
haru1245	1.34861164586284	1.91626276918331	-2.14757053724499	5.35842075557218
hass1238	-0.362796394774345	1.90744222572486	-4.30607635046556	3.21776018421449
hata1243	0.904253181988393	1.97702537832743	-2.85971013400952	5.06746013641406
haus1257	0.944173129842281	1.89970118583591	-2.6476834414323	4.93232794743352
hava1248	0.747611459429458	1.96414887715816	-2.91471345226059	4.82416850449597
hawa1245	-0.587934447988853	1.85767521762904	-4.57420404688002	2.83870794025055
hdii1240	-1.96452442469566	1.59180972482115	-5.36653149839801	0.902474238985487
hebr1245	0.447850084301985	1.77617105208122	-2.88289156231176	4.12213806966092
hehe1240	0.191834555508509	2.04479644547914	-3.78544179983885	4.3461177331352
hela1238	0.225402594708507	2.07999668889419	-3.8295643945133	4.43771256528108
here1253	-0.127172410547087	2.00488329520262	-4.11963830175079	3.85957338589464
hida1246	0.20173288101699	1.98128287537983	-3.56468303177416	4.27287776714969
high1276	0.506124752221185	1.56501947685532	-2.47574418005728	3.64237382382228
hind1269	0.087104311259715	1.95209838036555	-3.76924444405793	3.99180311398784
hinu1240	0.441182819588126	1.95816053019806	-3.40794838357158	4.35602065888406
hixk1239	0.375722066687833	1.97539973764474	-3.40186842475598	4.45848888923404
hlai1239	0.147252572869923	2.02236964292836	-3.79596174797762	4.27897347080561
hoaa1235	0.181076606086421	2.02384714472549	-3.87751738608075	4.26447788880733
hoav1238	-3.20576819285932	1.8019564074622	-7.03709357981896	-0.0525899928946801
holo1240	0.0815362931731018	2.10165244193826	-4.1428689542428	4.3180911204227
hone1235	0.778440726648795	1.81149301935689	-2.6325915328806	4.54478813737902
honi1244	0.228447810821778	1.95131631906897	-3.61256157219996	4.26267663992572
hooo1248	0.090990702542357	2.04465434352581	-3.93872654320424	4.26312085627562
hopi1249	0.755370060449431	1.92718496460515	-2.88163465071666	4.83549844177622
horp1239	0.0119737504772093	1.97550267756654	-3.90430778698938	3.87674945952681
hote1245	-0.3519883301266	1.45276214110585	-3.28786076202748	2.49559792906473
hozo1236	-0.137345539979892	1.96914401008266	-4.08365988963443	3.75502908139807
hrus1242	0.00912035329272634	2.01752576827206	-4.03681403914073	4.09424513554497
huaa1248	0.180462895476651	1.97683085890085	-3.74028948639969	4.06187731453123
hual1241	-0.493086274689906	1.85702799982374	-4.2236842495774	3.22171559593035
huam1247	0.516563988793918	1.99487507077606	-3.4480957435496	4.51863875953276
huar1255	0.837518292290302	1.83076092453297	-2.70193853443911	4.58242583391392
huas1242	1.17486927161136	1.89538687049051	-2.38104046299286	5.16003618844069
huba1236	-1.48278906458213	1.66595522276812	-4.94709844789988	1.62141675147661
huic1243	-0.764868573554841	1.75677966156985	-4.24024389978476	2.67812457192218
hula1239	0.809878881057774	1.90704863950115	-2.64333240448815	4.85974072486902
hula1244	0.646679566623754	1.80968136385616	-2.82402529913362	4.43694259425269
huli1244	0.801277722791023	1.98052627558599	-3.02529848952667	4.91529180688586
humb1243	-0.16494958886445	2.02446885736195	-4.20833808022951	3.84838673274012
hung1274	0.0748599451801976	2.10503353612528	-4.11574662361118	4.27823492022368
hung1275	0.515213010929091	1.93936804823592	-3.213213514705	4.57440027918879
hunz1247	0.254579813691104	1.94509025883668	-3.55256118829621	4.23252686072615
hupd1244	0.680923648750461	1.62114419487212	-2.3996768516167	3.96946704024619
huuu1240	0.322794756565387	1.80601168194392	-3.18777040416486	4.04063957635845
hyam1245	0.481855799923679	1.8723861822721	-3.19268876175187	4.34351246937843
iaai1238	-2.0944841850207	1.62816200614728	-5.66583678688262	0.756382808954688
iatm1242	0.901294070077057	1.91057889510612	-2.69040999917624	4.89260566783707
ibal1244	-1.13227412535872	1.70013622489267	-4.76190619820533	2.04105368132157
iban1264	1.20145808470545	1.9162914426987	-2.37442972880404	5.34081371040898
iban1267	-1.29371091036386	1.7932452597992	-5.1200824616672	2.0310444920926
ibat1238	-0.953427218344053	1.90733059618522	-5.02894017455404	2.67838939014902
ibib1240	-0.358128248900891	1.93024271039165	-4.25936423143819	3.42543654684644
icel1247	0.199310663115846	1.98859928610695	-3.75270683233911	4.33513367519984
idaa1241	-2.13174681773406	1.83921162972989	-6.17591662807527	1.03899088037806
idii1243	0.583012725729178	2.00453832980953	-3.22602901829384	4.65730688832506
idom1241	0.0656293357597078	1.97985225649569	-3.91395846600243	4.03457042087961
idum1241	0.114059884261587	2.06126450838708	-3.89315608436045	4.26782123228307
idun1242	1.21184468851679	1.84706222877315	-2.14649636124115	5.28958988480001
igna1246	-0.235626949742946	1.58078982556342	-3.4154370824313	2.91222585769761
ikkk1242	-0.593764375989943	2.01206811030203	-4.76472923988694	3.26539737175994
ilaa1246	0.00504227214875547	2.050884341914	-4.05840468300919	4.06361572755838
iliu1237	1.00705745265868	1.94047180653548	-2.64342869682016	5.10303194643579
ilok1237	-1.48948515732341	1.79369073770054	-5.37273939309397	1.81441325283259
ilon1239	-1.46434325379428	1.74144302222123	-5.21451272609142	1.70958273371598
imba1240	0.588342011278405	1.91057848029149	-3.0634419124984	4.51807998310291
imon1245	0.674944584598688	1.82060645807586	-2.76610011584321	4.48121309655197
indo1316	-1.91272768110539	1.78596559986223	-5.7057297118257	1.31539216180453
inga1252	0.436402919744099	1.92801399663816	-3.28952394989399	4.44627983219841
ingr1248	0.00140678382180843	2.1342565190348	-4.27337106744998	4.28987309752946
ingu1240	0.481557148264541	1.99792919424151	-3.373560047094	4.62737500923502
iqui1243	-0.08961372512165	1.87632181641302	-3.84382509867584	3.74446469109058
iraq1241	0.336169946252647	1.86874479374283	-3.26381218583057	4.21428629722817
irar1238	1.07452537280863	1.9190821486561	-2.4307386981255	5.09125937749862
iris1253	-1.72608062822014	1.94859133112861	-6.01261874853619	1.72955282732005
irul1243	0.0179501036076452	2.03498447929649	-3.96941930245179	4.0784095160669
isco1239	0.535931130003727	1.93924479071411	-3.15682336495623	4.54764317611409
isin1239	-1.39960081924797	1.71500190077524	-5.01303336777554	1.7737317891724
isir1237	1.05854845163866	1.87492326689186	-2.30821196751157	5.01245708751464
isna1241	-0.949049694132603	1.79021343413663	-4.77618304158908	2.35251232584169
isth1240	0.753194353421174	1.58791453200088	-2.19606399934861	4.14653972137578
isth1241	0.570249622625574	1.5855895713103	-2.43893490816909	3.82876997141153
ital1282	0.197913999618985	1.95080442109192	-3.6140208146364	4.20176828961939
iton1250	-1.53804373939809	1.90710275608584	-5.53760122866365	1.93267559769431
itza1241	-0.560015957539811	1.91675639725726	-4.55879753352661	3.10849397341108
iumi1238	0.622448090818067	1.91375845318904	-3.03868805741242	4.62736110013765
ivat1242	-0.968993637242205	1.92273498993489	-5.10099196519399	2.57156991692177
iwal1237	-0.541345542956286	1.50392635327664	-3.59368813186129	2.33841014495651
iwam1256	0.52679441083437	1.97065832457899	-3.34480023636625	4.67081252268503
iyoo1238	1.38105048795081	1.86407370091985	-1.98618850615793	5.33788845766071
jahh1242	-0.805074353994391	1.73198860524436	-4.33969717348399	2.55864367786482
jalk1242	0.228154254583259	1.95663978434993	-3.55285461608984	4.25642705528425
jama1261	0.663596907319959	1.88132743361287	-2.80699863808726	4.56788775576754
jamb1236	0.686662617718215	1.79781451568184	-2.69483867482894	4.48536332216347
jams1239	-0.556756898680911	1.87851603796466	-4.46853995912978	2.98439135497078
japh1234	0.0438561254687302	2.0234875846292	-4.00157896613534	4.18395357503365
jaqa1244	-1.72320001528696	1.89662910075194	-5.89898563268667	1.66626154637437
jara1266	1.06512414381851	1.93130842767725	-2.54693176777799	5.25837531907575
jede1239	0.499236164782744	1.7994712221292	-2.91246781449403	4.199154970222
jeha1242	0.7014062321068	1.85065394429726	-2.8004274807523	4.57223530460253
jehh1245	0.861714862258728	1.88237302139842	-2.61675298779649	4.8078776909231
jeru1240	0.247583360394257	2.03371689971835	-3.73036899653558	4.32570387223516
jiba1237	0.381400782064243	1.88704700335207	-3.26934646402638	4.28444336292353
jina1244	0.877196169402985	1.78565874501263	-2.48433493829997	4.72444011111115
jjuu1238	0.518483134469169	1.88997859391784	-3.04422836233093	4.39256395936658
juan1238	0.104288691133984	1.98542797428545	-3.75478701435262	4.06024002445118
juku1254	0.522664444506988	1.96905705883171	-3.23760442558961	4.56048101885309
jurm1239	0.0856360864099817	2.01145266958841	-3.8249522640216	4.27892565905164
kaba1278	0.370908556253089	2.00347583010636	-3.57506825017217	4.47525267987951
kaba1281	-0.225395436664995	2.02326406984313	-4.39099061427566	3.68878750495327
kach1280	-0.0141608219804591	2.04677312289022	-4.12579901898408	4.14890351446531
kach1284	1.06576248348078	2.00507142496585	-2.68009672299172	5.33509674813335
kada1242	0.044237984902381	2.09280604013433	-4.15597207262248	4.2776131375538
kado1242	0.108140117767795	1.8447413930035	-3.50426475492018	3.89459785288867
kafa1242	0.890333162909417	1.95704589716861	-2.82511823056214	4.97917598491431
kaga1256	-1.27681625127663	1.80178303147288	-5.13979846678718	2.04672619687143
kagf1238	0.0986249996704573	2.07248503366001	-4.01859072141064	4.24381815510786
kagu1239	0.271834402286069	2.0367324088055	-3.70964407896926	4.47011261461984
kaik1246	0.177416027780425	2.03839516430578	-3.80111386865321	4.30010944634189
kair1263	0.839750522675495	1.79071844844266	-2.51424727739882	4.55252598967543
kaki1249	0.582606134121459	1.91935656414134	-3.11603142372826	4.5712247073771
kala1377	0.684535786550061	1.87988699035173	-2.8858408111203	4.59111010076538
kala1384	0.0843727920636865	2.08122911955356	-3.94208322735009	4.31874643150735
kala1388	-0.483685449160152	1.67782119842367	-3.85732896962237	2.69485339224358
kala1399	0.435877119722858	1.95926923318032	-3.41529184650539	4.48521950382882
kali1308	-0.347628004947785	1.89074896538565	-4.22383987241292	3.35802392802334
kalm1243	0.03881862081406	2.03157235887927	-3.96864542756659	4.08950334421758
kama1367	1.13448696281308	1.86583883379311	-2.42230817198472	5.00602222574239
kama1370	1.1651344801517	1.86026347346672	-2.30495127000496	5.19518657570793
kamb1297	0.133924161580728	2.07468522346318	-3.97059440344062	4.39606913161127
kamb1299	0.155943633839516	1.74846703715711	-3.17050912870898	3.69483497627254
kamb1316	1.12882555315523	1.88845359067966	-2.3405775567162	5.09256898596921
kamm1249	0.441694502598029	1.9542322871758	-3.38671309183649	4.46426187457566
kamo1255	0.671849945375826	2.03010109845661	-3.20834866823219	4.99019470382352
kana1286	-1.86588505169623	1.63713746486491	-5.30846350457386	1.14234093218649
kana1291	0.628574426713908	1.95682242224226	-3.08592417489055	4.58946548562696
kani1286	1.11864065307913	1.87553570298038	-2.31940196917846	5.09222575553224
kank1243	-0.655938454053508	1.65628706113053	-4.07950673360376	2.45975716956917
kaqc1270	-1.26869013698506	1.84193815897742	-4.97782538655666	2.14151595959683
kara1476	1.23883219144596	1.72692486033236	-1.88166341153833	4.95628070460053
kara1482	0.113326420234619	2.06361723661146	-3.95419549758008	4.29003727624053
kara1486	1.19022288657353	1.6704672349077	-1.86883888235412	4.73933900330736
kara1487	-1.13514771002301	1.66190917560399	-4.63497821975193	1.9868948783746
kara1499	0.735205447865844	2.03085263883353	-3.09466303266216	4.93977075833565
kara1500	0.332580401480703	1.974862872404	-3.46482881925914	4.43171284506081
karb1241	-0.830729401421521	1.9546166745288	-4.79985218350568	2.86826376325673
kare1335	-0.00518711551735965	2.06066258853566	-4.07661752225642	4.07558992484088
kare1338	-0.0725135511655751	2.0310800989105	-4.17352943781213	4.01964181408418
kari1306	0.232401338640601	1.97987678314934	-3.5515485019484	4.21521211797512
kari1311	0.125636268230199	1.8883958676802	-3.49929099953069	3.97930037264869
kark1258	0.694419673947916	1.87733013479538	-2.85679112222767	4.66902868576526
karn1252	1.63142958177454	1.78862345649241	-1.63813311339499	5.39315329300329
karo1304	-0.919304186249418	1.94898466075452	-5.04086059356516	2.7430295938312
kash1277	0.0853771087191475	2.00353520087633	-3.95630007563393	4.15541508351907
kask1239	0.16829087778224	1.99472353244589	-3.78284042807377	4.21496686348965
katb1237	3.47200835587816	1.77814125863815	0.377585496815304	7.43398030931507
kats1235	0.0869556381618647	1.99490480247243	-3.96048176017675	4.03056262851163
kava1241	-1.18320075973035	1.720560676896	-4.77887503741698	2.04793638854975
kaya1315	0.437744022893421	1.96411864531332	-3.30287455749251	4.55851651442931
kaya1319	-1.01882126208743	1.96490136873124	-5.22611316299335	2.60094708660934
keap1239	0.805220004371291	1.92444345453847	-2.65794395530076	4.95178038628168
keig1242	-0.0137286570149101	1.95722801908883	-3.87777827289902	3.84555008010779
kele1255	0.126806216794471	2.0297984418468	-3.86481315570086	4.2920001092845
kele1258	1.54292399074386	1.8275137108255	-1.74201158592229	5.41579519916615
kele1259	-1.02551739443633	1.64853490925775	-4.45462383084004	2.02063691161805
kelo1247	0.869480751057764	1.95015266115116	-2.79152278192538	4.86553108866978
kemb1249	1.71545412696341	1.83449709059115	-1.57456308030735	5.71028181926263
keme1240	0.581167700292656	1.88503213936271	-3.01833276799263	4.39736808373353
keng1240	0.794687715696885	1.91806631093914	-2.85543020155669	4.79827401571109
kens1248	0.761398351830271	1.95993595006873	-2.85982568777696	4.86956071297396
kenu1236	0.0477693559462094	2.00282659665272	-4.02660476816714	4.04907682762396
keoo1238	0.203750681277717	1.72392268738661	-3.17210576161351	3.76647736224988
kera1248	-0.359369298694679	1.91851047594232	-4.32872385847295	3.40331668816139
kera1255	0.60609622626152	1.73446621160591	-2.70237580573481	4.22177911921245
kesa1244	1.42778672944697	1.91393296433734	-2.08564348757372	5.52486647615654
kett1243	0.0683252089971738	1.95899503823556	-3.90141757080138	3.92181899560483
kgal1244	0.104180451463068	1.96631480326937	-3.83932390764649	4.1076267480935
khak1248	0.0384884423723748	2.06819051003035	-3.99984750380204	4.2145254559219
khal1275	0.18343937978924	2.03128768410068	-3.76291625980916	4.23286149623367
kham1282	0.0222010495754317	2.0411248046543	-3.99395734847284	4.08178720973459
khan1274	0.613122361838833	1.88582977656618	-2.93933800124339	4.68263105694762
khan1277	-0.347806869405754	1.94215036856279	-4.38058385627462	3.45549324391476
khan1278	-0.456446070544386	1.84077822611765	-4.19859547689066	3.071650223918
khas1269	-1.43613440729535	1.6464258259498	-4.79634720919449	1.71838229237606
khez1235	-0.33788099073783	1.94133920512162	-4.27830408720844	3.45537935418516
khin1240	-0.293411612478096	1.94035599413131	-4.21991932043993	3.58627779286131
khmu1256	0.660315695407605	1.94823492748504	-3.07365253177471	4.82067442126173
khum1248	-1.42389295029665	2.02611742435538	-5.62784518806518	2.32966505186622
khva1239	0.355015849018387	1.95217908964552	-3.42644696886813	4.42729707826362
kich1262	-1.35777198754322	1.83972055528366	-5.18587333676015	1.98081346571672
kiku1240	-0.256419024748718	1.95740360834811	-4.27368482746427	3.57496909114117
kile1243	0.00244774380002524	2.0900635104505	-4.25029015408515	4.13719119819815
kima1244	-1.47906126189474	1.72758777520564	-5.04543007337453	1.60543525194015
kima1246	0.259440467876641	2.01620738746008	-3.66954117677565	4.34789132030107
kimm1245	0.409689402610176	1.9173796905247	-3.28675962166156	4.21339341745456
kimm1246	0.0834307602154381	1.78337061441783	-3.42776754667356	3.72152090530939
kina1250	-0.856417033314099	1.96428474855984	-5.15103795618056	2.84192533478056
kinn1249	0.0524220833055706	2.0733328393036	-4.12877613872971	4.21769324630069
kiow1266	0.770051822126115	1.95502151046101	-2.90395014955998	4.82294009796199
kips1239	-0.722445518396561	1.84853653136489	-4.41802061415958	2.78324353586102
kobo1249	1.36889694613082	1.93342614595493	-2.10419177842264	5.45677607868632
koda1255	0.0230934470347975	2.07667941168645	-3.99808744650993	4.16106435775707
koho1244	0.898686690213141	1.95332049447286	-2.70839038378466	5.10820470695043
koir1240	-0.681670975907169	1.934210102959	-4.58581917069895	3.06619351253722
koit1244	0.700535363794438	1.91308321219074	-2.79916434112204	4.82145852253619
koka1244	0.399036501127437	1.96805063620404	-3.35281415869821	4.45292628415888
koko1269	-2.94804153725606	1.60721620513708	-6.37157435105638	-0.041509279005899
kola1285	0.539845841279239	1.92461521251861	-3.12381133659005	4.60525999612487
kolb1240	0.00734955676027194	1.89975670904657	-3.80759891916302	3.95420391999721
kolc1235	0.200558621224852	1.98721332644742	-3.73477613090717	4.31420181027826
kolp1236	1.63745458342568	1.90731249447475	-1.84326895938794	5.74752210018694
kolu1245	1.19284796225542	1.84300043622604	-2.15589076969585	5.16424838192313
komb1274	0.374183276295758	2.03729353478159	-3.59181647202982	4.62944349798218
komc1235	0.537762578825449	1.87310952141582	-3.08937710674837	4.41709531623909
komi1268	-0.00571958952365556	2.05943717857792	-4.13051770752743	4.00003272410803
komi1269	0.000500614503873789	2.04004139737772	-4.06032224682337	4.02687817034085
komi1270	-0.812823141624492	1.97067335165688	-4.79425179012774	3.05538122897885
komo1260	0.138622068220799	2.05034026964045	-3.88828582767391	4.47270056333378
kona1242	0.658899871096968	1.97921228837632	-3.13335220060634	4.78449873260706
konk1267	0.0385817568615889	2.03127973085707	-4.09828210158835	4.19525481895695
kons1243	1.11992601754484	1.98196191351282	-2.58370603940952	5.44373465581456
kony1248	0.0502010341366153	2.07631330472173	-4.01034744451589	4.29503949385357
konz1239	0.173751011796026	2.02182572555643	-3.85700557069819	4.38244099210236
koon1244	0.0862566524987298	2.03949955635019	-3.95022523209522	4.09456043804695
koon1245	0.168107857203326	1.96896886925167	-3.71627872250324	4.19909192020204
koor1239	1.0109447654217	1.979988481404	-2.69549516762695	5.23273882521888
kora1294	1.02303918515443	1.90699800161738	-2.47325497032912	5.0833449597972
kore1280	0.0473888359400045	2.01489246550139	-4.04264415329962	4.13746305259059
kore1283	-1.20161690798869	1.81717815932961	-4.98060767914148	2.24920251833009
kork1243	0.101341591589465	2.00716976564248	-3.85155642824411	4.19334672761146
koro1298	-0.432494438721724	1.90492553686917	-4.43297634200505	3.19953371322204
koro1312	0.41015299954594	2.05773120401356	-3.59459744823468	4.69585057928584
koro1313	0.856137311156926	1.76520903225103	-2.47831988327663	4.64605734093357
korr1238	-0.00235966567983563	2.02657252034464	-4.06571018271201	4.1015343368256
kosa1249	0.539891232375361	2.05245326312781	-3.45234210773118	4.80639257968338
kosr1238	0.457016669772529	1.92099373020333	-3.30752724434526	4.41312996751379
kota1263	0.0627449220659775	2.13914594529989	-4.24470861742878	4.41969924592491
koti1238	0.0381370892909539	1.98380918495217	-3.9357999859777	4.05615055245766
kova1243	1.66272338345472	1.81422953369147	-1.63912417336906	5.51605889617253
kove1237	1.84826046878767	1.86091993775471	-1.47551502129115	5.79318135158955
koya1251	0.021988392597678	2.01752821962217	-3.96661771683309	4.11293816781677
koyr1240	-0.165775732476475	2.01153259846754	-4.19924833417335	3.89050651665786
koyr1242	0.0122470275837163	2.04358916159467	-4.11166654510813	4.22296293907017
kren1239	0.124485241862729	2.0527035186091	-3.87841992499053	4.3234898634069
kris1246	0.54100970236495	1.82469475261169	-2.97425888766588	4.26339349200958
kryt1240	-0.292590458460214	1.94757079221736	-4.22567692624399	3.53422447956939
kuan1247	0.0519473880620458	1.97670050046112	-3.82333145921303	4.10091193808268
kuan1248	1.79837973736155	1.7991594522274	-1.41774598092185	5.71173919801915
kuii1252	0.193234147450448	1.99693230643093	-3.68616071488573	4.22576928214201
kuik1246	-0.607155933961232	1.55999813937342	-3.7103250156788	2.42369239567445
kuku1273	0.804972712745432	1.89988057386069	-2.74416336702704	4.71392241307881
kuku1280	0.0577683845944748	1.77240006334749	-3.39346818176138	3.70714101684753
kulo1237	-1.87243081428726	1.67906678455007	-5.45667672793642	1.24759414745015
kulu1253	0.19134621664384	2.02460749079384	-3.76567363432455	4.26358112649884
kuma1276	-2.12876649869073	1.80085938834958	-6.05945616691772	1.06657644349378
kuma1280	1.29757871320407	1.98587954600306	-2.37043171603282	5.61042923207052
kumb1268	0.295727848772695	1.9433263756606	-3.46303006169774	4.28392763229623
kumz1235	0.168555608231648	1.99885940908041	-3.66154136061688	4.22644218778606
kuna1268	-0.229277020290456	2.0182628317954	-4.20962240409499	3.79179133793787
kunb1251	-0.5224210087959	1.76644885426211	-4.14250125848767	2.9697970427348
kuni1267	0.136876722902148	1.78509871176227	-3.44003738553887	3.86721518927751
kunj1245	0.634272286903348	1.89250880295059	-2.9317989521773	4.70298414522425
kuot1243	1.07589043303914	1.64237331779297	-2.0678377296502	4.49168990431917
kurr1243	-1.29753565154347	1.82333702476657	-5.1613031640729	2.07413132233477
kurt1248	0.0492273875852609	2.02132673455689	-3.97819982339495	4.15078337535724
kusa1251	-3.00344040089664	1.77870920886601	-6.79946166563417	0.107826370430687
kusu1250	0.214090984042543	1.99740806953696	-3.67863284765258	4.2473222354751
kute1248	0.533601070985938	1.93086217049961	-3.13893981390474	4.49736601998321
kute1249	-0.253883228078256	1.84678948404156	-4.11873534617458	3.42134680993975
kuvi1243	0.197149576676291	1.96765225487423	-3.66701976053255	4.23375334637319
kuyy1240	0.715089770474892	1.93056089886657	-2.93066524625312	4.78848865287884
kwai1243	0.370950659953176	1.55715211513202	-2.56618423822367	3.65735700956859
kwam1249	-0.0231881039841782	1.9331652589619	-3.8979269934851	3.75524309535291
kwam1252	0.641396239081683	1.50701825685036	-2.23332686816527	3.75502381274206
kwar1239	0.17924501113867	1.53043948983861	-2.70022710751173	3.335114450923
kwaz1243	1.01153809929647	1.93259769359927	-2.66130586174895	5.19863243198177
kweg1241	1.52184816570885	1.85034914930446	-1.83984372892629	5.40506038115435
kwin1241	0.661346736975445	1.99504963707475	-3.21658683833857	4.67035529790542
kwom1262	0.476537637855599	1.87698832672898	-3.09683671130511	4.17448028744583
kxoe1243	-1.97674296606332	1.94047877581263	-6.11657752878817	1.49816956872448
kyer1238	0.192963955309009	2.07071310330396	-3.90841194540867	4.41243165608798
laal1242	0.43902984665378	2.0423800369465	-3.56175160866303	4.55854300420508
labo1244	3.37749112096193	1.8057561571391	0.251730733544494	7.37538843956763
labu1248	0.0943510125149297	1.49368827081678	-2.80395764817552	3.09647985053822
labu1249	-2.39934709310734	1.91542166014508	-6.56426088057029	0.920575273915996
lach1248	0.433806904906505	1.94915839421551	-3.29602195219894	4.34033867760872
lafo1243	0.576373524163545	1.99060185808029	-3.31322596167292	4.67565994744584
lagw1237	0.906868663507582	1.80627228294404	-2.5710484779256	4.72130069880871
lahu1252	0.535457132675983	1.91527812592559	-3.15531130975192	4.600912387607
lahu1253	0.26590619124904	1.87814197701433	-3.36336036083683	4.08876429638696
laiy1246	0.0836070758539927	1.58749166944199	-3.0336882138824	3.16359753207186
lakk1252	-0.742138294086171	1.99314748581796	-4.88390148463147	3.11358758805259
lala1268	0.586865708011471	1.93219700540415	-3.04041041948485	4.70183523618815
lama1277	0.881655797348871	1.85391410022364	-2.4464811523357	4.93702926966917
lama1288	-1.88268497121531	1.58852930949092	-5.35274417128683	0.987375620116048
lamb1269	0.0802146154754468	2.06761392306503	-4.0020984311242	4.26773238755915
lamb1272	0.120310141524367	1.94216974869116	-3.60671113200553	4.03946754529357
lame1260	3.4516294328331	1.80800145805899	0.334874905513679	7.43857007962265
lamk1238	-1.88166356232027	2.01373778150796	-6.20841866654346	1.75488003613801
lamo1244	1.76930590539462	1.84629189455872	-1.45361828104785	5.75591675788369
land1256	-0.919822570490908	1.9616229156778	-4.91367085515233	2.89532959476669
lang1320	0.584121655466642	1.87586905113742	-2.89517910552569	4.59003992126592
lang1324	0.257629130093635	1.89370992766357	-3.33066257263751	4.21059175545889
laoo1244	0.447387159054401	2.03818262199343	-3.55776253081812	4.71242531588449
lara1258	-0.64648079125073	1.96800750184844	-4.71292277466346	3.20294116030014
lard1243	-0.402293489090472	1.94123070838792	-4.38434795798657	3.37839425275912
lash1243	0.00657536813858694	2.03151474547108	-4.07917284880983	4.14771542619725
latv1249	0.11434046216892	2.00092063515091	-3.82268311121446	4.11440855231065
lave1248	0.88576382692815	1.9493161779994	-2.80835919381753	4.95088728881666
lave1249	0.96129281149431	1.94806238677375	-2.65605247708263	5.12488993466648
lavu1241	-2.30457152039155	1.76052066038229	-5.99751503217336	0.944290772410005
lazz1240	0.304341882867989	2.02355962533279	-3.73537785857952	4.47477016695764
lega1250	0.0785206338115692	2.0745285453614	-4.04890458248719	4.31797606300563
lele1267	2.94923739381966	1.73155309016064	-0.0968841532894879	6.82716892753993
lele1270	1.55314631645493	1.82757847354211	-1.75997232570621	5.44894248312922
lele1276	-0.79832637074272	1.7282646979839	-4.27430924236258	2.47188082912153
lemb1266	1.1959686870804	1.959833718006	-2.52847468653376	5.3288966605924
leme1238	2.13064586505738	1.84431064999113	-1.11189275457925	6.22818650478478
lena1238	0.991252656391178	1.56089975868472	-1.93158995642487	4.30197184190371
lend1245	0.187205844086085	2.05575299053015	-3.96041184329845	4.39975671107137
leng1259	-1.24856115666154	1.5191559263191	-4.41928259481668	1.64578524777656
lepc1244	0.127165157261199	2.00952614751908	-3.82074321481499	4.11563553665547
leti1246	1.17478871278401	1.84351642507153	-2.09768561852647	5.26304508304539
lewo1242	3.3405477890476	1.78077429361289	0.224205827373037	7.18265557705152
lewo1244	0.901878042540189	1.82637311973894	-2.44261991027254	4.71322789611284
lezg1247	-0.728201708840605	1.9492049342223	-4.71821127514935	3.01527935291858
lian1251	-1.26202169699373	1.95314556469927	-5.36933922003571	2.43021275985163
libi1244	0.330860198018068	1.99037393400144	-3.50886708507853	4.38868112197915
liby1240	-0.329760071621759	1.88637060821747	-4.18122294575596	3.30080520730194
lihi1237	1.44765474539732	1.70979873619598	-1.70794137525051	5.0794424417679
liji1238	0.355453766836961	1.88292316336723	-3.30041935913389	4.15846356069255
lika1243	0.21156550831344	1.96615751481777	-3.64156377422998	4.24976521716074
liki1240	0.324177107227845	2.02224834516787	-3.56545024593914	4.46786780683176
lill1248	-0.2699108842032	1.92474951893771	-4.29128565733307	3.53331427816324
limb1266	0.179323845855238	2.05522364881796	-3.79998854572532	4.32128924354154
limo1248	-1.09983010507227	1.71358208487079	-4.73206375549433	2.18658774536009
ling1265	3.49165712167114	1.77483338959717	0.41654547883293	7.42848112765537
lipo1242	-0.0411031432436226	2.02438500256395	-4.14946605799915	3.97109739845195
lish1245	0.812012679772149	1.86118899162805	-2.76631869276603	4.77807334215402
lisu1250	0.0709278623560258	2.00921603034422	-3.97344137395639	4.19769124069569
lith1251	0.097737089745341	2.02613523738135	-3.89332352554486	4.2712133280964
lito1235	0.304066506670361	1.98032592677851	-3.50782176374003	4.36646949823495
litz1237	3.44844895318252	1.76802422752169	0.364082555303502	7.37086785235904
livv1243	0.00652378976358787	2.11340787763084	-4.17709778914486	4.24315978987484
loba1239	0.3180551953967	2.02330751128728	-3.64316128649803	4.42735717760598
logo1259	0.144417104384478	1.98557604305459	-3.70690390864008	4.23706469501154
loka1252	-0.0607440632295354	1.90847022338443	-3.87082617493473	3.7991341936955
lolo1259	-0.00672590923706588	2.03547312317876	-4.08484906014568	4.06081361559165
loma1260	0.0678393095885441	2.00753441589901	-3.9745632010701	4.05845427717425
lomb1257	0.285146470907089	1.95526004885124	-3.41707889955726	4.28820880836054
long1395	-0.895323784539285	1.55375027167604	-4.1272936673846	2.12357691282274
loni1238	1.54833722163851	1.8459082462743	-1.83662133087368	5.4425954261034
lote1237	1.51416463636028	1.8699761243752	-1.79884304677328	5.57398824270747
loth1237	-0.28713404898315	1.99717064087601	-4.38285038678235	3.69495806239176
louu1245	1.6047356842258	1.85257555732897	-1.63476337392689	5.58726179522239
lowe1412	-1.00589146363967	1.65759017830793	-4.45907428634807	2.0994890465435
lowl1260	-1.1667738940492	1.95719496166348	-5.4388699081627	2.42110144076176
lowl1265	0.249039450782434	1.80981156421027	-3.37202918441847	3.93184434018366
lozi1239	-0.0635437632748309	2.03504007020729	-4.22245995149933	4.13718540018374
luan1263	1.07955283229588	1.86834643492936	-2.42265408623467	5.28874619158427
lubu1243	-0.697783112710236	1.65295044043176	-4.11116277581211	2.49124227350399
luch1239	-0.0789513622838087	1.9431854076725	-3.83388616324617	3.79216590880082
ludi1246	0.00895778037193208	2.06724945917074	-4.04530459875451	4.09674813162477
lugb1240	0.160624837019832	1.99915390659841	-3.86501100476987	4.19559740095066
lugu1238	0.218836234925688	2.02230825881329	-3.73677759510718	4.35503918495958
lule1254	0.0176649593207018	2.05036752742443	-4.00722236409678	4.12323097307176
lumb1249	0.0777233335883354	2.04322043609833	-3.88053907251865	4.25267787922568
lumu1239	0.433199104479757	1.98675330492806	-3.59151566760001	4.45078118491376
lund1266	0.10422251332261	1.98308648317079	-3.67752093766837	4.24870555271833
lund1271	0.208516336400434	1.65763548058778	-3.03073127491886	3.63774940437397
luok1236	0.050931424288725	1.80467927504069	-3.50728742501701	3.8207653076946
luse1252	0.214602524941879	2.02528161969994	-3.75988304791184	4.32774970019898
lush1249	-0.983586955940833	2.00239360894183	-5.11483116147564	2.91239916908596
lush1252	-0.459884937885749	1.99820507362347	-4.7144907889398	3.35539465805244
lusi1240	1.93315159526337	1.79451806710227	-1.23110249554275	5.79345417193884
luva1239	0.0199087861051328	1.95797515618577	-3.78309792771509	3.99019300673282
luya1241	-0.504413405113194	1.9742242173383	-4.51321908198722	3.4474133460958
maan1238	1.53371403234624	1.79211692465974	-1.80906967545013	5.26434657809489
maas1239	0.185331993238811	1.90015373235459	-3.51904824275592	4.07769727954171
maba1270	0.227481569209955	1.99039199731609	-3.73455110167929	4.31650636961799
maba1277	0.300029025391158	2.04320454626382	-3.65249502382359	4.50449902125766
mace1250	-0.0383553651791868	1.87464120862251	-3.70232875330323	3.80922369732797
mach1267	-1.28085684866425	1.81105276658456	-5.16903401465622	2.0491291870772
maco1239	0.0102772071310998	1.91879113211632	-3.75774198873452	3.76890498841636
macu1260	-0.122833204130545	1.6716792774417	-3.54040393535739	3.10507818543466
mada1285	1.45143286477593	1.67481897063331	-1.61383951725452	4.95901481712319
madi1260	0.112543017202043	1.90884019985104	-3.5928533188917	3.97904883131005
madn1237	0.0255605463180341	1.88329941217246	-3.74856364701568	3.80348567125808
maee1241	3.35928250755691	1.77512314901914	0.285231913301026	7.28925106026895
mafe1237	3.08728648617866	1.82356723870573	-0.0730757724131808	7.17303660314877
maga1260	0.139390276161912	2.04078858852874	-3.89171543749612	4.29990525743458
maga1263	-1.38718332870391	1.85474255787369	-5.45843832931295	1.94973730947448
magd1235	-1.20168145699833	1.92961737425536	-5.2713588345283	2.52012445174415
magu1243	0.151605193452492	1.52591384100439	-2.843638188287	3.22336213377263
maia1253	1.64273281146691	1.8802933296599	-1.73521689248288	5.70687672362011
maia1254	1.62541314104992	1.88003180685237	-1.75040916899909	5.7689044463781
maib1239	0.738605887102432	2.00782340426939	-3.06245188301767	4.94501859497937
mail1248	1.00712647678413	1.89460969524168	-2.59021601050937	4.93549795329674
mais1250	0.977420326796068	1.88968736315622	-2.55232138612195	4.95462475310111
mait1250	0.186780390800825	1.96799255591738	-3.76076206680122	4.22519677212502
maja1242	-0.362126659330935	1.83762838500641	-4.0969475064341	3.16375683068604
maka1304	0.21581838104936	2.02000592550553	-3.82821032515433	4.339448966646
maka1311	-0.840547961921325	1.77044372688658	-4.56325497696757	2.5019345892008
makc1235	0.0806296288565009	2.04958137699337	-4.00223444804053	4.21597699481378
makh1264	0.034635801329574	1.99797727163547	-4.06119486673974	4.07947691329357
makh1266	0.0498429676571081	2.09366504454044	-4.03374620991517	4.28016204090659
mako1251	0.0501570687425894	2.0140519330037	-3.87367510733559	4.09152045162333
maku1277	1.25602890617902	1.8361569753766	-2.10818422159324	5.18441528381387
makw1236	0.0466436995262918	2.06508278847101	-4.04692217636324	4.19291200549533
mala1463	0.0140800574675509	2.12957864147126	-4.19162137669385	4.35479890859182
mala1464	0.00536903683152065	2.0152712488953	-4.00677552840574	4.13970291335012
mala1479	-0.45796610778961	1.75824033097661	-3.94101563097874	3.01627164630077
mala1522	0.0413481709766987	1.89361292346099	-3.78176044466851	3.85179527312975
mala1534	-1.09902161524637	1.73473202816717	-4.78648365397059	2.13131530288601
male1284	1.42485024213985	1.99657064030482	-2.16884536867405	5.59263899918894
male1289	1.8168915533965	1.7775824916035	-1.34175441169006	5.64603740294542
male1297	0.229463221225954	1.99776803329419	-3.76073709703211	4.37720092205452
malg1251	-0.448137930784295	1.76788050862825	-3.92922830928071	3.02842119081614
mali1284	1.69170539410487	1.85745435835793	-1.64864309475005	5.72590843691052
mali1285	-0.686717252206014	1.91175810892371	-4.56916809749188	3.01610946017319
malo1243	3.18265712375166	1.79428252727118	0.0805184218492389	7.13242796680815
malt1254	1.67733203262578	1.7898107336974	-1.50226813673288	5.56211359123813
malu1245	3.29114871998567	1.78058535221956	0.206312197803917	7.2504995718126
mama1275	-0.846728391743807	1.91597003713937	-4.78709543263669	2.76698525839536
mamb1294	0.031877377231421	1.77169806912397	-3.42029484799797	3.67909458168679
mamb1296	0.111489995919993	2.06063050618637	-3.95726671431421	4.27280321975016
mamb1306	0.994742853257543	1.91700066216247	-2.61147466441905	5.04149222843969
mamm1241	-1.44205770596683	1.89708834370678	-5.58751931754945	1.99954177978249
mamv1243	0.163513602040715	2.04823033095608	-3.83430628596704	4.32569962144549
mana1288	0.194833212047808	2.0255135609991	-3.77866309101614	4.31381748786596
mana1295	1.57348398602927	1.85339557729342	-1.77004529268276	5.66060816035792
mana1298	0.605016386101501	1.88270040986662	-2.95345300896011	4.47190580187936
mand1415	0.00316255442602677	2.07324804919248	-4.23365297812261	4.30342015154554
mand1436	-0.71659358845343	1.99830110768229	-5.04481883873504	3.0439725082685
mand1440	1.12602897518717	1.67306548469784	-2.00820678329749	4.64932237450631
mang1378	0.769381304226064	1.82882378503062	-2.59126555413186	4.64967950899147
mang1381	0.532365219526081	1.91140459068247	-3.25753387201022	4.58747814708368
mang1394	0.19907508808331	2.04294585018637	-3.79047002088606	4.35427168729676
mang1401	-0.583199143653679	1.85825617157977	-4.53096234610036	2.9019795292611
mang1403	1.59081329664208	1.85874570172615	-1.7280565917434	5.65424334583222
mang1404	-0.0714974705923864	1.44538916419209	-2.93562809022668	2.77647872531843
mang1405	-0.814019441165236	1.7460749766327	-4.38300326212872	2.49986960524152
mani1235	0.96555230143131	1.94983522901375	-2.63771921301776	5.0433041055027
manm1238	0.266218521377595	1.79343378520543	-3.1787509517984	3.99157999041686
mann1248	0.0621494677813483	2.04140283434287	-3.93487842552118	4.24806767573533
mans1260	0.847719251439028	2.00592337977957	-2.9912187690616	5.14192237837211
mans1262	-0.584824553290738	1.83904975402939	-4.42865178225211	2.87983056451822
manu1258	1.15926349232094	1.82478048960233	-2.0915832852819	5.07936699746263
maon1241	0.112895973853414	2.03839540950254	-3.91064368624767	4.27655416374249
maor1246	-0.533623751397575	1.82100718301548	-4.2805461454698	2.92889493823682
mapo1242	-0.0486527829820022	1.46493060319938	-2.96378501275023	2.85113195183673
mapu1245	0.322286500743223	1.96696837468134	-3.41729899935306	4.39315392439721
maqu1238	0.268613585387174	1.94397497573295	-3.4488411658206	4.26050188088608
mara1378	0.0881765741961327	2.07830733569823	-4.12232439807348	4.28058501936828
mara1379	-0.559141927232952	1.91964584742058	-4.41508933248696	3.2052011804094
mara1382	-0.685170091262973	2.01505149735275	-4.86049465565349	3.08237248847442
mara1385	-0.0366110701611285	1.9010653588719	-3.82552840270544	3.6816157899285
mara1386	0.0864090401462251	1.89878536368525	-3.73532527331709	3.93764015323172
mara1399	3.3915500892891	1.77509039292197	0.34197664897231	7.33594432309856
mara1404	-0.827994912359666	1.70407974630985	-4.46242386160767	2.32939142035071
marg1265	-1.41350907161076	1.71556392928888	-4.93513515463767	1.81080596906701
mari1414	0.0487879533361637	2.05233782332495	-4.13376129085879	4.17852533309594
mari1416	-2.00617871360808	1.97763022870485	-6.31056591724253	1.55842722210919
mari1424	0.0820927627106457	1.88814178963299	-3.68506222657533	3.87952260434403
mari1426	2.57867808991344	1.93731125023225	-0.815232750891734	6.81993813414049
mari1428	1.61101403533628	1.88927074472234	-1.80031018264806	5.72319746431397
mari1440	0.168447576508715	1.92683129861488	-3.70430297669725	4.09587164322644
maro1244	-3.23876512991602	1.81304714655092	-7.15800810812166	-0.0855759794509803
mars1254	0.302433612140629	1.85312936805354	-3.192840121641	4.13586717146464
mart1255	0.0804894504351549	1.72805051523736	-3.34535180010886	3.59363131853726
maru1249	-0.325538050142242	2.06420288187258	-4.59316259189792	3.75780912094732
maru1252	-0.517258286487123	1.84558138443876	-4.2683409712334	3.03447809926948
masa1322	0.668854342731238	1.74590236652166	-2.67489841032563	4.36410741569542
masb1238	-1.13645814466922	1.89555613002737	-5.2824982811428	2.28091896297935
mask1242	3.52384916537603	1.80246628268049	0.353225371130346	7.58783488842211
matb1237	0.891375091658928	1.91239845353883	-2.66538733999442	4.94213787217961
mati1250	-0.881659139079451	1.73767345716343	-4.65931725254742	2.33012107783
mato1252	1.26524733492884	1.76107951021312	-1.98276306923069	5.00861314632344
mats1244	-1.61468429158305	1.83917879127719	-5.54424083523733	1.71818995510694
matu1259	0.109459068837782	2.04811915374132	-3.9356231252938	4.18282767652183
matu1261	1.69752461906576	1.8801552249714	-1.6624625154277	5.71244213990804
maun1240	-0.763204726448611	1.88292823617318	-4.61673680239471	2.8497213559832
maxa1247	0.133495895909596	2.00629867676787	-3.85258952945115	4.17811041818957
maya1285	0.318504577073144	1.89386635543189	-3.36530990542332	4.12420505863235
mayo1261	0.179221711037959	2.05257127152243	-3.88295658119331	4.28606691600933
mayo1264	0.00287590332528152	1.83484673900796	-3.52255038969686	3.69189275118276
maza1304	-0.768743495614032	1.58115463214409	-3.93237024790521	2.35370110276668
mbaa1245	0.111322700440048	1.97926643187449	-3.80115649557692	4.19152653546107
mbal1255	0.0371744559848364	2.0147061554423	-3.92835151207582	4.07445524979676
mban1263	0.167880049224914	1.981136763214	-3.78972169912382	4.11458203367564
mbar1260	1.06974582168351	1.84015358807352	-2.3383831766518	5.11307607338711
mbay1241	-0.500096970034408	1.93563352649766	-4.42764219235974	3.25003346986224
mboc1235	0.00844606361813175	1.94467266971616	-3.82285693948883	3.9307039944724
mbol1247	0.142718194661622	1.97545523650808	-3.75349683906694	4.04244661739271
mbug1242	0.281888582699156	1.9404408021353	-3.33165421804004	4.24725191575306
mbul1263	1.70331563290005	1.78416829077232	-1.46018777753614	5.50980153316574
meen1242	1.27352551423322	1.87821476766493	-2.19613138711783	5.31122249609616
mehe1243	0.156900995014389	1.76711386599571	-3.33113964673542	3.73806062120314
meke1243	0.338663701663439	1.83475493256363	-3.21535584723501	4.17320321125492
mele1250	2.89084197520774	1.7209195886687	-0.111319409754944	6.81387194284359
melo1242	1.34165808444991	2.02614716877956	-2.39014533127145	5.67672141326099
melp1238	1.21825275654571	1.96667677660062	-2.44776082179464	5.40169354712887
mend1266	0.114450535456093	1.99525549176212	-3.83499105098068	4.13478627101743
mend1268	0.208803500542508	1.76478739239969	-3.29288393657389	3.7180115291235
meng1267	1.61603944636138	1.88259649300671	-1.80083378172634	5.80254151794996
meny1245	0.521123054430024	1.68833606977328	-2.66182652192816	3.97897574442779
mere1242	2.74559402349811	1.83612910051469	-0.487401162491157	6.80377992448827
meri1244	0.473800571270809	2.03144857194381	-3.45760469596387	4.76615025978126
meru1245	0.117434735455797	1.92598358687123	-3.62006965631736	4.08893323718416
meta1238	0.343134880165435	1.91629566369715	-3.37747832759949	4.22873831756632
meya1236	0.860297434829673	1.98357362915998	-2.69928170095016	5.00347248601547
mezo1235	-0.592011233383667	1.92548293112525	-4.57842047394219	3.14764954656795
mezq1235	2.81176636759016	2.0234573747421	-0.629256393623516	7.26866269870754
mian1256	0.57877283102766	1.97131769171141	-3.17206446800188	4.66254472465002
midd1327	0.404827789086803	1.52583092388882	-2.48890473824713	3.5191491542892
mido1240	0.0938734139780534	2.02523756961031	-3.92853432904059	4.20611762795911
miga1249	0.774576821580225	1.84761064294648	-2.65609165343614	4.57183939822932
miju1243	0.120956077178117	2.02055052235612	-3.90932771965298	4.25229843489432
mika1239	0.224878995243826	1.96848775633072	-3.68194456143458	4.26249961046026
mikm1235	-0.453034915068994	1.88219392071267	-4.40758063260042	3.24278739319947
mila1245	0.151339288054634	2.08636966468553	-4.01368517498408	4.30035955588273
mina1268	0.582470327328326	1.84356583820548	-2.84399307927315	4.54996961509534
mina1276	-0.720699642444486	1.55176101782862	-3.84536073049127	2.33229741608058
mini1251	1.7784590222742	1.79949580622459	-1.4269350540506	5.67123000132739
mini1256	0.152729839257881	1.87565719907474	-3.47603756638828	3.87773498758865
minn1241	-0.158484647055446	1.96223173961759	-4.19478904226335	3.75662332467991
misi1243	0.509379184790547	1.85164512196203	-2.91376284720532	4.43299646428892
misk1235	0.370588474258625	1.94677351257691	-3.39766601833113	4.35279282880367
mixt1426	-1.21486289829056	1.96635368457931	-5.43169612278469	2.42632082753151
miya1259	-0.0229910848249727	2.09676329734201	-4.25214682188464	4.23982786095865
miya1266	1.18527823563983	1.85642601180223	-2.27667685848633	5.09872741289234
mlab1235	0.4440518119998	1.97037790430522	-3.38881680704939	4.53755169893801
moba1244	0.0550814243275154	1.98061158131476	-3.94450070682815	4.07152937222945
moch1257	-1.49224831195644	1.8884044505165	-5.57878277420709	2.00255579960375
moco1246	-1.11299441233865	1.89277452120322	-5.24108741508332	2.28775370436221
mode1248	0.231736713572292	1.98821303546115	-3.61306791079998	4.38907619390065
moha1258	-0.499695563847616	1.87854186397706	-4.39593931002332	3.12193629312363
moii1235	0.653044211961179	1.97764042655342	-3.09424025043413	4.83997494427068
moke1242	0.644344880518299	1.89268582397733	-2.90074450615876	4.58755232427699
moki1238	0.515602556054193	1.85000094486105	-2.94985202348711	4.372690322232
mokl1243	0.47146521872537	1.96728175785716	-3.24289927834023	4.52722366092656
mokp1239	-1.17994242165012	1.95889736593587	-5.21969724332376	2.51664787768161
moks1248	-0.0491313931943947	2.06978518092623	-4.33471127413239	4.03810031809289
molo1266	-0.208414265072671	1.58590020712593	-3.32527676777445	2.96900777604035
mong1338	0.104121280974494	2.01517022528002	-3.81437276625485	4.13114995391427
moni1237	-0.0171593502752628	1.92371885366798	-3.96726923851126	3.73441215053953
mono1270	0.162715280422157	1.98549805925908	-3.75483316656688	4.08477467039468
mono1273	0.154162442735367	1.77629225211646	-3.30656648864291	3.83781685362039
mono1275	-0.29560257439223	1.89099164104894	-4.17258261328456	3.51831841391158
monz1249	0.254333518176976	2.03404364950592	-3.73749946052374	4.47898717352378
mopa1243	-0.414071852109823	1.90827141584464	-4.30377774491081	3.2386640408039
morm1235	1.24326032146012	1.89020981184794	-2.19904789675806	5.28714261705761
moro1285	0.409588858490722	1.98831498466346	-3.53548790315653	4.42148797086654
mort1237	0.124189737421109	1.86180969642423	-3.4893840124225	3.95418358936474
mose1249	-0.600587531773844	1.8331244724966	-4.39635027022936	2.97659825241341
motl1237	2.12386095746535	1.8898590622338	-1.22571479902049	6.15691420125283
motu1246	0.7764085543106	1.89603679906014	-2.69622746306979	4.76796148816082
mouk1239	1.86807979901754	1.80187049175064	-1.23670836375696	5.74379423366436
moun1252	0.693719536018426	1.90571954808809	-2.86684927304599	4.72720966617187
movi1243	-1.8721288932728	1.92614842635173	-5.95234342094714	1.56970678750855
moyo1238	-1.39048773663403	1.95928061519698	-5.51569506157732	2.28220630787432
mpad1242	0.724512186827733	1.83918135807439	-2.66634345214238	4.56960394171374
mpii1239	0.382051784890986	1.95439577810523	-3.40930409447523	4.29114191710328
mpot1240	0.0836560741246282	1.9875363897129	-3.84543381414465	4.12821263493392
mpur1239	0.683969289117231	1.98598910156837	-3.08638675253612	4.87145866981741
mual1241	1.39188534081082	1.84349487237978	-1.9804527030625	5.40399490219353
mudu1239	0.0478189739424707	2.09746383503911	-4.11042172722034	4.25656996996557
mudu1242	1.76705727554302	1.90139334042814	-1.64448226473055	5.88857384538674
mull1237	-0.121274794319442	1.91752287863385	-3.88576580873572	3.61850464208745
muna1247	-0.861979184395261	1.55276779911866	-3.98293268211187	2.10546517452294
munc1235	0.0159726861732456	1.99514546642964	-3.98432693122664	4.07428542574987
mund1320	0.102057486254563	2.02521033145474	-3.95445564191401	4.18498656126869
mund1325	0.415424245945867	1.75720201015453	-2.97169466120016	4.08166478763855
mund1326	0.0932816757157228	2.04284661178412	-3.90775188642684	4.18313744769675
mund1328	0.575098637463641	1.87118607503285	-2.99048513342744	4.50344480504032
mund1330	0.343325095756322	1.93303213649768	-3.44219968539882	4.29442094998221
murl1244	-0.653515318338772	1.87658842243328	-4.58476831494706	2.98570885973819
murr1258	-0.270850881973424	1.83230420453427	-3.93573205092452	3.28701377661448
muru1266	-1.43182244781694	1.84556406771993	-5.34123133377375	1.97808782338067
muru1274	0.198562827363734	1.9833505958423	-3.67873902348753	4.25848418539086
musa1266	1.52315396837011	1.91347904431693	-1.90412396761607	5.67005892910736
musg1254	0.986433980650751	1.79657606349313	-2.31345894528843	4.88779285798419
muso1238	0.495761409881216	1.54399190415116	-2.455274317023	3.66769016170128
muss1246	1.08335795785412	1.86190564718126	-2.42205100513209	5.03629861725411
muyu1244	0.609148171622557	1.90897225392372	-2.9481134969837	4.59186046144208
mwag1236	0.327004214278045	1.71312052929411	-3.03867766123191	3.74351598664448
mwan1247	0.0405266026021342	1.9961643059334	-3.82596802978921	4.05981370815802
mwan1250	0.0685764242430308	2.01223307707564	-3.81550447678098	4.11522766265561
mwer1248	0.0759682556037782	2.03034077336504	-3.99514857655365	4.2108845408293
naba1256	0.678135728856235	1.59579931743465	-2.3109653191134	3.91301656267749
nade1244	-1.8318504412364	1.97921059081372	-6.11952043835163	1.70709363906887
naka1262	1.67516088504714	1.85552830726989	-1.63967259934678	5.83714069386453
nali1244	1.12079153387902	1.65461545533431	-2.00604966256137	4.57823908050456
nama1264	0.645664247311074	1.88654342953112	-2.91573484317619	4.58632321389776
nama1268	3.14698739615203	1.78073453684096	0.0125830620143168	7.04485382144487
namb1293	0.547230704353376	2.02426003298992	-3.36423764144489	4.69279763859183
nami1256	0.447103679556112	1.86185440517728	-3.13628777197051	4.36008573907124
namu1246	0.0795076635037244	2.05137805851555	-3.86044561893267	4.36401800152177
nana1257	0.024079522279809	2.01468156386088	-3.99353434415543	4.04439837231206
nand1266	-1.19625375343096	1.9131022195577	-5.07545366898552	2.277431381153
nang1262	0.577431432728534	1.51937515288696	-2.28805357016279	3.66484928111214
nara1262	-0.716808061863099	1.96628751767237	-4.74860267503447	2.98280816089166
naru1238	0.26528932989674	1.93178751584588	-3.46943857292815	4.19194487498836
nati1244	3.39702282471213	1.81322950950817	0.207408070515834	7.35652064931488
natu1246	0.519053166524382	1.51775833723018	-2.38259273279753	3.61940715755495
naue1237	1.29173777133259	1.82378596240085	-2.0331333841294	5.23069165583466
naur1243	0.473216149333077	1.91642929500222	-3.22315132643677	4.54246601200931
nava1243	0.523526789454171	1.92640432495093	-3.23124459447733	4.60857408910491
nawu1242	0.0820978720960771	2.03563037767192	-4.04402743894784	4.18803175254994
naxi1245	0.0942496334707939	1.99047152753716	-3.83212658642841	4.14424435592673
ncan1245	0.576739248861903	1.87293191322648	-3.02911910669201	4.56777927853142
ndam1239	0.148481632935831	2.04578173311072	-3.92506909839817	4.19652525841367
nden1248	0.126923951823169	1.976292638397	-3.80470387443947	4.149000476992
ndog1248	0.335789807369761	2.02993801051053	-3.57116835956298	4.45562218849656
ndom1245	0.229016152489754	2.02055554760218	-3.78580470013815	4.32151616463889
ndun1249	0.188814245471051	2.00367772184701	-3.85141290984819	4.25785434999819
nege1240	-0.773167696115688	1.69105442128847	-4.21801100166218	2.45627758912048
negi1245	0.0856264313729055	2.05314091069072	-3.99257413767034	4.26388854148295
neha1247	1.09718734362207	1.79061480493006	-2.28381705332309	4.87960379839595
nend1239	1.5194552116315	1.92977031428981	-1.93180192463934	5.68048666752568
nene1249	0.0112648710641027	2.09944084451364	-4.08572050764172	4.0996184046668
neng1238	-1.83846981116292	1.80762680233529	-5.66745732183767	1.43908484209823
nenn1238	0.563749722320331	2.03360007290706	-3.42776520062089	4.71629943663657
nepa1254	0.219430563312002	2.02002421127463	-3.69139593484938	4.39548105943607
nese1235	3.30416793534578	1.77866843217813	0.210648175254867	7.26697588412818
newa1246	0.231817190460499	2.03907071949296	-3.72938822867358	4.3403624109424
nezp1238	-1.17382717077635	1.91227415336501	-5.40008537415138	2.42061449359106
ngaa1240	0.279032710129088	1.93481610013369	-3.437394994305	4.20868661331985
ngab1239	0.424518448644597	2.01587441887149	-3.5497299120763	4.60098673498588
ngal1292	0.316411525532713	1.8356177520951	-3.27808934000123	4.03600680696522
ngam1268	-0.536511347145997	1.84548908769408	-4.26003818642516	3.03477741809514
ngan1291	-0.0156030443300069	2.06197035634082	-4.16074231276917	4.14514783156953
ngan1295	-1.0633146334533	1.83035570831333	-4.85720809619841	2.36457656650351
ngar1235	-1.24705001192175	1.77951916524437	-4.96963694916268	2.05912016071839
ngar1284	-1.2449289351814	1.94832233844269	-5.37350061528759	2.33299630155131
ngas1240	-0.159001736833753	1.67767715843053	-3.50146151496528	3.15563061692968
ngba1284	0.152936207573794	2.01638189675626	-3.81520226798705	4.31832384021444
ngba1285	0.285547366191593	2.00049195550102	-3.52138556987961	4.29632141276656
ngeq1245	0.892572770238677	1.89456983505559	-2.58193315911575	4.81319525775217
ngge1241	0.592387191382606	2.05358673374264	-3.45376012142166	4.89633891286453
ngit1239	0.197110281831026	1.97020898190802	-3.78062246935187	4.25714759488519
ngom1268	0.255723819521427	1.9861899601119	-3.64976417744831	4.29245785664765
nhan1238	-1.3222720932001	1.84766533661626	-5.28287453792242	2.02700535871896
nhen1239	-2.03035540984915	1.69025756866036	-5.63965941979005	0.93023793805244
nias1242	-0.950085736243837	1.88860375819517	-4.83949019794651	2.5333617625873
nige1253	0.896527523981884	1.88902675817911	-2.65144854940482	4.88716777172148
niha1238	0.105587281097139	2.00135701908053	-3.86915837060304	4.16009610699717
nila1242	0.184606569555295	1.96033320388805	-3.68644260468387	4.21432204051792
nina1238	0.543075199657826	1.8762488307617	-2.98662946648173	4.47581130123119
nisg1240	-0.446356287466758	1.93957992884756	-4.44674451707986	3.30213247648761
niua1240	-1.13443259620651	1.77246388719668	-5.0021649662789	2.0477176535185
niue1239	-0.761595944617439	1.79645015819622	-4.58622018002448	2.48514200339023
niva1238	-0.50073640786204	1.9176551779436	-4.37950126912737	3.21192692403943
njan1240	0.457553587252934	1.94812253043338	-3.44885381313606	4.4473313349696
nkon1248	0.0564514050766995	2.0881444260398	-4.16013413825963	4.26359000720096
noct1238	0.121108984084502	2.10188998100014	-4.07080047435345	4.37083192498463
noku1237	2.21132199015129	1.8707980815868	-1.10492332551717	6.25734384108358
noma1263	-1.78777878598374	1.86760921313665	-5.86318481278231	1.61753677108794
noon1242	0.118392418597597	1.92189283278417	-3.66833342191521	4.03999272682269
noon1243	0.567759925384471	1.87049812049614	-3.03992936235198	4.4502610416281
nopa1235	-1.21067851145832	1.97133970006304	-5.33508327693894	2.38391656804715
nort2671	0.0364116786729761	2.02662837103013	-3.93437622348307	4.12392596868157
nort2684	0.682420349900095	1.9316814829198	-2.96421406019095	4.79174779245377
nort2690	-0.00238787481645685	2.07343059148477	-4.10813466390155	4.09658362041108
nort2697	0.18962023868899	1.99714617577302	-3.79232462823572	4.22675696846161
nort2699	0.0595070369709572	2.07615861572622	-4.07898773162286	4.21554493196171
nort2702	0.0400551314992117	2.03451711865868	-4.11578662991414	4.11165848991705
nort2722	0.0406019405853621	2.02052045162972	-3.89677946356935	4.15380298492462
nort2723	0.0707818061044077	2.10053141410705	-4.0612125103088	4.35414054534475
nort2724	0.0832311818497485	2.04531582080941	-4.0031551719767	4.23515933270429
nort2732	0.0611615833081098	2.03023206013056	-3.914197858804	4.13214490460464
nort2745	0.0784967248516851	2.02881941368274	-3.91715405220486	4.12686563419598
nort2747	0.0592653326520021	2.04800843072765	-4.01833533249684	4.14355827370119
nort2774	0.180600485344128	2.01894358976623	-3.76658472690022	4.20688213863769
nort2775	0.061062088062523	2.05495229251767	-3.97553748523649	4.2360940710908
nort2795	0.0770561727464955	2.03539163812319	-3.89904658993632	4.20850841107845
nort2836	2.96740043743756	1.73346654360364	-0.0506734600702184	6.89505823394359
nort2839	3.42274326740469	1.82982014031807	0.284362902117227	7.47377683225002
nort2845	-0.588310990129473	1.89231475349667	-4.52293624028896	2.92712187406007
nort2847	1.11003459493019	1.56694573448372	-1.7945721274555	4.40962342221315
nort2864	1.11286974599887	1.83513955692013	-2.28573988038459	5.01782478423302
nort2877	-0.432373145757364	1.63272503018121	-3.70349312656437	2.72996297549453
nort2885	-1.0028037502554	1.84635934663055	-4.95433317363403	2.39596152551199
nort2930	0.862064160374613	1.94387679062037	-2.78857251764314	4.85701632805361
nort2938	0.772282685161637	1.94962011957301	-2.95530531784872	4.82940130106233
nort2942	0.177882532678045	1.93854504179684	-3.73769555973687	4.20879213497946
nort2951	0.161509596592306	1.84841788484472	-3.45695668786855	3.71212304802935
nort2954	0.0932678325437341	1.8328033397886	-3.48948213286347	3.8024619723521
nort2957	0.821281615990452	1.5987142229474	-2.06810095975581	4.24561408369056
nort2959	-1.36859693013689	1.83903641875505	-5.27985986302286	2.00333681383443
nort2961	-0.37515532656358	1.89579237565901	-4.29750889692642	3.28417065512037
nort2972	0.276339004229741	2.038804217878	-3.69758736306837	4.4444553415074
nort2994	0.927518428510563	1.91715664082047	-2.65601822358313	5.04148521554006
nort3047	-0.177680232044311	1.57094153807072	-3.30141645900901	3.01857570936033
nort3139	-1.38602622559702	1.87285371248378	-5.41890012298164	1.92863681886637
nots1237	1.10865994146575	1.62461250816147	-1.97182254301159	4.47887111434373
nsen1242	0.0471618045819217	2.0416920521127	-4.00976954530754	4.14736314660746
nucl1235	0.414600357554689	1.91633075519484	-3.29153522337878	4.44931211474111
nucl1240	0.280937866268164	1.89797395716629	-3.43752581600517	4.1537943525435
nucl1301	0.00298174125306549	2.0711575690723	-4.15615927966456	4.19493742989749
nucl1302	0.611776774195285	1.98688637301758	-3.12225879033692	4.80399181038457
nucl1305	0.0029898418974377	2.02578111476925	-4.03462782876473	4.02641218393331
nucl1310	-0.0990500732290176	1.95519040511945	-4.07639987737572	3.65808388179708
nucl1327	-0.526154366261997	1.95157842624753	-4.69786003385629	3.25902485103734
nucl1347	0.0933678738358287	1.92433458770309	-3.69116906716241	4.10231919945645
nucl1417	-0.434200650107971	1.83057952909665	-4.1194989549737	3.12714007688507
nucl1452	0.267301256384095	2.03008648108879	-3.68802706516504	4.27638954950541
nucl1454	1.22715043649284	1.92028333627666	-2.22022064526578	5.3410052106277
nucl1458	1.59387969648905	1.88162080219568	-1.81396852772063	5.72746647128974
nucl1460	0.0582831611410923	1.71335819782878	-3.3453568970767	3.5459653968306
nucl1593	0.547984912373406	1.79264270921415	-2.80119619460948	4.2661322407778
nucl1594	0.980028498764864	1.92984544026092	-2.69297361390217	5.10931099017201
nucl1595	1.02722462620352	1.88629672266816	-2.43042529089275	5.07513419143529
nucl1622	0.326753163205214	2.04579376051075	-3.57690108957988	4.59379718106328
nucl1630	0.864620701844224	1.92769786002807	-2.58166622097232	5.00403347506831
nucl1632	0.72065839977504	1.96136565171314	-3.03036840556225	4.90775334643458
nucl1633	0.748308473535684	1.96064445405943	-3.03395519227381	4.79709463006837
nucl1643	0.0397659888379963	2.06344507925701	-4.08274037192189	4.25580536014218
nucl1706	-1.50999441013123	1.84361926130307	-5.39059663326418	1.84485757935521
nuer1246	0.438274366216185	1.86266588649755	-3.16987688637307	4.24160701481629
nukn1238	1.18144117670784	1.70874777718941	-1.93543582324917	4.77463216103916
nuku1260	-0.721694939924398	1.80009989958878	-4.55046916280454	2.57948220436709
nung1282	0.0852220872174735	2.0619804373255	-4.01131351774897	4.23143869005165
nupe1254	0.0442322646834516	1.97395515803418	-3.80796872985931	4.09034619125072
nusu1239	0.0596331143869069	2.0184591403048	-4.00191402283402	4.17180986038397
nuuc1236	-0.71224915571819	2.00638299357431	-4.9052819827771	3.08410519380896
nyah1249	0.924015071605338	1.9496565561133	-2.81307478097772	5.00533858950737
nyah1250	0.527535155759987	1.92135651894073	-3.18068703803408	4.54498714778175
nyak1260	0.134072122196101	2.02906217780017	-3.78320696625943	4.31067996444626
nyal1254	-1.64623664116209	1.90415840750507	-5.80247487225041	1.71613993152472
nyam1285	0.612870317581014	1.82603760476001	-2.85403992282504	4.34795047042547
nyan1307	0.153146324905423	2.00177492103484	-3.7215512995139	4.14490495545593
nyat1246	0.291556505689941	1.92421108552059	-3.47155447121037	4.1868634526466
nyaw1247	0.38289145664083	1.95169747436457	-3.42631499655892	4.37083442394552
nyis1236	0.0461158130667515	2.04359920219004	-4.00040828820494	4.19193809892871
nyor1246	0.176246201902565	2.00193801344305	-3.79394481511907	4.35145047495716
nyun1247	0.360117462567002	1.95060241198519	-3.34890489372343	4.43551047843803
nzad1234	0.10595977128739	2.06008919396617	-3.85861494429994	4.3042939693472
nzak1246	-0.270734487992725	2.02216440872668	-4.30673931659074	3.61834258455438
nzak1247	0.132025256739803	2.06952693852055	-3.85592122716754	4.41688534553395
obok1239	0.90916224768026	1.97856107963039	-2.74807735934219	5.05296716062939
obom1235	-0.570755004424019	1.65843997729456	-4.04803451842606	2.56008931084529
occi1239	0.204059141660475	2.0654361892992	-3.79140135014774	4.5352535174986
ocot1244	-1.28815339064824	1.94407881624145	-5.35838121526244	2.36891610885777
ofay1240	0.00447959853543925	2.01424390174605	-3.87958813071168	4.06644227990753
okan1243	1.18285809063521	1.84865840490336	-2.29287244866266	5.07659048676651
okin1246	0.0429190475767321	2.02485223950725	-3.9370414561734	4.07330399003514
okoe1238	-0.525796285431955	1.92988438001266	-4.43135266668135	3.22246672923864
oksa1245	0.635466994321794	2.00292317352027	-3.16363822364822	4.87976231148454
okuu1243	0.546238459340617	1.86359870536475	-3.08093528380354	4.38976008903419
oloo1241	-0.0707127808929612	1.62336378961466	-3.22975346514169	3.32000997298993
olut1240	0.761425912378225	1.61676981834409	-2.27103330847669	4.13337136285457
omah1247	0.548300554206672	1.9388053466526	-3.1271642304554	4.59019251811562
omie1241	0.789497656018474	1.94438218650751	-2.84382336395659	4.83913492499314
onge1236	-0.566812077016327	2.02406336140237	-4.71921133495667	3.34478717408469
onto1237	-0.916574996015584	1.78289571798531	-4.70466466083733	2.35979618418521
oriy1255	0.106751846250454	1.99547960133833	-3.76249191558134	4.22055725834802
orma1241	0.363387292869309	1.92493727890123	-3.40080937685252	4.35838057602319
oroc1248	0.0545066895112904	2.03517901662167	-4.09006986748743	4.29187059614662
orok1265	0.0243772311570439	2.04309728584546	-4.16734690255217	4.22846875989743
orok1266	-0.495436690631054	1.89394737085385	-4.41300988114499	3.27658965227676
orok1267	0.737767175460146	1.95575728409895	-3.06343183144301	4.78438795453634
orok1269	0.69811663677193	1.94163907355063	-3.18342372690998	4.76839958565295
orow1242	-1.55923397002284	1.52205007913382	-4.66616873789425	1.27218246729
orya1242	0.742428501007628	1.96777800414903	-3.06633700295902	4.81682143031537
osam1235	0.088224394007695	2.06287858156039	-4.03716074445921	4.2698582939953
otor1240	0.50280351246562	2.00501070991024	-3.51715126572481	4.61451435908908
otta1242	-0.340851164670206	1.8837849737973	-4.26921352906054	3.15005822888612
owaa1237	0.883333001954821	1.88765438190327	-2.55073076670917	4.94205790305649
paaa1242	1.11816606548919	1.87312086527099	-2.37376917013275	5.06720252591612
paam1238	3.41742835212032	1.82443163210435	0.278192481351955	7.50824275922419
paas1238	0.0540090574889543	2.07916315004756	-4.14563300868988	4.25649135070398
paco1243	0.725874688704739	1.92993946263694	-2.98973221631862	4.80564191500168
paez1247	0.260519917396834	1.92684380327242	-3.42790505801033	4.10145363513897
pagi1243	0.193949687001121	2.00341857193775	-3.77973529159442	4.38485541632158
pagu1249	0.106964009723676	2.01046080875646	-3.87491133546459	4.07965440345108
pahn1237	0.380316775772834	1.94702279227768	-3.48678570523003	4.29826612392314
pait1244	-2.83608258983101	2.10841508721244	-7.4315849607794	0.753636640196218
paiw1248	-2.05127478035966	1.75076786634641	-5.69620431659023	1.07373237464531
pala1344	-0.800067250830607	1.83546000207229	-4.62436900640161	2.58527052683078
pali1279	0.558724136564713	1.83639310465183	-2.98432434552551	4.37752996759087
pamb1243	0.187452740271952	2.03885322543358	-3.77765069971544	4.34838274969559
pamo1252	-0.653829405843192	1.72942004402003	-4.22896179409836	2.57476006934731
pana1307	-0.0054564445283792	1.92530594461218	-3.84379937653485	3.82408052199257
pang1287	0.118300318670147	2.02117351897759	-3.8699410537913	4.2905796154802
pang1290	-1.28876562310542	1.81387163643193	-5.20088462537762	2.00847619772632
pang1291	-1.34986160735774	1.90306019574356	-5.46090162252564	2.11223518817873
panj1256	0.0746349283030623	1.99589231378024	-3.91690469423855	4.23935494280608
pano1254	0.38578178150989	1.95713808549781	-3.38677284722697	4.47341135985904
pany1241	-0.218541503529381	1.82197201236112	-3.84260129654807	3.50885630149491
papa1238	0.027421435759233	1.79326289908961	-3.63567921529647	3.63828920022856
papa1265	1.08158760638715	1.57604169145582	-1.79161516767307	4.45052513090572
para1301	-1.94457484462625	1.8941814199911	-6.0875872059035	1.46833402156169
para1302	-0.0211143714565917	2.03687678087963	-3.99302670655624	4.0240369622337
pare1266	0.203322535407303	2.00372539318962	-3.75171377946841	4.25352068999245
pare1272	0.476198917208756	1.90502784724753	-3.17415820762412	4.42379830528925
pate1247	0.0635044682614304	1.4560546864266	-2.78983636514788	3.02457917899094
patp1243	1.74566027082315	1.7336154577468	-1.28595938690749	5.48909707652583
patt1248	0.0437636766379986	1.99440927647875	-3.98858783316386	4.10383160709752
paul1238	1.10600266039273	1.8371185057826	-2.24111717058633	5.08682101040788
paun1241	1.01092192454851	1.67302885055219	-2.11198232689251	4.50756049929406
pawa1255	0.984357054024145	1.9758868478381	-2.68212641244964	5.24929461668887
pawn1254	-0.61519270878728	1.97246466926414	-4.66528642313982	3.27937769769801
payn1244	1.53861860238889	1.93687296709629	-1.99054897129432	5.70344591706237
pech1241	0.165579866255804	1.93645195902652	-3.69205879306745	4.04190964429589
peer1241	0.257021390354263	1.94011107039488	-3.64142368759912	4.1814021480282
pela1242	-0.159369324186804	1.92645359456969	-4.02329909482302	3.75815668644903
pemo1248	0.574664555784273	1.90778430913403	-3.05500308799083	4.46813241655457
pend1242	0.05857091365079	1.59961176575685	-3.08719476096355	3.17683165718612
peng1244	0.194324646769395	2.00049874911171	-3.67193416120793	4.27454306882369
penr1237	-0.565078983871531	1.86809501945343	-4.61431559217567	2.86816890235068
peri1253	-0.00501892028331204	2.10107834192479	-4.17842022426972	4.30855857378728
phai1238	0.50802094767815	1.96768242587943	-3.35020855423932	4.64686379029716
phak1238	0.151598788397557	2.04049059503452	-3.84981014318108	4.34899016312249
phom1236	-0.012347835219963	2.03368359516503	-3.98812920030026	4.17833384718092
pila1245	1.02571670829293	1.87556321902414	-2.52352793627905	4.95682813139387
pile1238	1.31145180716411	1.56226385353647	-1.54034778884928	4.5925774735702
pima1248	1.31305159371448	1.73557957218636	-1.80268479172299	4.99568084915615
pina1252	1.26610685753332	1.92807956002136	-2.28120579211815	5.35405032036049
ping1243	0.521353963310248	1.88667671024613	-2.97522850076881	4.44891895125176
pipi1250	-1.3769716163867	1.7960330462085	-5.17897913741315	1.85312913069493
pite1240	0.0386299239473879	2.05500666726759	-4.0581426554297	4.18340181161505
plat1254	-0.68626676883188	1.85587742169923	-4.65679286928824	2.71813074659885
pnar1238	-2.02078079846016	1.74051780263323	-5.58207590590205	1.16585636101827
pohn1238	0.380010134993332	1.91540247761832	-3.27906927969381	4.37289004858935
poko1263	-1.15662821284866	1.95643091220847	-5.24686177829086	2.55750727595605
poli1260	0.0500608587868774	2.03954046510716	-4.10170992011169	4.11142320210811
popt1235	-1.33626964501624	1.87791680322286	-5.23512214633392	2.14988863120383
port1283	0.153474945091991	1.94874281243164	-3.67723910800382	4.08024411141429
port1285	3.51971366055734	1.79935013570244	0.358049144733796	7.48310861742009
pras1239	0.049583000371649	2.05907111410821	-3.96637216422166	4.2144142886388
psik1239	-1.82259583136535	1.5985027455106	-5.27824631755553	1.09898876002494
puin1248	-0.50208818591548	1.87621211646371	-4.37560226230362	3.06560621581146
puka1242	-1.18934907519216	1.80866928712695	-5.01812616862118	2.22815926298396
pula1262	-0.155186891430465	1.99866993639561	-4.19886790952771	3.82508450138091
pula1263	-0.054766711814501	2.03823449323405	-4.06046842592535	4.08617938244951
pulu1242	0.263726193680913	1.86540258468882	-3.37854202864616	4.15409851249501
puma1239	0.229542058504679	1.98448102087202	-3.62796485775069	4.31989388432139
puoc1238	0.596532330643992	1.90617883207713	-3.00563921406234	4.51032834385719
pura1257	0.819478751522343	1.92234163833448	-2.78270086549034	4.82972399006589
pure1242	1.44581828894313	1.98575285362858	-2.1375151962251	5.79355615706814
puri1258	0.0568959102407877	2.03971903181129	-3.98911773335863	4.25549283843636
puyu1239	-2.18481680710008	1.69500422810415	-5.72002510404597	0.827740173421058
qaua1234	0.119873933068707	2.01520959460467	-3.8669616305531	4.08507059832253
qawa1238	0.394705849075492	1.98534727816577	-3.51482973263691	4.45156544645779
qima1242	0.656939534095752	1.89373746968952	-2.86992194462499	4.49147376578097
quer1236	2.88492335894746	2.03229151015736	-0.545027137599523	7.26304018541586
quio1240	-1.00651923011991	1.86815763518979	-4.93927246298924	2.53793417680396
rabh1238	-0.266432745556675	1.88263728626179	-4.09404478572005	3.45746115905105
rade1240	1.10011299204001	1.93104603065623	-2.39875396021033	5.14486549441172
raji1240	0.191344430639448	1.9674589524083	-3.76477074316511	4.14861564334393
rama1270	0.28256894790297	2.03979228883036	-3.62296218488263	4.38116089583275
rapa1244	-0.595844062695759	1.85221254291648	-4.43488777552689	2.80136692337592
rapa1245	-0.529468010317748	1.81233307646273	-4.36996763999169	2.84224628544951
rapo1238	0.601243624651403	1.56250845129583	-2.36429019449301	3.83439829689524
raro1241	-0.556358387932897	1.82438864065752	-4.42220391942434	2.81815000886022
rata1244	-0.799055347532529	1.80373264444873	-4.5115572046675	2.53573372859301
raut1239	0.164819766106678	1.99922340090924	-3.74751818053044	4.15158760409993
reja1241	1.5967460441338	1.87307338588035	-1.71185643338516	5.61688689171462
remo1247	-1.28466190328802	1.86976745438103	-5.39993830903728	2.11801884555831
reng1252	0.951521538203819	1.93439856665806	-2.69365064017967	5.04145148803801
rere1240	3.54432999349481	1.78366146339661	0.445924456145575	7.48313155317142
resi1247	0.340499148749099	1.66539846219614	-2.90750444345545	3.67319962497454
reye1240	-1.21846685001488	1.82531494659952	-5.07010045986702	2.16402466382585
rian1263	0.232429916032649	2.03618208028136	-3.79733568898426	4.24362268822437
rikb1245	0.309876032009843	1.99734400325446	-3.54272057010543	4.40632210322979
rita1239	-1.42664721725606	1.79647218680432	-5.2290689694254	1.86453381262551
roma1326	0.28544110246801	1.97976253102633	-3.48763788553138	4.35216394626379
romb1245	-1.14186298177912	1.88537213505298	-5.21117688596704	2.28790133561503
rong1264	0.0790684776435786	2.03255849549367	-3.96252856204686	4.12909384445225
rong1266	-1.16767572788343	1.93981293162423	-5.15031949288481	2.49032332670946
ronn1241	0.237174223533749	1.69022228169683	-3.0566633534908	3.61097036684101
roto1249	0.984124355479183	1.5383714279479	-1.84715091170342	4.21156028849165
rotu1241	1.18840164938727	1.72656444886226	-1.99077671765376	4.87106101778134
rovi1238	-3.13058957633039	1.7850893163619	-6.99145699882659	0.00461412454400849
ruch1235	0.0674396162317823	1.93404781642007	-3.78684169591829	3.99459416329602
ruka1240	-2.17212797961408	1.69894171861698	-5.70680614207516	0.835724853649047
ruma1248	-0.00906480286040597	1.86963863788807	-3.5730120468302	3.82471997282101
rung1258	0.201034554016203	2.06124430863595	-3.88681555455515	4.44084872892575
rung1259	-1.20689589866948	1.68694871566072	-4.73031435278348	1.93711958612891
russ1263	0.0385608572729099	2.01933400655975	-3.95348497551693	4.22892916896333
russ1264	0.0532607698058706	2.01429085232148	-3.93627212169323	4.11341476489238
rutu1240	-0.781131333837476	1.98993883927227	-4.84279130386531	3.04980636015763
saaa1240	0.718901857798638	1.68488807910483	-2.46708495621789	4.23869581596194
saaa1241	3.24773351203704	1.83371878634612	0.104682378762984	7.31883522181062
saam1283	-0.296472461317779	1.9383694650439	-4.20946405715474	3.51792928808048
saar1237	-1.90679447051767	1.65016957274651	-5.38064716951845	1.09035379378998
saba1268	1.22999015463361	1.92713088174445	-2.3126589774125	5.3102747875702
sabu1255	-0.750435597956628	1.74339713376646	-4.30179861061656	2.57698722972486
sais1237	-0.973391698943035	1.6892364242871	-4.48255302051344	2.21263391075349
saka1289	2.7159016146874	1.86571705031484	-0.530302316342508	6.69303717303394
saka1291	-0.727726943437778	1.86058124898287	-4.64124723870342	2.70764662854651
saki1247	-1.66698160493442	1.72166797225546	-5.35862471567703	1.54856561939088
saki1248	0.725538518588832	1.90429192370637	-2.98953073396167	4.6818368106803
samb1305	0.336714094937708	1.9503399060451	-3.39921771143629	4.24013059271483
samb1311	0.351576334677105	1.95198268312434	-3.41182948889758	4.24768151402744
samo1305	-0.708300450429623	1.86982067029373	-4.61696359250463	2.74322452297716
sana1295	-0.649583446660275	1.82599828932853	-4.49513888966254	2.76836175411946
sanb1241	-1.22163015829004	1.97277914188948	-5.36322077692152	2.41695922724777
sanb1242	0.191625337907175	2.05690739424492	-3.93051736192827	4.34762151703059
sand1278	-0.933128056342437	1.91202981920898	-4.91580075562071	2.60970131261052
sang1321	-0.170821723955804	1.97384988045511	-4.13303232149209	3.75546398982119
sang1330	0.140627863981512	2.01239133918822	-3.88411284912613	4.13913997066402
sang1331	0.0548040106029625	2.06089624642127	-4.10183475724021	4.28752365469348
sani1269	0.309364408558395	2.05274465673149	-3.70767439505715	4.43078990819375
sanj1284	-1.2057055132303	1.91803265963687	-5.21679642128091	2.45122874227769
sanm1289	0.453662938399928	1.90377916435607	-3.25126015599288	4.41515601005023
sanm1295	-1.26925877511774	1.92136178996035	-5.3502799769515	2.45581975373344
sanm1301	-0.14008074207004	1.88300031510237	-3.85148420568036	3.55741100955597
sant1410	0.117164103559785	2.00486846554369	-3.80843487247515	4.24885521523069
sant1436	-1.16312933033694	1.92442156296269	-5.23005666936582	2.47058958549649
sant1451	-1.19213423727356	1.94226592734806	-5.29371521609738	2.30700152691079
sanu1240	0.301880922893948	1.93398184278992	-3.47428167194653	4.298563516431
sapo1253	0.640250396407278	1.58538903193025	-2.41927481681238	3.87743432905108
sapu1248	0.927801759615224	1.88277869683333	-2.54132930158314	4.92996459248857
sara1321	0.217595015886652	2.08873499649798	-3.89271379006497	4.46939816521622
sars1236	0.421142346957656	1.97235651051513	-3.36690001453448	4.47014140601942
sasa1249	0.236956454928237	1.80717796572077	-3.30087814411225	3.9793701023529
sata1237	0.152839047520681	1.93328386598738	-3.77431011057135	4.06670254701666
sauk1252	0.844605516107296	1.65585028404381	-2.20766939030277	4.30982632542885
saur1249	0.121584744323302	2.04516055056945	-3.9503495001758	4.20326323662031
savo1255	-2.00805843355171	1.61910161064279	-5.4421079837879	0.976475440895344
saya1246	0.30588289373825	1.76569430222934	-3.06662469153272	3.82371086496013
seda1262	0.880665849276846	1.9233448226518	-2.73675182490094	4.86337097790706
seim1238	0.868323861315642	1.90326855787156	-2.62419799305082	5.01485388532559
seke1241	3.23352200695813	1.82755581844552	0.0913629267058881	7.29303545890763
sekp1241	0.0661347398501825	2.08036864535208	-4.05062559803456	4.31182855208331
sela1259	0.423538876010209	1.89144844873659	-3.19855959852122	4.40034468197911
sela1260	-0.323252140347321	1.60668609358364	-3.56409747951814	2.81130420707384
sele1249	0.0582558125907959	2.08441252151084	-4.12718670508822	4.28601860913468
sele1250	1.19976578007074	1.73551255327842	-2.00661115760668	4.88848966692688
selk1253	0.0298998145548087	2.00484433883711	-3.96714920814047	4.00409960734295
sema1265	-1.57598228949944	1.82979220954728	-5.46759841578437	1.73839630393571
sema1266	0.192615874484497	1.8241379931306	-3.28820811626244	3.89106312814515
seme1247	-1.5298848054055	1.71701538114033	-5.10884264680961	1.66353512011624
seng1281	1.55391036068375	1.94758172886848	-2.0053477332017	5.7300815325773
seri1257	0.502513182801814	1.94880820506893	-3.24598092713161	4.61715972441786
sgaw1245	0.184961860748404	2.12413313178244	-4.03404135609167	4.45173393034168
shab1252	-0.0798839748641965	1.87216592070493	-3.81532046888742	3.58547425392179
sham1280	0.223496355109371	2.00368214361556	-3.65902012081197	4.27855489596462
shan1283	0.364618321284868	1.95890171774685	-3.40963577485076	4.39611810339526
shaw1249	-0.448893233781915	1.95224480605295	-4.49860297469008	3.41812515263048
shee1238	0.0255816302175428	2.10255572858315	-4.2031409804964	4.17247337361738
shek1245	0.53307938889968	1.85618808511113	-3.08421907928607	4.32547232176166
shil1265	0.686563644690426	1.88969626785368	-2.93212963450136	4.66932381296265
ship1254	0.585161800227589	1.92866196058069	-3.06258732868451	4.61056396890855
shix1238	0.0810860080268351	2.07199934301807	-3.99936536295459	4.20529352903655
shol1240	0.0560151163054596	2.09896346053307	-4.15332252178223	4.37395164161797
shon1251	0.0524369820978897	2.04144885556913	-3.96907392195417	4.1543426634403
shor1247	0.042317534252551	2.04806615779882	-4.03542413641536	4.18142014037196
shos1248	0.150419844459677	1.9241291221483	-3.51600859009068	4.1108305103041
shua1257	0.633876156132222	1.94337265220623	-3.16785392460516	4.56403665524397
shwe1236	-0.164822297145256	1.84444693074042	-3.83070630875098	3.54628522585883
siam1242	0.233544425888557	1.96820064893794	-3.61565738833876	4.26655487409849
siar1238	1.5787891975658	1.82753665387798	-1.75452090142901	5.62728160323312
siaw1243	0.615358831104157	1.91592830472442	-3.03396419267732	4.58353991210448
sich1238	0.0637782999586714	1.98218037729198	-3.75921866786922	4.07487514702786
sici1248	0.598602112606736	1.86073218113167	-3.03676273225553	4.58893473814132
sici1249	0.207459033488581	2.00390267933079	-3.78409487749155	4.3968257077221
sida1246	0.958458260790235	1.96544859758793	-2.73191871066933	5.20060173068745
siee1239	1.7023018256088	1.70266836387892	-1.38026330241357	5.37729230993367
sier1250	-1.08032067845393	1.88230023036209	-5.02068578268132	2.43950679069575
sika1261	1.65813026265722	1.79826078658781	-1.52118063908044	5.55703720172454
siks1238	1.55991880230319	1.80364148627426	-1.65054571468125	5.44924573224854
sile1255	1.62064767807594	1.88944605324163	-1.73648376762695	5.74680452159175
simb1256	-2.3443419266938	1.77600280386505	-6.10055011913771	0.831511095295488
sina1266	0.865943408681729	1.89787368827023	-2.5130158138968	4.9612874314123
sing1264	0.125344409341311	2.08543392594044	-4.09375757244189	4.4015054856567
sini1242	-0.112124908246037	2.00111639000641	-4.17004050134768	3.95319959155414
sion1247	0.180056611460037	1.78770837960446	-3.34723233452468	3.84288295934732
sioo1240	1.30176927793379	1.7606367890908	-1.85769464782712	5.04624707463865
siri1274	0.606609973044023	1.69768422737446	-2.65000571193825	4.04073296406598
situ1238	0.0375093175707257	2.03535306401899	-4.02322856153113	4.07075457285757
siwi1239	1.27605235303012	1.86419258885839	-2.22855631188253	5.21352338113852
siwu1238	0.0589690921248593	2.08558177258193	-4.04753055864001	4.25690492308776
siyi1240	-3.02660771433141	2.1754387497926	-7.78053525450215	0.742965484491887
skol1241	0.00721870628390232	2.0352724599534	-3.99840486049126	4.14626089109471
slov1268	0.170916785823113	1.95912992146898	-3.71572180815816	4.12722862070904
sobe1238	1.03663034730726	1.88484719211294	-2.3654759218719	5.00958876565904
soch1239	-0.875558500626746	1.86979860415795	-4.84526471632764	2.71028998658512
soga1242	-0.0595275183507699	2.0231521601113	-4.09599113160916	3.98412569353197
soma1255	0.224699336756688	1.87798107576564	-3.49304339855835	4.08153339299999
soni1259	-0.00689505974571069	2.14509865525998	-4.19112135606607	4.25308212084138
sons1242	0.203600346205901	1.89676554113767	-3.40784444547442	4.15362177306433
sooo1254	0.664788869171729	1.9319400876362	-2.97200909351848	4.74088167054754
sooo1256	-0.802478181895781	1.99218270008916	-5.02882795292805	3.05060285377983
sora1254	0.195652066517395	2.0210091410352	-3.76922821999137	4.29871146140171
sout1528	0.140788048075647	1.94740232093665	-3.62178438837355	4.07366745058375
sout2649	0.154683182051806	1.99439174945777	-3.73160985645643	4.28234139008886
sout2674	0.0196438111164284	1.98394694295564	-3.94992390505253	4.06172965205874
sout2679	0.0384402049301261	2.0176626013973	-3.97383613002806	4.01976526767775
sout2715	0.2154320122782	2.02230900001401	-3.68832253717292	4.44745808832609
sout2728	0.0298178929210145	1.97441960164712	-3.80584385265812	3.92029346661128
sout2729	0.0706788616691388	2.02913358497523	-3.8953344203644	4.10153009910876
sout2730	-0.115530806305824	2.03823030026103	-4.33299829216291	3.87738489993518
sout2741	0.0766096040949561	2.10466054537078	-4.10402057981965	4.24845016046629
sout2782	-0.290391686330796	1.78693799734768	-3.88563544187134	3.31916479372317
sout2797	0.236203273679217	1.98050639972471	-3.60454941184804	4.25852629677169
sout2807	0.0287491595978835	2.02162257460838	-4.01577451550183	4.16511509751702
sout2826	0.0377318043877513	2.00437030598389	-3.96432987187071	4.11015532094118
sout2856	2.86186239643106	1.72827282128174	-0.120212241775974	6.78986857514038
sout2857	3.35297256761305	1.82433867284857	0.142600341813104	7.302984120543
sout2859	3.40889542768722	1.84424171068527	0.270206057222099	7.53228234870339
sout2869	0.759759051728192	1.52311963402353	-2.10298406081744	3.93786488708297
sout2896	0.916506532387611	1.87378292542374	-2.53707120554269	4.77258928882457
sout2912	-0.914899961272938	1.91258485300059	-4.9485604261156	2.61739797936543
sout2918	-1.43614991155676	1.88810252470656	-5.4094994563913	1.9175739034467
sout2949	0.619627177651562	2.01305870207055	-3.18993462975669	4.88040742593814
sout2954	0.0198950135343685	2.00221275708481	-3.92432815602979	4.00126869895294
sout2956	0.649525125819662	1.986428206164	-3.15985987293869	4.70974208250202
sout2959	0.158919443095116	1.93876698479309	-3.59798542457514	4.10873191515689
sout2976	-1.35537154135812	1.78282613563648	-5.09698918861505	1.93699189866409
sout2985	-0.361979471375272	1.85241194470039	-4.11961947163273	3.3408560364862
sout2994	0.700018164298881	1.97467203355948	-3.0679998252792	4.90235709680305
sout2996	0.920676814842696	1.88942931258202	-2.73862992093595	4.87627152092563
sout3236	0.0630179497336028	2.00023650469077	-3.97502404610314	4.02039056786101
sout3261	-1.27152287926083	2.03609417871875	-5.53778297248689	2.50966502730129
stan1289	0.164567320997637	1.94669669787628	-3.6242392640292	4.13622851980275
stan1290	0.0808258942825037	2.0078577290585	-3.8271800114458	4.14499964043715
stan1293	-0.295051959010762	1.96170411825617	-4.21893598691134	3.60975951827259
stan1306	-0.181983075981625	1.75293149583764	-3.6074869427867	3.41600495421166
stan1318	-0.673705280730455	1.85278913040659	-4.63109597963282	2.71306345091614
suab1238	0.705707669283944	2.07592329336786	-3.27716192874689	5.08757805362584
suba1238	0.106193339986298	1.89396466012337	-3.61203049630169	3.96134081377105
sude1239	-0.103149835252604	1.75309718263675	-3.52092433233398	3.44580527150308
suku1272	-1.99574829300291	1.59860743584241	-5.42522187449532	0.842428305755703
sulk1246	1.62171644455427	1.89105304478775	-1.79184284268084	5.6418927819947
sumi1235	-0.175361920244792	1.971804224975	-4.12517588158216	3.78976359329888
sunw1242	0.233798973278375	2.03187940097783	-3.74249065614357	4.36992496147882
supy1237	0.116896158878842	2.00831621047692	-4.00459347034417	4.17180755025575
surg1248	0.0321689731995653	2.01589960747175	-4.0402144133759	4.09577169054326
surs1246	1.71050089848232	1.76108252220205	-1.47648193848435	5.48997353368538
suru1262	0.811426441062513	1.88225074389705	-2.71976227343649	4.77846058821389
swah1253	0.14062320322788	2.09095419768304	-3.9305072161905	4.31978724345332
swed1254	0.0477177869747666	2.01322442126438	-4.01345865275677	4.07257633349622
taba1263	0.0551150584513208	1.98834606585273	-3.90054156450046	3.94803672541673
tabo1241	0.660502026260022	2.04848774760649	-3.13943300601169	5.0285231300399
tafi1243	0.0477538898640291	2.06185604391459	-4.12217158591703	4.34334526958371
taga1270	-1.14894353233339	1.93486949481151	-5.39561906956268	2.40601736816896
taga1272	-0.453721370811155	1.6400869825551	-3.84240141173691	2.61977507475099
taga1273	-1.08979391019444	1.75378139409755	-4.76192210101631	2.21704770799369
tagb1258	-0.735519702319543	1.90516352757137	-4.7391379391769	2.85112594190681
tagi1241	0.152159225899918	1.98299508995495	-3.67894337317609	4.28771012077653
tago1246	0.384884240685971	2.04119379987214	-3.61665594773118	4.59057314664518
tagw1240	0.0697128774449551	1.99500317590956	-3.89908140754869	3.98421903854131
taha1241	-0.57985605209666	1.91149844100804	-4.59654946838726	3.02730257849626
tahi1242	-1.05221699992482	1.7711444036783	-4.86103756692612	2.16294079436551
taia1239	1.43908806433126	1.89152030482321	-2.06858955140511	5.36566441272312
taji1246	-0.369412476431819	1.61704321622621	-3.72057852493923	2.75981314401034
taki1248	1.64746657565219	1.91619739522086	-1.80673019874147	5.75957947186861
taku1257	1.00712533405211	1.7713495571844	-2.26367576979185	4.71448237060663
tali1259	-1.18002289515786	1.53577314637208	-4.27041278938451	1.73310910634364
tama1331	0.221140780782802	2.0249114444437	-3.73071523239381	4.36086952739266
tama1365	-0.564000019751109	1.87338546438075	-4.49769590305582	2.98224048991287
tamb1254	-2.3353789248583	1.86324590001203	-6.44435459800548	0.905593833821462
tami1289	0.0398708180083529	1.99398483994845	-3.87654345559749	3.98368444004522
tane1237	1.65428495525719	1.75692910837795	-1.52015482918304	5.40046613606797
tang1336	-0.787701640263899	1.94912969182817	-4.78278716865645	2.95868368202125
tang1347	2.94621405782565	1.7942342271908	-0.148471038672161	6.95710256369958
tang1373	0.0921968708478865	2.03134159827956	-3.86840447265235	4.22883122424401
tang1377	0.141224704680005	2.03795855592323	-3.95208095786608	4.31159833127339
tani1257	0.0994296887040783	1.78298000255274	-3.44177692081329	3.71040217636346
tara1313	-1.70857436647888	1.94932724904284	-5.81400905823714	1.8339942999671
tari1256	-1.11666196167311	1.65079223092051	-4.60516208277357	1.94311615047901
tari1263	-0.186634481383442	1.80273823557316	-3.89940144751415	3.38825702549337
tata1255	0.0573400346536035	2.06908139727693	-3.98218482180015	4.22435078868682
tata1257	-1.82328362736668	1.77334158613086	-5.60258304188067	1.34445649684885
tata1258	-1.21297263930964	1.97816840355677	-5.42002441693679	2.43404685531359
taul1251	1.77739999622908	1.81320177912613	-1.47481176377671	5.77419034842514
taus1251	-1.88420918465739	1.84652003408196	-5.84726181112247	1.26173081150399
taus1253	-0.600216033953552	1.90038328874223	-4.58634309913375	2.92436373845821
tauy1241	1.42071284256629	1.95461411662128	-2.08774411451958	5.56479525522585
tawa1275	1.03996218822396	1.85284808718537	-2.41783595858023	4.97482967475051
tawa1286	-0.531112705608997	1.90746917550038	-4.4916216583803	3.12421174958308
taya1257	-0.56214593528649	1.86545047843575	-4.42886786245366	2.91342974578331
tbol1240	-0.328110803279255	1.70556840379368	-3.90658161630196	2.95941086143605
tean1237	1.61470700212589	1.75282710153747	-1.53796047102611	5.39525329642455
teda1241	0.0741014677694769	2.06535477371741	-4.03962722727101	4.28467631775132
tedi1235	-2.81784046938298	2.1418398990246	-7.43872771351457	0.903507163867467
tega1236	0.40985073233024	2.05984270237893	-3.61260955527087	4.6500514422963
tehu1242	-1.13614743345953	1.9340873551649	-5.29938683038727	2.45215715072577
teke1275	0.142733081039835	2.03563525224813	-3.85541714536403	4.31272487191874
tekt1235	-1.50022952412215	1.87963237155217	-5.51620486577376	1.99405286062353
tele1256	0.586485742279449	2.0078199588011	-3.2890485275547	4.83846914961086
telu1262	0.0782698107361344	2.01880415767962	-3.8951206722203	4.05791897662665
temb1272	0.268507625826732	1.97385852732825	-3.66329213721486	4.19116826139137
temi1246	0.540894465174718	1.8285187863198	-2.93695962221036	4.19016990615417
temp1235	-1.92872147641199	1.79974363683894	-5.81622075586087	1.22225220268748
tene1248	-0.482598919892158	1.95622261579584	-4.44297695346414	3.29045317032677
teng1272	-0.79699923404543	1.78878023007077	-4.59127008356113	2.55779306351709
tenn1246	-0.715624597273933	1.8214016033963	-4.51733605780297	2.71898695775626
teop1238	0.764009109306321	1.56620254554122	-2.18758473080836	4.01305573885465
tera1251	0.503364361747129	1.7432771014406	-2.741941547753	4.10930634775642
tere1279	-1.14253119606834	1.85314298684909	-5.19897218365973	2.15890059737702
teri1250	0.426338120675869	2.00664899063356	-3.52972673869284	4.53882110785763
term1237	0.582458309889829	1.79203405206719	-2.76223125414402	4.34983629158766
tern1247	0.0658165259434502	2.04978103996971	-4.03965938707846	4.10994760954382
tete1251	1.15730899174957	1.88387717867448	-2.24476089490912	5.17528848339263
teun1241	0.731722775808987	1.87690472493934	-2.76281494504083	4.76288589026208
tezo1238	-0.873662810628254	1.9220548929605	-4.90187259846306	2.74406264582564
thad1238	-2.6976126616579	2.08363836560747	-7.24437078972277	0.893986190331617
thai1261	0.273267302349415	2.0574045290321	-3.77914996715163	4.41205037440531
thak1245	0.192014764227897	2.03706984546173	-3.81963308349734	4.34964351830898
than1259	0.147695732109517	2.08493321694844	-3.92545016425084	4.37693024730006
thao1240	-1.82066890595568	1.6941732902967	-5.48318779897112	1.3432933900897
thar1283	0.137001403429276	2.0040297364698	-3.80398941867576	4.2008105671621
thay1249	-0.896467929195823	1.78581063898408	-4.5437784650319	2.53122392586829
thul1246	0.168036842820168	2.03977415341494	-3.81697372191	4.23734379739407
tibe1272	0.0663696189885756	2.03712597112306	-3.87756145034056	4.15816214526692
tibe1274	0.363106747151268	1.89873755572205	-3.35646984313598	4.30035611126899
ticu1245	-0.0283785927288654	1.97457286046333	-4.10164363426313	3.95235187778576
tido1248	0.206537215597186	2.0243590890985	-3.84457489744406	4.27440319288077
tief1242	0.235349588362987	1.97376016428124	-3.64260794008036	4.21409843069553
tief1244	0.23181659961158	1.96446510391985	-3.60447230387218	4.25214894050383
tien1242	0.116596820628056	2.02210578263367	-3.74606730077041	4.15144308693452
tiga1245	1.2295507277957	1.7071592353031	-1.93854697629646	4.76085149548771
tigo1236	0.560426215825148	1.92268483645889	-3.18606618943527	4.50371691785192
tika1246	0.408342799100717	1.92213400489559	-3.42229842199274	4.34487817862613
tiko1237	2.13251981769417	1.82335255763771	-1.10688652557667	5.96368994255727
tilu1238	0.237129074455537	2.01065958070688	-3.65239810142475	4.36456311478168
timn1235	0.102927580060432	1.97085456739953	-3.84288399671962	4.08923477479079
timu1262	-1.81919923255415	1.75432926109767	-5.53616343757093	1.31096929797343
tina1248	-1.25750402468675	1.81996706841642	-5.09270504916338	2.08016539694032
tira1254	0.543747054064397	2.01497379950096	-3.48357287701828	4.60628856378038
tiri1258	-1.50723333011238	1.52995271369959	-4.71749875688377	1.35750521749198
tiru1241	-0.165672944906226	1.5958615667705	-3.40032878230555	2.94330751554581
tita1241	1.49599458314367	1.85137286396317	-1.80214387263877	5.56336663562562
tivv1240	0.423480901308093	1.9519322771842	-3.32953031224416	4.40652287470912
tiwi1244	-0.867391211450723	1.93604691821712	-4.98852994103622	2.77960553920257
toab1237	-0.155981054274708	1.57014630526324	-3.22792796976272	3.06001013454569
toar1246	0.429166395122781	1.85476680563554	-3.10492329961589	4.268718535935
toba1268	-1.18725388224933	1.98849491893089	-5.39690772729127	2.45592928888569
tobe1252	0.171120204427755	2.02798916459267	-3.85176495674364	4.19782402015087
toda1252	0.0572373889057757	2.13306888272951	-4.27952016771524	4.41396178877114
toho1245	-0.969982082552989	1.79059756559536	-4.78284713993951	2.36064007438757
tojo1241	-1.19280146841439	1.94264284452544	-5.2407269239502	2.50187879198026
toke1240	-0.658436524752506	1.85582370655361	-4.52730454213827	2.82997003029156
toll1241	0.0767443615620787	1.86909361347535	-3.59282910218259	3.83960221990801
toma1245	0.0376665276953472	2.05274792637811	-4.04831473819039	4.10470033130627
tomm1242	-0.559618071538448	1.96958404416455	-4.66538970468666	3.24811394357909
tond1249	-0.357028876131372	1.97044040641195	-4.47663476269971	3.4773173110428
tong1308	0.684200535388834	1.86849768173458	-2.77218400213665	4.60737886979042
tong1318	0.0475642241903984	2.05164760850741	-4.07194567935623	4.27969278587545
tong1325	-0.728724701923706	1.81962485303776	-4.53204857538644	2.77216229539045
toor1238	0.176171821731612	1.98473403844692	-3.80687138696236	4.36576491210025
tora1259	1.06172628147369	1.67616658519221	-2.0464812612908	4.68659852567957
tosk1239	-1.66009674330339	1.90225229501062	-5.66002032140976	1.74940752226128
tote1238	-0.374812534193791	2.03931363920605	-4.55658880684868	3.61527617927182
toto1302	0.0801309046379391	2.05230273244985	-3.91597537109077	4.19632302507036
touo1238	-2.97680669691619	1.85836865929691	-7.00302833993914	0.299188871553356
trin1274	0.0979390557548394	1.5878445802151	-2.96365661297859	3.33519041121727
trio1238	0.278250860559521	1.9346725256274	-3.53442581459035	4.32184572597985
trum1247	-0.395602829349266	1.70884942420235	-3.84759005012342	2.95556310400776
tsam1247	1.39520797323621	1.90688588136031	-2.11369769024008	5.42564571311168
tsat1238	0.155730949874532	1.96020533730199	-3.58772208569226	4.18245223163814
tsha1245	0.0174639472147409	1.97712933969742	-3.88998704935683	4.02207934007912
tsis1238	0.138042808556644	1.98879499376719	-3.74022806184417	4.26140125657113
tsix1234	0.438712967551502	1.86317832908649	-3.23926019712169	4.30520489979447
tsog1243	0.0849384128542914	1.95553420961799	-3.79132111059673	4.06981921511387
tson1249	0.0500670851450018	1.96761542113984	-3.80304461926883	4.05915565770519
tsou1248	-1.94627586363097	1.64269475093363	-5.33122666755186	1.04569501998828
tswa1253	0.145127421183313	2.01580356182069	-3.91221708557071	4.13160379681992
tswa1255	0.0540408731479801	1.95696643998588	-3.79270741906076	3.95076252228568
tuba1278	0.467725299212205	1.90571634955506	-3.08539809878966	4.50453973005332
tuca1252	0.386287560008881	1.56219362485592	-2.67938615926544	3.50222004700916
tuge1241	-1.09518406834957	1.89854134309112	-5.15194640974858	2.42245138494081
tugu1245	1.11693041324484	1.92852210164357	-2.47550097280746	5.12720030657961
tuka1248	-1.35296254976748	1.69957327145634	-5.05157798573554	1.74361587189566
tuki1240	0.257532439706817	1.9670042975985	-3.54550792692396	4.36605265050835
tula1252	0.398665935428458	1.78618479358585	-2.99144876632954	4.10086948090494
tulu1258	-0.00130494241873847	2.03221016815069	-4.10234144065944	4.10661098890617
tuml1238	-0.327762641388407	1.58981475031313	-3.45740824239763	2.83235132250718
tune1261	0.103467204154301	1.95695942796877	-3.72508745439438	4.00172109442901
tung1290	1.24608642589093	1.82920457908704	-2.17196064004134	5.16461848738345
tunn1238	0.207988974547842	1.93988451765251	-3.6465124825789	4.22216406148702
turk1303	-0.0660927343884775	2.06332845663696	-4.20169994101669	4.05030654249928
turk1304	-0.0328076641212271	2.0718102074272	-4.17812480954463	4.09773016568587
turk1308	-0.286856861262515	1.80182167194716	-3.91644990576858	3.21211316525932
tusc1257	0.986600415520461	1.89773141495221	-2.47687238137114	5.05972174363135
tutu1241	3.19492854078791	1.80375507169086	0.0281400456587568	7.15888249162727
tuva1244	-0.634490199819297	1.83277752327488	-4.59083503074031	2.78102663650143
tuvi1240	0.00658920060588992	2.08854887972361	-4.05817063083906	4.26177105456714
tuwa1243	-1.13138229148115	1.66265633822773	-4.52842472917188	1.90633136102048
tuwu1238	0.054928897791191	2.08088428717714	-4.11266135293607	4.24457413395785
ubir1237	1.16687490478044	1.86038089705985	-2.23111502207681	5.17513417298285
udih1248	0.00303788921574779	2.09028428275379	-4.23375071329038	4.12038856007802
udii1243	-0.0444695627034637	1.95956782299688	-3.85867987334508	3.86601004919483
uduk1239	-0.341631279828157	1.93107358067613	-4.25792936263491	3.30184509511289
ughe1237	-3.09397358094063	1.82241212089666	-6.96708968187176	0.0868686953144288
ugon1239	0.205435127865167	2.02905828234915	-3.70324411300314	4.39813070366118
ukaa1243	-0.524391931527111	1.94678074909223	-4.54388698235778	3.29553171490954
ukra1253	0.175677057928073	2.03468969885922	-3.91027928571975	4.25744857961858
ulch1241	0.104971555078365	2.02957486499219	-3.94739576076877	4.17379071077588
ulit1238	-0.196158560403465	1.8569698334663	-3.81516286759155	3.57962108249735
ulwa1239	0.35062689526604	1.96453467567131	-3.49450138214008	4.46415619664348
umaa1242	-1.06934658999427	1.72520009735491	-4.68253369479151	2.16167299370446
uman1240	1.19460093782053	1.80633504652402	-2.09485887951115	5.09800601724634
umbu1257	0.126464219856722	2.05731491950657	-3.92641129418132	4.39542899125831
umbu1258	1.07271192533864	1.94956593436647	-2.59516170683274	5.14673175016016
umes1235	0.0140171721334041	2.04702405549369	-4.13772315971715	4.08946981249053
unaa1239	0.458879027366038	2.03322901023891	-3.49714911285315	4.65832669006561
unea1237	1.85960289849156	1.85245440127559	-1.46637172220299	5.84349096586943
unua1237	3.53098800468291	1.78153340965238	0.452790036828592	7.46544409897496
uppe1275	0.565045677363923	1.5988891415693	-2.48898420370097	3.88808071336035
uppe1427	-2.36461759939918	1.92856495558556	-6.52706994803853	1.01096126659896
urak1238	0.557431583716699	1.8662601438431	-3.08326733870212	4.56912271684824
urar1246	0.131016573312976	1.84005183318693	-3.55162548728471	3.80583265161055
urav1235	1.84372832939828	1.72319405528224	-1.210190767271	5.57537589712677
urim1252	0.112008958804308	1.73606844760104	-3.31263940464138	3.6024401529844
urip1239	3.3999331238622	1.77384228971476	0.325971164004051	7.32455460222088
urni1239	-0.0270328575687629	1.96582621638254	-3.9356673766322	3.86947591926253
usan1239	1.65969853012354	1.90414407708797	-1.77284878498478	5.74681643392996
utes1238	0.14271237836503	1.89903502927407	-3.60757759709548	3.9739618393017
uuuu1243	0.405749916009984	1.85655734300994	-3.23215975054112	4.27919131997191
vano1237	1.56971826925437	1.74699661131885	-1.6399344468969	5.37740566445813
veps1250	-0.00744956492214373	2.02396205251322	-4.05769528945407	4.07079803256841
vera1241	2.19071462750206	1.84823385443858	-1.05411954833385	6.22195079382325
viem1243	0.204090858102439	1.90469240911094	-3.45285157344184	4.18384953832752
viet1252	0.30084266582748	1.99665800385176	-3.52331856137748	4.46335488818176
vinm1237	3.4478582287211	1.77367436751937	0.369168515768854	7.36957851795649
voti1245	0.0095309225405974	2.0959811649931	-4.1155608421368	4.19478753408166
vunj1238	0.21149335576268	2.02076296415568	-3.83284525326635	4.35322852549568
vure1239	2.19934224686862	1.85077599831292	-1.05252294842499	6.19470212237808
vwan1235	0.129507222750986	2.03110026714246	-3.81255550172531	4.29338804567772
wadj1254	-0.577571726373179	1.94133334183926	-4.53666377088332	3.17922323072835
waga1260	-2.01793679961983	1.88010473817371	-6.04956488737951	1.30330975644181
wage1238	0.113000002060259	1.98134382932245	-3.86953337877595	4.08610629914703
waig1244	0.644825942813841	1.90048268342432	-2.91647749139651	4.68560217754528
waim1251	0.514817780712456	1.92689652148114	-3.16096965704278	4.54780259241041
waim1252	1.29594162486762	1.83550933109092	-1.97541417064894	5.25104145702408
waim1253	0.336137074092695	1.96427482901286	-3.49730565355258	4.34037385042405
waiw1244	0.535036255565535	1.91817770530151	-3.18019518772129	4.54450410791568
waja1257	0.699997435037	1.85019534217882	-2.80601392291493	4.50176430660987
waja1259	0.220448561537401	1.79723855351979	-3.19680433921081	3.94210348711794
waka1274	0.562737776514314	1.85269059880437	-2.92688160451323	4.39078275156306
wala1266	0.00405327219262524	1.52581341352098	-2.90443544655156	3.16554465993819
wall1257	-1.01845294656625	1.76966085396344	-4.84717495249563	2.25942447247537
wamb1257	0.235778485745163	2.01764228190832	-3.65316164448718	4.396447607677
wamb1258	-0.741997078341649	1.97260161084296	-4.86759589649186	2.97802208667091
wand1267	1.16386318174895	1.90816556877931	-2.37152338183352	5.24199101234863
wand1278	-1.11284743076956	1.62982895538316	-4.46289254457392	2.0188682151253
wanm1242	-2.15464901155187	1.92547257677744	-6.29752958333166	1.26940455886516
wann1242	0.0679872715097761	2.01661545746484	-3.87033637477442	4.07698243514534
waor1240	0.627337203262151	1.89790624143602	-2.90302640964457	4.60090174558917
wapi1253	0.783797242114946	1.86855490931767	-2.64484508730005	4.7600344979863
wara1294	0.487695067934318	2.04096800340841	-3.45692815704367	4.65295582390668
wara1300	-0.750630129574587	1.91782287963544	-4.72371977409253	2.84381832467861
wara1303	0.281194504601438	1.98313402765108	-3.57954696698915	4.3336894037743
ward1246	0.295748098756576	1.92119545507935	-3.54297929532612	4.13564028820395
ware1253	1.05913459405224	1.88999112084112	-2.47173120479478	5.04500789185968
ware1255	0.405489986550087	1.70293223424995	-2.91597850606786	3.93365007988794
wari1268	-0.674248441356592	1.94605758294699	-4.79027007843937	3.07679827605883
warj1242	-0.832820594473291	1.68464083198043	-4.19228882774011	2.50562644495437
warl1254	0.820534382393103	1.84912634201174	-2.69008411471419	4.69870638901309
warl1256	0.303531304166467	1.83944672908734	-3.19283460799186	3.99785148441086
waro1242	1.19767309715958	1.90887259508664	-2.29698941166783	5.31402327099025
waru1265	0.56973192480983	1.83410947132339	-2.88872145374908	4.43868368183087
wash1253	0.180748229473262	1.88347816253528	-3.47958815483993	3.95678857017852
wask1241	1.61868453994592	1.91120962611802	-1.86051985323131	5.70718366533058
waur1244	-0.0147096546657545	1.75792517991295	-3.41534966385901	3.55193316018729
wawa1246	0.421013276240588	1.93440703463448	-3.32875999225566	4.40517015619562
waya1269	0.31625796468539	1.97344323507858	-3.4732124407133	4.38967815334902
wayu1241	0.245179109968874	2.04432159491199	-3.68910572974103	4.46931693383265
wayu1243	-0.494362124779434	1.82336988210241	-4.36832670787637	2.97499534509089
wels1247	-1.63239395025927	1.92976996302193	-5.78315629873455	1.84375535172945
weri1253	-0.193320791466342	1.68471091853219	-3.51234200040965	3.19616616661407
west2354	0.307806807745079	1.95790845834184	-3.55373876505692	4.33314546738412
west2369	0.134578895302534	1.96948453612322	-3.7966980243308	4.15108531446718
west2386	0.0802756944862419	1.9942159738239	-3.84834211751222	4.21953636830641
west2392	0.047114052452562	2.04089249665646	-4.02629561982955	4.12691497916585
west2396	0.56674629968233	1.9240443036286	-3.07926361110231	4.55475154143801
west2397	0.659431562435797	1.95035881381436	-3.05554625736338	4.76115283152328
west2415	0.216453021597776	2.02150741997414	-3.69960501305036	4.39567285516327
west2418	0.210340364285839	2.03412184010851	-3.78478583138963	4.39076701533327
west2430	0.07976143304445	2.07092131184496	-3.94530136412556	4.21628881790516
west2441	0.901456140715354	1.83280132377236	-2.55695360411494	4.76393582793089
west2466	0.231365435785357	1.98957529544902	-3.64748659581323	4.25414295444351
west2516	-1.96216662483785	1.64089887767057	-5.59397757493509	0.874349473539569
west2519	-0.261145020112798	1.60323789840563	-3.51517312665813	2.9052626545808
west2548	0.85054409373854	1.88803581705383	-2.73827600428511	4.84182574112127
west2555	-0.752679385957417	1.68058767827716	-4.29581478206405	2.37350564200242
west2557	-0.978403421917448	1.87486803314141	-4.89916917834915	2.45859655802425
west2560	-2.12489019359637	1.81639010176381	-6.06051527630947	0.945600134898915
west2564	1.49554324114182	1.74391432462408	-1.62921725434227	5.09706118908185
west2594	0.593471157131748	2.05745183581803	-3.36099125441857	4.79276476126573
west2599	0.967154385056863	1.94381802391893	-2.79905567008401	4.98722272997602
west2600	0.160689819375061	2.05073261920558	-3.88126586460593	4.33399848652171
west2615	0.350399457196072	1.97107314889384	-3.41047678494437	4.30087979223434
west2618	0.458600698936255	1.89001479730019	-3.24428632887924	4.36623783173209
west2632	-0.100374272871328	1.91616269314466	-4.08222705540426	3.73112527861488
west2635	-1.45150823148323	1.88222416088562	-5.44531646195246	1.98889658696004
west2644	-1.23752549790465	1.98564175625925	-5.31001390544356	2.43981864839189
west2650	0.710430868712546	1.91054971986973	-2.9376016676988	4.72044689142479
west2763	-1.5159848241511	1.8042472034325	-5.46329514181828	1.70647261422704
whit1269	0.869560584968481	1.52920095188524	-2.03193425768868	4.06279499916875
wikm1247	0.115337006675902	1.77832002556181	-3.36935151625977	3.82252826503798
wiru1244	1.0558454392316	1.98541260167385	-2.70235479334042	5.22572201639438
woii1237	1.20731698223238	1.91420583843449	-2.30852184312368	5.34754149517135
wola1242	1.11356339948402	1.99244787527975	-2.62113934766003	5.31752468521065
wola1253	1.0961124101465	1.8511065462686	-2.3205743842897	5.02675311345155
wole1240	0.268035134755016	1.95213093460339	-3.41864174381874	4.27304003380575
woli1241	-1.05604998189619	1.56107323200154	-4.23899059367624	1.86150272417466
wotu1240	0.500068647592406	1.68858522024167	-2.83249424952494	3.93678073060546
woun1238	0.271236920767577	1.95130843044658	-3.58060814770183	4.2973328138407
wuch1236	-0.0250140680549319	2.0677744464067	-4.13655867690052	4.14718070418608
wudi1238	0.0850130498514693	2.02736661481186	-3.89329955399809	4.23566328089267
wusa1235	0.0803657680541058	2.02281260817801	-3.88935207979994	4.1251432847173
wutu1241	0.0650911603842293	2.00578910926733	-3.7978624709544	4.10038859630868
wuvu1239	0.648394781020919	1.79860658764419	-2.71886809316812	4.46591189939929
wyan1247	0.928784943345503	1.91295015856981	-2.63692532423437	5.10597835780851
xamt1239	0.422966229579488	2.03243821738773	-3.57873618954953	4.62873961280625
xara1244	-1.42024049832286	1.53218225492078	-4.53376587989834	1.4708956627147
xava1240	0.0764992758714998	1.97118534863663	-3.8259459095611	3.99480369906232
xhos1239	0.0491966418675347	2.04350073222415	-3.90688972612356	4.26297362117452
xish1235	-0.212756290218783	2.03526318329229	-4.39244746968749	3.91203315973523
xokl1240	0.124246089188405	2.00011975030745	-3.87280007190955	4.22044866297521
yaak1241	-0.100738617166526	1.91875112656398	-3.81045221736356	3.7655842708001
yabe1254	0.678191699321011	1.74742819894223	-2.65308408243492	4.23140093028294
yaey1239	-0.293762811557237	2.01023301700011	-4.55729639339482	3.71818695996525
yaga1260	1.15702496935013	1.92314413084302	-2.33494117248493	5.26010745628355
yagu1244	-1.2356347140205	1.95487717183562	-5.24001684801309	2.46671581143653
yaka1269	0.000706290791567028	2.00162715738403	-4.03111306351688	4.13366024857853
yaka1272	0.140795356750882	2.03461172310721	-3.84120169635817	4.30776378058358
yaka1277	-1.3071767994817	1.87402205440987	-5.29462240433364	2.09780621083955
yaki1237	-0.94043473413682	1.95784308551627	-5.08004691356333	2.77932034768466
yakk1236	0.170046072367851	2.05918682958002	-3.89650027099876	4.34242474152245
yako1252	0.154189820856488	2.01296208490327	-3.86978536568596	4.23140538546388
yaku1245	0.0452487395197857	2.0234177303797	-3.88908290433472	4.04110836857904
yale1246	0.542512298330134	1.84943067411523	-2.99019607693409	4.3663156961724
yama1264	0.401045598316697	1.98450315823561	-3.40774955400886	4.55217242646769
yami1254	-1.63377612992199	1.88768495037936	-5.75636421108309	1.79677966402871
yami1256	0.441856185804133	1.92158506281612	-3.12559083860177	4.43290155695838
yamp1242	0.188906991721552	2.03075591983642	-3.77323429424614	4.30756055678469
yane1238	-1.6812046172756	1.76513225159103	-5.48661288456189	1.44906616805699
yank1247	0.427079949585793	1.97374802604786	-3.39587151196116	4.5449143836691
yano1261	0.246969313292143	1.9415552928337	-3.52829877576245	4.30601440895299
yano1262	0.341673263925424	2.02375574696477	-3.60854922934341	4.46485322763106
yaoo1241	0.0418856631738712	2.08471574073452	-4.00170694300128	4.14540568915692
yaou1238	0.0548536267178073	2.00012417286983	-3.94209467399656	4.1404553396617
yape1248	-1.38318794983899	1.800419470995	-5.1976197326209	1.96121967467887
yapu1240	-0.0797146878085424	1.66410089444171	-3.33231046453956	3.32019951125536
yaqu1251	0.384393748944473	1.88810322346289	-3.31563754844166	4.19603652328422
yare1248	0.993620867090491	1.92990548067608	-2.52097565369761	5.09278863301993
yasa1242	-0.187287786049079	1.9929784980476	-4.09970963165076	3.79795292911677
yatz1235	-1.00077166894757	1.89289038613595	-4.84733991743302	2.5921821234242
yaul1241	1.31037055794781	1.91615030870984	-2.35890747635914	5.31182873350524
yaum1237	1.11289037369719	1.70997409828767	-2.00667551282788	4.67616924575866
yawa1261	-0.6021897467221	1.57341696319666	-3.81531145243447	2.58066330884919
yawu1244	0.73292897434609	1.86607638804042	-2.83343156382154	4.55717209461382
yecu1235	-0.201665181186917	1.86142127275973	-4.01822225592779	3.50005927168345
yele1255	-0.756700839903104	1.87666766754137	-4.59257139592596	2.73874441154608
yems1235	1.02557604442629	1.92682972574674	-2.53553729620608	5.0814621948509
yess1239	0.485451682981541	1.92212847515392	-3.2232999125672	4.32161789463075
yidi1250	0.787367227596121	1.90752577490987	-2.88969965516873	4.90293054033027
yima1243	1.0847392747946	1.96361157798563	-2.59327855528446	5.18553513783747
yinc1238	0.542103975088195	1.87862986838457	-2.95889188414245	4.41239818627437
yind1247	-0.996311194192523	1.72246807429802	-4.52236585200348	2.28907271113678
yine1238	-0.444811272546844	1.72498985602403	-3.90116289219162	2.95129999155982
yoga1237	-1.37929393534399	1.74431343956286	-5.09121312397769	1.76409769504254
yoku1256	-0.665340424548569	1.93729320919387	-4.63422200327438	3.09439226814135
yona1241	-0.623401679399323	1.96444889799929	-4.75212747481177	3.18762914681962
yong1270	0.0649451382167417	2.050919503236	-3.97214248296493	4.19925050386602
yong1276	0.103956705110172	2.04387959185758	-4.00092465079188	4.27623255040775
yong1280	0.488791728787647	2.03341968109414	-3.52782998032197	4.69876083701803
yora1241	-0.300376723559277	1.78635364511096	-3.83497913910377	3.22404663553765
youl1235	0.402733296240139	1.82837344067405	-3.10450042212766	4.23892394454906
youn1235	0.0771117366779722	2.03002938471283	-3.93397688267013	4.11039949215872
yuca1254	-0.498064170065155	1.94081387264385	-4.49882152697871	3.24463173535701
yuch1247	0.561884148289428	1.95693264305366	-3.24568379767942	4.56666088830758
yuec1235	0.0316015150947098	2.03633334879149	-4.06822807330871	4.06170167231719
yukp1241	0.277904677435429	1.89827980814369	-3.36135072354327	4.19976321408875
yulp1239	1.24125285530975	1.72068991879425	-1.92790203606586	4.95809965332521
yulu1243	0.122728818198704	2.00732277460374	-3.86038728965891	4.19433703367269
yuqu1240	0.0410351321812808	1.72170287632757	-3.31381904412428	3.47169439168948
yura1255	-0.030830094584683	1.71380427157208	-3.46607384739124	3.46471904202451
zaba1237	-2.99499932958174	1.75815049264419	-6.7988540596149	0.140426454149449
zaca1241	0.737114506337908	1.61481358466789	-2.22153490602807	4.187040237798
zaca1242	-1.17733409436044	1.99510459621774	-5.29411561467971	2.48974821909123
zagh1240	0.102994896090973	2.02427712534183	-3.91730148476465	4.22733070087038
zaiw1241	-0.377178875150286	1.94931882540859	-4.30305078582411	3.43441104448899
zakh1243	0.122848199633454	2.03774723283163	-4.01331818795587	4.17742783377104
zamb1245	0.302831327909828	2.00677236364353	-3.66431979753836	4.48581921777792
zand1248	0.240618141149975	2.0286989421313	-3.80477188867936	4.45500391184622
zani1235	-1.32389068851631	1.95289918968238	-5.3076350924824	2.20964457456901
zapa1253	0.349692094697367	1.89565614213126	-3.28870566943774	4.08938205978686
zarm1239	-0.0295167811403882	2.02099031545861	-4.09364443435706	4.0085599422351
zaye1235	0.435371813525413	1.96513361997487	-3.25232628245521	4.53587424907066
zays1235	1.26549291979107	1.98797994456326	-2.38756329193767	5.5135659162868
zeme1240	-0.977286924257193	1.94666373008272	-5.00553238572758	2.75083286046349
zenz1235	-1.27992312439523	1.95746009015339	-5.28430890098885	2.32211798620852
zhab1238	-0.00574910231611084	1.98830681044602	-4.04014582193553	3.86085740715376
zigu1244	0.189679742237847	2.03294502955852	-3.81263020985544	4.30516997376277
zinz1238	0.0923375251156842	2.06975379864822	-3.96522525529524	4.19700626150948
zoog1238	-1.03181660753009	1.8928577045054	-4.9327933316973	2.54048479876445
zulg1242	-0.804408122062941	1.5457744487782	-3.96451310785953	2.20380051637791
zulu1248	0.0213953204065032	2.07392181646167	-4.22024476588404	4.23883241275098
zuni1245	0.531410510966047	1.91926893444044	-3.16458006966147	4.4182577642531
