Estimate	Est.Error	Q2.5	Q97.5
abad1241	0.405744568174864	0.851357428390037	-1.12107142270816	2.32937420595217
abar1238	-0.653281694867429	0.859392776896319	-2.53997698416798	0.795252048033183
abau1245	0.88845684572794	0.932506818917072	-0.575131079879292	3.03354535061241
abee1242	-0.108651672454423	0.899649757986997	-2.04863450848772	1.6568843669526
abkh1244	-0.0395354354276894	0.941427649466322	-1.97109282691221	1.92828456612856
abua1245	0.258017133850785	0.832366666843046	-1.36906542759677	2.05152084754512
abui1241	-0.561189610805391	0.890061442553281	-2.55494557026382	1.00479168377918
abun1252	-0.34418951303163	0.904908500949149	-2.31595782141916	1.38158987814843
acha1249	-0.126151044556813	0.916776662390705	-2.06863672611451	1.68265182181692
acha1250	0.157702745641389	0.908685702396402	-1.58310269274639	2.11349505252732
ache1245	-0.106640279654536	0.919838479224541	-2.05769758028422	1.75311136685696
ache1246	-0.0629636303314258	0.910950208237382	-1.9469054836941	1.76130651259622
achi1256	-0.0399505896634934	0.895072490514748	-1.96504678172777	1.80080763102043
achi1257	-0.297948974998187	0.873276545592912	-2.22836346279245	1.34914410637528
achu1248	0.0959213304034279	0.899710198022976	-1.74653687852274	1.98435063367863
acol1236	0.197807007705337	0.885189245993745	-1.53501636639557	2.13259684394547
adan1251	-0.513724553874521	0.866361997982704	-2.43752527581199	1.02567140788065
adny1235	0.204076847439174	0.878438152701385	-1.53776746365721	2.14115772550716
adon1237	0.208182438471627	0.813916512878488	-1.32022713958795	2.02182512054756
adze1240	-0.267178431289266	0.773804691841642	-1.91824933302595	1.20371215225117
aeky1238	0.12107036817656	0.861086153604718	-1.57140147344713	1.96503259605168
afar1241	-0.151241993515862	0.879316402643067	-2.06012783955158	1.59275210277311
aghe1239	-0.614658429832775	0.861747538122907	-2.53089796718546	0.848694457332169
aghu1255	0.0324198792364307	0.913191796888819	-1.87535062786673	1.95515004421547
agob1244	-0.483452558944387	0.909038701779438	-2.5696612106315	1.11237859056852
agua1253	0.143240728662789	0.907378606232263	-1.63776925382678	2.10672280341542
agus1235	-0.369856354858522	0.884438678280773	-2.32874482244347	1.24997346589941
agut1237	-0.313754332473297	0.870495155019478	-2.23484014706368	1.29632160095028
aheu1239	-0.0376227136757345	0.933361949570815	-1.98351751910949	1.87640203934968
ahin1234	-0.0183954847820105	0.754865646337972	-1.57407128787209	1.51611383241301
aika1237	0.21047365702085	0.893380978113355	-1.54046430811457	2.20283572116072
aime1238	-0.495126635078023	0.916858185990926	-2.54368061493933	1.1780299103904
ainu1240	-0.0356814350495304	0.941875865249201	-2.02137439354929	1.92244840452111
aito1238	-0.0250101963627208	0.902783250618453	-1.92663931693102	1.78976271916429
ajab1235	0.0682880976166128	0.866151328914574	-1.68525106214076	1.88198086640145
ajas1235	-0.0399486415905567	0.926369024941863	-1.91443670559721	1.93046878886758
ajie1238	0.100419317775942	0.766346786246347	-1.41448112917072	1.70572372301345
akan1250	-0.000965587367738353	0.902065782929135	-1.93502955666679	1.82783744034442
akei1237	0.501765377677092	0.772424364550959	-0.889985105501767	2.21191439054414
akha1245	-0.227899461487883	0.904947737879814	-2.26947860967575	1.50171647314305
akoo1248	-0.314547571324462	0.928344232205002	-2.34166497948241	1.4940790580389
akun1241	0.154154335775901	0.890653831013011	-1.59331951311773	2.07329197884065
alab1237	-0.105132384291531	0.909386138862126	-1.98398305774137	1.74622326592684
alab1254	0.280126473052914	0.834286286510606	-1.2921917305113	2.0757180582437
alac1244	-0.192966972580379	0.865306922621691	-2.07110287630057	1.51634640372387
alag1248	-0.401093546511458	0.899183360135492	-2.46299035571574	1.24858683102991
alam1246	0.158344984798983	0.815197211980382	-1.43864943711963	1.94092674077075
alba1269	-0.350378609304744	0.908090125650232	-2.4113319728463	1.30486277001204
aleu1260	0.229139410101673	0.918825607656633	-1.53519560227038	2.22711210244853
alor1247	-0.45851664981176	0.844544071433586	-2.36668948797179	1.07325902984065
aluk1238	0.217518200046701	0.882161635757203	-1.52013060467755	2.14169874935739
alya1239	-0.0594829910368225	0.891374158258847	-1.93578341355363	1.74800398226552
amah1246	-0.115267204959032	0.90544164141841	-2.05999108407179	1.71245138492428
amam1246	-0.0827589033239437	0.786645627640746	-1.67295132878591	1.5546306582288
amap1240	0.713443602792304	0.894049866454708	-0.757423120743885	2.73606573544539
amar1272	0.391269491058407	0.795028275339927	-1.03883411251277	2.19015742009563
amar1274	-0.0859368796645207	0.897270040836738	-1.97052233948086	1.73290394369127
amas1236	-0.133903119378742	0.925736331178428	-2.11605596245481	1.70010633836012
ambu1247	0.223688436730878	0.842675243249758	-1.39886061702302	2.03144479005093
amdo1237	-0.00225156493214908	0.935143275112003	-1.91806981744904	1.98236061908023
amha1245	0.0119108701531165	0.860441766573463	-1.73167614648718	1.81183757163768
amii1238	0.610618799560231	0.976739463875521	-1.03658583058171	2.87365092709308
amri1238	0.0188509854609051	0.890710447064963	-1.85016426766365	1.84601536832589
anei1239	0.10424493744282	0.818510312272295	-1.54818135978528	1.83065434666343
anem1249	0.516658805619391	0.832684989583474	-0.903888379605634	2.37571352231785
anfi1235	-0.492830687111436	0.942508573454506	-2.58989130763146	1.21357269516828
anga1288	-0.226754958938881	0.906520133880516	-2.18582464558638	1.49129300701453
anga1290	-0.36510178208844	0.782614343871289	-2.04049414601797	1.15217690207909
ango1257	-0.0337962918673322	0.924890301408376	-1.95185913743397	1.93712677558189
anin1240	-0.0399689559187277	0.939513409583218	-2.01603691170559	1.92578749366794
anua1242	-0.723044127900421	0.969298638536984	-2.88921018634285	0.843157005366029
anuf1239	-0.152436806122108	0.881560898732902	-2.07035793010715	1.60305347030319
anut1237	0.455999488969861	0.922928991318215	-1.17053589927018	2.57953984268778
anuu1241	-0.113328527279284	0.913520703938833	-2.10612143728993	1.67809339418453
aona1235	-0.220059335462598	0.901816225657504	-2.16719528008021	1.55355429525751
aoua1234	-0.0272542174166285	0.959173508261513	-2.02863154198194	1.99563218924463
apat1240	-0.200228420298299	0.91743617488262	-2.19575801682358	1.62922877055134
apin1244	-0.0308412497935995	0.938164339048976	-1.90782372595935	1.85644149320176
apma1240	-0.088913614174795	0.725011251792932	-1.57807777658466	1.3793167911629
apma1241	0.205935757743698	0.821747008338342	-1.38616411428331	2.00858328550144
apur1254	0.0163634518996238	0.882144637426865	-1.79263113279917	1.86617389712544
arak1252	0.479895942507555	0.744797841120141	-0.883947621980813	2.10483120098732
aram1253	-0.442171574023863	0.906148783391955	-2.46005034931226	1.16700122578686
arao1248	0.560104715437815	0.935831606318927	-1.01644783259963	2.71254323819859
arap1274	0.45886299211454	0.909489094001615	-1.22384057467636	2.4426295546458
araw1273	-0.0518661068515795	0.923507446973683	-2.01913269972479	1.80314157835386
araw1276	0.114878067745584	0.882735765868735	-1.64395227385329	1.97969558591731
arbo1245	-0.497055398248964	0.906299507038966	-2.52898227019022	1.12818911993055
arch1244	-0.0941061184769025	0.893625653809501	-1.99523643293922	1.63774561605196
area1240	0.778539674580708	0.940857686284267	-0.715585579718805	2.92504261421503
aree1239	0.952943129606438	0.953092405596361	-0.53356681857689	3.0613057620509
argo1244	0.127018749129777	0.895020417411526	-1.67689512912555	2.05565935679433
arhu1242	-0.105530500935345	0.917221226510906	-2.04801054154365	1.75090685081769
arig1246	0.234623908016769	0.829829976861004	-1.34197144071387	2.01391444732126
arik1265	0.0724280777959255	0.873956508019402	-1.74241318970384	1.89937287727606
arom1237	-0.248534039355895	0.908602998524749	-2.25390301654358	1.50349031674219
arop1242	0.604875408214617	0.825892480195841	-0.782146443329188	2.45462425140492
arop1243	0.394102707071198	0.870761547288203	-1.12989387821953	2.33459446317455
aros1241	0.413677576030099	0.881643716690446	-1.20998279537225	2.36505582256124
arta1239	0.28086353305085	0.791888722579385	-1.24936836278051	2.02806886013008
asha1243	0.204398171992338	0.879460752220825	-1.48197622011277	2.15841950956221
ashe1272	-0.0223748311926768	0.836402977195473	-1.74909500093089	1.71105737722189
asoa1238	0.177588451531958	0.842555567549883	-1.51046555772363	1.96143820546556
assi1247	-0.137457685267761	0.908855850806504	-2.04428791198217	1.68184399987574
asur1254	0.193439474496536	0.919120389774936	-1.59235868513437	2.2126818196295
asut1235	-0.185068326132326	0.907298804053366	-2.12610236440674	1.58742504133782
atam1240	-0.235666840028112	0.843880872998418	-2.09377456674954	1.41538824976026
atay1247	-0.412016393617764	0.860399827732753	-2.33073728822776	1.14664171042482
athp1241	-0.23739426173007	0.783211183479031	-1.9268759339559	1.28083257923207
atii1237	-0.441008372979215	0.914806780247337	-2.57734435158502	1.15559025149211
aton1241	-0.0338947255782112	0.922922023730715	-1.9723843125596	1.87573034683427
aulu1238	-0.193739423318346	0.695422952540789	-1.67632622724892	1.13118185515061
auuu1241	0.639392457804974	0.853738951192093	-0.820473392282604	2.55366969187918
auye1238	0.448933921308589	0.878145723170776	-1.16796702710849	2.42449323987613
avac1239	-0.0077083711281011	0.906263999091976	-1.87669295187321	1.86739668348137
avat1244	0.413925356068181	0.854123780573113	-1.13682636599579	2.36334772698369
avok1242	-0.0578843849749536	0.821226534007321	-1.77396053879944	1.58799973389556
awac1239	0.344675287198296	0.917645420387951	-1.33917229103896	2.37731736752504
awad1243	-0.00840852126235416	0.844951892552953	-1.76853541738789	1.70920676002834
awad1244	0.413779464043142	0.835687339752264	-1.05738689739859	2.30476415739374
awap1236	-0.0697233070440953	0.803717828566596	-1.70407915161197	1.64637224402831
awar1248	-0.118776697777001	0.760599376288919	-1.65196181368348	1.39793481493258
awar1249	0.356949541998887	0.832285735373783	-1.15596947537651	2.23740919328504
awet1244	0.258438481400691	0.901128069837027	-1.49167650242426	2.25542008890603
awji1241	0.173588607234356	0.919605810995009	-1.6434207338523	2.23940214400057
awtu1239	0.750319466198886	0.874881863587018	-0.702898633214263	2.7468790274138
axam1237	-0.242764273585396	0.716398043260631	-1.78897828369155	1.12795247693372
axiy1235	-0.137936436649009	0.930734677474984	-2.17937560374272	1.6790472301064
ayac1239	0.149668443287477	0.903858450033727	-1.71501081295003	2.11007083647246
ayiw1239	0.00656343580935294	0.81453540203171	-1.64723533149805	1.71204496066568
azha1235	-0.140789563886045	0.946887658442593	-2.18120804894645	1.79538243980529
baba1264	-0.586882478765869	0.889136027377287	-2.56077200149926	0.994317968547633
baba1266	-0.576375620684873	0.906377848526039	-2.62005662236974	1.01084317376194
baba1268	0.429079111444416	0.857121922290886	-1.13495090649397	2.31270223271555
babi1235	0.151244344720997	0.919361286503006	-1.73858509998723	2.06477031685558
bada1257	0.260736328407982	0.877440681839208	-1.41702095380462	2.12848291658212
bafi1243	-0.269276296554733	0.88817006963585	-2.21884646996265	1.4445079619532
bafu1246	-0.59324005140006	0.892423993901255	-2.62914815885546	0.960341097158078
baga1272	-0.239660992091233	0.896827027030054	-2.22730945040641	1.44514921575144
baga1273	-0.27331606679621	0.912561286364739	-2.32754237927545	1.4060514764813
bagi1246	0.928525660113465	0.935227851932822	-0.525205779362027	3.05205536568598
bagv1239	-0.152037949766594	0.906992996636593	-2.09198763764878	1.63031366851514
baha1259	-0.479488222158917	0.922108718391782	-2.62854520323479	1.08740333873153
bahi1252	0.202892918835654	0.77149869658742	-1.25991820540393	1.86153782376583
bahn1262	-0.147388894111435	0.925340958030249	-2.1285475879062	1.64880026508377
baim1244	0.117804241148158	0.915972696372255	-1.72851038058107	2.0935307817175
baka1272	0.530878362197831	0.926632166288137	-1.11780659373549	2.63588251529616
baka1274	0.00873110011064996	0.829045346314396	-1.69690687644951	1.74985663027549
baki1244	-0.276627234687176	0.747741402107635	-1.8899359693927	1.13138756215502
bala1311	-0.44423940323811	0.900010912104498	-2.47601455798255	1.17142360676749
bala1315	-0.334822590570522	0.915416243467959	-2.35796422639252	1.37776300515583
bala1316	0.251983861697911	0.805812596698244	-1.26978842047239	2.05986505805299
bali1278	0.503948345738676	0.925802704663613	-1.13680799506519	2.62279566941145
balo1261	-0.198149360898164	0.917704726542428	-2.19534968571198	1.59199113999531
balu1257	0.0428203038552565	0.789149782884438	-1.57188480893356	1.64605518187953
bamb1269	-0.0321023337422813	0.921596214752368	-1.95093276090487	1.87700675940887
bamb1270	-0.119363351278323	0.842383096046252	-1.93392527917644	1.59683958693256
bamu1253	-0.387738527721683	0.892011700921252	-2.30021669981992	1.28017736759755
bamw1238	-0.363796763198287	0.924129866254505	-2.40052816652994	1.30615887998445
band1340	0.569903177596329	0.922450510690172	-1.03677568744154	2.63742410042655
band1344	-0.284876363244007	0.881242819681057	-2.20494333320903	1.38496630548182
bang1354	-0.0218284879719344	0.904707844225673	-1.86276700532545	1.82748926066555
bang1363	-0.128262581075783	0.932963661043368	-2.151686550972	1.71064453402753
bang1369	-0.0849532814542121	0.920808334782763	-2.02441215589132	1.78399125899207
bani1255	0.0723124695341965	0.877545370128181	-1.68578632607415	1.93285473792847
bann1247	0.438785012973327	0.826336741205179	-1.03815558494295	2.28116045689701
bant1281	-0.118947608549864	0.765561897172065	-1.72116709885458	1.41190061679762
bant1288	-0.407727898777013	0.90296767551605	-2.4459265696563	1.20557845001928
bara1357	0.338607525873436	0.833901543486297	-1.23488355328681	2.18885506234686
bara1361	0.433398946568867	0.857501571854106	-1.07540685353454	2.37876427673637
bara1369	-0.279075231893515	0.875451832710778	-2.18401631046409	1.37443037051594
bara1370	-0.328463800802232	0.875823308992423	-2.30979331657299	1.27094548494539
bard1255	0.293136760101917	0.929218995376339	-1.48442905701759	2.3106387707599
bare1276	-0.134420826513108	0.834739303553855	-1.87766028956092	1.49205672040373
bare1279	0.628752088144871	0.916226245039825	-0.940151712141621	2.66512666317577
barg1252	0.496892796605871	0.831785130608332	-0.927729335096188	2.44372762716986
bari1286	0.384958858927636	0.794034941708107	-1.02652781596242	2.17023086915967
baro1253	-0.379796406688273	0.78041033390788	-2.05281706599673	1.09706498164779
basa1282	0.235546423043345	0.887570264779358	-1.52659561209003	2.12756156577685
bash1264	-0.00195230057619114	0.931462002834669	-1.9666865340227	1.91014833988369
basq1248	-0.0544721865503834	0.92727705042063	-2.03748588895695	1.85129229759478
bata1289	0.185441993701725	0.889900003974374	-1.57220001364245	2.12241901494227
bata1293	-0.167581912149479	0.866756831522725	-2.02751918552992	1.51630768532805
bats1242	-0.139666450623937	0.882249909323539	-2.07174099193275	1.59711613718261
baur1253	0.382624059142253	0.898256434198127	-1.28927199560647	2.33549716488982
bauz1241	0.345760181675023	0.847143309621563	-1.20858865684011	2.21537655413394
bayb1234	-0.303990265631475	0.932232810745419	-2.41852377531379	1.45863480048001
bayo1255	0.571409019828234	0.923052157927926	-1.00901992584071	2.70746374204249
bebe1248	-0.0373809864417021	0.898684581346244	-1.94437195690187	1.82295193252539
beel1236	0.573803896776729	0.856509276954558	-0.876080911300352	2.46467667787183
beem1239	-0.0355250903537382	0.908020188063715	-1.96571641377834	1.8003220780258
beja1238	0.407668279099538	0.89456987343796	-1.22559825487836	2.37684851422286
beka1241	-0.421741811493066	0.898768664621356	-2.41585376317592	1.24959509456934
bekw1241	0.1362257350755	0.865051676327323	-1.59166568831586	2.01028254756346
bekw1242	0.337926648947852	0.91906590187662	-1.41367436335283	2.36331457600433
bela1254	-0.0581156720330389	0.924934051672419	-2.06359952455835	1.82433624012179
bela1256	-0.114215257932695	0.868037179080769	-1.92478729009314	1.68187327173488
bela1260	0.0257757885912214	0.812404734076668	-1.65468839418446	1.7028280896956
belh1239	-0.206388107605338	0.771825313603336	-1.86904249568123	1.29027447458134
beli1257	-0.34303792434355	0.902764817556482	-2.40308269101073	1.29528887177739
bell1243	0.342043223264651	0.922038471248008	-1.32982253744041	2.4113469866856
bemb1257	-0.0453908726792512	0.91895611631113	-1.92641963612451	1.80234769428015
bena1262	-0.120464812798464	0.916864881882579	-2.09974441255132	1.67664796511236
benc1235	-0.242432136139643	0.883934267316792	-2.15824152453439	1.44433430713574
bent1238	-0.123753955839321	0.915821113942932	-2.03310845041133	1.65788055519356
bert1248	-0.0261984179564205	0.910088680176253	-1.89951162301236	1.92929186148767
bezh1248	-0.117907906771879	0.893987792266622	-2.02372367647773	1.69562846381773
bhoj1244	0.0433694788305253	0.834010167668128	-1.69765417870786	1.82740149975646
biaf1240	0.0390504654847352	0.862945509580616	-1.72544924118285	1.86827789859384
biak1248	0.0748114797266833	0.852491865172461	-1.61874192549351	1.85881238256043
bian1252	-0.363975901396207	0.765123213289965	-2.02477652624653	1.12923682861144
biao1253	-0.0109406742952762	0.929462914244501	-1.99065230297623	1.87044585236054
biao1254	-0.0255515915172831	0.934261852401786	-2.01204506651761	1.80541983476902
biao1256	-0.0214962330125737	0.901974844307712	-1.95572687779503	1.84844945063314
biat1246	-0.476588077979963	0.896060613969188	-2.51136389692089	1.11586373969633
bidy1244	-0.0771128640570004	0.874214883654701	-1.8853841123823	1.68878315321704
bier1244	-0.287919066620183	0.742508639192614	-1.91761384912218	1.12306383634987
bign1238	0.235299707058711	0.697765891846434	-1.12537344678586	1.73631614688154
biha1246	-0.142470127176756	0.921220376102666	-2.15596014226236	1.72797304942419
bila1255	0.18066804611159	0.897194140354738	-1.56201074164464	2.09549261365956
bilb1241	0.596971995082787	0.85645300817039	-0.848094401097028	2.57805336454272
bili1260	0.418126803727802	0.900944525675744	-1.27136173467479	2.42498496373755
bilu1245	0.658440765530209	0.88367783743113	-0.863676246485936	2.68628936751802
bimi1240	0.0507250773630139	0.845315479281524	-1.6813842845982	1.81752342046375
bina1277	0.0996306440908872	0.834004259405741	-1.55367222558096	1.87352986988143
bine1240	-0.480301283030334	0.90068440986525	-2.49181560194838	1.14472746710016
bini1246	-0.102460571926454	0.883028627302289	-1.97917731838131	1.66705011360033
binu1244	-0.383077781805062	0.858959442037111	-2.33184461375109	1.17601844050875
bira1253	-0.363121913047961	0.880047442058685	-2.30814058758529	1.26323638845437
birr1240	-0.348392165503489	0.908072706984997	-2.40068384879898	1.33474509533447
bisu1244	-0.148955671298148	0.890253632655378	-2.10910007314471	1.58811036605816
bitt1240	-0.202837911543646	0.90436545423257	-2.18974941145851	1.51595657183854
biwa1243	0.167506082117793	0.82137735611274	-1.43187876308484	1.96558597770886
blab1237	0.491259109043063	0.82227194402538	-0.992061074329079	2.30882356787343
blan1242	-0.220361676004524	0.898675076392662	-2.15275464325843	1.49186751277191
bobo1255	-0.36830255775833	0.90168072084736	-2.37233513430852	1.23052347108514
bodo1267	-0.196427483484583	0.836527794438171	-2.0476092070966	1.44598313169816
bodo1269	-0.0247128258191514	0.903413242902423	-1.95654294907474	1.83241308518
boht1238	0.00718367914566784	0.872937753000111	-1.77241859529558	1.80324565602129
boka1249	-0.116777627569114	0.907969770623277	-2.07233673366442	1.72655008935816
bola1250	0.524507331747053	0.839193352561807	-0.893970009162627	2.42413251068936
bolg1251	0.34406414132619	0.880471527328612	-1.27260370796965	2.30630920697864
bolo1262	-0.204398637688457	0.917424546593883	-2.23558027818342	1.54931886415692
boly1239	-0.118598947098163	0.938076772637	-2.10375379833915	1.75539185926882
bomb1262	-0.361975725377796	0.919250628644776	-2.33689537055704	1.31963269184994
bomk1234	-0.273991909416486	0.886599073838314	-2.24393560803474	1.37026059561308
bona1250	-0.00272585422889632	0.922874762675548	-1.95597387333937	1.87530815194789
bond1245	-0.0903508911973652	0.815249219802559	-1.84216491676989	1.57570228718142
bond1247	-0.160891680052853	0.914999422548047	-2.18586717535457	1.63302804106453
bong1285	-0.278659918489681	0.858631944766223	-2.14534073800371	1.34401782695812
bong1289	-0.351953844013725	0.886242196378526	-2.36127119093699	1.26273356010814
bora1263	-0.250370205023842	0.895448961306472	-2.24562721576964	1.46172536943754
bora1271	0.139967833502857	0.858009135199569	-1.58474966386517	1.96028493182044
bord1248	-0.0442649106920909	0.932983543105453	-2.03367749272681	1.82966699521347
bori1243	-0.177163089640418	0.927896500311229	-2.16774742373793	1.6345714145455
boro1277	-0.096163540597393	0.910005278393651	-2.0286509280734	1.71898080040711
boro1282	-0.0610139538599463	0.925198053839581	-2.02448552292164	1.82902734615466
boto1242	-0.317701060150634	0.842726678192442	-2.18977122431123	1.29029658808096
boun1243	0.475875264045947	0.952766017563753	-1.21697887371781	2.68123600474865
boun1245	-0.462458474688061	0.86474266218468	-2.40671381254439	1.11360809519936
bouy1240	-0.052323914207718	0.944788460586516	-2.02591636491166	1.89824571648104
brah1256	-0.112810531888946	0.895286506558826	-1.96940460552877	1.66956085700677
bret1244	-0.0237457547674846	0.941000102307532	-2.01532163570057	1.98470590213206
bube1242	-0.180280607573623	0.917289329131409	-2.17696189013095	1.61816508061779
bubi1250	0.0848126657502232	0.931967492470496	-1.79730640723178	2.02443998090278
budu1248	0.480515509704057	0.961142066093318	-1.22965408577759	2.68172536446191
budu1265	0.498001722774013	0.892339956579489	-1.06754026486321	2.56749930692886
budz1238	-0.275278767969081	0.933474038148246	-2.34278318161506	1.54321306142924
buga1247	-0.100032132916366	0.924538170183178	-2.0830459431001	1.7664059110117
buga1250	-0.590430595933664	0.799298443490524	-2.35828511641302	0.817538393353759
bugh1239	0.527368873426828	0.828773114094927	-0.951632476955419	2.39444488173657
bugi1244	0.487410542795136	0.923678547917048	-1.16330017252036	2.57185097157248
bugl1243	-0.0440569429966398	0.93203905869167	-2.08909393064332	1.81233030718593
buhu1237	0.807847837445038	0.943857974954167	-0.683115613188112	2.96232892948699
bujh1238	0.411160962422197	0.818927228115297	-1.07112743804313	2.27883426885022
buka1257	-0.474988057864325	0.894728506678054	-2.50904105577081	1.06249203146635
buki1249	0.212843897168945	0.829032110835067	-1.41789924717697	1.97015850675123
bull1247	-0.308889788135047	0.931751678216133	-2.41879721937524	1.4462849007859
bulo1242	-0.120775223735258	0.91853870981152	-2.21416869090046	1.7019581000236
bulu1251	-0.0576717531240626	0.921210937484595	-2.00481202840846	1.84589716371308
bumt1240	0.359251007582809	0.919930077176232	-1.36153795802351	2.39857976222356
buna1276	0.814844886770358	0.966769977605637	-0.729600328646975	3.01496305225693
buna1278	-0.679079559599456	0.925294913173221	-2.81956397220108	0.830533533249761
bund1253	0.405443660128889	0.921863258534995	-1.21712904006338	2.54494332891751
bunu1267	-0.0336156352747728	0.796216288126368	-1.67349343858226	1.57665986067578
buol1237	0.104959110928209	0.845800860864283	-1.59925352319569	1.8314012633737
bura1267	-0.152902339793845	0.902301046882442	-2.09893430497931	1.62003243809579
bura1292	0.0437711002528742	0.765229294289723	-1.55219517977328	1.64850811255401
bure1242	0.523562961713595	0.857223882726431	-0.990018466925277	2.42804972197493
burj1242	-0.285827642799097	0.902549242284481	-2.27210862353016	1.45968298071339
burm1264	0.380192044266127	0.846107620428642	-1.18869706151279	2.26945991759798
buru1296	-0.242548333776896	0.843970151144338	-2.09464878444459	1.35493971082883
buru1303	0.357435078795622	0.87531648404024	-1.23905061351031	2.27162664548238
buru1320	-0.394538486839446	0.897335632078399	-2.3813053118329	1.25255113585444
busa1253	0.249774068983229	0.946571519271174	-1.59327072220583	2.36605934404023
bush1247	-0.0293090353677387	0.920898173463229	-1.92684994689064	1.90971770500325
buwa1243	1.0050657022832	0.934868050025509	-0.444953925662674	3.09086618305277
bwai1242	0.987347987236156	0.968798683369207	-0.475514899708401	3.20755776455276
bwat1240	0.234093498752878	0.799184975545215	-1.25064528540318	1.95200443848261
byan1241	-0.211767408463825	0.859259582433594	-2.11646391849689	1.44501717630247
caac1237	0.316650294945498	0.822916602112617	-1.19319879298543	2.18160407802733
cabe1245	-0.0439809101351135	0.92963479193993	-1.99622692853017	1.895778143245
cacu1241	-0.549358174965334	0.948930669489186	-2.71665548313959	1.04453196208363
cahu1264	-0.0755249500079112	0.864642503501139	-1.89390023471143	1.67826044097449
cakf1236	0.157853695925291	0.837974031328144	-1.47418892669688	1.92920568335939
cald1236	0.135459678913175	0.920787073666907	-1.64735387289569	2.0899074453435
caml1239	0.0995698264822159	0.768139681040499	-1.45501408044159	1.69047753908941
camp1261	-0.176796613036905	0.876887296607616	-2.11652053691792	1.57736277689947
cams1241	-0.0425011047746385	0.881532130218175	-1.87016534380657	1.75341384327744
cane1242	-0.0177512803719154	0.906547339449345	-1.92945934144418	1.88795591996401
caom1238	-0.0267077569709164	0.930609526334859	-1.99016506234386	1.88424055002627
carn1240	-0.0404763661147093	0.920837375977978	-1.96325857298987	1.84014166362656
caro1242	0.228014933689948	0.906959557155642	-1.52665122018087	2.18218724987662
cash1251	-0.0992764992698043	0.880952992048644	-1.92481776802772	1.70051544505916
casi1235	0.232706817649453	0.807210908611792	-1.3396785933582	1.9487358207959
cavi1250	0.487725013731795	0.926772319322036	-1.18315877619927	2.57733732862314
cayu1262	0.736629858552477	1.000373354393	-0.896631763848355	2.99852489348005
cebu1242	-0.474463689198904	0.891004454207066	-2.49598825464055	1.07798481072687
cemu1238	0.300072545109653	0.812739847899603	-1.22371060115784	2.09656178829739
cent1989	-0.085608655003006	0.93880235524657	-2.02349707519099	1.81715043071662
cent1990	-0.0517525637618323	0.94194878640155	-2.01099253469146	1.91554515285869
cent1992	-0.145664512423902	0.923755151213177	-2.13412939250396	1.68325818966515
cent2004	-0.14192066895376	0.928455936318178	-2.12972186877533	1.73499837358768
cent2050	0.582457189109396	0.908898570386813	-1.00979870373229	2.58788913148001
cent2084	0.173376239966357	0.819455828081143	-1.42214016613107	1.94607597356418
cent2087	-0.287219752531932	0.885519145052458	-2.28510576156198	1.41156620648155
cent2090	-0.276726600169259	0.867192767738603	-2.20010085554965	1.35703791073304
cent2091	0.366402701556735	0.932984224771623	-1.31346241664721	2.40827800324734
cent2100	-0.481621309442512	0.881762829447998	-2.44281407264222	1.01687958144839
cent2126	-0.0221668868948247	0.923289611515988	-1.94840347297372	1.89232099966788
cent2127	-0.372174850353523	0.918155837498992	-2.4122737972554	1.3287070316805
cent2131	0.205617584231798	0.892180603899974	-1.53322826567779	2.13338741027854
cent2140	0.254154775070859	0.891035427630537	-1.41975741436337	2.21676361881948
cent2142	0.206636733468348	0.91573865446268	-1.56222774047469	2.19904373177072
cent2150	-0.0415076570291918	0.912200752791263	-1.97455811697412	1.86028491210316
cent2292	-0.0339102162953933	0.775706700847882	-1.65504009129948	1.52223331361293
cent2314	-0.0555870283276763	0.906946669867629	-1.99852755272971	1.79226230534675
cent2322	0.384975424685905	0.907763600743772	-1.23675220609773	2.38030474856244
chac1251	0.315525156681762	0.885561175533254	-1.37587237182763	2.29051357598757
chad1249	0.227989139242737	0.891792244318033	-1.45515699198281	2.20966603586397
chak1270	-0.0957073715310364	0.931269727378986	-2.07992297395188	1.8083087398383
chak1271	0.342230785996097	0.890997098359862	-1.29842663372573	2.29258001855266
chal1275	0.4371673281611	0.900075854099145	-1.13607360673168	2.48168034369049
cham1309	-0.161205198306065	0.912107211055391	-2.15255638455656	1.64727053601435
cham1312	0.425862561482177	0.926423074094838	-1.24622859834015	2.52385777846821
cham1315	-0.196042153571362	0.926474268156404	-2.23618480164806	1.60296532924975
chan1313	-0.190002385320624	0.935175431775265	-2.28686923157154	1.64036251349603
char1269	0.0498562388316414	0.881845600227481	-1.7351689832722	1.91306094166094
chas1234	-0.151852228241777	0.899141947638922	-2.03792246205156	1.67015933923787
chec1245	-0.120329080180261	0.931663280467363	-2.1271050792717	1.75893219162864
chek1238	0.457694631546379	0.812933891870806	-1.02974031639199	2.25328634751276
chen1255	-0.103850892456888	0.890006209894663	-2.02732418251569	1.66277634417646
chep1245	0.377653905820941	0.822388669919332	-1.11423624955322	2.18534857659819
cher1273	-0.0355026743708207	0.926344131049437	-1.970414224231	1.8761213028729
chey1247	-0.158769314670956	0.901354113587599	-2.15409207389885	1.58881165642909
chhi1245	-0.211143489136781	0.776280352183624	-1.86147865038494	1.27809158201921
chic1270	-0.112831949049616	0.93246235992015	-2.12107458601967	1.74434112745104
chig1238	-0.0399675865095311	0.906504577074149	-1.9517278486685	1.82480435864632
chil1280	0.15615343400128	0.881613622259365	-1.58821464296588	2.06495361363729
chim1302	0.100433953532004	0.925446741501789	-1.79965221744526	2.11529547460599
chim1309	-0.0934022570925747	0.939203115761726	-2.09908647717303	1.84745772041909
chim1312	-0.139519957155177	0.88231667476866	-2.05485781084185	1.58898768928579
chin1286	-0.0427447856308726	0.929243768775567	-2.00419079968404	1.85703927621001
chip1241	0.504078195687775	0.94279578850304	-1.18938236360595	2.63933451157417
chip1261	-0.0379517633584736	0.93791281759053	-2.03101931307569	1.8712232657732
chiq1248	0.18423116268583	0.917438369058104	-1.63218126674504	2.18680163840949
chir1283	-0.245494960194725	0.878089566187189	-2.2292780016291	1.41053737224003
choc1275	0.340001828778084	0.910106188065793	-1.34527994640628	2.33370834175363
choc1276	-0.108808560234778	0.904877909983392	-2.01955789844203	1.68539846902302
chon1284	-0.0565732039574311	0.903753800122333	-1.97095296478167	1.75579988636468
chot1239	-0.256731889986095	0.908653376201897	-2.25884854962113	1.48014053951523
chra1242	-0.0906141720249424	0.946525857355895	-2.11207011272067	1.88356431958544
chug1252	0.0630875827915765	0.910098634482435	-1.81633966489489	1.99663565865412
chuj1250	-0.160271063478586	0.886426868545054	-2.06811485709539	1.62321482698762
chuk1273	0.253054572698752	0.922409824815394	-1.52226395187256	2.26656301485917
chuu1238	0.184730766907619	0.8791392312568	-1.46917868123961	2.12042241292879
chuv1255	-0.123045232851812	0.917157913696105	-2.1111916800663	1.6810465246183
chuw1238	-0.0250424851758808	0.916966537315669	-1.943229806352	1.84710129716725
cici1237	0.50836955019065	0.910753264470704	-1.05852741104053	2.64716443137308
coat1243	-0.343321940554016	0.870715832929272	-2.31152150951405	1.25578239549606
coca1259	0.622197321925108	0.969940061016976	-1.04517753267954	2.89304564735645
coeu1236	0.105528892232357	0.876254553448364	-1.61983777164905	1.9152001383731
cofa1242	-0.0334487300160395	0.868890657295499	-1.84166969442769	1.80895381102413
colo1256	0.0969088826234399	0.913847771330231	-1.76278225736871	2.08815931454514
colu1241	0.0794844321337351	0.881763266402834	-1.64837251032975	1.93399208611985
coma1245	-0.023032422371703	0.948141919418265	-1.99452144594973	1.91597023397278
como1259	0.348309427341913	0.902295077203695	-1.30165048216916	2.38103821400381
cong1236	-0.0420811692269181	0.920514523890986	-1.96521584942068	1.880232449127
copa1237	-0.564946371234177	0.909480694002203	-2.68199853396912	1.00900715237085
cori1240	0.112351781540582	0.84891139632645	-1.59532260146292	1.93975440029661
cors1241	-0.149303179260278	0.871004615679968	-2.03426693409059	1.54376703096539
cosa1234	-0.23566104771754	0.911137230817787	-2.18493875832931	1.43674517935821
cota1241	-0.469640232215708	0.87976912870802	-2.49064354627409	1.03443219494063
crim1257	-0.0221291749618679	0.921880901216721	-1.94679646142169	1.79578705824085
cros1244	0.167158377361476	0.852444387275861	-1.50495977457856	2.02525425320684
crow1244	-0.0454632528224746	0.92842114367202	-2.05267922811674	1.86646716850929
cube1242	-0.394454080602096	0.965830264722015	-2.60237640398806	1.42025903930945
culi1244	-0.16069695977118	0.912176083537826	-2.12081808481338	1.6132855977368
curr1243	-0.0750713935401249	0.862532144330182	-1.87382235140165	1.71210835253562
cusc1236	0.10027104429243	0.916301494981771	-1.7381384057012	2.05903930267661
cypr1248	-0.452649960634782	0.929398870327341	-2.6172768962697	1.24516404733463
czec1258	-0.0497651357776264	0.940117077788865	-2.05999632119285	1.88556105266251
daai1236	-0.148521069241692	0.929259169498501	-2.09902731093629	1.67696189210054
daak1235	-0.276465373246466	0.82600933272689	-2.11502053660052	1.30799414990229
daas1238	-0.629925427059386	0.940630418979041	-2.77086528467325	0.946571956792847
dadi1250	-0.420511148027831	0.850022863840887	-2.30074800108946	1.15903847256352
dagb1246	-0.0678842583216093	0.883484736131635	-1.96804865871339	1.70203813664604
dagi1241	-0.0753962811272784	0.916682967186746	-2.02144255015242	1.73552100228382
daha1245	0.328106707869949	0.867121106843253	-1.28297671152144	2.28363690510359
daka1243	-0.260629816475355	0.715465145297177	-1.80150760322003	1.10711637485458
damp1237	-0.296073727140243	0.875662536280977	-2.25013942679407	1.41409070303338
dana1252	-0.0721649949719166	0.93132470492987	-2.0157312410543	1.85266464292332
dand1238	-0.0342531117567575	0.892756330499662	-1.90533258527734	1.7839737290532
dani1285	-0.0274978067975887	0.959561608655936	-2.00142246053985	1.89677440442354
dara1250	0.356217703885004	0.827380901268403	-1.14703533550551	2.18722084364835
dard1243	0.482337837122139	0.900088496897648	-1.10897939401119	2.51369578481443
darg1241	-0.0425372420286038	0.9101707542642	-1.98920401424292	1.81167387672957
darm1243	-0.21087091010604	0.855663991686202	-2.12293893682506	1.43013415771579
daur1238	-0.00906452837560276	0.938167403176524	-1.94953302382379	1.92376811581711
dawr1236	0.303590722394506	0.898955038564088	-1.40145654810963	2.30476474395724
daww1239	-0.123212518717021	0.911741725502818	-1.9951975582638	1.70523335204252
daza1242	-0.128343786354656	0.888137829911891	-2.03496447981476	1.66119120754882
defa1248	-0.273366738644736	0.857807359433989	-2.09285252249969	1.37302966185384
dege1246	-0.225950876500963	0.840912912736571	-2.02300863744966	1.41580727342186
dehu1237	-0.128660653930458	0.822332273542336	-1.89851866026753	1.55309241385144
dera1245	1.08636133207024	1.01425071581184	-0.435685526626953	3.39912834294432
dera1248	0.181747582413763	0.736870687362696	-1.25466775325059	1.71882215176804
desa1247	-0.598976831492102	0.95350091911215	-2.76586889868789	1.02506430752169
dhao1237	-0.00825614186668517	0.830837050469293	-1.70519927326439	1.6890161139457
dhar1247	-0.0784002734622022	0.917675226063199	-2.03460696989835	1.81027137247661
dhim1246	-0.176943274691215	0.860762986638833	-2.06618350521701	1.49466475193643
dhuw1249	-0.0698136019103037	0.899750758800674	-1.93548576827389	1.80499686704837
dibo1245	-0.135317620530088	0.933159425922423	-2.15873919152325	1.70723935457423
dido1241	-0.149632508577459	0.897723902892858	-2.09157182683286	1.63876970276502
dier1241	-0.0320777528729269	0.890476612893369	-1.88839348871149	1.71179230207757
diga1241	-0.10164782054161	0.9102663049746	-2.06721857815023	1.66881697700326
digo1243	-0.0941934569015464	0.923436963410329	-2.11845544375688	1.81458651596977
dima1251	-0.192404104851607	0.915817578388516	-2.20666668237793	1.63128243516975
dizi1235	-0.0714972612796104	0.881663762985031	-1.87213946208588	1.77712359983103
djam1255	0.44476869129054	0.948441985177669	-1.29766174723641	2.59316824488459
djam1256	-0.122956865917768	0.901114241395049	-2.01388424369669	1.66938172754922
djee1236	-0.175542364924864	0.912516409684115	-2.11113367758042	1.63824982166247
djeo1235	0.335645731338937	0.919689499398269	-1.3808090988922	2.35634976598341
djin1251	-0.0329831185354564	0.93110484553613	-1.99943568207083	1.86252832780817
dobe1238	0.480436832397061	0.930200137133611	-1.16999828053655	2.56660058222255
dobu1241	0.941229656369423	0.967485463136034	-0.574656253030354	3.19739058893126
doma1260	-0.250384670635333	0.851641910762108	-2.13645115759866	1.38887069739734
domm1246	-0.204068232774872	0.803870346664157	-1.94833337241026	1.36918709608471
dong1285	0.0193851145579844	0.929962852982899	-1.90780712935838	1.90434263652098
doro1266	0.584275898796501	0.886479474556334	-0.926000291944339	2.59752759248552
drun1238	0.176869670232814	0.869629768310843	-1.51309603980097	2.02500557794221
dumb1241	-0.298649768818632	0.834603065530797	-2.1113978016213	1.31664520846437
dumi1241	0.135080249808273	0.784706986721462	-1.39449152658327	1.81242587358003
duna1248	-0.0689921234036713	0.835506189356305	-1.84223594214393	1.60072659062056
dupa1235	0.454573476626064	0.870618667674111	-1.09638882970597	2.43364063321987
duru1236	0.1212285710696	0.858517500359357	-1.5672508124972	1.97619470088215
dusn1237	-0.0677838339513967	0.813536406580095	-1.77944218573519	1.57766829294007
dutc1256	-0.101218869187636	0.899471312915118	-2.04984656986861	1.7190582912955
dyir1250	-0.187074011028634	0.924234130658804	-2.2296963504009	1.62907181657138
dyul1238	-0.112641734089556	0.832981227200314	-1.86084033305309	1.58729739764997
dzao1238	-0.0156888456423267	0.920338493990256	-1.9213854945171	1.86983780536328
dzon1239	0.0944833882298121	0.909950462468954	-1.67406803933243	2.02568021072566
east1236	-0.119819508708265	0.91459949425973	-2.07795792510874	1.68221848384656
east2328	-0.211670792264613	0.920743899136145	-2.25866962174536	1.60449669380138
east2332	-0.0903352115579411	0.948317029341628	-2.08968970437586	1.81702652656069
east2333	-0.139110263776105	0.936098325402405	-2.16599603032262	1.70438925814826
east2342	-0.00987267790807107	0.929492527328631	-1.90929262195152	1.872386602363
east2379	-0.0764734548220186	0.884017774247355	-1.92588935997037	1.7311407401421
east2440	-0.334320014290778	0.896466513668909	-2.26022457903991	1.34112923184337
east2443	0.285305996499963	0.785826815913501	-1.15843436805713	2.03037422226806
east2447	-0.151862025283861	0.881168082720132	-2.0557953099632	1.54192649498874
east2485	-0.141025131611132	0.859226876519351	-1.9839682727146	1.48974369067294
east2516	-0.578565594228915	0.878683675572919	-2.5602544377922	0.954675718628781
east2555	-0.0756831779854348	0.913009657759107	-2.04918355282992	1.72572249240563
east2556	-0.189894630013021	0.822296410721731	-1.96138628172367	1.42744043848783
east2563	-0.098394482136313	0.93334950025482	-2.10501501193037	1.77019971447866
east2690	0.127227574714128	0.849997343562064	-1.62094990574129	1.98176682781795
east2694	-0.550261073052793	0.907878056188213	-2.64261278936314	1.03295377652086
east2773	0.193563565337188	0.794143947759454	-1.33790577835427	1.94534609479544
east2782	-0.0683979892727837	0.923203571660135	-2.02642582557225	1.75615068769281
egyp1253	0.128326939735924	0.890406362901486	-1.68534872141146	2.04646774239827
eipo1242	0.854441307072366	0.960006931950117	-0.672901087418789	3.04004754707952
ekar1243	0.483290839119017	0.894559690671003	-1.15673499618325	2.47082529717442
elem1253	-0.250686720688991	0.826196056684664	-2.01071480509593	1.34604126288571
elip1238	-0.240472346617242	0.886419986010734	-2.14865240572113	1.4962388052355
elna1235	-0.126647734204207	0.928846024093498	-2.12379009935326	1.76409041038551
emae1237	-0.128818971892656	0.77858569450138	-1.79134526129794	1.43487902388132
emai1241	0.0894941939035612	0.838075772853165	-1.66466280271627	1.89522196923808
embe1262	-0.201148152490874	0.907821929028982	-2.13344398039144	1.56597299174338
enap1235	0.0626514632505278	0.947378426769229	-1.87798311548325	2.07618702123683
enuu1235	-0.220314674689539	0.901962091538844	-2.19626953587663	1.50540917106427
epen1239	0.249914378441528	0.908363129048686	-1.49470795334326	2.25369999721976
ersu1241	0.0132655714964136	0.888209160494186	-1.86444233636815	1.8469024686083
erzy1239	0.455385653122573	0.919628053320279	-1.20058808451173	2.50035455858748
esan1238	-0.0736121391086264	0.870665241646846	-1.93387444372306	1.69472569494014
esee1247	0.551489370306302	0.882660353804412	-0.988238264319611	2.59159002013179
esee1248	0.267053582689071	0.896671807771708	-1.44226889326863	2.25058215826286
esim1238	-0.523521655806152	0.845953716306014	-2.37273484580518	0.941847134609618
esto1258	-0.210890214774547	0.885829407902032	-2.12096239455812	1.51191550145428
eton1253	-0.192483323174454	0.88107575676447	-2.05303639961729	1.54604370413847
even1259	-0.00638514571288849	0.900237596666297	-1.89009830544113	1.91826080143856
even1260	-0.0226308522982541	0.926712102927194	-1.94089372653857	1.84008629278153
ewee1241	0.433938350990406	0.869632640327791	-1.08676296310982	2.39685599043211
fait1240	0.239189798840644	0.803128392531826	-1.26909185519969	2.07808031463528
fala1243	-0.146443216588802	0.925819504940326	-2.17755305333497	1.6545849214117
fare1241	0.277245341410872	0.88761262619937	-1.44761272429285	2.27239271256938
faro1244	-0.067252503411758	0.911366075334833	-2.01187273519856	1.81660671801682
fass1245	0.86629159241462	0.935746892780047	-0.644395619428956	3.00449762124606
fasu1242	-0.601895305715704	0.911015464387031	-2.67616638795526	0.96301221839951
fiji1243	0.749406616959104	0.95480159858568	-0.78010521442793	2.9807376603424
fili1244	-0.398650550538862	0.913689720510387	-2.47678141169409	1.25407905174187
filo1235	-0.336451740531026	0.863335148744925	-2.29748659329057	1.23092108747177
fina1242	0.043881766037179	0.76645160153288	-1.53993702058876	1.5807562470781
finn1318	-0.133299771684759	0.921132967269839	-2.10852562275159	1.6558183238481
foii1241	-0.600076736258293	0.889502139330704	-2.60950165256751	0.924711282046967
fonn1241	0.0528891005692645	0.866245572535913	-1.71913352418184	1.87519930732804
fore1265	0.215322835067294	0.887558020818255	-1.51093015397068	2.17229916341882
fore1270	-0.071670676146626	0.805751705282544	-1.71003878532594	1.66595559428743
fran1266	-0.208599128337312	0.928494332406466	-2.22896355298664	1.63071703339546
fuln1247	-0.0856708031790419	0.912957167114918	-1.99134764677201	1.73995359166578
furr1244	0.116055856226894	0.921800576131005	-1.75849215268395	2.07556174423796
furu1242	-0.544093156273443	0.930216328486244	-2.71386524486754	1.07544663840041
futu1245	-0.0217693091017202	0.819437044667098	-1.72718864911087	1.73712103480633
fuyu1242	0.199748913203064	0.81171665621078	-1.36631487199483	1.9802845402984
gaaa1244	0.0251077370677448	0.867003385430432	-1.78870795653957	1.81164846844677
gaam1241	0.102650769069285	0.893588084045027	-1.64557524371439	2.04388097905965
gaan1243	0.20589974510331	0.773459552511644	-1.3094506333901	1.82550043037162
gada1258	0.218928187015027	0.781585378834381	-1.32029301767272	1.90181366192609
gade1242	0.314203754200434	0.869656667913406	-1.34035365501727	2.25401047691229
gaga1249	-0.0175580281782332	0.936606465557136	-1.96394926248179	1.91635360148059
gahr1239	0.0810572347291847	0.882142371297249	-1.76169192260856	1.89497821711227
gala1264	0.571746901903863	0.864638432570794	-0.922449287353546	2.54797261843691
gale1259	-0.14505273276577	0.906722664481114	-2.03937108878655	1.70796016624952
gali1258	0.514400053142711	0.941502446521141	-1.15325734232086	2.65154388130077
gali1262	0.104794141040003	0.894891309710491	-1.70486737590961	1.97554862302755
galo1242	-0.159258302665731	0.917805251737065	-2.14204031254247	1.64535893662647
gami1243	-0.0819800445606073	0.900471772970642	-2.0052105350039	1.73383598310808
gamo1243	0.0241612042731226	0.869989884417492	-1.78910737164664	1.86744249192714
gand1255	0.21614668921236	0.91549421631711	-1.55437444559653	2.28710282757663
gang1266	-0.264066808189705	0.905132608472198	-2.34120668179756	1.43671434761309
gang1267	-0.0251993679897706	0.93523874811541	-1.96827591352889	1.94845613829234
gant1244	-0.0590653112369666	0.816466584517268	-1.77457312277104	1.62886049014864
gapa1238	0.917362414150159	0.947836078540061	-0.597359075280355	2.95596418428146
gara1269	0.096837689323016	0.924299820789116	-1.71873002747078	2.1189078123993
gari1256	0.245875243340619	0.896469933942945	-1.46408477103186	2.17679481380082
garo1247	-0.030772809843161	0.920278230843096	-1.96617139183244	1.83873375546963
gata1239	-0.144863779938739	0.834093223947896	-1.88666201660436	1.53482045996497
gayo1244	-0.260345766216307	0.869696224461054	-2.21249072784014	1.39096072942362
gbay1288	-0.104356641046035	0.91708098927802	-2.03655801123866	1.7825069287102
geba1237	-0.031109719918783	0.951479204251278	-2.04566154514261	1.95803082215616
gebe1237	-0.385440359149126	0.903132335999545	-2.47539113937462	1.18650372394009
geda1237	0.592551218396687	0.854710667021719	-0.817441022480714	2.57006775167938
gela1263	0.75552152990331	0.910197059642916	-0.750327037558433	2.849272149057
geru1240	0.585618125444852	0.913490215885618	-0.969540563739739	2.66683430754937
ghad1239	0.177709722547854	0.889839940282692	-1.55181067211305	2.15956854303351
ghan1242	0.662878343540937	0.894817663563535	-0.868702013293046	2.69131194505443
ghar1239	0.681197331360403	0.914370103795405	-0.837562559875599	2.69500633847158
gheg1238	-0.183270970954376	0.894196448949798	-2.17421074084219	1.5457521834406
ghod1238	-0.155985566975946	0.918704866682757	-2.15692885362626	1.6315053804706
ghom1257	-0.635726544754331	0.959084595400754	-2.83769882137497	1.03446231652994
giiw1236	0.546150248956778	0.856108497783975	-0.950342858466337	2.44604745320002
gilb1244	0.213403617579796	0.889713002986587	-1.50556968332508	2.22743364770098
gily1242	-0.0809095847183884	0.924148178944195	-2.04351820601437	1.79630971519311
gira1247	0.429812696293794	0.836239318247075	-1.01738725467083	2.4090830728824
giry1241	0.0635027523971707	0.890271455162433	-1.75159214781093	1.92901678246412
gizr1240	-0.451692525509158	0.898044798955335	-2.51071263106214	1.18862350109082
glav1244	0.95513915392566	0.930200948207152	-0.477251588104978	3.06480432946807
gofa1235	0.156623599539562	0.877164323365036	-1.5668796497952	2.04261746450052
gogo1265	-0.623107740273634	0.958575737368469	-2.78113564738842	0.98834217888229
gola1255	-0.385388430553661	0.907263372576508	-2.43583844699221	1.24510500727142
goli1247	-0.2675111428324	0.817785931031704	-2.07633441494734	1.30753023548468
goon1238	-0.00875488912707836	0.914644940048376	-1.91519859135153	1.82132200797072
gras1249	0.486401616715278	0.854867367675404	-0.998971601335504	2.41522519644164
guah1255	-0.0824327370609873	0.90079437440727	-1.97861512137974	1.73705313741277
guam1248	-0.14145501175753	0.904083311312209	-1.99612992723972	1.68428594354643
guan1266	0.153435125910417	0.842685735630845	-1.5210260184051	1.93167571172747
guan1269	-0.504076103185073	0.946713590033293	-2.6873880915293	1.17180015904297
guar1293	-0.123882351422122	0.830683235504694	-1.86793225210948	1.52561176527608
guat1253	-0.150123068598414	0.907568112604807	-2.12414909444544	1.66655939947137
gube1234	0.498331681041856	0.937168486685257	-1.16858754797392	2.59648292215587
gude1246	0.666453131568487	0.829776705137354	-0.74236911335171	2.48751568507074
guer1241	-0.0599148636736602	0.876843934788256	-1.88393871402468	1.75796189426193
guer1243	-0.625814483661342	0.923344106076294	-2.7531400345332	0.95455686492909
gugu1255	-0.104893197111087	0.893130835345836	-1.98530922423121	1.68481911731271
guhu1244	-0.0801393794801828	0.801801016915008	-1.74326225156743	1.56340804518712
guiq1238	0.155162015863239	0.880721988403493	-1.60965754254542	2.04467363671605
gulf1241	0.0833943733425656	0.894020748639715	-1.72848172225365	1.95883729700465
guma1254	0.914953393270283	0.969131007360548	-0.566108532663335	3.18372107846621
gumu1244	-0.109504884746844	0.919605581133092	-2.07111021759276	1.69610588730729
gunw1252	-0.169724285334405	0.889678234164069	-2.10670663893181	1.64505267890501
guny1241	0.140809999997127	0.870352374983361	-1.61013647212115	1.99454630109818
gura1251	0.562386470712008	0.915439393267744	-1.02030427495219	2.69565794443954
guro1248	-0.0844132794257836	0.926457050488102	-2.08762877372418	1.77841686257139
guru1261	0.20482888618111	0.781417897432347	-1.27928344868163	1.916812071731
guru1271	0.479419994135224	0.862448489837819	-1.05755709537371	2.42600909235137
gusi1247	0.349605924359389	0.886464526046228	-1.33376598187366	2.32129947634573
gwen1239	-0.165480786444492	0.919422341131288	-2.18495879621573	1.64780249362436
gyel1242	-0.107028219528305	0.947878194558236	-2.17405817387971	1.84978510827783
haaa1252	-0.0750732952931662	0.961711933012921	-2.18664032953063	1.84857945843652
hadi1240	0.240150981961992	0.829418174868728	-1.34977446925583	2.00792113927845
hadz1240	-0.185053805855848	0.911126241190204	-2.18029765741671	1.58967044928356
haka1240	-0.140112458837301	0.906624886942878	-2.148780070084	1.66122218420937
hakk1236	-0.00733597713338677	0.938593325610472	-1.95588138331923	1.92324608945736
hala1252	-0.171951293333249	0.916062369331755	-2.16886821441428	1.62249118653026
halh1238	-0.01283697440341	0.923567375010708	-1.97148780547984	1.9387093260842
hali1244	0.0860731009642166	0.824214326600484	-1.59004260534984	1.82913769216146
halk1245	0.28971541706425	0.918758246023401	-1.44281900868625	2.33701590519623
hame1242	-0.522748266946902	0.895532837564028	-2.51891163557149	1.07993327583951
hang1263	0.270888439045665	0.847920407249071	-1.34245495598444	2.13182889693383
hani1248	-0.183903793248044	0.927537186773269	-2.20837429625011	1.6435198376301
hano1246	0.134298874687122	0.766015171228816	-1.38670771059168	1.75326062694764
haro1237	-0.108327739091823	0.919898586471029	-2.0459046904799	1.75187176793791
haru1245	-0.156536792924842	0.812141882069521	-1.89006884574709	1.46745122819191
hass1238	0.174266518897985	0.935449834053825	-1.64526474671387	2.19721276420427
hata1243	-0.122355891663475	0.895870855294627	-2.02584273724939	1.71022373431981
hava1248	0.276640734131491	0.901048323265286	-1.37543757725991	2.27405080783694
hawa1245	-0.0793068152923849	0.902435435686354	-2.01436006530569	1.73239646702513
hebr1245	-0.287915150443889	0.91830946093309	-2.3512580341102	1.41341813314028
hehe1240	-0.136470869189359	0.91432563825832	-2.15137479704909	1.66881962433006
heil1246	0.362402163116939	0.952633697784285	-1.35643579083841	2.53772514715201
hela1238	0.270229327717401	0.844388647816796	-1.31131241645825	2.1368271937098
here1253	-0.0149886592236761	0.950680847314686	-2.05207782058536	1.93778878036151
hida1246	-0.106941633551912	0.925301891086581	-2.12268977785117	1.75513875799931
high1243	-0.321254841550506	0.857154775086448	-2.22703504053904	1.29661755329576
high1276	-0.322317424377869	0.908424074244736	-2.3048925117341	1.38433469770495
high1278	-0.341360523905957	0.864687904443293	-2.28849042010955	1.20928022087441
hili1240	-0.390334694349349	0.945953964184899	-2.54837444092135	1.33125878840288
hind1269	0.11169755343686	0.915410954393503	-1.71595005219013	1.99093759240007
hinu1240	-0.166869137354327	0.910653736768321	-2.11965440872896	1.63088803341823
hixk1239	-0.0842065860821608	0.90714215417994	-1.97509493271695	1.72275893486672
hlai1239	-0.0310799286000104	0.9325926315898	-1.99783427138455	1.86533996813843
hler1235	-0.17489372890718	0.928527190017046	-2.14095511531922	1.63683948841757
hoaa1235	-0.0637926414313961	0.916711773201089	-1.98608236630571	1.85698485214882
hoav1238	0.888888887959646	0.968928705658102	-0.609258593053075	3.09893838755831
holo1240	-0.0501236799464698	0.911423536834552	-1.97916186541213	1.82130859418213
hone1235	0.592141178824072	0.838397148730403	-0.827780225297129	2.4722941004145
honi1244	-0.206747404300533	0.903977606860748	-2.15051942080345	1.52915086315202
hooo1248	0.300204995637321	0.906039117533559	-1.39178322631654	2.3077775797812
hopi1249	-0.193470553557645	0.899922538806	-2.12408905961807	1.568766457457
horp1239	0.246354488757022	0.87941500740238	-1.40206987615076	2.18694456835257
hote1245	-0.549096882629326	0.772065979656297	-2.26172556603852	0.85364360799751
hozo1236	-0.2887985105802	0.920548060864482	-2.32499454924183	1.48163536997233
hrus1242	-0.0355197294004722	0.905295623213746	-1.9990113984754	1.81867755401693
huaa1248	0.157932571099498	0.910481594609985	-1.64128061711424	2.10900254692826
hual1241	-0.119855028577473	0.886548820187631	-2.0142726660534	1.63706071998481
huam1247	0.176226965674647	0.90381398950657	-1.5690039077916	2.14214190015624
huar1255	0.227389758536946	0.889102644082459	-1.49264588047371	2.1437196412148
huas1242	-0.252888910265158	0.873875199029079	-2.14899867702063	1.41674199383262
huba1236	0.532910612502136	0.821108673375295	-0.916019281122298	2.35781596624439
huic1243	-0.118133485221342	0.917935646470353	-2.06912195141082	1.75196951798966
hula1239	0.396908223773941	0.824184520385109	-1.08938022777134	2.24608911782343
hula1244	0.200743746318956	0.908225513846273	-1.4898615451018	2.28128367181281
humb1243	-0.0856716868935147	0.909096016663894	-1.99378671824957	1.77878186360949
hung1274	0.346596637423923	0.888075725357781	-1.35012453986982	2.30508409944115
hung1275	-0.062868870600566	0.920059867783211	-2.01781758694465	1.81700078799624
hunz1247	-0.107784336509048	0.891278513568383	-2.01154971650036	1.65701802489135
hupd1244	-0.56270416336619	0.960196694311944	-2.80782498161571	1.12033987518547
huuu1240	-0.259658961489879	0.901382782283476	-2.29749883568615	1.47864073994116
hyam1245	0.103650025674625	0.855250697389099	-1.6192465896981	1.91579411957743
iaai1238	0.00838216098171476	0.797723800279685	-1.5660064988365	1.66805605382707
iama1237	0.975029845965037	0.976592425721867	-0.527003573103564	3.21165598244896
iatm1242	0.222281785604678	0.838482883593148	-1.41051421931325	2.07891566951216
ibal1244	-0.0537228287902748	0.771577838855481	-1.62802727554314	1.525576444481
iban1264	-0.309039348673415	0.891436976329455	-2.32971540071872	1.35941694461986
iban1267	0.399557611946517	0.827253303839267	-1.10332728375815	2.26190899165438
ibat1238	-0.0599931102044882	0.881703064170725	-1.9019877152894	1.74018382354903
ibib1240	-0.24049679820799	0.849492284630325	-2.08315637392043	1.45688834715761
icel1247	-0.0766216738454632	0.931491662645324	-2.02846051571542	1.74830413058096
idaa1241	-0.418507116836912	0.904056260422699	-2.47636126192687	1.21499745377681
idii1243	-0.558683262367583	0.923817497854662	-2.62203635901685	1.11336423174114
idom1241	0.398975304407453	0.910916971118808	-1.22517426802157	2.41920428004672
idum1241	-0.172587365782538	0.925922952907632	-2.18822217482568	1.62817483216434
idun1242	0.947341707284418	0.961549718893848	-0.527243520647644	3.18250497664845
igna1246	0.297247937913882	0.895807224101756	-1.39530370175157	2.31693589992066
ikkk1242	-0.0777943819392927	0.895241377218076	-2.03333515686059	1.69529879525946
iliu1237	-0.69456198177935	0.933918923841935	-2.80305787033718	0.85370148608411
ilok1237	0.0321260012729784	0.787545391418155	-1.52347002205429	1.65855286368023
ilon1239	0.241638165916596	0.786740356227819	-1.27610529902581	1.91727581583789
imba1240	0.217215766983861	0.891758381791541	-1.49832171311732	2.14109677754148
imon1245	1.08636826105136	1.01879459670867	-0.438172875965137	3.37575697042133
indo1316	0.29967899342806	0.844265352355329	-1.31504750668062	2.18315472404189
ingr1248	-0.237686176169322	0.926917931943469	-2.22708747634322	1.55817286528192
ingu1240	-0.138322133443677	0.910416770376378	-2.06684265808456	1.66434322775257
iqui1243	0.184517215668567	0.901389268597083	-1.60182661232292	2.12617802784822
iran1262	-0.340888051486085	0.877766922520157	-2.33322608210729	1.30269349735306
iraq1241	-0.314842287629212	0.909950336830792	-2.37118203266077	1.40162404519449
irar1238	-0.00716689623663069	0.839378683758487	-1.72040581338325	1.74649176384349
iray1237	-0.371719542429259	0.886835732804998	-2.32849392415884	1.26063917405095
iris1253	-0.139027568035552	0.896590754768903	-2.04712275530011	1.68582155859182
irul1243	-0.0875944344705506	0.903073058447667	-2.01381805466971	1.70853998994468
isco1239	-0.0276109617587902	0.916332756530107	-1.9400541512052	1.85252890309821
isin1239	0.0515429804359098	0.754542296117418	-1.50106276808722	1.57153674029769
isir1237	0.479444655247257	0.848111260099119	-1.03036884124065	2.40294189787062
isna1241	-0.00255239705262001	0.833685272713739	-1.72180901755239	1.69649613570005
isth1240	-0.322777971469458	0.913741240260717	-2.38498314690386	1.38678411731029
isth1241	-0.31768075979754	0.916464431385495	-2.35902976113582	1.41321293090783
isth1242	-0.324655275011788	0.913101416084473	-2.34875678927298	1.37676663175837
ital1282	0.457462313333556	0.900260347519544	-1.13604824487027	2.49015324793
iton1250	0.583812749678072	0.950309321686747	-1.00194224668757	2.77354699309163
itza1241	0.273189581924341	0.919945662276428	-1.47716118012954	2.27717732804722
iumi1238	-0.149361373239959	0.914823957870611	-2.12863254779922	1.69365339214235
ivat1242	-0.0411603550554901	0.884496777293168	-1.90574152893648	1.76114180242574
iwal1237	-0.449495181429882	0.756786186209829	-2.09894759678752	0.963790717886771
iyoo1238	0.283996209027192	0.800903190664598	-1.19320225791998	2.09099784879726
jahh1242	0.231348178384757	0.921665689433707	-1.55587988639144	2.22874508568286
jalk1242	-0.201598752638564	0.842341865698495	-2.02387601792798	1.47962223669488
jama1261	-0.0451721915206486	0.880063444843751	-1.89882264339493	1.70541698945195
jamb1236	0.238549482242593	0.88057094966654	-1.47461463967221	2.12033586059217
jams1239	-0.0956235781530726	0.880630855115731	-1.98451804605759	1.77225469949955
japh1234	0.113613817176826	0.874577916475056	-1.625578230918	1.96554252454832
jaqa1244	0.199356980091551	0.874531681225187	-1.49489105365593	2.07410769443383
jara1266	-0.167704277269341	0.896101639102423	-2.15866971896247	1.64668887404728
java1254	0.104615463299689	0.835875679385427	-1.63038788048615	1.86378812018212
jede1239	-0.0703641750220412	0.899827536286062	-1.98202052475943	1.70818800452891
jeha1242	-0.0939868660589391	0.894457444488138	-2.00111324014479	1.73376745738615
jehh1245	-0.153685293702041	0.923796588939934	-2.19795777582481	1.67575383607404
jenn1240	0.221721543242399	0.884705546807175	-1.49811839753628	2.14391026528609
jeru1240	0.203888416307383	0.77592972415063	-1.29405174857568	1.89175476267851
jiba1237	0.681398277931754	0.852930180947075	-0.720262684230566	2.58357621159105
jina1244	0.949305090957118	0.942914321284413	-0.520345326667016	3.13870832178811
jita1239	0.170101437402927	0.87314154823367	-1.56747784956394	1.99077748520485
jjuu1238	0.0843276060000952	0.85333319204643	-1.63591450114886	1.87550553000755
juan1238	0.187187590194517	0.849497090985771	-1.46365894857725	1.95025926765773
juku1254	-0.534799036948712	0.833582442480615	-2.44866295974909	0.929941185745524
jurm1239	-0.317181240862858	0.884441461193734	-2.32995084090732	1.3241967473812
kaba1278	-0.0879593925292709	0.930275740308309	-2.05648896949895	1.77175131864136
kaba1281	0.285058506674783	0.870314941466222	-1.36060863672289	2.21852461798106
kaby1243	0.194305853959423	0.875859463589153	-1.55221588475805	2.0867405466119
kach1280	-0.121676909764125	0.947222929026625	-2.14635098016745	1.72136167783741
kach1284	0.174378618229786	0.882888847984096	-1.5745400251509	2.1320563246444
kada1242	0.219618146067948	0.876301554547247	-1.46986679462479	2.13042493418
kado1242	-0.245755894163825	0.869880675462427	-2.13894270424011	1.41956354210829
kafa1242	-0.098096901840398	0.897084861426517	-1.9776704543754	1.68393684636535
kaga1256	-0.317306729629031	0.880742836850486	-2.31555547536176	1.32612725816069
kagu1239	-0.207414792365214	0.941416196663084	-2.24705686729411	1.67036011356212
kaik1246	-0.0175786580701563	0.821919995438819	-1.74569094400042	1.64376998720393
kain1272	-0.0316498933037073	0.907559613659142	-1.93710318154553	1.86727740156215
kair1263	0.27562059731261	0.839934615724024	-1.31483184065841	2.11855037931537
kaki1249	0.200954348526107	0.885164704680567	-1.48679915309316	2.17960696175699
kala1377	0.340608325246794	0.918842225757047	-1.37658294398488	2.44558190690069
kala1384	-0.0442411825461321	0.943221297373706	-2.07180852451814	1.90031156118468
kala1399	0.185070944617523	0.889642738163311	-1.48254349331949	2.08059977485361
kali1308	-0.453628499918559	0.886438513052319	-2.43636795950807	1.14779334403429
kalm1243	-0.0146424672935965	0.915080559787744	-1.93519513573904	1.84011251489853
kalu1248	-0.494605270333931	0.902016678928033	-2.60391331185629	1.10485642882041
kama1367	0.31037825022956	0.85331998155635	-1.2910159966293	2.1872327179918
kamb1297	0.035841484946748	0.909946119699924	-1.84793936595887	1.92902899449316
kamb1299	0.364865548673039	0.903535055252569	-1.29303965325217	2.40210171554417
kamb1316	0.30658510965951	0.83565663446781	-1.23179669286137	2.09771478033964
kamm1249	0.227989507357728	0.829392740951524	-1.37218136585296	2.0379259227562
kamo1255	0.575726436201014	0.920717498541412	-1.01480436432388	2.64109357642674
kamu1260	-0.54628658750093	0.931763276129087	-2.68377378223107	1.09236743257857
kana1288	0.830919627332385	0.943755877368003	-0.698833641454972	2.95467226772829
kana1291	-0.0868815906734217	0.880188107513549	-1.96965497310129	1.69977439404971
kani1286	-0.0271339634771405	0.798656526627614	-1.62903122304972	1.66316976947968
kank1243	-0.117045493072733	0.804104791609885	-1.83498307279019	1.47636716289569
kaon1241	-0.0422749224022532	0.906281042642199	-1.96981653786395	1.80393783319341
kaqc1270	-0.0452521414915734	0.88896829085003	-1.86890283890307	1.80838397759076
kara1486	-0.148374819187414	0.758898174739482	-1.71585917457323	1.38753029770629
kara1487	-0.0287455136627572	0.750363701772875	-1.62013461451658	1.45386512702652
kara1499	-0.0697585595281977	0.872004157218395	-1.91755588138627	1.72975112305855
kara1500	0.680249590277099	1.0146622170054	-1.02298250772781	2.99893268695159
karb1241	-0.164052825052803	0.905717080540153	-2.16015059250271	1.58064337496775
kare1335	-0.126298279032058	0.926275814972109	-2.16599357133399	1.72499950725829
kare1338	-0.101116984159602	0.871636519627114	-1.95048959358851	1.66198491970675
kari1311	-0.0220024936776947	0.94883718480614	-2.00225177352799	1.96340854318828
kark1258	1.02838061230166	0.981086116420007	-0.450724884970978	3.26065442868189
karn1252	0.179005803035906	0.787170352392462	-1.33946945692963	1.87871738736619
karo1304	-0.0552516167059262	0.906225168699472	-1.92900481676988	1.82649969057587
kash1277	0.212017050925709	0.865515835229414	-1.44686371829476	2.09416853726034
kask1239	-0.0257198461813844	0.941750921886786	-2.01883808098091	1.94566047407403
katb1237	-0.0612055687343484	0.682996809535881	-1.52355797871678	1.28312453285739
kats1235	-0.178032159751403	0.943120515441075	-2.17167959609839	1.70812971064202
kaur1271	0.909847309684814	0.986374129121477	-0.632769478260292	3.1648220762381
kava1241	-0.43606356610144	0.883466482561121	-2.47910012027046	1.1569102903315
kaya1315	-0.0244992531420273	0.92956225378692	-1.98854130814818	1.89471750476583
kaya1319	-0.0361875399955175	0.935524344770091	-2.01870693266073	1.90745132336626
keap1239	0.448534056676772	0.842524414420793	-1.04007138568147	2.30838800781395
keda1252	-0.185058518704345	0.793328711566148	-1.85458918332176	1.39405975077589
keig1242	-0.143515074467795	0.927964284427587	-2.1358542459798	1.71794779568765
kele1255	-0.12934609280134	0.930426607135693	-2.17419594745748	1.71509385565329
kele1258	-0.0604664175917149	0.795057659798649	-1.73289775215378	1.53930024508425
kele1259	-0.00888875006753885	0.753676964057809	-1.57695951465338	1.4859420531555
kelo1247	-0.523616969323974	0.868145605385143	-2.46745330774971	1.05367767037197
kemb1249	-0.474706405107399	0.892011029381169	-2.47579363709546	1.11202900350246
keme1240	-0.641412356995233	0.859394145650065	-2.54740904928165	0.796098124231303
keng1240	0.622193168291115	0.912735786981214	-0.912075228292913	2.72521176689707
kens1248	-0.104224900572815	0.915328675070806	-2.0066949107519	1.67932365336462
kenu1236	0.111123840383538	0.917224152290439	-1.76753771455489	2.06072768127472
keoo1238	-0.030720885362607	0.844908319199727	-1.80124452948197	1.67605323059338
kera1248	0.550300313349644	0.933282108641501	-1.06219060142431	2.67542527242557
kera1255	1.02488172454158	0.992011308185907	-0.50743874455075	3.27647443837519
keri1250	-0.18906387790752	0.909838948837102	-2.13363564869399	1.58181505284328
kesa1244	0.346555544188552	0.808791193166225	-1.12519148745298	2.19228776206321
kett1243	-0.0115563856992959	0.95436959244318	-2.04713044186684	1.96491744215152
kgal1244	0.00975696333363539	0.934191247980683	-1.90162470738003	1.93496769329575
khak1248	-0.0287610465350246	0.912384014885694	-1.8955605286327	1.83038217034967
khal1275	-0.0185656724114896	0.771073901320131	-1.62566492373423	1.5624107677442
kham1282	-0.019658519226596	0.906740394108701	-1.90415107088419	1.80793609559555
khan1274	-0.123944182264628	0.94055896568717	-2.20736971692951	1.73342557752007
khan1277	-0.231938034489976	0.892914029655634	-2.2249329346466	1.44483771125191
khan1278	-0.272449339732192	0.840081451454172	-2.08489407967699	1.34426990310564
khar1288	-0.25781141378708	0.895010238254684	-2.23410225117632	1.44716835060799
khas1269	-0.120775657752665	0.915361045575481	-2.09013665876728	1.68536469954264
khez1235	-0.234986363097488	0.890904515926097	-2.20824400206115	1.41699285911015
khin1240	0.401407897982503	0.938412338762105	-1.32383414449536	2.55225646850825
khmu1256	-0.0531040412015661	0.930927966430154	-2.00305962078759	1.78438794185941
khum1248	-0.152604962652012	0.900350095792461	-2.09763201632579	1.68493853099097
khva1239	-0.142738843811774	0.902277903649814	-2.08270302085459	1.65873685315025
kich1262	-0.036823248007174	0.883901441048312	-1.85495058215527	1.83349786069468
kiku1240	0.240995385610911	0.915801060548474	-1.48100867857368	2.2219581361121
kile1243	-0.00359140203224888	0.923892136853038	-1.95375571398779	1.94959202384961
kili1267	0.667284251144441	0.966643523445358	-0.945690956089757	2.90655205575651
kima1244	-0.496665502374378	0.885497853359266	-2.53277963673741	1.00863747754783
kimm1245	-0.0830679002389772	0.938012570284906	-2.07729973083233	1.86191222798722
kimm1246	0.616023081862532	0.894153091021155	-0.937286596844085	2.65539799946226
kina1250	-0.41178466659837	0.915753751744375	-2.53245001820395	1.23461671819846
kinn1249	0.355312314219498	0.904501956357847	-1.28695794906714	2.40686080072859
kiow1266	-0.0485385412259357	0.927550119963219	-1.93452591743723	1.87036249586855
kips1239	0.375166521979885	0.920410560858842	-1.27186837595974	2.4337163421358
kobo1249	-0.154085397548603	0.817752783052855	-1.89722088427754	1.48112945129008
koda1255	-0.00463671843740363	0.900115264112074	-1.89471037372488	1.82963857298214
koho1244	-0.129871909291929	0.910072494620381	-2.04121816672128	1.7412486196388
koir1240	-0.257433934732142	0.883310979395787	-2.22154676895719	1.4310489850743
koit1244	0.45211976280929	0.863572140159158	-1.04385330057916	2.39048468422355
koka1244	-0.0736726479667097	0.903929358383194	-2.03965000258547	1.76025030363564
koko1269	0.54914126952478	0.84113793222245	-0.949826534757519	2.43382529060904
kola1285	0.532075602899846	0.927062295039457	-1.09049138230704	2.58527367260167
kolb1240	0.633927020344828	0.937881514193954	-0.98871044088604	2.79747044350172
kolc1235	0.0292513885908311	0.908073131075233	-1.92702867161267	1.92591576262769
kolp1236	0.237126022005314	0.785354729175213	-1.21360775771295	1.98660896810589
kolu1245	0.977626539550274	0.973538793856552	-0.504427605774903	3.23092440871524
komb1274	0.192519314178554	0.880954448435684	-1.57630298370499	2.00628603036443
komc1235	-0.635436803745047	0.883396958364975	-2.64321456059113	0.891578328294374
komi1268	-0.204980531951055	0.887633323547336	-2.16658085786899	1.48650923811659
komi1269	-0.192251909665352	0.90954985765976	-2.20458141974295	1.58644198829335
komi1270	-0.274179141161037	0.881194730695603	-2.20043768158206	1.36858288266225
komo1260	-0.0456624888868417	0.925101969607225	-2.06073602280842	1.84133021141804
kona1242	-0.00308819433988512	0.847809752592702	-1.72311876776935	1.75546817440003
konk1267	0.346618044722733	0.887369996325908	-1.30422697131745	2.34906623081736
kony1248	-0.179072148128588	0.936873783923138	-2.239118117197	1.59519404277167
konz1239	0.00918320671576669	0.865761749621908	-1.77374603220524	1.84069092424283
koon1244	-0.0531943173774758	0.912382580552701	-1.95741927049084	1.82968886714159
koon1245	0.174711667633395	0.912155734928755	-1.61437750767071	2.10417154058505
koor1239	-0.0867660435259431	0.861551162023429	-1.95137539276549	1.60685853546277
kora1294	0.643748745216416	0.891895786410636	-0.891622559630843	2.61769967354858
kore1280	-0.00945354729202616	0.94503103972746	-1.98079983595581	1.98901230235843
kork1243	0.217720350284381	0.890529895478515	-1.48658254018425	2.15023576391188
koro1298	-0.122349519890133	0.850963450527188	-1.92207072124339	1.62538566793649
koro1312	0.329475379307102	0.882316191858589	-1.3873030681738	2.224461368767
koro1313	0.498556033103351	0.869244297655466	-1.03900083297248	2.46897901530525
korr1238	-0.114669686140305	0.895906590580497	-2.00058002772732	1.66089640673567
kosa1249	0.795097287769831	0.954466459911688	-0.760516728294309	2.9896747970612
kosr1238	0.141040055638353	0.88082304556365	-1.65739943786754	2.05231172100965
kota1263	0.165666526351948	0.890638896587076	-1.64280378496062	2.06996210047718
koti1238	-0.0395147655838448	0.96879262505762	-2.06982277845714	1.91952508079479
kova1243	0.249495265743451	0.797450938573301	-1.23088267500621	2.00039957178723
kove1237	0.587335032551201	0.847116098203233	-0.838240746353155	2.4730327579259
koyr1240	-0.0751858760714974	0.93625560038001	-2.12088459262385	1.85120438308427
koyr1242	-0.0281805654772992	0.93419000309217	-1.95949821404516	1.93577725480912
koys1242	0.46014677509393	0.916557127970041	-1.11397748581239	2.58458572983774
kren1239	-0.0391978198943541	0.889585154000268	-1.88291051726392	1.76672700661782
kris1246	0.952172429913504	1.00264431961162	-0.573052976264682	3.25342550654222
kryt1240	0.44309531850457	0.94912521910687	-1.25486757647394	2.61218801122329
kuan1247	-0.0416538094253393	0.950604939818394	-1.98082057070543	1.93345879039075
kuan1248	-0.192407585408385	0.731929304272667	-1.73300589048441	1.26634645758144
kuik1246	0.257600503860994	0.899408473656371	-1.47224592592248	2.26164701366778
kuku1273	-0.135265200713807	0.923030613002899	-2.171317428667	1.73631724105737
kuku1280	-0.168043217783286	0.87668959993966	-2.04142754402856	1.57579602888744
kulo1237	-0.129600650556422	0.80268240711185	-1.81881479187055	1.4646980695081
kulu1253	-0.117624515407282	0.767120426246244	-1.72923147673769	1.41147272132267
kuma1276	0.276816571860074	0.805580476834833	-1.2071850381014	2.11684335341805
kuma1280	-0.119169896545718	0.797161897291762	-1.79950991601814	1.52185855482045
kumb1268	-0.0583282909316115	0.900826974915203	-1.96063420862141	1.73819901563033
kumz1235	-0.213447472692739	0.915677664088944	-2.23150148627407	1.55899353453494
kuna1268	-0.0259963521472342	0.90989580049306	-1.96616386879453	1.85744363561125
kunb1251	-0.190097580496646	0.911659700248058	-2.21027592619599	1.54834459337373
kuni1267	-0.0142945096882609	0.791596111117799	-1.59937757952853	1.6352369211962
kunj1245	-0.0828681014328787	0.921185751542919	-2.06182594050815	1.80495214109651
kuot1243	-0.322098503683466	0.766072145664136	-1.9932434744206	1.11580711615765
kurr1243	-0.159221802220383	0.898712521971298	-2.08505257873163	1.59157771994785
kurt1248	0.378589057424604	0.916400181205219	-1.33353608862862	2.4464836846566
kusa1251	0.855498577156426	0.960158841376087	-0.685353760694832	3.03650670682946
kusu1250	0.0575151715103237	0.83681511599688	-1.6811193896395	1.84205765658303
kute1248	-0.546903509028114	0.827440331877986	-2.41593554877547	0.902260143891465
kute1249	-0.245507645517756	0.931537766895925	-2.33359265643156	1.60374997581082
kuyy1240	-0.0857862804656533	0.949682847234693	-2.09191339002859	1.84677021771482
kwai1243	0.811331965785609	0.93683422470036	-0.649057433667487	2.94488272794809
kwam1249	-0.25573270044331	0.923918542577382	-2.31621194826166	1.53062095925851
kwam1252	-0.103990666878298	0.773615977469706	-1.72014246560737	1.42739283892233
kwar1239	0.797594943086611	0.921576284045252	-0.66468774728506	2.92252777988346
kwaz1243	0.258676519613693	0.92209932830521	-1.48975898984601	2.31208769548375
kweg1241	-0.433936707362461	0.874339609445182	-2.40345636848597	1.11864658947966
kwin1241	-0.00623460555615906	0.933810675715691	-1.93596032566589	1.92575040916736
kwom1262	0.330234155793093	0.856608510111484	-1.25249863716403	2.23959741948572
kxoe1243	-0.0664623492117176	0.883833671457957	-1.88210032006745	1.72810577756452
kyer1238	0.328604397034127	0.849417012560788	-1.22274179913068	2.1913604558621
laal1242	0.453593613663623	0.930640350202138	-1.24216822259717	2.57712614357428
labe1239	-0.276603680862666	0.751330421922528	-1.87430580459245	1.21868016352012
labo1244	-0.1350063192789	0.701944902922562	-1.66147774463599	1.20854846481453
labu1248	-0.64447719931973	0.791759569987311	-2.36339986225716	0.69560556794886
labu1249	-0.465877551531344	0.909379733886768	-2.49383732350538	1.1443968908893
lach1248	-0.0860132557249834	0.946664616108193	-2.07523133597572	1.8528583180698
lagw1237	0.895607629811331	0.932562774469198	-0.559498918995289	2.99153983518764
lahu1252	-0.225028394811112	0.905880968237829	-2.25342710016635	1.51675795118884
lahu1253	-0.225986961645927	0.878032090920118	-2.15265351653054	1.45481755931195
laiy1246	0.703896298943977	0.896293092333845	-0.770936355255322	2.71309579647266
lakk1252	-0.0409615575490097	0.884655534925164	-1.89538347475424	1.74946335012768
lala1264	-0.0224919491026197	0.955976815089505	-2.0368545959991	1.89725414594982
lala1268	0.379834917816288	0.855096042327365	-1.16081245690663	2.32770430239493
lama1277	0.360758038359572	0.83671112143693	-1.13852389659582	2.22934407047577
lama1288	0.932364028544189	0.922304934515155	-0.499832005513847	3.0119233880047
lamb1269	-0.0826199731143808	0.88184442819771	-1.97706709849051	1.7121407457929
lamb1272	-0.0859776782833558	0.915468441402955	-2.03197204526624	1.76187088113027
lamb1273	0.369172433469305	0.899114547818804	-1.26380110528074	2.43046767924639
lame1260	-0.289878521261077	0.739992232298126	-1.8919552796834	1.11555181298348
lamk1238	-0.240057389033674	0.917257248091912	-2.25993301060768	1.514686170133
lamo1244	0.638450666232964	0.880387900934591	-0.824754586422855	2.62522019144062
land1256	-0.207506241622381	0.883414505600673	-2.16818657931779	1.49292770088084
lang1320	-0.399811454160223	0.904029277525363	-2.50033411687545	1.24717581422781
lang1324	0.327025728432828	0.905842865998308	-1.31872909954702	2.35764369330344
laoo1244	0.052434822549414	0.938823080022598	-1.88372183673942	2.04494780722381
lara1258	0.120290933604677	0.914600654869241	-1.69510965120768	2.08100528894786
lard1243	-0.0350305431646909	0.900353807891192	-1.91793099324419	1.80193470369025
lash1243	-0.146555134355867	0.887606144300946	-2.01816166475061	1.64560989441025
latv1249	-0.141277202574794	0.916923928814544	-2.13418380477176	1.72216030000315
lauu1247	0.714601930467985	0.909636427534944	-0.736805395214272	2.8196155356436
lave1248	-0.146519052915766	0.920409157147584	-2.12534523936887	1.68499661775835
lave1249	-0.169402844297227	0.917003367399796	-2.16528304903138	1.63679335261351
lavu1241	0.506700553905188	0.898481974365086	-1.11813499252583	2.54024783640089
lazz1240	-0.081747534704343	0.933045018421289	-2.06873108643265	1.84959241636189
lega1249	-0.0293157452638181	0.915726025911104	-1.87389646443619	1.8643392788261
lega1250	-0.0534231549247337	0.918716062664729	-1.99386139981669	1.77503793393096
lele1267	0.0272387870819251	0.791719614809745	-1.59561240968607	1.66167073235998
lele1270	0.00589990573027084	0.794181131554108	-1.66499569711367	1.59619119550078
lele1276	0.393381007380904	0.859988342497786	-1.23553703283147	2.27580578255866
lemb1266	-0.11853660145304	0.814380691629717	-1.78706066744516	1.54031161389888
leme1238	-0.507502895987944	0.859800365195267	-2.42486939570255	0.995472235220073
lena1238	-0.146735725531666	0.789011995626353	-1.81964046099823	1.43435003389524
lend1245	-0.278802760944914	0.85127831589511	-2.15967941411675	1.25716598688048
leng1259	0.798845548032205	0.931438147839162	-0.687430001376566	2.92465374222394
lepc1244	-0.106076233239896	0.861998649968646	-1.91298497161468	1.60523309082013
lese1243	0.215626462910333	0.867138915369364	-1.48371504331856	2.10619453206734
leti1246	-0.30364410465314	0.86794369409663	-2.23055524282225	1.33702672454054
lewo1242	-0.203017229859296	0.752817248962082	-1.82906195355404	1.26567518445488
lewo1244	0.345226190397145	0.831095213134412	-1.1489360803462	2.17856417983227
lezg1247	0.293209021036925	0.915860783658141	-1.43914479445898	2.35129838593557
lian1251	-0.239425959535233	0.911111389860493	-2.24748768251996	1.53528104369032
libi1244	-0.322987768695026	0.927689633807292	-2.41567925046845	1.39000619592187
liby1240	0.15750405421326	0.914999631153394	-1.64608756563228	2.17577142168398
lihi1237	-0.208326221678684	0.790903040071862	-1.85883441378534	1.38723644406695
lika1243	0.159272884044449	0.863774229957298	-1.59359979280148	1.93827069863499
liki1240	-0.313637795987859	0.927495987079792	-2.41915882867261	1.41102551427434
lill1248	0.267078948225077	0.907683184016871	-1.42802318979432	2.24384733401302
limo1248	0.160710864064869	0.789823042067293	-1.41981815353538	1.81441749930323
ling1265	-0.0134518921945073	0.678015993337293	-1.43876531827035	1.36735052506908
lipo1242	-0.16510762420886	0.924576004298644	-2.2345840808374	1.70288000092986
lisu1250	-0.139337976152256	0.874484171097362	-1.98765167141943	1.62277510310669
lith1251	-0.122335541338132	0.94196439720127	-2.16869332264364	1.70153471911377
lito1235	-0.428566526318907	0.927480601041816	-2.5119305305814	1.26836772818733
litz1237	0.095301969413008	0.683558276053356	-1.31575613332424	1.51102590147346
livv1243	-0.180811134608021	0.918464132124198	-2.11002468708451	1.59193600478599
loba1239	-0.276448091705685	0.936110278520239	-2.309604240359	1.50334060855395
logo1259	0.138660115816431	0.852935216589071	-1.54465114693959	1.9680196822214
loka1252	0.0321384033647112	0.848383521429049	-1.70647875100643	1.81460937888679
lolo1259	-0.163731770762253	0.931815171760926	-2.23501206326063	1.7186936916616
loma1260	-0.195958985709073	0.92680391960821	-2.25827384251842	1.6079093379598
lomb1257	-0.28613104144686	0.904925250552583	-2.33173139613508	1.4583694209093
long1395	0.763041680759384	0.929774100347622	-0.730758210794494	2.92515650995007
loni1238	0.0495082198025105	0.800291949814853	-1.61940496499439	1.72783241037833
lonw1238	-0.247563896026016	0.710576182747251	-1.77261824430878	1.10670676955933
lote1237	0.447551056255025	0.813190068471789	-0.993544532319091	2.26203531644923
loth1237	-0.224191038839078	0.899153874380714	-2.18707191709013	1.51392247112182
lotu1250	-0.413034688314433	0.868347245354817	-2.29886577678865	1.08646532447005
louu1245	0.025420869966341	0.781857981722159	-1.58144260154836	1.59411135490203
lowl1260	-0.127814851451528	0.890138368102943	-1.98325438581119	1.66179417612398
lowl1265	0.382238996908875	0.909208375930022	-1.25912779726044	2.40117954118547
lozi1239	-0.0747659508034243	0.917330309784037	-2.00981881856716	1.78368395521102
luan1263	-0.184186270369795	0.85429239985279	-2.03586378315994	1.4801124408584
lubu1243	0.0778950624111611	0.785285451139111	-1.53794783500295	1.71120501798209
luch1239	-0.0636172350731168	0.922274049544534	-2.00590935962092	1.81706500010705
ludi1246	-0.152490464259734	0.927026161894669	-2.1913383017259	1.65725739690761
lugb1240	-0.164961778712837	0.851698386981603	-2.03772840073882	1.49308863215168
lugu1238	-0.153223809175073	0.922094858757512	-2.17586727825072	1.63190546778428
lule1254	-0.189686993356904	0.897661168062152	-2.11309338358623	1.55140168486701
lumb1249	-0.0281033202815624	0.945357731775458	-2.04554122073732	1.8972135431633
lumu1239	-0.10466179816417	0.918704535253629	-2.07752450441485	1.77512450105525
lund1266	-0.0472141595282029	0.92518324553619	-2.04831349122435	1.8258180803592
lund1271	-0.161659574837207	0.86652300491257	-1.99562326624068	1.600318163152
luok1236	0.350178793666273	0.872264770480613	-1.26914299589702	2.28450777577186
luse1252	-0.135571388155619	0.920880228719051	-2.12284403347802	1.66328276851132
lush1249	-0.121239240648252	0.915828513705604	-2.10562113864743	1.68980269456524
lush1252	0.247584438100438	0.922321799875803	-1.49783704014635	2.32690121377894
lusi1240	0.561691218459436	0.841003548958324	-0.876971036784466	2.40888483601069
luva1239	-0.0596357622077265	0.899896712076904	-1.93906773633858	1.77271790473004
maan1238	-0.144092384847811	0.882244470422643	-2.08813360891089	1.61888100589379
maas1239	0.0653970609978377	0.854713867436349	-1.69474517940203	1.93032017353844
maba1270	-0.426955022714546	0.929070656261899	-2.43841028625435	1.28288092727442
maba1277	0.0520990907134407	0.915196098144748	-1.83192907995175	2.00696897543637
mace1250	-0.216646578910727	0.914194639254454	-2.2042412010721	1.53996164492721
mach1267	0.0424019425370589	0.896919530022445	-1.80062390644853	1.89960039941211
maco1239	0.282270490684306	0.929564581681509	-1.47099776126212	2.32864477640869
macu1260	-0.508029933722929	0.961681474477291	-2.72863586420379	1.16927615710317
mada1285	-0.390804401210775	0.777444240256268	-2.07470483689838	1.09191757600622
madn1237	0.621071065250646	0.968819843248564	-1.03811232340536	2.81430170151547
maee1241	0.283396761094902	0.70166875276585	-1.05040785423729	1.76126984033203
mafe1237	0.383895344235037	0.745400682525516	-0.95171208738749	2.01487068202639
maga1260	0.349878073767697	0.902671028288139	-1.28652077879308	2.37521075517484
maga1263	-0.305608969927025	0.835754719664344	-2.10873427228779	1.28499880828302
magd1235	-0.513758243378722	0.911808940220403	-2.59416322369834	1.13364798234841
magu1243	-0.367862058411831	0.835694566461775	-2.21190325166963	1.16160215790436
maia1253	0.276833319680864	0.797888953303823	-1.23035722865801	2.07199780463733
maia1254	0.267401532948245	0.802110256391652	-1.29776206775013	2.02526970994477
maib1239	-0.317655018297079	0.890283230197163	-2.25560887713668	1.37478025972996
mail1248	0.751064186324821	0.944797698733984	-0.773533121438475	2.84531435209984
mais1250	0.648482572750972	0.897041454945818	-0.875902656354749	2.66202095009081
mait1250	-0.055477468608937	0.846381471624248	-1.78736015675841	1.66968437268463
maja1242	-0.73239741366877	0.97694493829963	-2.95476049017501	0.863031779191495
maka1311	0.386745612680122	0.88210927769856	-1.24778497367134	2.28862322597308
makc1235	-0.0278528326610509	0.907830972923057	-1.91990635958607	1.82296551907185
makh1264	-0.0444594539934399	0.922127378138932	-1.99543863884088	1.88185533113603
makh1266	-0.0512465615804418	0.910106205619943	-1.96870460289755	1.84755981741817
mako1251	-0.0317714830945609	0.928216835968105	-2.00049305743004	1.87430158227802
mala1463	0.00361621628227885	0.931451376223513	-1.94844496884174	1.96792711404132
mala1464	0.0382733470516969	0.951463924178567	-1.9013646343037	1.9796672731916
mala1479	0.321168209146365	0.937517468550863	-1.50124270114838	2.37179299042709
mala1522	-0.0930524793505725	0.911431157568281	-1.98344061413321	1.76043433343228
mala1534	0.141288399458759	0.795897944864327	-1.43777814219613	1.77023634807206
male1284	-0.151849859479142	0.872133350469227	-2.05029737886843	1.55379549653563
male1289	0.335834543322602	0.784085804139991	-1.09849073451475	2.03581215769453
malg1251	0.647962127999359	0.913361758675203	-0.904963366829451	2.68817056140572
mali1284	-0.0634221935833036	0.759751214571089	-1.61269113677689	1.4886527207178
mali1285	-0.182980889260622	0.863120600697052	-2.04522535130868	1.52309345404515
malo1243	0.434653169938655	0.731017768141817	-0.876704129771712	1.99757804379818
malt1254	-0.522476515032079	0.922918454307539	-2.60620658131246	1.06332363015642
malu1245	0.321005640859536	0.711232632853967	-0.995645749065656	1.8190093255594
mama1275	-0.344592608745587	0.925445971150562	-2.38319389911375	1.35924997532103
mamb1294	1.04336255416114	0.967739362188013	-0.435391486578358	3.21549345888732
mamb1296	-0.0331307539910773	0.924236004869446	-2.00310927469988	1.84816243402526
mamb1306	-0.714408024515502	0.920371214328154	-2.85895522998992	0.791533771841025
mamm1241	-0.00658460363690606	0.867695532674504	-1.77835946183408	1.78111636045729
mamv1243	0.00347569716327828	0.857123819360557	-1.78898307708809	1.76652410176904
mana1288	0.167943206092543	0.81030537040806	-1.4614780786492	1.88640205307575
mana1295	0.364454726505703	0.833418619103134	-1.15161148730439	2.2307291271595
mana1298	0.302102888981796	0.856644549323755	-1.31548183840209	2.22941716062099
mand1415	-0.0171755394021896	0.894670018051163	-1.90267001211465	1.84203612090159
mand1436	0.368797719762506	0.937716579299855	-1.39169234689743	2.43554479327784
mand1440	-0.198634847693686	0.786581687958198	-1.87757128243664	1.35027719874006
mang1378	-0.195865229505066	0.898856971673549	-2.16868371678777	1.51506027164933
mang1381	-0.0997877735960869	0.903680323065797	-1.97001271487379	1.74623260518661
mang1394	0.323692427789769	0.833753718759511	-1.23536724507331	2.16252021015886
mang1401	-0.102446765266241	0.894428725589592	-2.00127773292535	1.67186731499937
mang1403	0.437603265047004	0.806668426754384	-0.989491485709839	2.22887029872801
mang1404	-0.574661792087526	0.780088372784977	-2.25069212256102	0.828372166755774
mang1405	0.21853253553953	0.858500614089894	-1.44047765294937	2.12857384543296
manm1238	-0.257519594525705	0.903035079309543	-2.29344785557052	1.51099990833008
mann1248	-0.12814678549477	0.937569036392153	-2.14363373864007	1.78208452735476
mans1260	-0.126964261936885	0.899060997045027	-2.02853133351834	1.64884258390024
mans1262	-0.154978787820379	0.880788585523908	-2.09487481991348	1.5827857882235
manu1258	0.473746987099048	0.857462228913161	-1.06510609543092	2.3897326583174
maon1241	-0.0307165531254678	0.917151450855729	-1.97981018842553	1.81121085869484
maor1246	-0.0741046486280815	0.903046493161029	-2.04669510557715	1.73832991967696
mapo1242	-0.631305659187303	0.791831772627586	-2.32959250396868	0.765861577686261
mapu1245	0.217354077873559	0.927631081615339	-1.60617753603558	2.24409747948058
mara1378	0.29521414588573	0.874803774729817	-1.36569909215383	2.18929612684385
mara1379	-0.249187304217594	0.883051115797638	-2.24157511152951	1.43542275828986
mara1382	-0.117255720652421	0.912811566336712	-2.07514871085955	1.73743482771513
mara1385	-0.0678646081480347	0.885892102525732	-1.88983911001133	1.75481979217514
mara1386	0.619725144106506	0.972966040843156	-0.99279561935112	2.88099858545277
mara1396	-0.0438402774457355	0.935040999360722	-1.96493271532545	1.8875810364734
mara1399	0.201541371778037	0.69166512546467	-1.1412967803362	1.67160886619168
mara1404	-0.478054767488737	0.862421985269894	-2.39166715282217	1.02584513821776
marg1253	0.0326596240700155	0.902041591777318	-1.82909794531437	1.94611957293859
marg1265	0.54656572635309	0.852967714483611	-0.976497563710946	2.45622005369166
mari1414	0.0278721967113765	0.91523301154888	-1.88799998779287	1.967268119986
mari1416	-0.251167365895936	0.912199324711619	-2.27007656696952	1.50937995931158
mari1424	0.618149985994669	0.980225160002509	-1.01773933986495	2.82709536639857
mari1426	0.236161246770237	0.814406010475904	-1.29343724304254	2.00123013835799
mari1428	0.533152219373249	0.848903566209211	-0.901242691990153	2.51434900827688
mari1440	-0.0915123124204886	0.920686521393183	-2.06580703986834	1.77223844912299
maro1244	0.873643316110635	0.968599701108114	-0.620856351006394	3.06117767108213
mars1254	0.19028383090385	0.870480023279053	-1.51676583806584	2.10147618857319
mart1255	-0.149156423462393	0.915061448174819	-2.10082326048549	1.72284041820802
maru1249	-0.139626748887141	0.922236971528961	-2.18644137484741	1.68061252095876
maru1252	-0.00650575826385648	0.889163151300118	-1.8659429001319	1.79012110710781
masa1322	0.937762462082355	0.971630144775009	-0.572378994333257	3.14281055644243
masb1238	-0.381425375548593	0.911925411830522	-2.46105272209941	1.26024256125909
mask1242	-0.284115505213398	0.723895043874844	-1.87379425201745	1.10153426345375
matb1237	-0.187603281875958	0.852127768922722	-1.99268656245376	1.4346470898976
mati1250	-0.240347753994862	0.83590098288454	-2.07267486271101	1.36547908202598
mato1252	0.01101047388985	0.759334936182468	-1.51689068254657	1.64060396127263
mats1244	0.0951548748110226	0.90144843837186	-1.79856025932175	2.00351011905527
matu1259	-0.0753540041098678	0.918164068455467	-2.00328455752681	1.83078502562893
matu1261	0.514502348361722	0.835022279046296	-0.937636258138585	2.47023062384761
maun1240	-0.174651631576645	0.908775915948761	-2.1931791105754	1.57875884161983
mauw1238	0.313164277227061	0.807181738567977	-1.17270543850017	2.1242087717698
maxa1247	-0.0432754075636309	0.911673637127471	-1.99121015440762	1.85031060696718
maya1285	-0.0447402110193821	0.879219916633884	-1.89936180608797	1.70207328866596
mayo1261	0.16147515459186	0.851404156396979	-1.56782752174932	1.94328369424556
mayo1264	0.129257509158066	0.932596600332168	-1.78968118993043	2.13421541436475
maza1304	0.829035043076752	0.873504836556376	-0.587445428154953	2.77113482540475
mbaa1245	-0.152620157552379	0.886767386699541	-2.12487399364431	1.5916048906394
mbal1255	-0.0520669788902724	0.943904143979506	-2.03284566628909	1.86095586846122
mban1263	-0.520105221308647	0.887628101890703	-2.54736570618437	1.04367060272396
mbar1260	0.94612586277316	0.972705542280832	-0.540120672487338	3.18884856038575
mbay1241	0.246503564584001	0.825057233383638	-1.39465468646992	1.98269659682381
mber1257	0.658577133809967	0.971049134893678	-0.910645782513007	2.84393654969439
mboc1235	-0.367331244529578	0.923238630729792	-2.42173639512477	1.37623856889131
mbol1247	-0.0936013341512806	0.911500886830324	-2.02092846515892	1.73897211982518
mbug1242	-0.24296192200269	0.897475389425875	-2.22816679986072	1.53425856319519
mbul1263	0.245922594025	0.790308419769832	-1.23374584068872	1.94434458186126
mbya1239	-0.0694043503765174	0.904092146045728	-1.967150993112	1.80353526789224
meen1242	-0.139551954551697	0.885816739700143	-1.98607088671486	1.64821081700709
mehe1243	0.39996322662375	0.838812889937196	-1.15847731263548	2.20025067058146
meke1243	0.108114735041446	0.815615867270895	-1.45577372207767	1.92876850653547
melo1242	0.105153614458808	0.868684751544651	-1.6148560170532	1.93989366537127
melp1238	-0.344658190788511	0.845528189727761	-2.2182751283322	1.22143239767211
mend1266	-0.304387489150539	0.910857707887687	-2.34553739900342	1.41183960312462
mend1268	0.321188301010157	0.829772380023442	-1.21641812795982	2.10103523816139
meng1267	0.375035690226312	0.799705577987726	-1.0740127500709	2.12509595153994
meny1245	-0.225335195576426	0.801591298875493	-1.89092259513341	1.37952115615203
mera1242	0.178747912315634	0.771664836108314	-1.29897187103795	1.86839928462016
mere1242	0.454273091771513	0.771672379373829	-0.916387060708522	2.12920069228217
meri1244	-0.177139778285568	0.916503610830929	-2.17339019099405	1.69180563026334
meru1245	0.381025308587928	0.869180739530327	-1.2534319190667	2.28007997258921
mesc1238	-0.046236971715209	0.909073278465395	-1.96568944480926	1.81744713585811
meta1238	-0.48163620595407	0.89503135160853	-2.50113590583836	1.1119877850862
meya1236	-0.145063216371747	0.872984938281877	-1.97517051766739	1.57895661015762
mezo1235	-0.206601844422095	0.882571968838137	-2.09403048931116	1.50350001945987
mezq1235	0.205998371111917	0.89015581933545	-1.57789117908995	2.11719225953014
mian1256	0.417944444538074	0.858514670604389	-1.20484027489419	2.29512776672659
mich1245	0.0137792017931892	0.899892330036079	-1.87704899603998	1.83989698888633
midd1327	-0.477557959403203	0.774714448275609	-2.14617536342845	0.91780705420008
midd1357	-0.0600344431400972	0.938332051494489	-2.05376450704613	1.84708304917605
miga1249	0.454065692358615	0.893847805594534	-1.16115329161372	2.47445081901272
miju1243	-0.0803323603535152	0.911026369092195	-2.03840924330997	1.71427305310392
mika1239	-0.0913008259100495	0.932543860932651	-2.07147118755098	1.74002495306099
mikm1235	0.439409686749983	0.911320541454167	-1.21923336143755	2.50196682746087
mila1245	-0.155102897111411	0.9152881115076	-2.12713418491284	1.69241537760669
mina1268	-0.238032872824384	0.895467568774215	-2.20076521600673	1.44695447419336
mina1276	0.967461849390576	0.918549767814427	-0.497703297504935	3.06262671958725
mini1251	-0.170567202132107	0.73893420629146	-1.74025738373095	1.28675201329216
mini1256	-0.281881381021672	0.902959260518275	-2.25183844903448	1.4577514495157
minn1241	-0.02169070621398	0.93060010325908	-1.93904722279698	1.87598155738118
miri1266	0.0581611274282865	0.928391771158331	-1.84388152380931	2.01899432185715
misi1243	0.266759246931651	0.883797645021086	-1.41701052389271	2.21321477185156
misk1235	0.288094336026971	0.924018081276024	-1.40495064452654	2.35596487390778
mixt1426	-0.142518661138238	0.864878685154243	-1.99780880167238	1.57726608141163
miya1259	-0.0432206950106907	0.936571151405503	-1.98056227187855	1.8106018646033
miya1266	0.506964742156348	0.909791075405836	-1.10331383347635	2.57476272200837
mlab1235	0.349348709372585	0.929916008360963	-1.38922596633977	2.4305845308939
moba1244	-0.066237880794953	0.853540469563162	-1.912582355244	1.62888497884311
moch1257	-0.167428087301252	0.863772556471096	-2.039639823369	1.54812479112509
moco1246	-0.0612130170333712	0.950763268847728	-2.07717394463627	1.86999065901168
mode1248	-0.126277285966877	0.924811345429736	-2.07725789025704	1.71633340294082
moha1258	-0.0325023969683142	0.934140190760863	-1.99899056755479	1.86002152893328
moii1235	-0.411198919837654	0.910041441192528	-2.38689111886687	1.24255509298911
moke1242	-0.0407621001385971	0.971555931178659	-2.05050827068567	1.89999880843889
moki1238	-0.587813141907783	0.884797950701517	-2.58022986052666	0.924504997590463
mokl1243	-0.0613749475032696	0.930363519226367	-2.01324519782261	1.85600237158323
mokp1239	-0.24770153546195	0.927510365981573	-2.25063890265626	1.53605811653964
moks1248	0.461540600285976	0.938710909358403	-1.23570497081312	2.55853802660085
molo1266	1.10267797423373	0.974648773495898	-0.37791066558789	3.31279369226571
mong1338	-0.0540185854977727	0.899076055106816	-1.94627061338912	1.77115698418496
mono1270	-0.529490348481807	0.906448960749767	-2.57971950312242	1.04067666844555
mono1273	0.529143983164276	0.881787342911076	-1.01589151759628	2.48506048401436
mono1275	0.13384793098057	0.902905255187143	-1.69776168970871	2.0743198244698
mopa1243	0.271209047729115	0.899021437554814	-1.47642388214268	2.23986302096413
more1259	0.0137666454925986	0.868278553603156	-1.79731343949309	1.80840121597108
mori1268	0.333343587529407	0.847286485231296	-1.216269540599	2.15733826960434
mori1269	0.144186036838493	0.804656077997002	-1.42818325834742	1.8485890763101
morm1235	0.494743494394712	0.884226749474764	-1.07303322098147	2.50855381917479
moro1289	-0.353950653816918	0.920864498007335	-2.39757654436779	1.37118806209865
mort1237	0.153021882515706	0.894726593810686	-1.5266379153468	2.10627073323405
mose1249	0.3366173400556	0.927812276940568	-1.4073281857442	2.45886614742184
motl1237	-0.510202069365825	0.870910555980849	-2.45469770295828	1.05291822824774
motu1246	0.463710631523082	0.846929497957792	-1.0402555233952	2.35625151306502
mouk1239	0.600874360072112	0.858189100639811	-0.853493362008735	2.5622861478993
moun1252	0.412123551065617	0.84162313203988	-1.07174989301264	2.30201067821172
movi1243	0.67308690348047	0.982347407279601	-0.9848677785818	2.8985750238171
moyo1238	-0.259767755902112	0.901093863063973	-2.23048332678407	1.46202102536301
mpad1242	0.495344586234326	0.870895436777377	-1.06247490954198	2.4336744332702
mpii1239	0.711651626609431	0.999758439749098	-0.988265867604751	3.0206568805367
mpot1240	-0.0659865574893394	0.925834871979379	-2.02934843570617	1.80502821536254
mpur1239	-0.25054875859122	0.893339327618481	-2.23731861639822	1.44612224048537
mual1241	-0.396509933333846	0.891740150925892	-2.35879421989285	1.22729944082049
mudu1239	0.234080794567553	0.879690310994492	-1.48301375618405	2.14105708380079
mudu1242	0.0114415591396381	0.812182600428208	-1.67220235197553	1.62750426785203
mull1237	0.563584785010256	0.959051268239857	-1.05684888219576	2.78002075960184
muna1247	0.458443705514205	0.8569550925373	-1.04883747226641	2.32107928667289
munc1235	-0.163406785305937	0.911646148694042	-2.15441348265148	1.63400433370008
mund1320	0.323648288621905	0.901156411623469	-1.37722608671701	2.33594533413952
mund1325	1.10553093896863	0.993395471109765	-0.383442625345509	3.37044236728358
mund1326	-0.0496995054785922	0.832902080234398	-1.86091498607783	1.66221176570246
mund1328	-0.658078104643713	0.859059405879123	-2.55277130472794	0.77850974654188
mund1330	-0.0420869955979859	0.927445153429467	-1.99693341713907	1.84418671496426
murl1244	-0.306888979369184	0.889140135905103	-2.27618376148513	1.39446736963272
murr1258	0.506223517212836	0.953825267500692	-1.15956865134971	2.66123059235612
muru1266	-0.265968314910046	0.889785271194207	-2.24517952985499	1.42814664331488
muru1274	-0.248186750194208	0.923050905378715	-2.30961938907561	1.54294774560938
musa1266	0.229137968584669	0.817158937057288	-1.32007225204331	2.06948425552963
musg1254	1.09125563459959	1.01315533005551	-0.404482614708278	3.40822040437599
muso1238	-0.581373103776107	0.778466674708444	-2.26245571272488	0.775894279683214
muss1246	0.161939821784887	0.850514684650071	-1.52951738666362	2.01187910169209
muth1236	0.0924557150551234	0.929113360770523	-1.78467876692979	2.10578705722028
muyu1244	0.350710012378089	0.920620253808701	-1.35893819563032	2.39895748496443
mwag1236	0.324994937353476	0.838750013805005	-1.22397317920032	2.1656787172007
mwan1247	-0.0572210630587036	0.894273734541454	-1.94011525024126	1.73615048859119
mwan1250	-0.0859698409742396	0.936758107363048	-2.07546727927858	1.75266098794581
mwer1248	-0.0527180861705209	0.914000477042793	-1.96307447039625	1.8119402079424
naas1242	0.530692500581634	0.869629123222374	-1.00695605425097	2.48188158562241
naba1256	-0.508895148384858	0.768508331801869	-2.1443702623718	0.856984698729909
naka1262	0.466332915954461	0.806671398985245	-0.928548214459033	2.30760953754108
nalc1240	0.834002654128221	0.960729597649241	-0.684626683039405	3.0700165499095
nali1244	-0.265485368850426	0.76565513612048	-1.90582375150431	1.24023578481753
nama1266	-0.495493601687207	0.934887993259032	-2.62708974350273	1.16909409105108
namb1293	-0.515629352336509	0.929645422854408	-2.63989547972348	1.14077158147684
nami1256	0.834823891326237	0.922781056842582	-0.620417744632371	2.9189100689744
namu1246	-0.0379498760296155	0.909284365884011	-1.98329925518372	1.80731577040011
nana1257	-0.0214893337934352	0.938455691869638	-2.01726851107206	1.91378435702895
nand1266	0.47178674810104	0.910212312388722	-1.10775206139329	2.58307113321996
nang1262	0.0436022313482184	0.816577191505291	-1.59443667480973	1.78576187183911
nara1262	0.143820841117834	0.910880452527481	-1.62735546978006	2.08792913373512
naro1251	-0.2313342037502	0.876324004843499	-2.21055604470074	1.39606488816293
naru1238	-0.38155855097544	0.908120315188865	-2.35269162749752	1.30148048974625
nati1243	-0.211947351542536	0.827237064174049	-1.94494171301924	1.43170742144086
nati1244	-0.173380170781823	0.707020683311287	-1.7018264549386	1.17220037312585
natu1246	0.0601813891844831	0.823647343735931	-1.573209273889	1.81839337580123
naue1237	-0.6636989958759	0.938345496604558	-2.76623017763957	0.897017340568623
naur1243	-0.374816938052464	0.902196991564163	-2.35239578115519	1.28812791648029
nava1243	-0.156058739853842	0.930246417521961	-2.18091543660181	1.68389603121521
nawu1242	0.0365808336171958	0.86006537024581	-1.74702900477256	1.82714894698742
naxi1245	-0.0871446345435077	0.901817751509521	-1.94813409569783	1.76275541866007
ncan1245	-0.639892907282719	0.867136179179308	-2.60110722611801	0.86663394377269
ndam1239	-0.111812046297639	0.906194097992362	-2.04525279881671	1.70266855834591
nden1248	-0.0868772769834868	0.908358006669826	-2.05609186333815	1.73770938974677
ndob1238	-0.246305572004898	0.918513202560661	-2.28316101186787	1.45081374526968
ndog1248	-0.268586671431133	0.862202069982258	-2.18303772128639	1.34693915819684
ndun1249	-0.486970145052157	0.91798782087997	-2.53239198740309	1.19252814962641
nege1240	0.432721610896001	0.928129324285967	-1.29760108150663	2.51863897047503
negi1245	-0.0505017381032183	0.925583553234792	-2.02506601170857	1.84089858453059
neha1247	-0.0848036279510836	0.856962384301883	-1.88440361051221	1.65720204934048
nend1239	0.0671590552249216	0.811025297808071	-1.58168411391335	1.78310557851789
nene1249	0.191062451642978	0.904329052646979	-1.57702878843039	2.09633497257495
neng1238	0.0770868089754932	0.854629533190791	-1.63971358843159	1.93441258169982
nenn1238	-0.549804374444841	0.935721170328238	-2.66637687011196	1.15427372141606
nepa1254	0.353101842230938	0.808825403615214	-1.12518512950809	2.14227049842161
nese1235	0.332400960670695	0.712258859248471	-0.991815782325948	1.83441238396079
newa1246	0.293300025487239	0.820895561909643	-1.21553019260359	2.13148441096399
nezp1238	-0.00701474463704647	0.890234596716192	-1.88181852623648	1.83229033107601
ngaa1240	-0.0777147042200733	0.905761588031305	-2.06301802826166	1.71593835607963
ngab1239	-0.0560700537863614	0.942289531611313	-2.10023970260599	1.88762190502359
ngal1292	-0.0883440315670371	0.911115994058431	-1.97931512383792	1.78508206770408
ngam1268	0.393321357283929	0.855153729898104	-1.17957401200756	2.30200581175971
ngan1291	0.237123856744672	0.921293039617231	-1.50031188827041	2.24183726660037
ngan1295	-0.0847342188895057	0.901605535232367	-1.9776416930371	1.72949526892481
ngar1235	0.341092499539495	0.919419809830257	-1.35370990987601	2.39608743470091
ngar1283	-0.0436078701167023	0.948350330407213	-2.02928275531711	1.88348221437602
ngas1240	0.220115331072823	0.851749246280578	-1.39539301260771	2.07289232627511
ngba1284	-0.35258585904532	0.911708460381571	-2.38098230612483	1.31528286921721
ngba1285	-0.436180793128515	0.919437081253631	-2.50870074743774	1.25075906500529
ngeq1245	-0.152471475526103	0.921735164326106	-2.18794138204053	1.66611005472055
ngge1241	0.490229097713009	0.901115119032913	-1.14047532693497	2.52206330191506
ngit1239	-0.111401351532375	0.850925420476396	-1.95793170873608	1.57119582610392
ngom1268	-0.320731501278612	0.90313247582399	-2.32698220231621	1.38997005760538
ngul1236	0.271670683557338	0.877584572502892	-1.38019060008137	2.21886326708939
nhan1238	0.567489899098597	0.980988838638161	-1.05362433484411	2.79515011699026
nhen1239	-0.104388205117866	0.853759884097255	-1.94043322605078	1.62429887879653
nias1242	-0.204980526505786	0.878395948338288	-2.13536120586003	1.50201079907901
nige1253	0.234044218951287	0.821105757959646	-1.33251818926357	2.02681992851328
niha1238	0.108583304497022	0.928992214332033	-1.81364089696692	2.0782454312575
nila1242	-0.185499981645463	0.916408120867401	-2.1868319102391	1.60384767020171
nisg1240	0.464699973487931	0.964081686484572	-1.25640758784378	2.66204836750002
niua1240	-0.13272681046569	0.900193771849655	-2.05658864368267	1.64482230539216
niue1239	-0.122745317955368	0.891870819369263	-2.02845458926666	1.65001161147718
niva1238	-0.197936469933658	0.926628712241338	-2.19636827013427	1.65991939266941
njan1240	-0.263733041982178	0.847607170406486	-2.13831193242393	1.33872170634154
nkon1248	0.405967251045802	0.844177939847091	-1.09554128031924	2.29562237911029
noct1238	-0.152831756640466	0.938535390138073	-2.20126553579163	1.68809004535108
noku1237	0.362918540501243	0.817384383484907	-1.15818328116533	2.17925235790256
noma1260	-0.285186566299108	0.902986942393398	-2.25827725083101	1.4251168568682
noma1263	0.168061906061244	0.857076286134476	-1.52894137275265	2.01722754536717
noon1242	0.496951561868499	0.924537972776747	-1.08189549668951	2.60808531098908
noon1243	-0.62102005250221	0.872473461676193	-2.60667287967961	0.913712045942032
nopa1235	-0.59695245404306	0.911544635447836	-2.67123748562701	0.943268290744483
nort2671	-0.160775321433185	0.920135527528412	-2.14531229692093	1.65647185339283
nort2684	-0.0611224768811533	0.942520143701998	-2.05805820423815	1.86399923097207
nort2690	-0.0271862767632548	0.927197011581216	-2.00593443710593	1.90217960659749
nort2697	0.0506075729678946	0.896870475119546	-1.72739866118478	1.95597525421498
nort2702	-0.102172049062793	0.891690420995615	-1.98774494389357	1.69141602833154
nort2722	0.253493064833196	0.871536934510599	-1.44732855955484	2.14167191276397
nort2723	-0.0338169471482497	0.900801211110214	-1.94843992540743	1.79128125431243
nort2724	-0.133291924056589	0.910906483537802	-2.09900545183563	1.71921218204905
nort2732	-0.000118910753145858	0.919108916379247	-1.89363958238107	1.92622185760389
nort2745	-0.178964578355865	0.920285787431183	-2.1547548475114	1.61116343567189
nort2747	-0.00826467512710221	0.940721908887436	-1.94855044299287	1.90530495228854
nort2774	-0.452982110663893	0.907888476546552	-2.52515476570533	1.15456918988902
nort2775	-0.13946629464186	0.895317459726538	-2.10190772140701	1.59865743340393
nort2795	-0.0442409180350725	0.945202559655806	-2.04879539368077	1.90717394302394
nort2839	-0.23534681410946	0.709567999070765	-1.74825253293306	1.13338763185798
nort2845	-0.0990781590779839	0.916957558797689	-2.12451077904833	1.69260788718977
nort2847	-0.129752925151007	0.778692964732856	-1.79546373339257	1.44900953462475
nort2864	0.570136333986916	0.885672192320821	-0.957628595596014	2.59106994168175
nort2877	-0.0690635443247513	0.785897530130568	-1.74320152179103	1.52459378144722
nort2885	-0.521954585146376	0.902246327417989	-2.59434123972423	1.05053655743098
nort2930	-0.166848710596534	0.860644533523291	-2.01202025848387	1.54770361251267
nort2938	-0.0739865143778936	0.914079528266166	-2.05765903043723	1.79423641998084
nort2942	-0.0079567865660235	0.932499624610008	-1.93208645979562	1.93666072049472
nort2951	-0.0753183665220518	0.879048016469705	-1.96569580772942	1.65431040956719
nort2954	-0.0244207483386853	0.893491944743002	-1.90233760005244	1.82351478298454
nort2957	-0.255055386389147	0.838480636760499	-2.07700026988922	1.3784878012665
nort2959	0.114670966193516	0.898071881437574	-1.72415051916141	2.06947940779638
nort2961	-0.209892811665194	0.864496521043871	-2.14445005391278	1.45525568768844
nort2972	-0.19264469784339	0.90166668260652	-2.16259572852863	1.58142722369504
nort2980	-0.00145844350179869	0.85613216107915	-1.77830840076457	1.80182705761877
nort2994	-0.112088231666617	0.930365593002345	-2.11732839774523	1.73156597289492
nort3047	1.10730012440197	0.978680790305046	-0.361239721973805	3.27815785603816
nort3139	0.297214828301084	0.879163838714953	-1.31464743099529	2.21999572148609
nsen1242	-0.0335293323415915	0.934321369342547	-1.97142423271596	1.83829853472897
nucl1235	-0.0124916141864475	0.895739999755275	-1.88375391613748	1.81050841912555
nucl1240	0.723939974950804	0.898755413694638	-0.749074783395563	2.7775353977781
nucl1301	-0.0157342357081654	0.925147914575768	-1.93220715915404	1.92769628083947
nucl1302	-0.0769565024614618	0.880891699007536	-1.96474179828092	1.72996743118325
nucl1305	-0.121956290341138	0.93820747210267	-2.0638943127279	1.76792384408679
nucl1310	-0.147452839022284	0.927686443808109	-2.08180669616105	1.71556149017284
nucl1327	-0.0241603374436551	0.905044617359013	-1.90931744204602	1.83031494297239
nucl1347	0.440032952743901	0.899348533781019	-1.17449476846497	2.46562656327129
nucl1417	-0.253910232787273	0.830966335375788	-2.02143369130737	1.34687871327123
nucl1452	-0.200893384471083	0.905111884303918	-2.18816707986602	1.50587922719505
nucl1454	0.364507646397337	0.903280834667978	-1.27968666620752	2.40580661224723
nucl1458	0.332019677908816	0.82512088955895	-1.21684551376456	2.18985601543616
nucl1460	0.0780215033776133	0.854146463047346	-1.67091792714549	1.84440498593017
nucl1593	0.992405566554423	0.960959571083064	-0.479731876170623	3.20747422207822
nucl1594	0.0449477185651221	0.866869315132743	-1.7384310370581	1.82583807696692
nucl1595	0.487368474805384	0.861894322988745	-1.03874282833435	2.40617477424545
nucl1630	0.56604686380751	0.88043945159689	-0.957461305341779	2.58438102743705
nucl1632	0.952524823801797	1.0318180113109	-0.661908616279932	3.32229055075004
nucl1633	0.908649993753414	1.01213982056507	-0.664898135730308	3.22737288758993
nucl1643	-0.0245725941885802	0.931351148715483	-2.05377074116126	1.87751578882115
nucl1706	-0.359653905628655	0.902471223853199	-2.40464988406966	1.30147994247677
nuer1246	-0.100635438073434	0.908361401460935	-2.00368552544884	1.76268946905958
nugu1242	-0.253578763357778	0.885628896698663	-2.19499745538466	1.46556883967567
nukn1238	-0.112865109287677	0.750390760162264	-1.64828641179306	1.41720303718693
nuku1260	-0.0947333412194973	0.889355132135855	-2.01425190750079	1.6873707942305
nung1282	-0.0839937975870982	0.864459007098064	-1.87839418410363	1.64442473389235
nupe1254	0.144045510743528	0.878987919407101	-1.60638308823665	2.0248025365803
nusu1239	-0.146292467625365	0.879838011770402	-1.95850467610871	1.61258673756854
nuuc1236	0.325798618592078	0.905251093764995	-1.3416692865931	2.38605866265002
nyah1249	-0.158309511629094	0.916228676743516	-2.17480570220488	1.66097233166908
nyah1250	0.0623354466327085	0.91560027377458	-1.77264745408818	2.01694225242394
nyak1260	-0.106580476331784	0.918829365938738	-2.1188729760197	1.68477550720416
nyal1250	-0.125527734665329	0.851869761882527	-1.98459915651014	1.56763799107341
nyal1254	0.279277397283626	0.876378767546916	-1.3940825100017	2.16194420708106
nyam1285	0.425604034740282	0.832958085860309	-1.06462194470471	2.26309520271857
nyan1307	-0.0407759471975472	0.899683813412664	-1.91474926370758	1.81378504655755
nyat1246	-0.245720618248582	0.926084337998161	-2.26874072799037	1.52671804451102
nyaw1247	-0.147489437847418	0.920785400807389	-2.11492103586501	1.71621452443957
nyig1240	0.138972825314424	0.951781598276552	-1.78476670592215	2.16293987550677
nyis1236	-0.193418951627869	0.922275115802295	-2.22536120411812	1.62771147550403
nyor1246	-0.0360112264769495	0.88113552186504	-1.89817357262658	1.78739353169349
nzak1246	0.0224372127555878	0.835172080766812	-1.65607919908128	1.75761238934708
nzak1247	-0.085232505324017	0.86126113006377	-1.88146836434128	1.70764460726224
obok1239	0.271697642257641	0.859290993591389	-1.3794859772454	2.13159269551464
obom1235	-0.113940251257575	0.809818554659874	-1.85626330415439	1.52497441754778
occi1239	-0.215714387685696	0.891623275864496	-2.2156135160655	1.50891508623759
ocot1244	-0.219885393663219	0.865175393685451	-2.07148417006715	1.51143977621009
ofay1240	-0.11985563809277	0.899989178861597	-2.06458556039184	1.64374210982073
okan1243	-0.264559842060207	0.884088990674846	-2.17227408842711	1.44260879962814
okin1246	-0.0105037795388612	0.924023262012092	-1.93818876301792	1.97129228597574
okoe1238	0.30087487340005	0.833808221334927	-1.30837248392876	2.09014382200003
oksa1245	0.0635451302593387	0.830390865949187	-1.63139815344558	1.80000373183785
oloo1241	0.611646018539317	0.833197104256836	-0.818250731904521	2.44130951910413
olut1240	-0.321288968631902	0.90748602813664	-2.36513266733178	1.34730197559768
omah1247	-0.110425776455239	0.904040425772335	-2.09376704840093	1.71607996277451
omie1241	0.475967494132425	0.869227366038937	-1.07841478121418	2.41097375981557
onge1236	-0.0360895665452352	0.927469580355003	-1.98244035499702	1.83882639506033
onon1246	-0.042187105146127	0.932792794679803	-2.03424141284375	1.83686549358872
onto1237	-0.0420590792603312	0.873192933210709	-1.80157362956142	1.69947593426195
oriy1255	0.0491385440654072	0.843400808031155	-1.73014251196937	1.79551241597976
orma1241	0.115566254269869	0.862870192295632	-1.66315380868074	1.91093794263843
oroc1248	-0.00940498696580422	0.919705410497327	-1.96072152885035	1.96027873141302
oroh1237	0.58825327412772	0.898984611111681	-0.929373212153049	2.67052364655024
orok1265	-0.00244841515957007	0.939345068098839	-2.01138429053195	1.93694760984272
orok1267	0.219116044078491	0.875838998886633	-1.42826127315702	2.16663022206285
orok1269	0.344245532134015	0.850705054669242	-1.28317437592804	2.17756538479857
orow1242	0.0447476489513702	0.762459634780116	-1.49587455925004	1.62740994686705
orya1242	0.85886207565263	0.997339024737696	-0.744131134785739	3.16956602431987
osam1235	0.444187386489479	0.938229527063622	-1.21568697793748	2.47297627954004
otor1240	-0.121540892700853	0.92472473064376	-2.13323359503158	1.69214192753458
otta1242	-0.17370021048076	0.899269144028062	-2.16988326110233	1.52676538054659
owaa1237	-0.221082678794155	0.871178327871854	-2.11296917450356	1.4144084786866
paaa1242	0.328007439547086	0.866089223461441	-1.27939784355484	2.26658866307199
paas1238	0.207412354003954	0.884608742302978	-1.47619803326995	2.14843129172121
paco1243	-0.117899850579309	0.932995783031771	-2.14141405049439	1.76982640023054
pagi1243	-0.413466230697826	0.934923678266514	-2.54007729045129	1.28180543570742
pagu1249	-0.270176229092921	0.914766053967027	-2.26729970902816	1.50782388857673
pahn1237	-0.0763946497822207	0.944200957066261	-2.09695355031567	1.87060851525819
pait1244	-0.238901378426139	0.911809832546946	-2.22105836059158	1.53831130795231
paiw1248	0.395538160735966	0.86298723762681	-1.18180199981588	2.31867904000961
pala1344	-0.274949895135897	0.873269628848588	-2.20325549669322	1.37447387820486
pali1279	-0.427557462360319	0.904550710597192	-2.46466274451045	1.21045408929541
pamb1243	0.425554092958299	0.885716586908789	-1.16389780368372	2.43264334866812
pamo1252	-0.152247209591526	0.837017928928558	-1.94307367513874	1.51351396240056
pamp1243	-0.336200843310337	0.856739842539829	-2.21528043238038	1.2896759342557
pana1305	0.26848756836569	0.929708990713196	-1.49637016851339	2.3593714598482
pana1307	0.173990705598192	0.954720175242319	-1.67995227818051	2.26438767600987
pang1287	-0.107842495501003	0.919940373765543	-2.08597099111693	1.69006712106904
pang1290	-0.1589305643426	0.809838692217449	-1.87827897177212	1.46673410151049
pang1291	-0.353836973712079	0.904247974986186	-2.400316889748	1.27635685259741
panj1256	0.375018408030198	0.904769700669903	-1.35226587003158	2.46031888731721
pano1254	-0.106175644653863	0.932613061931854	-2.07948867057852	1.77209768029534
pany1241	-0.12049589304424	0.895386709390362	-2.02704773596455	1.70281903139622
papa1238	-0.324666436685396	0.896317719010302	-2.32919178302213	1.36398784853247
papa1265	0.343326787147226	0.801886204795176	-1.1310685939679	2.11641973028026
papa1268	-0.129357030695716	0.807951746367732	-1.84689400634993	1.46572782064073
para1301	-0.159355985212051	0.928106773429515	-2.17360399486218	1.68694283111072
para1302	-0.178143149903656	0.936139965470286	-2.20895041559395	1.6888934787506
pare1266	-0.0577857732014994	0.812243486816103	-1.75804589016286	1.63846195244415
pare1272	0.104182447856042	0.904491826542931	-1.69134151753161	2.01986490764581
pate1247	-0.587919519349689	0.784583420450021	-2.28930491289394	0.803567282842938
patp1243	-0.321465231931496	0.752200005240156	-1.92542772769109	1.11964651679256
patt1248	-0.0819249542206949	0.88720522868031	-1.90481529074836	1.75495313135754
paul1238	0.583062628393916	0.900554827173658	-0.966316178321766	2.64696378713
paun1241	0.225848893180214	0.86716588187909	-1.43817649544054	2.12126291750646
pawa1255	-0.163921100287916	0.814338418032203	-1.88424580082987	1.48233230341108
pawn1254	-0.0629441898462789	0.909066554385689	-1.96381520999358	1.80373265401047
payn1244	0.0923675479576502	0.807723963035414	-1.57104701682168	1.80062730562834
pech1241	0.12831649249559	0.930337550678611	-1.69095548673014	2.13500532448085
peer1241	0.488444748707448	0.895020903108001	-1.06378669657678	2.48217804126606
pela1242	-0.126579444615376	0.913519925493279	-2.07731852978061	1.65287199144028
pele1245	0.459919307891115	0.811152363397472	-0.954422854958876	2.30459624173612
pemo1248	-0.0534213319375693	0.900721577587947	-1.93400341886213	1.80569250168235
pend1242	-0.473862186645591	0.874734905585101	-2.45654349913895	1.06550782220506
peng1244	-0.0721578549661294	0.833671623710027	-1.79630544926143	1.58713720643398
penr1237	-0.0941861120908855	0.904177140689183	-2.01786032729271	1.71126346064377
peri1253	0.0123693055123003	0.918246660386954	-1.90320981129388	1.94745608639383
phai1238	0.230350620524968	0.914466148483903	-1.58027805612738	2.26201940081531
phak1238	-0.135526252907006	0.921679977835223	-2.0927992906774	1.63228338485346
phom1236	-0.203069554524848	0.932554115111288	-2.25575877200278	1.61498026094797
phon1246	-0.0679169055874768	0.911940346070826	-2.0120533434483	1.78586148843428
pila1245	-0.191393288494797	0.911227223012281	-2.16542983205619	1.63504401684288
pile1238	0.0211874882782411	0.815365363063147	-1.68446852194391	1.70414637902647
pima1248	0.113747662301795	0.887587474859277	-1.64714725677188	1.96915045120322
pina1252	-0.193858004967132	0.820582708571289	-1.96712852963083	1.39795376363863
ping1243	-0.631037204244227	0.894386267021321	-2.65171268928301	0.897484266745795
pint1250	-0.0833374981654771	0.906977366152253	-2.05475633550635	1.76888855116432
pipi1250	-0.0493874059182935	0.909117890185304	-1.98880741376387	1.78166256732219
pite1240	-0.199644999017179	0.907310709605633	-2.17519188642741	1.56006216020076
plai1258	-0.193288749054501	0.89368059626121	-2.13982551808857	1.50957699730978
plat1254	0.414458150883675	0.912084988692779	-1.22703614649853	2.43217049853592
pnar1238	-0.148511728067123	0.917363766575076	-2.13008266122192	1.65659544419032
pohn1238	0.0474803005822535	0.8717689320334	-1.66423343433646	1.9104371110849
poko1263	0.336528121816674	0.893630492309854	-1.35823654106495	2.31980042326297
poli1260	-0.0670607159580517	0.925791090948458	-2.05382645894896	1.82423135131376
popt1235	-0.184182702971525	0.888629248676753	-2.0925330976925	1.559890025654
port1283	0.520506451366208	0.907908217546915	-1.03821243755446	2.61811915738951
port1285	-0.271410245758889	0.718480658892018	-1.8334299672643	1.11100926144017
pras1239	-0.175977187637388	0.887361007342635	-2.03006411809215	1.50799207698596
psik1239	0.825655298823786	0.884385139195392	-0.601767951371772	2.76534412289392
puka1242	-0.117906185288521	0.90687035809234	-2.08777253539237	1.69824940745996
pula1262	0.0804507925510813	0.909007092999898	-1.73024930988557	2.00421618896084
pulu1242	0.195353287761436	0.9153057604514	-1.58207467378802	2.2062457244053
puma1239	-0.0619790123751339	0.765067944569237	-1.62503981372222	1.50643302040422
pume1238	0.159861194511592	0.924252052328103	-1.60493942935986	2.2021653857115
puoc1238	-0.0946520472590138	0.91964180988403	-2.03756924003724	1.77359464998188
pura1257	0.0855694185605843	0.870134987070118	-1.65850896516247	1.94589280893015
pure1242	0.28806889158912	0.921001500179705	-1.48164838849437	2.3008501336217
puri1258	-0.107299039990463	0.891373111074643	-2.01185238625095	1.65968023116619
puyu1239	0.375272021360429	0.828319199782142	-1.14016977465978	2.22600811574731
qanj1241	-0.115193927787144	0.900530292234353	-2.04155952571914	1.68469747135857
qaqe1238	-0.091125379943872	0.769965866631703	-1.67428660214856	1.46325297950641
qaua1234	-0.0514308429848183	0.940467424262924	-2.00213806214565	1.91900037763168
qawa1238	-0.0630670209687806	0.925757199445456	-2.02675068036126	1.79951137558126
qima1242	-0.274767420771236	0.885975529427991	-2.2738634551578	1.42433392784603
quer1236	0.267144068383844	0.900743754547558	-1.43721993609328	2.26564555007841
quio1240	-0.260236903758165	0.851267007705537	-2.10968849330272	1.38483397070346
rabh1238	0.00651404025700875	0.886776997787059	-1.86297295899421	1.822268929847
rade1240	-0.150274871012255	0.910497310783037	-2.10832978024832	1.67289061639064
raji1240	0.134654801632408	0.86735211135802	-1.57682957085757	1.99096700963066
ramo1244	-0.239064187076472	0.725397400429295	-1.76263781957028	1.19780557130643
rapa1244	-0.122889427485239	0.911844347564002	-2.11056343094149	1.66992664140675
rapa1245	-0.0933288683372003	0.903664689210048	-2.06058087831601	1.68687976894928
rapo1238	0.185002388430685	0.78986482943793	-1.35221873834699	1.8618147815039
raro1241	-0.0882588842058325	0.881306678088944	-1.96617814040017	1.70312890169137
rata1244	0.194392773374648	0.862294710679991	-1.4869496223503	2.0857713347978
raut1239	-0.0378454260978394	0.85926574309712	-1.8501481436594	1.70122119356304
rawa1267	0.329356730934862	0.807432144967591	-1.13585006400762	2.10184893802059
reja1241	-0.315450250640565	0.889768647445811	-2.24656317041441	1.28797650225355
remb1250	0.0112598443019466	0.830947881004138	-1.69069660910287	1.73777278362493
remo1247	-0.289193248295471	0.855103746502075	-2.17178705115114	1.32529787935466
reng1252	-0.161440492179788	0.930260976137767	-2.18833614127583	1.71077947220886
renn1242	0.0170963436741489	0.871711830283066	-1.82398678427698	1.75860820091974
rere1240	-0.144477794338629	0.684304146832496	-1.59439275768276	1.16384285232301
resi1247	-0.548409869384102	0.910096950666646	-2.6019414458029	1.01149764240808
reye1240	0.231530444815081	0.905029362928267	-1.57238394063165	2.19635634076494
rian1263	-0.150300640785607	0.905244316479543	-2.1101917788268	1.61725530715732
rikb1245	-0.132635631469221	0.890594093998996	-2.10032645151985	1.59076948398639
rita1239	0.0517001748384291	0.898637374667679	-1.76300426508008	1.96314491121862
roma1326	-0.268248261464957	0.875758712296031	-2.19183261443185	1.40963746373994
romb1245	-0.426045199518507	0.942217820932952	-2.53721191235809	1.30037734249976
rong1264	-0.0557513065411254	0.887150638781396	-1.95319790012042	1.71478452435727
rong1266	-0.24927637332517	0.901756286199335	-2.19714976188339	1.50039232323824
ronn1241	0.28246449046741	0.837697853823378	-1.30162406870639	2.11037168453814
roto1249	0.319223170318395	0.79708940383528	-1.1782382904363	2.03164923496334
rotu1241	-0.202975996485641	0.889985997075707	-2.14623090547367	1.56921652112701
rovi1238	0.892574313236598	0.964849110849709	-0.628337981282224	3.07652120674796
ruch1235	-0.0905447582626	0.941977467271628	-2.08221449523485	1.76036690159039
ruka1240	0.33777722130956	0.820444953544875	-1.20358841384903	2.17765468738714
ruma1248	-0.117737288742783	0.921858324916021	-2.04741802101439	1.72525812214597
rumu1243	-0.446391108775017	0.882354558998165	-2.4233581095029	1.13818752630248
rung1258	-0.0284974188729019	0.921200581125127	-1.9874949201662	1.83100545439771
rung1259	-0.458371891424868	0.887297183924487	-2.4414133269519	1.12400296514563
russ1263	-0.0950265423736243	0.922780039711228	-2.0584854009087	1.80066736725707
russ1264	-0.0229034442933249	0.930632986985951	-1.99641964389243	1.89464749716125
saaa1240	0.635987572477965	0.905723926859299	-0.879625813607607	2.7263228206144
saaa1241	-0.149700640777841	0.718989458666502	-1.63745912817551	1.31229915148292
saam1283	0.627659919203013	0.983357441292559	-1.02582302805815	2.88110769571074
saar1237	0.0575252811086702	0.803947535460612	-1.55019663181298	1.77784618530562
saba1267	-0.038376866534649	0.805510464735092	-1.74240002561989	1.59060150580292
saba1268	0.147388217684455	0.898398683179271	-1.66174544283962	2.11234039755035
safw1238	-0.0985981800128685	0.923170627172914	-2.09112096880859	1.69817179783115
saga1262	-0.105689082994534	0.896627466125331	-2.05396314773579	1.66506752024154
sais1237	-0.388052656695286	0.857133143798109	-2.33571072430944	1.12950909880207
saka1289	0.327635651052794	0.773629368269664	-1.1017375897393	2.05451545175686
saka1291	-0.245570319616938	0.921648962743234	-2.27751838803167	1.52901862790804
saki1248	0.0285696115723197	0.907299750741585	-1.85545495501612	1.89226250559229
salt1242	-0.190920362361128	0.804617173969679	-1.93634189337811	1.42188765103321
samb1311	0.46246093796092	0.85672024101187	-1.06123195798804	2.42009956877882
samo1303	-0.2283663584468	0.87811252536186	-2.18383077059854	1.45805078665487
samo1305	-0.10891414343628	0.89094018912873	-2.04720806116977	1.67755556431445
sana1295	0.197612421732244	0.883560230733727	-1.48095103925292	2.13465838680678
sanb1241	-0.340468674962493	0.872872823939913	-2.29009072021729	1.275357570996
sanb1242	0.172762023333938	0.895676272158885	-1.53842857613149	2.10048783411676
sand1278	-0.232985043009038	0.89849796343017	-2.18472477438516	1.46662040813473
sang1321	-0.217173464273433	0.888210849251245	-2.17079465624603	1.4724649177793
sang1330	-0.117619750706786	0.90045223925498	-2.01972428887459	1.66788520345061
sang1331	-0.0610542742615337	0.931584061092215	-2.00504203044392	1.83612127429957
sani1269	-0.14368838628718	0.942264970765428	-2.1596998849565	1.68368549458127
sanj1284	-0.150016977677172	0.846013978242552	-1.89633944495649	1.57340278506627
sanm1289	0.0802643504119882	0.916126298353056	-1.78981617778057	2.0535070373993
sanm1295	-0.636385461235283	0.911864800724787	-2.70149178556532	0.886475497331606
sanm1301	-0.219677552682677	0.874527203051401	-2.14303318417095	1.49692005018927
sant1410	0.102423996406186	0.860652486009132	-1.66895179742137	1.90418429317183
sant1436	-0.739505318900171	0.936940887252799	-2.88494603932413	0.760194248565657
sant1451	-0.11949175639895	0.86949592810755	-1.97354689851568	1.62681704937223
sanu1240	0.0159093591488242	0.933975682763274	-1.85979502575176	1.95499837836411
sapo1253	0.140815001780639	0.802465412116235	-1.46912676720914	1.82712419666878
sapu1248	-0.163169235238623	0.912765470756876	-2.1712497974883	1.6379122887027
sara1327	-0.225556123828889	0.905978134204061	-2.25181912956451	1.52281065038075
sars1236	-0.128890948212642	0.941304900207784	-2.16322664500047	1.77186934392112
sasa1249	0.430411125231601	0.90198072286495	-1.18007084331911	2.50208785411181
sata1237	0.201065234228998	0.901242125198255	-1.55200664340271	2.18842597802296
sauk1252	-0.384539669803224	0.757425559508604	-2.00698862236512	1.00839811450144
saur1249	0.146508576441356	0.857286611618327	-1.54360030565045	1.97371991651082
savo1255	0.63617864616895	0.884656757179478	-0.881994172548044	2.61547647261086
seda1262	-0.15500891472186	0.933247289760952	-2.15894341859367	1.72036718502542
seim1238	-0.185523674038178	0.876034495376985	-2.13007869013105	1.49483545140728
seke1241	-0.108793572692889	0.723592065981214	-1.62117180977447	1.34228200077592
sela1259	-0.248031374914965	0.900672242199871	-2.21273597670624	1.4151598574424
sela1260	0.713490446012167	0.910359376642055	-0.773197578096645	2.73761442902316
sele1249	0.431854900372489	0.849769320172382	-1.08182758010644	2.38981214653556
sele1250	-0.137445924471531	0.759974779936829	-1.67465168099101	1.40452041582644
selk1253	0.212750080644948	0.899811193043099	-1.5406240242103	2.15626641089994
sema1265	0.161739296075848	0.949431409227538	-1.73835087462019	2.18143413792129
sema1266	0.0403465036799495	0.886408564336992	-1.74531693505143	1.88552191781351
seme1247	0.61735691361745	0.965321365356812	-1.06528605828654	2.80712410762267
sene1264	-0.0405942669851675	0.943921481263887	-2.06394569152092	1.92144458924501
seng1281	0.622785311515495	0.893320910601095	-0.88552894014017	2.58802707113054
seri1257	-0.196365072143143	0.904162707697301	-2.17593661672492	1.57450027468504
seve1240	-0.202813174285053	0.91482237171364	-2.15838848653443	1.59422721527775
sgaw1245	0.0872645007720627	0.92904231035237	-1.80136149826036	2.0277634267012
shab1252	-0.647578955142829	0.950371083582565	-2.78696965306232	0.910959236737462
sham1280	-0.178151946349828	0.9064091212342	-2.16751260940143	1.60558195796227
shan1283	-0.049704520231761	0.923176074326673	-1.9888995595273	1.82111010998196
shaw1249	-0.174711934186572	0.883611548472418	-2.07406612215288	1.50274244831334
shee1238	-0.0260729099113307	0.971991008731813	-2.12273367205217	2.000593180869
shek1245	-0.47743741216808	0.914553605827088	-2.53608696222488	1.11948027698116
shil1265	0.0160276706939822	0.880538041271664	-1.80095367343186	1.78747134090083
ship1254	0.00844493722757385	0.907745202072563	-1.83582871505656	1.91564362196355
shix1238	-0.0285780995716918	0.896876684810192	-1.86765732255531	1.84012873242406
shol1240	0.0533436688612422	0.90100565320237	-1.79932592609392	1.89834741977442
shon1251	-0.0363872173226082	0.916715214713851	-2.00459765207291	1.82656377155642
shor1247	-0.0140689488517989	0.966423150169263	-2.10832441072592	1.95210334736219
shos1248	0.00565196972213901	0.942354141965296	-1.96646735245746	2.06832273837195
shua1257	0.17194685383556	0.918608952151236	-1.61378721323056	2.17387263322056
shwe1236	-0.126323850806602	0.91959485792014	-2.11682509802989	1.69463303580092
siam1242	-0.146387061531696	0.821881958108788	-1.86489301263443	1.49773201854611
siar1238	-0.298872772501985	0.779473742005541	-1.99650875309849	1.18878945320228
siaw1243	0.8320878108852	0.920138358295722	-0.621028308345888	2.93305436082465
sich1238	-0.0601172974871659	0.913768965099624	-2.02805613188606	1.81687001858974
sici1248	-0.32201343772825	0.914173044082321	-2.36758482822515	1.40797092630372
sici1249	-0.20116302736591	0.841656480007438	-1.97285961521196	1.46990494067787
sida1246	0.349376564329212	0.889659622307853	-1.23532493799932	2.36692870815827
siee1239	0.114197984958348	0.806196900220728	-1.51742455286961	1.85551299397088
sier1248	-0.269292291752175	0.886906738242736	-2.24826605095719	1.42136879841511
sier1250	-0.225048116940089	0.846193470920193	-2.06873830181597	1.3951422041405
sika1261	0.0793955173593398	0.868143184989577	-1.63465617401336	1.91427853803258
siks1238	-0.337110106085532	0.898812819318965	-2.3220178165603	1.35465327292929
siku1242	-0.252414218288787	0.890356385922927	-2.27859636393695	1.45806094631424
sile1255	0.263775037236124	0.817851017770367	-1.25211843109549	2.04796201105384
simb1256	0.696643166520188	0.920045024829332	-0.885286517803581	2.78628644162072
sina1266	0.512332139811717	0.854321182913832	-0.979227386754143	2.42879045391537
sing1264	-0.141793500924703	0.942309136690649	-2.15644044713062	1.74051532026708
sini1242	-0.0592850334221325	0.909408006401779	-1.95953803751197	1.81485780132467
sioo1240	-0.0536568388253055	0.768810423710871	-1.59718198839979	1.55471999863248
siri1273	0.0797350438551618	0.91670177496286	-1.72467777577817	2.07074754531672
siri1274	-0.520777791529611	0.966669078907997	-2.76170230303762	1.18710857617288
siro1249	0.549257716874366	0.854807309943798	-0.905999261427066	2.50246289914616
sisi1250	0.239932677007731	0.839484612919461	-1.41566415419975	2.06029751401477
situ1238	0.221342695649475	0.831041665081942	-1.4054894726073	2.04560638349353
siwa1245	0.547928442325988	0.88580991696169	-1.0182588626202	2.57327534724981
siwi1239	0.138696832027691	0.910229409082465	-1.66685833312484	2.13129594490081
siwu1238	0.422850610911229	0.851591415016848	-1.1036814896515	2.38880150747365
skol1241	-0.126203710919672	0.905012652577684	-1.98517853597761	1.66116039879929
slov1268	-0.0244288203239573	0.923028988521894	-1.97374984023467	1.90579357772082
sobe1238	0.502901563505126	0.863240275395282	-0.999031733882533	2.48420645974268
soch1239	-0.286816713095658	0.861175566208438	-2.17306510096513	1.34835433015874
soga1242	0.761199934053223	1.00634061834189	-0.82792632341669	3.07882237663553
soma1255	-0.125965559657002	0.913548614901629	-2.0856875723263	1.68584445333304
soni1259	0.0126466499357401	0.918411421168389	-1.87596916265842	1.9209360149977
sons1242	0.143988860049733	0.898411604798209	-1.59569917469821	2.09617726896268
sooo1254	-0.0874498306990146	0.926231416009814	-2.0489366466659	1.77381663391467
sora1254	-0.00785525898068873	0.811749757584382	-1.64195746402087	1.66223015077651
sout1528	-0.00863477050655154	0.926261445079637	-1.93579073436056	1.9160848475886
sout2649	-0.188947736424213	0.919187084464828	-2.19476312334894	1.64259878703876
sout2674	-0.109649666920734	0.90913054096595	-2.00839386955329	1.77494701466713
sout2679	-0.205181276169872	0.892513937479705	-2.17546179515223	1.51021338542748
sout2715	0.369356136833368	0.814780272690047	-1.13323134755492	2.19531898583837
sout2728	0.106524826896883	0.862809944656782	-1.62784450661912	1.94015028900681
sout2729	-0.0864054596982372	0.87912956180269	-1.94682567264356	1.67470811161445
sout2730	-0.147353734768171	0.92038078053598	-2.16627845304896	1.69916193870856
sout2741	-0.0357329678851666	0.959183556631592	-2.10344023711478	1.95322182973011
sout2782	0.918196316401773	0.945626368310809	-0.583868229043903	3.05166117251689
sout2807	-0.0433672157970376	0.919806594258284	-1.97559632511696	1.81057435856153
sout2826	-0.154311189278918	0.92160230593083	-2.20691179565723	1.63494381156744
sout2856	0.032225045248182	0.789411260847876	-1.56611221957604	1.64621800064055
sout2857	-0.180166964959802	0.713760419102261	-1.72987993533111	1.17306890517415
sout2859	-0.25189719586944	0.725247694473141	-1.81360045286798	1.12764363828428
sout2869	-0.127813280586626	0.782097886244215	-1.7990760913206	1.42957500468309
sout2895	0.567120178561996	0.87000100553218	-0.967282031700034	2.49649717616281
sout2896	-0.106015634361701	0.788079376736265	-1.75204655148385	1.47806185144967
sout2918	-0.320318249147804	0.90918676253308	-2.3649045104939	1.376234032229
sout2949	-0.530974527046763	0.918447418725592	-2.57921731046861	1.09206867836791
sout2954	-0.0189365592400003	0.90694475149781	-1.89394271904874	1.83634722769591
sout2956	-0.0475933210058131	0.939138944986743	-2.01815427323798	1.88334722906152
sout2959	-0.00854408892240697	0.943748886865387	-2.00131104233687	1.92935933229085
sout2976	-0.130816241900248	0.919510475364919	-2.12872755048784	1.69960425596154
sout2985	0.239847089778252	0.890072776135224	-1.47144037533562	2.20039137416319
sout2994	-0.0454145011734988	0.902063071800418	-1.96639660196156	1.7732370372413
sout2996	0.196710193238592	0.907483985734894	-1.56901665014831	2.20862536685898
sout3236	-0.169028087100923	0.91837041196084	-2.11896573889667	1.60446282002941
sout3261	0.0755895738456005	0.893718012700739	-1.71453212802447	1.96289443884964
stan1289	0.462467867505681	0.92611273479049	-1.2347819155976	2.53822833521661
stan1290	-0.185614128485586	0.871351924921439	-2.09189169394338	1.50282407098937
stan1293	-0.105983568163159	0.916598147934079	-2.08065346410164	1.70341871021155
stan1306	0.231665437407472	0.903704238461583	-1.48055739322382	2.20849377092817
stan1318	0.210878216619161	0.875786853748073	-1.50737030166391	2.13239646414408
suab1238	-0.291749087288051	0.904052961740092	-2.25409945777149	1.39302831940448
suba1238	0.341409373452389	0.895194078661853	-1.32120184863373	2.27148074479084
sude1239	-0.137262643422194	0.871371636680075	-2.05770862135121	1.62673846007091
suen1241	-0.17931609097951	0.810769379908698	-1.87631580862169	1.41207749195772
suku1259	-0.0459489407578541	0.94742694627266	-2.0700220401565	1.8757888154025
suku1261	-0.0338823226509154	0.915906760671366	-1.93884981125431	1.83767100959181
suku1272	0.902043586291556	0.912525746573638	-0.544139983934944	2.96625261013113
sulk1246	0.0984888093086355	0.784069031362065	-1.45614145136466	1.79431450206377
sumi1235	-0.225911659820785	0.900744531230448	-2.22518045592677	1.5156245725722
sund1252	-0.125714351048151	0.872808591599723	-2.01888743524865	1.58793953220472
sunw1242	0.192380824120655	0.792141323206518	-1.34486441614046	1.87599499754042
supy1237	-0.196614726183083	0.880608573189569	-2.05500240738016	1.51975755225343
surg1248	-0.231729400075126	0.86719829345015	-2.09907707781333	1.41166962177613
surs1246	-0.265248358079604	0.749811170542904	-1.8607211526946	1.22520338654145
swah1253	-0.110485464122504	0.930169727032122	-2.07826956781449	1.75198375488476
swed1254	-0.0175330343161483	0.969477647328926	-2.01096337084467	1.97514041834326
taba1263	-0.228378813805042	0.911871219124138	-2.17787348110496	1.57375914236141
tabo1241	-0.578357353297718	0.944000691939988	-2.74436862588496	1.03950773082449
taga1270	-0.340094989178504	0.887193337217558	-2.32550314901087	1.29733821776452
taga1272	-0.156343696352471	0.835997342569904	-2.00912374614274	1.50403779935507
taga1273	-0.186001411888187	0.839843740751585	-2.03777881812147	1.42527696661307
tago1246	-0.105732180721422	0.935579546984227	-2.03660619947659	1.79240926271548
tagw1240	-0.08210369973092	0.938032120163121	-2.04201766561611	1.82675279257967
taha1241	0.138023581366244	0.899739936005054	-1.61379275828682	2.17448077494475
tahi1242	-0.102954567026316	0.88178232760886	-1.98944470083502	1.64497494856866
taia1239	0.364731059666936	0.854431408818996	-1.22229118621874	2.31295457504983
tain1253	0.0533308926638716	0.830982999844829	-1.57674734241542	1.87725584456428
taji1246	-0.454013292962182	0.87457346543261	-2.40328914425376	1.08533536857156
taki1248	0.477527058334662	0.83935910339168	-0.984198943692083	2.41677005221598
taku1257	-0.0323927087652458	0.881096028600108	-1.92254517380947	1.76071212316332
tali1259	0.720551387525442	0.916815745796825	-0.759106340782161	2.8173881105223
tama1331	-0.0587316768370505	0.916650026671886	-1.97765131290921	1.81828585339295
tama1365	-0.0966303353113722	0.868912363805829	-1.92359802677605	1.72528636706493
tamb1254	-0.357808351755967	0.85831307416782	-2.24372989138572	1.21918923274745
tami1289	-0.0360158026940948	0.904763703605775	-1.94201012710072	1.82762157991391
tami1290	-0.497234816076238	0.794093829761021	-2.29177116304986	0.924799982666363
tane1237	-0.528283764023756	0.872971243437051	-2.50351084893095	0.982395134560848
tang1336	-0.268793781363966	0.883918152477986	-2.24146987584098	1.38715985420454
tang1347	0.475770182987133	0.745311531702418	-0.885531817992421	2.11519000022547
tang1348	-0.305737795407294	0.819828131184041	-2.10138379035972	1.2622062189384
tang1373	0.0190921283775109	0.920196845365958	-1.89493600001372	1.90582386803476
tang1377	-0.153512159272625	0.925424325383239	-2.09118940843792	1.67800946078819
tara1313	-0.257647154859129	0.908019428669579	-2.29318342692674	1.48356725331225
tari1256	-0.596952116699133	0.936457130948781	-2.73372881153597	0.98851028008886
tari1263	-0.632836107068234	0.968461856636773	-2.82054627989603	1.00469897557379
taro1264	-0.159940718267478	0.823652607166836	-1.92505530979484	1.43563719577571
tata1255	-0.176672489933937	0.931112246985176	-2.22403348557708	1.70462538687763
tata1257	-0.103620520812926	0.803016354066406	-1.84706710135856	1.50327106498748
tata1258	-0.779094435918429	0.947505321348962	-2.95562477992409	0.685708085129953
taul1251	-0.142456548981464	0.737293683633369	-1.68653681751013	1.36480706407675
taus1251	-0.381593109756007	0.903017993086397	-2.43668593281646	1.2340413673115
taus1253	-0.0446890877755594	0.901475442070028	-1.96449949848195	1.80861201837141
tauy1241	0.222060742134202	0.795566690780126	-1.28284417303803	2.03550951067407
tawa1275	0.866495911779184	0.96854437036754	-0.665323181019234	3.07145402480656
taya1257	0.123977976992734	0.913545380274179	-1.67102658176348	2.13613905243531
tbol1240	-0.404718496409235	0.884525525251809	-2.43651505073063	1.15984175183216
tean1237	-0.525244808685755	0.867372263740149	-2.51658427345537	1.00344130411346
teda1241	-0.171628783663194	0.907841927464299	-2.15400056803261	1.60499543207154
tedi1235	-0.221668786025271	0.913606001650995	-2.2194857618939	1.58401357141671
tega1236	-0.0967299566164493	0.935190783483095	-2.08505586808362	1.82247928845862
tehu1242	-0.0768771228147032	0.932827851166642	-2.06903540329479	1.86182987978739
teiw1235	-0.431977798650445	0.834444917586053	-2.24741370095167	1.11853136194775
teke1275	0.185532626924173	0.904973336748948	-1.58187820947911	2.12232134294213
tekt1235	-0.177161920311934	0.865402281315796	-2.02231096442848	1.55002631386803
tele1256	0.202783807671227	0.853291084949089	-1.46781045646938	2.0166152441604
tema1239	0.182655128176068	0.865691999520888	-1.53317796577721	2.01469950993635
temb1272	-0.39070269537484	0.926173437160565	-2.47458830627595	1.285791156027
temi1246	-0.0531489128258728	0.908071265234093	-1.96712835807326	1.76934397236878
temo1245	0.211743572351913	0.867355973455544	-1.46468379460397	2.09268914005138
temp1235	-0.482494052679939	0.886256271734427	-2.48401729998938	1.07141885885902
tene1248	-0.11451897748338	0.939109474937661	-2.06926704249618	1.78603748590954
teng1272	0.290370820468063	0.90342416365764	-1.41058503479236	2.30009217974314
tenn1246	0.146085753462546	0.91207634294783	-1.61611455810312	2.14092554642655
teop1238	0.161936030014452	0.788192352632956	-1.39577967767834	1.78819845667801
tera1251	0.0151469841370981	0.827463038982725	-1.69532918527567	1.74151548039097
tere1278	0.531545060277506	0.882628226372018	-1.02820766445349	2.53396991487567
tere1279	0.0171567994472305	0.902020901445604	-1.79792636367714	1.94680040383418
teri1250	-0.0808583672629182	0.925378288512175	-2.00885000027819	1.81643720445068
term1237	0.0800325471237432	0.827326238648218	-1.57197007067153	1.86082749467758
tern1247	-0.288790654111596	0.924903120446012	-2.33299774948429	1.4878223338647
tete1251	-0.0275239155073278	0.873647386360169	-1.85035012912051	1.78392991902673
tetu1245	-0.735044956906679	0.919465114934283	-2.888478732935	0.761655265354283
thad1238	-0.242442317372415	0.903913006866518	-2.23213885048224	1.50555543754264
thai1261	0.00509461305954533	0.936382348969944	-1.90991204858801	1.91258224180959
thak1245	0.0482643147661419	0.823316099868165	-1.66677991002026	1.75851724715049
than1259	0.382551201287002	0.880717745823599	-1.2346286817567	2.35429337443789
thao1240	-0.140446080522543	0.80814190542949	-1.82625072504555	1.45888929144381
thar1283	0.286790758298082	0.897077871849423	-1.42730838473902	2.25569578947689
thay1249	0.0348750362814634	0.879536270756079	-1.81814003937137	1.93732010886102
thul1246	0.0455852123764957	0.78219209467549	-1.53904622720452	1.6824311491823
tibe1272	0.188117879405369	0.923599960915756	-1.61265122251865	2.21289235201941
ticu1245	-0.091399465390542	0.928083995975772	-2.05479023666856	1.75045957715441
tido1248	-0.334767928100578	0.917797429151216	-2.36105806227016	1.41251364646818
tief1242	-0.0464315767776778	0.802515196721549	-1.66571463089697	1.62780769203385
tief1244	-0.00490015345692348	0.799690536604895	-1.60853872868187	1.6816180880299
tien1242	-0.0296330599335723	0.899466821497873	-1.92444927777666	1.81154652445057
tiga1245	-0.0888035242322153	0.781696206336452	-1.68497036719984	1.49760401575843
tigo1236	-0.535447054625956	0.849727917252373	-2.43948940108685	0.999946088288479
tika1246	-0.140768900598096	0.863796855230618	-1.99276442633546	1.58408861610476
tiko1237	-0.0794563756992765	0.889512196379528	-1.95655089953452	1.7382550460142
tilu1238	0.169676578303184	0.769756084170652	-1.32623884945478	1.80339155632409
timn1235	-0.320616143761292	0.910470038331897	-2.38044319454584	1.35775767330583
timu1262	-0.0280142377734211	0.823482397686791	-1.75412307161588	1.66420880010628
tina1248	-0.261124698935886	0.829984021889856	-2.04720465910184	1.33003589509042
tira1254	-0.112905010428913	0.931955363879669	-2.16209374462967	1.75657767481221
tiri1258	-0.164810811401659	0.773768991450147	-1.80519694455185	1.38623459542258
tiru1241	-0.479027712183228	0.878520256419935	-2.47325597603758	1.04921929813392
tita1241	-0.107451309643719	0.806059072459538	-1.83387458118212	1.47889786684601
tivv1240	0.000676047420055473	0.827443861582345	-1.68424324217124	1.7274244774425
tiwi1244	-0.0358672897937527	0.914898662317176	-1.91172836697437	1.83274319766118
toab1237	0.66241915900966	0.900515618306658	-0.81610716957614	2.70749534849462
toar1246	0.105872985776482	0.849302567146248	-1.52626381621352	1.97213242750444
toba1268	-0.15242046725092	0.936295150332013	-2.18178186168752	1.71244002840459
tobe1252	-0.291458602449646	0.913919879846696	-2.30688513310779	1.44559902151537
toda1252	0.161469267536839	0.889698556870854	-1.63108938523935	2.0977059734458
toho1245	-0.0553150105968737	0.934914160164594	-2.03022911349794	1.82591504899939
tojo1241	-0.0397814018867511	0.892604248874334	-1.86978360418924	1.85165593869634
toke1240	-0.118415610613544	0.925964778107467	-2.07815271058556	1.73491033917745
toll1241	0.0785984008457893	0.897723533759927	-1.74518703726453	1.96078860434424
tolo1255	0.446093101965486	0.785121309836417	-0.945288202532112	2.20936719386953
toma1245	-0.137298443418544	0.930947247746227	-2.15816933505032	1.73733087734387
tomb1244	-0.496577282027964	0.90639858761558	-2.6338198304401	1.08338933703946
tomm1242	-0.132857795163402	0.940490458411912	-2.14915558995451	1.72491499471991
tond1249	-0.113488337163331	0.909442608449689	-2.05598510836559	1.69744329291961
tong1308	-0.0761028449063051	0.907609068805046	-2.00515107286155	1.79077166449395
tong1318	-0.0460123003487059	0.936808603739268	-2.06952833167931	1.82524420762745
tong1325	-0.107349803947153	0.897514917684273	-2.04646755819422	1.63884854374534
toor1238	-0.0650317354978947	0.861069700908579	-1.86751851755227	1.71981382883547
tora1259	0.48299883169196	0.839633013597076	-0.962818516494831	2.32676097345371
tosk1239	-0.215641719586571	0.920997651970703	-2.27598863824795	1.53899145864714
tote1238	-0.0623288771476541	0.922758563634162	-2.03886046613535	1.81185028771523
toto1302	-0.0722563900115181	0.896252424780023	-1.98085925894956	1.73608126589346
touo1238	0.876915804048278	0.981916538680668	-0.667482624500321	3.10202199148564
trin1274	0.233308847383268	0.88336569499026	-1.48113386249347	2.1698607542205
trio1238	-0.102812849254131	0.894773601913579	-2.01436911423456	1.68633905586818
trum1247	0.322941810277793	0.937102959251015	-1.41523350134115	2.41166514911907
tsam1247	-0.383669510135296	0.881341425858469	-2.30206001267023	1.25884404665984
tsat1238	-0.0464515718303524	0.911467770293997	-1.95828682447124	1.77264409263549
tsha1245	0.179210560352517	0.925614803178306	-1.69016102013047	2.16355166412108
tsis1238	0.46100675438651	0.931446609020012	-1.15111884274274	2.56784758933163
tsix1234	-0.0902271306636291	0.918110272855848	-1.9985005157221	1.75740498623026
tsog1243	-0.0150978720074886	0.905224756948512	-1.91956318820528	1.81955220115726
tson1249	-0.0275947083217598	0.916712717942101	-1.99902059529955	1.8539325816345
tsou1248	0.0874755620619925	0.800508389530974	-1.50864525139651	1.78268878427279
tswa1253	-0.0589363513105619	0.927836551865603	-2.04004002087608	1.82326611228958
tswa1255	-0.0210914588052511	0.934970470059523	-1.99924187070112	1.87758866511869
tuba1278	0.471306130012098	0.92998277205792	-1.14950556087353	2.562686190625
tuge1241	0.417450274683439	0.901781508625435	-1.20951841343467	2.40020287413226
tugu1245	-0.610370462198166	0.927255739233582	-2.72002126248144	0.93052914623232
tuka1248	0.463930884442356	0.889731298476928	-1.12833252014009	2.43592841893714
tuki1240	-0.192756004128839	0.887040329297232	-2.13209227437839	1.50435420816566
tula1252	0.463490561182484	0.782652083222642	-0.966507327615288	2.17851323606842
tulu1258	-0.110492026894311	0.890822399860144	-2.01516187670086	1.69397741297763
tuml1238	0.466369431036227	0.806156386587118	-0.983100166654638	2.27497162069601
tumu1242	0.122616520134114	0.875160251892762	-1.59537796010741	2.00578900309233
tune1261	-0.318257013455439	0.919607515467466	-2.34375351078579	1.42016359616299
tung1290	-0.154946935131468	0.855453471720485	-2.0293747260906	1.55121135647892
tunn1238	-0.153331066763955	0.889110422451925	-2.01242225055686	1.62044208912514
turk1303	0.00801722625803855	0.950748688284699	-1.94351118088764	2.03061295957756
turk1304	-0.00282477437385395	0.938730288562381	-1.87908596172843	1.92325750700691
turk1308	-0.641770562641549	0.950696216251081	-2.75187396819313	0.958138602932951
tusc1257	-0.0509811381327902	0.922284091392958	-2.0189732320557	1.77089650431075
tutu1241	0.401288678894445	0.736064112178146	-0.927022079906851	2.01388539446331
tuva1244	-0.0981448818852308	0.868387927228335	-1.98370589663754	1.62214463980209
tuvi1240	-0.020481464452076	0.905709261061511	-1.96347560310078	1.79295217736071
tuwa1243	0.0284919864347986	0.750147288577571	-1.53242060896607	1.49518658477933
tuwu1238	0.394932038603028	0.853826527074621	-1.14861752541346	2.32196562675638
ubir1237	0.806516531873857	0.932127174461726	-0.638172707969583	2.89141813059399
udih1248	-0.00832994462662599	0.935195773111238	-1.96097265109025	1.89091569052729
udii1243	0.251717064072069	0.920150298843227	-1.50812600922527	2.29714187399358
uduk1239	-0.26985450626616	0.90373459515166	-2.25896285373591	1.46972794481703
ughe1237	0.900321133398504	0.978346379692142	-0.612526438836194	3.11033074013208
ugon1239	0.00610943124905211	0.959011091510128	-1.98177894239888	1.95842571843936
ukaa1243	0.285193627952208	0.82841912893258	-1.28101696127758	2.06671314155915
ukra1253	-0.0521367253155543	0.925791726631081	-2.01836556979118	1.85259708136341
ulch1241	-0.061470281123073	0.940228272464858	-2.00897386419798	1.88586303997455
ulit1238	0.226704179380591	0.888637321815406	-1.48023559113472	2.2202035492319
ulwa1239	-0.208676077948087	0.918811974628725	-2.26254427410446	1.51678149480858
umaa1242	0.0298358054594022	0.80861715479544	-1.60684532107414	1.74164181478803
uman1240	0.8523020704013	0.935107792687974	-0.642024344743905	2.89063685990513
umbu1257	-0.0310028379108856	0.934712245658846	-2.00562812209377	1.83926918341378
umbu1258	-0.496778183252288	0.861751825614091	-2.42998028336703	1.02416885826491
umes1235	-0.164290878924987	0.887616305299055	-2.0491565948108	1.57038639160415
unaa1239	0.703665752611174	0.921133137141222	-0.849965108110704	2.76063414300904
unua1237	-0.104068464894812	0.677315220649241	-1.53836036700177	1.24061576989045
uppe1275	-0.295827453188209	0.842384285643897	-2.12610360625384	1.26292912401576
uppe1427	-0.394688329973404	0.89594821402649	-2.40815700872467	1.25398603844318
urak1238	-0.0656574581950006	0.905796104518615	-2.01760013864496	1.77533629822959
urar1246	0.0562966970902942	0.884816138079963	-1.80552611661695	1.91266876293364
urav1235	0.15163325795583	0.820912691523367	-1.4624158750339	1.9656840669739
urim1252	0.338972188604943	0.827248095267471	-1.22468362447411	2.09747346446316
urip1239	0.238812863829599	0.695242268595303	-1.09282937330228	1.71029309755207
urni1239	-0.0976793459418516	0.905125152450674	-2.06321192364353	1.74947847308714
usan1239	0.320722320343957	0.811150979122302	-1.14219383734836	2.11249833438976
utes1238	0.495450809039528	0.929831998637604	-1.14663593655652	2.6494817276159
uuuu1243	-0.230752675417986	0.903509389928265	-2.18867785425667	1.55810402829229
vano1237	-0.50138984888963	0.860473082866625	-2.45748836432081	1.04246206227269
veps1250	-0.146173313955428	0.912753306532196	-2.10209812385029	1.64271556358734
vera1241	-0.45779542210199	0.848834502479791	-2.35487495589667	1.06073346117546
viem1243	0.0486396228202717	0.814420789147171	-1.58848721672545	1.79803191324915
viet1252	-0.055333082774874	0.931527095338587	-2.05853475036027	1.78478914884758
vinm1237	0.00261804140802698	0.684740656567938	-1.43127668400255	1.38308453629095
voti1245	-0.243652365652701	0.925720987945742	-2.21584589547	1.56225408340592
vunj1238	-0.146564386990447	0.914525483176757	-2.1034894324051	1.69602474024549
vure1239	-0.453899389870394	0.847091164378077	-2.32440498367664	1.05211612984963
vwan1235	-0.128848392177743	0.898042485254065	-2.03784868183865	1.58795430876978
wadj1254	0.309115936501888	0.920068855214346	-1.43046313019555	2.37116165705031
wage1238	0.111567313462934	0.903538445118365	-1.71995580431513	2.01885815969113
waig1244	-0.442632708293908	0.89940320565051	-2.50160202928121	1.20100655355906
waim1251	0.296278211691184	0.843588019005393	-1.23427598730489	2.21349965954068
waim1252	-0.775601587087185	0.937252256046846	-2.87845096528087	0.778986826104158
waim1253	-0.0492349736724131	0.925411324009353	-1.99699403168424	1.79548707338772
waiw1244	0.0253321309531099	0.903741755099906	-1.82554784269909	1.92983349180743
waja1259	0.388486689118378	0.77169213915512	-1.05465319035032	2.0713396727082
waka1274	-0.0565466497160184	0.915727723192492	-1.97631591808697	1.82770345049105
wala1266	0.812425783636652	0.929158920038018	-0.66493539970627	2.94598174973141
wall1257	-0.137397079459116	0.904708784348191	-2.15664895368577	1.65467690268184
wamb1257	0.145298667038305	0.768245391550969	-1.37867933760745	1.77275238635505
wamb1258	-0.0306928792920079	0.920506025491446	-1.93931707993754	1.79801078472824
wamb1259	0.274319114294887	0.892150877790253	-1.50106165017693	2.16080642731271
wand1267	-0.181990924324275	0.838389287051358	-2.04029605715133	1.48426425755769
wand1278	0.908875772181018	0.931405698778637	-0.53104922366242	3.01301012730547
wang1291	-0.126019962244477	0.922193728844509	-2.10310470712345	1.7664761058688
wanm1242	0.170434965541248	0.898589930672129	-1.59792975795881	2.12843202023614
wann1242	-0.0848300856005442	0.929782581235189	-2.07158273176208	1.79111855219309
waor1240	-0.134984220005979	0.9056885515971	-2.15301765723049	1.58458571141084
wapi1253	0.136936824017993	0.876329777097735	-1.60955071324253	2.08958415260675
wara1294	-0.463763657027721	0.930714999672341	-2.53548185792503	1.2087472405712
wara1300	-0.270596674403873	0.924429854949102	-2.31903424906382	1.47700979220446
wara1303	-0.14342758529992	0.916474205806116	-2.05847426729976	1.71809549117402
ward1246	-0.034028810826991	0.90500005569089	-1.90559715587348	1.8218413123667
ware1253	0.446451590467744	0.882067717644235	-1.15199770917944	2.38817316313849
ware1255	0.161458456847275	0.865471681367595	-1.53072895275813	1.9965509637992
wari1268	0.0250470281132492	0.914521918030017	-1.89798618162793	1.90787597834999
warj1242	-0.0865562549132252	0.912311370469525	-2.04423705579635	1.78593070008797
warl1254	0.160240372800345	0.913740645614804	-1.65639190241985	2.11456941731023
warl1256	-0.0806787566176966	0.911469149554333	-1.99765235157451	1.8335133767506
waro1242	0.50430034019138	0.900960821000859	-1.06616609652706	2.58001048520253
warr1255	-0.164535961329702	0.910195262364628	-2.14441834826384	1.62101500403588
waru1265	0.151372632825993	0.885444850105266	-1.59288436089292	2.08417596903647
wash1253	0.106391419255658	0.899022755183975	-1.75600507843168	1.99747649090865
wask1241	0.437536235435523	0.838405478594977	-1.03561410299485	2.34237318001921
waur1244	0.227328147743964	0.881605575950553	-1.4752744692649	2.1557645000739
wawa1246	-0.143309750496196	0.84900491607126	-1.98546635310023	1.48388241062942
waya1269	-0.139595142479023	0.918118787175547	-2.10359040745681	1.68232342065115
wayu1241	0.219346744093558	0.782577451857268	-1.27962021827918	1.91543558782575
wayu1243	0.00357991833324387	0.910767560457071	-1.85891951425506	1.92400318216035
weda1241	0.921300897114886	0.964135047457139	-0.586828872298355	3.04620243858371
wels1247	-0.136933240722882	0.922171928264117	-2.12041332537858	1.69430846650331
weri1253	-0.1338046261387	0.783288085192718	-1.74634342814412	1.45505971786045
west2354	-0.0983453503662328	0.922038441673993	-2.05419669339538	1.76410338306055
west2369	0.420123081757052	0.905995733027757	-1.21413551911661	2.46486482379364
west2392	-0.175601170984438	0.890306358037694	-2.11130028475931	1.56688405698049
west2396	0.0535852507100863	0.934689497382287	-1.83355258962486	1.9853011801327
west2397	-0.0774946981145777	0.915910635130961	-2.00769901679038	1.78095230183375
west2415	0.345531970902081	0.813824131530648	-1.12586814753172	2.12317292598689
west2418	0.0553428005791256	0.79407053107703	-1.58388431760301	1.66687570682303
west2430	-0.0138452068754695	0.919391015557071	-1.91687581958973	1.88946768163499
west2441	-0.0870513659077253	0.903769977383639	-2.02538315065551	1.70937730798049
west2466	-0.125263129784562	0.82097621900605	-1.81502798093654	1.56237817146668
west2516	0.0215874977955659	0.804510785617782	-1.62539075108199	1.70236219113269
west2519	0.740951177741608	0.958395468473629	-0.839471710209587	3.03837484355035
west2548	-0.26642028264237	0.890010227294583	-2.23540135564567	1.45370670482371
west2555	-0.289616476581088	0.83749505740443	-2.19342154670498	1.24129206723563
west2557	-0.506255554982002	0.917320815970178	-2.64559106095634	1.09955802207591
west2560	-0.365146411784688	0.849297533796038	-2.25783337346561	1.20384806954017
west2564	-0.29482562468492	0.867689174586548	-2.20975516845535	1.34355758536235
west2594	0.251866101788697	0.89271215411737	-1.46919950727674	2.20395078090366
west2599	-0.585487260275334	0.882855851636215	-2.60572502991997	0.892256339631991
west2600	-0.345710973791975	0.914072385627526	-2.39826438885903	1.38223327735939
west2615	-0.11969631933193	0.903712215101598	-2.15632052433469	1.68448647324944
west2618	0.199780866555967	0.880384366919328	-1.51168489909735	2.12866658236576
west2624	-0.177345948689649	0.883390244577265	-2.0652451355762	1.55461402421189
west2632	-0.150022994698309	0.945329006192291	-2.22245446512612	1.67433343915775
west2635	-0.203236451178365	0.880459563816408	-2.09788676547195	1.55818882586593
west2644	-0.715054953974148	0.940274378087326	-2.85676789597744	0.813678833794356
west2650	-0.0774976010311056	0.936340894225783	-2.03539200836841	1.82458169975783
west2763	0.318111865431798	0.880746102367717	-1.27095609690551	2.26748998627263
west2778	-0.118170079442261	0.928642958425174	-2.16476835522173	1.72778903848515
whit1269	-0.133336957025464	0.773412485934159	-1.75888270292989	1.41646114604555
wikm1247	-0.179018169075856	0.881355100268493	-2.14305561301899	1.54918518750107
wiru1244	-0.530485873546956	0.86932977068181	-2.48078284881486	1.00213025106315
woii1237	0.294974250484052	0.873989918340059	-1.2759699012884	2.24933469464706
wola1242	0.113221912118501	0.873485784737294	-1.64194452816309	2.00519317758569
wola1253	0.182708226580756	0.875643292895567	-1.52800183212414	2.00145860639408
wole1240	0.172956978865054	0.881489786869626	-1.51043600644835	2.10436390859565
woli1241	0.435972465554987	0.85195804790089	-1.07539832767471	2.31691205084825
wood1236	-0.168414640463456	0.893833075615729	-2.09696757048664	1.57444154872373
wotu1240	0.340527295299084	0.850964480487477	-1.22932549978585	2.22524900247012
woun1238	0.22494216551652	0.899239880987188	-1.48540639580862	2.134020627506
wuch1236	-0.00832108788396518	0.92181114498137	-1.89833255916828	1.86466287790499
wudi1238	-0.146837277098834	0.942858425715877	-2.25652607030347	1.71406285945934
wuna1249	-0.0240297924042692	0.902447142600494	-1.93281909500959	1.79525176338558
wusa1235	-0.137376967235354	0.939009412445461	-2.20788468872915	1.73495058572008
wutu1241	-0.000987163836033711	0.915596667236839	-1.87788371739098	1.88161767228734
wuvu1239	0.346472980722667	0.855374281266379	-1.2335356653712	2.23627367001364
wyan1247	-0.0490865920278778	0.958171666070864	-2.05153890995951	1.87877328531295
xamt1239	-0.20430439571851	0.889083571058277	-2.14912588580251	1.58702754246795
xara1244	-0.214354325631831	0.785767255053448	-1.88892876549549	1.33726889067285
xhos1239	-0.0766491804801697	0.913276039153504	-1.98937397378738	1.7805382794634
xish1235	-0.153086156170164	0.91859749803404	-2.14573450946995	1.64611305961108
xokl1240	-0.0317050939005604	0.894898627387136	-1.93029308370837	1.73334563961603
yaak1241	0.243733577888775	0.851147406518555	-1.37055787543003	2.02718413905796
yabe1254	-0.452238283483502	0.788280634452042	-2.19287507315493	0.982033329877358
yaey1239	-0.100599162661916	0.919002356809894	-2.09497162520313	1.70432107373466
yaga1260	-0.0490352184781292	0.797699386636657	-1.67688665018289	1.65215042809491
yagu1244	0.319023446523949	0.93663747354707	-1.40860478242289	2.41728872373923
yaka1269	-0.0581234008586553	0.938608343161023	-2.05435785548747	1.83589416433947
yaka1272	-0.195439691888745	0.909642232093728	-2.17021090464544	1.55474204278077
yaka1277	-0.514558696941672	0.901943486407936	-2.55988522693835	1.04248438322187
yaki1237	-0.0372956594448904	0.927187459803678	-1.96523263161939	1.84214338757047
yakk1236	-0.0645913131966975	0.794212536286435	-1.72081564171095	1.57068936403836
yako1252	-0.333749402331429	0.858373413780528	-2.2712622757909	1.26063988155587
yaku1245	-0.0108693579254823	0.906151088881488	-1.88977688384476	1.84770703298952
yale1246	0.930029658869585	0.945034205587947	-0.508033806266014	3.07207739274933
yami1254	0.183852512258551	0.837721714753129	-1.45291003415504	1.97361289729353
yami1256	-0.151823602172633	0.921960204607886	-2.14493863407923	1.6356750069385
yamp1242	0.164516317336206	0.805584137478638	-1.41584976705846	1.85628920424562
yand1253	-0.0292008004421243	0.908228530297354	-1.94292014720994	1.78020021760132
yane1238	-0.208266790918195	0.839795231416967	-2.01561038377762	1.47516064406812
yano1261	-0.152107660233552	0.909958861372788	-2.120375804515	1.72918373766094
yany1243	-0.0842274203466862	0.889669250806091	-1.93385938958449	1.73908462985457
yaoo1241	-0.0409658537939395	0.937645928560855	-2.01568675643324	1.85923091857282
yaou1238	-0.0558305003423259	0.929725640923211	-2.03524732392846	1.85466282376464
yape1248	0.248652887161112	0.907976256107283	-1.50273934467961	2.27300289083402
yapu1240	0.444334264244874	0.820541401312917	-1.05616559344461	2.26766728290934
yaqu1251	-0.123754514967835	0.902399410012398	-2.0919650741072	1.68210679636233
yare1248	0.685623310465225	0.913710474885242	-0.821557018358238	2.76803786742311
yasa1242	-0.0724007831592318	0.933438555526894	-2.08914792326557	1.78154566542871
yatz1235	-0.0960963741500925	0.848804243236383	-1.88909007531255	1.61560648763215
yaul1241	0.173590925620463	0.819608234126252	-1.4378533700693	1.96804058574512
yaum1237	-0.164651616298625	0.744883166933826	-1.71517831409403	1.33343287552936
yawu1244	0.35828324141726	0.945855360218621	-1.40858182539246	2.42347534486364
yecu1235	-0.320208871223636	0.901626811259098	-2.28207589596635	1.41673313797133
yele1255	-0.00956652963938394	0.886845487513437	-1.87888341348888	1.833008006793
yems1235	0.169698104173154	0.850166984547144	-1.51819432463769	2.00031174168735
yess1239	0.351343691751168	0.861757707018895	-1.20689633709056	2.26300753475685
yeyi1239	-0.0857494033302163	0.922141549298024	-2.03240801484305	1.75914286457961
yidi1250	-0.182327180248699	0.915315254159088	-2.16810720416608	1.62176035735197
yima1243	0.0704604038028069	0.806591522593507	-1.52421792157049	1.79040634222246
yinc1238	-0.0436699470020916	0.930884864967899	-1.97423153348483	1.85356487166571
yind1247	-0.163602637861665	0.907883704468321	-2.14875208009111	1.63568020163692
yine1238	0.0985034231163424	0.905964773970314	-1.72467655807773	2.03939483931521
yoga1237	0.373376661310131	0.807233886779325	-1.13578825573726	2.15956382547762
yoku1256	0.0796964880356105	0.896090622593865	-1.73788562575871	1.94657065039989
yona1241	-0.177432917087233	0.903508180746435	-2.1566157499103	1.57002167449123
yong1270	-0.0968460192657545	0.882182401509559	-1.99482156142779	1.6721853243551
yong1276	-0.0304895960045172	0.941624065696358	-2.04374270955533	1.88947460013909
yong1280	0.203696155364449	0.877330884505796	-1.47277123715216	2.10074499496492
yora1241	-0.0573063075053404	0.910646950215652	-1.97994384140774	1.78308927105258
youl1235	-0.257156511931442	0.906720678437503	-2.30902073798168	1.46508975414265
youn1235	-0.0133367204861394	0.939590024574339	-1.94507887007925	1.89985941333834
yuca1254	0.267069320450448	0.904914093900512	-1.44320883638742	2.2654989881884
yuch1247	-0.0727614509427348	0.899892107098978	-2.0096131479452	1.74121085072757
yuec1235	-0.0196917453011268	0.922567565505723	-1.99131241985616	1.88714416610007
yulp1239	0.30101569199847	0.934259620693421	-1.4555630720182	2.38747622292824
yulu1243	-0.451467778969438	0.919130098784024	-2.5187033648563	1.20348730165083
yuqu1240	-0.191019772359309	0.884510645391935	-2.12443740037878	1.5574245776953
yura1255	-0.185798954749405	0.870101049107087	-2.06839070929919	1.5368137849313
zaba1237	0.595861717039849	0.90166583799146	-0.948014477624498	2.67697241495194
zaca1241	-0.275247460026928	0.844738131252062	-2.10142186927447	1.30399591609898
zaca1242	-0.685611741409787	0.936240193081667	-2.8398286689458	0.844347956689907
zagh1240	-0.191542183754081	0.923771215465671	-2.21418631455518	1.6453129176418
zaiw1241	-0.131979733494355	0.92057292100212	-2.10438773668246	1.67125864091475
zamb1245	-0.227343045715098	0.907680088689198	-2.26549105152976	1.5095992118012
zand1248	0.310524636622268	0.87298295358178	-1.30663337983356	2.24738221514193
zani1235	-0.602715625959732	0.904887476913933	-2.63703326692542	0.920184863738078
zapa1253	-0.0971318292443542	0.905273478053843	-2.04499479065803	1.7376931911301
zarm1239	-0.0254739465591155	0.915938268096263	-1.93369608273702	1.87820167122562
zaye1235	-0.0636838148808496	0.948541186454887	-2.09863780649583	1.91030379067635
zays1235	-0.14840730576848	0.869998818933533	-1.98653106343119	1.58446421039305
zeme1240	-0.235099508251642	0.913865490106183	-2.21878577156309	1.5762110088832
zenz1235	-0.737284841857442	0.927065159433091	-2.83012520628574	0.73564505299201
zhab1238	0.160634410194269	0.887080425158331	-1.56784716942328	2.04745590856164
zigu1244	-0.147955535758008	0.922038371392838	-2.10314184814775	1.70279995334752
zinz1238	-0.0347532525654133	0.951564728401686	-2.0395963561061	1.92646944353173
zoog1238	-0.104615591380309	0.84737924069992	-1.88385981895364	1.62801190407558
zulg1242	1.03331431862234	0.948444629160181	-0.408789362744015	3.16111444813766
zuni1245	-0.242837751639732	0.94071716675906	-2.30206162540026	1.58453099197665
