Estimate	Est.Error	Q2.5	Q97.5
abar1238	0.572407345074467	1.94836702261147	-3.18286292248623	4.55420176104873
abau1245	0.697602452177264	1.9123705681228	-2.96232345573785	4.76889863814381
abee1242	0.11601780192445	2.11286780707148	-3.98903437614837	4.454250127937
aben1249	-1.4405180039124	1.85608522735225	-5.37524759893584	1.90885050877081
abkh1244	0.29228518052641	2.15084596497387	-3.96831895373152	4.73671244090623
abua1245	0.174760183075053	1.90297474583413	-3.48542777746295	4.09661344459367
abui1241	1.06172171454779	2.04152695517956	-2.7736429521795	5.44460485306915
abun1252	0.661481594686932	2.07383593300552	-3.30051584916141	5.04653013395516
acha1249	-0.111467696348463	1.97277313753662	-4.04334017481338	3.91428243641279
acha1250	1.1788155781255	1.89317181041228	-2.21275109621967	5.21083869353952
ache1245	0.158553070815155	2.08966038010986	-4.11102123615065	4.34460406275642
achi1256	0.150912340501491	1.81180497558912	-3.34675669961128	3.78501553973827
achi1257	0.239720182574204	1.76571655093072	-3.22908254631836	3.8641316241386
achu1247	-0.53826582088423	1.97885333831454	-4.61186891882853	3.26254124917412
achu1248	0.261208800540828	2.04813505267304	-3.66631243844047	4.43947393987245
acol1236	0.0601658590610237	1.91450876605144	-3.69897379298516	3.93892355398456
adan1251	1.05259980729579	2.00456707975446	-2.62755624017309	5.34736059368542
adon1237	1.25812650757995	1.87226275446431	-2.17936749323149	5.18721237662838
adze1240	1.26547600353226	1.76573361975118	-1.96578293267457	5.02763636285328
aeky1238	0.714734356611595	2.06467518571368	-3.27925300255507	5.05675170302887
afar1241	0.478289647241912	2.01188362895543	-3.40971036401427	4.65539464390955
aghe1239	0.518073441033276	1.95519552911814	-3.26519842258469	4.55558730514385
aghu1255	0.433436976852572	2.15121005999958	-3.78625354009311	4.86001070584637
agob1244	0.683086422016648	2.07078043643527	-3.28900370852029	4.87438208345883
agus1235	-0.959333840055728	1.93347856512765	-5.03758387223901	2.61352434497927
agut1237	-1.1927628070472	1.86284362177087	-5.15146040696003	2.17693581558297
aheu1239	0.531522910906356	2.04605047794689	-3.46623886691651	4.7115036464709
ahin1234	-1.42155553049743	1.74628608339047	-4.97231274458847	1.86415295073714
aika1237	1.10123757622925	1.94346694813555	-2.5042700030081	5.16852682749871
aime1238	0.765175156460282	2.03194263422199	-3.24146241699065	5.08017994331683
ainu1240	0.092968239992694	2.12497921027657	-4.08726266290535	4.40840104829269
aito1238	-0.256199836806583	2.03299205008828	-4.32255365068526	3.87908976333882
ajab1235	0.0749197050327912	2.08101823186402	-4.07814167915458	4.30152967980947
ajie1238	-1.48945616064734	1.53403214243839	-4.69332172317427	1.34758645376794
akei1237	2.80443506569061	1.90105721122693	-0.478049063018244	6.98443320562491
akha1245	0.552981499317711	2.03204941732661	-3.33904996932768	4.66571824395174
akoo1248	-0.307264732158617	2.07993846719452	-4.46096920730569	3.85494799259507
akun1241	1.03121024783964	1.91547778475482	-2.53815650451802	5.07086911467923
alab1237	0.320558201667575	2.04979564296023	-3.60470989037663	4.53783539052406
alab1254	1.17609909362342	1.98423322700939	-2.41252487974931	5.45932297044643
alac1244	-1.28993654592947	2.02066323865721	-5.50083012886799	2.4282485826881
alag1248	0.694761791075114	1.886996871444	-2.91015845205297	4.60793663453948
alam1246	0.903162832024067	2.05340434263412	-2.99645081032546	5.15816399210071
alba1269	-0.962979069424093	1.95904780458112	-5.06289500451244	2.67908811167713
aleu1260	0.428047531323349	1.98217156306351	-3.39323947980611	4.58104708654065
alor1247	1.09139303079452	1.98681927755382	-2.57625586955307	5.39667025018774
aluk1238	0.0366655508672196	2.1434717183504	-4.26669022252032	4.30416215938014
amah1246	0.739458167858387	2.00068897847338	-3.03075787375117	4.9874852626623
amam1246	0.817845553675032	1.73991429431213	-2.44725435395016	4.48254851547717
amap1240	0.606695091164205	1.95819925756975	-3.13975165062947	4.64806135935992
amar1272	2.22127923430195	1.86073870333889	-1.0016286466868	6.31476723446453
amas1236	0.0484407047996568	2.11096767583172	-4.1890890764488	4.28638672463129
ambu1247	0.435237063021718	1.96929556272337	-3.36602354714255	4.43389576504312
amdo1237	0.0381409191760619	2.1132849882407	-4.25090977037634	4.21176785702227
amha1245	1.13634596793818	1.94910208706593	-2.44490510571773	5.27777710020483
amii1238	0.151885113819365	1.97585271721797	-3.75385440394358	4.21337549517817
amis1246	-2.50286746830775	1.89406213582236	-6.56965666895882	0.815364219114356
anei1239	-1.03193798564151	1.65316078330173	-4.48960878304288	2.07661754862518
anem1249	2.28355985146708	1.87684157039226	-0.917374341127336	6.4082222422827
anfi1235	-0.460507527201924	2.00279502791233	-4.57330202289843	3.50832229556966
anga1288	-0.635662104858603	2.01340518475431	-4.778016901191	3.19894066153039
anga1290	0.820536403986004	1.61887457325376	-2.23925846608382	4.12400383590805
anta1255	-0.594035959750014	1.90050586846811	-4.65884397139636	2.93289830008693
anuf1239	0.0656684379276181	2.08485877326191	-4.08007739949056	4.33504589870937
anut1237	1.75751805154747	1.8808081726183	-1.59645085436398	5.7919365050392
anuu1241	-0.329276352109133	2.12171796993294	-4.66089892948923	3.90052105265439
aona1235	-0.132894274392775	2.05673613224851	-4.26708171495551	4.04228424860648
aoua1234	0.110353443182622	2.09658471246858	-3.94271383471251	4.33973161765932
apat1240	0.0331716708566816	2.03885680621604	-4.08629330484255	4.06381500933139
apin1244	0.141897006285121	2.08873165103688	-4.00338750016526	4.4857859442792
apma1240	3.17175678743546	1.88337508160259	-0.00451130817394243	7.34160695869947
apma1241	1.23143172883189	1.96557745238103	-2.44140174179244	5.42845124687977
apur1254	1.17230414705348	1.84361238630159	-2.16304407647293	5.09769810199625
arak1252	3.00978835980336	1.87677398850578	-0.276588381800953	7.16464055561832
aram1253	0.536855630874131	2.0892228337783	-3.53219633426294	4.89350630823025
arao1248	0.371371527050095	1.84302963679993	-3.24231797142789	4.11748743841763
arap1274	-0.536483433029517	1.95110476658059	-4.71174146459298	3.11124527049298
araw1273	0.571853256992569	1.93262617900652	-3.18631348061715	4.53532859422775
araw1276	-0.650846438611376	1.74956370329846	-4.30383892720177	2.7470042581078
arbo1245	1.43795677156939	1.96588700244565	-2.10546239759324	5.66096214903733
arch1244	-0.239317502506394	2.02178600350244	-4.29633168655469	3.70613651391275
area1240	0.355830414602842	1.68588778769504	-2.80511413301408	3.83799274880246
aree1239	1.34765309177544	1.84228678443658	-2.00718583745272	5.36633681474818
argo1244	1.04983987303133	1.99295866961026	-2.58650713415518	5.27345275822889
arhu1242	-0.215122513144778	2.05469222932313	-4.21525316045741	3.87396847076543
arig1246	-0.659285946143979	1.92503724735178	-4.56406877050576	3.1031585368057
arom1237	-0.942466349442058	1.96681330034903	-5.0632513184675	2.73669893554949
arop1242	0.0635332814890597	1.63343534731509	-3.17023871102779	3.32107724250792
arop1243	1.71753791893497	1.95324637911678	-1.77017184701323	5.97042731797707
aros1241	0.504910828235508	1.83838280634271	-2.93894331950359	4.26966096166866
arta1239	-1.48583486342431	1.856320249869	-5.43876121746292	2.00483326884081
asha1243	-1.3409378743038	1.85298809000304	-5.27074949577971	2.04497003064235
ashe1272	-1.63122283250367	1.87434191349685	-5.65966402924646	1.729798079418
asoa1238	0.16265663930842	2.11411270367516	-4.00433890217604	4.51512488025549
assi1247	0.435966593778202	2.07991095430014	-3.58406850716231	4.7300029934998
asur1254	0.262994777356482	2.13366326099551	-4.01786832961269	4.7194870467638
asut1235	0.27289818933695	2.12799511361971	-3.82395220552731	4.704304281201
atam1240	-0.909408876679178	1.88023245388793	-4.78670957429113	2.56391234634944
athp1241	0.320434313454544	2.03245561016909	-3.66352141528462	4.56012872082194
aton1241	-0.29314258870457	2.01504729192102	-4.30974383457357	3.86406688316554
aulu1238	3.47956844460863	1.86786953436495	0.307813689527399	7.65955789763308
auuu1241	0.177501458670376	1.74439603946287	-3.27781848619769	3.70483222651885
auye1238	1.08246818556635	1.98348006773586	-2.61616096690444	5.21006513481152
avac1239	0.585241223353523	1.95403186131302	-3.07925927305738	4.70440768261108
avat1244	0.200617637839296	2.15799493555937	-4.16619529707165	4.55215079962866
awac1239	0.583883474810511	2.03456016684412	-3.25281527736652	4.72827166717251
awad1243	0.272557556896982	2.05164956267234	-3.65750530450591	4.54288989742137
awad1244	1.59392407799794	1.91279266628317	-1.91621745763548	5.76266716595856
awar1248	1.37528441683206	1.80529916371653	-1.86646793096004	5.28535689856192
awar1249	1.47843446142929	1.98729690793663	-2.09142210100412	5.89757695492206
awet1244	-0.752602012417512	1.71825282616992	-4.4804884886465	2.51789746087462
awtu1239	0.308724316137298	1.7505204437579	-3.03011310819904	3.89591642816866
axam1237	3.44324776470308	1.86036283653194	0.263071347599695	7.50868302086035
axiy1235	0.296741691137087	2.10197878246968	-3.80040443471885	4.63495477508827
ayac1239	-0.457416719255799	2.04275644886052	-4.60877310088277	3.73016387344245
ayiw1239	1.33277843952292	1.57652971522661	-1.63023126906453	4.5196381062768
azha1235	0.369401816582357	2.09864987560503	-3.85882944353759	4.56919762989947
baba1264	0.532476700587538	1.93977672269694	-3.24342254469564	4.49959017444102
baba1266	0.452465947798634	1.94003794273185	-3.36669447315928	4.39564572661886
baba1268	-0.743199512909423	1.71139952226825	-4.11486393939316	2.65988705407474
babi1235	-0.0956443884198504	2.00474142316527	-4.08542740722043	3.97719905599801
bada1257	0.0309618928316208	2.1507781488196	-4.35243411547045	4.28609721565876
bafa1247	-0.724538427803913	2.05275758801445	-4.97215517808922	3.25169896255018
bafi1243	0.272263403593786	2.00123297073984	-3.59078702185178	4.38422017971527
bafu1246	0.460305070190314	1.9408054193849	-3.2417589677376	4.35534799065518
baga1272	-0.917579742454511	2.08029915480466	-5.23395616857097	3.03687101701765
baga1273	-0.414000788767358	2.15125004234902	-4.78814601761097	3.86234804678457
bagi1246	0.80924975247632	1.8781312735848	-2.64912495305146	4.80692438613502
bagv1239	0.453182443313714	1.99078644393093	-3.48535047246398	4.6095580880798
baha1259	-0.686183573256998	1.87876276508052	-4.76314870785072	2.77811127346963
bahi1252	0.360736140130538	2.05001794603584	-3.66129741882132	4.56592380305123
bahn1262	0.855376051221862	2.00546722269439	-2.9340308333568	4.98905715649831
baim1244	0.0363128133563113	2.11518133708068	-4.22509008436038	4.29118563900573
baka1272	0.0863670957214785	2.08996827848016	-4.008097694519	4.17731547480879
baka1274	0.0429961298792243	2.11088274003512	-4.13259289385952	4.28848713029443
baki1244	3.36421866820027	1.83182977922019	0.192217141671808	7.39253196964071
bala1311	-1.5746489539159	1.88928909371763	-5.69566870893248	1.7974275830576
bala1315	0.888898588390936	1.80509393533948	-2.574865678448	4.67761453105018
bala1316	-2.18916389174274	1.82628535257447	-6.01974326706449	1.1086386977561
bali1278	-1.77865727162378	1.84250652107889	-5.74921488681595	1.6299207010178
balo1261	0.207029846528566	2.05211608347202	-3.85157353361934	4.38772152746146
balu1257	1.56630829081674	1.90295899849733	-1.82244805278909	5.71383918608241
bamb1270	0.729854101471853	1.85334345561425	-2.84202145911219	4.49160895053765
bamu1253	0.418004574697067	1.98185927742059	-3.49381660320195	4.47798448285802
bamw1238	0.269479231260106	2.03690189673336	-3.69455997260835	4.49116578074544
bana1288	-0.66302976904266	1.71730633064012	-4.09005558985588	2.7267295988402
band1340	-0.404695990283584	2.0208661879281	-4.6417083688979	3.4968403164883
band1344	0.0688743200214926	2.08184339406917	-4.04151452201557	4.35332572330838
bang1354	0.144007094655428	2.09297384575464	-3.97615819562046	4.25962648030445
bang1363	-0.642877639561173	2.01398299158417	-4.82443490176767	3.303330439056
bang1369	0.109459677922365	2.04948440961581	-3.91281799486235	4.16675930991492
bani1255	-0.88117268954473	1.74930633260709	-4.50623723599693	2.34775608075024
bann1247	0.787124551129203	1.7160916183208	-2.54993382261044	4.38651534513447
bant1281	0.345145916078542	2.03225288697259	-3.57471624606621	4.59053265581092
bant1288	-0.92917233878859	2.06121788751608	-5.44171997340324	2.94982589921422
bara1357	0.319663589221743	2.04216482909032	-3.67150307273439	4.48830801665423
bara1369	-0.780390416322905	1.92039148833972	-4.8378896261806	2.75815093437052
bara1370	1.26732816442131	1.91004650541563	-2.24000632959933	5.54951696400788
bard1255	-1.12160959565347	2.12988164753759	-5.49576392579043	2.75323293211127
bare1276	0.232902966502009	1.62236259581598	-2.90308035138638	3.58075245927162
bare1279	0.875390527915493	1.93066873300823	-2.81451492416623	4.97203059085524
barg1252	1.6517277087887	1.95367060301304	-1.87406630710272	5.81853315598286
bari1286	2.22043753586746	1.86395545076128	-1.02378455985592	6.33075632834249
baro1253	1.73417642224992	1.7419757591867	-1.39916086071554	5.5381512606309
bash1264	0.0361745776558524	2.10755633103483	-4.18034046582845	4.20789667664894
basq1248	0.232673542608127	2.05221084135596	-3.79977678300667	4.40281649808399
bata1289	-1.00236030356628	1.93224248173343	-5.12020073619189	2.548587659568
bata1293	-1.12204669475729	1.94218196122254	-5.23824285109962	2.41716682374812
bats1242	0.860485295685558	1.94947641597585	-2.83203638609027	4.84250950002845
baur1253	-1.25807552246987	1.77073160324057	-4.92892820093912	2.06155543958103
bauz1241	1.15377706425629	2.02736022448266	-2.58508588186794	5.3953359525791
bawm1236	-0.962475009312158	2.08837061873906	-5.32944718061991	3.09482435871754
bayb1234	-1.03944053797513	1.97350846111515	-5.38695345002138	2.56951505285288
bayo1255	-0.352833927564885	2.03037941524795	-4.48861653716793	3.54427582848265
bebe1248	0.269827756576551	2.04683120025023	-3.81791171623908	4.41006459755097
beem1239	0.0985802336394488	2.12338002197659	-3.96944647661191	4.40715065640753
beja1238	0.0714405528500502	2.02037810659722	-3.76980594729716	4.11860103509293
beka1241	1.16490499302986	1.90976993639646	-2.43007097029553	5.21321208531762
bekw1241	0.258584046117137	1.99663688295227	-3.53729324425144	4.34364142094502
bela1254	0.164363362777198	2.06238726032131	-3.83001300260481	4.28563370152387
bela1256	0.48116964635479	1.97135078507635	-3.27312479554772	4.69622834387137
bela1260	-0.900728933811233	1.68427452657273	-4.41223519178722	2.38351938382933
belh1239	0.327068089486785	2.02544091423419	-3.58158152049877	4.48254347490573
beli1257	0.135535130838861	2.1117727272548	-4.03929716386476	4.39597056121784
bell1243	-0.925945658703806	1.90932021997322	-4.92734756571707	2.72193687351726
belu1239	0.26654305054725	2.06261454562454	-3.68438604261831	4.51409079335011
bemb1257	0.0822948117626517	2.13235780716003	-4.06809662909221	4.34434488603291
bena1262	0.134823857043363	2.12348745359021	-3.9927317300247	4.45893017002225
benc1235	1.09941191972612	2.0064634463829	-2.61741516209651	5.31228428873195
bent1238	-0.550728047488923	1.99468402021816	-4.66188817331763	3.31149249385353
bezh1248	0.493760835267927	1.95793829546523	-3.29710900712038	4.54797029141912
bhoj1244	0.323420185263441	2.08136034657762	-3.64140733808083	4.73507927337797
biaf1240	-2.45331207813261	2.10831501427028	-7.00859814223803	1.32658120779544
biak1248	1.09100343655402	2.00282998280686	-2.51153276727724	5.47777152583942
bian1252	0.434409769765612	1.52707276900345	-2.60389792125433	3.48949798362854
biao1253	0.0470548582561423	2.12760479921035	-4.24004856441497	4.40990762044763
biao1254	0.0415249902488232	2.21582050803713	-4.34941187551007	4.52650633476699
biao1256	0.0312843185647265	2.10490569170889	-4.18492681150579	4.22898546084055
bidy1244	-1.05373130818799	2.03072073966298	-5.24504202051129	2.84641530961876
bier1244	3.37234314234905	1.83310302350011	0.20524934983941	7.40436486864632
bign1238	3.25185226782453	1.83358863178116	0.0390980134923911	7.2413792519645
biha1246	1.03838955974782	1.94688703365333	-2.55479939803203	5.17306744265609
bila1255	0.253117011887102	2.07173431474028	-3.74866896211397	4.49514187804867
bilb1241	1.62721195763467	1.9514261088118	-1.87491008096526	5.88756382397126
bili1260	-1.86902392719557	1.92055876758203	-5.89299404056307	1.62883537169851
bilu1245	-2.02090097343104	1.74118271518209	-5.71207317725278	1.12733476492569
bimi1240	0.745006118797544	2.09620991680078	-3.265736443791	5.18321275756899
bina1277	1.10386794160389	2.00551386907704	-2.70547553526594	5.25030023916476
bine1240	0.707881213528082	2.05395624675353	-3.13404276194511	4.93596711990624
bini1246	-2.4171191728269	2.07521242634966	-7.01694256003566	1.19247328396167
binu1244	-1.07413031000463	1.89760541058604	-4.91163349077525	2.44546715885594
birr1240	0.116209219400526	2.07011822429085	-4.03134175009445	4.22495528537091
bisu1244	0.370641002876325	2.0264622018177	-3.5700636278484	4.56296946498892
bitt1240	0.772566311754141	1.96470504443826	-2.87645582359932	4.92275128411516
biwa1243	1.14276633170874	1.99595055392943	-2.52117006400467	5.49049184305931
blab1237	-2.47561384798232	1.59633686259489	-5.84767626766869	0.443237883628102
blan1242	-0.54136382393873	1.86318252682535	-4.21497161143009	3.15355323515344
bodo1267	0.280425320249075	1.97213647193135	-3.52467728426125	4.34442804151337
bodo1269	-0.46932114961349	1.91781880827702	-4.30898394284416	3.23965080166344
boht1238	0.993907843212834	1.91541295045164	-2.56431780129468	5.09991886579639
boka1249	0.115674653347312	2.13060908804662	-4.0805215522751	4.56704957246133
bola1250	2.07664768952988	1.91540271524156	-1.27258012061714	6.27119834853538
bolg1251	0.559982669511054	2.04439709088437	-3.2450069947938	4.81467264420948
bolo1262	0.205369965516951	2.04133444832514	-3.78488910599854	4.42777593467533
boly1239	0.354416894410341	2.05462671297244	-3.62850630261993	4.59731466569496
bomk1234	0.125979212846491	2.08491493779428	-4.10628497675284	4.30392304748725
bona1250	0.0532792197343432	2.07544090600812	-4.18656231450565	4.32905791203762
bond1245	0.377452058931385	2.0351044289412	-3.49905796093476	4.64306826752846
bond1247	0.202689318512799	2.08736586587587	-3.85929322082686	4.36823271110404
bong1284	0.204661522850617	2.11804575803083	-3.98190999108971	4.52483413027496
bong1285	0.33419449642623	2.0596498326367	-3.65205362124146	4.54177319789857
bong1289	-0.186297997117194	1.68969280492149	-3.54729418490404	3.15139046211253
bora1263	-0.581804049492225	1.89024255652746	-4.54464925159835	3.03564228864183
bora1271	0.051732452962078	2.00758102890792	-3.90247634240613	4.13791721598514
bord1248	0.261622916930752	2.12154072737907	-3.90935418060351	4.58380137205535
bori1243	0.110915727422977	2.07760782060988	-4.0634030411806	4.22915357008421
boro1277	0.327559708175518	2.11790296515763	-3.78925862466481	4.52299265393683
boro1282	0.402664410589399	2.03938522101805	-3.56770853627986	4.56890730282226
boto1242	-1.39380606093706	1.87396957473012	-5.40865944321438	1.99983220030593
boun1243	0.0983387858306276	2.17518416246081	-4.20210568397334	4.59667020259948
boun1245	1.16445780436913	2.07514448146561	-2.68718762923026	5.4615451944793
bouy1240	0.215768022859965	2.08609427413068	-3.87249578424366	4.54858640723103
brah1256	0.0388550985522296	2.18250201389395	-4.40019690112796	4.59988404096614
bret1244	-1.64629688556826	1.9941226596333	-5.92186066306952	1.9027016511574
brib1243	0.514080060107086	2.02938914154716	-3.36060994002283	4.7011222403947
bube1242	-2.72426333767766	2.14295733490383	-7.31638733069349	1.04606470174939
budu1248	-0.358283610286741	2.03628606963841	-4.56754393624684	3.632644948336
budz1238	0.192463510407378	2.01991167840804	-3.75571590841053	4.27414709328782
buga1247	0.41851321239719	1.98315221665348	-3.34948392831473	4.50576640940298
buga1250	0.980741030041723	1.64311799977124	-2.18355146730284	4.37666226980759
bugh1239	-1.85529687384666	1.51503824298692	-4.99843319688654	1.06571102753919
bugi1244	-1.44652154293982	1.89186283593697	-5.3980104880034	2.04450973862849
bugl1243	0.295173502906774	2.0830140672915	-3.69048465602395	4.6116504063506
buhu1237	1.16311407536427	1.88202165566048	-2.26963510132409	5.09760921414654
bujh1238	0.375757186452737	2.00127626846513	-3.40387599614819	4.60646897726642
buki1249	0.314241287563456	1.96109465928897	-3.46508759433436	4.36307622971576
buku1249	-1.22547007855906	2.03257698839637	-5.50821341371435	2.64001783907566
bull1247	0.0141714512114402	2.16145718254196	-4.38467884005884	4.35343808579851
bulo1242	0.732465477269182	2.05104629132389	-3.15383586458874	5.02083088143792
bulu1251	-0.00346703626304869	2.06784712375421	-4.14734975999965	4.08589622413414
bumt1240	0.0855362472676477	2.14851531702605	-4.21970982722137	4.36020278119646
buna1276	0.71686385400524	1.88585010253662	-2.90350675927324	4.56278277158333
buna1278	1.05368621576759	2.02507046949756	-2.74241238612098	5.26060685678497
bund1253	0.151679124113233	2.04967576980949	-3.99225149498524	4.23808909637067
buol1237	-0.177666795439851	1.87796510113827	-4.08825636326968	3.38093714771699
bura1267	-0.713783824596789	1.97474450223348	-4.86113995942364	3.05552897131249
bure1242	1.20218863933734	1.90530575653578	-2.28733486816243	5.38558142094565
burj1242	0.567002411584307	2.01563701752284	-3.31642938778609	4.69898275434615
burm1264	1.05607084540995	2.01754061424505	-2.71677284800812	5.38810203686904
buru1296	0.127337791177061	2.06367024842651	-4.02007700418214	4.27098198500602
buru1303	0.791421522976219	1.93273590012667	-2.76110758907797	4.89051069508999
buru1320	0.716991283957402	1.92115538060824	-2.89544146026161	4.83561494777486
busa1253	0.0723890848003304	2.118266236948	-4.21491955333732	4.42337333654694
bush1247	0.0649420685965688	2.10842641083635	-3.94543870991543	4.30088053571161
buwa1243	-0.63920034357567	1.63994331487428	-4.00270715136801	2.63082176976746
bwai1242	1.09008379289381	1.75819403016939	-2.12969541374292	4.89833257135693
bwat1240	-1.68622440444467	1.62836048275337	-5.10727604145514	1.33178384433341
byan1241	0.0993827915759007	2.14220866431065	-4.22940118963736	4.37406613882175
caac1237	-2.20289268778034	1.80407771114358	-5.96498663178016	1.14846606492277
cabe1245	0.497158285793751	2.05674333021104	-3.42727953378546	4.75390490914616
cacu1241	0.154537843563859	1.77479175038453	-3.27390071476569	3.74239007860011
cahu1264	0.500082982466284	2.01845677376499	-3.27658027599061	4.86625502909227
cakf1236	0.12307841718774	1.75783648267351	-3.40742219801772	3.61834089679171
cald1236	0.666744349779744	2.03966985794425	-3.26375660965556	4.82065363318524
caml1239	0.348085237539033	2.04687110191835	-3.69022700546147	4.55130354437819
camp1261	0.173163546462654	2.0822735297302	-3.92282227896663	4.37111129378761
cane1242	0.182965368104397	2.02820430038748	-3.86139675884705	4.35514172970771
caom1238	0.0451680517162506	2.13089048846135	-4.17209562840887	4.33982347366253
capa1241	0.334334777216692	1.95343297613268	-3.50787542310759	4.33809613866857
carn1240	-2.26579517912963	1.97443770243678	-6.53267839538429	1.1749510878387
caro1242	0.130341169558883	1.96344888457608	-3.61012554019807	4.14588447068734
cash1251	0.388774483054913	1.9182457894293	-3.24057972667082	4.35581574868034
casi1235	-1.47500269319042	1.90977330726184	-5.49463039517926	1.97520895894844
cavi1250	-2.27495534223932	1.96988960780239	-6.51246489818251	1.30540441224894
cayu1262	-2.59530079895957	2.0711445578545	-7.1942924664437	0.995037642045289
cebu1242	-1.1507061490498	1.87591104424723	-5.22414362340464	2.21543248522794
cemu1238	-1.91015665861694	1.69921122385435	-5.52326163514559	1.20749780959943
cent1989	0.637021789600526	2.01682673981357	-3.16338818658074	4.83970683543537
cent1990	-2.24202480555611	2.01580203373058	-6.69214671371827	1.33793116326776
cent1992	0.891513996728737	1.99555257700702	-2.8200573101273	5.1856855742766
cent2004	0.0575433624246238	2.10426602534696	-4.14177628632164	4.29328815520388
cent2050	-0.392050659169252	1.91568285272709	-4.2117086047197	3.41391497111916
cent2084	-1.12800883520176	1.87584872202483	-5.18493946642334	2.30439126974431
cent2087	-0.92139984966506	1.93679029944892	-5.10936562560389	2.66997128015318
cent2100	-2.28598190097681	1.86898079822928	-6.29282841603121	0.963083732889394
cent2127	0.36244380543858	1.95525678608159	-3.40508827281822	4.38365167538227
cent2131	0.905779189369119	1.83799158352852	-2.46454794264297	4.76887692729716
cent2140	-0.448811563005521	1.95364792743032	-4.55118244459446	3.20573876720745
cent2142	-1.02111749214409	1.9251744398438	-5.15344563812025	2.54846285095244
cent2150	0.222241452492865	2.12088629008824	-4.00523977970319	4.52314896317655
cent2292	-0.354000718796193	1.63052753527852	-3.60610140954272	2.8429234808618
cent2314	0.495905454102163	1.97427989864299	-3.36694673003405	4.68855704734674
cent2322	0.0044554979185248	2.11410108955932	-4.23935629044662	4.24034389192561
chac1249	0.607062182431351	2.01068264450518	-3.26831722678864	4.67894587085455
chad1249	-0.182755555608428	1.94225620048399	-4.17859136570145	3.45226049066949
chak1270	-0.275387297087105	2.12947127187468	-4.57416210510377	3.85434065835317
chak1271	0.118232339860104	2.07532086697029	-3.97158903623536	4.41236806739072
cham1309	0.524594526064485	1.99159539773248	-3.3621565830435	4.67168911928184
cham1312	-0.764232786127841	1.86089427152354	-4.59840487885941	2.72393250285559
cham1315	-1.68937921070267	2.10171597977277	-6.21423515043689	2.00229137420471
cham1318	-0.651971709441104	1.83779535031038	-4.49096133853175	2.79521080655764
chan1313	-0.0449073131301055	2.08088287096839	-4.21261674576426	4.14191098907721
char1269	1.52607334258824	2.06560522488316	-2.32851170326386	5.80974077293931
chas1234	0.0516111022322184	2.08361078474699	-4.00856290024048	4.25411526258848
chec1245	0.517362165126155	2.05932709585975	-3.41701425067194	4.70646261247044
chek1238	-2.02049476375014	1.52602534375925	-5.12754006372947	0.842107945515564
chen1255	0.0910950871331072	2.11754621275466	-4.12153409984786	4.37754336849464
chep1245	0.381406223837428	1.99754702484264	-3.44154485537415	4.53081399615082
cher1273	-0.668003515970584	1.92756567346688	-4.68712493259315	2.9804605207386
chey1247	-0.414265646077062	1.90447068766232	-4.35177829228507	3.30673100856877
chhi1245	0.337063007695564	2.0284407654492	-3.56036627787615	4.5351228323371
chic1270	0.516791301370597	2.06769211965702	-3.498840246758	4.82808537679931
chig1238	0.144073401616695	2.1346790131065	-4.08260876853376	4.38142874229762
chil1280	-0.232184459789479	1.96383286151388	-4.24331328675548	3.79252442613183
chim1302	0.49496148110817	2.07698954356318	-3.5610297876316	4.90434887838494
chim1312	0.214762191682658	2.08983232034065	-3.82755126440535	4.44781045323286
chin1286	-1.02372160200242	2.0536110938664	-5.45990500629639	2.72065108569835
chip1241	-0.397355282607408	2.01246329476767	-4.64066998612969	3.38757407076256
chip1261	0.227446253471986	2.01410253023615	-3.68307746789505	4.3569588903856
chiq1248	0.475029572165216	2.08166218469154	-3.59147928705287	4.72561702075901
chir1283	-0.546539753843649	2.01828120618247	-4.65314931944342	3.41186023424471
choc1275	0.0674772222777225	2.12782322948853	-4.11438645758095	4.42077498999695
choc1276	0.359994571986551	2.08788503907728	-3.6037180085379	4.69204114665743
chon1284	0.522361188269819	1.9614034823335	-3.23246827503082	4.62309540076118
chot1239	-1.79173958185841	2.02803939535153	-6.0504465114512	2.00342151187103
chra1242	0.547249141196594	2.02346299232093	-3.37355757769033	4.70998387654391
chug1252	0.0622347446192402	2.13225599724733	-4.28760948895683	4.3226539054578
chuj1250	-1.68659389265078	1.94907945912438	-5.83232224132816	1.85631088417139
chuk1273	0.137687408300261	2.09970430835636	-4.08543840473031	4.42518282605444
chuu1238	0.331551676857062	1.96174519636309	-3.34553882335682	4.5420528551729
chuv1255	0.0230926804458687	2.15958577378966	-4.26498514018576	4.32865398933213
chuw1238	0.0528288006783402	2.16298452212779	-4.38409691808327	4.48367563269575
cici1237	0.143088347281705	2.04147734524781	-3.88639338280368	4.35674011827449
coat1243	-1.81042715997057	2.02924276631185	-6.03290088935825	1.90575393573475
coca1259	0.225491320991759	1.80328687566307	-3.24234163891145	4.00275448185141
coeu1236	-0.926487371027643	1.98690086112876	-5.19145569086109	2.81530122616333
cofa1242	0.642591495251584	2.03039007035363	-3.26984951977324	4.80298372512694
cogu1240	-0.184879039728677	2.07765951147869	-4.29565576953513	3.9812920960718
colo1256	0.615957475428518	2.01284781884734	-3.23369002928944	4.76588775448625
colu1241	0.0551727835870573	1.95270645735126	-3.84596207704066	3.88627328488704
como1259	-0.928150068019227	2.02993508568582	-5.14164354703432	2.79340524115372
cong1236	0.0771727307272282	2.06625232135906	-3.91225924861911	4.13395979555253
copa1237	-1.7904109261857	2.04483178053016	-6.08233944623041	2.03753755392504
cori1240	0.460644078821559	2.02389935597414	-3.50390973022464	4.69832072714863
cors1241	0.23020497767309	2.03740395800102	-3.80630810366089	4.44079983725124
cosa1234	0.663086548295294	1.96439732426092	-3.05724043796501	4.75950758310524
cota1241	-0.241977103924481	1.70246133641209	-3.70988715847336	2.93389159412537
cree1270	0.288115955662714	2.08437029373844	-3.67480179895416	4.52006781218154
crim1257	0.00452815188620645	2.09016670308022	-4.22458043008309	4.27713174595084
crow1244	-0.158625908287215	1.96562347714838	-4.1324916861253	3.62839087945593
cube1242	0.624196273262341	1.92139858724748	-3.02110537326154	4.54319573763093
culi1244	0.730472680766709	2.02852095926175	-3.02651923575787	4.97246779979393
curr1243	-1.87713495454136	1.84880955666657	-5.8568366125977	1.36794210650683
cusc1236	0.022729339446121	2.04020094372112	-3.98524372809162	4.03560652548573
cypr1248	-0.752845987110147	1.89399979140496	-4.76088083286114	2.75879322027175
czec1258	0.152071238270836	2.06259871329435	-3.8930438556008	4.41904133275802
daai1236	-0.0800553581957768	2.04440419515269	-4.23616080528094	4.14983800054756
daas1238	1.07307418459973	2.0293955462893	-2.74307327226585	5.38733231411071
dadi1250	1.17979334270105	2.08208489987631	-2.73675031540781	5.65281963908451
dagb1246	0.123125084570167	2.13270702978285	-4.14612415403173	4.54065991316141
dagi1241	0.0690271019253607	2.11741507316388	-4.18101641092481	4.38419717942512
daka1243	3.44500064402742	1.85566690789145	0.266144008488193	7.45203255800028
damp1237	0.860976491856612	1.79696584082519	-2.60024539409684	4.66047229031152
dana1252	0.454119848054236	1.99578566685087	-3.37150746440002	4.58007791946424
dand1238	0.126627554987048	2.13492848969141	-4.18268423498967	4.34821825971061
dani1285	0.113970860153934	2.02439140014663	-3.9147181475643	4.13259272564419
dara1250	0.359347328343471	2.05649412566424	-3.51395201397799	4.55639813159566
darg1241	-0.712378457274458	2.0372467441908	-4.91491871486832	3.19119747375406
darm1243	0.0920905508857659	2.12815914382067	-4.13575161367269	4.43377897091636
daur1238	0.00172805617316675	2.14458556200784	-4.42260074781332	4.28749740119224
dawr1236	1.2861317248815	2.03536807596853	-2.49474933982746	5.50986066965494
daza1242	0.0864739625424586	2.11552459606788	-4.17519864330605	4.3462739261599
dege1246	-0.54746140408842	2.00560672206316	-4.6922092382014	3.4224842296607
dehu1237	-2.49892947276912	1.85565639075265	-6.57720549150453	0.75180867986152
dera1245	0.778434877352109	1.9739826499048	-2.92564075327554	4.92951284182591
dera1248	-0.0741498992472581	1.82489168861067	-3.56276381219488	3.56167880054387
desa1247	-0.300462808205035	1.75024757628627	-3.76449524326859	3.15063839852459
dhao1237	0.0679358648168167	1.79864157227106	-3.29202721101844	3.77065493292236
dhim1246	0.214612789917034	2.06124368172193	-3.77417726345848	4.27869121076461
dibo1245	0.186761860935583	2.11237632140734	-3.87966192275261	4.58731784143602
dido1241	0.653865686462238	1.96222066313983	-3.13471878219183	4.74444051126563
diga1241	0.0816624843893135	2.08757132234723	-4.25021948532364	4.26020898194221
digo1243	0.164151690598424	2.09838840626781	-4.02350015758114	4.4450549512511
dima1251	-1.23711279142777	1.97739930655648	-5.2972602741205	2.42616338132243
diri1252	-3.15493989013921	2.17187529340649	-7.88844991492067	0.588766440311819
djam1255	-0.924307798816667	1.86702881484103	-4.86595815307179	2.61457033398688
djam1256	0.106401498210362	1.86232068146002	-3.62711201529286	3.85933629651473
djee1236	-0.520583009689719	1.92752706281637	-4.52784022756074	3.18904791437391
djin1251	-0.461897913058847	1.98228259424008	-4.57478656521893	3.3340630073076
dobe1238	0.891561628414759	1.90296034967327	-2.62051890228692	4.8839604663849
dobu1241	0.697885234977194	1.73076110538214	-2.54949277432316	4.31836201968918
domm1246	1.32787049505378	2.05552337149629	-2.50245194676645	5.71908641192284
dong1285	0.0663825092899293	2.05565671772264	-3.98809869285605	4.21604437346463
doro1266	1.52026684095963	1.95168801535537	-2.03609357504525	5.76136829087551
drun1238	0.120986022753108	2.1299132921717	-4.01009642340636	4.40068971766126
dual1243	-1.05361745877177	2.03637176746358	-5.37064664348466	2.7884647621951
dumb1241	-1.81276701127616	1.75986201024626	-5.56607185173128	1.37166700948869
dumi1241	0.337831390923595	2.04654501890867	-3.67540509023807	4.49433064083839
duna1248	0.774819234470064	2.05455679205766	-3.19120590825251	5.08784705072378
dupa1235	-1.18028889458272	1.90820227159335	-5.14477620850461	2.34298417227366
dusn1237	1.31579854479343	2.02365227767747	-2.27240760637481	5.70883077357663
dutc1256	0.2597860316537	2.04042901309463	-3.71580575272288	4.34255920569296
dyul1238	0.333314228133518	2.12556789312832	-3.76215100125827	4.66693669871369
dzao1238	0.0240618938121543	2.1528494654818	-4.37960035673177	4.33995550956328
dzon1239	0.113790724599707	2.1085032076995	-4.0641916247624	4.3102338894915
east2328	0.00435251468550226	2.10411550422507	-4.17868405341759	4.22436315639322
east2332	0.566172599501885	2.06023227588094	-3.36177207910549	4.86725948736525
east2333	1.00556906917377	2.0090062800576	-2.64308644714247	5.23453787029967
east2342	0.550883027801042	2.04610165317863	-3.31833396529232	5.00259934218739
east2443	3.00061446039828	1.96236506679868	-0.342583863276789	7.31844669440813
east2447	1.23036502059315	1.78612495728694	-2.08748290748722	5.01053579974797
east2485	0.298237600921143	1.70912574376032	-2.97491611820664	3.74080390665331
east2516	1.07799065072511	2.10042435929399	-2.91507599062895	5.49963247952621
east2555	0.536792035554855	1.9110806030106	-3.10719303790087	4.56670676311878
east2556	0.883722669497677	1.59899958607007	-2.19147005832536	4.08429547456466
east2563	0.751360357390833	1.95865240962542	-2.86303920399491	4.81539424657392
east2690	-0.564410878697234	1.92686941767136	-4.71845143600025	3.00395134063785
east2694	-1.14231561691233	1.92412399378155	-5.32811761049881	2.34065658222383
east2773	0.348564271464785	2.03018406236254	-3.56023847520911	4.40211785143015
egaa1242	0.0887658485417717	2.12487911441504	-4.05303192133407	4.3819822794365
egyp1253	-0.357568388280079	1.97040475298694	-4.52643944899717	3.40490475003222
eipo1242	0.637554183028667	2.10282560016134	-3.3271993099857	5.06039386871868
ekar1243	0.881779998976211	2.05453944728733	-2.92393579448627	5.20633101755246
elem1253	-0.573779736415703	1.97125314400427	-4.57227318608832	3.31977722174804
elip1238	0.219425535693603	2.03312194256849	-3.74595554368515	4.38265123362475
elna1235	-1.24821625477176	1.73852788320814	-4.90355100994109	1.96820317882066
emae1237	3.2048801141938	1.80335165401722	0.0214227203543925	7.0555474260922
emai1241	-1.27515904542586	1.92350923109413	-5.41417796368656	2.31030113364483
embe1260	0.282152108054259	2.07862628759493	-3.85799851822794	4.50283584806521
embe1262	0.223902752874866	2.05034589694168	-3.77297538596022	4.45122897321624
enap1235	-2.08702280567606	1.9580699339117	-6.29728702258925	1.37384222466099
enuu1235	0.307874181588143	1.95367110655784	-3.41634629814168	4.38164040728797
ersu1241	0.0676119199797972	2.12552678218987	-4.25501107216655	4.41469426761444
esan1238	-1.40970657288192	1.97544458421281	-5.52564520946443	2.30647631882837
esee1248	0.589684822835089	1.9015935745298	-3.09502304198447	4.55940697895865
esim1238	0.487409358281612	1.96603624422788	-3.36195232619147	4.4836444831363
esto1258	0.0602588059572411	2.10887930360515	-4.21419777087174	4.15971087887804
even1259	-0.0149461225559698	2.12076396361203	-4.26256361645134	4.26611559360355
even1260	0.00519363518433496	2.13630746138817	-4.35789666994625	4.25087383133079
ewee1241	0.133864760978798	2.10142356952689	-4.03980252004404	4.34200138518917
fala1243	-1.91536680964112	2.04816559532132	-6.31556199324176	1.70045594262288
fare1241	0.0715441786075729	2.08670175860934	-4.04383923310581	4.27993944847879
faro1244	0.123553552813756	2.14532064217312	-3.95889849843681	4.59147251059554
fass1245	0.468848639813365	1.80384370574638	-2.99452526819569	4.25140969914679
fasu1242	0.914425327350577	2.06328719618178	-3.06533832767599	5.3143482984295
fiji1243	0.587120591407359	1.69214133029754	-2.71123239129049	4.07171903647492
fili1244	-1.03465819304529	1.95314521562858	-5.20730048516193	2.51505909345466
fina1242	-0.616075385478485	1.62820427969871	-3.87086241521372	2.51422996580298
finn1318	0.0125756895682288	2.07662648875947	-3.98268192820348	4.23231731445208
fipa1238	0.083243925430076	2.09722850069344	-3.98770046583661	4.4793841421445
foii1241	0.957450742057036	2.08420276520248	-2.98274107989068	5.27173081307685
fonn1241	0.0735645914714187	2.08018064023721	-4.09342545388628	4.24816704333194
fore1265	0.0313168472892749	2.12990051579874	-4.21389926242022	4.25801339387717
fore1270	1.25259098928237	2.02355186557095	-2.6348863822761	5.54559399616172
fran1266	-0.892306953247465	1.92215031147901	-4.95881802438805	2.77937642538957
fuln1247	0.563020681172555	2.00199740002387	-3.21873176432133	4.67109454092161
furr1244	0.208634621588688	2.15697089188326	-3.94928793385221	4.61730254271639
furu1242	0.149352237916003	2.13312790159976	-4.09396480776718	4.4441684555942
futu1245	-0.597074340301289	1.6289303655128	-3.95917900683401	2.46478818414274
fuyu1242	1.27271961341728	1.94370679822177	-2.34466574882671	5.38350661406948
gaaa1244	0.116086622238153	2.11898996100231	-4.1018916809692	4.35644376594448
gaam1241	0.307437753370684	2.10889796737162	-3.80460855314762	4.65321344167606
gaan1243	-1.16510277046522	1.75730516522825	-4.78808151067744	2.14176926484556
gada1258	-0.969814399475058	1.71844842945424	-4.4802456818399	2.30532778166245
gade1242	0.259767151176347	2.02083480560308	-3.61866067387831	4.39068753309846
gaga1249	0.0244412237723229	2.06179495824522	-4.20071733127968	4.19889986881747
gahr1239	0.0742988593990009	2.12472320731368	-4.2216410322919	4.28304480002679
gala1264	1.06724383137016	1.87230964298146	-2.45350499179947	5.03260977306632
gale1259	0.105819082073383	2.10405948157517	-4.06322366027438	4.38347773738241
gali1258	0.153813153312645	2.08705471926509	-3.87024288232551	4.3568514604201
gali1262	-0.561617677658608	1.73555684711492	-4.13652898913504	2.82871625825012
galo1242	0.125387220008371	2.07885135325305	-4.05664343741113	4.23614504443963
gami1243	0.587996313112816	1.98722156490185	-3.25995592407133	4.66718691002075
gamo1243	1.39939902080843	2.01734637159085	-2.3068267495632	5.78803839099547
gand1255	0.119022807847881	2.07065072902264	-3.98069256331597	4.39059851052486
gang1266	-1.68823592666502	2.02111622020304	-6.03620058058843	2.03267169994182
gang1267	-0.651380050500409	2.00310320708045	-4.78989862365564	3.23792801239848
gant1244	1.43849330768304	1.99686949150504	-2.14047231568695	5.74270228768335
gapa1238	1.41693319706792	1.86429486386466	-1.93918444857144	5.42068082544507
gara1269	-1.18220662097235	2.08896702035905	-5.63302938197693	2.68636731703086
gari1256	-0.272401287237129	1.91515948157594	-4.23648653691703	3.44721555058995
garo1247	-0.249083335485723	2.03835513532211	-4.37094711905076	3.85927719939673
gata1239	0.317236412880392	1.95646802208406	-3.38714136372662	4.41894675936215
gayo1244	-0.420391841385955	1.80117673881508	-4.15697066854474	3.02814097073955
gbay1288	0.233832799458802	2.15024371885773	-3.9913067173492	4.72541930590323
geba1237	0.409766400080929	2.04162596468832	-3.51922986287049	4.67839891532615
gela1263	-1.60050612627441	1.56191812906341	-4.83461444785656	1.38954054442234
ghad1239	-0.947115977395333	1.92988237990739	-5.02470761209109	2.59205807633919
ghan1242	-2.08955801929824	1.72204509732095	-5.72908563368056	1.03662767030268
ghar1239	-1.81307882370331	1.63370632699362	-5.25273543295392	1.25362719074532
gheg1238	-0.0270207447075727	1.95172845119728	-3.87917165441195	3.88354739004296
ghod1238	0.368440245823488	2.04427911432151	-3.59258842510447	4.70037993522249
ghom1257	0.805530614990193	1.86443489585323	-2.74325620459758	4.72651829070432
gida1247	0.344964321805496	1.80506615557571	-3.14690549655064	4.1056095483156
giiw1236	1.18520578749362	1.89470290002627	-2.32284444218275	5.35049939161381
gilb1244	0.374542821523954	1.97727585765898	-3.46650716806917	4.55289139009635
gily1242	0.106854936481074	2.11615829118392	-4.21634788468796	4.30673351900073
gira1247	1.56364542922556	1.97275441702577	-1.98564126200153	5.75891232762247
gizr1240	0.702688376702612	2.03681190973396	-3.12627003320895	4.83651041426409
glav1244	-1.2623241243313	1.64365284973663	-4.70047657871595	1.83170667223551
goem1240	0.186810507182936	1.86466491517608	-3.53357509541256	3.9758896910386
gofa1235	1.39188509678815	2.04294679568393	-2.50615756811034	5.6995156742939
gogo1265	0.714601907034728	2.08203664821965	-3.21657241031522	5.11118228055713
gola1255	0.143701748406526	2.06648953420981	-3.87633054493114	4.41275401692864
goli1247	1.28615693046001	2.09638627340363	-2.61063388649504	5.65595143507884
goon1238	0.213310892858215	2.1066632692082	-3.999868277958	4.45290545008503
gras1249	1.46491249458539	1.93835256540218	-2.07496092644559	5.61876310005023
guah1255	0.503865514663726	2.00955889203852	-3.31358303777177	4.6447570174055
guan1266	0.0412879669900778	2.14996934523745	-4.22931062266244	4.40539766058471
guan1269	0.289230603465181	1.82036408167092	-3.23497027076493	4.05551129943035
guar1293	0.022338790734422	1.598867017448	-3.11042197565725	3.28567329638676
gube1234	-0.0633619999408201	2.00235256816687	-3.99605728095702	3.89734760052341
gude1246	-1.04038157148674	1.66991818043884	-4.54077067664713	2.1684445539459
guer1243	-1.59919251735175	2.06560002314964	-6.01645173182612	2.18382581894283
guhu1244	0.84798987255855	1.82050173704661	-2.60295232925989	4.59821170632441
guiq1238	0.0567795896082996	2.08794142582766	-4.09948770076057	4.38282316196211
gulf1241	-1.11440969746234	1.9683454852854	-5.42344844658654	2.41669414442825
guma1254	0.381390723515283	1.68014855157658	-2.83931224293828	3.84440044026003
gumu1244	0.392848608014908	2.0694905394158	-3.60506051115177	4.52398547857763
gunw1252	-1.2518615395571	1.9542879785982	-5.40109396846638	2.39782954439164
guny1241	0.212831393027503	1.91033776211341	-3.57443355396581	4.16044148484031
gura1251	0.51507801271071	2.00706302439811	-3.30109752595729	4.64090334030699
guro1248	0.111906001153908	2.12137349626968	-4.08706632167946	4.45551287190332
guru1261	0.359193538941179	2.04584960548857	-3.69267184697598	4.51648174872812
guru1271	0.835389129363622	1.85472024258898	-2.65290923493054	4.71531560363879
gusi1247	-0.398175767571936	1.935394840774	-4.24696978382521	3.49943602597594
gwen1239	0.245373645506516	2.18027453784492	-4.07953189712585	4.72454160985977
gyel1242	-0.543214871819057	2.11897094851806	-4.88092341323625	3.60633494957984
haaa1252	0.0446632225494533	2.08928324463173	-4.09326062911741	4.18183609362994
hadi1240	1.20483627138407	1.99138009529682	-2.48620921604331	5.47622344844811
hadz1240	0.0974886780718409	1.99697266329257	-3.85425927061135	4.1370255239578
haka1240	-1.37621903997284	2.09761893058193	-5.87987947151776	2.47576827751424
hakk1236	-0.0133127300058013	2.14705080033597	-4.35098474883984	4.33658249703621
halh1238	0.0357390692164221	2.16556910001659	-4.33780069988894	4.42718117705859
hali1244	0.873679380894372	1.73851557688795	-2.45302984332435	4.51243280869939
halk1245	-0.559028905045068	2.02261077970474	-4.70939979326224	3.18681244837237
hame1242	1.64080036905508	1.93400239890245	-1.91293502296681	5.83744061418119
hang1263	0.415561495264544	1.95298399034293	-3.43486270143576	4.3961716822643
hani1248	0.490074580841778	2.08836497248773	-3.56092614880398	4.7353599267551
hano1246	2.96907046868044	1.91782594422332	-0.305636888172686	7.1165326806751
haro1237	0.874798568428135	1.92572351449957	-2.68660795778159	4.88636361558146
haru1245	1.34462101451093	1.9991999466214	-2.36254974415661	5.55551692822288
hass1238	-0.328507526204031	1.9684347176093	-4.4257723185314	3.42901246005293
hata1243	0.93325421853759	2.06814373499221	-2.98126174762176	5.29127951116654
haus1257	0.934586332876827	1.93717103904471	-2.69781636917794	5.02344011369006
hava1248	0.537698927041571	2.07484902960859	-3.37099424863324	4.87058266416266
hawa1245	-0.655357384923286	1.87106600852413	-4.52525250129589	2.82903624176133
hebr1245	0.537050858018717	1.91564924435734	-3.12377905491484	4.55470365078818
hehe1240	0.181751140502125	2.09191793770289	-4.03256032581157	4.38533286034409
heil1246	-0.948833001632804	2.02263721639115	-5.19902473661524	2.77043553977115
hela1238	0.344099115457246	2.03005725539851	-3.7024676108021	4.56810848647226
here1253	-0.105154706326248	2.07557614316627	-4.20729577154676	4.16462466170865
hida1246	0.231356943533127	2.03754586285709	-3.67025493954966	4.48628060683048
high1276	0.418273172897991	1.66171026839519	-2.74162199206234	3.8706978918139
high1278	0.818326037616071	1.59149555982512	-2.21000728159495	4.17462895737796
hind1269	0.171464284079428	2.09712597316027	-3.93002928210454	4.39681044196826
hinu1240	0.636144833827526	1.97161416871878	-3.27679997972048	4.72358886212026
hixk1239	0.490554002077251	1.9554724677971	-3.23796743237402	4.46485201961813
hlai1239	0.324502786925736	2.0788270045569	-3.68962393303133	4.65337133903144
hoaa1235	0.234673423982392	2.11219375318388	-3.81613994521701	4.63452384704106
hoav1238	-3.21193256889861	1.82001008654484	-7.13944106397564	-0.00695264250560771
holo1240	0.0909721678951248	2.18985194746307	-4.28292116341285	4.54300297361099
hone1235	0.826162460942018	1.98869055840488	-2.9423597949953	4.91698267756908
honi1244	0.218527509608428	1.9842356586125	-3.66422561618196	4.29628373521802
hooo1248	0.242611876817068	2.0432919601745	-3.61235654097194	4.51408809842463
hopi1249	0.729039536597463	1.94104506664343	-3.00925284247985	4.77153592480271
horp1239	0.0417355244400878	2.1366450052632	-4.14428234221657	4.25918653924311
hote1245	0.363232294955587	1.45091953689755	-2.51439430275087	3.22486187088815
hrus1242	0.0302960219141361	2.06752223389837	-4.04256536472542	4.21247588509899
huaa1248	0.292779472506194	2.14263675928614	-3.94379247301119	4.7483795007839
hual1241	-0.231714357462047	1.91097559277944	-4.0498457200322	3.59524605140986
huam1247	0.319168681135997	2.04580342715459	-3.68027893798849	4.47578063966177
huar1255	1.50297691942214	1.91885884334349	-2.0602531918047	5.60345816288596
huas1242	1.44980898448743	1.89792940437438	-2.10367676630591	5.45593237292867
huba1236	-1.30816516456184	1.71604191384021	-4.78885192442732	1.91579428716299
huic1243	-0.459823401252698	1.73882993939136	-3.87903659096465	3.00373718145337
hula1239	1.39476601403242	1.94708167781044	-2.16833619204535	5.60569239339629
hula1244	0.584680591783916	1.91464488485954	-3.07793618312946	4.66224411273363
huli1244	0.870908732109196	2.07245442118522	-3.11958684007437	5.2880355677045
humb1243	-0.228787767455567	2.02093120477384	-4.36614486479885	3.71273271508214
hung1274	0.0451535546260505	2.11633372036277	-4.18964086662903	4.29962359481391
hung1275	0.531330471634327	2.03163632317248	-3.32501109187552	4.80187385355229
hunz1247	0.4020137568625	1.96638205373343	-3.3935717704868	4.42505231847147
hupd1244	-0.041507259738678	1.79549809497817	-3.57479462919768	3.54599272367026
huuu1240	0.300054533306847	1.88049398176226	-3.26655210782759	4.24356531892974
hyam1245	0.449865777295134	2.04330014663607	-3.45452557482593	4.63551417765582
iaai1238	-2.36749613119429	1.77890969736918	-6.31671038890089	0.794022559341423
iama1237	0.81872780569661	1.68693251509671	-2.36347368575383	4.41283763847206
iatm1242	0.817583853374701	2.0310957911901	-3.00377475880327	5.1061228585072
ibal1244	-1.21521499041287	1.73214131672352	-4.70290791837901	2.14992413951684
iban1264	1.1937972090347	1.91170502421973	-2.3311910790364	5.344074223721
iban1267	-1.18898628531335	1.83789995125408	-5.06873895986548	2.22165113089202
ibat1238	-0.943135159814321	1.96405561232553	-5.17732169453679	2.70820165552876
ibib1240	-0.502281033004769	2.02064043230264	-4.55513505529843	3.40937014949882
icel1247	0.123621949298173	2.02715161613212	-3.91447146182018	4.27039592879356
idii1243	0.666628441050725	2.12749109509859	-3.38694023357297	4.99062212453688
idom1241	-0.0141124595231643	2.04755189100785	-4.08986613615131	4.12796421140577
idum1241	0.0633037200982438	2.15053498236225	-4.15651679984348	4.31130162528559
idun1242	0.983499562218707	1.75898685911706	-2.26605777200578	4.81896040179437
igna1246	-1.09063114133665	1.65284911284251	-4.40637257639839	2.08932487854521
ikkk1242	-0.527731490535404	2.03808732512433	-4.83071138110913	3.36943779796268
ilaa1246	-0.0141154057898569	2.0804650190617	-4.14864316098337	4.13449897030783
iliu1237	1.06167977791197	2.00459839114448	-2.49501899558506	5.45355624347905
ilok1237	-1.62462289689399	1.85431371220604	-5.64030816523576	1.71197754715959
ilon1239	-1.51104887658351	1.84156538912177	-5.41377051021822	1.85917941899524
imba1240	0.694519710501229	2.00727313688644	-3.12574940819787	4.73464252567396
imon1245	0.717991722328733	1.90510149673637	-2.88130429478185	4.70965703479977
indo1316	-1.88063651815339	1.87326761957086	-5.8977582391483	1.47181316313213
ingr1248	0.0338818694060503	2.1623575485425	-4.31390617465375	4.3648669302622
ingu1240	0.67239099813471	2.06715744473716	-3.29335087764563	4.93542417606447
iqui1243	0.148754868756252	1.97750085081815	-3.77557008298164	4.09888702256758
iraq1241	0.405221517105931	1.92547920460269	-3.34949716220554	4.36764692703704
irar1238	1.170800466293	1.97393572316177	-2.36701937371731	5.36397531540271
iris1253	-1.91304478793173	1.99803709156538	-6.17605338384133	1.58670345129118
irul1243	0.00889952359251647	2.17655806427393	-4.3283650780752	4.30887829527612
isco1239	0.684341331520193	1.99069926409751	-3.1253342540849	4.77872622599615
isin1239	-1.49544821528902	1.76186481893661	-5.1972878906151	1.79067262962136
isir1237	1.04145640682949	1.97487668031416	-2.61404507705153	5.2688554431222
isna1241	-0.901853689537804	1.87978580956631	-4.85018333250134	2.66532842521157
isth1240	0.63516586481595	1.6450536134404	-2.47293546975793	4.24716507388993
isth1241	0.572348112758892	1.6683276947159	-2.56863586620541	4.11240326065115
ital1282	0.15178987350356	2.0004185337055	-3.64647013966068	4.21467481386303
iton1250	-2.06095818225748	2.03496449299046	-6.44394488572617	1.58876611416714
iumi1238	0.64208957968826	2.01112937204473	-3.16058316339415	4.91158999301912
ivat1242	-1.02139674497701	2.0018021051326	-5.36794918259727	2.59250027798439
iwal1237	0.253541103793761	1.50581055406284	-2.80624597440676	3.21861197764041
iwam1256	0.57773683033162	1.99109694497503	-3.3372556192357	4.69305111264608
iyoo1238	1.51074886760244	1.93108606242626	-1.95858133899059	5.82841173051607
jahh1242	-1.14302224578469	1.79087676244269	-4.68066016207752	2.21265325544271
jalk1242	0.311280543158147	2.12487391493839	-3.81418278693251	4.61930157387828
jama1261	1.02169187387466	1.90409563973882	-2.59660781691743	5.06138026038521
jamb1236	0.509333550795163	1.91563824326418	-3.13555456192926	4.53920025728273
jams1239	-0.637759630223279	1.89126015862672	-4.5862371247698	2.96890515965086
japh1234	0.0330261458329839	2.14996079607681	-4.29996277090918	4.37751068497422
jaqa1244	-1.48492108711213	1.93670597675328	-5.55888778700087	2.10321722310403
jara1266	0.986359532502777	2.01066427000108	-2.8601752156972	5.27604716801642
jede1239	0.350429059223853	1.85702513747853	-3.29967649515372	4.09877657210441
jeha1242	0.590763183196802	1.87378837483553	-3.02956685915145	4.51596391018705
jenn1240	0.0345117178110274	2.13815045779383	-4.23408844922963	4.22886011091025
jeru1240	0.360278706695669	2.06172933515229	-3.73708796911829	4.54027552258508
jiba1237	0.42873307810874	1.97766708828181	-3.42743607042324	4.51806324331625
jina1244	1.05607443283114	1.89342660992653	-2.51769078111215	5.07503898168004
jjuu1238	0.460269811864919	2.05757113317441	-3.53710705426023	4.70916506687806
juan1238	0.263087388136389	2.00928989557109	-3.54339007336095	4.35527694482761
juku1254	0.547139432823592	1.99534147647414	-3.37358479546296	4.61895170241956
jurm1239	0.0749701536382916	2.10571368187271	-4.02859441162112	4.28979759391844
kaba1278	0.468290459384062	2.15421477252964	-3.59563262018077	4.84935466436954
kaba1281	-0.211728210493956	2.09539460234171	-4.50420965384829	3.9771216229555
kach1284	1.16281540629431	1.99986509513547	-2.56488303436575	5.36148509266114
kada1242	0.0252735934323757	2.14330736213168	-4.31036622766613	4.27425886673418
kado1242	0.0975144034130314	1.96482049167375	-3.85717059804851	4.13606792986665
kafa1242	0.969725181660316	2.02962890246872	-2.83472778279795	5.33141336726098
kaga1256	-1.19270532673365	1.86515907842962	-5.21131818005589	2.21108537659601
kagu1239	0.325612106781395	2.04196635823474	-3.61029726073533	4.56574153217845
kaik1246	0.22903403658651	2.05440789726649	-3.85326568279658	4.33420996993352
kaki1249	1.10652899644405	1.9219221576104	-2.54496738282107	5.05884395167634
kala1377	0.686872782433093	2.00007035584028	-3.07157141257544	4.90399964279309
kala1384	0.102180397206867	2.05381083483554	-3.95168073804461	4.22799314527421
kala1388	-0.449800625832507	1.73369450510547	-4.01293532383154	2.86281139334635
kala1399	0.322710542566391	1.99610392346042	-3.59925351604389	4.34146865960676
kali1308	-0.348834953606572	1.89759465638508	-4.24525185582382	3.29330589852672
kalm1243	0.0324665134570172	2.12425509165622	-4.2182111943244	4.27312851364939
kalu1248	0.823414385495117	2.04911814522481	-3.14892281980905	5.0911923058319
kama1367	0.905917795461815	2.03208109161323	-2.89595941552309	5.15883521565724
kamb1297	0.0942517191482192	2.07371189041467	-3.93520576983774	4.22000678928109
kamb1299	0.391952930812994	1.83309528691337	-3.10923993313513	4.1942894571709
kamb1316	1.21994129586254	1.98630529384825	-2.43012133455759	5.50480603343276
kamm1249	0.451751931937769	2.03694167100985	-3.58677801032789	4.61341832518578
kamo1255	0.757723788347122	2.07644989426991	-3.25628172576331	5.11967995627503
kana1288	1.37194290575872	1.89862304202317	-2.09389704224255	5.37359243657825
kana1291	0.546973924008257	2.05607652647519	-3.32462133556761	4.81205648081901
kani1286	1.32660239468246	2.00939648700924	-2.37102674834765	5.6255471052884
kank1243	-0.624406031214609	1.67107859140746	-4.01343492455857	2.57336453442675
kaon1241	0.0832853342165389	2.0824793078799	-3.94070071661954	4.35285184434289
kaqc1270	-1.24837022938702	1.81747160956432	-5.11124801820312	2.10428503692818
kara1486	1.27913907474976	1.74304573165613	-1.91756043828769	4.9120272934098
kara1487	-1.16522954815154	1.67320699952409	-4.56535214681358	2.06249919419338
kara1499	0.753076255655515	2.07572167636953	-3.20693453273449	5.11345593945116
kara1500	0.155998112044598	2.05948699495419	-3.90944041014978	4.3553433221227
karb1241	-0.885873256012888	1.96854693667058	-4.84070548829435	2.93914193955247
kare1335	0.0104663206407134	2.12596474333057	-4.2085418283621	4.32076634491145
kare1338	-0.0763974394624363	2.07172521046694	-4.30022062185261	4.06704496031844
kari1306	0.187468330533881	2.084600647676	-3.8765714114412	4.4356644514507
kari1311	0.0848095685075141	1.93219179912467	-3.73996870057185	4.02644379552285
kark1258	0.748720080494594	1.93483794366545	-2.90833846816376	4.85677270032513
karn1252	1.91986331266393	1.90157545165368	-1.42316266473705	6.0260291636435
karo1304	-0.787205348955595	2.02990131955382	-5.05360975251262	3.09463343437367
kash1277	0.106826810599235	2.07595238021163	-4.00255035220865	4.29486045106649
kask1239	0.230409134573744	2.0747399351166	-3.86313910271697	4.48994124203423
katb1237	3.39694770001294	1.85719078151055	0.179202269036133	7.45041694760013
kats1235	0.132264544798109	2.07194245338328	-3.95336593612855	4.31244158504165
kava1241	-0.759387446318496	1.79362366808807	-4.45513398996655	2.74867702552069
kaya1315	0.453202024967884	2.02785248435928	-3.45972305221468	4.71842444174791
kaya1319	-1.09425468025243	1.99559454658532	-5.19619073281939	2.74811841484198
keap1239	1.34710764364246	1.97986559046613	-2.22295980867599	5.59540143699116
keig1242	-0.205399795829681	2.08172787595318	-4.43787675765944	3.95431412015925
kele1255	0.125606669453939	2.08946599345213	-4.02235120789421	4.36881925895402
kele1258	1.54946555315918	1.8624605629623	-1.71218923220004	5.63731246038379
kele1259	-0.994089439294554	1.66153159671842	-4.34063822348182	2.22964494099548
kemb1249	1.56729334681785	1.88322335662083	-1.7913262643822	5.7428117133023
keme1240	0.598609661551018	1.94630938173674	-3.13953178281366	4.68186971083313
keng1240	0.635738586217615	2.04511775161936	-3.22076930691349	4.92222183806065
kens1248	0.722793557619902	1.96156118454587	-3.02196270519908	4.81973254373553
kenu1236	0.144360915274793	2.1088502026807	-4.03461863273018	4.60174019688587
keoo1238	0.548499031857681	1.76903229878205	-2.79917040342237	4.10827582220151
kera1248	-0.317156927326698	2.00989654058894	-4.37402614331236	3.65877930119436
kera1255	0.759048044879559	1.84615222882638	-2.70111061960636	4.60368852269692
kesa1244	1.49873425228081	2.01413768416192	-2.11773044003467	5.86534313192339
kett1243	0.106474460434657	2.16532570089439	-4.1858147458915	4.34290874264937
kgal1244	0.15345402451103	2.07325686296109	-3.99125599557326	4.39365382120127
khak1248	0.0382227044186558	2.14271305801251	-4.27487716837842	4.3422165984443
khal1275	0.287722452212529	2.07873347213816	-3.70240810155411	4.54683078734723
kham1282	-0.017870695140962	2.09760917826976	-4.29334630223036	4.22150430162226
khan1274	0.695861914901127	2.06878466870545	-3.18124023271393	5.05977867817145
khan1277	-0.430251704832139	2.02898611710664	-4.58306391001461	3.58113305305876
khan1278	-0.624894879878017	1.98108115838803	-4.72488639325372	3.1606276527577
khar1288	-0.893381114982328	1.98979040521383	-5.05094001632008	2.91559192037279
khas1269	-1.58005978078902	1.73625366824181	-5.17561155055794	1.58485742672173
khez1235	-0.422231995405748	2.01865156747489	-4.52342755740941	3.54879602607191
khin1240	-0.347893138447576	2.03149029587687	-4.53244193885254	3.69232773860768
khmu1256	0.673631294908586	2.08299950330264	-3.22849530436474	5.06814795622207
khum1248	-1.47827923461493	2.10553671585325	-5.93514272221409	2.37200328450687
khva1239	0.529535165039768	1.97135718786424	-3.23441246084304	4.70259205914785
kich1262	-1.40635278636009	1.82727526137154	-5.38871112660566	1.97863052540844
kiku1240	-0.493640090240048	2.0389270745184	-4.62411713447781	3.43414260240977
kile1243	0.0403942742933028	2.15520862019965	-4.20919782131518	4.37494631901225
kili1267	-0.862933600072285	1.7249775445004	-4.3149108190638	2.47359694857006
kima1244	-1.54563138089424	1.75546557472737	-5.35618993073835	1.68505808800204
kima1246	0.353839014219152	2.09690423499893	-3.84452082753061	4.71282985618904
kimm1245	0.397880453548627	2.05861783047847	-3.55249144894843	4.636789837697
kimm1246	0.119546920561682	1.90637699110172	-3.71004885396308	3.91480005608413
kina1250	-0.851320063810797	1.99541223384008	-5.02291068077237	2.84913771472353
kinn1249	0.0784622206954754	2.11746728370924	-4.242456516587	4.39398169049298
kiow1266	0.677956573073038	2.01132149917537	-3.1855311940094	4.85150096932637
kips1239	-1.09509108536874	2.00390778721075	-5.21118815756575	2.74044754872869
kobo1249	1.37260423822462	2.00041660141526	-2.35003720500645	5.5806038677668
koda1255	0.0198501263778658	2.14144152494038	-4.18179276771958	4.4381743815766
koho1244	0.845914047137801	1.97289267325622	-2.86346626684395	5.07694473266297
koir1240	-0.781752876636261	1.99508209238479	-4.91001220920346	3.04274210368544
koit1244	1.39016036233449	1.9384355344646	-2.21420409934966	5.36519681894482
koka1244	0.65061607315669	1.88754551725703	-2.9274013213775	4.6371085550194
koko1269	-2.85271518452077	1.71111669878365	-6.59022299000572	0.144830000074339
kola1285	0.877242730557776	1.97404090071647	-2.77810769503038	5.07661107858294
kolc1235	0.166958853990164	2.08684701352691	-3.95976444133401	4.50186480426736
kolp1236	1.70383804080877	1.90720740746861	-1.78347423131866	5.7632076237273
kolu1245	0.900348889685464	1.69923875067814	-2.34998765996363	4.50281722598492
komb1274	0.456364780044172	2.11750633724005	-3.53589794894459	4.84623938451141
komc1235	0.544330857902688	1.93920090854434	-3.1510291797019	4.4421460390153
komi1268	0.00693296845257779	2.08020856762016	-4.04677447265252	4.21372274809977
komi1269	0.0131129282457479	2.12841225644166	-4.21903079290015	4.26216128089047
komi1270	-0.96879941849881	2.01774706140556	-5.15174085559325	2.67854120280321
komo1260	0.115943860925809	2.11731076944263	-4.05522136048585	4.62421442198696
kona1242	0.762520377018775	2.09640417342042	-3.27875863697071	5.175770659371
konk1267	0.124423813035889	2.04992013849981	-3.91863424731054	4.27584008579377
kons1243	1.24367724588445	1.98152659115108	-2.38884506209712	5.42580526528724
kony1248	0.00793186530558619	2.07529609744755	-4.02306166980781	4.16548433219837
konz1239	0.212374176501233	2.12180674129717	-3.99313574619088	4.48706237007082
koon1244	0.102073691475875	2.09862945982336	-4.12031496620227	4.42972398347704
kora1294	1.25148088370771	1.98188147275859	-2.39436225485366	5.44741575485115
kore1280	0.0957781442885019	2.14549618894595	-4.11708946789262	4.50813397737838
kork1243	0.167395747743432	2.09757019357392	-3.87751370641115	4.54423290412226
koro1298	-0.485127049056667	1.99142869331853	-4.57684230657288	3.33532312987932
koro1312	0.510533657058982	2.11202166285906	-3.4263175991691	4.93989221637309
koro1313	0.887076788360679	1.81263327657029	-2.5217750157232	4.69896680900784
korr1238	0.0285831490722183	2.14515946448768	-4.22730858612898	4.40992941470847
kosa1249	0.626493849066425	2.09007930847956	-3.23230134870698	5.06222581957386
kosr1238	0.290045575043936	1.99807780501157	-3.47332093298329	4.44989017536065
kota1263	0.04644072177982	2.12899981059789	-4.27753577200811	4.25845184316519
koti1238	0.0645710543850191	2.1062861747996	-4.16039626023213	4.41318923975308
kove1237	2.20037008954415	1.8854429772796	-1.12150283943849	6.39553603444746
koya1251	0.109362799131925	2.11079403367697	-4.22721262964495	4.45591804050574
koyr1240	-0.186012571172604	2.04804606632053	-4.35195196702233	3.87695100516791
koyr1242	0.0188895536243812	2.12768421828308	-4.19018553853724	4.31260409401
kris1246	0.599977673345504	1.95892881884771	-3.13190544274566	4.63077163714364
kryt1240	-0.337024475066178	2.0277714373525	-4.54384450627532	3.6943757452851
kuan1247	0.102419538652005	2.08987199536403	-3.97287466460992	4.44443223300698
kuan1248	1.94249245082132	1.81067422474754	-1.30180127451357	5.82464324965607
kuii1252	0.36285505027012	2.03659770256969	-3.50783033078637	4.50739258430684
kuik1246	-0.693342828075668	1.730850528775	-4.36793579244562	2.70003386392786
kuku1273	0.72686147696466	1.95064557030085	-2.96987713836372	4.71527822736127
kuku1280	0.057717732983976	1.86331601070006	-3.6048644622219	3.78437385788183
kulo1237	-2.2185789820806	1.83879121372217	-6.1667697535371	1.17159653525264
kulu1253	0.293465159887775	2.05392618497626	-3.6011601764939	4.47858154019344
kuma1276	-2.18768452382153	1.82016317206443	-6.09686591431276	1.04041400765694
kuma1280	1.36951556343784	2.04565718810155	-2.39223496182091	5.70802461087894
kumb1268	1.03346284569602	1.97763020589019	-2.59112610777245	5.10971471755719
kumz1235	0.0926114122604074	2.05847509614284	-3.94475668207792	4.23921189321177
kuna1268	-0.212317139921895	2.04620782560956	-4.37260457728429	3.85847832811338
kunb1251	-0.645822013417956	1.88265660791473	-4.46590604433214	2.96230593633104
kuni1267	0.988549357557455	1.8008849120421	-2.32276258565698	4.85981695695795
kunj1245	0.605586389501546	1.93117053140422	-3.11287204089024	4.54051636969302
kuot1243	1.14796060038986	1.68794246206587	-1.97309072749177	4.66247845019594
kurr1243	-1.57921346148207	1.93267885654039	-5.75192362292435	1.959975621335
kurt1248	0.0776981586089237	2.1524109830775	-4.25382101110775	4.50349765767285
kusa1251	-2.98341107733449	1.79316239682639	-6.78700363184777	0.225326069035713
kusu1250	0.256717086159466	2.05037125317292	-3.90413886532034	4.35334333223574
kute1248	0.5419849432461	1.98295929678996	-3.27607633741501	4.66436216362262
kute1249	-0.0665313604528896	1.96357867088748	-4.04710930925807	3.77798946160205
kuvi1243	0.364141513643088	2.01965343281727	-3.52698698025301	4.48383395393371
kuyy1240	0.606970566536692	2.01902023145027	-3.1832927582084	4.85069130071813
kwai1243	0.284795510702713	1.64109636733236	-2.77174917066049	3.68679668400477
kwam1249	-0.00107734187306034	2.06989835297527	-4.14824052621285	4.17880964858615
kwam1252	0.430532829898196	1.55385596997634	-2.57709885319998	3.53818818818446
kwar1239	0.140308759120502	1.60894430551353	-2.87684991042531	3.48990794435163
kwaz1243	0.730823271158404	2.03165764537547	-3.12335148990756	5.14860695643458
kweg1241	1.86331135319279	1.96573320745667	-1.63446024361129	5.98476648296647
kwin1241	0.171985289175776	2.15735510644075	-4.08957899315764	4.60116787945226
kwom1262	0.456225424315112	2.00072864272702	-3.47759177053309	4.56865482834428
kxoe1243	-2.10699852884939	2.02827209847108	-6.41250058826476	1.63111885486767
kyer1238	0.306446850797889	2.04694221734398	-3.78382411698073	4.58614242451403
laal1242	0.483968403875661	2.08135988782497	-3.57555497670227	4.79781541354013
labu1248	0.65545057710696	1.49200007046963	-2.25242582850468	3.70501378232768
labu1249	-1.69256090352465	1.93595469704498	-5.97109220528054	1.76187880505229
lach1248	0.428707545787015	2.08756405439849	-3.65124343524813	4.89534700460681
lagw1237	1.01865378224764	1.91896326932096	-2.57954739067687	5.10610912378335
lahu1252	0.558309683515412	2.03224411045361	-3.36754326570841	4.64521135762676
lahu1253	0.276409587652563	2.01158271353044	-3.66326297851189	4.42534365864636
lakk1252	-0.637624737377812	2.04213763918484	-4.84925693416821	3.35826192014901
lala1264	0.0729804832746737	2.06897708706373	-4.04592317091849	4.35656148747215
lala1268	1.3865499416862	1.87393805813202	-1.97357140823933	5.49539780494829
lama1277	1.16436299068816	1.88561809638616	-2.31866815099697	5.14910642839679
lama1288	-1.57568419333748	1.66407870916355	-5.11964326488547	1.48130284294354
lamb1269	0.197054713824471	2.05555093003435	-3.76453181637556	4.28864030640731
lamb1272	0.0546066553256856	2.10483393411726	-4.16991552778417	4.30638104386483
lamb1273	0.500680114046457	1.84114704654773	-3.02146163220118	4.35131370539108
lame1260	3.37142328883592	1.83140131807885	0.195908755930744	7.34900169163766
lamk1238	-2.03012727755298	2.06021707378248	-6.47397223181236	1.72333684055265
lamo1244	2.15785076576083	1.84694764679745	-1.07720025228109	6.25616241113848
land1256	-0.93553615196758	2.09504028068657	-5.29646794320511	3.12704209111159
lang1320	0.694402596478394	1.914590521825	-2.85475303485896	4.72813696259127
lang1324	0.100143131530485	1.944868710313	-3.7091567632282	4.0588634201803
laoo1244	0.473833878765824	2.06759410407857	-3.54569541440865	4.87780335651742
lard1243	-0.59111888212685	1.96189438570264	-4.61871561871356	3.19137786269226
lash1243	0.0503300075201414	2.07597919801127	-4.02584972601516	4.28203379423462
latv1249	0.194237880215295	2.03347092178763	-3.72176253977386	4.35082264310757
lave1248	0.717249534274952	2.02616334478624	-3.17131123303304	5.02118500110524
lave1249	0.790051061905879	2.03056317038735	-3.15225547586185	5.12267770148205
lavu1241	-2.29480571481762	1.83801051542263	-6.16015466333938	0.984197646101083
lazz1240	0.361387740808675	2.10809719453354	-3.7996558579316	4.72973582848898
lega1249	0.0684571112061143	2.08450941911286	-4.00233518830506	4.30259329638253
lega1250	0.0700473111481619	2.05736797207493	-4.07842104840402	4.2651408960862
lele1267	2.90717194186044	1.7745181416064	-0.195288447411568	6.81848009749224
lele1270	1.54380629379122	1.85792732489939	-1.71921767334165	5.50308684035956
lele1276	-0.810834097819733	1.88607706777518	-4.73099451520473	2.83444538416406
lemb1266	1.18115306603414	2.01825086438634	-2.59655685834807	5.44803111543861
leme1238	2.15210279355358	1.92775154061606	-1.17948793482169	6.30369514617842
lena1238	0.755173765407438	1.61837779845732	-2.34786501217175	4.13548651001073
leng1259	-1.36366139037278	1.54525351753776	-4.53128828163622	1.57107485164086
lepc1244	0.183765773202736	2.03499645519164	-3.8107097363945	4.28654758999198
leti1246	1.08839460569579	1.96404886993217	-2.62455691144208	5.27952693675643
lewo1242	3.2753905166012	1.8165059535965	0.113034932714582	7.18932676957096
lewo1244	1.16077489847169	1.89463400116343	-2.31464527756727	5.10450701733427
lezg1247	-0.737853393279635	2.04451880270107	-5.02250478479553	3.15307980416488
lian1251	-1.38179896058914	2.0239116766595	-5.5844932647575	2.41099461351455
libi1244	0.263219553113826	2.06186193920136	-3.80215609975914	4.44391916622822
liby1240	-0.315930357017728	2.00385142403689	-4.49817259365364	3.53031867939308
lihi1237	1.53049268051334	1.82399167108008	-1.82369601500417	5.44128394687106
liji1238	0.336285546712766	1.94476237767916	-3.3815514320527	4.30727006299066
liki1240	0.271684447361772	2.07179138209072	-3.72965829461355	4.54861240571605
lill1248	-0.572409557980252	1.91461592988851	-4.52730768985735	3.12810469366103
limb1266	0.256020593487285	2.0604963093029	-3.83409438203835	4.39651858766312
limo1248	-0.969960719958758	1.75337440704625	-4.58770201189196	2.27864876092546
ling1265	3.41835851359937	1.86032975680889	0.250981836030111	7.51758246446502
lipo1242	0.0147795790039024	2.11093599406308	-4.18022150463203	4.23207875434596
lish1245	0.664397394432852	1.94327918456716	-3.04918496433097	4.73997954882993
lisu1250	0.121553101611345	2.02050650008508	-3.88601589363276	4.17895367057654
lith1251	0.192197890644015	2.0393979916614	-3.74100022392742	4.501727792579
lito1235	0.276091724857595	2.01378779921204	-3.61152834780651	4.28371239986214
litz1237	3.37878680670265	1.85738217139047	0.207647129322652	7.45146362309334
livv1243	0.0248906391096065	2.15957423412456	-4.25284418882186	4.32476838276141
logo1259	0.119180207857849	2.15616400997518	-4.07206417212117	4.48762432712035
loka1252	-0.145715094997874	2.01901702464426	-4.12736393711471	3.92242971562885
lolo1259	0.050217072614454	2.09929569394774	-4.13093655167124	4.24653271451044
loma1260	0.131877213735373	2.11867114113133	-4.07664216463537	4.46084628115755
lomb1257	0.267629410482695	2.05048614251651	-3.76988371377605	4.45674295644543
long1395	-1.03511779148666	1.56680484603423	-4.2160879947184	2.04155581739549
loni1238	1.5288402714179	1.87412121967528	-1.8621658803858	5.54554064439221
lonw1238	3.44146014661647	1.85722328072651	0.287911990411422	7.42906972995887
lote1237	1.69230291757104	1.87389228632692	-1.5825841745163	5.8500821103455
loth1237	-0.348925451503313	2.05883871095345	-4.48313466663285	3.63431955169346
louu1245	1.581014836495	1.87029869172591	-1.70309472453164	5.66305976779427
lowl1260	-1.65189396992318	2.02390105933221	-5.96355773862856	1.96503277112254
lowl1265	1.08577414941313	1.84174542484054	-2.31094918808627	4.91413163334324
lozi1239	-0.0485726201341487	2.10637126953998	-4.33449926074207	4.17014567943141
luan1263	1.04901909755866	1.95309646682885	-2.64199371436625	5.17530873131988
lubu1243	-0.553689574350922	1.66629342745309	-3.87024068497106	2.68301867376012
luch1239	-0.048178827419443	2.05837140193291	-4.11832708156755	4.14468041610049
ludi1246	0.00744027569038569	2.13416340876915	-4.27268036399394	4.4194680829773
lugb1240	0.108116637173112	2.11321261636143	-4.1046962182133	4.45649202203476
lugu1238	0.211567679479571	2.04682411876425	-3.79037664610629	4.40552295635657
lule1254	0.0329213126313953	2.14016989750534	-4.23150972000137	4.37807672036077
lumu1239	0.146428847057766	2.09127316349274	-4.07916212810747	4.31187374920028
lund1271	0.243563825439498	1.74223830852823	-3.13025024910509	3.80027281252942
luok1236	-0.145034953171235	1.93144888128881	-3.98488874904203	3.79291968941606
luse1252	0.199502797433883	2.02187315725154	-3.81483414694785	4.38311997016116
lush1249	-1.01308922110641	2.10688372645339	-5.45592519676831	3.08103561932403
lush1252	-0.551695064984065	2.02199356120302	-4.67950935160023	3.30186679248485
lusi1240	2.29063760832458	1.88211138909994	-0.952700305664147	6.48138227100491
luva1239	0.0620205789475148	2.09979685079699	-4.16064905479069	4.39556235391781
luya1241	-0.546645310802257	2.06209451411865	-4.81309380989548	3.45899343157449
maan1238	1.31822431195828	1.83763397367576	-2.04850450983532	5.21648592206305
maas1239	0.249132079227431	2.08488562731045	-3.79153250733279	4.41696824029402
maba1270	0.2527895166119	2.11731224175172	-3.79949489952852	4.58881624421785
maba1277	0.251577757420603	2.11382542082652	-3.86942141079727	4.59450513116008
mace1250	-0.320407087058782	2.04347787232643	-4.44556766472053	3.73163605271719
mach1267	-0.741194136652302	1.78492371487083	-4.48241886812873	2.56702710166692
maco1239	0.321313548613662	2.00959417418893	-3.696783371432	4.37847232100723
macu1260	-1.33279219988501	1.85974332537	-5.23885912149045	2.02189497101009
mada1285	1.56718139919953	1.73833309671823	-1.59469623226537	5.2734571098298
madi1260	0.0428622592943406	1.98512434164705	-3.98716174123891	4.05606501474133
madn1237	0.100454206951414	1.94033871791259	-3.77894054162615	3.9576638713328
maee1241	3.30892311353631	1.82997676680787	0.12440830451665	7.25117125743183
mafe1237	3.10173591479499	1.9396246378607	-0.312821182682465	7.45581193211196
maga1260	0.230730813916952	2.11046128230863	-3.9127888776922	4.42493462974825
maga1263	-1.49463019765713	1.88482668697909	-5.51460982237149	1.87971793337761
magd1235	-2.05951410945729	2.04991460501885	-6.38150717328752	1.64544447215819
magu1243	0.211100204766974	1.6286361666339	-3.01669102510512	3.40936278748496
maia1253	1.58985226856875	1.95879812239106	-1.99471244547819	5.70553283539027
maia1254	1.56507902414918	1.95276765153763	-1.98878626305336	5.74495974757405
maib1239	0.808182086576728	2.01727292944141	-2.99739457831478	5.03854810267727
mail1248	1.2920804699709	1.96433011161681	-2.31646380015845	5.49901710207799
mais1250	1.4385403453235	1.95670924201057	-2.1126594847303	5.61122307669393
mait1250	0.354379799712652	2.08020821132785	-3.69439501182424	4.653893896555
maja1242	-0.35114351390048	1.92751855654706	-4.30594090601375	3.44086989325855
maka1304	0.202633386741896	2.06921313234121	-3.85770797184616	4.36642478458938
maka1311	-1.89825021039828	1.96918974058844	-6.11286014046395	1.57445502021134
makc1235	0.14138655750411	2.11909601332025	-4.09799824883317	4.4237716253349
makh1264	0.0842159179551326	2.00680789010185	-3.86956591729952	4.18284509368167
makh1266	0.0765557655813995	2.10408372672489	-4.14530606009433	4.19743607433298
mako1251	0.0940909902364883	2.108451149744	-4.08973712542909	4.32553589403594
makw1236	0.0806055100321377	2.11152043046313	-4.19109917820875	4.41791160729901
mala1463	0.00856014986799326	2.111212535396	-4.14407592655022	4.32146326457643
mala1464	0.0142386528811014	2.08264898184979	-4.11527204816896	4.20404649362646
mala1479	-0.495396665978458	1.85190530790205	-4.21060275390864	3.20046183414125
mala1522	-0.356646948597094	2.04856920665355	-4.45938594190137	3.69278252184296
mala1534	-1.0101634311956	1.80803408333364	-4.78777787191291	2.33900024864529
male1284	1.57796904022568	2.00151613227537	-2.1504933388849	5.81260649288443
male1289	2.13443547377619	1.87027929121457	-1.18947147274502	6.23669735710396
male1297	0.384637654091168	2.10435918022401	-3.63516500601168	4.72823166314029
malg1251	-0.343273243600271	1.80213022603018	-3.94299326620779	3.2877438924224
mali1284	1.80435361291028	1.90174381123528	-1.59311435332423	5.8224495977649
malo1243	3.18474082828225	1.87304192081448	-0.101274189672679	7.23326836073601
malt1254	1.77687814774037	1.82539075138441	-1.57451266971781	5.67148255450369
malu1245	3.24717216616962	1.82896172048307	0.0695454616017749	7.14204997036442
mama1275	-0.950042166134384	1.93888006525146	-5.07656365986945	2.60174222683763
mamb1294	0.222552088743444	1.8589360177563	-3.48106789681724	4.05863830699834
mamb1296	0.0709208072285185	2.12390313866592	-4.15950072213868	4.37547902414829
mamb1306	1.04816015118698	1.98259161708238	-2.54330031692284	5.14587551814517
mamm1241	-1.64879609000555	1.89908111276959	-5.66294673965466	1.9114599309765
mamv1243	0.182496543642986	2.07809232806025	-3.95820418727349	4.45044145129743
mana1288	0.275970190340549	2.0904555812721	-3.84164673868926	4.5383040187008
mana1295	1.51369195558127	1.9873078386033	-2.03987093381731	5.98483675911264
mana1298	0.572175184928336	2.036295987154	-3.44421708930346	4.79977616174081
mand1415	0.037283744215434	2.15150085575681	-4.28671699592932	4.37654667416821
mand1423	0.146084137631839	2.04399933591822	-3.86816143206284	4.2181295390741
mand1436	-0.719209437703933	2.13545407294079	-5.18341564071671	3.50384989439655
mand1440	1.23326788619634	1.76720180365729	-2.03834864782797	4.98704500491046
mang1378	0.784530517481844	1.9774324534741	-2.94593871182628	4.93546223392391
mang1381	0.587877664468191	2.00392997827768	-3.19848010166953	4.71075086884405
mang1394	0.177592810501436	2.052611997087	-3.82624744791522	4.42811559368223
mang1401	-0.685517414113769	1.94133146663189	-4.82355706875246	2.99910155369774
mang1403	1.80245752502267	1.87107460667704	-1.45069062860701	5.88735740182314
mang1404	0.541864587612337	1.43041060051186	-2.22752104130685	3.43523758343119
mang1405	-0.715679915171976	1.76734920614705	-4.36929369415716	2.6513310341323
manm1238	0.244650258065455	1.86803931587434	-3.32150334894581	4.16998652151189
mann1248	0.110608718159531	2.09155484226806	-3.98416469190287	4.31973710704923
mans1260	0.853919395961016	2.0573673745552	-3.04130607680998	5.07914293696453
mans1262	-0.606080826989595	1.91613944658267	-4.63017509720147	2.95370389895301
maor1246	-0.66320309177416	1.86139135981238	-4.66494670975216	2.82318918110347
mapo1242	0.519523412247076	1.43061576838499	-2.23323337910455	3.39993268218632
mapu1245	0.356099244125137	2.04285569895471	-3.5650456710295	4.57331795375121
mara1378	0.199590863956599	2.00777282515577	-3.75722012280883	4.46152959514278
mara1379	-0.649251264337009	2.00376005516019	-4.69580291964662	3.27455861326486
mara1382	-0.707806998548683	2.0923778565544	-5.07558204468209	3.42728458606597
mara1385	-0.00206611697939579	1.98459942834225	-3.91218733332974	3.98766521228075
mara1386	0.180734854810116	1.96793341598749	-3.66217751273329	4.24048706020708
mara1396	0.252447362392447	2.09894263341603	-3.89172085115952	4.50067495463964
mara1399	3.33270084339922	1.84428463111872	0.131354243344864	7.33231492702086
mara1404	-0.887152217322251	1.76593197595834	-4.55191187553469	2.4130445691064
marg1265	-1.24642569675607	1.78139315670788	-4.90197328975549	2.17124935534632
mari1416	-2.14297588498802	2.05682563180942	-6.50742439575793	1.55125973420022
mari1424	0.164002902571387	1.96477296021471	-3.68608279148789	4.24376364547656
mari1426	2.6198022753991	1.98068705017419	-0.825913844753575	6.9492047016539
mari1428	1.59353532955872	1.95642815779474	-1.8941990242226	5.85441535980786
mari1440	0.457413254891688	1.9441537675928	-3.26411333569647	4.44126219394849
maro1244	-3.25648498679872	1.8597314784105	-7.25256516221989	0.0203390792480545
mars1254	0.216793367025784	2.09520286144937	-3.81354179069337	4.45677285869625
mart1255	-0.16498288177416	1.78197771628886	-3.69997217134247	3.43885800690099
maru1249	-0.232140120538809	2.08560099909294	-4.46281525183932	3.92600785718875
maru1252	-0.375411985573405	1.88436136533925	-4.12751084479044	3.40689381903764
masa1322	0.801851721037597	1.84776765745258	-2.61539665337029	4.62190024686319
masb1238	-1.01436824753474	1.95877314853493	-5.12533546986887	2.61565874605266
mask1242	3.45110584175359	1.86049572808159	0.256725819268636	7.50405962626496
matb1237	1.01213827029164	1.95286891191477	-2.69418760506521	5.14648539373946
mati1250	-0.881353954216245	1.80523808496505	-4.71565875068149	2.4680299301925
mato1252	1.53903056388155	1.82030827836243	-1.69155318296242	5.37753036964152
mats1244	-1.51506132471847	1.87296431615113	-5.53430158488419	1.89494553868989
matu1259	0.14931567640178	2.16257613733619	-4.02730475646567	4.52161767368232
matu1261	1.65571742452808	1.95254300701839	-1.92581609703715	5.79741298279394
maun1240	-0.873564746984468	1.92043105988192	-4.88926663625801	2.74943180472548
mauw1238	1.59645070536704	1.97289061135128	-1.9802498472718	5.8116677532522
maxa1247	0.161032540249997	2.05632117919833	-3.94275594131763	4.34493984594892
maya1285	0.53735678158905	2.04802553197907	-3.43519915021212	4.78492380789067
mayo1261	0.178525551251859	2.00834014525674	-3.75437568395012	4.28306320971511
maza1304	-0.441312993885209	1.65487369285627	-3.74245849903587	2.8444878603497
mbaa1245	0.125976867294261	2.10131890689096	-3.93957154054249	4.4336227227389
mbal1255	0.136494233280109	2.04342471299447	-3.86818847458504	4.35281568599158
mban1263	0.209683795567818	2.08282009403528	-3.90002174757068	4.41364522805089
mbar1260	1.27577431775896	1.9224213309075	-2.22559628413656	5.54332441199862
mbay1241	-0.496211346562141	1.99356424394453	-4.54138684036141	3.39518716128243
mboc1235	-0.0253745018614887	2.04579706070399	-4.12832688599043	4.12521655154041
mbug1242	0.314330628617408	1.96448676181282	-3.52081502012902	4.39012831583863
mbul1263	1.96840120216964	1.89621256892949	-1.3813553925816	6.01692804236033
meen1242	1.44811391257251	2.02671713153983	-2.24629396802053	5.68556885985569
mehe1243	0.168534524794793	1.8476408425456	-3.45786560995393	3.94202085279607
meke1243	1.16854430210654	1.78638969670374	-2.12092117612825	4.9532708627688
mele1250	2.83659614854458	1.77135498946414	-0.214875547583828	6.66535580356368
melo1242	1.47022977344476	2.0546005061851	-2.3681744682303	5.65271633862101
melp1238	1.26650390057663	2.0513219133763	-2.58307342882257	5.60514511999081
mend1266	0.157961558526886	2.09621538647769	-3.94064616174319	4.37537267683206
mend1268	0.191991358819013	1.87008979089323	-3.44046274605827	4.00774584905574
meng1267	1.71673019529302	1.91109971985871	-1.72473110779466	5.86178151389795
meny1245	1.0036867255189	1.74387246108595	-2.25569033844233	4.61639886744472
mere1242	2.81040088052722	1.94899014764128	-0.527502935736376	7.07546017878763
meri1244	0.618978213990571	2.10995656549616	-3.49593246437048	4.98182071723478
meru1245	0.00391685500493176	2.01881299685767	-3.96823346413823	4.04065531819736
meta1238	0.302997534620168	1.96629006334437	-3.59132426041445	4.29575901791623
meya1236	0.898433664397649	2.04674249312134	-3.05014656303544	5.09928207256477
mezo1235	-1.68246796944896	1.92071625541848	-5.73178284829087	1.82370179348134
mezq1235	2.62824864941874	1.93073736805522	-0.796380331988114	6.80851293072735
mian1256	0.652342660093069	2.09757199424512	-3.40494662337003	4.96239011586034
mich1245	-1.19866049612275	1.80272506215031	-5.09281574255173	2.0722883934386
midd1327	0.8913312656343	1.56009743462813	-1.99140769956819	4.11617932012283
midd1357	1.11070762984936	1.97382464414166	-2.57551821917298	5.28630927957203
miju1243	0.0814653545221477	2.09440407529035	-4.1644465668846	4.25248109916436
mika1239	0.337928516011367	2.07055698841413	-3.59723910933093	4.57517522589145
mikm1235	-0.470857942876853	2.03143846037401	-4.74071202942032	3.42985224157618
mila1245	0.116998539844235	2.09571242455485	-4.06882467190434	4.4195770640985
mina1268	0.706033045049718	1.9098706736136	-2.82712596465663	4.83052597688089
mina1276	-0.35551691557386	1.6384349004043	-3.60562616939716	2.86262958691976
mini1251	1.92804116057523	1.80764420478761	-1.3377762708508	5.77803866163089
mini1256	0.150989220484928	2.00793505412409	-3.77061394147831	4.21377993255407
minn1241	-0.174829590511144	2.15734657743542	-4.40721495563995	4.19344614210711
miri1266	-1.05769019510086	2.08647419832899	-5.51278060597898	2.77641212449285
misk1235	0.472739206626703	2.03303439299344	-3.4826092292501	4.74975521823619
mixt1426	-1.78758956543347	2.0334298270727	-6.10929717868517	1.89942987146018
miya1259	0.0311619708415411	2.08057524981721	-4.1455794172269	4.15069355207026
miya1266	1.1838453511928	1.94579905267456	-2.4072061982058	5.33326200574267
mlab1235	0.499846688813782	1.97983950286321	-3.34418584734865	4.62777911446467
moba1244	0.0611227487754723	2.08859940451894	-4.1394569839628	4.28287322646497
moch1257	-1.80301210775165	1.93477677933471	-5.86495802923176	1.78070292915579
moco1246	-1.41523884581725	1.96251939741209	-5.68237078499715	2.13995058174167
mode1248	0.193659127925805	2.05326801642422	-3.81769237516759	4.4136290064273
moha1258	-1.06348551683919	1.98342792640537	-5.15958552110865	2.68233822672493
moii1235	0.759763782319756	2.10232229155047	-3.28606568567153	4.97438738140175
moke1242	0.517937682056238	2.03993553527432	-3.41775524648815	4.82615515672612
moki1238	0.402366916851558	1.99477712822362	-3.38074720385545	4.54183957457538
mokl1243	0.772145176776014	1.94710866484655	-2.95792375718742	4.79833825022222
mokp1239	-1.30376332292157	2.0664386965723	-5.64609658516662	2.62114039396136
moks1248	-0.0120033232963536	2.165547136958	-4.26989189720439	4.39727987994366
molo1266	0.144986996095186	1.6920047433122	-3.16855377523585	3.68407595061822
mong1338	0.105291310546307	2.16671425991239	-4.22629885947576	4.4785158207612
monn1252	0.291286367272801	2.05943877859577	-3.69420502238056	4.62612457167122
mono1270	0.147912793734257	2.10030256535678	-3.94923436229179	4.43682044004371
mono1273	0.44521159311715	1.72412621261081	-2.87433649258009	4.02554678231772
monz1249	0.248820068322747	2.04829967484424	-3.76054439765243	4.48460351261363
mopa1243	-0.714369942483365	1.91591787348435	-4.63027625593156	2.93040486544384
more1259	0.269633569041925	1.59383053390717	-2.91259557123902	3.4648268758944
morm1235	1.36550786538301	1.90729771181343	-2.07605616608678	5.53453310395262
moro1287	-1.27390757444055	1.81685497781845	-5.14234110781887	2.06944283034089
moro1289	0.439178385219832	2.11531075862379	-3.64690323217232	4.77464139494576
mort1237	0.141854271317171	1.95006402572002	-3.49741049623377	4.19973721295936
mose1249	-1.00737018395839	1.93193402815642	-4.84757642856467	2.79036720115351
motl1237	2.10910438764661	1.9446342573197	-1.31030546972727	6.33030320359441
motu1246	1.43613746442965	1.92112386220523	-2.10058664461933	5.63103574767906
mouk1239	2.25263149946029	1.86555837080757	-0.888416361871251	6.39752115281185
moun1252	1.41889255659582	1.94968390401052	-2.26769941676372	5.40536713357754
movi1243	-2.59454880461589	2.07255426354223	-7.10916828222782	0.966960693446709
moyo1238	-1.54103775189515	2.00639241273512	-5.75098030795495	2.22815522740932
mpad1242	0.568510147335241	1.93846695447587	-3.13950928397795	4.60168317216677
mpii1239	0.364684821256021	2.11025381554018	-3.81107404520267	4.71622934746212
mpot1240	0.113407807108923	2.08854638340544	-4.01031871491376	4.2848853941979
mpur1239	0.736304160197533	2.04703981856741	-3.19889273517229	4.94549439132905
mual1241	1.38429902523669	1.87436483067577	-1.91407161069612	5.29647544497135
mudu1239	0.0270451145697109	2.14293284958187	-4.27893275720801	4.31309615732116
mudu1242	1.99423851031638	1.99658001034367	-1.50641248048118	6.32634904447832
mull1237	-0.0122441683680368	2.00189581277142	-4.01339966037336	4.08171212477094
muna1247	-0.601189447908238	1.55227397769615	-3.68676546694397	2.43626834655306
munc1235	0.0327651467679467	2.03922597970589	-3.98134880402558	4.13926746168182
mund1320	0.227896135942617	2.05902904499837	-3.79397404025057	4.46897083180791
mund1325	0.621408580468645	1.88405356759247	-2.97930127491373	4.49842826073888
mund1328	0.580826230872679	1.94721444362467	-3.11553848154934	4.51153304400708
murl1244	-0.642554568639294	1.93567244805298	-4.5682862809173	3.03814341528609
murr1258	-0.382907213764803	1.90138524198212	-4.19982802067931	3.37985750601701
muru1266	-1.69606894104565	1.95026416866243	-5.86538292986721	1.83829110504574
muru1274	0.3893924111927	2.02226263344517	-3.66514274612527	4.5026063700048
musa1266	1.50835695169354	1.99766900723676	-2.13472187830651	5.7681006880672
musg1254	1.25769336678952	1.90794967337639	-2.19932333785406	5.3358931674886
muso1238	0.953370675521919	1.59657249236711	-2.14243273463701	4.1748053320332
muss1246	1.15083860023341	1.91033507120055	-2.35104529388842	5.22947719303982
mwag1236	0.285729333597568	1.82223858983428	-3.3373624415497	3.99330614819893
mwan1247	0.0835764489623043	2.10495727652976	-4.13760491090198	4.32850510789617
mwan1250	0.11587933597836	2.15122673771412	-4.07781198740094	4.52912782880291
mwer1248	0.148152904670229	2.1102154612579	-3.91486053651286	4.55508595106313
naba1256	1.10207213821131	1.65569070021737	-1.99138813885458	4.54364464208258
naka1262	1.85873639790882	1.86907610455905	-1.33783233393124	5.92941986877332
nalc1240	0.621690393494655	2.08435654372338	-3.26871903203621	5.03814205031912
nali1244	1.19434300070982	1.71759638418882	-1.97839298930457	4.75701966902443
nama1264	0.861310301260649	1.96593660472468	-2.70563743211806	4.94095256601898
nama1268	3.07556562543106	1.81155231717338	-0.10455389488405	6.96236270782128
namb1293	0.611453872418545	2.13068841075001	-3.48772349726844	4.99427665332668
nami1256	0.501774552724284	1.84993162053299	-3.10215487590293	4.36493263278944
namu1246	0.0675694591596908	2.15518213977587	-4.18346829392752	4.46591590102949
nana1257	0.0341333626604422	2.06403413261151	-4.03871270508893	4.12330681895805
nand1266	-1.70156603681546	2.05260522135369	-5.94452750342778	2.10929979666615
nang1262	0.552740136935008	1.52803434810588	-2.41344773376446	3.61825407207808
nara1262	-0.714247229380073	2.08587191456564	-5.04213898601166	3.36864645143667
nati1244	3.3301523314358	1.86097896809264	0.151851552562851	7.3536313484956
natu1246	0.488405654701615	1.52058954760748	-2.45375997416999	3.50435847580168
naue1237	1.12231457049521	1.94493950864151	-2.51681888756456	5.30626954879177
naur1243	0.292142488541396	2.03557970481932	-3.61536155254805	4.46155119808616
nava1243	0.50837846484001	2.04990140161771	-3.41933891637778	4.73428533133615
nawu1242	0.108169496655877	2.0946695273607	-4.02922971650549	4.3476590262618
naxi1245	0.137066171739098	2.04797307571878	-3.94406778324622	4.23291801294073
ncan1245	0.596028350557052	1.93679594698368	-3.05905021384128	4.70979655275524
ndam1239	0.136282328471299	2.1214139537555	-4.06704904483811	4.36065642896828
nden1248	0.107619267009347	2.10822590745145	-4.09504030334387	4.38809703239266
ndog1248	0.274102085919054	2.05605925525631	-3.79643927246364	4.49154791306395
ndom1245	0.320401694698052	2.09175604149978	-3.75703025263392	4.49494290133067
ndun1249	0.236287918494766	2.09734370668245	-3.83328061852808	4.58379970875324
nege1240	-1.00444841366076	1.77927137247927	-4.58247708350435	2.45441521238454
negi1245	0.0942473592625636	2.14343258492829	-4.14476630008513	4.39804001711212
neha1247	1.15138051328079	1.89107879610749	-2.35014174567229	5.14974132078373
nend1239	1.50135112096136	1.96729336710278	-2.07193904128232	5.65286574639404
nene1249	0.00416553516178642	2.13428006730088	-4.19759135130024	4.21140357036659
neng1238	-2.06764239136553	1.88953640097839	-6.1511248413332	1.29237107286399
nenn1238	0.625124373555188	2.12768526631678	-3.4136098320081	5.07068966482202
nepa1254	0.380876002741518	2.00029102659598	-3.3992310209335	4.56934883706492
nese1235	3.2618070569265	1.82858046878248	0.06940753431812	7.13510806217512
newa1246	0.373816701491506	1.999477505299	-3.56604029997502	4.54110709052899
nezp1238	-0.950558104842031	2.01455074765308	-5.25497762044946	2.92933233939049
ngaa1240	0.594605738830785	2.00093739403263	-3.2544328931911	4.79323908944247
ngab1239	0.436651373803048	2.0393121399016	-3.55199785046002	4.6169231002415
ngal1292	0.348480487915151	1.87035548211202	-3.2663238422715	4.2008610389919
ngam1268	-0.518432952982372	1.97956115120738	-4.47750531010253	3.33825605387181
ngan1291	0.0315215697349506	2.07353292040203	-4.08436149030917	4.13490592577058
ngan1295	-1.28923644313055	2.00403068718846	-5.56411407980282	2.41235388363662
ngar1235	-1.49754663573029	1.83699389372157	-5.39458089691061	1.81876489377639
ngas1240	-0.208780658696456	1.74633460081394	-3.81675751004731	3.27983476583187
ngba1284	0.165976427007505	2.07987269370218	-3.8845366633011	4.32286248038441
ngba1285	0.260429780343679	2.02860563322615	-3.67919042881489	4.30965954145308
ngeq1245	0.762968825214525	2.00767577888623	-3.02273576472428	5.10641462968666
ngge1241	0.661737333124243	2.06779190176058	-3.28370675564565	5.03519388060789
ngit1239	0.197968307539452	2.02662367171693	-3.77012969859987	4.3147397605541
ngom1268	0.251766862302645	2.0958513015196	-3.88360976419561	4.50293312670759
nhan1238	-1.43772621873041	1.96362420433307	-5.63876932477944	2.19194055687907
nhen1239	-1.58515370891408	1.74912998502702	-5.33487737254679	1.71599467880047
nias1242	-0.928795771207502	1.90537776001216	-4.96566994285802	2.624017573295
nige1253	0.942890373580497	1.98732180502986	-2.72223150069127	5.12962804148918
niha1238	0.118564782521279	2.11612336465186	-4.00530599505946	4.4037692253715
nila1242	0.201193143282447	2.058380613919	-3.83807557119103	4.49256663794974
nisg1240	-0.657473690881141	1.98844427723687	-4.69509759885142	3.20237703711778
niua1240	-0.712670409190709	1.84899126352993	-4.64095118867579	2.75977151688627
niue1239	-0.824216532588895	1.86222070787986	-4.70238956857782	2.60594890641263
niva1238	-0.878609632461358	1.99926360853187	-5.11300714717804	2.84184874868647
njan1240	0.457471550878286	2.02979169204225	-3.38901564517698	4.67909763014693
nkon1248	0.182916784471021	2.15691346102841	-4.08027400995146	4.68662912498171
noct1238	0.0878860524344871	2.08012789905689	-3.96456033721236	4.37350381832133
noku1237	2.31670094725929	1.97915370312606	-1.21453089968293	6.62598169738059
noma1260	0.181096660641261	1.99252474534157	-3.73835330454186	4.22004610151865
noma1263	-1.6255904508438	1.86699358148874	-5.59758795520697	1.69544858378377
noon1242	0.047200450875721	2.12026598608168	-4.26594436423255	4.33728838266025
noon1243	0.589545038996576	1.94555217918937	-3.13504545599219	4.70353396154514
nopa1235	-1.74536926983776	2.06134155940057	-6.09646081065057	1.97369300201035
nort2671	-0.00423074510256117	2.10783089617654	-4.21637110054022	4.22234879668352
nort2684	0.610661231909668	1.97546887514197	-3.09401214536007	4.7488144935798
nort2690	0.0288011994171793	2.12590823910556	-4.27112141814476	4.4225506242037
nort2697	0.210003459476377	2.11638642146787	-4.03856230388	4.53616246154672
nort2699	0.076966298111414	2.11179103853299	-4.15084587211446	4.25864259772971
nort2702	0.128142977707058	2.10260138907509	-4.07556968296822	4.43923396341126
nort2722	0.0186397231819737	2.06563423124069	-4.09516213526575	4.20997815539851
nort2723	0.0959268444169751	2.10048928232635	-4.06753064135409	4.36253349855385
nort2724	0.113319194814154	2.03706964465576	-3.98402602727228	4.24278787732822
nort2732	0.0723729996474162	2.17709755718907	-4.32310657748068	4.54887481230158
nort2745	0.0913526397713469	2.08941694924261	-4.0942138231802	4.47785478834635
nort2747	0.0779752102973154	2.1173002317664	-4.20592119036512	4.48320483421083
nort2774	0.18839898583713	2.09847606798585	-3.99292616190322	4.3404087376242
nort2775	0.0353050000839873	2.15942516567667	-4.28602965255677	4.50748926129255
nort2795	0.105209833326822	2.05593698699234	-3.82438273753888	4.41446713076634
nort2836	2.92967200515466	1.76110276491013	-0.092921202110344	6.84698060049914
nort2839	3.35865434198832	1.8521216221748	0.1443179323799	7.35162307837389
nort2845	-0.684130008810979	1.83796683743318	-4.55243678913345	2.64654157901616
nort2847	0.844279984362456	1.64022686410409	-2.26283700743217	4.28828063733219
nort2864	1.09148859286713	1.89771119636284	-2.32380592576572	5.18004397494309
nort2877	-0.330272030314549	1.66740723419638	-3.63568282541196	2.96107898782744
nort2885	-1.15065398729384	1.91678265519233	-5.22528399403108	2.3190202908762
nort2930	1.0842321153665	2.12262354501362	-2.8739771972342	5.4561903289896
nort2938	0.547035006655921	2.00662496716999	-3.24937727642316	4.84469757756579
nort2942	0.175517376505157	2.02925490782933	-3.77869307781837	4.33377146505478
nort2951	0.314272942515227	1.98575655377747	-3.52238805411935	4.46709807656224
nort2954	0.500362399709596	1.97272923132922	-3.20214006914246	4.61395530834867
nort2957	1.16960667296645	1.55678967514472	-1.72674236934179	4.3500922776048
nort2959	-0.509572894293877	1.83181760065714	-4.29205472059437	3.02022076971736
nort2961	-0.384002722308834	2.01395228462514	-4.54274847137975	3.48172530638564
nort2972	0.281087489704619	2.09943424207841	-3.90315953735976	4.45077332100182
nort3047	0.188507998616261	1.70384317822179	-3.08429765059476	3.75878489175683
nort3139	-1.43868250610092	1.88657257073795	-5.52560540306541	1.96210005695075
nots1237	1.19764868361614	1.69225937366127	-1.9981257541078	4.74255529908599
nsen1242	0.0430117396159572	2.0960999747985	-4.07946860387009	4.24352388032669
nucl1235	0.496516055530302	2.02370875900543	-3.33321121197368	4.73818974243855
nucl1240	0.327172208069183	1.9714876142677	-3.44256620148985	4.416433135741
nucl1301	0.037456094442513	2.12144251710264	-4.0991374873753	4.32769800158428
nucl1302	0.763898802623659	2.01487337632411	-3.08018970874767	4.99744840272542
nucl1305	0.0207681502102056	2.16114770338314	-4.22592256074745	4.51779418351385
nucl1310	-0.0873117560384129	2.03480561229035	-4.19599909709775	4.0079189117518
nucl1327	-0.530460118889348	2.08187482717654	-4.86710279289411	3.50014540981885
nucl1347	0.0250141077380125	2.11155994229616	-4.23360131628621	4.19236083486661
nucl1417	-0.599112017442807	1.9749277128227	-4.63626528156182	3.28293935582849
nucl1452	0.357906830123023	2.07483941465353	-3.85561075529479	4.66863916793535
nucl1454	1.34492207306642	1.95223153719354	-2.17409205880266	5.49294246616261
nucl1458	1.53430724359493	1.97944535329879	-2.0535930592952	5.84706292159649
nucl1460	-0.339956241585029	1.79582040446931	-3.92806776007961	3.19827406461436
nucl1593	0.601076763650497	1.82229945287249	-2.87624639792374	4.36908343843418
nucl1594	1.09542990667993	2.01795011968249	-2.63208541557284	5.47027885939103
nucl1595	1.05533915707669	1.99740271737324	-2.62069095725759	5.32192178257619
nucl1622	0.41918106299495	2.09204533529057	-3.52356150527983	4.80955705121163
nucl1632	0.735566791837515	2.05628701587567	-3.15002811422016	5.01523273747753
nucl1633	0.769958838899149	2.08293370470064	-3.11804769748152	5.09950256794871
nucl1643	0.109067296847858	2.08561561670265	-4.07283512053139	4.27707236587956
nucl1706	-1.79669503694617	1.88661179759408	-5.88759394244476	1.53705590169503
nuer1246	0.340422815911572	1.93550212192414	-3.46280814156401	4.25714353520344
nugu1242	0.269282025819623	2.02536873832131	-3.67032880744926	4.4275827734705
nukn1238	1.49644094704889	1.79891345996271	-1.68508895341251	5.3079996637964
nuku1260	-0.815319197936964	1.80410728169643	-4.71745502404509	2.47848264431827
nung1282	0.124730965684334	2.05017156343261	-3.88780989628082	4.23004125603635
nupe1254	0.0398349645481787	2.14063858709375	-4.15598052662212	4.45623774524838
nusu1239	0.109681480037988	2.03144158220529	-3.98068205497827	4.26710402195869
nuuc1236	-0.999715670384933	2.00009442822433	-5.2337592204163	2.68659785811494
nyah1250	0.495082430509911	2.02153350885294	-3.28198885187817	4.74844521533891
nyak1260	0.108195909711068	2.08439207747755	-4.05533563072468	4.31200185285653
nyal1254	-1.69426416799843	1.92560577331501	-5.91096081684975	1.75015335724284
nyam1285	0.623834030127142	1.97893624294476	-3.0912147204179	4.83514409453658
nyan1307	0.156375335979699	2.08812070150959	-4.05826779495102	4.40966626351599
nyat1246	0.412517458760391	2.03826529116375	-3.51220237758587	4.52889237672464
nyis1236	0.0523190243440198	2.03659242884334	-4.02479610185338	4.07372168595301
nyor1246	0.174980781129026	2.08240427278144	-3.93307237080119	4.51968798813594
nzad1234	0.0816323128387043	2.12896824642269	-4.00433083439699	4.36090178574908
nzak1246	-0.262578320525139	2.02447409759293	-4.41388324109279	3.89884497300317
nzak1247	0.093058881084958	2.11730582947303	-4.11052189118077	4.42156080416247
obok1239	0.976451335538278	2.07195455286372	-2.8569830008301	5.44014404162803
obom1235	-0.532806949237992	1.72677015614934	-4.08378167471513	2.79656371920553
occi1239	0.179327816936825	2.07036476966598	-3.82175950950229	4.46788290994509
ofay1240	0.00886070674168908	2.09637805668099	-4.1206065639404	4.20387608894826
okan1243	1.78355036974021	1.92268902837937	-1.66218818085057	5.87504884038407
okin1246	0.10316249495269	2.06281511999147	-3.99116996166485	4.21185991208634
okoe1238	-0.594712644675343	1.96169589395712	-4.6055084856076	3.23780860944883
oksa1245	0.733849610936928	2.09285549069326	-3.26686263403192	5.15747341315171
okuu1243	0.565121465731403	1.93838328072981	-3.14720759503673	4.53118896968655
oloo1241	0.0538520723523989	1.66894747737183	-3.20616025596406	3.32588486169614
olut1240	0.557934854895346	1.65023480300449	-2.55092497896833	4.04597723416297
omah1247	0.265321340417154	1.98802570270432	-3.64686785038944	4.32397118121838
omie1241	1.39338692158077	1.98817007382807	-2.25233240083303	5.5561874123972
onon1246	-0.949873410153111	1.95439142600277	-4.99622683028667	2.81247607636899
onto1237	-0.980509998951052	1.84968723243889	-4.91037008543041	2.49108541789031
oriy1255	0.274279452983017	2.00540179117253	-3.59812385621973	4.28386604380374
orma1241	0.243397829786784	2.03519922203594	-3.74114887212108	4.4521511522691
oroc1248	0.0482494444149684	2.15668924559561	-4.35961210403885	4.42597975788911
orok1265	-0.00570766188357988	2.08032539769265	-4.16209646880989	4.22506751634755
orok1266	-0.5841382884596	2.06832297287394	-4.78369924271393	3.41894409296917
orok1267	1.09452191660468	1.98509179669675	-2.70656428479784	5.19529928374163
orok1269	1.29314179624408	2.01143736977554	-2.48378379694173	5.52521086065214
orow1242	-1.59875069788929	1.57300453177405	-4.87645170339299	1.27751374303052
orya1242	0.786213626857608	2.06946708307222	-3.18886619231822	5.07343345610102
osam1235	0.0787001178383575	2.1238531564902	-4.09812708586354	4.44320392983708
otta1242	-0.299711501088209	1.9683387364634	-4.33621219212345	3.53152004027129
owaa1237	0.8361317277991	1.93477780431832	-2.73241282469031	4.95672402739761
paaa1242	1.12544452122568	1.90991626568865	-2.49069676576737	5.25305729490175
paam1238	3.33228807917002	1.82957301559923	0.232510823573461	7.32597121510313
paas1238	0.124429688075362	2.06484782505104	-3.8562892460069	4.32174753765226
paco1243	0.632459958494457	2.05729989089899	-3.22706653880257	4.99851644083153
pagi1243	0.204605136701052	2.04921174516338	-3.72785752510169	4.36739816653059
pagu1249	0.0922666735721695	2.13555162625778	-4.2021312249068	4.55202014765997
pahn1237	0.398429497375377	2.07582273499733	-3.55388422086843	4.75881256208826
pait1244	-2.99123576056235	2.19113609102746	-7.77558728019579	0.832135161494485
paiw1248	-2.37102929934522	1.95532299274266	-6.62575930297026	1.08932494041934
pala1344	-0.881003025147406	1.9350011510994	-5.09011240229872	2.64088549187443
pali1279	0.872298390262696	1.90072769725847	-2.71768326651278	5.02276912305737
pamb1243	0.170183284051247	2.12421287889119	-3.97728297583834	4.47338509989516
pamo1252	-0.40401335864312	1.83754156679161	-4.25739221059231	3.05905327000222
pana1307	-0.0337586654417916	2.02589033684861	-4.00842602937067	4.17943553785062
pang1287	0.137219756604494	2.05722451135828	-4.01937011223134	4.30148085172993
pang1290	-1.40059166969326	1.84249317872556	-5.22866427813098	1.90621957964655
pang1291	-1.27297793250411	1.9446463380436	-5.44889284022931	2.28545538871167
panj1256	0.178209531719613	2.07081648768421	-3.9111747777137	4.37322143963741
pano1254	0.659375358914004	1.99758984549032	-3.06438749491728	4.87392501518819
pany1241	0.221655146645898	1.82471846523384	-3.42178774396522	3.84707082293466
papa1238	0.436644135420566	1.7213424527631	-2.94835284559439	3.88787495472361
papa1265	0.891195090927342	1.68926745134925	-2.31834844107973	4.42749618642362
para1301	-2.07450005654915	1.94329649219756	-6.37895178775347	1.35062678388064
para1302	-0.0733932711557103	2.08034341219025	-4.14242946935823	3.99900450892465
pare1266	0.373512802696853	2.02777001468986	-3.52285475060727	4.54404538198302
pare1272	0.820164622685519	1.99973677883409	-2.90425344140366	5.00218122699977
pate1247	0.622894206963889	1.4422484007067	-2.10778764005251	3.54785997119562
patp1243	1.84587665092549	1.75681296711176	-1.29303339421638	5.59461584253875
patt1248	0.0468586058742407	2.12212957988054	-4.15966894205418	4.34983278857432
paul1238	1.065148733549	1.89929366598509	-2.36669036899908	5.18183119831558
paun1241	0.46181231820485	1.72710283168616	-2.90859724411235	3.89660986422858
pawa1255	1.20592186567866	2.10292596046295	-2.72729823115743	5.60727215564545
pawn1254	-0.475747983618132	2.03279517992637	-4.6496018142493	3.56727238977447
payn1244	1.5067297704729	1.96697582363297	-2.04867992734802	5.58081895308906
peer1241	0.236645497762366	2.04353204631519	-3.74304428308605	4.41938590956351
pela1242	-0.177172628697745	1.97967347599812	-4.12914018001143	3.81525321638831
pemo1248	0.652160926987236	1.90637396763501	-2.9401078529282	4.66700143652639
pend1242	0.356101480184602	1.65776809633035	-2.94567417186124	3.73692035676441
peng1244	0.363290240154555	2.05791112421423	-3.64710882042979	4.55799559074366
penr1237	-0.654884560469909	1.8950285063412	-4.60993485037671	2.84000410440482
peri1253	0.0178212026674559	2.12162727472037	-4.19835300670903	4.2604356978191
phai1238	0.549372402797444	2.01725436045096	-3.31874586845511	4.78573476155527
phak1238	0.0946520791086844	2.07057516031333	-4.08561385585653	4.34001036984026
phom1236	-0.0480161741805161	2.05974766367142	-4.12351172090353	4.09177508204429
phon1246	0.586896723351359	1.99924527710305	-3.1551229433543	4.76204389601226
pila1245	0.776130617191833	1.9374080940919	-2.80709494962551	4.8583143595626
pile1238	1.31528215418832	1.55986908194549	-1.62550004583412	4.57881383997158
pima1248	1.73253268628283	1.86991477673386	-1.66131886614709	5.7421089948654
pina1252	1.27273831519182	2.00214441757944	-2.52248056176433	5.41955081674598
ping1243	0.44420563332631	1.99603200426822	-3.3194815629602	4.70920585380397
pint1250	0.72788964907755	1.94388476468318	-2.8964239791153	4.8286412808476
pipi1250	-1.29196759897733	1.76563041553925	-5.08974201062756	1.9361731919685
pite1240	0.0303486703826405	2.13686827910808	-4.1022525864663	4.36106547459718
plat1254	-0.677910339050074	1.94163429629339	-4.72543325941478	2.91650636896657
pnar1238	-2.20265205217223	1.83362511879731	-6.06986558027274	1.13542748861094
pohn1238	0.392649843879735	2.02333990696057	-3.45067520875095	4.59437401693772
poko1263	-1.55687080648975	2.02457790737619	-5.90943071695552	2.15910290963887
poli1260	0.169662844418831	2.10833268262494	-3.7884293712926	4.5169856937146
popt1235	-1.67395206158794	1.94240373988678	-5.74152591554648	1.85583049474515
port1283	0.173104079596076	2.0884666056967	-3.83883305405152	4.48316360061825
port1285	3.45210416160416	1.85930790681942	0.255418491614824	7.49514385554345
pras1239	0.156979168848483	1.99437522190785	-3.7339652948529	4.13322307456985
psik1239	-1.48882509828534	1.68446005429295	-5.06670567323279	1.71153900872338
puka1242	-0.77140967053564	1.83813829279243	-4.6972892703591	2.54623361649908
pula1262	-0.156590199180032	2.04278724190558	-4.2286846152009	3.8825578462293
pula1263	-0.0531209018544624	2.09462461643433	-4.21196663065478	4.12517738183434
pulu1242	0.320876433060223	1.98500178803725	-3.41273195683739	4.43218871921986
puma1239	0.345928762931057	2.03430087416909	-3.67707918111138	4.60083735459455
puoc1238	0.697557193448512	2.01905729009066	-3.21325822486203	4.91500240831188
pura1257	1.10485855622626	2.05193695598362	-2.69061067204829	5.42458470199387
pure1242	0.896358761450059	1.99444727803373	-2.87618162583856	5.02421746662193
puri1258	0.0679030033511244	2.1280545061637	-4.1907869848959	4.33305626512915
puyu1239	-2.63486147670438	1.90389607782014	-6.71808976939736	0.659986301376361
qanj1241	-1.30821826956246	1.93661691269114	-5.32822982835653	2.28908386912371
qaua1234	0.162152034086972	2.1143431340542	-3.93634383920396	4.47161957890916
qawa1238	0.449387016818786	1.99341737679365	-3.39991615275616	4.55939395457119
qima1242	0.776698244977718	1.90774802048117	-2.81030799161197	4.81393929830323
quer1236	2.62162051541739	1.95939452331113	-0.812439575440517	6.89334546117569
quio1240	-2.08628819558635	1.90749955917704	-6.2384960226333	1.26330771362673
rabh1238	-0.314002560318109	1.98195376843276	-4.41622610286462	3.64792802801602
rade1240	1.05417798031082	1.9226523519272	-2.60803765335316	5.17604166305643
raji1240	0.158540279799531	2.09513115498605	-4.03659311119457	4.34827135816706
rama1270	0.42956034906631	2.07537690618761	-3.66582588353694	4.79196588179581
rapa1244	-0.720855906465876	1.80759545203486	-4.53296182942641	2.68968004306863
rapa1245	-0.61822566817681	1.85798356904571	-4.5647774002686	2.83457571055384
rapo1238	0.512993139325117	1.64072147263474	-2.6723665441289	3.86894160913602
raro1241	-0.640568770472694	1.85801687309152	-4.53377226258351	2.8026360586463
rata1244	-0.828653669893198	1.88156898087285	-4.90345646590928	2.62902454542124
raut1239	0.115502338100887	2.07804947050136	-3.97275146807546	4.31471226644725
rawa1267	1.50604130263565	1.9570078667547	-2.03523258870238	5.83635516233962
reja1241	1.48643504207873	1.87441861652279	-1.93079901705109	5.51568595591805
remb1250	0.233634138750373	1.74844468178141	-3.14389972859717	3.82149200293145
remo1247	-1.32321272512899	1.91317035537763	-5.36219382666736	2.10647590048421
reng1252	0.837451101666948	2.02057836136647	-2.92503834922509	5.1598960912088
rere1240	3.47986012434448	1.86709592281357	0.297434861022539	7.61209487920967
resi1247	0.386351973659443	1.75999297786634	-3.01715253536556	3.96021811608549
reye1240	-2.10073881378476	1.87387849644209	-6.0117959249896	1.32895975016873
rian1263	0.367040936631363	2.13918465503241	-3.80454592353387	4.72823235502965
rita1239	-1.53890810650326	1.92702174753959	-5.66255372753583	2.02295499695062
roma1326	0.237091628946539	2.01143752241998	-3.59845716776232	4.33730103970907
rong1264	0.0608558680308996	2.07937318229366	-4.12778967689234	4.2340127228508
rong1266	-1.28230343622543	2.00403667311802	-5.45741785670571	2.55155560277577
ronn1241	0.200900323614411	1.78435802630922	-3.27668560114968	3.80309247686102
roto1249	0.794516977768608	1.66817764471547	-2.37248122130185	4.2506065588678
rotu1241	0.862829481002403	1.90144230336931	-2.67205510295001	4.87014872131265
rovi1238	-3.13966358503662	1.78912898608779	-6.88459253714289	0.0238552572029149
ruch1235	0.00383898831002874	1.97130546175521	-3.90129122735582	4.06196252799012
ruka1240	-2.68857036012725	1.91202867694003	-6.83003153766993	0.639397202020305
ruma1248	-0.0488073303357395	1.91367330903852	-3.70505353660272	3.83944466228625
rung1258	0.169709670465939	2.10641331426534	-3.99886208395312	4.41276979278349
rung1259	-1.35836772523805	1.72847187055235	-5.05746501547855	1.82123635096168
russ1263	0.102293078534079	2.06658802117074	-3.87931438745435	4.46599065180531
russ1264	0.0310310039940683	2.1389408571365	-4.15882267604225	4.40311360800983
rutu1240	-0.744073451760679	2.0720283877337	-5.0620712822647	3.29866253741562
saaa1240	0.622518528340596	1.76897324458703	-2.70091555599786	4.23159723149344
saaa1241	3.19724635318755	1.88427560112378	-0.00352945876948163	7.2932484604537
saam1283	-0.505784310753709	2.04537333184018	-4.61852987374744	3.57509373743668
saar1237	-2.62657820570736	1.90398734716786	-6.62193279250116	0.817404795604899
saba1268	1.04503648669975	1.97819264570829	-2.6462334986422	5.17667195487052
sabu1255	-0.92149355240238	1.75274968835737	-4.41335622874836	2.47961307830467
sais1237	-0.5181669489128	1.7359687555707	-3.96297056166912	2.91923781624981
saka1289	2.76002031290119	1.9791078350849	-0.674562826891359	7.05819898666896
saka1291	-0.803764512654701	1.96766363261053	-5.1438549067402	2.87897506247032
saki1247	-1.61045096887955	1.82548806179565	-5.498689593357	1.74679295783819
salt1242	1.30197608767202	2.09070562542649	-2.58600825377998	5.74067635479391
samb1305	0.340349396823048	2.00257702295223	-3.6009081570232	4.4617689895802
samb1311	0.357188454419327	1.99944972021526	-3.44590588361746	4.524332132462
samo1305	-0.798517003001563	1.92032717478068	-4.96649284055858	2.67997248461743
sana1295	-0.661598478234704	1.91076699978278	-4.72967504520327	2.88369041209268
sanb1241	-1.74937661411754	2.03213196562164	-6.00475854466496	1.97557039206408
sanb1242	0.189406365773733	2.11534467115981	-3.92917558295191	4.4762757593588
sand1273	0.68888099663313	1.97369084055859	-3.17857629329549	4.73159617240029
sand1278	-1.36971529886367	1.98030041007796	-5.49920152196744	2.27775604335654
sang1331	0.0930464335851999	2.09762628113302	-3.97255515410405	4.36360549056068
sani1269	0.318150855167092	2.14529428090347	-3.9644427694	4.7164934388731
sanj1284	-2.06516284171741	1.97942983821659	-6.46139354169509	1.42579520238687
sanm1289	0.145447061278057	2.0562222670245	-3.87325243600587	4.28223163439632
sanm1295	-2.0023763421636	2.05918549508882	-6.31922435396487	1.78146830661815
sanm1301	-0.97870619032914	1.88918786340313	-4.91953157745013	2.46470158742523
sant1410	0.263256570632352	2.0110782484956	-3.58626159957693	4.40272664217157
sant1436	-1.74680885258115	2.07277194369326	-6.13819294624361	2.08896807265761
sant1451	-1.72397795218795	2.04829343771912	-6.13453828367447	1.9476534197493
sanu1240	0.202480754072439	2.08428796841577	-3.8877177612925	4.48061420705476
sapo1253	0.592767111571111	1.65079706360959	-2.57449012991714	3.9740983775247
sapu1248	0.781020404044347	2.01062994326606	-2.86730298005154	5.02770619055139
sara1321	0.222635393596278	2.07747730948191	-3.77710758793028	4.45309279187394
sars1236	0.554524271173338	1.99532809574322	-3.37281345108675	4.67288075713014
sasa1249	-0.0913896915487891	1.85701488465505	-3.64493752404239	3.61125762549004
sata1237	0.187273425328554	2.05893085871708	-3.92909030793565	4.44990506134863
sauk1252	1.21222357943647	1.69382522131298	-1.90602737262293	4.87789693279336
saur1249	0.261221764682389	2.02920758211185	-3.71612859010335	4.41575276844715
savo1255	-1.99587339301173	1.6644207118045	-5.49274371402617	1.10759464283964
saya1246	0.328002621236609	1.81539019240757	-3.21327378887987	4.13497277838492
seda1262	0.75166995934125	1.98760230936594	-3.000922211883	4.91018493380169
seim1238	0.857223775243806	1.88797674493462	-2.65601176626605	4.87056861030142
seke1241	3.18247492724188	1.88414491234422	0.00957900461759691	7.34856186389439
sekp1241	0.191687145542007	2.15070234015394	-3.98962272014963	4.62477896834646
sela1259	0.509247652280045	1.95515632661439	-3.18753853216496	4.62923433732805
sela1260	-1.77657982614519	1.90962042995382	-5.95994431089439	1.65473682522472
sele1249	0.18794702720842	2.15609870318423	-4.07276310527118	4.63833026054827
sele1250	1.56155596173301	1.83602806830255	-1.79389149055179	5.45210564425843
selk1253	0.0195219052491685	2.181785646514	-4.28038202735805	4.41547493902692
sema1265	-1.81509912399216	1.9147235774938	-5.96674135840866	1.63458559997473
seme1247	-1.74643338685939	1.79290105030822	-5.57460008366239	1.52733588698573
sene1264	-0.521856117888307	1.98473268186975	-4.62694302451881	3.26548353795289
seng1281	1.87122391077744	1.86913982367652	-1.48144010933718	5.98005794068133
seri1257	0.665901335639628	2.05470380480975	-3.34795559738873	5.02651137374954
sgaw1245	0.25349549591049	2.08759298646201	-3.84515014172635	4.59703170920386
shab1252	-0.0478239266461821	1.92226978843391	-3.95255948664343	3.7533670027558
sham1280	0.226156955415304	2.08917447346251	-3.92063208515985	4.45984839007862
shan1283	0.593787356630206	2.05987529060647	-3.35530139709467	4.99188225435903
shaw1249	-0.383672621968836	2.01474769824382	-4.63993822180939	3.57449259480439
shee1238	0.0625131777538183	2.11554315967147	-4.10709897673218	4.33940880728584
shek1245	0.622662428429173	1.99730073855228	-3.28836039085641	4.72333768840821
sher1257	-0.0408856780840461	2.05465805464261	-4.04802942397869	4.12726164801299
shil1265	0.525561044930426	1.9830158148923	-3.35726556370373	4.75866552506632
ship1254	0.581545905828586	1.94940347838036	-3.11623893294324	4.62187445999722
shix1238	0.114633006878141	2.14125021025929	-4.15499332748235	4.43878890433313
shol1240	0.0391648478888611	2.16507156473184	-4.21137948338132	4.32569040175076
shon1251	0.0687540686821924	2.10117988902149	-4.02104927768843	4.32069374363266
shor1247	0.0106612052049798	2.11564602380483	-4.33815698558977	4.19847537412543
shos1248	0.476584043428491	1.97867352491696	-3.25350095658383	4.57718244636863
shua1257	0.39957732440913	2.06704810377808	-3.64605700581235	4.55550404033617
shwe1236	-0.212357438878565	1.90042787133208	-3.92115209459957	3.60882536940571
siam1242	0.34645715605871	2.09364428193901	-3.79821905792436	4.63306941523566
siar1238	1.66014708618032	1.88007556078909	-1.78690088641825	5.71128283380313
siaw1243	0.673565067878773	1.91396231604905	-2.9972937710014	4.67390903526151
sich1238	0.0583645289346015	2.16401102328668	-4.30297890366512	4.5673161219088
sici1248	0.644039688857337	2.04097306584019	-3.2891787813195	4.84553400383132
sici1249	0.302863515502136	2.11306429423504	-3.80875170385111	4.63505270069248
sida1246	1.06126803884995	1.98957922727214	-2.6475357815234	5.32510024600493
sier1248	-1.83720645220695	1.84141629651853	-5.95472708243881	1.4063688087388
sier1250	-2.10748285565187	1.93619024427541	-6.22377742089537	1.29458838833235
sika1261	1.64777073277259	1.84507967566971	-1.63965961416251	5.75327936467388
siks1238	1.77755364656052	1.88780255060733	-1.61757539536843	5.80512671141678
sile1255	1.57014869389532	2.00541139539738	-2.05474171638523	5.76034593317786
simb1256	-2.3194264170897	1.75205366047022	-6.08840998814455	0.800630808412569
sina1266	1.48159671549901	1.91810643837933	-1.98027326184698	5.60669271056251
sing1264	0.0912755936480004	2.06379435874062	-4.03664543552467	4.25324974891186
sini1242	-0.156819315807261	2.14170216007085	-4.45556114909847	4.14054039654752
sioo1240	1.6564283568212	1.86607216073572	-1.73565098480918	5.67183156065192
siri1274	-0.193620895513437	1.82549313885952	-3.87439764472219	3.45624222979725
siro1249	1.59394933484385	1.96394958045048	-1.96044489085819	5.89190502575074
sisi1250	-0.103357881118543	1.76419635100598	-3.58788900198873	3.51269944467454
situ1238	0.0387974999545206	2.12808819430841	-4.16578928011598	4.27722609747751
siwa1245	0.76090705655757	1.80541262206198	-2.69397235568106	4.54332731085171
siwi1239	1.18767294723026	1.94184134133121	-2.47555856738772	5.27378807538583
siwu1238	0.183665195687398	2.15593643983181	-4.04960857422457	4.5896999882334
siyi1240	-3.17381098021484	2.20853445826045	-8.00770805197809	0.582857526065342
skol1241	0.000972127874302389	2.11905013491402	-4.28633846248503	4.25606250814875
slov1268	0.165663998814792	2.07427595341497	-3.83630286117333	4.37623233447095
sobe1238	0.996101500062767	1.99075266280406	-2.63090678802043	5.26003866938016
soch1239	-2.02304572075223	1.88861841662585	-6.14256726810155	1.34425375046034
soga1242	-0.167078996759572	2.04078504771974	-4.3167841591007	4.05930610277058
soma1255	0.23203134662212	2.03905373159066	-3.84686188185341	4.32422160600014
soni1259	0.0183175299163245	2.12835104022361	-4.29585137974625	4.2070196155011
sons1242	0.207271186015793	1.98996938408627	-3.59325835463135	4.24582746994329
sooo1254	0.566368881679709	2.00225972673501	-3.26148688826326	4.70405696469614
sora1254	0.351333347563543	2.02283709371702	-3.5474235432536	4.52814751832219
sout1528	0.0574093289118246	2.05602928068463	-3.98650869675207	4.3217487963081
sout2649	0.129347190118678	2.1241941557949	-4.03676632413359	4.50579912543323
sout2674	-0.0323645703980146	2.08371264208618	-4.28886304803597	4.13347821634368
sout2679	0.0499011155582301	2.14881043763557	-4.22679641449338	4.42742881518398
sout2715	0.374318612760567	2.01975046266037	-3.42956602027018	4.62169007082866
sout2728	0.0379441182339432	2.08678869923128	-3.95439175610702	4.32959281400604
sout2729	0.135420831962978	2.10550925549439	-4.00000778577973	4.39780563142405
sout2730	-0.0171723086581183	2.05802925037531	-4.14938324020895	4.0441047467968
sout2741	0.0524308562503383	2.13399192600664	-4.13833627600664	4.27414475204511
sout2782	-0.141533296623758	1.88256966087977	-3.85366062179861	3.62198831089376
sout2797	0.355227178037983	2.04529633799176	-3.68129019554326	4.5541014541709
sout2807	0.0408703737926187	2.14917560674522	-4.34076447883634	4.40932809585737
sout2826	0.0392928088740171	2.08375926820537	-4.18972183624574	4.23229676544098
sout2856	2.79992764353516	1.76803677995709	-0.217990540127932	6.67603042282309
sout2857	3.28610021660671	1.86027970134889	0.0682437074709835	7.29555987924007
sout2859	3.32953709586306	1.84050751889354	0.146454458679245	7.30259927440579
sout2869	0.546705652063011	1.5710966131654	-2.47499604120723	3.68641544186135
sout2896	1.2930163351338	1.90746330701956	-2.16583693880206	5.377601315517
sout2918	-1.02869472907653	1.9986733516056	-5.2823171722797	2.61001225697243
sout2949	0.728399146214114	2.07101660466906	-3.21763416145922	5.12614718201918
sout2954	0.0954841871733734	2.03217437872649	-3.8786794983448	4.19762898645288
sout2956	0.584720593152983	2.02299972659956	-3.34243542428569	4.82660235552696
sout2959	0.192183868220027	2.00204287961068	-3.70738665813984	4.38064757389191
sout2976	-1.35225296782721	1.82632565179846	-5.18039651431805	1.99062770324464
sout2985	-0.405312985581992	1.95168330102949	-4.39565528517788	3.33390054579502
sout2994	0.663305427925693	2.06204634159698	-3.38174423364101	4.89429092808528
sout2996	1.10661608800487	1.90415539212591	-2.39320362060379	5.20982367724063
sout3236	0.263115309156126	2.08283337169115	-3.83856854955092	4.44705323497799
sout3261	-1.22181453844816	2.07530425152855	-5.58557975236491	2.69636665058129
stan1289	0.157726607506255	2.0612958557005	-3.83618273453044	4.31522886498209
stan1290	0.0948408441951513	2.02310302104582	-3.90199580148289	4.16841256709144
stan1293	-0.185145102617966	2.03811036059248	-4.18346319331358	3.93284617529303
stan1318	-0.950539513386829	1.90655586995518	-4.88540546409113	2.57448244444376
suab1238	0.765334161161251	2.14713600788578	-3.32077729779948	5.2356977455228
suba1238	-0.0505905051734012	1.97506080663812	-3.90142260938344	3.99408415270402
sude1239	-0.158493252183165	1.89583857783546	-3.93670009368462	3.81129156489329
suen1241	0.724082461154148	1.83345229430052	-2.75700924480597	4.46928940270747
suku1272	-1.66037680184347	1.67911624945893	-5.21872334017665	1.43511167355701
sulk1246	1.7026301221497	1.94072351440678	-1.94556370659671	5.91120578012971
sumi1235	-0.247264795479413	2.04107057700697	-4.35189591775124	3.89171600449874
sunw1242	0.351459056699795	2.04391269450164	-3.66607949901181	4.52851370480446
supy1237	0.199959239329734	2.09347270066791	-4.03477816992375	4.37606335837772
surg1248	0.00662138783245403	2.12182482124596	-4.2686069763586	4.26563581851862
surs1246	1.80714991451326	1.78925348131939	-1.38869883472466	5.76572112042943
swah1253	0.135635297958496	2.07980180406991	-3.8993868709909	4.34437489482232
swed1254	0.114281922797323	2.0451000166523	-3.91314960611069	4.32928405031526
taba1263	0.0737375787907028	2.10787387004084	-4.14339650716152	4.35373667687875
tabo1241	0.75554731620429	2.04052276632953	-3.06499570642303	4.99438600459742
tafi1243	0.201054795149631	2.16124144633479	-4.15406241363037	4.52413758340149
taga1270	-1.13606652793697	1.92888134179317	-5.27494561596059	2.44235231882395
taga1272	-0.392084370260362	1.70738007787048	-3.90439949006444	2.9260634085315
tagb1258	-0.735751844809328	1.92133321016367	-4.76259366597101	2.81909036809622
tago1246	0.231579172428191	2.12450943473669	-3.99250223800362	4.63641186074063
tagw1240	0.160480929646865	2.15968218934342	-3.99054289443163	4.50755380055485
taha1241	-0.727047974688945	1.89955092455104	-4.75349083167212	2.86381904656157
tahi1242	-0.654205209506433	1.9210300933299	-4.7653895145374	2.88933901793532
taia1239	1.31293714378005	2.01334047080235	-2.42136912966411	5.60123021879392
tain1253	1.10917754602543	1.91406731571318	-2.51568589995311	5.0758837876363
taji1246	-0.0240713464703292	1.66483734296965	-3.35593993596919	3.26031191257754
taki1248	1.61590100161993	1.96676903773694	-1.95493318522049	5.83966334006353
taku1257	1.60876647069882	1.8110977711786	-1.67985241287627	5.5396588463014
tali1259	-1.28003154930261	1.57045193417638	-4.4367211688296	1.81218627396018
tama1331	0.240586973972596	2.12577098371222	-3.83838963394617	4.66481057330825
tama1365	-0.642727170846472	1.87541564431486	-4.53830351277216	2.90573345189981
tamb1254	-2.43230903099911	1.89966266583341	-6.56661742344649	0.902350274223979
tami1289	0.0171922321029754	2.11572276620795	-4.16966637187954	4.3766730712811
tami1290	1.2781123702052	1.70143576175112	-1.8472869168593	4.8497289788984
tane1237	1.66660730647854	1.92615604017161	-1.72760405439702	5.85086214803855
tang1336	-0.914315579575997	2.01109745568931	-5.12882939676927	2.948020485976
tang1347	2.99743409924698	1.89550246944076	-0.297889447368374	7.19985302602291
tang1373	0.0646090653224986	2.05825590396238	-4.00970775266935	4.26772009723528
tang1377	0.0922332814206231	2.10589516999553	-4.02730949195975	4.24408852052585
tara1313	-1.84117092175002	2.03222045048148	-6.12075077291263	1.89025730038997
tari1256	-1.29760488627761	1.7676974572262	-4.86956644215245	2.00417283605981
tari1263	-0.228041099896363	1.87487757870809	-4.13246924677425	3.40206692286971
tata1255	-0.00141895334646215	2.11942633365909	-4.20908968946076	4.19745751612222
tata1257	-2.24050754647161	1.84945209215694	-6.17119754184431	1.10737695018194
tata1258	-1.75136949976281	2.05892926581066	-6.13861003174085	2.06812126670588
taul1251	1.91775990885166	1.82973405847055	-1.38377825085348	5.79929308620024
taus1251	-1.10374161924878	1.96786841297658	-5.32490460078728	2.48549570927429
taus1253	-0.673791531020957	1.95318685163909	-4.69587019292564	3.08076199730255
tauy1241	1.46890306561823	2.02332610912627	-2.21777519474098	5.8122793087881
tawa1275	1.02902552166089	1.87498763791707	-2.47642541595843	4.97539709615343
tawa1286	-0.689124630886563	1.93690273679181	-4.76799526690171	2.89893844188946
taya1257	-0.556417550840551	1.93060396939759	-4.62393948934131	3.12218297012148
tbol1240	-0.278017626200191	1.72031670279389	-3.81127899825073	3.03958009871561
tean1237	1.6396603442521	1.89967349666313	-1.73767417889391	5.7378525874456
teda1241	0.0586046980884635	2.13437182487111	-4.09039312622169	4.40927907079071
tedi1235	-2.92785835839085	2.18054820104934	-7.86203926985242	0.836270400626551
tega1236	0.24473402688283	2.13463574361938	-3.95621327612182	4.55950404288166
tehu1242	-1.02971954853587	2.04020217684012	-5.37550667927452	2.76209959841492
teke1275	0.146866755230497	2.09805961817447	-4.1473808633826	4.34854379723103
tekt1235	-1.81494046590198	1.93232731167613	-5.89407920736464	1.7801358329104
tele1256	0.679532819615031	2.07825074419197	-3.21123488183172	5.02535595407636
telu1262	0.0869286263117422	2.1671917301417	-4.23981293163967	4.45399248420176
temb1272	0.245557761987432	2.10273127779941	-3.85935649291955	4.61458768323305
temi1246	0.327906612770882	1.86761704544045	-3.30881444824963	4.13518058965318
temo1245	2.20672062347725	1.86448367924291	-1.1010471737104	6.06331761625771
temp1235	-2.13040503025276	1.81920993460671	-6.04455939440967	1.04469690404801
tene1248	-0.522081388436726	2.00979837035058	-4.71814687365866	3.37854574508319
teng1272	-1.33044327228391	1.84941318942603	-5.23244765623654	2.05556902208159
tenn1246	-0.737165635425262	1.90778271763292	-4.76071618318791	2.84035259659397
teop1238	0.659685642005517	1.64782145198454	-2.48055588415107	4.08979931486029
tera1251	0.512472919069108	1.85300908121156	-3.0438320316751	4.37730852684811
tere1279	-1.49338726543484	1.86821785417049	-5.51643810254384	1.84056821622339
teri1250	0.49022593364795	2.01983307120376	-3.41142979285945	4.68954953745979
term1237	0.42639606070629	1.87695351233995	-2.97763556345671	4.47191486061308
tern1247	0.0499828659985534	2.08051999591338	-4.1549611872348	4.34356894168984
tete1251	0.226669606648918	1.59335987528538	-2.90518215301384	3.41619671509124
tezo1238	-1.74865478773551	2.0085395676222	-5.93829100770972	1.97409748475798
thad1238	-2.85758843855027	2.15816852811609	-7.48708004574876	0.888872179315532
thai1261	0.252016693741217	2.12741442815485	-3.91705285749811	4.50421223309788
thak1245	0.257613094929184	2.06557025018589	-3.9059473004494	4.35958623077751
than1259	0.243261239009008	2.10661760556803	-3.89094024968988	4.55225000851702
thao1240	-2.09036358256234	1.82635620502861	-5.94122833533553	1.27610936097831
thar1283	0.0543800775364244	2.04121654001705	-3.92181302549245	4.10879308253395
thay1249	-0.934580111161863	1.87917388358418	-4.8540463066655	2.61897694846678
thul1246	0.263148526826479	2.08643302169187	-3.81695547586844	4.42844820626321
tibe1272	0.0824150480537243	2.07726252850891	-4.18368881995566	4.32907412167108
tibe1274	0.40543518911636	2.01482143990429	-3.45389433250203	4.5655894544196
ticu1245	0.0701722907188455	2.03643575073294	-3.9501337178736	4.2266135322703
tido1248	0.217984122826004	2.14917852124386	-3.96394955662588	4.63242620975638
tief1242	0.346585642619675	2.06221577276546	-3.6749765266514	4.56706237193027
tief1244	0.345255015328905	2.05798955152156	-3.69459241685587	4.62772529372754
tien1242	0.106928565508055	2.08003323855937	-3.98621590579543	4.2192770161917
tiga1245	1.32874256932279	1.76741522096439	-1.89623420512129	5.07558772892575
tigo1236	0.569568158454233	1.98191105866309	-3.26437818523101	4.66305697529873
tika1246	0.425865161614996	2.00061297882862	-3.40697703196837	4.5390046956924
tiko1237	1.83142800598825	1.88387333654506	-1.49653823035839	5.92250815938526
timn1235	0.120830711435309	2.100896765351	-3.99511081784418	4.35649753835467
timu1262	-2.06062000701306	1.84329264802145	-6.02041788583215	1.29573856039876
tina1248	-1.36921400446194	1.87434913352928	-5.35523747298781	2.01227974581512
tiri1258	-1.55443740667339	1.59516334050045	-4.85991251850095	1.39187302692905
tiru1241	-0.139860511920999	1.68010627800559	-3.63419408252649	3.05748939541734
tita1241	1.51339945215228	1.9147377830331	-1.89498817445344	5.64001598357606
tivv1240	0.37332447879243	2.00043204938717	-3.51953296608832	4.41232292346088
tiwi1244	-0.963320168057414	2.079974758683	-5.44904403003748	2.92952576169645
toab1237	-0.100213850893573	1.63543031754905	-3.25330996676915	3.26850316773552
toar1246	1.11087842857364	1.8371710962586	-2.26925450430425	5.14995973171286
toba1268	-1.63492021554275	2.08690722515538	-6.13820176073719	2.17546093953334
tobe1252	0.157692190816737	2.17004868504867	-4.08095662323742	4.62183873742311
toda1252	0.0423323330004026	2.13237111275771	-4.30682064111008	4.26988949193756
toho1245	-0.900692319218681	1.80714402461852	-4.64633461195734	2.46803559051882
tojo1241	-1.47676764686255	1.96634325795535	-5.63309000046688	2.03783486951618
toke1240	-0.7518769748922	1.90221832794483	-4.86272350878638	2.64946218241076
toll1241	0.0681243444791758	1.96612547793108	-3.98296464200712	4.01896714250828
toma1245	0.111610052126487	2.14579889523904	-4.0963130998847	4.50452335758144
tomm1242	-0.589308062358509	1.99802448771986	-4.70347688536231	3.31894151881771
tond1249	-0.405929639331296	2.04008816986694	-4.55701971714279	3.61532453172707
tong1308	0.712953527615353	1.99101125168008	-2.99444171350671	4.99131996473553
tong1318	0.0831124468004531	2.12482241810885	-4.17846523982227	4.45102804176707
tong1325	-0.822496106500124	1.81457622289049	-4.79592973444946	2.50864565425244
toor1238	0.192449128290402	2.05900613504049	-3.795634756598	4.39956849184076
tosk1239	-2.12579482271536	2.02990812308173	-6.62243685569069	1.3938311770559
tote1238	-0.426985774345318	2.10269563854184	-4.73991506770831	3.75900136556265
toto1302	0.135207598362829	2.06922876684444	-3.95488570159345	4.27436265057464
touo1238	-2.99548555073322	1.86136976315205	-7.05629001409222	0.29515763089704
trin1274	-0.747485678445258	1.63066925472829	-4.03277030868872	2.40622711477408
trio1238	0.454466227477193	2.00842610608724	-3.3714690919501	4.63320189072536
tsam1247	1.58730042084993	1.93895586148507	-1.92496527663287	5.74608419493912
tsat1238	0.402640140116951	2.02547021602837	-3.38385191379245	4.69671552907421
tsha1245	0.0431621015227187	2.15729579382017	-4.22050776174999	4.39881283501332
tsis1238	0.158904354205627	2.07642711389096	-3.90475503381254	4.40703845806362
tsix1234	0.519596361363356	1.9102576570758	-3.17931695121863	4.42517671297758
tsog1243	0.0292970140016379	2.12641699441026	-4.22945760912901	4.29160855180653
tson1249	0.017835179821936	2.10078759904423	-4.2153627256234	4.15764568099147
tsou1248	-2.679874958061	1.89323598353665	-6.66147529559658	0.694247765604484
tswa1253	0.210554225969713	2.1054140862312	-3.91047631078099	4.51477043715673
tswa1255	0.01927421994959	2.06468379030895	-4.20627972106813	4.11994358574776
tuba1278	0.410371401998669	1.99051957404068	-3.28254093890582	4.54671812883266
tuge1241	-1.59739296178419	2.04005260649395	-5.85067283624138	2.1999102905658
tugu1245	1.08571140431721	1.97534879152913	-2.5399605713175	5.35026479690546
tuka1248	-1.08658813873021	1.76557077260556	-4.75211085287325	2.21485357518648
tuki1240	0.30198766194902	2.02542347054464	-3.66997440845635	4.38295075241013
tula1252	0.47536895321901	1.93794983742089	-3.21395636571122	4.452260138009
tulu1258	0.0332975304560578	2.1661319643031	-4.28684041803801	4.44685169006907
tuml1238	-0.180092713481246	1.64818799796781	-3.46647540853275	3.02259505605645
tune1261	0.156987245419545	1.98256646340513	-3.8198450481053	4.1807593546899
tung1290	1.36631513394658	1.89113893695549	-2.08281316275377	5.42315915936321
tunn1238	0.22787671227646	2.06805913124275	-3.74465901923906	4.45862508366183
turk1303	-0.105692961668196	2.17408503100465	-4.38645172078561	4.23097100989842
turk1304	0.0408960527532588	2.13514172271974	-4.27848844489298	4.37785359501704
tusc1257	1.17150165191239	1.94250114240167	-2.46249690115777	5.34834763882992
tutu1241	3.2020653126151	1.91099742085752	-0.136142471307758	7.36701501061476
tuva1244	-0.732012490204644	1.87383641565773	-4.70613514472726	2.71156303890137
tuvi1240	0.0194660962612638	2.15057228230629	-4.25657409322546	4.37653956383495
tuwa1243	-1.11065433810259	1.674893852107	-4.50897692087344	2.0975093506873
tuwu1238	0.17557308811006	2.15094255998735	-4.05717688657689	4.62200210240294
ubir1237	1.46561562702903	1.89445631530293	-1.97138915665322	5.57479183569803
udih1248	0.0268255980243742	2.14038199438246	-4.22005693018142	4.41477027154272
udii1243	-0.147714352899171	2.05882006826597	-4.20271798250888	3.98471688570324
uduk1239	-0.397849132981745	2.05929286890448	-4.61267694026768	3.72392272321473
ughe1237	-3.11710751596716	1.82603303555636	-7.02699313608621	0.145472749588145
ugon1239	0.204713335092169	2.11501541004053	-3.95585831870038	4.45381084892843
ukra1253	0.129021084594042	2.05752345663497	-3.95548369531093	4.29088885882313
ulch1241	0.0801288182575259	2.13047133856678	-4.17442067476352	4.37897197643095
ulit1238	-0.179976355365977	1.95496662922485	-3.97705055835784	3.87992989881403
ulwa1239	0.528843647397135	2.07722239567644	-3.4758520514254	4.83210167313814
uman1240	1.45349931924355	1.89202773711108	-1.94424119056826	5.4990473499542
umbu1257	0.138361531421634	2.10156368027333	-3.97246714505631	4.33807036500777
umbu1258	1.12631569282732	2.10269907804604	-2.73056593065001	5.49701262644408
umes1235	0.000314254442996216	2.09283030492027	-4.20888295906435	4.27458770167712
unaa1239	0.57833677135771	2.11884857056166	-3.52577604441774	5.06080210054023
unea1237	2.12216860339929	1.94384112226896	-1.21186314651818	6.29181801068672
unua1237	3.46419023668233	1.86920707093219	0.264005598256262	7.60219966421827
uppe1275	0.994721530019799	1.54431583823824	-1.95373712724488	4.17546570121472
urak1238	0.756657946864524	1.97835692109696	-3.02967453260499	5.05957692148877
urar1246	-0.323778895688149	1.90475934226212	-4.16990431654772	3.43857325978965
urav1235	1.45503237311176	1.82708386963137	-1.87781444880916	5.34849950282896
urim1252	0.117956501121443	1.83383910196214	-3.47205924674075	3.8108792611559
urip1239	3.34606056482218	1.83933115915341	0.17907107016729	7.24945724858762
urni1239	-0.0107261365418683	2.04481054492627	-4.06429876435916	4.13028564766043
usan1239	1.60412389701368	1.99034516614364	-1.91688974583847	5.76855109468514
utes1238	0.2954059381467	1.97641994405628	-3.51670463364946	4.41010942119411
uuuu1243	0.391472189458892	1.94443898306239	-3.21498231989453	4.49763764387342
vano1237	1.59441631062466	1.88562128298943	-1.79946776573872	5.73474795958411
veps1250	-0.00337760738452215	2.09251207129315	-4.09547778715276	4.26511044974528
vera1241	2.22890723549057	1.93236953298433	-1.16528930766773	6.3582173078678
viem1243	0.285498807907364	2.06581916558147	-3.74822564772219	4.54690738485762
viet1252	0.449880857047589	2.04366450297556	-3.46945580243934	4.67817233385791
vinm1237	3.37011709694859	1.85146734994189	0.209515014001262	7.42328583022617
voti1245	0.0429265643858537	2.13209238648562	-4.14801195381377	4.35170385106924
vure1239	2.23733170845821	1.93100033471279	-1.18489739398419	6.41276098800058
vwan1235	0.0939443444194882	2.10307357858559	-4.03816592588998	4.32172180254057
wadj1254	-0.53657613160264	2.04595161520891	-4.79741257426487	3.44280116033929
waga1260	-1.49400438044055	1.93791789706368	-5.69337697810273	2.08178916906116
wage1238	0.136047765516123	2.0559026489275	-3.936992762347	4.21197768278197
waig1244	0.701977179905369	1.96733681648467	-3.0181037484719	4.86243542979769
waim1251	1.32661085672152	1.8244908876898	-1.99356756321814	5.28873259372221
waim1252	1.16092474199991	1.96946031943718	-2.4983305386546	5.48140038761758
waiw1244	0.80978120081919	1.97785353093957	-3.00989421730409	4.92207055368321
waja1259	0.298058250459454	1.88994498443643	-3.27353845697815	4.14165659098309
wala1266	-0.0406969071745134	1.5812790679963	-3.08575165876062	3.29833245303783
wall1257	-0.607299496732611	1.80703324830071	-4.35532870668864	2.78248856062055
wamb1257	0.358449406127383	2.04491563894286	-3.6756182914318	4.53592915691615
wamb1258	-0.731415847477183	2.08379766099914	-5.10661348881076	3.26084695397859
wamb1259	0.554204241658975	2.09875611154132	-3.48111069815933	4.92092884027922
wand1267	1.24632189053269	2.03503637009287	-2.48079331570308	5.61097899561361
wand1278	-0.885316495074842	1.66693668358974	-4.29820850437399	2.30941282856397
wanm1242	-1.70185091362139	1.87977736134331	-5.65394566891644	1.66855928815729
wann1242	0.118082245531972	2.12768663420885	-4.04895258837486	4.50134137491963
waor1240	0.514116486835779	2.01806780570005	-3.36488724618246	4.76311530464688
wapi1253	1.05077866553292	1.88554016909377	-2.45104149995821	5.06857645291566
wara1294	0.56003603371187	2.0904082617476	-3.617738720622	4.87480648569412
wara1300	-0.854289938588709	2.00802447243776	-5.19682472817068	2.86134178753046
wara1303	0.360439765283832	2.00822327991794	-3.51739135185278	4.48188730001454
ward1246	0.293658772005159	2.01003794544076	-3.6110918392459	4.44519692791971
ware1253	1.27110302968226	1.94166036615868	-2.3198885452782	5.50696837058956
wari1268	-1.06056768246174	1.96362720779071	-5.16291695573886	2.64935963173342
warj1242	-0.93152034044982	1.75263938112834	-4.49962751992631	2.50748720016938
warl1254	0.781100270468425	1.88737781520596	-2.76028709925093	4.89098445737671
warl1256	0.572388322233046	1.94530421408328	-3.17137242226813	4.59338646774048
waro1242	1.36391455247663	1.94759470498808	-2.16449404114885	5.51391280984385
waru1265	0.615080724318259	1.91361095146586	-2.98304744200182	4.6916606030586
wash1253	0.35359293858238	1.93883330262871	-3.55726556991869	4.29207429792923
wask1241	1.59109942180721	1.98498879679063	-1.98515226279276	5.84151344329384
waur1244	0.209173662605597	1.79335794819467	-3.28252647880354	3.80001422931353
wawa1246	0.419319746750934	2.05832367884188	-3.44538005330761	4.77547049034671
waya1269	0.49096360106053	1.97999878638915	-3.21295173891117	4.62240100742634
wayu1241	0.358430145869378	2.05778330017126	-3.73080698798025	4.6259106577936
wayu1243	-1.13208755479109	1.91555300989326	-5.14703499181193	2.36114504770901
weda1241	1.31283119143039	1.83458179300967	-1.97004481572109	5.28922991408103
wels1247	-1.76579399830542	1.96588033456524	-5.99897191206472	1.78747380642038
weri1253	0.646292665930714	1.67462752555134	-2.59748921185705	4.08483419312214
west2354	0.240326471505908	2.04502745162992	-3.80666739532433	4.57626651269803
west2369	0.00277212197469091	2.10081870030899	-4.20770401789755	4.27067907079838
west2386	0.181640580948625	2.05828932969356	-3.87780648204571	4.31118970715922
west2392	0.0274760803476074	2.13988622288792	-4.23334385782876	4.45633987037602
west2396	0.581812508642179	1.9837197605955	-3.18980219926827	4.69679145437209
west2415	0.376243439967835	2.00130818050864	-3.49705267934108	4.52619352606463
west2418	0.298789071298679	2.08873993302291	-3.88982796398481	4.55787521230574
west2430	0.0774874607636277	2.19265046012227	-4.21734771593023	4.50979491370845
west2441	0.704063775783168	1.95077300518846	-2.90297254474055	4.81454006286232
west2466	0.343817050953946	2.0938786720278	-3.74389672808651	4.62157885882118
west2516	-2.23708417360482	1.78984227557682	-6.20886609920574	0.954816975115314
west2519	-0.276840970687891	1.66360656112498	-3.65423049716411	2.92830580488293
west2548	1.01308264985257	1.95484273632193	-2.58664749903506	5.09459952394535
west2555	-0.752080655649678	1.78906817394729	-4.41713020799486	2.67442212964867
west2557	-1.13681703217644	1.99893653178267	-5.47377689066689	2.43130337259946
west2560	-2.43769739817313	1.89058059089831	-6.51545873236716	0.906764788425441
west2594	0.673024144334946	2.03895192363589	-3.2457456171655	4.89467959615727
west2599	1.02928664797062	2.08488275121925	-2.96197986314144	5.40632087906698
west2600	0.140292058929836	2.16173086495604	-4.12435070518702	4.62923089699795
west2615	0.552041816980656	2.00570908735562	-3.28573130411659	4.7112036770622
west2618	0.347681766512207	2.05567773767891	-3.61981174307629	4.62360176534033
west2632	-0.176917732088711	2.02914419253375	-4.2997735905603	3.74750794605158
west2635	-1.7785042038745	1.94661808550663	-5.88553680040192	1.75727295254256
west2644	-1.80094539729345	2.04226229937318	-6.22680189749002	1.92163795005572
west2650	0.627214867332447	2.00356801630148	-3.17735281862089	4.73473207164177
west2763	-1.54845838300222	1.87068876434432	-5.57130104474435	1.78242035010934
whit1269	0.640447919357126	1.58176918070448	-2.38350984366346	3.88901854745068
wikm1247	0.11922446838843	1.86208319846449	-3.50893372643851	3.8717828943488
wiru1244	1.1459968083195	2.06906048426311	-2.79424581130548	5.6013225030273
woii1237	1.37847004860614	1.96013491797049	-2.15324985198637	5.56913202477734
wola1242	1.21776576983885	2.0114126243677	-2.53356322887166	5.50111363875694
wola1253	1.12885460685798	1.96260972530273	-2.46491132047247	5.39172417957094
wole1240	0.282839429749668	1.99332868954602	-3.48539879802275	4.51776426753192
woli1241	-0.731996231905684	1.56521377441402	-3.86918340751745	2.29337718041223
wotu1240	0.722500216910928	1.76770957857527	-2.64444782228926	4.35922171366233
woun1238	0.261783832887706	2.08832845984464	-3.81869377692854	4.49179165120421
wuch1236	0.0341786257492544	2.11263789459406	-4.17278433907121	4.37539782771755
wudi1238	0.11377776401325	2.0604952176871	-3.7731491143671	4.27347235038514
wusa1235	0.0968813138015427	2.06410977473042	-3.88902822614663	4.23735020959225
wutu1241	0.0564836042416831	2.07095681303412	-4.10740880009879	4.16866951998552
wuvu1239	0.672321712290005	1.88236202064918	-2.81639489178864	4.6444191498092
wyan1247	1.31394593578308	1.94228846814764	-2.29367982555207	5.40844493515057
xamt1239	0.953862790664539	1.94978401905472	-2.67012219836515	5.09441051837626
xara1244	-1.4827676608347	1.57998407495663	-4.73531711771854	1.44807050812078
xava1240	0.240738095856618	2.05108545068643	-3.67607657182414	4.47845605742788
xhos1239	0.0693576780863303	2.13914719076077	-4.12690290936849	4.43137747717286
xish1235	-0.14614582452576	2.03458380255711	-4.36504625696749	3.87005910326867
xokl1240	0.108523460559677	2.06225312037882	-4.05041168430882	4.35596433090392
yaak1241	-0.307445541285144	1.95157297067506	-4.1794778801392	3.61152512164649
yabe1254	1.35388711879136	1.72068858319689	-1.74538275273274	4.94926588394502
yaey1239	-0.188193395889118	2.15794981272952	-4.56289040934512	4.14802864348173
yaga1260	1.33040793639409	2.04254594912331	-2.4368925749714	5.61956926222302
yagu1244	-1.11941608377537	1.98765043773215	-5.46842668765777	2.54049110374553
yaka1269	0.0644203122194693	2.02548750799018	-4.03710416431265	4.15149201597604
yaka1272	0.131502301247582	2.12253702452998	-4.07078820916223	4.44660580925614
yaka1277	-1.5974360419779	1.90216855208358	-5.72960803026511	1.77460717952652
yaki1237	-0.817779665310731	2.03613379009996	-5.1581041663006	2.96934124064054
yakk1236	0.243143147537504	2.0649608622566	-3.90335720534816	4.43814736582283
yako1252	0.142696207659888	2.07142841986734	-3.99205136484113	4.31228621309313
yaku1245	-0.00058051869308258	2.1252995672869	-4.3544673430412	4.28506561092705
yale1246	0.603830626151459	1.85516108840681	-2.96543493317017	4.4785296334392
yama1264	0.41381729397047	2.06210277948789	-3.53264821672575	4.6396872594103
yami1254	-1.87287701708771	1.99799179242453	-6.18475365719614	1.73050149525432
yami1256	0.781322405157645	2.02209562172254	-3.00049758045791	4.97029760970899
yamp1242	0.312500459340995	2.05458116745533	-3.67024722381622	4.49884707759162
yane1238	-1.36500239902524	1.82665684240722	-5.28707675704594	2.01119618083541
yank1247	0.574786899303049	1.96867331137952	-3.18964795749381	4.7292981525858
yano1261	0.21003044856047	2.06463173673118	-3.91333623616231	4.40030323870855
yaoo1241	0.0665799253712801	2.1571572437934	-4.21792278114581	4.4491209237069
yaou1238	0.109486380141812	2.11737905721102	-4.08073708515812	4.50765270132373
yape1248	-1.43012657169632	1.82445562008187	-5.2443625582548	1.91876915282344
yapu1240	-0.00845902042636179	1.75355262023725	-3.51530175466944	3.50154188049244
yaqu1251	0.856410614945129	1.91041059264065	-2.77846837780964	4.85590449788253
yare1248	1.5021803295318	1.9987279050523	-2.08523711148937	5.81475383243676
yasa1242	-0.254155061256914	2.13014590992264	-4.60297576218288	4.07410615124811
yatz1235	-1.86472357987097	1.94406145880748	-6.0706619120774	1.63078578449295
yaul1241	1.20226310594334	1.96863355053715	-2.40878556820853	5.462584844915
yaum1237	1.42764756341925	1.77032489686739	-1.71201058541291	5.17071881032225
yawa1260	0.815834510447459	2.02697046850603	-2.93790837480429	5.05331115515093
yawu1244	0.619736873792634	1.99161684588852	-3.2711344036682	4.69417798400582
yecu1235	0.131140925542342	1.79274323561994	-3.49760289772122	3.64502544457461
yele1255	-0.797378290821769	1.98136294184972	-4.91886311297123	3.02644710403824
yems1235	1.07296279282947	2.00420006730127	-2.66736625355518	5.2574019554716
yess1239	0.470640440611334	2.02076125474253	-3.46591678971629	4.56802358544458
yeyi1239	0.210249375422441	1.95979772403157	-3.66762784598986	4.15575789647785
yidi1250	0.726865177279313	1.98394889194072	-3.07523919230989	4.96253032617118
yima1243	1.02942293130646	2.02957101673412	-2.7369165390856	5.24366664437702
yinc1238	0.559763801632611	1.99592302104345	-3.13108865494735	4.90626763081296
yind1247	-1.34806293960401	1.85197430502444	-5.20742028686676	2.07158640765071
yine1238	0.128070014809713	1.75515628944612	-3.20461722268431	3.74890456142306
yoga1237	-1.33718209396333	1.82200245652586	-5.12623805933099	2.06605761757175
yoku1256	-0.656589466138268	1.98224918378126	-4.70930100060227	3.05816491216593
yona1241	-0.460854021147759	2.09097964626167	-4.71524273546075	3.63099859955551
yong1270	0.122375219045623	2.13425731829149	-4.056888391637	4.48859603433945
yong1276	0.0996807392923634	2.19086058029641	-4.15726242275635	4.54684042482758
yong1280	0.59285335717843	2.03616311849444	-3.43574512096674	4.78538111598946
yora1241	0.14092427221345	1.86134588276536	-3.52244343477251	3.99984632133552
youl1235	0.376066256371967	1.88632687620775	-3.19223385427871	4.27294414229456
youn1235	0.0643591772458233	2.17874611417681	-4.25387303313548	4.52879570514849
yuca1254	-0.605014210564745	1.98532936305997	-4.77540057032103	3.23846490011799
yuch1247	0.745573508813307	1.98314663856608	-3.00512599590037	4.86054154493551
yuec1235	0.0486094567551184	2.12748802984322	-4.13768737039192	4.33200762473181
yulp1239	0.845373141146969	1.90225172611875	-2.77657237569832	4.83364662685768
yulu1243	0.149177225220987	2.12555785972342	-4.07678327474532	4.57640384323518
yura1255	-1.00175444476536	1.96156785460701	-5.09786506236727	2.67226194993584
zaba1237	-2.96086426717627	1.84085863529326	-6.98371442713355	0.148564286417411
zaca1241	1.11772605257706	1.55225046927788	-1.79560408472899	4.31270431595121
zaca1242	-1.69136670829862	2.05429869706675	-6.11171206289525	2.08624178362397
zagh1240	0.107199824178557	2.10697593012414	-4.03338481874225	4.3489699532442
zaiw1241	-0.399459262742733	2.0137193594002	-4.43700059218239	3.65779392184016
zakh1243	0.0734120129730297	2.06678753346237	-4.06436198572341	4.21245675895215
zamb1245	0.234346912427658	2.08185443248664	-3.79279971832002	4.5510741434172
zand1248	0.20661695106146	2.1140043633168	-4.06181895885232	4.51652378679725
zani1235	-2.03799357922688	2.06377425668598	-6.50875149599223	1.74216117569404
zarm1239	-0.0988818251730796	2.15992603424373	-4.48215518475548	4.2733519154918
zaye1235	0.450560547065318	2.00752711508232	-3.35713851602236	4.6610579929904
zays1235	1.410397117146	2.00852611078514	-2.27031686366315	5.66128732319158
zeme1240	-1.08556682083543	2.01903199983761	-5.22491883779709	2.74139946553811
zenz1235	-1.91538795455517	2.06417585450807	-6.37022539105598	1.84759816115389
zhab1238	0.0296285662569462	2.12188166290448	-4.20845102184943	4.25709972199971
zoog1238	-1.92195743254767	1.94077545459063	-6.09496695258418	1.56240850528817
zulg1242	-0.447030649866236	1.6323120381954	-3.78378875346222	2.88711556523475
zulu1248	0.0435416693505199	2.0595541592336	-4.02510410405672	4.26335477403021
zuni1245	0.639404154551075	2.02336449656215	-3.28497962214012	4.80984055006119
