Estimate	Est.Error	Q2.5	Q97.5
abar1238	-2.21644247951847	1.53500258758366	-5.46487180557164	0.536696176316861
abau1245	1.04402186831802	1.66842072090344	-2.07039099510616	4.56518939595109
abee1242	-0.341347075503279	1.88363422228252	-4.2598873235931	3.14264494807538
abkh1244	0.502446824807145	2.10527442614976	-3.51219690021585	4.76688225957737
abua1245	-0.685427278563707	1.44211621422749	-3.56035788936963	2.1468899441097
abui1241	-0.944451114507226	1.62115819368754	-4.23651981070159	2.13912648293198
abun1252	-3.52032552216589	1.79467720701829	-7.15176018859047	-0.204156041229102
acha1249	0.153263127524257	1.71533125863305	-3.15306954096452	3.66098690017833
acha1250	-1.93935571823477	1.82532421208762	-5.61982318680923	1.50174329660811
ache1245	-1.67295118743375	1.99338420874191	-5.77693280277595	2.08831526332838
achi1256	-2.2324875247956	1.9372820574211	-6.18445368117443	1.30619817251579
achi1257	-0.589300056267757	1.5849597939355	-3.83102266027214	2.48092929610317
achu1248	-0.636802511189362	1.84030955178796	-4.13881338971118	3.07794435534405
acol1236	-0.139388572361973	1.62291798347572	-3.31304077154419	2.98313117951005
adan1251	-1.01307886314559	1.56320868958374	-4.27601092481041	1.90657806035706
adon1237	-1.10394247345086	1.37753356172089	-3.9648957883176	1.51973836575126
adze1240	-0.800054053872283	1.32245048417264	-3.48650366371944	1.72407798141023
aeky1238	1.21367114913743	1.97571246487841	-2.46201662685838	5.34403406031986
afar1241	0.705041847991759	2.00178641355564	-3.06092955352288	4.92459226773531
aghu1255	0.834904657849515	2.10381480916134	-3.09233982391105	5.10918640411117
agob1244	1.43567760947882	1.93396936219268	-2.23045796521112	5.39846291656175
agut1237	1.39548967751724	1.73109242060754	-1.77996106964169	5.06160605018903
aheu1239	1.18334104489335	1.63791070522355	-1.96255966831782	4.59585077941809
aime1238	1.57098348035693	1.98452574082337	-2.09793598260715	5.7603333536556
ainu1240	0.243454253771544	2.03958376408086	-3.72298259815451	4.3657431837749
aito1238	0.522012441845395	1.84064236496606	-3.13592637570901	4.0771469369869
ajas1235	-1.2772969106093	2.03929672451013	-5.48186319105215	2.68286610642834
akei1237	-2.57200513616598	1.46519543278306	-5.66291545386347	0.0958017195216243
akha1245	-0.0866258501703652	1.62683234008209	-3.16480459623221	3.18036012305725
akoo1248	0.330152410275335	1.59542708369577	-2.8548002903473	3.3939170673136
akun1241	0.0731830375246091	1.8025878780439	-3.32777834715946	3.87764476305644
alab1237	0.325639114810379	2.07181994859524	-3.65017040026355	4.4806943002408
alab1254	1.05911084858343	1.79290592650938	-2.21338701114997	4.90674831997028
alac1244	-3.08493084441699	1.65695120576287	-6.53632037487767	-0.0352195454197004
alag1248	0.739100275024368	1.67517868288119	-2.44261473589119	4.1427097094303
alam1246	1.45327283887451	1.77614067214282	-1.85459460090111	5.10906621070849
alba1269	1.0566627175259	1.61698459862408	-1.93827236388867	4.43355149292971
aleu1260	0.295788409898581	2.02932985238324	-3.55673539216368	4.44927802549937
alor1247	-1.12498222356849	1.53515254901358	-4.31962223190081	1.6777415618568
amah1246	0.753097203956944	1.93960159354176	-2.83570621593524	4.73858696181984
amam1246	1.1619594901806	1.60362184663561	-1.81298106570456	4.37842416194548
amap1240	0.762695967905681	1.70925850827285	-2.48212912002655	4.31666186363065
amar1272	-2.90904408487823	1.45125392320408	-5.99912566772576	-0.258985487763584
ambu1247	0.0346091237059289	1.50947065306181	-2.89133195909055	2.9650656008466
amdo1237	0.211872365111099	2.061654620501	-3.7354669648661	4.38092854703728
amha1245	1.09678492329788	1.89316000602664	-2.34664285505226	5.06892472718624
amii1238	0.857140544477842	2.03473035166302	-2.96477236236337	5.03187112200256
amis1246	-0.444984456404809	1.27042557934053	-2.9937143706212	2.00742684851088
anei1239	-2.10861606879691	1.72775486086422	-5.80808756359121	1.03407870303028
anem1249	-2.96185505453003	1.41001415923571	-5.96375512688167	-0.388121934272515
anfi1235	0.0775283830618972	1.94753347700906	-3.65771565883048	3.99865239425676
anga1288	0.767897599970299	1.84753097463275	-2.73029301161053	4.50354188830271
ango1257	0.249064739171862	1.84920426424516	-3.30146282858708	4.15049349780735
anuu1241	-2.34395913075191	1.71366024085034	-5.87171916394524	0.887601292616487
aona1235	0.873409191813456	1.9163749852681	-2.8190892165221	4.7685303582893
aoua1234	-0.94542909382195	1.98780201090962	-4.98051800886641	2.87218535940458
apat1240	0.812287273537652	1.93712072185203	-2.8230409073248	4.77750604429172
apin1244	0.46703782325369	2.00351480562094	-3.25110051801159	4.63078517133296
apma1240	-2.75544495995697	1.40825066713261	-5.71238587338511	-0.257763233947391
apma1241	2.05847830312606	1.70149926523308	-1.05648619536204	5.66786930214229
apur1254	0.67254969575106	1.87098352173817	-2.82913307887451	4.67403561827998
arak1252	-2.70295899163927	1.36602110282355	-5.69486174621333	-0.304722278308813
aram1253	1.32043611880757	1.97126605265826	-2.36455621155085	5.50341992021679
arao1248	0.528804880360851	1.98667662530768	-3.22238603616425	4.7198489302088
arap1274	0.277072234839967	2.05160864240902	-3.73340927392903	4.42210931864035
araw1273	0.452048890647914	1.94941864149107	-3.22161812860594	4.54240612279345
araw1276	0.643417325877089	1.75344996169427	-2.51681133541	4.38773336435916
arbo1245	-0.720911947490427	1.60644574154354	-3.85644304017356	2.51126671343936
arch1244	0.669225124619184	2.03736003962181	-3.35102525702665	4.80069222556604
area1240	0.233773583860945	1.2819245751123	-2.29242778186799	2.73962675794424
aree1239	2.39685038394286	1.44123314741792	-0.266461590356319	5.5115416969261
argo1244	0.971093049672011	1.92624005388839	-2.56676525143992	4.98862749426468
arhu1242	-0.52103756776097	1.64406895287351	-3.72137398571575	2.90780866330087
arig1246	-0.207300154824623	1.55779261550891	-3.52621603329483	2.66621542621166
arop1242	-0.537936506820038	1.36351753416196	-3.27412660058509	2.08960191452338
arop1243	-1.43520665927655	1.47705646245038	-4.49196501015358	1.38092531870417
aros1241	-0.553634013163055	1.55203276383344	-3.77420189386475	2.35094303877637
arta1239	-1.22383652141865	1.29377397605569	-3.84960094200941	1.20097180768437
asha1243	1.27216373812964	1.83542171664091	-2.15336048574962	5.13667076664535
ashe1272	2.13661273691178	1.70899323231373	-0.907541656922384	5.72545841740116
asoa1238	-1.61364501353468	1.74561755909674	-5.314495005829	1.64860936884318
assi1247	0.345267295724157	2.00045535529026	-3.43986421351423	4.50167673351772
asut1235	-0.581581340769112	1.63712997181897	-3.91609636241262	2.38876273423319
athp1241	1.26962912102824	1.90152962267601	-2.32535195097584	5.21901850462721
aton1241	1.03730043102328	1.92881728821749	-2.59854430735448	5.11532170989253
aulu1238	-2.7848266754153	1.20826578106591	-5.33476021153406	-0.636340542107337
auuu1241	-0.56968158227175	1.38349088211578	-3.33510609394212	2.09012148202365
auye1238	-0.969353327480786	1.83893545033486	-4.60764999950354	2.57233944589762
avac1239	0.458309047719714	1.88944706579845	-3.10235977307228	4.38115845340645
avat1244	-1.66156905702844	1.54583490061971	-4.92158952240963	1.16038236737104
awac1239	0.802347777972043	1.9212826922441	-2.84713441877835	4.77260459641237
awad1243	0.794368116521731	2.01339401992796	-3.00386730830523	4.90611286146963
awad1244	0.241601489534656	1.30113722427851	-2.30600373676643	2.81512907469801
awar1248	-0.71558188342085	1.35994774816497	-3.48645048437352	1.93968899347601
awar1249	2.25175698291264	1.62817725958458	-0.784501626307839	5.6696644079806
awet1244	-0.898752118734919	1.39482423697603	-3.57439921983545	1.88260080799823
awji1241	1.05471822223949	1.83797141364504	-2.43664825685382	4.94533163921918
awtu1239	-0.215210979200192	1.39627528568248	-2.91097005617679	2.50265112984907
axam1237	-2.73957794229148	1.251451188549	-5.37789713985519	-0.482146935836196
axiy1235	-1.06620572301284	1.81749150423549	-4.62780173078484	2.5972500650122
ayac1239	0.595859202196772	2.01874962992899	-3.19192224899174	4.84950433275314
ayiw1239	0.5834593212749	1.29907494477342	-1.90254888808433	3.17643200258206
azha1235	-0.684579276113682	1.69994544280517	-3.8986255875132	2.78519538161441
baba1266	-1.53166016325978	1.60905355564054	-4.99526785409847	1.43094369743023
babi1235	-0.412658009816978	2.013778388988	-4.237010618025	3.60756217181314
bafi1243	2.36096222093822	1.37070742460218	-0.167248079276216	5.19050520939399
bafu1246	-1.79455999677475	1.59161289110353	-5.13184591760258	1.11219034025236
baga1272	-1.02423584625523	1.76589856471775	-4.72466258037312	2.22830601273888
bagi1246	-1.45664633751792	1.47719532383607	-4.49902967579788	1.30909128814984
baim1244	0.287286111420372	2.00940019030671	-3.4953443716473	4.3956335081198
baka1272	-0.653252458568923	1.95361570592299	-4.7444154428861	2.91348245333662
baka1274	-0.770272582825819	1.88892539427791	-4.69868554337632	2.70371459395914
baki1244	-2.15074361260354	1.27722316322004	-4.85224694929015	0.177565396329532
bala1311	0.65038515944205	1.54553364421316	-2.32571791811324	3.77286598860361
bala1315	1.70559403233539	1.83336246399507	-1.54397679862357	5.63283508068527
bala1316	-0.515592656857659	1.34532632485242	-3.29163152475309	2.03686252143486
bali1278	-1.06949247945395	1.76659273983566	-4.82856204439619	2.18291796148047
balo1261	-0.525767151699404	1.66075923957506	-3.98233688937235	2.54934168589521
balu1257	-1.93573250275102	1.61326853704316	-5.45104789302378	0.947889955754375
bamb1262	0.93759414485542	1.98504645932797	-2.75169456561271	5.04489469263833
bamb1269	0.54352427571766	2.05803698456785	-3.40813580874556	4.76156153002449
bamb1270	-0.426530500021758	1.71017403710355	-3.9106206815753	2.81706560816639
bamu1253	0.00742034193277068	1.57756135634346	-3.22298143330694	3.02287966623395
bamw1238	-1.91556290776521	1.74075263559718	-5.61564711483122	1.21306661446441
band1340	-0.823506975559763	1.84008394740765	-4.67583406183594	2.71145770891582
band1344	-1.0395224748604	1.85208807621136	-4.91726923933723	2.37076451989388
bang1354	-0.204494273401954	1.82176199482873	-3.98477731192168	3.24971667125562
bang1363	-0.223898340991855	1.90224228681489	-4.00339044701086	3.52873679170632
bang1369	0.73473614568364	1.9646831370909	-2.90065591651283	4.76431432819874
bani1255	-0.0597402771464761	1.65871018489641	-3.26565335553708	3.33403472503429
bann1247	2.06473701684498	1.36614141911351	-0.413369419893296	4.9062856397972
bant1281	1.24733902697087	1.89547908242753	-2.30459343268171	5.26888985664062
bara1357	1.05210125793989	1.94400607502632	-2.51391978455702	5.08846401105782
bara1370	1.57539294033591	1.66052962673105	-1.43486211399197	5.11243438604507
bard1255	0.273238735482921	2.09253519213326	-3.70424519986183	4.47005387214118
bare1276	-1.09769576684394	1.46486090383825	-3.94620343963569	1.82855582183843
bare1279	-0.211991312223464	1.56405830807993	-3.287146419726	2.96941135491623
barg1252	1.64469422305258	1.32389154660415	-0.744201171801794	4.39010095133632
bari1286	-2.83337779650827	1.45525412031517	-5.90683867416934	-0.186001385734417
baro1253	-3.47436034132531	1.6350489990402	-6.9445340993693	-0.611044053312229
basa1282	2.08102965532172	1.65412451614958	-1.07058833940193	5.43775407729872
basq1248	0.288578221813456	2.03504796908601	-3.64713120488075	4.35007984038232
bata1289	-0.788883296226846	1.69150148763303	-4.22043404593214	2.42827887800027
bata1293	0.302306843081405	1.61693540141713	-2.87045797863838	3.52479836227779
baur1253	1.37801066995474	1.76118347260054	-1.86564726056554	5.15422017003282
bauz1241	-0.126179359237826	1.72588974223995	-3.4911306935722	3.29095747454503
bawm1236	-0.818305770488202	1.80042408631186	-4.29053071168145	2.78748958002278
bayb1234	0.666422505296314	1.64296076469629	-2.48472406271366	3.89266128373628
bebe1248	1.68229973279409	1.60825489121686	-1.44582552118759	4.96892308535598
beja1238	0.629153287324401	1.88316328565518	-2.94794784043585	4.54735109951004
beka1241	1.69616666411294	1.66328789877595	-1.30195591769816	5.12954096443567
bekw1241	-0.797154218614774	1.73239275052493	-4.4086222078941	2.36346184209691
bela1254	0.459942181584863	1.93697922311059	-3.21335412531778	4.43135060664157
bela1260	0.377006441266099	1.3951580058348	-2.36044515305807	3.14149813450155
bell1243	-2.70097722747321	1.84553368244784	-6.69396425698744	0.606787582321092
bemb1257	-1.33702785349274	1.77877046416638	-5.11087429039851	1.86897413004833
bent1238	-0.298328676085754	1.73792614386775	-3.66839179405035	3.13549637814988
bert1248	0.927056670603387	1.98710082375761	-2.92214558572872	4.99022115567184
bhoj1244	0.912997063301651	1.96017765096321	-2.81311489137691	4.95324237216161
biak1248	-2.11683694747106	1.88837502454062	-6.1235086776569	1.26883461044644
biao1253	0.109635128048819	1.92573609009411	-3.68969272045259	3.79137272925464
biao1254	1.7907914194845	1.83552769625157	-1.57753167221365	5.65949083315789
biao1256	1.2069397542014	1.82267069335673	-2.22752619634139	4.99676230207128
biat1246	1.64125386704428	1.46282991181958	-1.06272524958466	4.68626881792092
bidy1244	-0.842032481082464	1.93565406956402	-4.87366196215577	2.75236459236226
biha1246	-0.551807220687866	1.44205377175931	-3.49314920694852	2.26166886511382
bila1255	-0.167610133944331	1.77898823284752	-3.83434773004123	3.0770951120082
bilb1241	1.02090520192699	1.25193557580863	-1.2935897679767	3.6383314837743
bili1260	0.69797659961754	2.00393253861261	-3.03760056987694	4.85594496709386
bilu1245	-0.0511443041831365	1.71721050271244	-3.41221790457831	3.35401205666277
bimi1240	1.20130975613811	1.9396224483265	-2.58882798202836	5.22676387925736
bina1277	1.40394984162091	1.93611318033165	-2.22963053125845	5.41580050059248
bine1240	1.42889287851777	1.96832337084908	-2.30814934624292	5.55063963484849
bini1246	1.34839340959759	1.5979793143651	-1.79246023113696	4.52511354686578
bira1253	-0.226113446440693	1.67099695754355	-3.51042116053161	3.09585742900184
birr1240	1.28186647099733	1.80614277936043	-2.13774059427626	5.11189664837143
bisu1244	-0.774207690875516	1.76043418329175	-4.21310525339287	2.74549926017125
biwa1243	1.90825119011299	1.69623281908912	-1.22374149223148	5.49741800714026
blab1237	1.03295872908344	1.2034797601489	-1.31238061781123	3.42567630051474
blan1242	-1.15464728402014	1.63768086451067	-4.58082395271759	1.88410052836691
bodo1269	0.654663602746164	1.81320006710772	-2.80938490159757	4.3401514927654
boht1238	0.822397647789173	2.00898514410366	-2.94593777577282	4.89327062030485
boka1249	0.684105004635935	1.96283094326384	-2.91655461363571	4.64013009263938
bola1250	-3.26457226117209	1.66107550932438	-6.7712483618009	-0.197050956093458
bolg1251	-0.849017300148983	1.65536935160957	-4.1979653293578	2.27199155576797
bolo1262	-0.261686897692509	1.62781099292139	-3.59760384233134	2.77780544793787
boly1239	-1.47794985148741	1.76123221709038	-5.11592250806323	1.83898073636729
bomb1262	-1.95298375601813	1.74534548870786	-5.68651430852495	1.19689745032747
bomk1234	2.39582334073554	1.73898071635385	-0.831982757408878	6.05406484595466
bona1250	0.382920405588828	1.98307221975172	-3.39990583490879	4.39431937965318
bong1284	-0.691646536689331	1.83609477389095	-4.52023319508844	2.71302558917208
bong1289	0.997821374300307	1.50617973519544	-1.84856634603711	4.12624556866136
bora1263	0.194752023764132	1.83289578641303	-3.31928089440097	3.97006528635253
bord1248	0.766666116526954	1.90463470879536	-2.79236248250847	4.53745830901244
boro1277	0.933587225325225	1.97428457404548	-2.81147877153895	4.98514443167388
boro1282	0.284943563561216	1.94352261425325	-3.31587338630771	4.18279267743185
boto1242	0.825133394998018	1.45201553916048	-1.96564283421507	3.81736240016886
boun1243	1.74925149098574	1.74548679802245	-1.52029620970825	5.38796057431649
bouy1240	-1.15744240967954	1.94190165626538	-5.16129223897878	2.50266421124009
brah1256	0.11675492635409	2.07954141166611	-3.9054623024808	4.23313734510704
bret1244	1.23977988072176	1.77857319611751	-2.20371432277562	4.88078667739797
brib1243	0.662864308124576	1.98538075432529	-3.03717979291573	4.71389235731805
budu1265	-2.04378293454454	1.76625167205211	-5.89201649967912	1.13523453993309
buga1247	-0.764249064883959	1.55602112721602	-3.96766411182903	2.21633852115487
buga1250	-2.07172824857381	1.40299745295914	-5.02992434579144	0.494564955318052
bugh1239	1.08230401289985	1.22712644116294	-1.34152138598138	3.4950435999662
bugi1244	1.82423145038268	1.73337821029695	-1.30747055821152	5.48416882911092
bugl1243	0.457601703049311	2.05837613767441	-3.42434109875221	4.70314831718565
buhu1237	1.71080687535704	1.50549599834192	-1.09126036797923	4.83794134172417
bujh1238	1.10775881648691	1.89815203972823	-2.37490280450047	5.11286463684328
buka1257	1.40088273861392	1.35113719335057	-1.14626609023317	4.18534077880717
buki1249	-0.402717354840245	1.45191646901976	-3.21886924631885	2.4937411320102
bull1247	2.25787485752396	1.7304821851975	-0.914890732691466	5.94058194943524
bulo1242	0.309240719218422	1.55429185864451	-2.68426816149973	3.39539007810378
bumt1240	0.744461568666787	1.9505188670423	-2.95306049595982	4.79275508564292
buna1276	2.54142438755745	1.55446574044741	-0.303205817510323	5.84357823116942
buna1278	-0.706657931214996	1.91683362713935	-4.49392086378633	3.08488919880438
bunu1267	-0.00981031128181241	1.10885339850157	-2.22627788111476	2.11785940636674
buol1237	1.86436360710787	1.8213207836296	-1.36912618824692	5.75319639916372
bura1267	0.903145921716665	1.99208953633201	-2.84092652327674	5.0516459118561
bura1292	-0.705418624070473	1.54022995843089	-3.84468687910979	2.18053673532992
burj1242	0.359252707170588	1.9151194105321	-3.2019280603198	4.38486678861595
buru1296	0.368244067247818	2.14100717995143	-3.75553646601999	4.69375449214713
buru1303	-1.21765456234743	1.75148386594088	-4.85153370201688	2.01467525401444
buru1320	0.679492777653496	1.80583544148173	-2.69314836927997	4.46160949360833
bush1247	-0.652052116824743	1.89777589780272	-4.76177056917101	2.76472012442451
buwa1243	-0.393656704383955	1.27035035125099	-2.92327164335401	1.99183095198641
byan1241	0.433380683360888	2.04961227957969	-3.40159858359833	4.6930909005189
caac1237	-0.861977591859881	1.39358017036987	-3.77203797042044	1.72985770144821
cabe1245	0.614564007968395	1.98045007331593	-3.19566188796873	4.68790265586644
cahu1264	0.508758198295393	1.9307448893409	-3.0301585548624	4.5390772977827
cald1236	0.308769581976368	1.89184596119177	-3.39553560377852	4.0961586923381
caml1239	1.20426768336704	1.89748407890367	-2.3979530326079	5.21315182548281
cams1241	0.451367033930442	1.93411418124882	-3.20639013228666	4.45699251311229
cane1242	0.470961967102283	1.96002233682844	-3.21711968161691	4.54744136927794
caom1238	-0.311878226876074	1.85341754949754	-4.00906277623242	3.25281994327384
capa1241	0.105921033596009	1.97759351799808	-3.57482410749338	4.17259211947272
carn1240	-1.48840642693111	1.79776182993846	-5.30480685945403	1.75639391759955
caro1242	-0.988189523752445	1.7429625103264	-4.65778038231045	2.27051042906824
cash1251	0.869081848638042	2.06775503314679	-3.07684449243057	5.13672758367828
cavi1250	0.194473226102499	1.88758221441428	-3.48981271881811	4.0745927621034
cayu1262	0.272888689003687	1.65454683724357	-2.9543573900824	3.56862053803714
cebu1242	-0.731970733634075	1.42140120689851	-3.69601865205354	2.00018907680816
cemu1238	-1.3054616287624	1.54235179277518	-4.54103907314116	1.52667601559187
cent1989	0.773197594851248	1.6245196866831	-2.35221631237876	4.11813914743741
cent1990	-1.45389047062161	1.81445932061741	-5.33804566416299	1.89149258443677
cent1992	-1.25889361494163	1.53501752347692	-4.34175640905806	1.64634327286984
cent2004	-1.98769190578112	1.72671198501773	-5.47250499476136	1.21094882160887
cent2050	-0.509383097749254	1.72285324769565	-3.88806840415777	2.80798453069766
cent2084	-0.0350710525337845	1.3276373787692	-2.65358226408647	2.50170255621797
cent2100	-0.409280368205602	1.28012615231673	-2.97665321182409	2.06096205556008
cent2127	0.269124139033287	1.98918960469531	-3.50740065277131	4.2816640473851
cent2140	0.8588174232646	1.91518078756912	-2.76096417206562	4.73886459378154
cent2142	0.520629454267609	2.00790030194211	-3.29206545011164	4.66988435510944
cent2150	0.352150257908549	1.88493694816607	-3.20457532763695	4.19799992908259
cent2292	-1.22926819204333	1.30880228929832	-3.82188070921109	1.25294089915206
cent2314	-1.17690997571705	1.73911867748075	-4.85481818731372	2.07570116065494
cent2322	0.624593582346563	1.89202096974734	-2.85245693209247	4.61632365199673
chac1249	0.851099161971529	1.88789244498156	-2.72713844013858	4.7074353192689
chac1251	0.426356549449363	1.98610409440999	-3.44141141103804	4.59679485792325
chad1249	-1.81492585608553	1.74946623701399	-5.38617719614908	1.41945615293667
chak1270	-1.77156921190244	1.72243227734172	-5.11861907603016	1.53066024984773
cham1309	0.771403320338173	2.04682477345328	-3.22046425123269	4.949682092464
cham1312	1.26214316363124	1.73616923598559	-1.95811906852419	4.75639944310207
cham1318	-0.846860953264573	1.60234177705052	-3.93299504175615	2.43590370433807
chan1313	0.826512415157512	1.91218364514333	-2.74697910616059	4.7416572624951
char1269	-0.11738448136886	1.83872896013357	-3.71679628739568	3.53656723576609
chas1234	-0.632046273796216	1.72020347666208	-3.99317022232803	2.74396243509109
chec1245	0.570523597381017	2.09359110316527	-3.50242885921451	4.80185064417846
chek1238	0.92436156126698	1.1857225369633	-1.36355789672374	3.31181025865525
chep1245	1.12879601872033	1.91147431234574	-2.43974200950788	5.07143296350811
cher1273	0.263211485167259	2.06613415102872	-3.68665190361	4.4412408762573
chey1247	0.69780519861009	1.90796525008775	-2.9505359041117	4.61180160743038
chhi1245	1.26218726342947	1.88827895030097	-2.22149567779452	5.1845809711042
chig1238	0.299265666242976	1.63886280080904	-3.05725133002119	3.40426996227639
chil1280	-0.384252563659951	2.01520127665572	-4.23248495603467	3.76799480797274
chim1302	0.319985268353065	1.98019154910562	-3.48901594323585	4.2589531941068
chim1309	-2.10061795005108	1.74392927370907	-5.54375984101017	1.23097947523082
chim1312	2.01328212498643	1.77716253671111	-1.30789771167496	5.69997268850138
chin1286	0.752058488331743	2.058215415069	-3.15022737023208	4.98976517743919
chip1241	0.534236287553641	1.92092085583011	-3.0883361429704	4.64221712222459
chip1261	0.230906275321899	2.02925121050911	-3.69071017497636	4.27719734361338
chiq1248	-1.37230237153956	1.88260927043043	-5.25297261625739	2.14412827430165
choc1276	0.416004865427799	2.00188497236625	-3.34425218706892	4.48386224539884
chot1239	0.52562902877439	1.94546532351525	-3.1687027515197	4.47373565280968
chra1242	-1.1483210931139	1.72698327711512	-4.72972118064237	2.07373313921509
chug1252	0.674130167973694	1.93355528185678	-3.07199081060169	4.69443008137151
chuj1250	-2.74918778395877	1.88180379909492	-6.75100469608054	0.609164445150102
chuk1273	0.285330618948168	2.06149918476623	-3.69888552843942	4.5337899226946
chuv1255	0.438337338556163	1.99067432689725	-3.38564266455572	4.46078974462619
chuw1238	1.98402088847753	1.800476576461	-1.39192530368864	5.74947233020717
cici1237	-1.06709786271766	1.77522871705536	-4.70981379598891	2.15168049673581
coat1243	-0.588222304666762	1.47733031471315	-3.53421954305575	2.2905849282277
coca1259	-2.75290932670558	1.77128211097401	-6.50915033968197	0.491463436889709
coeu1236	1.67252982571324	1.84543601485376	-1.74576406132145	5.51329054063384
cogu1240	-0.467161885062037	1.67438318946575	-3.67129103775557	2.95243519183005
colo1256	0.742981479357075	1.89301350399722	-2.79690605586507	4.57869136563476
colu1241	1.63885060868372	1.87393935691918	-1.81281419171705	5.56113966886975
coma1245	0.512263510107142	1.95623402121774	-3.1340765780418	4.62906248234611
como1259	-2.30432494487409	1.82957367481082	-6.08005389237534	1.09657144181816
cong1236	-0.950796477200673	1.80629765592329	-4.76131611644761	2.41104884366589
copa1237	-2.25606862122066	1.51939433612386	-5.36501972678199	0.625908388198699
cori1240	0.703682417270136	1.51661698878867	-2.27747438649123	3.69377889822276
cors1241	1.32946527250335	1.76037555799016	-1.97751035215169	4.93233062682098
cosa1234	-0.26929671767294	1.60712313192157	-3.46852959194922	2.87044851969828
cree1270	0.43692631346708	2.03945027713351	-3.36718473181211	4.60375937311414
crim1257	0.13335693126573	2.05857264747299	-3.9269571141893	4.26128377224961
crow1244	0.602157439169487	1.98452732039517	-3.05057158769256	4.63485185233704
cube1242	0.751105011216209	1.81672476203067	-2.63584624924086	4.40006267870891
culi1244	0.694773961719002	1.9885180152596	-2.93889220615372	4.84832010336109
curr1243	0.869127934084015	1.8016244928131	-2.4328401551548	4.59801319221568
cusc1236	0.277311252720511	2.01738446094444	-3.56071930609441	4.45402236699326
czec1258	0.467401285234198	1.96055509322803	-3.121170272633	4.52605445267112
daai1236	-1.08359126260934	1.7692480403244	-4.49763179327574	2.47806203207651
daas1238	0.174758403108284	1.75093176063363	-3.11952303260534	3.81789785020438
dadi1250	1.49171868773871	1.84491063801539	-1.95163792485225	5.28659653196805
dagb1246	-1.31138763720155	1.8252297631976	-5.10534409017837	1.98327174569567
dagi1241	-1.80732908279764	2.02785600907124	-5.9273108059253	2.01409943402482
daka1243	-2.72379981601847	1.2744064421016	-5.44146006852517	-0.370713608123451
damp1237	2.06983671660185	1.77108755153521	-1.10351061982846	5.80763069703464
dana1252	-4.16245667083094	1.69991008994663	-7.81083716406303	-1.0721382476361
dand1238	0.390348041912524	2.07663234867649	-3.69184741626674	4.65506974620179
dani1285	0.487135549120057	1.93520240045805	-3.10596640643867	4.50619491824566
dara1250	1.08372330362881	1.95566784411302	-2.46506300342155	5.25121627069282
darg1241	0.560342940129685	2.09285367278391	-3.51641828162036	4.73101847287982
darm1243	0.434189047457289	2.04942596500536	-3.35230601012642	4.66841222060049
dawr1236	0.416619177586237	1.96012974167767	-3.35478592034382	4.38905217114681
daza1242	-0.116379925788326	2.11697928320243	-4.25764962446652	4.17065334719692
defa1248	-0.570074060810857	1.57955945438874	-3.81523183107391	2.43720207752761
dege1246	-0.691230931012313	1.68282199715986	-4.25458057547956	2.48479127490125
dera1245	1.31094699381472	1.71198396875615	-1.80256915024238	4.93421153744269
dera1248	-0.950263023080655	1.55990291854565	-4.16617449254769	1.95377057839862
desa1247	0.654897964459818	1.64477682666587	-2.4282741240095	4.05619103502074
dhao1237	1.03975392918748	1.48453661932514	-1.74902552965606	4.02729527262795
dhim1246	1.31938377042401	1.88874400849472	-2.16518848888679	5.27067931160977
dibo1245	-0.944033117202233	1.82852870415401	-4.87117558946388	2.44508124674036
dido1241	0.812179472748898	2.01705846426481	-3.11018535374857	4.84104470512883
diga1241	0.408356270497119	1.89430869771173	-3.09065882727368	4.33085774762438
digo1243	1.4966699550436	1.64986922311589	-1.62440940745163	4.83457728826591
dima1251	0.457142444317208	1.81774719728316	-3.06314033076077	4.05935223399882
dizi1235	-0.271161168786573	1.82920519967043	-3.9363299135317	3.4422624773595
djam1255	0.904175519746026	1.96629833340395	-2.78561264596209	4.97123583867663
djee1236	0.952432406592904	1.97377371866453	-2.7291431234882	5.08925238077627
djeo1235	0.314185749614004	1.82852126709901	-3.10294026677513	4.0359976842328
dobu1241	2.60022116731229	1.43432868846301	-0.0167107239484363	5.58675997876377
domm1246	1.32358970125195	1.78008621075155	-2.05375368797909	4.96019002038732
doro1266	2.58610571457587	1.64327247920442	-0.396934259254433	6.04718731986107
drun1238	0.204003389586247	1.94519460493658	-3.61190052170838	4.14469107750309
dumb1241	-0.674219772824859	1.52993657830348	-3.86795991713176	2.20459290032126
dumi1241	1.18078778263467	1.90237864256732	-2.40937492789939	5.22004792876871
duna1248	1.29452703436432	1.946771380152	-2.34252466918023	5.37356998804024
dupa1235	-1.18872072919401	1.42583475796163	-4.0699210787816	1.49949336129453
dusn1237	-2.05009650964311	1.68584723327781	-5.72206257776789	1.01193812034033
dutc1256	-2.50399545263526	1.75555454651396	-6.08095208032205	0.861051753743377
dyul1238	2.33335847364019	1.50717663398677	-0.507504112950908	5.47969475650321
dzao1238	1.76965866129771	1.89061744305006	-1.68045799172379	5.75195264006095
dzon1239	0.915752223622658	2.04185897118047	-2.85206092849593	5.14403775299941
east2328	0.690017491608258	1.90226113381489	-2.82343267265195	4.76369534868562
east2332	-0.830291342871536	1.6488240397724	-4.24221695901955	2.25405827344627
east2342	-3.22829596277716	1.7748998506084	-6.97922808342295	-0.00064604517711678
east2443	-2.94460046940736	1.51506378700811	-6.04942397175358	-0.170604313580679
east2447	1.73111640107028	1.73566905064782	-1.50807606284337	5.49633169665394
east2485	1.13582316733109	1.49380745799392	-1.71566775289283	4.22930970398846
east2516	1.63925184424787	1.92564879237947	-1.99866195409835	5.60862286122663
east2555	0.433903804494229	1.90642957372514	-3.15072258408175	4.39749617206534
east2556	-0.904079768369869	1.47422974897851	-3.82935988200603	1.92833199513584
east2690	1.16603988351124	1.83619955511241	-2.18665616795599	5.05458041331411
east2694	-0.396459616441236	1.38279281662197	-3.19959841535745	2.25761393832616
east2773	1.16382904937294	1.94635491616785	-2.51623580478346	5.19580647951282
egyp1253	1.17089379365694	1.8079623948413	-2.15449841373204	4.93181740820452
eipo1242	1.13254790369798	2.01883096996971	-2.67225631700098	5.35842744476024
ekar1243	-0.391907105505315	1.91274795173651	-4.12200971844835	3.39506043255441
elem1253	-0.75291549375349	1.55105832321156	-4.04515378958302	2.10399113352613
emae1237	-1.43348612257258	1.32531393278259	-4.17817296604134	1.00011721510733
emai1241	0.205237081304773	1.53259214274714	-2.89188250278499	3.11031009571457
embe1260	0.681251149535246	1.9403904508643	-2.94082122236523	4.62879150171653
embe1262	0.460096846555324	1.99350794728359	-3.32684708514883	4.49801219142553
enap1235	0.528936023034105	1.98525716659666	-3.29553488333492	4.49265644285889
enuu1235	-0.66380682193667	1.62510988177618	-3.82528294272113	2.55770162534852
epen1239	0.531467538260259	1.95580768039443	-3.16787126343614	4.45125891564405
ersu1241	-0.266551887058894	2.00091987851586	-4.14590163123841	3.70393461658485
erzy1239	-1.92612928018916	1.75675497457929	-5.5196031441307	1.38289213069911
esan1238	0.50284799378951	1.61890156949968	-2.78220049392762	3.57434284921988
esee1248	0.448472421699419	2.02361702558025	-3.37121786663045	4.67882229474605
esim1238	-1.99151334099916	1.6313890153912	-5.48174695564958	0.949365803542586
esto1258	-2.63830909678887	1.7710736603813	-6.30674948514769	0.66637589554312
eton1253	1.56925900799193	1.4111803930779	-1.11132030491835	4.41285719384492
even1259	0.112736310113904	2.14681735982198	-4.07420175255204	4.4517703981205
even1260	0.105228536908779	2.09490382758626	-3.96750650522289	4.28688782062597
ewee1241	-1.10043359949748	1.65005149623507	-4.4740187416738	2.00139299120087
fait1240	1.17852214627997	1.63691433016806	-1.98489582672489	4.45082229995263
fare1241	-1.3493177152614	1.85352551697612	-5.22949308238261	2.09524213846878
faro1244	-2.25730869839878	1.79868887884256	-5.90654687308449	1.19237912313752
fass1245	0.355805742307299	1.50429024033104	-2.54213545559583	3.35286724917646
fiji1243	2.09236472743327	1.63785957345992	-0.923426817280773	5.5541535400014
fili1244	0.281404786761963	1.4223948799925	-2.55998688565655	3.08089022997444
filo1235	-1.82800130766586	1.52426326322442	-5.00471896238261	1.05340869578665
fina1242	-1.45474029530044	1.29682680024255	-4.06179406954209	1.02125104480522
finn1318	-2.07391901271332	1.81800841122962	-5.94158431430086	1.24535592817569
fonn1241	0.875525341734592	1.64334605122294	-2.31745617069969	4.21781876566242
fore1265	0.581380355523504	1.95453452971529	-3.0568372357131	4.63333963423803
fran1266	-2.88878822674128	1.93181688230268	-7.03315522001015	0.609165309072856
fuln1247	0.437218440131195	1.98212368823376	-3.35597151992146	4.64943939895089
furr1244	0.330973850009104	2.07494109697929	-3.7268694975267	4.59948903123225
furu1242	-1.51422436254599	1.88350139436237	-5.61978436453873	1.9105428960062
futu1245	-2.21669051798794	1.73251106598101	-5.82975789120886	0.98751692388644
fuyu1242	2.12999646689733	1.81115177554019	-1.24789411235531	5.92707635499003
gaan1243	-0.000447437425748138	1.44025725498166	-2.91924075667983	2.79779591333917
gaga1249	0.125902941175294	2.06280373089366	-3.78079068651946	4.25466438352514
gahr1239	0.388001097875705	2.04078641681439	-3.55797977760525	4.54868178783117
gala1264	-1.49127516521544	1.68696734180281	-4.98899753608013	1.57936760944295
gale1259	0.429470588264718	1.92215601424795	-3.2157845040925	4.35555204827552
gali1258	-1.22046664427695	1.81898858849844	-5.03595311372599	2.13530354807401
gali1262	0.63875841860566	1.76508952699824	-2.58280574297829	4.32425707482765
galo1242	0.73972988738084	1.87648509570753	-2.78217992136003	4.57906981484437
gami1243	0.40627413955333	1.93416803250955	-3.22878811137921	4.44638199382061
gamo1243	0.445593764102601	1.93885820552404	-3.35524715175766	4.38000181070698
gand1255	0.0211757208163055	1.63732753852998	-3.36912087415021	3.05143470940246
gang1266	0.568471757846458	1.94157693119392	-3.06862133964342	4.52982531868218
gang1267	0.230588817186547	2.05885657591447	-3.74418319933403	4.46600972280744
gant1244	1.81012686601123	1.78047823714509	-1.5098147652449	5.55197953829245
gapa1238	2.16623339481605	1.46562758434561	-0.492863183896391	5.28616711403173
gara1269	0.133602207134336	2.07614662708546	-3.90578791789981	4.32175074350391
gari1256	0.493846309892274	1.88198118211147	-3.00906579513291	4.3765329686197
garo1247	0.996668616017367	1.9608871642837	-2.71461463945676	4.99696054332114
gata1239	0.825186963085124	1.96000553698658	-2.86018705938469	4.84501451102431
gayo1244	0.811694517173733	1.62305066826884	-2.26179310916068	4.03225770125079
gbay1288	-1.32429134483847	2.05233511529708	-5.45163476691456	2.54956249764824
geba1237	-3.66843621311066	1.78042968961928	-7.40472562701274	-0.397214045603443
gebe1237	-2.15868929866741	1.80324866406047	-5.90706191648229	1.10483995584739
geda1237	1.15686761951505	1.23931163222038	-1.15457973389109	3.74232427259795
gela1263	1.325080971424	1.34789250996398	-1.27799136320261	4.10186959518694
gheg1238	-2.23398694545594	1.71122823439881	-5.69319048900498	1.01363560316867
ghod1238	0.689042964298334	2.08908052953379	-3.34574478949482	4.91823847133725
ghom1257	1.51311038143691	1.83324676925092	-1.90284720761665	5.2816047380043
gilb1244	-0.997318701365329	1.73229577945091	-4.60734702836351	2.22167393203861
gily1242	0.450145566542513	2.02234850176885	-3.456084685633	4.51464456827723
gira1247	1.25698838569174	1.49539680300816	-1.62431505054454	4.28504476579463
gizr1240	1.40711013172335	1.9643659792015	-2.30218392540268	5.51115463878825
glav1244	0.391679123601289	1.24531599008278	-1.97868805871216	2.8609871353038
gofa1235	0.420461706511378	1.94701283807144	-3.35761932424977	4.26862499773399
gogo1265	1.54218056908543	1.9715111089135	-2.0786578796562	5.63844031764127
gola1255	0.00828943194304512	1.85076885022875	-3.83950808171781	3.49701835789795
goli1247	1.30468737859027	1.801771240279	-2.08516557913157	5.04710724792649
goon1238	0.400852711901313	2.05498123940296	-3.6082299832507	4.51945056998008
gras1249	2.66155499717974	1.71059756598915	-0.400401169799192	6.31136107864941
guah1255	0.37340939257213	1.94835795935738	-3.28535865871445	4.42064684211578
guan1266	-0.770724217387418	1.81145635026031	-4.33273009490984	2.94966900337919
guan1269	0.974657462812222	1.7432538781903	-2.30266529954719	4.57292037595211
guar1293	-0.805563037048317	1.45097022147889	-3.62947887583334	1.99935388625737
guat1253	-1.22503783002165	1.86533806321915	-5.09587538376871	2.33464563651589
gube1234	-0.789280691482665	1.93223182947746	-4.76405231917694	2.73931655499678
gude1246	-0.271256513908333	1.30644001518764	-2.88106635452194	2.2834089827391
guer1243	-2.77015775226804	1.5823697985401	-6.01314415978192	0.164462690173408
guhu1244	1.12925347012143	1.72226376263614	-2.04225142787777	4.59713725205728
guiq1238	-1.00748205198205	1.8737508017263	-4.76727201942894	2.70629961213418
gulf1241	1.09343023110466	1.82297434193074	-2.23608432131231	4.90099697713333
guma1254	2.10950680915783	1.39575024250217	-0.439043565176708	5.08912821018361
gumu1244	0.834272647513362	2.04530961116919	-3.15993348027528	4.93152599865055
gunw1252	0.970048534281456	1.98630990326552	-2.78099664926028	5.01965589345485
guny1241	-2.46127046891999	1.82474111928924	-6.22352740976386	0.965822728936
gura1251	1.14304000807172	1.7779237115387	-2.14556418849033	4.81838358698378
guro1248	0.773044912603563	2.05015700175562	-3.12872552638949	4.88368411514971
guru1271	-1.7058730942337	1.70606217681475	-5.22457304009156	1.44352350141851
gyel1242	-0.596824031063444	1.73008759371389	-4.15825692610095	2.60051231051891
haaa1252	1.93008324360403	1.71722537031742	-1.17304392755702	5.47104747732079
hadi1240	1.05136301714515	1.84350866595964	-2.3294055560737	4.91846826611859
hadz1240	0.559234819295558	1.86917255759271	-3.00510119625747	4.28606666110131
haka1240	-0.369393885310882	1.84957550994154	-3.93171678057624	3.37219722603761
halh1238	0.121255550559708	2.06108050295029	-3.80370040010653	4.36224943829707
hali1244	0.0455170931839932	1.3715825233544	-2.68465447263228	2.66308913094985
halk1245	0.117069252514623	1.67882419142871	-3.11990145559836	3.48046476197484
hame1242	-0.162410185583358	1.58712031730351	-3.206868865134	3.02173151208057
hang1263	0.0548157286308174	1.5369658709686	-2.9346124557598	3.05271600163652
hani1248	-0.296073422675277	1.82940171224281	-3.75594328509377	3.40152317261233
hano1246	-2.80620691127032	1.52503956339192	-5.95922363871114	-0.0736971536713699
haru1245	2.01824479111936	1.78894006135886	-1.34302258058208	5.74458459702314
hass1238	-1.6283554546912	1.73204979236666	-5.23211723433595	1.57733341592069
hata1243	-3.52537130559328	1.80759794787269	-7.36547686754026	-0.234945297163571
haus1257	-0.613533590293919	1.64448339645595	-3.99372280126486	2.50156441860111
hava1248	0.51231751925187	1.97692636504419	-3.29989357392803	4.63636948327687
hawa1245	-1.05371569709424	1.75056425469502	-4.86873218321395	2.18195016871401
hehe1240	0.427965752954291	1.67631072293708	-3.04220704500904	3.563546702262
heil1246	-3.17434794488756	1.82292892725513	-6.98664539358321	0.147577455016045
hela1238	1.12819178260355	1.93506867934868	-2.53622193498003	5.16405267538574
here1253	-0.601255254357732	1.91655860300041	-4.64638772943938	2.91916496088152
hida1246	0.343432278409034	2.02301487949241	-3.61976390467656	4.51103830477167
high1276	-2.7463564605804	1.78619784211086	-6.42911225508158	0.523491054067145
hind1269	0.427622901555111	2.01591944865267	-3.2924106437098	4.55909537100608
hinu1240	0.787476026336119	2.03093589473035	-3.19860818972218	4.9378900845269
hixk1239	-2.44993010402139	1.86319897688019	-6.28178162906043	1.12311423398459
hlai1239	-0.986556887091661	1.90074492019981	-5.08266712342628	2.49643012892526
hoaa1235	-1.52675906156963	1.94325819854806	-5.60834474812093	1.97478944476335
hoav1238	-1.33191651817381	1.50405060184575	-4.58418843796795	1.44478442628234
holo1240	-0.71921940976011	1.88048401636632	-4.73316562549744	2.80413074055931
hone1235	-1.68526836923311	1.7782760193167	-5.3482185403832	1.58257684797525
honi1244	-0.629868348067783	1.70383117963371	-4.0069141740234	2.77734220970067
hooo1248	0.914880378844349	2.00664150652251	-2.83700242502345	5.12304093277497
hopi1249	0.790075031037705	1.90711153524603	-2.75180445014246	4.73040986359977
hote1245	-0.847095087371484	1.20451080328727	-3.30766579289926	1.40719907499191
hual1241	1.24546503653982	2.00245969764142	-2.51886917019346	5.4429735354605
huam1247	0.295579212526246	1.91370937176521	-3.28114188455507	4.23332804365588
huar1255	-1.41953322189991	1.62636314187612	-4.72634457092661	1.80378751704301
huas1242	-0.581497340828985	1.62481202305878	-3.89677260475263	2.57468548137419
huba1236	-0.143533690226511	1.35434915839751	-2.81617902438229	2.52977973036465
huic1243	-0.393076656121854	1.80274446737204	-3.86923013211545	3.27462967438928
hula1239	2.53977894559618	1.60424419187884	-0.301030940057387	6.06092166372694
hula1244	0.912085806915094	1.87212312548117	-2.59457944973316	4.82513127750816
humb1243	0.0868564391246446	1.85601443573536	-3.56814528842417	3.89540949559578
hung1274	0.409450017675396	1.84142157882984	-3.07483849089299	4.21933040409799
hunz1247	0.792718841210793	2.02029610858696	-3.09364014505922	4.85154056850593
hupd1244	0.436185879563964	1.63213302297402	-2.69266889054434	3.75645407410974
huuu1240	0.443634136190784	1.49847663550567	-2.49203921547934	3.47259532799102
iaai1238	-1.60755486686793	1.56780683324992	-4.95495741873393	1.18186183151621
iama1237	2.59297294059545	1.36407823329302	0.138689837756489	5.55816404277609
iatm1242	1.19207035247507	1.69731594548799	-2.03489137012074	4.62468720681603
ibal1244	-1.87431669222802	1.30825448256689	-4.57258202178001	0.614997182375841
iban1264	-0.67662850588084	1.71093171637048	-4.18228132363798	2.46553516098576
iban1267	-1.24435898613178	1.35053057191591	-4.0518276132917	1.28836881297491
ibat1238	1.09438145387672	1.59199425732276	-1.98236574473168	4.37135204900282
ibib1240	-0.61086214716781	1.68981377438988	-4.17292798428102	2.54154042029576
icel1247	0.645777302067186	1.90725684972468	-2.86208932558233	4.65162626490912
idaa1241	-1.97145990321843	1.61437000916027	-5.35352223752946	1.04356629744237
idii1243	1.47860407287669	1.92944543174193	-2.16563952232216	5.54243335044144
idom1241	1.92069661998034	1.61373711780208	-1.12169646084605	5.15842799206047
idun1242	2.45316287340527	1.43016914954765	-0.124036979141994	5.4815758433533
ikkk1242	-0.786432486523314	1.98103045017565	-4.82503632902408	2.97588179095546
iliu1237	-1.71205921711732	1.69645841081613	-5.19180045091125	1.31697945104451
ilok1237	-1.54065051208318	1.38989517789024	-4.46404076288298	1.04143732298741
ilon1239	-1.34598698723002	1.28859897104143	-3.99298193140437	1.05077392752502
imba1240	0.706244832033953	1.91296415638546	-2.87873759679955	4.64219385943391
imon1245	1.09784860110836	1.62284904403271	-1.92269308930415	4.55584068404135
indo1316	-1.24583084637845	1.753999146842	-5.01155077134568	1.98851629777145
ingr1248	-2.80364573213691	1.80728675256999	-6.79676296306761	0.525683758942919
ingu1240	0.68137299095913	2.03384162800317	-3.29392381844629	4.83398328709216
iqui1243	-1.24822688654294	1.74443049352565	-4.72581975340683	2.18335709254809
irar1238	-1.67633072992909	1.6449117964665	-5.11208086941151	1.39441356414837
iris1253	1.29479597800448	1.81728861486465	-2.02963652957653	5.12673384644891
irul1243	0.130761410592944	2.12687979486253	-4.00046591881332	4.41958872404634
isco1239	0.626942826614624	2.01256017389868	-3.17210031125234	4.78865127193311
isir1237	1.10509672694288	1.65740358632955	-1.89277431448869	4.63410718202856
isna1241	-0.634075054312194	1.47144495831873	-3.68567243707949	2.11856354074163
ital1282	-2.1316363531391	1.77925743397799	-5.80283628994662	1.26464496223491
iton1250	1.08689322005684	1.70514000887463	-2.10648933086605	4.66276249924193
itza1241	-1.72797143913282	1.97326337790364	-5.87612597916223	1.92045586252221
iyoo1238	0.202533075268517	1.39147653644369	-2.5372581527136	2.97696757773813
jahh1242	0.828402445902234	1.50027994519591	-2.04306370717996	3.91686168946647
jalk1242	2.26778629573474	1.73322332971734	-1.02567527200693	5.8745802090546
jama1261	0.642382992653453	1.86811005703622	-2.8157906413472	4.5340411367106
jamb1236	1.66268449975833	1.73374909088361	-1.52985881103245	5.347212920154
jams1239	-0.959296458884928	1.57516275744905	-4.20698922700065	2.05424455877574
japh1234	-0.0593844321737703	1.91312259161228	-3.75618013218417	3.79460963331832
jaqa1244	0.885923849720296	2.00760549225156	-2.90407476118753	5.03646176562368
jara1266	-0.753312063127066	1.5415033384968	-3.90703327427168	2.14616760831843
jede1239	-2.31256556859337	1.64826037514863	-5.72185642285319	0.779629795088755
jeha1242	-2.14166498828256	1.68468750313774	-5.73241260133419	0.902099852146168
jehh1245	1.50286315447615	1.56165479540425	-1.46593381809583	4.76612073015738
jina1244	-1.46485854944597	1.44869454257459	-4.38900980432836	1.20566869343456
jjuu1238	1.02576049384764	1.55585795269631	-1.98736196948876	4.15624016644832
juan1238	0.796780480541532	1.97265557909327	-2.78714873950899	4.9328492656486
juku1254	-2.03278578623437	1.64286110997264	-5.52229893644112	0.903972891595539
jurm1239	-0.636714658166492	1.9137386756675	-4.62509578014606	2.92693840115074
kaba1278	0.601251716547035	2.00724831675279	-3.17973848112778	4.54841953200974
kaba1281	-1.21727088705626	1.79501894979255	-4.96988365393178	2.15345696630566
kach1280	0.351216316679672	1.99600474662031	-3.51094297377674	4.44433265254258
kado1242	-0.481070280156346	1.65444980364924	-3.72023216218684	2.78198720946057
kafa1242	-0.379384114058652	1.89504343452015	-4.17434419649464	3.40545575177743
kagu1239	0.42948247827724	1.56296742856047	-2.69979977162297	3.41730048875469
kaik1246	0.829466741427347	2.01674445553806	-2.96498964571803	5.02056495670747
kair1263	0.692816369470747	1.4824400070974	-2.15330459025309	3.66637294575341
kaki1249	1.59271627652383	1.72745053553143	-1.65126543730872	5.24803313574426
kala1377	0.815251953363214	1.99826878543977	-2.94995979539142	4.89204911641032
kala1384	-0.918869537972094	1.86234811080145	-4.88824644632268	2.51295758997604
kala1399	0.267006941501443	1.98463315339485	-3.47839665891303	4.44922572426532
kali1308	1.5294719371246	1.89454453124047	-1.93563868119394	5.55249003714714
kalm1243	0.16554424966093	2.12909706963537	-3.95045823398721	4.51085467644125
kalu1248	1.58691909006126	1.98480787132548	-2.03417716985598	5.83269239503062
kama1367	1.54447418897702	1.59858163587944	-1.35783052741189	4.93165357582111
kamb1297	1.76981022271053	1.74657450180065	-1.58387993578279	5.4400498234589
kamb1299	1.90420352767814	1.63383688048781	-1.01201776232746	5.33711071556769
kamm1249	-0.887372628037433	1.68936479319472	-4.30738750926606	2.26232399354658
kamo1255	0.00610580108350497	1.93931958083859	-3.92341973601561	3.88213086207685
kamu1260	1.53925841833166	2.00497635663709	-2.22056989325817	5.73975026737684
kana1286	-0.175190290496014	1.07026699774973	-2.32649679948139	1.87232682381322
kana1288	1.28819807434985	1.50041219707939	-1.57819167628607	4.29779452460563
kani1286	0.502931975122464	1.68330265608982	-2.84621786858677	3.88138227629435
kank1243	-1.56988503728948	1.3056945365891	-4.16998842863522	0.913730465837136
kaqc1270	-2.27292816068185	1.88707843150209	-6.30362216183072	1.14950923508536
kara1482	-0.678532270733608	1.93972227431261	-4.70535295825267	2.88331955392646
kara1486	-3.19061945878411	1.70538110360787	-6.88396912011024	-0.168667763251622
kara1487	-1.9573022554867	1.24813813425137	-4.54288464264337	0.368336221717666
kara1500	0.151286069549656	1.96288942984806	-3.50429911122532	4.19917947500152
kare1335	-2.11138282203227	1.81992475507912	-5.91895543216033	1.25344971932945
kare1338	-1.04866928386572	1.89682919075249	-5.13401370629372	2.48116672931405
kari1311	-2.67854583966654	1.77691343633735	-6.42958544059685	0.639563606009611
kark1258	1.21841242967314	1.67996165335388	-1.86638053827385	4.72095707515696
karn1252	-2.74160275710181	1.5448027586237	-6.08834208193954	0.0219672654386388
karo1304	0.380596296517101	1.98003494635428	-3.41763003423098	4.49633164634234
kash1277	0.471407295230637	2.00362538401568	-3.30043168555976	4.63175289023704
katb1237	-2.65380158728812	1.20674934007418	-5.22828243501502	-0.49196741287159
kats1235	-1.46118665152673	1.86237682425659	-5.15755829774268	2.20016948809678
kaur1271	1.43669889276675	1.91557529701726	-2.24291952840351	5.48892845854335
kaya1315	-3.67953585362104	1.77740582290113	-7.44210864120361	-0.453465161067802
kaya1319	0.345586616942718	2.03864520127601	-3.58339527993059	4.52464529382129
keap1239	2.30165537998471	1.60591545112702	-0.624585308047698	5.68495954540684
keig1242	-1.70149780430152	1.9904900456355	-5.7623863208826	2.14594248418895
kele1255	-0.99074243213278	1.87750507076604	-4.99976568610352	2.4582709160238
kele1258	-2.02587092062173	1.59801650155919	-5.42548633347596	0.744259961714426
kelo1247	-0.997251942133833	1.60333846863077	-4.21201583579907	2.03006161452908
kemb1249	0.949408739404891	1.37666828729612	-1.70847039132318	3.71172834496803
keng1240	-0.744365507876242	1.63919717882264	-4.06524549439775	2.35401685717017
kenu1236	0.364871419291982	2.07253240748294	-3.74022787353446	4.50301210098154
keoo1238	-0.43087360298576	1.50337911669031	-3.57763409805479	2.37924861751221
kera1255	-1.22343919651879	1.55366089558927	-4.46177730607215	1.64728847319994
kesa1244	0.783097994511669	1.54767572771865	-2.24906444539373	3.87050007980612
kett1243	0.274315570211169	2.09414649595821	-3.6849601710097	4.5086060545738
kgal1244	-0.984144989648103	1.810134340698	-4.76691525148521	2.28566346830016
khak1248	0.167130806077763	2.05065798170969	-3.68983682571955	4.33409353682264
khal1275	1.18160839024255	1.90629021858197	-2.34166339925503	5.22717159232514
kham1282	0.196317835758099	2.11631147259712	-3.92237440244944	4.58988877815145
khan1278	-0.673903535186351	1.53941502022255	-3.87051367444393	2.23720696619945
khar1288	0.723818869665208	1.84169633279315	-2.78330827328816	4.36687925810093
khez1235	0.855798200463211	1.85096366232868	-2.5961817708179	4.67874214020456
khin1240	0.514520313495523	2.06758083525234	-3.46535525734225	4.58123894325538
khmu1256	-0.988575293904398	1.65740726086736	-4.40868107027245	2.18181250313648
khva1239	0.80019009597303	2.02791489445528	-3.17377975777209	4.8296075007878
kich1262	-2.33321950018302	1.87459833414008	-6.29674201285077	1.02752833763146
kiku1240	-0.418651797162284	1.63508601139146	-3.71222298766357	2.71979463438007
kile1243	0.125568849620894	2.11961151461795	-4.03572430078463	4.33343694887836
kili1267	0.194314126814053	1.50406525643251	-2.89145290040902	3.1461122145632
kima1244	-0.285035730139805	1.29894374976932	-2.89910025033061	2.26215340008814
kima1246	0.731409881296974	1.93145416147989	-2.98878322881846	4.63508008835787
kimm1245	0.335783183045646	1.54237056813592	-2.65066549722232	3.3863089932732
kina1250	-0.897901333614024	1.71096469938065	-4.54898656360355	2.28172177712201
kinn1249	0.418825809455292	2.04153718438513	-3.43624073043393	4.53093981247406
kiow1266	0.480722827297197	2.04377832061591	-3.46254521975864	4.74313263363035
kips1239	-0.194524302967334	1.74770999695685	-3.67424999521392	3.28692850848514
kobo1249	1.9798089089821	1.78702066491429	-1.43378600366891	5.81583307555995
koho1244	-1.73448872820545	1.6027190614028	-5.00266903762142	1.30032868068586
koir1240	0.759263872780026	1.84377329879254	-2.69253041096938	4.56243890096677
koit1244	2.55067799586898	1.78888488018449	-0.724217089569283	6.29337417005082
koko1269	0.993344217089852	1.25311955849551	-1.42372549505731	3.50909508619361
kola1285	1.40445410512986	1.7669225164685	-1.86892179758405	5.11540026771605
kolb1240	-0.562715711637459	1.67770640983432	-3.96964442603836	2.62007381442513
kolc1235	-0.0985427670811754	1.66090673907222	-3.42524715078739	3.06329845037603
kolp1236	-4.20002112957773	1.65676768979054	-7.78393824964484	-1.21812059955986
kolu1245	2.59446733884564	1.3639405703101	0.137745116603544	5.46948519378984
komb1274	0.855303000851466	2.11932078810642	-3.1071109583225	5.26599860289413
komi1268	0.645379709063047	1.97887460111847	-2.95176423261329	4.88585434759893
komi1269	0.696293550525531	1.88166234995996	-2.73615157715047	4.6569359827102
konk1267	0.399219757957032	1.97834515930043	-3.31365869903479	4.41883303827524
koon1244	-0.622640636628403	1.90270177146557	-4.53946806839542	2.90485051418286
kora1294	1.787189703814	1.80778718854885	-1.50534989773041	5.48393845731756
kore1280	0.222521971674269	2.11248019151335	-3.8286677298292	4.45620647052012
kork1243	0.58723900873719	1.91602534837414	-2.93008174171596	4.62887353960801
koro1298	-1.08349541670689	1.61345594057486	-4.4213283649193	1.97132542268563
koro1312	0.921824038555589	2.09602508904644	-3.00013560818407	5.31453557267541
kosa1249	1.10710103352831	2.03187995904784	-2.6757128551684	5.33920003134396
kosr1238	-1.06266637093047	1.78032494667572	-4.73765160087045	2.17416527264677
kove1237	-3.05056432996848	1.52854835900713	-6.26718954514863	-0.296976807048983
koyr1240	-2.1080790047141	1.90332635285815	-6.01222989529894	1.53867228250331
koyr1242	0.522866615840393	1.96641442957335	-3.27322354171697	4.54864125189395
kren1239	0.382867517570546	1.96537994690112	-3.33112519428119	4.48575780767845
kris1246	0.821392592337761	1.68969503767864	-2.33293309778768	4.34771583414254
kryt1240	0.490333011912637	2.06695575460568	-3.43606793667004	4.57749816289465
kuan1248	-3.4609854563319	1.4555117116745	-6.49695529446464	-0.796399685624591
kuii1252	0.922630338801926	1.90487475313425	-2.70333236802672	4.88662232812137
kuik1246	-0.835776734952346	1.41628798929324	-3.6477414800324	1.97522926977231
kuku1273	0.595744970126539	1.9783053893772	-3.10130829245279	4.65189549010903
kuku1280	0.795504424784037	1.85532497225545	-2.61701799257801	4.66404568432499
kulo1237	0.867984443040475	1.26094799606279	-1.56441208814344	3.34690006538716
kuma1276	-0.341069298856636	1.32695479817901	-3.02316844095296	2.14762136912903
kuma1280	1.30459683123937	1.77104072451312	-2.02336016407456	4.96028001230376
kumb1268	0.57832153585424	1.94585718681688	-3.06328466822903	4.65827826141868
kumz1235	1.05209982165108	1.82174949921468	-2.33068781640589	4.89303326195798
kunb1251	0.999121217732041	1.91983995184489	-2.63281850250322	5.03369243378214
kuni1267	1.58124737316257	1.62845251726145	-1.41169390588723	4.97897226865557
kuot1243	-3.7897809375369	1.65742496562543	-7.42675117660079	-0.899887475932808
kurr1243	-0.0230717247479491	1.85246487409811	-3.55387262178849	3.75309736692934
kurt1248	0.735884997100957	1.93175771461262	-2.93404736642884	4.65391600335493
kusa1251	-1.29145033681333	1.47920413347692	-4.37006762354889	1.41293010602196
kusu1250	0.864009929131028	1.95666137397115	-2.78606300746367	4.83299089385993
kute1248	-2.07873160316472	1.6453201506577	-5.47986200050767	0.920856293510982
kute1249	1.56142216188569	1.86265310999251	-1.94299169247392	5.36333921220175
kuyy1240	-0.844687534626244	1.62849818154969	-4.11927663474629	2.1748207534878
kwai1243	-0.235725640443224	1.24223838919011	-2.74550644906173	2.13288788450761
kwam1249	0.800876103987264	2.00789553883972	-3.09052729626468	4.80909389095194
kwam1252	-2.6992070736009	1.59881054678789	-6.22021249218486	0.0561229747738205
kwar1239	-0.453888710821663	1.2481354026437	-3.03524123050371	1.94268259997316
kwaz1243	-1.81189023837543	1.77994247417503	-5.47865698947958	1.53070556837404
kweg1241	0.424905196630267	1.67828166004523	-2.81143609152301	3.80700339295148
kwin1241	0.358371572964446	2.04594882245487	-3.61870163867813	4.54020956535918
kwom1262	0.240710791370167	1.58339876165534	-2.82111170383224	3.37678170543709
kxoe1243	0.831283580203099	1.9950341322472	-3.06016709500772	4.90888949613151
kyer1238	1.05878991549073	1.94601598141573	-2.57813834899227	5.13399193493568
laal1242	-0.910674633722231	1.86132606546677	-4.64609903852822	2.67563981702959
labu1248	-1.53950675280368	1.2071737162609	-4.06906734151654	0.670764025975371
labu1249	-1.47041760425585	1.57732842657553	-4.73154073253306	1.45343467343253
lach1248	0.364866327272871	1.59396327909051	-2.64672520251792	3.51385885169855
lagw1237	-1.67759047310506	1.49638413773286	-4.72872127544648	1.06689257777416
lahu1252	-0.108468284328988	1.62976451813786	-3.18035432134692	3.17312683618952
lahu1253	-0.375625207315477	1.69303058225573	-3.60213955817417	3.01638733557385
laiy1246	2.12566197557961	1.70406988379434	-0.927551597568823	5.87281898451766
lala1264	-0.617274417706181	1.89493871376055	-4.53472470579025	2.81408868646523
lala1268	2.50161253724551	1.6680889799142	-0.547330975945079	6.03400079584173
lama1277	-0.61551448299416	1.33244486749799	-3.27296088289464	1.93519712760208
lama1288	0.359015261181078	1.22662066515038	-2.00504601315736	2.7909042498681
lamb1269	0.513592481621132	2.00358659856272	-3.17454315169396	4.65892797388566
lamb1273	1.96758186502303	1.69819205308468	-1.10920636711239	5.63006308428119
lame1260	-2.24930242841116	1.27220472040105	-4.94734638639714	0.0616811536843264
lamk1238	0.425541289151388	1.96412363518869	-3.31966455485552	4.36994726820902
lamo1244	-3.14554896594009	1.56018204636971	-6.54416622176897	-0.379258138401635
land1256	-1.05695223137911	1.74226461426417	-4.70330372647544	2.22733728431834
laoo1244	0.283733480551457	1.85735574534854	-3.4203479719173	3.87435668025552
lard1243	0.365889273791428	2.02813436063939	-3.56392267204445	4.55753026840011
lash1243	-0.404288027156229	1.7801149788831	-3.77295834006289	3.16954661261102
latv1249	-0.174063950308737	1.84825681167239	-3.73637828603811	3.60622698624373
lave1248	-1.24969027777788	1.64734797252969	-4.64503610271782	1.78971060334821
lave1249	-0.706728339624721	1.58313028014502	-3.91658175111891	2.27634204075111
lavu1241	1.15974362650091	1.70493549795032	-2.13293111731707	4.5795743848478
lazz1240	0.486684713664325	2.08970443779254	-3.52828799273602	4.68490918069216
lega1249	-0.745706566612874	1.85498655848493	-4.50490367470868	2.64570737886219
lele1267	-1.84180068716614	1.5535694708212	-5.11569674052526	1.06898934362946
lele1276	-0.211374989746892	1.57151518021851	-3.21189498467065	2.84392511174792
lemb1266	1.93731765741343	1.83443550779656	-1.45028029870352	5.68555973986015
leme1238	-2.63119294534826	1.70135812225001	-6.39637754971939	0.338209087790203
lena1238	-2.71550572882291	1.59928150160667	-6.25552780480937	0.0209489076798698
lend1245	1.20944977663605	1.67073787425893	-1.98817825466689	4.65391924312893
leng1259	1.61032662198365	1.37939449649525	-0.989247464303882	4.44592989737053
lepc1244	1.20557956353418	1.95052795933129	-2.42678653877339	5.2491706113841
lewo1242	-1.74672693068036	1.28772043557644	-4.50313593590833	0.618053718650397
lewo1244	-0.322054746286855	1.36154022749028	-3.02841651835332	2.34104744323427
lezg1247	0.562714388541359	2.02728089951712	-3.36488032854867	4.65043541807065
libi1244	-1.8024937974022	1.72139508650385	-5.33475739755599	1.29745940138938
liby1240	1.08005756552934	1.85997935210547	-2.40527458303795	5.01515884094754
lihi1237	-2.78970032843962	1.70107680461316	-6.44306770580029	0.192560920198725
lika1243	-1.16568925739495	1.73095577026967	-4.70753594577585	1.92691491947914
liki1240	-1.63678605194597	1.7360589663324	-5.26862991135577	1.53675741292486
ling1265	-2.64210853739853	1.18753025895135	-5.18071194439744	-0.515751107582924
lipo1242	-1.56336434061078	1.70679437933256	-4.9909169790314	1.73074215791247
lish1245	0.907627865534456	1.88764652134733	-2.65612918918118	4.76296467529103
lisu1250	-0.324554465795419	1.75690839973113	-3.70555953695632	3.23618974540936
lith1251	0.429609154710821	1.97130616541182	-3.2393944759665	4.46533221291408
lito1235	-1.987168849886	1.82239389291747	-5.99909835936948	1.28556668522776
litz1237	-2.53124144508576	1.1868214922503	-5.08630146549361	-0.421280769350891
livv1243	-2.39949987991863	1.79779347534107	-6.10728025031688	0.950666472674092
loba1239	-1.68380903709319	1.79283680059481	-5.46664682420562	1.62411753831219
logo1259	-0.452863117285694	1.72806613115726	-4.06346192195609	2.83727777165324
loka1252	-0.434589062570335	1.72261477258602	-3.92195589361265	2.83118230557081
lolo1259	-1.70192226635959	1.72777421246424	-5.09860996371304	1.67625405818974
loma1260	0.511607077931316	1.99895445252677	-3.37753415559027	4.52653065232763
lomb1257	0.473516017524726	1.87640860370189	-3.02494677042934	4.36327657908297
long1395	1.30836674813733	1.41268437453064	-1.3557979089749	4.17017948702859
loni1238	-1.97632776197713	1.63554639168733	-5.41285024274289	0.935919906090216
lote1237	-3.48900964359619	1.81124244977432	-7.47467407955382	-0.155715900790401
loth1237	0.8408918484826	1.86160881329909	-2.62993775421337	4.68035029150855
louu1245	-2.01868487263335	1.5803048540823	-5.45728763090895	0.774336700035514
lowl1260	0.313664540943729	1.534601305553	-2.6938727699924	3.38122223073748
lowl1265	-0.545871502472606	1.69780353225492	-3.78802294446655	2.90672506265681
lozi1239	2.41792981667823	1.75191748659831	-0.774480531525873	6.123230741559
luan1263	-1.03341557512736	1.67228083408527	-4.56786902519174	2.09474007141126
luch1239	0.602438668264412	1.60227048611815	-2.58872705365259	3.7078881125793
ludi1246	-1.93004238353062	1.77670486210647	-5.66590062453114	1.34305756744156
lugb1240	-0.0754300637558933	1.69481083111682	-3.42614818795276	3.1795691207828
lugu1238	1.39668444388818	1.58021795484154	-1.68570014795487	4.62244103175574
lule1254	1.04709685298493	1.82987883742575	-2.3039644856536	4.96133296130029
lumu1239	-1.72902333255761	1.98814390928955	-5.82300232326457	2.01296468256651
lund1266	-0.557910082993417	1.86340726938202	-4.34595415425806	2.89173203173337
luok1236	2.00126726518514	1.61907745772817	-1.05440957928641	5.36385114667988
luse1252	1.15821553558254	1.60189573294882	-1.9294988015369	4.3704994511535
lush1249	-0.551398978914633	1.81926379026181	-4.0119988001466	3.12413277173338
lush1252	-0.930668800904778	1.69376658768392	-4.39965204354226	2.36361164254578
lusi1240	-2.95871919877875	1.41336809944189	-5.93731246680446	-0.378047759814166
luva1239	1.49981978285302	1.60367746105312	-1.66363222121357	4.65845164630203
luya1241	-0.136161955092198	1.77392237666458	-3.80509360917921	3.14884330129942
maan1238	1.4014698128857	1.72800984171029	-1.89265175214187	5.02489575490009
maas1239	0.983291329223778	1.52757577636201	-2.05679303959735	3.94597550593566
maba1270	-1.57353954574097	1.85991247697388	-5.48264109528136	1.79070185221521
maba1277	0.181981176085459	2.03572650375484	-3.79785463191123	4.18615815036256
mace1250	-0.82799642427566	1.76453095265857	-4.26749139488078	2.69284689381181
mach1267	-0.247520869779618	1.51991041578155	-3.13242785584006	2.7920923046914
maco1239	0.10012032674701	1.90127311486728	-3.56065469100407	3.9391244605003
macu1260	-1.21446213794295	1.71176444577936	-4.64882781410415	2.05479874952834
mada1285	-3.6709798825066	1.65155430433595	-7.30752375660932	-0.782481781140953
madi1260	0.787089586625122	1.63362418767645	-2.41613912803043	4.06950706503905
madn1237	0.9547655943357	2.00973043750605	-2.82870654348967	5.09149570788791
maee1241	-2.43789772117742	1.18875973069132	-4.9508581429753	-0.27128105563129
magd1235	-0.75747080432047	1.4827853748854	-3.62215955443475	2.15832652283142
maia1253	2.10042895633744	1.59523820910612	-0.914162953307509	5.438214692895
maib1239	-2.38501079940283	1.71072201552345	-5.9275619496733	0.885992095963013
mail1248	0.570501099359563	1.60888923003301	-2.59806014012681	3.81197579511196
mais1250	2.13347604597477	1.70859060053763	-0.979692214224434	5.74211769125109
mait1250	1.11422492028988	1.92461159741419	-2.54193845550497	5.12799058205356
maja1242	-0.986228869151189	1.78370829652919	-4.58385413748824	2.45450891186108
maka1304	0.378425730070194	1.58700703180444	-2.81833687497705	3.44840523072558
makh1264	0.00432766188032235	1.74455389474803	-3.55498583332662	3.27356247358189
makh1266	2.20376587497954	1.67792900442342	-0.86105942240936	5.69629169644735
mala1463	0.164038109723188	2.09650565408944	-3.94416900727665	4.31589666394009
mala1464	0.188183389494075	2.11828843842245	-3.98328623275298	4.38590382145236
mala1479	-0.758379362312484	1.67672328035505	-4.2343491219626	2.33025027463126
mala1522	-0.121271525260616	1.7191260236448	-3.44763905805807	3.40080938792388
mala1534	-0.8391479175077	1.36465132501212	-3.59238429670137	1.76712066495464
male1284	0.266519381269671	1.83430374647634	-3.29770187733637	3.91014956584065
male1289	-2.89499849631316	1.5460384304802	-6.26347556440044	-0.0275586996892322
male1297	0.472934799844938	2.02620176137906	-3.4193273792833	4.62289569303345
malg1251	-0.483609529641031	1.51522145189081	-3.57955345121288	2.42529786657054
mali1284	-3.50815932237542	1.50668688268901	-6.66094944936401	-0.764971188106115
mali1285	-3.09360189090773	1.66789014738779	-6.59694132932414	-0.0579403681030479
malo1243	-2.71961882283464	1.29093310527152	-5.4977819014722	-0.370601018927846
malt1254	0.355361626385787	2.00869030143468	-3.36635633086067	4.44564027726344
malu1245	-2.44376297252208	1.21447500846239	-5.03373875375676	-0.22913773246991
mamb1294	-0.109984581491813	1.51707477945051	-3.20372766808099	2.80535482271502
mamb1296	-0.749776465624825	1.87769384503058	-4.65309457877879	2.6972110289753
mamm1241	-2.40913239270244	1.90066034744054	-6.39537436032505	1.12505187835314
mamv1243	0.85917913413714	1.67124756845094	-2.33794678666081	4.27360243719487
mana1288	0.959652300081314	1.99056179318506	-2.75178024562422	5.06481656200109
mana1295	2.16554616523006	1.60632024047722	-0.802763930612356	5.61495750594024
mana1298	0.548563173851666	1.63067437103961	-2.53772036582086	3.77126276465804
mand1415	0.757561804610408	1.91654297291291	-2.7990397928567	4.68437309889358
mand1436	-0.603363539036014	1.9647180293634	-4.43366576727185	3.2703490452901
mand1440	-3.20775841320028	1.71676785491345	-7.03378583413149	-0.0858120280202479
mang1378	-0.790533295059363	1.59267839069021	-4.04820962358668	2.33437237752681
mang1381	0.716097500563547	2.10686525046109	-3.30448978550668	5.06375760047721
mang1394	-1.54576905529795	1.69357073623061	-5.08948216648501	1.57062305523103
mang1401	-1.05181046019114	1.73437582564247	-4.78929698980419	2.1332017580256
mang1404	-0.747905537839736	1.12729029352073	-3.05409729628485	1.33976418761936
mang1405	1.16143182308949	1.55457401117099	-1.81534431678946	4.30947672443585
mann1248	0.266804020310442	2.00883004405869	-3.56331280432862	4.33693002226085
maon1241	-0.875526961358436	2.01400984258912	-4.98540282144004	2.93862351499013
maor1246	-1.06410756659277	1.74448391694799	-4.78691655375699	2.19578839141607
mapo1242	-1.17938974053015	1.12487788319489	-3.56053270886823	0.872146838500004
mapu1245	0.449830698362256	1.99687723253379	-3.31339794102995	4.54294526011
mara1378	0.560155974796655	1.98242113283836	-3.1433337873305	4.57614997909765
mara1382	-1.35845845345282	1.74003687380971	-4.80829260049562	1.97189261025356
mara1385	0.61394324305321	2.06065805809283	-3.36645212314512	4.89082313206313
mara1386	0.893860820025326	2.02215413123044	-2.86801896497634	5.13886985156599
mara1399	-2.43654758079362	1.18243814565091	-4.97110903245828	-0.324126201753876
mara1404	-0.258879560054679	1.41234394899434	-3.11926194564665	2.49275173575898
marg1265	-0.179864416332923	1.48274915695508	-3.19437994182441	2.68066942624166
mari1426	-2.81505787461476	1.63220065061647	-6.21882454029512	0.167712247937328
mari1440	0.657002399831719	1.99117816278243	-3.10936465901502	4.72486093436437
mars1254	-0.998356022394941	1.78546722059279	-4.69165747064912	2.27604970887401
mart1255	-2.15935056313091	1.74884766887819	-5.79454997591057	1.18342829488355
maru1249	-1.32428960091224	1.77901988930261	-4.89244755722164	2.13953842280309
maru1252	0.293364127937281	2.01550515856704	-3.52938508585902	4.37931143484673
masa1322	-1.23924252903108	1.59327310077665	-4.59512388093829	1.7006076121286
masb1238	0.394598245694939	1.40431071077218	-2.42735317421003	3.1389570978233
mask1242	-2.70765539560951	1.25372240078142	-5.34410709319512	-0.424705288046303
matb1237	-2.12724507608056	1.81777845624988	-6.0318810420152	1.19161903113169
mati1250	-1.61471909123342	1.57475967107224	-4.98531536304496	1.18717710109793
mato1252	-1.45652323743526	1.29350595177907	-4.08713347660997	0.942837088799261
mats1244	-0.285141097847314	1.97134141901192	-4.11546911863027	3.71092285721581
matu1261	1.59009568638736	1.29844957066699	-0.773166707654177	4.29945508520616
maun1240	0.935047089782819	1.92921492046006	-2.77829530707154	4.85733256734001
mauw1238	2.01918946912729	1.56054474457039	-0.929920981375278	5.28729307202155
maxa1247	0.445670398271965	1.98012875630077	-3.29636463646615	4.51742000279432
maya1285	0.671811650263654	1.98430072193331	-3.1153058092227	4.77568136799894
mayo1261	-0.749354082578891	1.78544815190583	-4.42893632606649	2.61344481350679
mayo1264	0.0858244665248049	1.79635048723917	-3.30551267538836	3.79897184720041
maza1304	-0.473552146390756	1.30816476474537	-3.07254440644601	2.04076857172235
mbaa1245	-1.19650638178269	1.84865672697315	-5.12141824221901	2.21928811814212
mban1263	-1.57181356894484	1.98353872551332	-5.65279634449725	2.04974459055634
mbar1260	-1.42495862747827	1.54113278696599	-4.59525237499687	1.48219219744994
mbay1241	-0.940589892474333	1.71045716310122	-4.50490595329925	2.20118740764793
mbug1242	-0.0253426414002749	1.68384083894624	-3.44833733354933	3.19608931469509
mbul1263	-2.76770741617072	1.55266227571514	-6.1147584480921	0.0262290993205606
meen1242	-0.970052649759338	1.75484299119966	-4.50880466361368	2.4036196180744
mehe1243	-0.501441582314525	1.47309914182198	-3.42868718877947	2.36287078122756
meke1243	1.9766573970339	1.58723002947915	-0.98377373389568	5.29437740539753
melp1238	1.76226028903083	1.84427114890404	-1.72832194557302	5.49112331338287
mend1268	-0.466177057069714	1.45674385270211	-3.31601722393463	2.37036659493001
meng1267	-4.07874122244944	1.71745515546439	-7.74830495813412	-0.929186696020726
meny1245	0.27816613757595	1.49951321331012	-2.62263299022517	3.27943139341249
mera1242	-4.23141621043992	1.64501657218606	-7.68587990327097	-1.31149372778168
mere1242	-2.81472319603997	1.49736734354682	-6.0408444217728	-0.158691763712975
meri1244	1.12563612484632	2.00231713631262	-2.61497715807573	5.27585772459826
meta1238	-1.36017023705724	1.69857230825945	-4.85777218519779	1.77564609387515
meya1236	-3.63360516389447	1.74936695310581	-7.28599671483502	-0.444778498399129
mezo1235	-0.945041252244268	1.50437793909797	-3.92568214444036	1.98678101563704
mezq1235	-1.06417925251949	1.59208693358336	-4.18430688699	1.97793470437327
mian1256	1.00847879094601	1.90011193330125	-2.58929992666861	4.91065654846594
mich1245	-2.28414425949358	1.802827921226	-6.05041646035904	0.974761676329231
midd1327	-0.716675565497438	1.22530999710404	-3.2055652528771	1.61192287238929
midd1357	0.558051354603715	1.96728896947135	-3.16287336297023	4.62217503595801
miju1243	0.397453634386501	1.89892859784875	-3.18258761404999	4.31188526577014
mika1239	0.336993295495743	2.03920838804577	-3.48131529317412	4.58271512549679
mikm1235	0.194948876223615	2.13493958118133	-3.80548031762836	4.55039561303555
mila1245	0.593478593685934	1.88170588454803	-2.97343690329497	4.52030759680753
mina1268	1.55528717330523	1.77229604041884	-1.75772464102226	5.27170651537462
mina1276	-0.603514590316646	1.30479519015574	-3.20056476852524	1.89968982312007
mini1251	-3.58341712149027	1.46961909847501	-6.68547531419257	-0.910863635415298
mini1256	0.407851279234555	1.86561221789292	-3.17967575396888	4.24671482502515
minn1241	-1.97776791329118	1.7852306971497	-5.61158258868679	1.26631342763878
miri1266	0.719890040531191	2.05632630149249	-3.19766394716262	5.02536947399103
misi1243	1.59253504501659	1.74566081808129	-1.55834262888289	5.31064704440877
misk1235	0.608255092944289	2.03160052863408	-3.27200805216801	4.67716682880428
miya1259	0.381845759205907	2.04113375220275	-3.52427459201274	4.56681858029017
miya1266	0.0449974223597316	1.55051269653105	-2.98175662425307	3.06627592008637
mlab1235	1.15293245876884	1.68216195453293	-1.95366243842374	4.74952600442937
moba1244	-1.26736881580762	1.81670259741891	-5.13769330043044	2.12118200528599
moch1257	-2.58478765596682	1.84483939641589	-6.53325134137351	0.773720081700586
moco1246	0.846733819629303	1.90986922157537	-2.68747249439633	4.81973548071576
mode1248	0.444714224039178	1.96308508714253	-3.18392688997075	4.49450763219753
moii1235	-3.0768397068228	1.78144452653905	-6.81726967759924	0.306976891737505
moke1242	1.57754421290294	1.76536270022265	-1.60790545575752	5.36319014977548
moki1238	0.990649682657939	1.63647038687853	-2.14325625325559	4.29380335007975
mokl1243	1.72602846999417	1.77227651657724	-1.50723745621441	5.51747087262891
mokp1239	1.54343657983507	1.63054441761833	-1.52199466394882	4.94794083461802
moks1248	0.448173602542051	1.8675540325394	-3.08394289455248	4.40751139614908
mong1338	-0.585809784111191	1.88051915574518	-4.42148858555067	2.9076917808538
mono1273	1.85712593329684	1.6180792578822	-1.11197114001136	5.23235636887836
mono1275	0.831423669776162	1.99049305960346	-2.87023064544332	4.9397303687064
mont1268	0.580635006439101	1.95432009927919	-3.16463863283979	4.67897850308297
monz1249	-1.80967758458358	1.91210571994312	-5.87324354638173	1.63068912877442
mopa1243	-1.51042468912791	1.91964640417971	-5.57182188340506	2.00021875827879
morm1235	-1.86758273224334	1.69931182137038	-5.48237475863616	1.26063140759268
moro1287	2.40180242599549	1.82699276139121	-0.869075302900987	6.32858043876581
moro1289	1.07192800988276	2.02150224399324	-2.87446510719764	5.2144152868648
mort1237	-0.798940913428217	1.78603561311132	-4.51865575862021	2.50305732139178
mose1249	0.825925318256307	1.87947994137129	-2.66602296781746	4.70466348248693
motl1237	-2.55286649127197	1.72376166449314	-6.2426983807635	0.479099643492782
motu1246	2.64927570498788	1.70697639992348	-0.393016568208283	6.3140880992561
mouk1239	-3.12807423889556	1.4652225386856	-6.35016979814739	-0.484430933440013
moun1252	2.48736553771742	1.78657114669732	-0.784518700040144	6.31086057117101
movi1243	-0.708257931282767	1.64147691770911	-4.04243123276874	2.40392186116118
mpad1242	-1.88494350136026	1.75350400857368	-5.55361435120401	1.35447822308184
mpii1239	0.622064897342629	1.99815477151551	-3.15640453570204	4.72308968503603
mpot1240	1.95832304958048	1.67772103688033	-1.20656218759998	5.43439281219604
mpur1239	-3.66908262748084	1.77297165398895	-7.44772561006034	-0.384820490219392
mual1241	1.34763242291574	1.49699602625055	-1.44975891723399	4.42190642893261
mudu1242	-1.6651009783101	1.51546478709983	-4.76147136265379	1.12539258905455
mull1237	0.947253798239904	2.03179370233895	-2.83981531333664	5.18421627340051
muna1247	2.46071725573729	1.69541079650216	-0.493158251477259	6.25500814177816
munc1235	-0.805622898527017	1.88307718997814	-4.44714189766067	3.03272296870587
mund1320	0.779249899592635	1.98510270456233	-2.97101765476712	4.88526153026236
mund1325	-0.937349972770013	1.55262355033538	-4.2542153867562	1.91978813854786
mund1328	-2.22576338967864	1.52960158526919	-5.42959871289896	0.539504103051415
mund1330	0.451467321343634	1.97000033391776	-3.25622654656693	4.55274084131833
murl1244	0.743426933193376	1.87721596803036	-2.84279392237417	4.63255173880727
murr1258	0.838686619107832	1.98702134835727	-2.92647779041772	4.82300253869158
muru1266	-0.0690258416331627	1.9179089920722	-3.67586255990413	3.84883124724734
muru1274	0.183030091202862	1.91745386151517	-3.45043443629223	4.15095216354208
musa1266	1.44752418657737	1.64549255329548	-1.6644922654734	4.82534663219275
musg1254	-0.954837421970447	1.47577686253276	-3.98070807360893	1.87050977627883
muss1246	0.782549986183861	1.62118457086511	-2.32814573091647	4.13052095713596
mwag1236	-1.23669639753581	1.57469759012491	-4.49659631476483	1.67966373264384
mwan1247	2.34784955283074	1.72099048714696	-0.818263596147183	6.11774927584772
mwan1250	1.21767370385627	1.96921251778599	-2.56867898479967	5.22475380536589
naba1256	-1.82422989099432	1.30492991028495	-4.53662661757175	0.61484508427101
naka1262	-3.91105647654984	1.71183814316208	-7.62351345732374	-0.848057501077188
nalc1240	1.11586763827814	2.02420313253267	-2.71785261146251	5.28280907557864
nali1244	-3.55120380886976	1.69753389756683	-7.21728450289122	-0.575819010911346
nama1268	-1.08021826355	1.3492874238106	-3.81290401075245	1.44869144541836
namb1293	1.41121167404199	1.94481899411951	-2.12065221036393	5.53449952879673
nami1256	0.336470347247046	1.53995066173536	-2.63972906366878	3.42159087085607
nana1257	0.147791666231879	2.09609390521375	-3.93241403386478	4.29043111514099
nand1266	1.17797048591617	1.79873070605605	-2.16517189601345	4.9385183541323
nang1262	0.948604069896373	1.46081558805743	-1.73524640058216	3.9507690202172
nant1250	-0.401122605101154	1.51373937315162	-3.34340431605599	2.60163500541672
naru1238	0.432107388103246	1.94027457508075	-3.23649565941656	4.35769886121954
nati1244	-2.663579757079	1.28687792064006	-5.27448077000767	-0.360567479622041
naue1237	-1.65734786805356	1.781233774394	-5.46417839033109	1.52356629668173
naur1243	1.60569097832897	1.74541913414597	-1.61148370834393	5.3109409218229
nava1243	0.706764443813062	2.00132510848487	-3.15179974949177	4.83234273775548
nawu1242	-1.1283116915531	1.87922162909392	-4.98641471458255	2.34652607431405
ndam1239	1.46135200240134	1.59795376127733	-1.59452606469624	4.67465108387712
ndog1248	-0.964620335185214	1.83915577489272	-4.81698089792466	2.37744335357755
ndom1245	0.680659992987441	1.94931017973956	-3.05653644160245	4.60812538959025
ndun1249	-1.3656883153567	1.95418457248202	-5.48329146137712	2.13725892860654
negi1245	0.327961208008983	2.03835759217875	-3.69601214280468	4.36437025262692
neha1247	0.439228566690939	1.50702844188425	-2.50095029573906	3.52150346001329
nend1239	1.9313706380433	1.73579760806809	-1.27250205789864	5.49774201343618
nene1249	0.535977763902112	1.93590209851064	-3.19889647395374	4.50397148271671
neng1238	0.758787566549021	1.64593487235181	-2.41655880909822	4.14729423336978
nenn1238	1.44617123188323	1.93949618252906	-2.13813778347671	5.51752585510357
nese1235	-2.46410131652933	1.20639625378976	-5.01229164089344	-0.237494618479558
newa1246	1.16016570113049	1.90252469939742	-2.41046988272356	5.02923493519442
nezp1238	1.08289311644276	2.02423876889074	-2.72692241987337	5.20213123320968
ngaa1240	0.387550849478052	1.98029847330497	-3.37249930175608	4.49740819287656
ngab1239	0.597540673203171	2.02702256022214	-3.23818700239574	4.78083832439097
ngal1292	0.808826375078816	2.05149184047291	-3.02871297203477	5.04731554203245
ngam1268	-0.707047881703265	1.71693090998218	-4.23818358620944	2.5826905202431
ngan1291	0.600789413923526	1.90640162323393	-2.94496288775513	4.64413229739531
ngan1295	0.851191113232229	2.01002519707033	-2.93165037617423	5.03330877459869
ngar1235	0.860534546074305	1.98142301455329	-2.84202424250273	5.15623703647022
ngar1284	0.462319479860147	2.14748025624294	-3.6199426676428	4.81699666228064
ngba1284	-1.53422265607038	1.88457865806344	-5.56517793849079	1.85620526553576
ngba1285	-1.94320237048135	1.84656182383422	-6.01016713774407	1.38700702222206
ngge1241	1.00139724646173	2.04644458629232	-2.86888553112048	5.17466389887517
ngit1239	1.33167754552278	1.60827763284883	-1.70422608297091	4.62564585744574
ngom1268	-1.39524713700654	1.85630641800575	-5.16953568702668	2.01103385754055
nhen1239	0.369558760895937	1.72433374293439	-2.92236285463626	3.90901999875934
nias1242	-1.19782829708672	1.70363921103188	-4.79689146886226	2.04039763744511
nige1253	-1.17765395605676	1.8148281262221	-4.88695225537106	2.25283193380814
niha1238	0.40745151289957	2.02415128788062	-3.53924350545087	4.51932066798724
nisg1240	-1.51285837897373	1.79970568754172	-5.26858700459979	1.8548659683665
niua1240	-0.770691267470085	1.71093197391878	-4.42802361487419	2.38146418226731
niue1239	-1.08062493457804	1.8001122731821	-4.89338235537668	2.12285910706676
njan1240	-1.21290887006197	1.72555148388517	-4.75887327243894	1.99167269351986
noct1238	0.672963361614701	1.92666352046476	-2.9683036003516	4.64767489564815
noku1237	-2.50024265962185	1.73830481082625	-6.22201143639506	0.712432283744842
noma1260	2.29158009867953	1.39459717334508	-0.269085183418676	5.18667938898716
noma1263	1.78525181216362	1.82954184191888	-1.47354188221423	5.65986488045325
noon1242	-0.707390125655304	1.96597281426779	-4.7094512481324	2.91341030891606
noon1243	-1.97829703646758	1.58176483536636	-5.29762848706088	0.843652306609131
nopa1235	-1.04290761581621	1.56529047786839	-4.13245074814543	2.0958449350761
nort2671	0.798828693141052	1.91243266523319	-2.68674080246216	4.8231209126234
nort2684	0.710605683549909	1.67543731334218	-2.46459480665074	4.20355971017977
nort2690	0.158713772000292	2.07795402843026	-3.7890580736741	4.37097634612487
nort2697	0.694619674944886	2.07971209961795	-3.22458088504068	4.96272306351117
nort2699	0.326732526417903	2.11574841485588	-3.8951188269107	4.64377733644154
nort2702	0.370406120836334	2.11568926831431	-3.73169246068654	4.6827183634403
nort2722	0.275051363091045	1.90310302201962	-3.33963328177114	4.20810878457455
nort2723	-0.120715187119961	1.8940045523713	-3.77425571382465	3.77213721619731
nort2732	-0.565620700421821	1.92637209699935	-4.3677524775209	3.32296006667232
nort2745	0.287913265582972	2.08546017113051	-3.75944613928374	4.55953281486684
nort2747	-1.63326448957643	1.82182792802059	-5.37110934571937	1.7918272608663
nort2774	-1.25976419912335	1.88976078068554	-5.26773977224838	2.24362824819636
nort2775	-0.815945198284914	1.9658886495078	-4.83364998112856	2.89937951232313
nort2795	-0.835890848482742	1.83547600198257	-4.70264250978182	2.53830298431062
nort2845	-1.05604204255484	1.79761562827797	-4.87041681605872	2.19257343066236
nort2847	-2.73769192802827	1.61089557501135	-6.3114840135917	0.0493110560645269
nort2885	-0.0902043265731838	1.385441551103	-2.82238132620197	2.61930889482561
nort2930	1.44160837027603	1.91527397518339	-2.23878609400058	5.37610896490375
nort2938	0.0574953593955923	1.98403965330634	-3.76967210068023	4.06444234530543
nort2942	0.247712573228584	2.04535082217184	-3.64429121863338	4.40597967882743
nort2954	0.67953763951108	1.971584147748	-2.93802885961961	4.6958382191019
nort2961	0.590231291237842	1.9055326756083	-2.93977672868269	4.60969252776428
nort2972	0.737242295582967	1.98272924838325	-3.07097193832973	4.84568902826983
nort2980	1.43645014760154	1.95089846216545	-2.11868639174744	5.53771121876872
nort3047	-0.745315143964817	1.34749281208407	-3.45370107227508	1.84344153931624
nort3139	1.44241224356754	1.73447374036974	-1.63312712002829	5.14068046934056
nots1237	-3.75033950685307	1.66481042839873	-7.43338872819222	-0.79010275046304
nsen1242	1.94324043145516	1.72176522373303	-1.28311416329185	5.51347251796008
nucl1235	0.714686908754923	1.98810493383936	-2.95280289760408	4.87893080521831
nucl1240	-0.688729172053173	1.58265761286594	-3.88570061724739	2.28326615034203
nucl1301	0.16543444237842	2.09733950081737	-3.88115362147174	4.36532093372198
nucl1302	0.681614174469072	2.05857306239401	-3.25943439689643	4.92518483765405
nucl1305	0.201092918482965	2.06995951099661	-3.8158999785896	4.39633149573388
nucl1310	-1.03082475958975	1.77384347327269	-4.45226618797409	2.54728221565574
nucl1327	0.98084102078875	1.9913970188503	-2.73570738678355	5.13389046813666
nucl1347	-0.805903499268502	2.02304103872334	-5.02014831701289	2.88365181744961
nucl1417	-0.734032604871734	1.56662660155034	-3.99698765504237	2.1869645964191
nucl1458	2.26820324452365	1.60988204965362	-0.703367720492707	5.60837772619506
nucl1460	1.79145758433602	1.73821908621303	-1.40431317072623	5.3943735009835
nucl1593	0.706605407258431	1.51408559171824	-2.10665849073803	3.82544583828485
nucl1594	-0.873753967043499	1.77133398838682	-4.38568036438755	2.52413438785834
nucl1595	1.0220630100633	1.74205505823622	-2.24154056103174	4.72926108580714
nucl1622	0.975897335583901	1.97112987603709	-2.79140810661698	5.11622892222295
nucl1633	1.3625600863766	1.9329876841207	-2.24006865084539	5.38201650709108
nucl1643	0.287064270738463	2.09825520439457	-3.7653781550488	4.62082017559193
nucl1706	0.616347191116016	2.02610416227625	-3.14979903651358	4.82837569547933
nuer1246	1.39006925967018	1.82324891857916	-2.02084934953131	5.22212900535018
nukn1238	-1.74415054911778	1.31461762411293	-4.48242599625038	0.716611847625726
nuku1260	1.19436995517035	1.72403096488576	-1.90445624106862	4.81539540997552
nung1282	0.0179779913533765	1.84666702055473	-3.49086117511487	3.80883907805372
nupe1254	-0.887203427037294	1.77667985468687	-4.5422867702093	2.38261480046871
nusu1239	-0.418578272477686	1.74747151044392	-3.7851916546892	3.072349658247
nuuc1236	-0.336215402660508	1.68371901282656	-3.6238681331866	2.97963601466116
nyah1250	1.52234130407527	1.78039882063702	-1.7584333741352	5.30404325585995
nyak1260	1.39761040787153	1.6118973340164	-1.73384582432876	4.58973888017539
nyal1254	-0.871217269021856	1.59840061660652	-4.22957053572953	2.08528700263034
nyam1285	-1.63983643461864	1.72308956208944	-5.28737985905937	1.54745327391967
nyan1307	1.44013677723631	1.58446358033485	-1.52349966235057	4.72242488890364
nyis1236	0.809624033144495	1.9316529147445	-2.86434475261927	4.74844953478141
nyor1246	-0.108848625311662	1.56499939650704	-3.30296844148814	2.88809697408998
nzak1246	-1.15240777855834	1.80420801938641	-4.9054778030689	2.18253803932156
obok1239	0.449057331626457	1.847543318365	-3.16419132224692	4.24308262754316
occi1239	-1.02869983947141	1.78503338107233	-4.79406496487901	2.27304915687368
ocot1244	-0.317948525867249	1.50938763984243	-3.37048736141965	2.64605673466228
ofay1240	0.394723029009579	1.97085892906169	-3.29375431970855	4.44149043496543
okan1243	1.40633462541592	1.87145139206176	-2.09072751922028	5.25665592030508
okoe1238	0.0305945305313995	1.50621182424182	-2.96607523569597	2.87353876284263
oksa1245	1.15777183551655	1.93809724707154	-2.64190787474529	5.09833659896547
oloo1241	-0.581900844728533	1.31924567357407	-3.22356703723641	1.92831801383451
olut1240	-2.78276175100411	1.78442828084382	-6.46842907443913	0.459774147912364
omie1241	2.22060113473703	1.79156726931731	-1.00031971484252	6.02259072960554
onon1246	0.923476907983106	1.91906649093299	-2.74107895671019	4.94911504506008
onto1237	1.47235268799189	1.71532865440629	-1.67174110790354	5.11627111651715
oriy1255	0.807111296309496	2.01946440800655	-2.99532347804721	5.0387594844749
orok1267	1.48401792541957	1.81103735817598	-1.90175031520796	5.27999504235662
orok1269	1.9414701270278	1.85577373262679	-1.47858010994838	5.85406466597502
orow1242	-0.79733086625246	1.37212624049749	-3.62429495835815	1.79177038649771
orya1242	1.41632443291717	1.95058328049167	-2.19178573007327	5.41950132855314
osam1235	-0.406800572748791	1.82845345254824	-4.30168350712061	2.90727134893727
otta1242	0.198997682903226	2.10307632474664	-3.85698600097017	4.38157846336585
paaa1242	-0.380595464726722	1.55342550733619	-3.49268532960972	2.59530626768498
paas1238	-0.807911099403849	1.76819787710698	-4.4728074135085	2.46438001490426
paco1243	0.900075737323448	1.62021143443328	-2.26703869647937	4.16211148438828
pagi1243	-1.21477697182535	1.87540173503574	-5.17217954184361	2.17243278724266
pagu1249	-0.751956606909779	1.717640114401	-4.17702009462717	2.69964984734922
pahn1237	0.601725371305869	1.58457829304266	-2.42265289711215	3.77206086053768
pala1344	-1.08104460263689	1.78852919202919	-4.8831608444424	2.13943592715322
pali1279	-2.07121345000938	1.75434687638072	-5.75460171231614	1.19311131315626
pamo1252	2.1108649756534	1.79550871793106	-1.09265279793917	5.93597933660679
pana1307	-2.48158568464065	1.76985357469774	-6.08321586821091	0.834693436622548
pang1287	0.642521580963921	1.61552963459299	-2.61846070999494	3.78766946547853
pang1290	-0.818360069234979	1.33140677781058	-3.51841021680503	1.7035010259341
pang1291	1.05897221673962	1.68993671743086	-2.15318265312121	4.62722558114559
panj1256	0.38830670704633	1.99167521568149	-3.30878235190664	4.51054537562332
pano1254	0.644328632385578	2.05216829793358	-3.14710088382994	4.85608671554577
papa1238	-1.23507938779917	1.58527298772605	-4.43637820363469	1.81941166939751
papa1265	1.90002447070245	1.31777249578427	-0.495079604747122	4.65705510971714
para1301	-1.4459549016371	1.71093408960198	-5.04768583148881	1.69431781523268
para1302	0.796001770033138	1.92390429808776	-2.86490111246406	4.73360549268677
pare1266	0.954596190116699	1.85464440278002	-2.54680128686247	4.84769394571644
pare1272	0.771732134740948	1.89342901375125	-2.69628031828208	4.67401414911386
pate1247	-0.887463591851528	1.11798554975696	-3.115784075916	1.21624414051502
patp1243	-3.07556477272071	1.59874468834918	-6.43298679361743	-0.158920103738509
patt1248	0.351411676472405	2.04415275896659	-3.52631746805643	4.50717724152486
paul1238	-1.5302597781103	1.80943830711808	-5.43335905715416	1.77692348738966
paun1241	0.90268340191302	1.87463829228246	-2.49894662848347	4.86589425366015
pawn1254	0.422287867903396	2.01903563797736	-3.38994615303521	4.63422508591617
payn1244	2.00341655164969	1.72663861703022	-1.20590143523187	5.63562379165032
pech1241	0.554375997946899	2.01943435120757	-3.19605267703375	4.59875384351724
peer1241	-0.489985627633171	1.57959181837659	-3.74130548770812	2.46910349566494
pela1242	-0.0352634356432578	1.68098276586772	-3.27134850352634	3.34904515514769
pele1245	-4.0209266343717	1.69650251723604	-7.61745336803811	-0.985821333437109
pemo1248	0.191418825150854	1.94114901418532	-3.43813553989197	4.18255658997939
pend1242	2.14789777549029	1.69612192459492	-0.826835383081315	5.84357176246695
peri1253	0.108148923263689	2.11291009571725	-4.03493575766869	4.4683502825526
phak1238	0.426199512233071	1.88561796357248	-3.30504656397007	4.18102757716228
pich1237	2.10384193360221	1.7523758185257	-1.06824413590539	5.8083618039973
pila1245	0.86524277516348	1.85513591017454	-2.65865011628218	4.73219785772362
pile1238	0.527406423115088	1.29558755313291	-2.02614675853247	3.09023419540786
pima1248	-0.417622308206354	1.73885240707396	-3.78447765561996	3.11296931959416
pina1252	1.9862287449605	1.82691977185906	-1.36830532630125	5.8125036809225
ping1243	-0.40399128552482	1.68054355143322	-3.88574108107449	2.7719411004675
pipi1250	-1.57850665380213	1.78879298427529	-5.3419825929323	1.74780942052625
pite1240	1.06231510070486	1.84423108060691	-2.30430686920519	4.91073180212476
plat1254	-1.72090358979877	1.80292844844782	-5.4422530052468	1.69263428713082
pnar1238	-0.0192264361406319	1.53654731705021	-3.12640594431358	2.9636501090915
pohn1238	-0.851448750523552	1.73149348278365	-4.53977300115482	2.40259583407336
poli1260	0.470904472996579	1.94950956779112	-3.14769658595446	4.58023447326033
popt1235	-2.77721106070882	1.86470550549622	-6.82878984466366	0.553573298154154
port1283	-1.23273661519031	1.83902503697737	-5.10489161190709	2.18854591162804
port1285	-2.72754002177892	1.24636584753815	-5.37166215527556	-0.467590607138802
pras1239	0.42656801017479	2.07419602821334	-3.38261325345684	4.71574087390564
psik1239	0.195513992616018	1.2707012209322	-2.2926288772861	2.74531119265999
puka1242	-1.33067929472553	1.69731841028654	-4.91056281052536	1.75710916273137
pula1262	-0.566536265406077	1.89243948307711	-4.4760240824889	2.97159857408729
pula1263	-0.944615172653514	1.84840606079486	-4.88695412482675	2.47512013547224
puma1239	1.23973496160197	1.89899278377319	-2.27906709872901	5.23745672562928
puoc1238	1.17473559678824	1.68651130775959	-2.02235335955489	4.60127723812085
pure1242	-0.741054158662393	1.87994959602625	-4.38554819717232	3.053101327398
puri1258	0.358194391981903	2.12630765816859	-3.70525468770419	4.6959396453351
puyu1239	-0.297334948359182	1.26846526615778	-2.81427049490303	2.1821820792843
qanj1241	-2.66496254484096	1.91060616535598	-6.7017348958136	0.845416223042905
qaqe1238	-3.93681520072004	1.58343607869526	-7.35216986888404	-1.03487771905702
qaua1234	-1.15749308327792	2.01411017684917	-5.29739858648624	2.64901473621523
qawa1238	0.411586744833081	2.02165989833919	-3.43785963397832	4.51287162254501
qima1242	0.827695097787357	1.94412702940598	-2.77283625342608	4.88821219258631
quer1236	-1.74732490781499	1.60429539842302	-5.04527051352215	1.2809864982758
quio1240	0.803684152640304	1.41873101149916	-1.93991009531223	3.68461438029475
rabh1238	0.988347425377224	1.8521665592319	-2.53974241618265	4.74598857734463
rade1240	-0.795126229383401	1.57525624909122	-4.02009266440633	2.22811353536056
rama1270	0.563132027418293	2.08578447078291	-3.33611771761439	4.85445897581525
ramo1244	-3.08369376409429	1.5299986550257	-6.28131640018187	-0.284572901704802
rapa1244	-1.02968446132899	1.78718109397937	-4.80607613923229	2.23719689973201
rapa1245	1.60130839877028	1.73028807160206	-1.62736453289563	5.19109757953299
raro1241	1.61407716993566	1.72950679206701	-1.62939737124624	5.22506399420166
rata1244	1.1488920359023	1.79569623093641	-2.15700099538984	4.9234155442272
rawa1267	0.375382959760654	1.44506880013179	-2.49859984967708	3.2990756162624
remb1250	-0.244397131642692	1.44284034474556	-3.25167319318017	2.44795208180328
remo1247	-0.289464374792441	1.52465847952809	-3.37585705902076	2.66503255306418
reng1252	1.20939627080853	1.44544554044777	-1.54700150762112	4.14432657066022
renn1242	-0.882257381564391	1.70561422272309	-4.50472379969856	2.29515207725637
rere1240	-2.77427565956154	1.19857879490065	-5.27825806440545	-0.609955075100538
resi1247	0.493370820323487	1.79217402752776	-2.81516917155996	4.2818809191451
reye1240	0.293311505752383	1.92950290255787	-3.34056626665942	4.17423954471377
rian1263	0.751472600862544	1.96495441511483	-3.07116829482435	4.71377537355524
rikb1245	0.352318087689501	1.94133881432148	-3.29897407179387	4.43743734373363
rita1239	0.766995308812716	1.99233143533885	-3.08114452183273	4.95226162391358
rong1264	0.399543518921872	2.03708691428442	-3.4542962838172	4.51116440291074
ronn1241	-1.36901271938097	1.59144676534641	-4.68379709130985	1.59239197915984
roto1249	1.80454503187043	1.26954895480422	-0.508909972894593	4.39812620342649
rotu1241	-1.07323194058717	1.79819856760302	-4.82854656775433	2.25251838442302
rovi1238	-1.29484473882734	1.49603809949872	-4.50512681285263	1.35365974533591
ruch1235	-2.28981671923384	1.893852285282	-6.29215790964906	1.14095421238
ruka1240	-0.280943715292659	1.22075038511971	-2.69508132276668	2.09963401189393
ruma1248	0.513470153062453	1.52932149790218	-2.4157626720554	3.63575881647987
rung1258	-0.142626435182718	2.0142012872208	-4.12491740342215	3.81146430345979
rung1259	0.454762826495512	1.32174939067892	-2.08869078326846	3.09508549663076
russ1263	0.548868891777941	1.97177833332782	-3.09156409123225	4.5682553612166
saaa1240	-0.202356745310849	1.40684224729091	-3.06723328322727	2.52045888298138
saaa1241	-2.68140432065635	1.3954809412887	-5.58429525058144	-0.210222668861573
saar1237	-0.343525262834046	1.12182394358057	-2.61492459920562	1.87791694447728
saba1267	0.578017925061335	1.30560905936944	-1.93715707199163	3.15872783366152
saba1268	0.331688887956312	1.90559974814202	-3.294673227523	4.26467286477213
sabu1255	1.6775145667802	1.6413950041738	-1.33355762515014	5.147833962971
sais1237	1.32877907103889	1.71485782800787	-1.85570079474627	4.8551536178914
saka1289	-2.89329801657389	1.575849682884	-6.22803909138523	-0.0603925696997646
salt1242	1.15317566757695	1.79308431990421	-2.21967495260554	4.92802083609
samb1305	0.0727680582983893	1.45119131802632	-2.87957453525913	2.82379911863012
samb1311	-0.0329124730024041	1.47346953124333	-3.03363430587945	2.77047178562965
samo1305	1.56129534833498	1.75789661302657	-1.67733419824027	5.27337832483514
sana1295	-1.62846324733208	1.7236982476664	-5.25526863492617	1.63563035044744
sanb1241	-0.603253381009313	1.49120868551927	-3.54292140508184	2.31834880780138
sanb1242	0.585751876510337	1.92080111655511	-3.05686494874344	4.4826134909504
sand1278	-1.68016216037581	1.74913573485739	-5.25971703216163	1.64007500626749
sang1321	0.879674008047617	1.90450407107274	-2.61604558185387	4.8167769512743
sang1331	-0.844350750675875	1.89582537482945	-4.8267247858377	2.61105765660823
sani1269	-0.819661019941775	1.74078070611269	-4.14900782028127	2.70802876890506
sanj1284	0.337836110621931	1.45275553910783	-2.51126182059654	3.24163836749125
sanm1289	0.368475953726461	2.00017255172894	-3.43932306981488	4.41019193571172
sanm1295	-1.2289830355884	1.48421998481615	-4.1047427810308	1.65014779130766
sanm1301	-1.89262581346876	1.59487464596868	-5.17933955462399	1.07048503853465
sant1410	1.05816524125016	2.03614982632369	-2.64783476526109	5.36904997157482
sant1436	-2.41772527611247	1.5482684625095	-5.56092802873731	0.490970786267225
sant1451	0.37886800095829	1.50045284992242	-2.53003023631383	3.39413820515637
sanu1240	0.480762734180922	1.96581147400493	-3.18139855100734	4.51126452709429
sapo1253	0.472499352965704	1.25699142461962	-2.05573344304531	2.911435846216
sapu1248	-0.596521338441202	1.57415492653643	-3.86576923561719	2.42363371385842
sara1321	-0.811541580687171	1.95721900226885	-4.88396353921919	2.92069360796145
sars1236	0.554539207683627	2.02631404138904	-3.30094237592683	4.7476880539819
sasa1249	-1.19220241317661	1.81499135747667	-4.94777312479956	2.13548581702224
sata1237	-0.941613558612503	1.76253829189763	-4.71565043114652	2.27300016396758
sauk1252	-1.49932312668281	1.28977013356204	-4.10451759127191	0.918899105701507
saur1249	1.02087981824805	2.05115123707646	-2.77709836752682	5.3234782820484
savo1255	1.57640595745324	1.49722992133122	-1.26097569794013	4.66729442477676
seda1262	1.68942943758311	1.47282038302142	-1.10419391453127	4.77295615185338
seim1238	-0.692225662676544	1.69763188946217	-4.30990195183729	2.51143500129329
seke1241	-2.73928661963892	1.39990407407393	-5.70362278972917	-0.251525533302166
sela1259	-0.971468626350223	1.77648212447954	-4.65616937409001	2.28715349333611
sela1260	2.31273880033499	1.68231601010959	-0.741948039068812	5.85121930462193
sele1249	-1.65343707489889	1.56407231302136	-4.96644198103503	1.15978185290673
sele1250	-2.1760340312437	1.38787291313833	-5.01008619353705	0.380247324991992
selk1253	0.558519178546085	1.89433412173075	-2.99012976564444	4.3594705286688
sema1265	1.05572382617124	1.61137193580366	-2.01371656396133	4.37315892174247
seme1247	0.310270489492027	1.76618974128987	-3.03818577726955	3.94321357968685
sene1264	1.03321654951382	1.97344034295941	-2.6942917809268	5.14508956666002
seng1281	-2.9653219864849	1.71851848761934	-6.72123974989632	0.137684340024934
seri1257	0.475801377918902	2.01159423581004	-3.43456918810538	4.47245138009433
sgaw1245	-0.0210241830349422	1.77880645832948	-3.46240278403127	3.64254120998507
shab1252	-0.945183655002549	1.79648216774174	-4.5988873549451	2.46270132234651
sham1280	-0.0237627517016212	1.62389647295613	-3.38431221413089	3.08915463148311
shan1283	0.688512379307237	2.05652670991911	-3.2072407800466	4.84748902449878
shaw1249	0.18634518833108	2.09308881325463	-3.90229853712589	4.43424358838731
shee1238	-1.35788445792834	1.76777984689294	-5.08754727316026	1.97439140540619
shil1265	-0.967043026517316	1.80606988539478	-4.65379547153341	2.41433349222596
shix1238	-0.0663319730492034	1.90762959444955	-3.77336083520662	3.81313887270071
shol1240	0.191322659324058	2.15199095918997	-4.09625070572077	4.5728262461047
shon1251	-0.448242007116367	1.8416906272133	-4.38456930391262	3.03034039060424
shor1247	0.135638443665041	2.09941578677798	-3.95109387168451	4.33982611794867
shos1248	0.517342423760792	1.93999815320584	-3.16413557971065	4.48577696454696
shua1257	0.341982283501233	1.92976681508559	-3.34453736017327	4.32566196068527
shwe1236	-0.256681670502947	1.48752233021127	-3.21161738675091	2.64885167200561
siam1242	2.0966797069534	1.55768092337827	-0.817612911936548	5.25707406233629
siar1238	-2.29564047874099	1.63737344246446	-5.68721349841328	0.701144441990588
siaw1243	0.961765392668643	1.66994290612669	-2.18350983789176	4.46263890019852
sich1238	-0.0953362081941741	1.96559681390909	-3.91639105043325	3.86589520113661
siee1239	-2.48333836307728	1.70393936018426	-6.2055099173489	0.550305519488228
sier1248	-0.939129373477186	1.54315938225578	-4.11715074884465	1.97455885167261
sier1250	0.802382001555249	1.41695601469462	-1.94726791555853	3.68312770360792
sika1261	1.30136353248796	1.64045698161834	-1.7471900542464	4.70766388865985
siks1238	1.093272964393	1.9045580945716	-2.50247437163766	4.91361228457718
sina1266	2.62778700073758	1.59478300620223	-0.168336821953742	6.09195094652827
sing1264	0.586755144572044	1.91264376831937	-3.06475367982793	4.43799345405544
sini1242	-0.281636155749863	1.94818157837056	-4.17082079181766	3.63105490808667
sioo1240	-2.32075954518829	1.42789571260111	-5.27394438928727	0.295515239353834
siri1274	-0.0240195989777821	1.6381629825316	-3.19180141465796	3.22764244086646
siro1249	0.652199782683862	1.35305018309726	-1.97432316301426	3.41935845907019
situ1238	-0.111822931795344	1.83848944829047	-3.51640130042241	3.70468801999497
siwa1245	2.18494963670331	1.56488238894501	-0.711269447322897	5.47549506648208
siwi1239	-1.090918874573	1.81193595628753	-4.87613712567972	2.26967250766296
siwu1238	-1.6137958475652	1.57528927634192	-4.99383512181461	1.23206950359207
skol1241	0.65465342568945	1.88753930783068	-2.84345967200135	4.55890727766359
slov1268	0.26110716336784	1.88680709329173	-3.30130084631735	4.11138309867175
sobe1238	1.26412147911928	1.67601863016878	-1.80543165857234	4.86911349199767
soch1239	0.540374298491424	1.47213244310571	-2.37429419631561	3.46709503647551
soga1242	2.08676061372029	1.64435218954047	-0.99217891685252	5.46458690416359
soni1259	-0.079911118861438	2.02279345498077	-3.9772275335901	3.92116919259863
sons1242	1.68431039791389	1.69945895278882	-1.42793911896881	5.1879506825854
sooo1254	-0.235312359329581	1.47759352904392	-3.18423869103915	2.67888837473544
sooo1256	-0.414742469808509	2.02681505396424	-4.46754347838883	3.46629725922392
sora1254	0.932708552606992	1.85901548673344	-2.49818443896697	4.85286074122162
sout1528	-2.73515469297157	1.82342369873592	-6.61027951220515	0.638547752208003
sout2649	0.328114756442082	1.9856508172168	-3.34556336747304	4.34686674111699
sout2674	0.750562280917434	1.90626223162981	-2.80269315856413	4.86613752315568
sout2679	-2.60383787631103	1.7109955860055	-6.22786449153706	0.533666337974616
sout2728	0.152076694295645	1.93106619960351	-3.56728847078211	4.16395468518286
sout2729	-0.141420259957815	1.916511240345	-3.81594733209334	3.88904501382472
sout2730	-2.18278366467504	1.64404709856658	-5.52662224024844	0.928414774899403
sout2741	-0.491972226518889	1.8728244349617	-4.32669778982914	3.10793171388045
sout2782	0.599376982113945	1.48776458720441	-2.36349599558644	3.44104491202786
sout2807	-0.746836326356885	1.83345000579858	-4.55536079105714	2.57989506462944
sout2826	-0.881285829927828	1.84471628578486	-4.8513053897873	2.47255982143612
sout2857	-2.63053399282936	1.31965426246699	-5.34774692853485	-0.239543365081017
sout2859	-2.48984675630511	1.33453984164815	-5.25851392394907	0.00245634290298258
sout2869	-2.69866939395042	1.591979215906	-6.18369600401267	0.0842464218513511
sout2896	-1.32534673414781	1.4462967942751	-4.31875663260741	1.37413761740137
sout2918	-1.55963672286362	1.63984364502909	-5.03571541026663	1.44657826141345
sout2949	1.47534149208627	1.97871490851454	-2.24184724908961	5.53648456343535
sout2956	0.116109066820013	1.98415536228431	-3.71799223352159	4.2113407810819
sout2959	0.240803805666415	2.06700220007833	-3.6948691484321	4.45674189529289
sout2976	-2.11257682669744	1.71478950303558	-5.56650388864692	1.12385341217605
sout2985	0.817366332335786	1.92939037635621	-2.8328597964735	4.85330896840518
sout2994	0.539476529163652	2.00682305289237	-3.2614495151426	4.69496020702025
sout2996	0.511432315911979	2.02575716789619	-3.26081094801144	4.61372678572114
sout3236	0.872840290081155	1.99752935761604	-2.89743068034772	4.97963212676608
sout3261	0.595739930106712	2.04258491063509	-3.41665818404411	4.67099261579109
stan1289	-1.08249340758184	1.77171604550811	-4.78229086166395	2.20571439363917
stan1290	-1.14294031267261	1.81394217643819	-4.89781566537182	2.15196233284846
stan1293	-1.11549093358146	1.87528616374325	-5.02999608939935	2.3969667247857
stan1306	-0.544757451729225	1.60954327561049	-3.81986522776084	2.50478277714784
stan1318	-2.75198976828785	1.8444767670463	-6.60876769293657	0.715498883844551
suab1238	-1.36618618822914	1.8311763927172	-4.8680893714337	2.24526495400518
suba1238	2.46177602736682	1.65799744429396	-0.604310445075011	5.90048648822947
suen1241	0.347016818971393	1.77814636541468	-3.05092162209053	3.86767196928711
suku1272	0.378181597915425	1.23501575625605	-1.99924562279018	2.82490804140157
sulk1246	-4.01300384984433	1.61136682877011	-7.44957869751862	-1.12201863864146
supy1237	2.04518169607605	1.74697391022637	-1.24120714754119	5.7126154009125
surg1248	0.627049517830038	1.88591919788131	-2.97496263152915	4.54181225332835
swah1253	0.069024074967691	1.69242248084944	-3.38879726654945	3.26568139926258
taba1263	-0.360303253867848	1.74219943057101	-3.69968715413811	3.16978513159583
tabo1241	1.52797637068395	1.96342134084597	-2.17791135194431	5.65809204669524
tafi1243	-1.64906791029604	1.5640164787343	-4.96966783006581	1.22235016182424
taga1270	0.673164654642141	1.57796459230099	-2.35570336886748	3.89007121278005
taga1273	1.40355724964282	1.63110259779658	-1.63786163332986	4.85558232460145
tagi1241	0.8059914977202	1.91362072748172	-2.75404291228914	4.75081484682613
tagw1240	2.14383639427742	1.75313317169334	-1.08367004760105	5.85156798543246
taha1241	-1.51198408271946	1.79946117844904	-5.30557446707272	1.80806648972437
tahi1242	-1.05460203378484	1.7905056935373	-4.83722401702491	2.30976898810007
taia1239	2.14499380028935	1.68912211148717	-0.971650356088843	5.69309157129982
tain1253	0.991161179397435	1.69154429639718	-2.1899475918312	4.47977568411651
taji1246	2.18344901953708	1.68190330216704	-0.819099913058627	5.79137202790664
taki1248	1.51017035597444	1.42401257398661	-1.13555724354611	4.44056849756413
taku1257	-0.662669904939751	1.71346859676016	-4.21438522314184	2.52274723955534
tama1365	-1.09211776580238	1.53049438044753	-4.25211870347731	1.82539422790987
tamb1254	0.636221651695628	1.3128265349464	-1.87754169542624	3.34626368348156
tami1289	0.173868084075895	2.12433990752371	-3.90811404232701	4.44752867940691
tane1237	-1.69151425576114	1.52299807090521	-4.99942739961796	1.02511914366087
tang1336	0.727157834121724	1.89533763621255	-2.86447925838628	4.52477652174489
tang1347	-2.75304596710868	1.37807060624827	-5.74120245686201	-0.323892455072658
tang1373	0.300242524751939	1.98396011437206	-3.33874626157721	4.33727313374946
tang1377	0.564480468727067	1.9260079584834	-3.10089994248349	4.45583319679392
tari1256	0.833079490791287	1.70992956968304	-2.32971026576414	4.42804677654072
tari1263	1.73698043944833	1.71562838286111	-1.42474351881616	5.31289882918249
tata1257	0.392051635557849	1.29990183157298	-2.13939429427808	3.00647234493718
taul1251	-3.49465630794629	1.43962083325064	-6.52646199225156	-0.875459903573386
taus1251	-1.9589891965876	1.57970088492417	-5.39621428585811	0.840638525879065
taus1253	-2.7423286249837	1.77641441619354	-6.36126893469236	0.470416090072826
tauy1241	1.02100467662222	1.63811790072459	-2.15434343235784	4.41477980573322
tawa1275	2.45294907597359	1.53263041662181	-0.274570549196108	5.71218334914402
tawa1286	1.12747340846641	1.78412568042633	-2.16104506956984	4.91462292659507
taya1257	-1.50809478573946	1.76167063414556	-5.09882116014334	1.72552565301519
tbol1240	-1.36099572390446	1.78231117486549	-5.10361151669811	1.89898241535046
tean1237	-1.63083096972105	1.4922030814076	-4.83781885996201	1.05675775219597
teda1241	0.130976964962386	2.11065256522586	-3.92610631081035	4.38254393784135
tega1236	-0.318729861148185	2.04156945393248	-4.32634506638268	3.69919636517791
tehu1242	0.462541820305089	1.99765878623095	-3.27408529528672	4.48942643970602
teke1275	1.82436873773975	1.73985201904399	-1.44158977584205	5.36255482821637
tekt1235	-2.62763725247711	1.83995279677415	-6.55316403300338	0.732406828975711
tele1256	1.07605937807568	1.96808481601053	-2.73771286438427	5.08475213003722
telu1262	0.257034644305306	2.09425036873774	-3.78961760775381	4.38756702931715
temb1272	-1.68447154813727	1.82484210192788	-5.49644589096914	1.59642446525716
temo1245	-2.19605683041394	1.6456354221132	-5.57424512893758	0.890857489845902
temp1235	-0.199411076285372	1.26233160246077	-2.79444047676771	2.24338012464238
teng1272	1.66840155909756	1.70653104945036	-1.39853050438823	5.28253451325576
tenn1246	0.960726552908188	1.81617621814518	-2.45145799126294	4.68673020196609
teop1238	1.08336152100862	1.22929131997314	-1.29445497056011	3.55607142059378
tera1251	-1.28974850967301	1.7019192456388	-4.82918224141902	1.82397182199777
tere1278	2.04659561710017	1.60415597257661	-0.969108204971407	5.42369810077091
teri1250	0.641336231663868	2.01206348072791	-3.14112561795848	4.7351077692258
term1237	0.0389926378507252	1.51732969389167	-3.02647149196566	2.95743254421849
tern1247	-2.21732651942581	1.79870805009364	-5.90304301778095	1.21595611080315
tete1251	-2.43742746592981	1.7922188535743	-6.23967209959962	0.780051997501743
tezo1238	-1.77395161760592	1.53199303242547	-4.92382696945117	1.17093271487017
thad1238	0.254976093798677	1.92528723696151	-3.44996204677995	4.149320102626
thai1261	0.0546858872842031	1.87147181204752	-3.69645926958247	3.60195867550403
thak1245	0.924045330094192	1.99879374434004	-2.7653046717858	4.94737227805289
than1259	0.850913248361402	2.03467442429245	-2.97648318995687	5.0892000075012
thao1240	0.995023419561837	1.29308772063817	-1.46984083489154	3.5581319181582
thay1249	0.727019498418564	1.92159634895379	-2.88428427137928	4.7440349111232
thul1246	1.12112747663889	1.93480414549799	-2.47707184059101	5.20377054638275
tibe1272	0.623657163068263	2.07952868701723	-3.33647536124573	4.89796537435059
ticu1245	0.14226860405872	1.95758611619613	-3.57372788774102	4.1719863922941
tido1248	-2.9841251604703	1.86313971780087	-6.93619433080128	0.459247540648373
tief1242	2.08794354744042	1.32565690868429	-0.41034471123529	4.79758033205862
tief1244	1.83094514566325	1.30755027477165	-0.639054117118772	4.46383627080638
tien1242	-0.365362503576718	1.86860739005003	-4.21151811453283	3.05997441400051
tiga1245	-2.7902307547133	1.73864404344227	-6.5696054046895	0.285623153390843
tigo1236	-1.93084212899592	1.66791058449472	-5.35113160490699	1.16170294897191
tika1246	-0.435796588610328	1.61645116155298	-3.76063874890842	2.61627526410644
tiko1237	-1.5668555740653	1.80726729075963	-5.55168952689443	1.64759536160279
timn1235	2.70240711894379	1.73868428495198	-0.41989932995802	6.320207912338
tina1248	0.525030872936011	1.38137403444091	-2.14924560701704	3.28729183746786
tiri1258	-0.494804176530791	1.30683569330214	-3.12400367277691	2.0182534084843
tita1241	-1.92854370871429	1.60024572798872	-5.36775368142796	0.920969324637911
tivv1240	-1.36331043509742	1.75940796504991	-5.07080677812537	1.75367191608402
tiwi1244	0.795118602683532	1.94383014047532	-2.98182725426761	4.85820679623977
toab1237	-0.445143549169412	1.39883904536192	-3.32278704996483	2.19239937083936
toba1268	0.849622637894783	1.86582862345487	-2.66652588289108	4.57021983761089
tobe1252	-0.758917823590055	1.75690396281868	-4.24444800125836	2.83558140126338
toho1245	0.773243222800688	1.94175685830302	-2.87509259976347	4.79130294345594
tojo1241	-2.53437508073271	1.95597949495939	-6.77147212249867	1.01527184681834
toke1240	1.31783769313389	1.71418557655849	-1.82125542083002	4.97080868250516
toll1241	0.390925788128392	1.91784231187056	-3.29070749445939	4.2607723662015
toma1245	0.538185893095046	2.05010539460323	-3.37010849402413	4.6392621866846
tomm1242	-0.218986188004396	1.7942507607941	-3.65497702998297	3.41380344964298
tond1249	-0.254149493735292	1.80798796529118	-3.76881405832291	3.35778301345586
tong1308	1.20552561629557	1.72949745958191	-1.9924867783927	4.79879657220621
tong1325	1.60004338263161	1.7251794980571	-1.5919311578837	5.21187913736453
toor1238	0.379367062367302	1.54792404645387	-2.75255478826705	3.38028404153534
tora1259	2.18640620198697	1.41498919636382	-0.368378245732033	5.20994192644381
tosk1239	-0.0242090895255095	1.85644675651288	-3.56596978744503	3.81845735301115
toto1302	1.17943138648089	1.96867546451361	-2.49047080039625	5.22965384768023
trin1274	-1.20524535941202	1.73196713911004	-4.79040241518506	2.03375109375322
trio1238	-2.43611273763295	1.82761166867259	-6.11254789539353	1.04150552658307
trum1247	-0.822253085025812	1.64889790462598	-4.14933702794195	2.37636866600784
tsat1238	-1.0737775539322	1.77742933472435	-4.84610229416989	2.16204271261294
tsha1245	0.671143963257882	1.88810475289473	-2.92244134014581	4.49985671618938
tsis1238	-1.07935454981887	1.81466786787264	-4.92254628137732	2.28640516032864
tsix1234	2.20572223465318	1.85568906019248	-1.26086000243573	6.12787091223853
tson1249	-0.973065252725136	1.83917385518535	-4.83177792072196	2.40385668794271
tsou1248	-0.390305761430322	1.09558150093156	-2.5977870944212	1.75582346546925
tswa1253	-1.44537236423706	1.88554583181613	-5.43264603719092	1.93319043099153
tswa1255	-0.942114394084258	1.78382381306936	-4.74645172441796	2.23830501598369
tuge1241	0.997901945233276	1.74707466961753	-2.26644102436433	4.66332024401484
tugu1245	-1.66302430917634	1.72319506870281	-5.27075750760117	1.44596936458808
tuka1248	1.8294645741134	1.76357534488865	-1.31356644626643	5.54853755414476
tuki1240	2.23160654832783	1.41195496436614	-0.353055168413275	5.21162718839748
tulu1258	0.188420619911182	2.15325387117041	-3.99667738169097	4.47909096555246
tung1290	-1.65539724792523	1.76192571211142	-5.38016202228195	1.5594278955545
turk1303	0.255553841188535	2.03522808769305	-3.72296521292717	4.32761802385823
turk1304	0.120884207975596	2.07741092984337	-3.97389181916746	4.26638909742799
tusc1257	0.88328849485561	1.92169055590346	-2.68380731534054	4.85118557964537
tutu1241	-2.8236961928349	1.3305774668412	-5.63783006358265	-0.415757465383378
tuva1244	1.52650177138588	1.71257884761669	-1.64087220201575	5.08303055962354
tuwa1243	-1.86711652356346	1.24756705916636	-4.43601704501994	0.443986421523207
tuwu1238	-1.62340400362081	1.61147044225708	-4.97400842676808	1.31288664099134
udih1248	0.116099794130274	2.12475722047219	-4.01420532602139	4.3945924310736
uduk1239	0.663169674850632	2.00837348831733	-3.20589031179551	4.62520295366176
ugon1239	0.119658356943565	1.92409625696344	-3.68281045917545	4.02197627770227
ukra1253	0.424880373388366	1.93869656683073	-3.33952339883617	4.42899534794609
ulch1241	0.351314337644569	2.07056688815237	-3.64298667697561	4.54730977693799
ulit1238	-1.21239855030553	1.79059088827832	-5.04579287925293	2.01420909411947
ulwa1239	0.588784682230207	2.02235795382386	-3.27924186557208	4.72100159647004
uman1240	1.65837812679849	1.53219339719983	-1.22707555934626	4.85482060620744
umbu1258	1.70385765769116	1.90135932202107	-1.90224968059343	5.62422857443996
umes1235	0.759612159464566	1.86660943899735	-2.73846185488909	4.69322552163871
unaa1239	1.04155651816929	2.01457819444673	-2.73026140481538	5.18444949584617
unea1237	-1.29790171694659	1.42481140247416	-4.15698075761057	1.34788325985428
unua1237	-2.74144394640353	1.19063204645703	-5.2777758918399	-0.622719182510012
uppe1275	-1.783174235754	1.46607327588888	-4.82478868437337	0.950780723872823
urar1246	-2.48109264852295	1.67257438330384	-5.95629285073906	0.720456827551347
urav1235	-2.35763732832895	1.72622445761118	-6.05672705712762	0.757709083120299
urim1252	-0.616938652739666	1.43306242533697	-3.4609467014445	2.11850913889203
urip1239	-2.43792108628336	1.17829501711696	-5.0017183315268	-0.325108572844668
usan1239	1.87147839182896	1.52193241125645	-0.937742779015956	5.04407918626902
utes1238	0.526114540218922	1.96820824068212	-3.11049010953902	4.63928081918515
uuuu1243	-0.674153756864576	1.55951749571286	-3.75489607449321	2.31105316824803
vano1237	-1.50075248742653	1.48638611031314	-4.63560213718566	1.22614706151729
veps1250	0.238937241480436	1.76110150483537	-3.16890120961686	3.79600072383966
vera1241	-2.70502602137075	1.66325152564119	-6.2763481166226	0.204680817277249
viem1243	1.57387447804198	1.4364478654619	-1.16236624916518	4.4663539315961
voti1245	-3.03239697996689	1.80501558411856	-6.94408461691389	0.189746930782611
vunj1238	-0.490743880152594	1.74426370174649	-4.15253093686794	2.75912345422215
vure1239	-2.71087258875574	1.66345247804032	-6.31338762285061	0.203192398072376
vwan1235	-0.0127402585376648	1.59463622749945	-3.20711958822311	3.12441182361853
wadj1254	0.906466586466749	2.06902313763462	-3.08012061097297	5.08343482924883
waga1260	-2.41927650408429	1.78227578988016	-6.03800770552157	0.868499241037577
wage1238	0.862839643345468	2.12077148253087	-3.25017846349862	5.1485653498114
waig1244	-2.52623070375395	1.90942252471642	-6.59551285905715	0.844410491783667
waim1251	2.38335546889362	1.64345892713254	-0.55991298187911	5.81623639680786
waim1253	-0.21404370663637	1.93196291701723	-3.84926624850838	3.73733410533609
waiw1244	-0.84068451476212	1.82551648565374	-4.31055618254072	2.83274061012036
wala1266	-0.287327948031326	1.22875155064329	-2.85037034966983	2.03162938547815
wall1257	1.67479335744315	1.71332754293433	-1.48028791556795	5.33336884282693
wamb1257	1.22228052931525	1.8636199091836	-2.28762026011732	5.1803170721653
wamb1258	0.225545110591068	2.08954783008151	-3.73800488474529	4.52825729136534
wamb1259	0.989411270543346	2.05248640400482	-2.92392506567604	5.25511138951426
wand1267	-2.6009430867463	1.72350823001537	-6.28035984959268	0.504560958335344
wand1278	0.339792086765599	1.28879666219396	-2.09760701735442	2.89170721710269
wanm1242	-2.54742069177147	1.80628783620453	-6.33703498162056	0.840090713961493
wann1242	1.29053358865128	1.94991478901525	-2.40460399306333	5.2635431878056
waor1240	-2.34716002445852	1.78380059201907	-6.12188058300407	1.0189789043608
wapi1253	-1.95015759559021	1.69500092479137	-5.45829430469514	1.2584351746444
wara1294	1.31063177966638	1.98518997622499	-2.35266781004264	5.52783513257445
wara1300	-0.563216901959939	1.60641077373562	-3.79396455937147	2.484062911099
wara1303	-1.95644406551207	1.83642829014459	-5.75175230565708	1.45535734583245
ward1246	0.658340085180698	2.0953633447497	-3.37128609443441	4.94524481013137
ware1253	-0.871565443406978	1.61428958530553	-4.23459833939938	2.10010992626619
ware1255	-1.77935776949755	1.66200738959931	-5.18988204700554	1.3555582345122
wari1268	-1.87520176302925	1.81066154324712	-5.61930783399711	1.47332229508489
warj1242	0.98339511869335	1.52219247916468	-1.9166236423559	4.09603012695783
warl1254	0.479909707813952	1.97252280917981	-3.20839425868547	4.58304745718334
warl1256	0.0901025425737757	1.92817349432786	-3.54411968412946	4.15720890254091
waro1242	-1.84451563499904	1.67803045379815	-5.43614403511246	1.16342454741985
waru1265	0.301831383156382	1.96915815701769	-3.39602428571941	4.31187499007014
wash1253	0.818957218576315	1.94111268222289	-2.84360099344709	4.70994107356247
wask1241	1.49451704966351	1.49557810976821	-1.3208294233124	4.60365242335771
waur1244	0.0414474499248137	1.67965359685578	-3.15927700297102	3.46708174265989
wawa1246	-1.06934990514893	1.74031944787446	-4.6311856994494	2.24626391445886
waya1269	-0.538020245200017	1.830937296092	-4.10105766411365	3.26321792775813
wayu1241	1.19015591463252	1.92301934374236	-2.45058173542821	5.07148103951444
wels1247	0.422540328044671	1.90275747493787	-3.21608470260364	4.37576986524579
west2354	-1.74854416983985	1.88568845036391	-5.69818058119839	1.72027044891834
west2369	0.403909562985444	2.02799833480441	-3.2982061468318	4.60247045380463
west2396	-2.00377489432019	1.74436610150433	-5.69042722846958	1.18239507406655
west2397	0.536719128978339	1.5209061850653	-2.412521546901	3.58151148070325
west2415	1.12853457402496	1.89870926709434	-2.3988082123881	5.14842015450061
west2418	0.994725685499191	1.96058500199573	-2.64283676848843	5.079691338997
west2430	-1.37783998685077	1.80148684974672	-5.07612940736858	2.08791832008762
west2466	2.32733630744266	1.44266322886697	-0.343018856267077	5.3522910985906
west2516	-1.69547492551828	1.60421943684785	-5.14918450223051	1.12538732310154
west2519	2.09708343887104	1.68714987843443	-1.02113767234003	5.67283478364153
west2548	0.884065480261501	1.59938170471978	-2.18197097237695	4.25505459433778
west2555	-1.38331388656833	1.48642179287554	-4.47090671932738	1.38092516562092
west2560	0.669082501151111	1.29341837886861	-1.81230627296691	3.27763434838419
west2594	0.582714176494346	2.03327937422903	-3.41429100926992	4.66948033720754
west2599	1.64450604399067	1.94752727274587	-2.02261347186554	5.63990924813832
west2600	-2.81701352026881	1.82373562509251	-6.58523187351353	0.611263575954516
west2615	0.687698156391056	2.05950532654699	-3.23226337499995	5.01102208187331
west2624	-0.373867209122866	1.56889175276093	-3.41897223283296	2.79400235652879
west2632	1.0749222366973	1.86941368849525	-2.43393933498787	4.94236764521187
west2635	-2.7642818550367	1.84121694211135	-6.68599514890593	0.570862044069588
west2650	-0.666541658261038	1.66377512202725	-4.07406608960385	2.51662328753048
west2763	1.41406929695691	1.75642291075571	-1.78886212387008	5.12583709855051
whit1269	-2.73481463369906	1.58838183801174	-6.30647350198083	0.0126082639085057
wikm1247	0.788984791639914	1.8498522227454	-2.59359978670688	4.66215184860467
wiru1244	1.61992466118755	1.86823925547931	-1.88990988051859	5.47932772956845
woii1237	-2.52160605325525	1.8163940408541	-6.48867663586989	0.71454202489455
wola1242	0.591611472988461	1.98255831215754	-3.20070537024337	4.5357895141426
wola1253	1.0555065933916	1.85681714587772	-2.30191493221883	4.95645232323894
woli1241	2.45460204709056	1.69177283696365	-0.460734443760173	6.10601571988682
wotu1240	1.8691310272976	1.75856144335409	-1.28029764649178	5.50933059213354
woun1238	0.742873175616609	1.94408919285294	-2.8849360295863	4.75270187496364
wuch1236	0.157855668485773	2.04557821357184	-3.75951362476427	4.22634557039702
wudi1238	-2.78878603220964	1.73950291843127	-6.35419074467566	0.504209656787138
wusa1235	-2.41769398864153	1.73657158962021	-5.96243736587928	0.911857628263166
wutu1241	0.377451701657586	1.94595325942965	-3.30785143673749	4.35923191035867
wuvu1239	1.03093101011335	1.64353587450117	-2.0214327220218	4.35316386810814
xamt1239	0.994906806960412	1.99994614039234	-2.70317237357026	5.20679003758463
xara1244	-0.752023920622117	1.31085841363849	-3.41506576834906	1.76024447273629
xava1240	0.375074055907497	1.90059363694419	-3.13396282254585	4.32994625139665
xish1235	-1.32780108438262	1.72539442944437	-4.68641001500023	2.02645894594607
xokl1240	0.369406542938267	1.98468681625756	-3.38216929338207	4.45202098237279
yaak1241	0.399991607053623	1.75330261076614	-2.92887350057057	3.9508919436631
yabe1254	-2.31412253806217	1.57706119877206	-5.65957511696474	0.548445734567194
yaey1239	0.58735795408255	2.01573767846768	-3.27764230120413	4.61577764587423
yaga1260	0.748905623476597	1.73296167980527	-2.63727389442653	4.31076497038649
yagu1244	-1.87795801312852	1.79214399599807	-5.44824672121101	1.47157616687212
yaka1272	-1.31034965990905	1.90635222432835	-5.3199385305894	2.17250795788092
yaka1277	-0.532943699165816	1.52648405392082	-3.63817656132979	2.37747500671532
yaki1237	0.989091753127448	1.91098573297509	-2.61135895093793	5.14725390971737
yakk1236	1.15919683980606	1.90820753173523	-2.43373075014279	5.17141910943049
yaku1245	0.119544121904766	2.10433682323133	-3.90349772557583	4.41482143648045
yale1246	0.686865962173173	1.55557213725616	-2.30098050317521	3.89096913971722
yama1264	-2.14801266816021	1.82835715148853	-5.82816060582761	1.27052049383485
yami1254	0.605164605567318	1.57438852095765	-2.33053212281332	3.80482868139001
yami1256	0.619893067045027	2.02053437665429	-3.17697369772659	4.81398171207258
yane1238	1.89224280108771	1.82955569063322	-1.37500776214742	5.77805207047192
yano1261	0.206443046627683	1.88717903708462	-3.35378511843579	3.98388592127534
yaoo1241	-0.450909233735613	1.83107982819078	-4.33360483133684	2.92691543368264
yaou1238	0.669986036968973	2.06941646315438	-3.37270043642933	4.82785764204717
yape1248	-1.31461955107158	1.82015311527981	-5.2434450765565	1.95374725463651
yapu1240	-0.863848015863001	1.41232711161655	-3.68592199494006	1.83326941394933
yaqu1251	0.583645174683991	1.93842078589235	-3.09381540488381	4.64950857254241
yare1248	2.20145341290189	1.67878423034374	-0.900094919725226	5.70496637854399
yatz1235	0.69468908524546	1.43538376773297	-2.09877287138336	3.60159120924426
yaul1241	2.00872269025325	1.70520280250583	-1.09264859473759	5.53431398892555
yaum1237	-1.53617102077686	1.29298426363849	-4.23139710610532	0.940288096478306
yawa1261	-0.935240042386372	1.41127548159573	-3.63802643048312	1.86795403387898
yawu1244	0.401241538068724	2.05736442133132	-3.59752611527859	4.5295512014568
yecu1235	-0.607056461357213	1.5959612675519	-3.77671820445361	2.48785958132202
yele1255	0.734721140295739	2.02872162449709	-3.12203962862252	4.94507068694775
yems1235	0.854710903062871	1.93026907021055	-2.68009632935532	4.9168059352439
yess1239	0.306635942511159	1.62401141363479	-2.84735848876549	3.57626458297663
yeyi1239	2.51619379317471	1.74466500112959	-0.722082318113083	6.11136840805803
yidi1250	0.559498734967364	1.92181862167023	-3.00846502749962	4.56367410312529
yima1243	1.7207301439733	1.76922836626348	-1.57722358256608	5.40278733270419
yind1247	-0.8620371507492	1.73554242695857	-4.27675870444596	2.61945326057807
yine1238	1.19728891688374	1.83531900133559	-2.22956775790403	4.9373813610138
yoga1237	-1.47059913702152	1.33691910089043	-4.18265894932143	1.07210284846665
yoku1256	0.636479090270138	2.02479088844867	-3.21143684744447	4.85281141740372
yona1241	0.685980442861598	2.04642885394576	-3.24813374838447	4.76595888872196
yong1270	-0.169051015532507	1.91964425524238	-3.78957494040366	3.78394183624922
yong1276	-0.903073990060439	1.88088699077724	-4.70237993264774	2.60452668047531
yong1280	1.11820144500836	2.05594283448827	-2.74608214620185	5.35887766888206
yora1241	0.134019168124454	1.79810364973984	-3.30655643606152	3.73111019309941
youl1235	0.357047704848676	1.50761326181947	-2.52672412664529	3.35592069938022
youn1235	1.26323088890877	1.79254252115718	-2.05221026538781	4.92387932645874
yuca1254	-1.14664836569419	1.95812045015942	-5.24259250765249	2.42770682962754
yuch1247	0.348262232489932	2.04597264196637	-3.55617078469563	4.60686498240245
yukp1241	-0.167965946877399	1.7852129362283	-3.57700483071443	3.47333080695356
yulp1239	0.444700151131093	1.94793852107087	-3.22072979007358	4.44148429785106
yulu1243	-1.14842603107091	1.88150353186422	-5.04429968354716	2.40171707143103
yura1255	-0.0387112225731237	1.90033815141806	-3.66201444495228	3.81722237031854
zaba1237	-0.256228714667893	1.45370334938125	-3.27805655538967	2.48361090668348
zaca1241	-1.93935232238037	1.5127702079668	-5.06722546978507	0.890355403018847
zagh1240	0.206416731593317	2.07693688185923	-3.86400238500058	4.40390422459979
zaiw1241	-0.381115393401501	1.7691510818503	-3.80046702164808	3.18769219801442
zani1235	-1.34521458701346	1.53206692384097	-4.41383552705851	1.63035149610028
zapa1253	-2.47708651676433	1.78024676393942	-6.20546477329293	0.838689349687506
zarm1239	0.562838949967458	1.99346686589517	-3.30767219211393	4.72098862121376
zaye1235	-4.42610313062624	1.69189641372949	-8.09896186186368	-1.40156269438845
zays1235	0.276461635312026	1.88220910544418	-3.4057124827013	3.96418551763434
zhab1238	-2.82364703579416	1.88948248147743	-6.69099760048724	0.740209439034217
zoog1238	0.734742399737162	1.42193404454008	-2.04621323092371	3.59924709355413
zulg1242	-0.362677891060397	1.27667002254196	-2.88205569169462	2.10135560359074
zuni1245	0.955317251627896	1.98713033053816	-2.77368980640419	5.13630238474452
