Estimate	Est.Error	Q2.5	Q97.5
abad1241	-0.131636492105953	0.61134929645899	-1.47943961350914	1.05734482641084
abar1238	0.0773246533855892	0.625127642276992	-1.19390808164191	1.43356943721155
abau1245	-0.0281103516868159	0.644271236208379	-1.4126384679152	1.27499195663295
abee1242	-0.375913347198278	0.767341366137535	-2.19920979659336	0.924850172734543
abkh1244	-0.0615853478201801	0.76114143250809	-1.69442924016735	1.47759320222261
abua1245	0.000685719999167287	0.667858544906326	-1.39508663169901	1.3928102606959
abui1241	0.440231608004331	0.756509640878156	-0.787430332874365	2.20580244506289
abun1252	0.303327151921351	0.763460509892182	-1.0958804407653	2.05321760880816
acha1249	0.218047329304354	0.68575435992026	-1.06916929965646	1.78410160625485
acha1250	-0.066317720773513	0.729493677172436	-1.72058904684759	1.40708235782965
ache1245	0.0184545313909843	0.715768124142192	-1.48243237277861	1.56286320574846
achi1256	0.317404675884718	0.747926524075044	-0.986814822873631	2.03985141027824
achi1257	0.138030605001536	0.740754679983587	-1.26147863582535	1.76074963488394
achu1247	-0.159802422503221	0.723861035655773	-1.76276557192531	1.24225629709431
achu1248	-0.00301794849554397	0.702762394629447	-1.50208168282882	1.46937326085136
acol1236	0.411578887613136	0.759121128878855	-0.889044747911732	2.1614494798515
adan1251	0.430267630814465	0.751561555070109	-0.820913152660262	2.2148553060845
adny1235	-0.0438356772358575	0.764391961092442	-1.66144262701082	1.51763455431355
adon1237	0.367721892716853	0.734856547261575	-0.934330436960211	2.08975662602663
adze1240	-0.211622186886506	0.610226601059609	-1.57275310865429	0.940917730197487
afar1241	-0.105357801602001	0.740019794388557	-1.70474619732512	1.34787913066582
aghe1239	0.18141684860622	0.648979702699527	-1.07385815598476	1.6116714138056
aghu1255	0.305464929207601	0.725341800608073	-1.01537356644274	2.00650705184237
agob1244	-0.0581059277432275	0.6865412761465	-1.53852304870997	1.29537972717082
agua1253	-0.0921328307232073	0.724394329739917	-1.65687533639506	1.37458352030653
agus1235	0.183051244637212	0.690622271323182	-1.15391187966186	1.73921281288573
agut1237	0.152217047007291	0.664424545452748	-1.16500570045975	1.56548396389871
aheu1239	0.20424841489967	0.754208518123312	-1.23767918013148	1.88761671598225
aime1238	-0.243598953182355	0.690467630999462	-1.85583814578207	1.0108641125073
ainu1240	0.170201613129707	0.750337254346991	-1.29103127789735	1.836468569999
aito1238	-0.364644412650764	0.719168937318953	-2.01866640983486	0.907982175628861
ajab1235	0.263348140593837	0.7490879944936	-1.15789233411146	1.96322313626816
ajas1235	0.0678484055702133	0.730490589976019	-1.38208747945485	1.66827355728866
ajie1238	-0.110014810596486	0.653298426003593	-1.49957437483119	1.22720956798627
akei1237	0.0200273643034842	0.622975770948478	-1.27938184615767	1.31226596411734
akha1245	0.773231403255891	0.842231565569585	-0.410823806263023	2.79619945735014
akoo1248	0.521738498064067	0.745753965497299	-0.671489440112641	2.30877250885347
akun1241	-0.237980210850602	0.735391111087385	-1.96664387433229	1.13053522237529
alab1237	-0.0775269498787721	0.741169094469354	-1.67440182600781	1.43426344179778
alab1254	-0.341574303334852	0.754668229532555	-2.06748934204908	1.01184595426292
alac1244	-0.0315684470783207	0.671765985239081	-1.49434608885329	1.35355339226641
alag1248	-0.148116564114554	0.691813125249403	-1.68666963795016	1.23274884849157
alam1246	-0.516010142883836	0.744115969087034	-2.30122563019326	0.658514648945144
alba1269	-0.345902738528978	0.71443850241266	-2.04540877153443	0.884519349260382
aleu1260	-0.110148018587691	0.719840301665574	-1.75797487265435	1.27132748516
alor1247	0.433082290172519	0.746668427102152	-0.787004823211412	2.15531349120657
aluk1238	-0.0416075278101639	0.731482436758468	-1.63540926640881	1.42517993686717
amah1246	0.0409112586932917	0.725105948075573	-1.4762015804402	1.5927114654659
amam1246	-0.129049729574179	0.621874734480116	-1.48434160267866	1.09295638856482
amap1240	0.0359462152775227	0.650348310769535	-1.33306216103196	1.39580588138458
amar1272	-0.378863033328154	0.659997866466514	-1.86460663488901	0.774815265520397
amar1274	-0.128587744227089	0.741749761535224	-1.75308292131815	1.35269944240834
amas1236	-0.075533821024393	0.737279900933398	-1.65939790397051	1.46851453042463
ambu1247	-0.0699928026200312	0.657902790331231	-1.45771957023494	1.26729787548594
amdo1237	-0.143516225257785	0.741846795398422	-1.85783482393737	1.28410270916125
amha1245	-0.267387535294747	0.750212930816257	-2.00445328801569	1.11330923489017
amii1238	0.0609517231641598	0.70503572133477	-1.38856436624725	1.57237562771848
amis1246	-0.390454690411075	0.694435895422488	-2.00197284267709	0.801613824123221
anei1239	-0.390528239573603	0.745125994469148	-2.06611495363382	0.919236248586814
anem1249	-0.27483643116798	0.633537326506716	-1.69223756690704	0.889206905305017
anfi1235	0.159560259316699	0.711331699447919	-1.24772408149294	1.76432153389187
anga1288	-0.545469985280841	0.759819891625905	-2.31153842393366	0.656837329632066
anga1290	-0.00167617465474539	0.610720333469056	-1.26196044798843	1.22353112023436
ango1257	-0.0867489830222472	0.734687752360289	-1.71059883455653	1.41681514862505
anin1240	0.10856191928584	0.737089697903278	-1.376378596168	1.69040793082473
anut1237	0.065053567480081	0.708838344311699	-1.40480943340812	1.61827272977194
anuu1241	0.0904025016373172	0.662249491539213	-1.2653553327161	1.57090935763613
aona1235	-0.329671648201468	0.68423062948628	-1.89287619661312	0.894776466106497
aoua1234	0.0996400857002038	0.752761884852323	-1.44581526754552	1.76619905653455
apin1244	0.274197262701228	0.736036724356143	-1.04136584121148	1.99052713608019
apma1240	0.239780843721581	0.632776576451676	-0.978058779097842	1.61987973746309
apma1241	-0.321656853286819	0.675247894504807	-1.86056333649321	0.947873698898212
apur1254	0.15949056213864	0.715384435789359	-1.24068283413822	1.75122147424491
arak1252	0.0101459244384449	0.606400359888581	-1.2433490411021	1.26674792823298
aram1253	0.0103058622029414	0.709076896718573	-1.46344284236189	1.47919968474268
arao1248	-0.0264005006183387	0.731041169308402	-1.6037054860939	1.45928794091942
arap1274	-0.147227959291963	0.701701720573419	-1.69700764165056	1.20158377485154
araw1273	-0.142512251303858	0.745014851195541	-1.83526001185229	1.33245798956415
araw1276	0.695069386818548	0.852063891545455	-0.567055351135602	2.73494940197988
arch1244	-0.0319208077426284	0.734808781706455	-1.60310112840709	1.49598513222803
area1240	-0.207730705168741	0.666374006070273	-1.69135701947506	1.04818122047982
aree1239	-0.631081537700981	0.730732961103608	-2.30428914644751	0.488126300162003
argo1244	-0.260075685502549	0.739200959677395	-2.02130229911107	1.08206511569682
arhu1242	-0.0979393030849725	0.73010288565124	-1.67168008040764	1.35405627976631
arig1246	0.208918749924404	0.720295400843753	-1.17184534320077	1.83849529627868
arom1237	-0.394231313157587	0.743520507973362	-2.07969026516205	0.913228196651255
arop1242	0.0856664372013985	0.64699620723253	-1.23382068087097	1.47228968319885
arop1243	-0.532873657070647	0.725444713148857	-2.22397649969027	0.637046480102884
aros1241	-0.0947386373539798	0.677811333004697	-1.51976106895902	1.2747613777841
arta1239	-0.209935250418679	0.641949479471842	-1.60714519974361	1.02868537226435
asha1243	0.0301468591033129	0.706746526483288	-1.4413137571956	1.5163096909211
ashe1272	-0.0828722362042563	0.720081171478133	-1.69461509222966	1.38541440703149
asoa1238	-0.230802149568069	0.702507746537998	-1.80330024447169	1.06530602839812
assi1247	0.212078453443503	0.73033578645285	-1.15836141853892	1.87342885566452
asur1254	0.122038611198912	0.704152497675553	-1.29865480517245	1.63227880894006
asut1235	-0.0372361368072686	0.644098135940392	-1.36776982550447	1.25735834155927
athp1241	-0.706467474117966	0.8302504583973	-2.65466261972116	0.527251143804556
atii1237	0.138202594247062	0.693606529413923	-1.22266650772203	1.68020080319218
aton1241	-0.318982196935562	0.708946863080833	-1.92263878339298	0.983507329858929
aulu1238	0.22822505813339	0.603666020662255	-0.925501155153562	1.5870780410357
auuu1241	0.0488517952677099	0.640076385159769	-1.24594849757742	1.43902126914479
auye1238	0.148040827823503	0.693302632475645	-1.24108716977055	1.6154691564471
avac1239	-0.118548194247285	0.710871487706552	-1.67794729622062	1.31359743712582
avat1244	0.287738404053084	0.733901859903621	-1.01352290117165	1.98791531916814
awac1239	0.165289370903378	0.734469185255336	-1.2272003593858	1.82799988381002
awad1243	-0.261924103302925	0.73108144944751	-1.99044892232576	1.08360993203078
awad1244	-0.481546312912257	0.676493038044786	-2.08683317832846	0.62526007314073
awap1236	-0.0950523188673554	0.629209288837343	-1.46169049334159	1.14592163024482
awar1248	-0.31926144871665	0.627683872306527	-1.72012259551864	0.811725807084317
awar1249	-0.0767480760697177	0.630571505355843	-1.41483017799667	1.22025409466459
awet1244	0.0931792435771798	0.673735190013422	-1.26500857502045	1.52614854218837
awji1241	0.196695049141086	0.737546695199303	-1.2178699321671	1.85754556307709
awtu1239	0.0302849955576216	0.63370093480005	-1.26825215807104	1.38346888458628
axam1237	0.205855797258798	0.60196649958722	-0.934472119213164	1.53373755996386
axiy1235	0.375792561933628	0.754467687827851	-0.925965695172053	2.15466925953342
ayac1239	-0.0541559838510854	0.754115340229537	-1.69650404501714	1.51224355475228
ayiw1239	0.212202604335688	0.718053735051448	-1.1350776317095	1.86716983442573
azha1235	0.399350829638014	0.736708576301269	-0.816227401680037	2.1618567021541
baba1264	0.0371073068882011	0.63682365055792	-1.2647662492142	1.39775766922457
baba1266	0.192876374626541	0.652468803955585	-1.06218421218386	1.63980467475886
babi1235	0.113645079493894	0.716613072019209	-1.27836452905281	1.69560005069349
bada1257	-0.0397379575231828	0.742785072139754	-1.62868054733939	1.48115675792464
bafa1247	0.531249199089902	0.762436231701126	-0.687833751634761	2.29911234503627
bafi1243	0.313681913245345	0.683722433092192	-0.928368858949766	1.84133710593509
bafu1246	0.224165614096201	0.655084927766118	-1.00180858603285	1.69772113759819
baga1272	-0.442009445848648	0.752224641144985	-2.22832317268443	0.805538204835879
baga1273	-0.249000171667416	0.726133014013754	-1.88827860100343	1.1027711743131
bagi1246	0.473133220823092	0.765091226496158	-0.790331525202074	2.24855655280603
bagv1239	-0.0379227528948556	0.738461120467312	-1.64713275905571	1.52602786138178
baha1259	0.106451336648738	0.725481916820485	-1.33709769743323	1.68722381792536
bahi1252	-0.719314659330199	0.830191205921656	-2.6678940262573	0.48296866915151
bahn1262	0.204177796346725	0.724445007107024	-1.17576990115357	1.85943776048402
baik1238	0.391874921076613	0.769309696945637	-0.919070806231414	2.20661314828518
baim1244	0.241181426087886	0.71226186597833	-1.11922515751042	1.85719364790489
baka1272	0.18203502864738	0.736840955245121	-1.25420314876899	1.88834649905418
baka1274	0.417543360491152	0.757492983316346	-0.866567592779291	2.22756319101009
baki1244	0.184289190101974	0.625312457408986	-1.04048545384051	1.55810155697234
bala1311	-0.145713227275132	0.720657796002678	-1.75395052178851	1.25256932166796
bala1315	0.0362844264589	0.740972943693554	-1.48245932899779	1.60581812583529
bala1316	0.129928607230218	0.699940091458566	-1.22781871523898	1.65301285074058
balo1261	-0.126502691417232	0.656448686144882	-1.53265819128176	1.15486666467193
balu1257	-0.109229847118074	0.663332270909346	-1.60712496546929	1.22466149124791
bamb1262	-0.0638963989904406	0.720187764279381	-1.6927082579483	1.42102153869987
bamb1270	0.169294288839343	0.735049558631183	-1.24912891752936	1.82456725538896
bamu1253	0.217952040231871	0.679509860454523	-1.10312816932607	1.74208211640239
bamw1238	0.451678054202489	0.738029627731121	-0.743783862673073	2.21314014845208
band1340	0.121960960252247	0.713845844279545	-1.2468414499061	1.68940104176597
bang1354	0.197250315305021	0.729786873709197	-1.17685427598932	1.85110987183702
bang1363	-0.101235380830663	0.75070330568646	-1.77625128461768	1.41262114016893
bang1369	-0.0501349412065295	0.669621011465908	-1.49057080536209	1.33590339145353
bani1255	-0.130675951494521	0.718341925541288	-1.74602408574672	1.24647696728633
bann1247	-0.50718155628966	0.715771636679719	-2.1191442203604	0.629103202353701
bant1281	-0.726450401195084	0.836172475513726	-2.68364497834264	0.510839929826199
bant1288	-0.0737357060001754	0.666592438626391	-1.47156884878732	1.2900936750852
bara1357	-0.571009700909196	0.783305963836013	-2.38613254149552	0.670726150177303
bara1369	0.134685977557191	0.743464094879387	-1.31537863784546	1.77802545825527
bara1370	0.243614879939155	0.738258930299545	-1.09478769383711	1.9105551734592
bard1255	-0.0741462154435683	0.740020253770685	-1.69197962424322	1.46135412703536
bare1276	-0.088993145062497	0.71205478065624	-1.64501153171758	1.34956821641947
bare1279	-0.31164324871513	0.724589890995545	-1.99616478377202	1.01533361920098
barg1252	-0.413504872682294	0.647597124408794	-1.88771840095955	0.673520799162573
bari1286	-0.387329084376816	0.664512635004878	-1.90584867101786	0.750170994884413
baro1253	-0.0108327156266152	0.633616215732071	-1.39049175318517	1.30395640653235
basa1282	-0.110406934999829	0.70000423334114	-1.63607220815326	1.28191715253405
bash1264	-0.013430749556839	0.746532162705711	-1.62014395935135	1.56672139835178
basq1248	-0.0551233142663919	0.731139379335476	-1.64088537776135	1.43560916616715
bata1289	0.0835800440186831	0.73543986969665	-1.37366451306875	1.6629132431447
bata1293	0.0238479451101169	0.712214368473073	-1.46195323756168	1.57444020095889
bats1242	-0.00671418818557325	0.730534316362646	-1.57934124505037	1.50500970235109
baur1253	0.0529364464676451	0.715680519510249	-1.41304641960341	1.57598715022107
bauz1241	-0.118547205365325	0.67778785214302	-1.6272608133642	1.24097635459723
bawm1236	0.0369865545300478	0.65297513652955	-1.32231952112384	1.4289994295581
bayb1234	0.0214331599805178	0.703928362216564	-1.46867174386358	1.52681339013925
bebe1248	0.175358998637073	0.701706800769917	-1.15981891363722	1.75124199582039
beem1239	0.139898185659898	0.718711761488447	-1.29030078327856	1.79472704995726
beja1238	-0.0645896064765426	0.748093796327123	-1.65184054204992	1.45440139980348
beka1241	0.0764451645935584	0.707224295821852	-1.37191123213067	1.60117314294708
bekw1241	0.319538404275582	0.706743860650855	-0.933278225647751	1.97226142863974
bela1254	-0.109196520620646	0.732530256916921	-1.79380858720748	1.33885821263375
bela1260	0.132666538467519	0.691065039141208	-1.2214801928002	1.65019362088924
beli1257	0.392273378999746	0.724820903294378	-0.829377827944577	2.13075719979943
bell1243	-0.342035798715846	0.755229780241445	-2.12762098398461	0.998798423831063
belu1239	0.172696860489899	0.678011869176982	-1.12351305500736	1.68389040412346
bemb1257	-0.251161435354016	0.73389068741384	-1.90706495204761	1.10410700271854
benc1235	-0.138852390670388	0.727536896261493	-1.76626698441995	1.26745675197888
beng1282	0.203261631355199	0.740101430398197	-1.20562242177233	1.89082821021337
bent1238	-0.115658787990973	0.707963441065191	-1.73220311759299	1.30713312588251
bert1248	-0.188998361811563	0.74989313965758	-1.88533082752253	1.26448761703792
bezh1248	-0.0232298390184772	0.734193515115543	-1.59924021334151	1.55384050582064
bhoj1244	-0.370508342819848	0.794347701970855	-2.21450034432526	1.05479346204116
biak1248	0.220784579844303	0.718284327576869	-1.11563872082473	1.86617494805915
biao1253	0.0438614767030519	0.71860393800193	-1.40534581280288	1.55871349362363
biao1254	0.0529780369995086	0.732464111568429	-1.45882814694461	1.61079872947633
biao1256	0.0581988274126311	0.751729375168101	-1.47849427481971	1.67273608749338
biat1246	0.0390375399957107	0.691063282113226	-1.40935312010794	1.51928571505552
bidy1244	-0.0224673093473116	0.702540444388616	-1.51612554710359	1.41954527996351
bign1238	0.102151390391427	0.582301129843322	-1.06194234444906	1.36347123610934
biha1246	0.0628030457112009	0.674071861247012	-1.32646237035569	1.51815636708638
bilb1241	-0.545742392479314	0.687824045234578	-2.15876114275341	0.535154031960605
bili1260	-0.0450382422806316	0.739562090269216	-1.66996362440489	1.46803466314405
bilu1245	0.146803673484687	0.676427842752087	-1.16335846185238	1.6663582214271
bimi1240	-0.252975284788883	0.67876886133311	-1.77964501228203	1.00532726687108
bina1277	-0.340432427816461	0.681925406222413	-1.92447882169304	0.852660851285705
bine1240	0.0302278315220229	0.686966906906082	-1.43427358784236	1.48852341950078
bini1246	0.248433297392418	0.757440094001873	-1.1788843204708	1.9645396493408
binu1244	0.0556349599903471	0.647004015504515	-1.27226059787211	1.42619546901788
bira1253	-0.199366360800329	0.725415969357351	-1.82933937773297	1.20962940873927
birr1240	-0.220340144747098	0.701460960389529	-1.7925177858644	1.11604107765452
bisu1244	0.679721309524615	0.81099518050215	-0.52166964437721	2.59645261442868
bitt1240	0.609244346409468	0.807315364413672	-0.629944188588232	2.54485126999498
biwa1243	-0.388141356525737	0.686329836501873	-1.97065896403334	0.799027365044314
blab1237	-0.0962887876889802	0.646015962617046	-1.53428022116625	1.15263406843703
blan1242	0.619497637020492	0.786500309536382	-0.591899671612214	2.52382032529649
bodo1267	-0.284778090279609	0.72161649868284	-1.93975292082533	1.00394871467638
bodo1269	-0.377907966684356	0.721314445696233	-2.0587726495652	0.896637861349796
boht1238	0.0554624569187688	0.705784883799782	-1.39536200388952	1.51664212754063
bola1250	0.126355889084456	0.657300501563246	-1.15302029630717	1.57608936850018
bolg1251	-0.113278433551007	0.707930350238035	-1.6405473416239	1.32675969061918
bolo1262	-0.139825255505832	0.657222347252158	-1.55380148919393	1.14942356531856
boly1239	0.273668789420984	0.746351566617774	-1.11470753136522	1.98782154652917
bomb1262	0.425523191697272	0.726390252209219	-0.784984667723943	2.16673193642428
bomk1234	0.151760525482145	0.72136253691982	-1.28420676694367	1.7667894004396
bona1250	-0.220929347552197	0.721681845467448	-1.83154938407435	1.16603728594384
bond1247	-0.353539059265801	0.705021993961413	-1.96921161143692	0.862331174580294
bong1284	0.219262699990629	0.718717137198569	-1.09542409828959	1.86820135160508
bong1285	0.284332012986172	0.72606042753352	-1.02370577071253	1.98306522847101
bong1289	0.0503860761163195	0.692968008786967	-1.35364032545536	1.56455394960496
bora1263	-0.22607502420455	0.735887083632943	-1.88399108949234	1.14054041980658
bord1248	-0.123811339979888	0.738301288314251	-1.7108403309672	1.3345819784613
boro1277	-0.237867554495214	0.743918524816135	-1.94863575610944	1.15992416126865
boro1282	0.258209072367848	0.726148825828426	-1.08887053304875	1.93543982375992
boto1242	-0.567301794324376	0.765539412857194	-2.36317390025504	0.625369835255378
boun1243	0.160623975392117	0.717613219912013	-1.23279643484201	1.7958166354084
boun1245	-0.478657595388723	0.709457947914146	-2.15726012590383	0.733991119514005
bouy1240	0.143464126078683	0.73962848351122	-1.31874688103166	1.80413286123147
brah1256	-0.0475392656102857	0.775478677597572	-1.75140345482196	1.54412291306748
bret1244	0.227027691511058	0.729313159540239	-1.1470888661771	1.92564199405904
brib1243	-0.0873481553781572	0.693603109854461	-1.56828257785871	1.32133405067383
bube1242	0.353186645833431	0.728890940577193	-0.918012922887308	2.05721533248833
bubi1250	-0.175565398423523	0.733506130444883	-1.8073059336696	1.23305403397867
budu1248	-0.0249537290487385	0.761291110337343	-1.61076257878557	1.58871081740134
budu1265	0.303531758399739	0.735085691220731	-1.02880540611905	2.02913207966466
budz1238	0.0903703507028545	0.69062708923529	-1.29750426179899	1.60850292310787
buga1247	0.311824427686115	0.728140976017817	-0.971125305508848	2.01999185048001
buga1250	0.0754805951548335	0.605746172934758	-1.11876483092338	1.40275598950098
bugh1239	0.0173800023858903	0.651659962247267	-1.35545672744138	1.37686450107596
bugi1244	0.199373514352314	0.736750547808127	-1.16166116832702	1.87207375947134
bugl1243	0.378806052256701	0.777842897426444	-0.936271040715561	2.18566963569436
buhu1237	-0.329949107852035	0.685487685882475	-1.88956874926851	0.908299820604723
bujh1238	-0.55909087960015	0.781085531106163	-2.47217858519756	0.660676215670154
buka1257	-0.0382268541823284	0.677174378924275	-1.50807190533234	1.37530783540291
buki1249	0.0162681732473352	0.674776208355716	-1.3650718660719	1.41778080092295
bull1247	0.0846586049720588	0.743980669276721	-1.44352312150313	1.7305636005703
bulo1242	-0.00707080023897672	0.701999643069206	-1.48346983096917	1.44177365015297
bulu1251	0.314234768838218	0.7496416778164	-1.02870246937863	2.0277892835552
bumt1240	-0.400634879222866	0.75994117033553	-2.17746750578803	0.881431598478417
buna1276	-0.424652976103422	0.698373672296195	-2.03430364950033	0.746920101615346
buna1278	0.431676567227726	0.749762919965792	-0.800903101870514	2.19041753845524
bunu1267	-0.294625851465127	0.647688924957311	-1.73275994892002	0.897438749364968
buol1237	-0.46598694738275	0.776724341551908	-2.32150925928925	0.803455739232586
bura1267	-0.226951307798797	0.724105735619381	-1.87333603501782	1.15074270347933
bura1292	0.0412615167665019	0.663844674070567	-1.30577276862461	1.47234299374261
bure1242	-0.189380171861199	0.668880753884897	-1.65583820126728	1.06664437096331
burj1242	-0.146355855302713	0.72462437107287	-1.74324318728724	1.26653807000432
buru1296	-0.116490823345072	0.75131118770917	-1.76415729533958	1.32542627054736
buru1303	0.082690398273862	0.733177933526505	-1.37441604975962	1.65841573050663
buru1320	-0.148051012673719	0.712720929123422	-1.78029955467519	1.23874357635556
busa1253	0.172581493227713	0.737606059638857	-1.26273990809375	1.81591176526575
bush1247	0.166953886139858	0.735218356476695	-1.24235884664263	1.79786207270404
buwa1243	0.336157975563383	0.678302902805767	-0.874134034536139	1.90601253500584
bwai1242	-0.660186079857419	0.74192633713888	-2.38028066445052	0.448053011155298
bwat1240	-0.0974674809481312	0.666699587887119	-1.53705154457281	1.25724225220534
byan1241	0.122326926799872	0.70116183674961	-1.24976533866683	1.63511349308088
caac1237	0.0420669731706378	0.686172758375918	-1.37335700337447	1.50992266297587
cabe1245	-0.0949561820680911	0.716991387640965	-1.68491027739356	1.36908340863515
cacu1241	-0.341233553075978	0.720649473672966	-2.06247776833929	0.918008188795035
cahu1264	-0.0848608720683146	0.723110073142631	-1.66961350564827	1.36225196000649
cakf1236	-0.175213077380211	0.651408527255641	-1.57294554359294	1.09754032004623
cald1236	-0.00858303838181138	0.71214772516601	-1.54229204071815	1.51032002865963
caml1239	-0.730260102697148	0.832626026344615	-2.72131850227542	0.482599263092037
camp1261	0.141149153247704	0.754496615327646	-1.31455892645438	1.82152944522873
cams1241	0.00346810045061403	0.718137335830309	-1.5260580748323	1.53025132073678
cane1242	-0.129733411329195	0.739436089185323	-1.77222856646762	1.33352682002362
caom1238	0.0524596769892259	0.728817764225293	-1.47244946786983	1.61248287019738
capa1241	-0.122866771931769	0.772825956659051	-1.82243801846628	1.43383382356329
carn1240	0.135934001625358	0.725590875722953	-1.2928172834449	1.71615255480372
caro1242	-0.429985415148118	0.783012066257315	-2.20357467653316	0.906465436879075
cash1251	-0.084650767648649	0.723383677926252	-1.66391197199619	1.34997751922675
casi1235	-0.183708064101812	0.66059384894364	-1.62129181267791	1.10121763399333
cavi1250	0.0774283326450487	0.756076654014734	-1.46340997782628	1.76117806817796
cayu1262	0.311788000182742	0.751768490132273	-1.04774425070792	2.08300362378897
cemu1238	-0.145909408645855	0.668179060981829	-1.59075763537358	1.15287311535658
cent1989	0.121065323419349	0.736136351044991	-1.34887557191364	1.7761857797684
cent1990	0.112593927943575	0.716233843522434	-1.27067756758612	1.67440943987815
cent1992	-0.137209516428153	0.721941498315811	-1.73260337443502	1.28039752221111
cent2004	0.627638792691106	0.80465195619602	-0.610441154537382	2.51849450368088
cent2050	0.340449971128482	0.720092579084356	-0.959043214953494	1.98438363236214
cent2084	0.144704910615075	0.67157631213324	-1.16759864719229	1.60679101924783
cent2087	-0.280749535553745	0.698408592408746	-1.88936490281397	1.00851439004905
cent2090	0.0718705985660874	0.66749549717475	-1.31291162144268	1.47704785435489
cent2100	0.10182113746109	0.628093313328697	-1.14499304241112	1.46057926967254
cent2126	-0.0625140556927923	0.747993509070573	-1.71018244218959	1.4729827797764
cent2127	-0.0724584825769946	0.738875064430669	-1.68012140116416	1.46075408155525
cent2140	-0.172403364661047	0.70123960486778	-1.71395144453504	1.17842419916831
cent2142	-0.116772634310727	0.728074967452849	-1.73136688271949	1.26744698815836
cent2150	-0.0843260226323316	0.737136949255386	-1.71267048595845	1.37189021259654
cent2292	-0.172720197074675	0.622608338114708	-1.52022905177862	1.04338744066551
cent2314	0.175254305335435	0.72773872605144	-1.24734276510869	1.79023935393721
cent2322	-0.00467142391935081	0.723754830687543	-1.49566689725511	1.54451165065277
chac1249	-0.0242925765339983	0.71905754355386	-1.58091341187554	1.46470556051241
chac1251	0.0397590126712537	0.760425088701201	-1.55766215306297	1.62804883090242
chad1249	0.188571000855021	0.71674237245759	-1.16072693875818	1.82611839208794
chak1270	0.0384025942393921	0.674668720122262	-1.3911855817848	1.483849030644
chak1271	0.192985038909599	0.710443424759597	-1.21750777664229	1.81564831255135
chal1275	-0.0770255480581831	0.690837937903476	-1.574826238881	1.34740705657104
cham1309	-0.0398404040407423	0.737815779642266	-1.66737851737966	1.52827467124377
cham1312	-0.0123118670495751	0.714679904695257	-1.5286789329358	1.47839694847009
cham1318	-0.1708027563897	0.744409123087286	-1.87406499694551	1.30121464525297
chan1313	-0.222383862839264	0.649513692115311	-1.69324747951722	0.980086015405468
char1269	-0.0528692355794517	0.71408842980515	-1.58433930678483	1.4217900183443
chas1234	0.600804562290592	0.780567644274755	-0.604641567301986	2.42605298786589
chec1245	-0.0452735771242646	0.748559549007778	-1.6967148254077	1.44372555181362
chek1238	-0.0241390636612349	0.645674694837023	-1.38348298410251	1.3227657416618
chen1255	-0.024898802163113	0.740015900028093	-1.62399347460183	1.48569224837285
chep1245	-0.59271255629805	0.785432303542318	-2.43715322446064	0.635063708698539
cher1273	-0.153193687268127	0.711820134000131	-1.77596246118513	1.22336808758193
chey1247	0.390513229359913	0.746070274805049	-0.864642722628849	2.09562573059762
chhi1245	-0.715466407381373	0.839806854657919	-2.6518780503271	0.54138245695073
chig1238	0.303472273523852	0.714578259711342	-1.00848471394207	1.96664219119637
chil1280	0.0964831029995083	0.727393024496581	-1.39539517220287	1.734842849023
chim1302	-0.0438550941501217	0.703748673715116	-1.58300148682588	1.38362365780591
chim1309	-0.0819329629554391	0.746854736014016	-1.73051278051137	1.41724778302196
chim1312	0.157255452439995	0.694027403245602	-1.19412766589758	1.67608071013611
chin1286	0.172889615728561	0.725936399645495	-1.23654875526086	1.75463657527433
chip1241	0.292257465685892	0.739507983178712	-1.05818960900727	1.97809715651964
chip1261	0.0888693268955048	0.725743238743585	-1.31718956836879	1.69799883854616
chiq1248	0.193086125803331	0.745795357005133	-1.18203048068255	1.92407890068035
choc1276	-0.0761741984804622	0.745506140028883	-1.6889465920257	1.39883423677656
chon1284	0.171702061296771	0.723588937107636	-1.21702834127263	1.754913804477
chot1239	-0.533025873614053	0.773690648857049	-2.39955105377516	0.726455707051534
chra1242	0.102075781017211	0.723576541089288	-1.33043071048191	1.72148351837445
chug1252	-0.298972581218065	0.696297712935087	-1.85801628390902	0.959981489360911
chuj1250	0.257790699450152	0.722985687460942	-1.03294675187081	1.93571090203263
chuk1273	-0.0431914116370422	0.750442081997627	-1.64004812976355	1.50348927340214
chuv1255	-0.0191307202441029	0.753944986451485	-1.60334414006448	1.54562880665377
chuw1238	0.168368097485882	0.724481703609185	-1.1763962441646	1.80451772650653
cici1237	0.214337040272488	0.733913462618072	-1.22170793230079	1.89840084660906
coat1243	0.117227314396423	0.678143909742198	-1.2280463395057	1.65048686421239
coca1259	-0.188743491311324	0.714399629887914	-1.78201999814965	1.12131280439584
coeu1236	0.221511122827391	0.725891039540521	-1.14760723311064	1.83478591209768
cogu1240	-0.0948965388648151	0.728328853344057	-1.67196327450678	1.33964980243897
colo1256	-0.103564529732264	0.706361893023091	-1.62533192897611	1.30372683364805
colu1241	0.256356856810567	0.751141436490373	-1.14226993670437	1.96251295997043
coma1245	-0.0857192251878857	0.722781563289031	-1.6323548229941	1.37727251903222
como1259	-0.0449095272434744	0.713545124694953	-1.5875280929772	1.43564550205897
cong1236	-0.298730820551655	0.73460448716671	-2.05059809288992	1.02602828236903
copa1237	0.0169586424917473	0.683352926114467	-1.37319412797566	1.4843547738006
cori1240	0.0224680856820311	0.671783522802123	-1.3234436707041	1.44887366063333
cors1241	-0.248045421586747	0.724045172998148	-1.88362116069999	1.10969957107966
cosa1234	0.69440220356863	0.815658062657864	-0.516688124996023	2.61818136737027
cree1270	-0.0847847590824454	0.739407598345351	-1.69014037532552	1.43943535124213
crim1257	-0.00495229773504124	0.747770914516782	-1.5961149013741	1.63844042462641
cros1244	0.392417062633128	0.728428443463734	-0.878782679978143	2.10845551342352
crow1244	0.341600750358274	0.741738962414265	-0.981825890465939	2.02444961541657
cube1242	-0.269524287780077	0.762496854898363	-2.04425644404338	1.12240979885585
culi1244	-0.154371737744318	0.725592258355404	-1.72349793118622	1.29390134781873
curr1243	-0.0025303053950567	0.727648343044798	-1.52430954093328	1.56852709755866
cusc1236	-0.118210863242417	0.730193491363233	-1.76441391581345	1.34133871822758
cypr1248	0.135468801766644	0.723212626556372	-1.27309652222582	1.75177622269324
czec1258	-0.0884897415029634	0.726372977195806	-1.71273542413816	1.39031313152874
daai1236	-0.00821453269650082	0.662511093768973	-1.42928776156977	1.35956344214871
daak1235	0.000761085524877991	0.709674096504903	-1.49776700064991	1.52895044398451
daas1238	-0.0889923944234144	0.713655915371586	-1.65010548340538	1.3291854341442
dadi1250	-0.0727126557495733	0.650481311566085	-1.44585928238385	1.28013972856697
dagb1246	0.170607998885718	0.730618198933551	-1.24059297517741	1.78384417255579
dagi1241	-0.0940728567018476	0.730275567247398	-1.67810036411637	1.43716294618927
daka1243	0.287431507844588	0.62073373493773	-0.866144245699042	1.65900917606635
damp1237	-0.530572451259194	0.778942987787562	-2.39806860740499	0.674838354895474
dana1252	-0.0760630252165297	0.698063609711248	-1.62415186478618	1.34522315705686
dand1238	-0.1123607416157	0.712117728091602	-1.65196037426686	1.34399771800166
dani1285	-0.177126070317776	0.734205646713842	-1.8421148421573	1.22947751240598
dara1250	-0.496360163815813	0.773050269670893	-2.35899883193865	0.734007404875778
darg1241	-0.037611699503004	0.734063131969943	-1.58225823811121	1.45077648057108
darm1243	0.132670139597721	0.70670743409165	-1.24887041771296	1.67344894070243
daur1238	-0.0153552913337768	0.757827262198907	-1.63634288709549	1.53533595846104
dawr1236	-0.248133778042399	0.721704436442226	-1.9222384584052	1.0731588111895
daza1242	-0.176544895621525	0.743709478490978	-1.82364864710038	1.20789907000521
dege1246	0.182048147808669	0.691299414548763	-1.1243998985021	1.71816719980836
dera1245	-0.061440071800722	0.648411376822744	-1.4397715733805	1.20062459085786
dera1248	-0.119072518723609	0.671669506667336	-1.53974848758506	1.22136499319328
desa1247	-0.337943243612676	0.7149092474432	-2.00317852116418	0.917958605235498
dhao1237	0.219664238012802	0.729232519665018	-1.19999743878841	1.88997248978235
dhim1246	-0.663740090030547	0.811768999555301	-2.57053687736132	0.588398509216911
dhuw1249	-0.0885778383628671	0.742188479621997	-1.70398752425736	1.42434186892678
dibo1245	0.129192966864864	0.677345681903476	-1.17715263365878	1.6237777514917
dido1241	-0.0285335508133234	0.730519904505512	-1.5857214245473	1.49393632859915
diga1241	0.12793615283593	0.699432027840898	-1.24229586751513	1.64921244895295
digo1243	-0.397424902617538	0.726403062056398	-2.05024529266406	0.874349376366404
dima1251	-0.498019440086625	0.746337783355077	-2.24880960367268	0.749654191121362
djam1255	0.0297939882553984	0.733711998085911	-1.50429526910238	1.60669322412314
djee1236	-0.13135249171049	0.711975484642583	-1.70059538295164	1.30400485814274
dobe1238	0.17754944419491	0.738294488696802	-1.24738719289354	1.83471871127572
dobu1241	-0.538586737245039	0.707084454802112	-2.20462748557648	0.547900121042834
doma1260	-0.113265461883224	0.74895450220386	-1.74218096536911	1.3289498802485
domm1246	-0.225465970216205	0.636612797070176	-1.6202417575948	0.992871710863333
dong1285	-0.213317410269551	0.717556243392374	-1.8139271957793	1.12684143413062
doro1266	-0.250319444547016	0.6332943587429	-1.67338702156832	0.91087085074397
drun1238	0.21554708933158	0.720480407044824	-1.20952724563497	1.79289131053641
dumb1241	-0.0301242891900202	0.690760422668287	-1.53811389256648	1.38488975311308
dumi1241	-0.723832847854111	0.831401685163523	-2.69395026489391	0.49321007584608
duna1248	-0.331796168709372	0.695450239697178	-1.96857092376136	0.904366393234976
dupa1235	-0.0700800624863903	0.66249491362962	-1.52325018142724	1.28632396672416
dusn1237	0.41824902248385	0.738187008721297	-0.808398944703907	2.16570378591946
dutc1256	0.321237068884523	0.731665418650254	-0.983683523926367	1.99950717709023
dzao1238	0.0582582918416155	0.741204060057381	-1.50931940431154	1.68598802866202
dzon1239	-0.493225836401018	0.775530738461357	-2.34934020839387	0.751949950924421
east1236	0.107622019747406	0.702641032927679	-1.24153622619776	1.66569398282929
east2328	-0.0221332750738472	0.74954362014203	-1.64713421174737	1.54428959079507
east2332	0.185457321690393	0.739327793251195	-1.2337783219081	1.87581019257589
east2333	0.132163380302727	0.684770376708504	-1.23744011660396	1.64868185066063
east2342	0.26004154998337	0.726553147173992	-1.06075775550635	1.91977548657398
east2440	0.129791980798141	0.686306621170997	-1.23628308598582	1.59713077671219
east2443	0.00428627773210946	0.622107880440989	-1.28323141193677	1.32163354179942
east2447	0.0754151161416116	0.717515582842287	-1.37949905724095	1.66156798551609
east2485	0.20617040933893	0.703633769686765	-1.13695522951333	1.81240190085178
east2516	-0.316136474469241	0.668703673323647	-1.82541981296043	0.909092177973722
east2555	-0.140083438535828	0.715041710837357	-1.77299936499387	1.22650813794903
east2556	0.163396972027302	0.6635470431248	-1.1132515548865	1.65616914111142
east2563	0.143603558369748	0.709751980607173	-1.24275345193851	1.70093699370285
east2690	0.161885075623623	0.738714411294214	-1.21724928789927	1.86065077267876
east2694	-0.36035563631804	0.70796388504974	-1.98283361487885	0.85644029478189
east2773	-0.689903668416169	0.813483586796344	-2.61351695845401	0.530854832494757
east2782	0.0658572352276573	0.714835225186538	-1.38633608157359	1.5961478550156
egyp1253	0.180080141092881	0.717385819470923	-1.19936166205874	1.78187320485213
eipo1242	0.283115373232981	0.65244320623358	-0.916222456401004	1.73071003704894
ekar1243	0.253212334560392	0.703938309475191	-1.06858425714196	1.81453118706926
elem1253	0.170001788876922	0.675236303054567	-1.12651018495574	1.6597743906597
elip1238	0.311652473096666	0.682547356643775	-0.934551836888012	1.8762386921615
emae1237	-0.0129135084079848	0.624123432483513	-1.35070655191451	1.26702684257672
emai1241	0.247552166016493	0.74620009191054	-1.13134498298813	1.98047335875076
embe1260	-0.119424666142295	0.730807000704056	-1.75072586364483	1.33706939865884
embe1262	-0.0696885999054032	0.756809239245853	-1.75733228552445	1.46837910234084
enuu1235	0.354133498082257	0.72397950967143	-0.947956267071229	2.01758905980111
epen1239	-0.055666146777301	0.74828173035861	-1.68706881225905	1.45408007522195
ersu1241	-0.185159394672774	0.691059096787951	-1.76877784642578	1.1227317935558
erzy1239	0.00611699542484582	0.750151953718508	-1.57029996786939	1.5889074543109
esan1238	0.253171619837657	0.757434092946282	-1.17115298972994	1.97779725857134
esee1248	-0.0221168208358405	0.74612581359495	-1.58724208611742	1.51548329772861
esto1258	-0.0510553111654189	0.76181082801359	-1.72012783281678	1.49806289123107
even1259	-0.0226874620749136	0.735833217609573	-1.63202771740187	1.51462302947086
even1260	-0.0213199909941806	0.7208087371431	-1.5094253115607	1.49910044521769
ewee1241	0.249318685165437	0.732519604132189	-1.10384725852644	1.92190413285312
fait1240	-0.472320934450144	0.669797059539809	-1.99933652033227	0.612907276317218
fare1241	-0.161415254159674	0.730172980777842	-1.7704711014829	1.28004303620302
faro1244	-0.199127515330095	0.732600884996482	-1.8535403342097	1.22727318663464
fass1245	0.0166400425056744	0.641793385941415	-1.33348248350521	1.35285471937918
fasu1242	-0.255429237286555	0.683868221284748	-1.81333972334411	1.03862765009432
fiji1243	0.0910602532033161	0.729844867998224	-1.39233956639857	1.65195234378556
fili1244	-0.0643032663694106	0.668542892348118	-1.45362777914461	1.29106777449137
filo1235	0.111764841116241	0.642202976466014	-1.17419458718181	1.5104810585582
fina1242	-0.170269883530338	0.624523304238721	-1.5413197166349	1.03809944886646
finn1318	-0.0209448129976504	0.754495072539458	-1.64620632004671	1.570441484929
fipa1238	-0.254605117683187	0.719177044668668	-1.88376534460548	1.0549921553172
fonn1241	0.262968486045512	0.744651068264787	-1.16357746554717	1.93956698077516
fore1265	-0.00610445409236026	0.751339732156671	-1.62197189984226	1.57246228947938
fran1266	0.0326624822451168	0.714770276676611	-1.45142572227596	1.55532886819371
fuln1247	-0.117775357814102	0.751780544616094	-1.76353040786926	1.39668917834979
furr1244	-0.0231135974944376	0.732124531085731	-1.59541929050986	1.47621007706877
furu1242	0.367782585569351	0.736722663994205	-0.886464197071962	2.11662209115918
futu1245	-0.263978446943291	0.696184214649162	-1.81044100028265	1.03126564813153
fuyu1242	-0.260302794793658	0.644050995081065	-1.70544614852135	0.904161192276096
gaaa1245	-0.486031392945122	0.714587427158629	-2.10630502518308	0.698912033496816
gaam1241	-0.140697745983504	0.76650770429773	-1.82799785466208	1.41289244575596
gaan1243	0.0701620817574392	0.664311066120039	-1.27116719917395	1.4856962686335
gaga1249	-0.0154084018732715	0.765139129029676	-1.66736808697887	1.62223529379424
gahr1239	-0.189182280622736	0.730622199625975	-1.847303320909	1.18891983001252
gale1259	0.13376525626045	0.734472225908627	-1.31789746044922	1.75617287253752
gali1258	0.169017836396473	0.715790465085372	-1.18809907464303	1.78435781621956
gali1262	0.685473634222912	0.842459240242035	-0.574858121603471	2.69181343312904
galo1242	-0.139570476877075	0.68082389152672	-1.69609609847626	1.18060527933775
gami1243	-0.0215173423710674	0.749533859192268	-1.66637495189738	1.52702348040637
gamo1243	-0.296871648092506	0.744962942343323	-2.02788060571989	1.07740240428111
gand1255	0.212454737127823	0.696990256193339	-1.07447010033352	1.79378349917259
gang1267	-0.103305389928769	0.73565482224682	-1.68453244180397	1.36727727839823
gant1244	-0.472337288590366	0.681111001062705	-2.03124077526665	0.644963928829676
gapa1238	-0.585248886000392	0.713394901355552	-2.24465718710213	0.525008702717698
gari1256	-0.207016604028669	0.725775530664731	-1.84124283373632	1.14089550450018
gata1239	-0.30358735637819	0.71289215954506	-1.9352772556192	0.975891542018528
gayo1244	0.136734260444014	0.742245305077889	-1.28143328152958	1.79649096856617
gbay1278	0.212204453245446	0.717131377149894	-1.09312349847833	1.85047321257155
gbay1288	0.0275095547452235	0.744074046717207	-1.49656758661759	1.61347086228478
geba1237	0.171075169162363	0.706781736512113	-1.18287851413475	1.76211931774875
gebe1237	-0.0115389218476657	0.69271629472612	-1.44231292342268	1.41244894720911
geda1237	-0.53792039364106	0.685229110826949	-2.12430569946879	0.537312769252328
gela1263	0.0341110590492859	0.635598034764303	-1.25823777997002	1.37562681266128
gese1240	0.102600325407376	0.738896785079582	-1.32883389902817	1.68359514629318
ghad1239	0.185887247237986	0.732773707353713	-1.24464782072131	1.79742592144489
ghan1242	0.138613950417139	0.673426113073178	-1.19761301288698	1.66700170895408
ghar1239	0.037386052097231	0.641784711128714	-1.24376216577919	1.40393309379454
gheg1238	-0.247440872939055	0.744947922777221	-1.94074199819055	1.11992163559123
ghod1238	-0.0433576260499099	0.746682145661373	-1.64616217890621	1.54076762777464
ghom1257	0.0579026859545385	0.719986279137484	-1.40916546994102	1.60656976944499
gida1247	-0.0181014787445602	0.624273707618806	-1.30171976585262	1.28859588682587
giiw1236	-0.216140195406006	0.670842365465521	-1.69518489494199	1.03345500232745
gilb1244	0.0737550669929285	0.768715751026405	-1.49196364583436	1.75615494051434
gily1242	-0.0918102884917051	0.778639850214944	-1.79316436174384	1.50532175326635
gira1247	-0.561547083166876	0.69800479685423	-2.19083630841212	0.520308444882696
gizr1240	-0.00417271923580173	0.690992695430595	-1.45479036129083	1.46309446150366
glav1244	0.456173039526297	0.717901247968433	-0.725113621411781	2.09396973609752
gobu1238	0.316179253252703	0.714973773787945	-0.945465688889779	1.9633134812453
goem1240	-0.0921594526474673	0.674714461301799	-1.49336660704053	1.2650269688437
gofa1235	-0.250323110715893	0.730640704768152	-1.89417413245677	1.12715421317961
gogo1265	0.0773839585366336	0.704518164793547	-1.3358053398219	1.63862128890264
gola1255	0.180608191255021	0.728306280132255	-1.19550826447732	1.81164661047742
goli1247	-0.126867405777864	0.637032108914934	-1.51957734241609	1.16438201611353
goon1238	-0.120650540279183	0.747110520239014	-1.77663174010297	1.41119079967529
gras1249	-0.0781740022298424	0.626068165109909	-1.42199684743725	1.18150792359349
guah1255	-0.176023338072631	0.74393788994005	-1.89415761817417	1.24525764552758
guan1266	-0.245616963340927	0.69219368823077	-1.83254230463298	1.05140646133296
guan1269	-0.328473135499342	0.732652123054779	-2.06052589049669	0.950070957231166
guar1293	-0.0768673408911177	0.702972587270907	-1.61009182449725	1.33671326190312
guat1253	0.21441071786653	0.746312163352241	-1.2494941402545	1.90945683117065
gube1234	0.129503715079176	0.718251081881002	-1.22300637835134	1.73066235813742
gude1246	0.176174590079133	0.647851873149339	-1.05404591436126	1.5982165262751
guer1243	0.0240726332248274	0.675340657373826	-1.34254900872446	1.45056285986175
guhu1244	-0.180656263777567	0.639794249546599	-1.62634682617409	1.02890646143992
guiq1238	-0.298127565891053	0.71839711468508	-1.90744942486667	1.01410864577779
gulf1241	0.0153611179508058	0.710551581689461	-1.4433999336601	1.5100715591365
guma1254	-0.469731972857379	0.68019038788821	-2.06700218113149	0.631564762279922
gumu1244	-0.229809129185746	0.775449710254952	-2.01105125385883	1.20758259444904
gunw1252	-0.0452962706714414	0.713733949384377	-1.54729607712256	1.43165652667946
guny1241	-0.0245115055911212	0.743007329147666	-1.62585017619357	1.56305571115596
gura1251	0.192143690698722	0.689572364216262	-1.12375676397005	1.76696975986147
guru1261	-0.711833549850925	0.823931116848311	-2.67008608231002	0.50394057745823
guru1271	-0.174588580432608	0.675858832743609	-1.63856042579972	1.20414321862013
gusi1247	0.0270542637834341	0.674569964971065	-1.37911663816834	1.46452877797324
gyel1242	0.330505159104623	0.738209023294786	-0.977073101717703	2.05166070701154
haaa1252	0.258132601862741	0.737083781678749	-1.07933195919335	1.9501602187501
hadi1240	-0.342584045760146	0.760911939961021	-2.07776972393726	1.02837665774108
hadz1240	-0.0574501774827504	0.703553832226636	-1.56830016973232	1.38208098847876
haka1240	-0.0984016756117507	0.677357876009834	-1.58488875615921	1.22648569651312
hakk1236	0.159299527658974	0.711917115000949	-1.20727846696018	1.75802800582258
halh1238	-0.0166693998401635	0.744091953900542	-1.59531868809465	1.53850876057393
hali1244	-0.069389314476674	0.670718045107808	-1.47709169127859	1.298881337826
halk1245	0.27249756890606	0.748085062505287	-1.0979852968616	1.98701132924994
hame1242	-0.0793825178116591	0.7101220778787	-1.651233775301	1.36451148985794
hang1263	-0.103100681996116	0.660872345866749	-1.49801265125412	1.24216504979864
hani1248	0.414792131853471	0.747792267975802	-0.858644850697309	2.19918052611066
hano1246	0.118497224477316	0.626612791339143	-1.10998020130438	1.47001030097974
haro1237	0.187708710969734	0.728478644923445	-1.17987043009525	1.83992356541476
hass1238	0.168472652517288	0.734724482565661	-1.21856305789511	1.80624652131755
hata1243	0.493298683156844	0.801202122132115	-0.828737761247294	2.42057278986054
hava1248	-0.13743928774037	0.729826226825757	-1.74631241994233	1.25271486728299
hdii1240	0.397904946037719	0.697492061220727	-0.793681478267258	1.99660050421508
hebr1245	0.21073265865464	0.743027396159892	-1.19440811167046	1.92736574096043
hehe1240	-0.270776719307706	0.722812930751751	-1.93057728869706	1.0328258271418
heil1246	-0.332403227043507	0.745265459224179	-2.03511923917247	1.02955014220834
hela1238	-0.650981146896022	0.789568759297177	-2.48084276862882	0.550456464365266
here1253	-0.230613397487544	0.719993937669359	-1.89098493358006	1.09298865585137
hida1246	-0.215159173724267	0.737919109634346	-1.91283347071216	1.1780424452365
high1243	0.113240761667281	0.644891383886761	-1.17381958515949	1.49191548027646
high1278	0.121237768632568	0.644617399691685	-1.16352012778068	1.53915708436586
hind1269	-0.0621784375003974	0.740200551398604	-1.6659979627551	1.47036835391676
hinu1240	-0.0374365176847468	0.739266179902665	-1.6857898829142	1.52043766350067
hixk1239	-0.077396458914843	0.717770484116926	-1.67595099317353	1.38187202415967
hlai1239	0.0664171603725438	0.730654842616368	-1.38693994013466	1.66311778749472
hler1235	0.482229523308302	0.764511126819994	-0.756871901343014	2.29854491631938
hoaa1235	-0.134897496395062	0.71114195907627	-1.71885480202734	1.26534236562417
hoav1238	0.210752375735986	0.668315529626509	-1.05112262435131	1.70886951757618
holo1240	-0.179402013425433	0.718785295579004	-1.8028925838656	1.18326045897562
hone1235	-0.336266467137252	0.690583700880271	-1.91200753018057	0.910184343913265
honi1244	0.270884336300035	0.724181505997824	-1.07873393326082	1.95309713602331
hooo1248	-0.234522242651303	0.728737012877468	-1.89313391209865	1.10080609623396
hopi1249	-0.10783272250349	0.735698379637407	-1.78672354427509	1.31670809585877
horp1239	-0.261208920742292	0.698445598188768	-1.83911131694164	1.05196818955455
hote1245	0.0861327341542837	0.59518459298041	-1.09355945887304	1.41498062671234
huaa1248	0.0291088574543229	0.73840417842403	-1.51588427163282	1.55724830783373
hual1241	-0.0972567980371408	0.748078251625008	-1.74260321970318	1.37814508434695
huam1247	-0.10585347598463	0.711884385755957	-1.70837418941887	1.31713450249623
huar1255	-0.220265377105047	0.726700702678092	-1.84811478384678	1.14277064474304
huas1242	0.363496576838503	0.737732464828089	-0.908687528581289	2.11474757763352
huba1236	0.166038568982117	0.663118195720967	-1.12779763190958	1.64949852368806
huic1243	-0.222345059581164	0.727653177648264	-1.87564003970011	1.1666910851933
hula1239	-0.215385798034741	0.6487101541478	-1.66080948438361	1.00008645255484
hula1244	0.142060665345344	0.728381760324689	-1.30070019426239	1.76049011213288
humb1243	-0.000222343173556424	0.696442747242393	-1.507431238321	1.4454734508263
hung1274	-0.0222766967299174	0.73082079796356	-1.59131646876111	1.52875811839206
hung1275	0.182104550478477	0.759303572540998	-1.30498550813651	1.8965188061007
hunz1247	-0.0230216172687761	0.737838316064594	-1.58510902033767	1.56468112518649
hupd1244	-0.341528069748034	0.72730029194435	-2.04899895540094	0.868863007943334
huuu1240	0.732949778097802	0.813755418796274	-0.436672579210933	2.63641967480997
iaai1238	0.00128629685262042	0.705087881081792	-1.42621450682245	1.54478702234575
iama1237	-0.601618582775812	0.718102491893464	-2.27043312249578	0.513520690775607
iatm1242	-0.376575343445827	0.717556630970998	-2.04143346579467	0.858390164296524
ibal1244	-0.533644317930198	0.724221298048408	-2.19936665424983	0.623440110099792
iban1264	0.129845512660537	0.732801277433079	-1.26668834408263	1.79077365200678
iban1267	-0.00796445207742057	0.64161854322624	-1.41167476686203	1.32408316132563
ibat1238	0.200988430479441	0.716464075885223	-1.15337771014398	1.76688906945144
ibib1240	0.296665173588941	0.699649950063171	-0.972803010217259	1.86066365399724
icel1247	-0.210048849837008	0.733905738356614	-1.86333461068108	1.16762039267052
idaa1241	0.127786077584305	0.697691482195528	-1.26677990601026	1.69593063946404
idii1243	-0.0932903240173003	0.681552873892617	-1.61881453156883	1.2539094507082
idum1241	0.184305627413903	0.704563869399834	-1.11702317241577	1.77607675147778
idun1242	-0.619518922734515	0.728043479652018	-2.33972089017612	0.483013044916982
ikkk1242	0.024475022264954	0.740807849818019	-1.55570809884498	1.58330625396455
iliu1237	0.3190371321388	0.753342167083174	-1.02552761090442	2.09212461101127
ilok1237	-0.536504222083264	0.738737188759968	-2.27639323841713	0.643463214648729
ilon1239	-0.23784289066266	0.641746973334596	-1.63558363434364	0.994569610701904
imba1240	0.0164959920586254	0.725576042972951	-1.50385961354166	1.57351284382205
imon1245	-0.0536866058241482	0.648828082266129	-1.4546488227352	1.24649789314493
indo1316	-0.167563733731609	0.700872572154685	-1.73062543656692	1.20522393966874
ingr1248	-0.0249312656157798	0.769923358318386	-1.65390910774885	1.60532656550742
ingu1240	-0.0463791855008246	0.732572305641044	-1.64744398765432	1.4753313663387
iqui1243	-0.0197621358464547	0.728196887141522	-1.58947959539058	1.49816864335226
iran1262	0.139611229354622	0.701535249034061	-1.28302912414239	1.68206270538878
iraq1241	-0.117902863884392	0.687183247308133	-1.6462525489657	1.2241062116837
irar1238	0.407299654494989	0.743105149291193	-0.840126914395074	2.1795801883188
iray1237	-0.0497251716377263	0.715970967863455	-1.56782133316919	1.43506920281829
iris1253	-0.178491521282103	0.715489136368487	-1.77714757403919	1.19715984378315
irul1243	-0.0203613121456324	0.755321027311564	-1.62522482981237	1.52819454536189
isco1239	-0.0932719292768007	0.726240856888432	-1.67414405655128	1.39938179639823
isin1239	-0.392052385841251	0.667375723245378	-1.88556634075561	0.74422036171154
isir1237	-0.0617478134237704	0.695277272565792	-1.52031079763482	1.34177427146282
isna1241	0.204044476495004	0.702778681496076	-1.12665054972819	1.81997948116702
isth1240	0.157218635461238	0.666391658657014	-1.15306718804355	1.62759033935473
isth1242	0.101796296435619	0.663439827701503	-1.21558760613748	1.55581047412661
ital1282	0.13971661692188	0.723369114347806	-1.23962772859719	1.75591278714203
iton1250	0.283384026151026	0.753277942497789	-1.09818681241907	1.97284917594144
itza1241	-0.241934685305719	0.754352076531026	-1.9485421437566	1.20892617491659
iumi1238	0.650161871698015	0.810160866109034	-0.538489965419167	2.57422578763084
iwal1237	0.0824432378507746	0.590172025762511	-1.12094480809894	1.35050924607127
iwam1256	0.0376808779077495	0.646982136788389	-1.30354203223202	1.36696513333123
iyoo1238	-0.36100354624526	0.633909881055835	-1.83616088609743	0.761526598258084
jahh1242	-0.0352896862502943	0.694994522725546	-1.50139839616409	1.40660839755738
jalk1242	0.199663881751324	0.722752492460382	-1.19117618381031	1.85139035325799
jama1261	0.277531950803286	0.732698446205798	-1.05845889488834	1.96389278842389
jamb1236	-0.020265122113129	0.742965073376042	-1.59426858877578	1.52872997406022
jams1239	-0.0263747092625147	0.693387434378377	-1.51504587570501	1.44450685342072
japh1234	-0.0992815922943135	0.678654363577206	-1.56211866213078	1.30557551697471
jaqa1244	-0.0962277718060929	0.740194427646491	-1.63947312906756	1.37321732860081
jara1266	0.117804546217267	0.712979418302036	-1.2294580253518	1.70720155944005
java1254	-0.274120881556941	0.719367191890416	-1.91399109322876	1.06296129221384
jede1239	-0.414915167427265	0.731857377750977	-2.11086446961834	0.857404869986787
jeha1242	-0.314739805229689	0.725372858826103	-2.021472634439	0.995475818811718
jehh1245	0.181801908542254	0.694332684530065	-1.15503281198123	1.75136103433678
jenn1240	-0.0406678089246773	0.735475888911098	-1.62060530956065	1.44088517117464
jeru1240	-0.691149995957035	0.812381130453379	-2.63376736891926	0.490616560191718
jina1244	0.41152054587349	0.744106147385954	-0.854512431818009	2.18035334258315
jjuu1238	0.0551077189490642	0.676549326890394	-1.28150618520078	1.50947400445127
juan1238	-0.144618102487482	0.722059360427666	-1.78852890721148	1.23782331578518
juku1254	-0.132520314472808	0.644377501634973	-1.54302785196189	1.14596988946641
jurm1239	0.407100524329498	0.745691322458799	-0.880767193254085	2.17312824641662
kaba1278	-0.0541972655147757	0.752178389992433	-1.7147519248006	1.43921970478276
kaba1281	-0.282052778797048	0.710024176870733	-1.90597234707139	1.00450435418626
kach1280	0.100452177014054	0.702539987894153	-1.30737472709494	1.64100980863119
kach1284	-0.370588169387694	0.773554899741619	-2.18572891127919	0.951671561584748
kado1242	0.799292189280012	0.826992037183614	-0.3749421596423	2.73021733054568
kafa1242	-0.183814705068307	0.718644024924937	-1.8507601168888	1.17095765964937
kaga1256	0.181174812757759	0.669614790116295	-1.12620517080332	1.65118066287677
kagu1239	0.182757783120374	0.703488751486045	-1.17002167131803	1.77507992269485
kaik1246	-0.346646542553567	0.743778384425829	-2.07711543252143	0.946799482483926
kair1263	0.066794156186945	0.671955203119214	-1.29796577594017	1.52871523486709
kaki1249	0.0697744972384483	0.657341811119544	-1.25322115996932	1.53527610619644
kala1377	-0.0744209431118509	0.747952564327451	-1.7008017920909	1.48362834507779
kala1384	-0.126547552293597	0.70703094991148	-1.6700399976878	1.28314828240333
kala1388	-0.156854014238334	0.649773340232151	-1.54591529190349	1.08872250879583
kala1399	-0.0736600694185462	0.731581740723111	-1.6725815663582	1.42207942444186
kalm1243	-0.0180511778351168	0.751008565487958	-1.60705672567572	1.51927337863952
kalu1248	-0.254224433150212	0.689919129626826	-1.83091676540851	1.02937092087011
kama1367	-0.0821314589127585	0.667013745615918	-1.53694217848953	1.23813353095011
kamb1297	-0.18338191847029	0.706127281193311	-1.79401652053983	1.16307987773815
kamb1299	0.194095968923053	0.729528451168416	-1.21792114682859	1.82761893355905
kamb1316	-0.354729057860779	0.756015664434891	-2.08316493774483	0.991735072245335
kamm1249	-0.246890090740997	0.671957242425649	-1.71614007985973	1.06650679972504
kamo1255	0.297973202818862	0.705784534264743	-0.999319399974989	1.87498626591305
kamu1260	-0.130940451797879	0.706297376217408	-1.71240988901069	1.22139851793749
kana1286	-0.25490875607356	0.640186011581912	-1.67219105541788	0.971610976261034
kani1286	-0.136130711466998	0.622009654437407	-1.46410294852626	1.08082304565038
kank1243	-0.35240933693814	0.663499315720848	-1.84532994697833	0.8178908779622
kaon1241	-0.332617972803219	0.754716376839007	-2.08173911265026	1.00605164874155
kapi1249	0.0272866664556261	0.728838084767944	-1.49782214583657	1.5983006845985
kaqc1270	0.422421503176711	0.778573620953867	-0.87345225413075	2.28470894404363
kara1482	0.169351589257004	0.724662439533134	-1.20717658549888	1.80331642103443
kara1486	0.0228786823543142	0.635379649716904	-1.2633632118576	1.38486290794599
kara1487	-0.391410908355506	0.659994038065801	-1.89665727433715	0.748497302050328
kara1500	0.249114902507699	0.717939561799912	-1.05301646254153	1.88346177158353
kare1335	-0.0215414837686557	0.758978997060972	-1.65018693343865	1.58341804647983
kare1338	-0.116648097396214	0.699380132691512	-1.64927969994773	1.28352810494846
kari1311	-0.0367953113337621	0.718300872818075	-1.56160697372885	1.42042933662338
kark1258	-0.0627678757210004	0.63151196257062	-1.42325845660522	1.17047816616692
karn1252	-0.281738339903181	0.642156901943914	-1.71140970720972	0.887123006272363
karo1304	-0.159330205188955	0.728735000516908	-1.75998888905119	1.25298207983924
kash1277	-0.104202572452337	0.743234091554207	-1.72913269334858	1.3718854717418
katb1237	0.182558561283721	0.592332128627192	-0.960636639412247	1.51358351745293
kats1235	0.373883013288621	0.736096843517145	-0.897294732947165	2.12467561865744
kava1241	-0.555186100628871	0.78843865564556	-2.39441652570518	0.725479023895135
kaya1315	0.197426993115102	0.702621463081944	-1.1726612159111	1.74562388093456
kaya1319	-0.113376869314348	0.741255945791284	-1.80313758385945	1.35206487717437
keap1239	-0.275488521893697	0.66680239435227	-1.81063440183022	0.944888334584642
keda1252	0.409152185958026	0.742409810307008	-0.831890832911558	2.14462103320525
keig1242	-0.0997971530089395	0.732237372370842	-1.68524038074801	1.36881858460602
kele1255	0.0399406058627741	0.688383586210913	-1.34011012343786	1.48930708535351
kele1258	0.0343387848084237	0.660940825381914	-1.30760034450428	1.48760635421298
kelo1247	0.45506685457313	0.761311238403673	-0.772638963973392	2.25799191487844
kemb1249	-0.0602315511732594	0.678638766815452	-1.50594349896643	1.27872559333209
keng1240	-0.330477174973696	0.7315921119998	-1.97749988624535	0.957821656429795
kenu1236	-0.0551319584935035	0.761032470214325	-1.7437891868037	1.50158592303675
keoo1238	0.268964093151946	0.746658474533616	-1.10202093057225	1.94721370791399
kera1248	0.12321579890645	0.715397956561179	-1.21813066862092	1.69526726559386
kera1255	-0.226498429521963	0.680513255015062	-1.74001931225896	1.05629261312822
keri1250	-0.380330073323214	0.772022164294158	-2.14882292563473	0.95238321370738
kesa1244	-0.410352467272856	0.642340767013465	-1.88518032188408	0.682789700739926
kett1243	-0.0761660286357694	0.746407581765183	-1.68333381433985	1.43095854339955
kgal1244	-0.22619001901231	0.714736626132218	-1.89657960914832	1.09157554748459
khak1248	-0.0168913234240517	0.755900323753439	-1.61220649284209	1.56520250773125
khal1275	-0.705618292544816	0.824763209406979	-2.6600629808428	0.48514862990347
kham1282	-0.0936192466298901	0.759572399355823	-1.79059120293988	1.45342562842581
khan1274	0.340830956061178	0.739215598978337	-0.981333885561595	2.06648087601211
khan1278	0.159287558842521	0.677217583082375	-1.18733888907036	1.62775890647286
khar1287	-0.159230017129347	0.709225701083471	-1.77055809560889	1.20556223195782
khar1288	-0.603727837790366	0.758311825271293	-2.35026795606502	0.621297733832044
khas1269	-0.208644163848754	0.69383906171436	-1.70885522637505	1.11448187182007
khez1235	-0.519009800173978	0.740449342710883	-2.26196659259681	0.696848569291036
khin1240	-0.0283364631441102	0.765397869287655	-1.64551872373269	1.59254784403229
khmu1256	0.43282001378618	0.793278355470124	-0.903025442030826	2.33502566071399
khum1248	-0.102524941728979	0.668646579768531	-1.57126931607225	1.18757545275827
khva1239	-0.0318866445925414	0.736266501367203	-1.63261673490605	1.52775331945793
kich1262	0.428509961451032	0.787524024330973	-0.865491687592102	2.2995009252781
kiku1240	-0.0538072854714839	0.669860552255397	-1.51785905057651	1.27569230062304
kile1243	-0.00215560021762753	0.73910740579718	-1.5444315675372	1.59177435617544
kili1267	-0.200851700747403	0.679376408382073	-1.7161425932486	1.11845739762599
kima1244	0.020123282190108	0.648914908899099	-1.33000386970905	1.38163301122966
kima1246	0.209492921936247	0.73860815509643	-1.2094872428231	1.88720869252881
kimm1245	0.271998963996786	0.727484285160718	-1.0579285656016	1.97028246873762
kina1250	0.166929677071231	0.707717000328935	-1.17176948588388	1.77093606176756
kinn1249	-0.170522498594521	0.743406528539697	-1.80630232157899	1.2175288958514
kiow1266	-0.165490250524297	0.740535898814033	-1.84419960187441	1.24053342368821
kips1239	-0.0742442201591392	0.681691949259784	-1.51619775500242	1.29176153853413
kobo1249	-0.476277725132289	0.693142873842226	-2.07116640804896	0.651027442214573
koda1255	-0.0266806931645502	0.753501328820265	-1.63344386944549	1.59241487729681
koho1244	0.118744475928863	0.70311285256216	-1.29411266467885	1.64833280417542
koir1240	-0.592360856013344	0.761462204259476	-2.34187511436985	0.626868795627517
koit1244	-0.0825179994083523	0.640642442408395	-1.4516938060004	1.22326779121482
koka1244	-0.0395920926262805	0.76541429137291	-1.74329712764058	1.56238068555065
koko1269	-0.165205816523372	0.662090413709549	-1.66765924682403	1.0595163819122
kola1285	0.224258235246839	0.734719747944384	-1.16826082255438	1.90059540002272
kolb1240	-0.576599890745619	0.793362107357151	-2.42519279699181	0.649225436344023
kolc1235	0.281242897822674	0.732307336810602	-1.06758995833857	1.93459711360612
kolp1236	0.0632352517260005	0.643848203407636	-1.23125546279705	1.43334385073039
kolu1245	-0.626330776319755	0.729148358493743	-2.33988246813206	0.472892188738334
komb1274	0.438886489079337	0.722685784745519	-0.783282511085277	2.11938083161983
komc1235	0.091495360706889	0.623104795549546	-1.1623804218449	1.41056992705797
komi1268	-0.010037140038491	0.740697643601259	-1.55495894237507	1.52699762746892
komi1269	-0.0223070550444129	0.759966611755636	-1.65573896667759	1.54310834305104
komi1270	-0.541345056729265	0.763400380885402	-2.31754815974316	0.720400937311545
kona1242	-0.272283822307121	0.691921300064683	-1.82390977864744	0.993186824005828
konk1267	-0.0382185250065678	0.731342666855124	-1.54848619742097	1.44968993950984
kony1248	-0.156117470394302	0.649670516028776	-1.58232161443227	1.1220770512612
koon1244	-0.174824833463026	0.71144597881499	-1.74782620736288	1.20011513973533
koon1245	0.258868121576988	0.739249298974405	-1.12700588475381	1.98495046230566
koor1239	-0.328313224390341	0.765452832421282	-2.07934978776854	1.00924262667941
kora1294	-0.352409917823556	0.692125855904453	-1.90399550833148	0.877265566890722
kore1280	-0.050992288710909	0.745206396465272	-1.68955587181032	1.50630575181301
kork1243	-0.172233633516604	0.74486816147348	-1.79891687774809	1.2995877524891
koro1298	0.015178917747651	0.685019422981878	-1.45248205430927	1.4456150468968
koro1312	0.455786972436477	0.720203920994003	-0.755970043164902	2.15272619442618
koro1313	-0.568557305977413	0.763457953691524	-2.34635141574564	0.663213975006529
korr1238	-0.0141587416829805	0.758966680038529	-1.61023982861785	1.57646841295137
kosa1249	0.0838789102921267	0.647961942683687	-1.25529431509149	1.42552877155267
kosr1238	0.0793645962358578	0.726930769292754	-1.37803089376013	1.68565518649971
kota1263	-0.0441240632322534	0.727173219103098	-1.63198691579944	1.42332365519996
koti1238	-0.24505951459282	0.733842623399304	-1.94404098582078	1.11626640963737
kova1243	-0.332493624859835	0.651833283729995	-1.79859560401404	0.831107970095907
kove1237	0.0249957359998188	0.63569202970745	-1.24388713410309	1.3407856850116
koya1251	-0.0955326630531294	0.754486303709384	-1.75081039559063	1.46090916514099
koyr1240	-0.0185235800348983	0.747414307191343	-1.61232957571425	1.50794668132836
koyr1242	0.00669819003916862	0.736780653080298	-1.55092333982223	1.53028988236589
koys1242	0.21801071654684	0.692551662693475	-1.04529635321061	1.79017547743454
kren1239	-0.173336239310468	0.745278326415436	-1.83544891563544	1.31467468310886
kris1246	0.0576805486137137	0.672656151118776	-1.35693666246965	1.47921607065558
kron1241	-0.0843169728717606	0.731058965082858	-1.67595483449134	1.40425558999186
kryt1240	-0.0278306817221726	0.766450186085641	-1.6432919115169	1.58249320644774
kuan1248	0.176792883668084	0.629704794718338	-0.997229089063291	1.53509759064947
kuii1252	-0.246357145095236	0.733083669021785	-1.9019989763431	1.10353724961924
kuik1246	0.073477013373805	0.678838257485976	-1.26483278904206	1.50596318410845
kuku1273	-0.0437723896832364	0.758338236392715	-1.67375371979575	1.5167289376884
kuku1280	-0.065305368231902	0.729123256877051	-1.61693566745032	1.43652068187638
kulo1237	-0.320109569190935	0.658344935984775	-1.80055268360175	0.872230759207653
kulu1253	-0.716894019528987	0.828258030294848	-2.68422832204333	0.510341700791452
kuma1276	0.110880450269499	0.698246431375329	-1.30185791894971	1.64196390947779
kuma1280	-0.305286891185553	0.641172847447368	-1.75164083893458	0.871636900808158
kumb1268	-0.0151537315847797	0.754373913647159	-1.6175226118296	1.61438488518372
kumz1235	0.306208117011846	0.751581717073271	-1.05816096453567	2.04282150889307
kuna1268	-0.0615909616493826	0.747385918682399	-1.72265974530483	1.41408537044214
kunb1251	-0.029535797850474	0.703677263053913	-1.52832849831376	1.44088394859636
kuni1267	-0.174209068091806	0.624015832478336	-1.5663714829037	1.00777514590429
kunj1245	-0.0403679842102271	0.74425886792987	-1.65972285592631	1.49380656501648
kuot1243	-0.0968942969607114	0.632478821426346	-1.51870045167422	1.15199815340307
kurr1243	-0.014821165282247	0.74455506221185	-1.62739486218372	1.51803451453235
kurt1248	-0.400003490427871	0.752616039718111	-2.15400705010502	0.881773756973437
kusa1251	0.207422571512742	0.675650774563516	-1.05811440538155	1.73387986324075
kusu1250	-0.312411357124737	0.741961010556596	-2.00339105979645	0.99692648831867
kute1248	-0.0230879067257339	0.631738817497269	-1.37134319854001	1.29417807439418
kute1249	0.381424484065283	0.76973195518782	-0.947753305911922	2.16519948521866
kuyy1240	0.151348318051922	0.729845440101975	-1.24126634301409	1.84454230535851
kwai1243	-0.0696732088536352	0.645852075003059	-1.4620404246778	1.26609306464314
kwam1249	0.0461639897285498	0.732740260743601	-1.47744631547118	1.6095047932556
kwam1252	-0.33396371228545	0.666478169834615	-1.86137791067878	0.854699228461803
kwar1239	0.0153593087924134	0.634785731906055	-1.30047125033791	1.35697695204953
kwaz1243	-0.188329721674151	0.73906989899154	-1.82066808240336	1.25817396309416
kweg1241	0.0409404484059	0.721293544073227	-1.46533631686629	1.60675983238672
kwin1241	0.253259042537835	0.743630802132083	-1.1361560480064	1.95862417803853
kwom1262	-0.150390220272222	0.676203336911644	-1.64843128423631	1.14311088848397
kxoe1243	0.112208908668783	0.726238266567862	-1.32022238353478	1.7023592078608
kyer1238	-0.598849854153706	0.776275047943305	-2.40795417139584	0.619684597740211
laal1242	-0.0844413041750279	0.733243948746556	-1.64706368826057	1.4176945656533
labe1239	0.275211841481355	0.659281038689161	-0.916778377597458	1.7764509385062
labo1244	0.149388796129138	0.596316745988538	-1.02695699563548	1.45833052359171
labu1248	0.0500358751815932	0.582915541884751	-1.13705052979876	1.31285897714704
labu1249	-0.105153043389098	0.674341458137162	-1.59736720541477	1.21438380986592
lach1248	0.288246404114609	0.733934264933238	-1.02032841036542	1.97552000529711
lagw1237	0.430226217400797	0.757895786333097	-0.838783090349658	2.25312073884097
lahu1253	0.804169931488064	0.830692763095871	-0.374528106298158	2.74544535710101
laiy1246	0.227235760220388	0.729305981937733	-1.13340110380402	1.89443521125513
lakk1252	-0.0350070448309023	0.746630972253694	-1.65614292203004	1.50697268615946
lala1268	-0.122017787353033	0.621365175442954	-1.46437730023845	1.08723214686658
lama1277	0.33972961442285	0.724416356287279	-0.952757153808091	2.01089734120597
lama1288	0.418851203616546	0.703855702799818	-0.780333892874815	2.03210867628978
lamb1272	-0.0690749319463898	0.690056355870765	-1.54003027416544	1.35900781203273
lamb1273	0.154235571440901	0.722331756527277	-1.246810049466	1.770671979201
lame1260	0.222760619728037	0.627464665905378	-0.96875587331986	1.6136043725568
lamk1238	-0.488696577424837	0.761301111117404	-2.3037019326648	0.756778402551482
lamo1244	-0.0618130615958103	0.619158441669301	-1.39203850727945	1.2237694785241
land1256	-0.41597958763148	0.736214755771699	-2.12747538365548	0.822963020989422
lang1324	0.370698866581722	0.767296066391239	-0.951022855223742	2.16482892260277
laoo1244	0.181498247717938	0.758430359830511	-1.30449088300994	1.87889378546788
lara1258	0.0977666092977666	0.72299246994603	-1.35305445596677	1.62651385606571
lard1243	-0.10460021185402	0.741370901661636	-1.72574443422806	1.38117669048411
lash1243	0.558862626475919	0.769770487222688	-0.671615536876364	2.3701597665607
latv1249	-0.12163715512739	0.730522387132008	-1.7138308957873	1.34443965679656
lauu1247	0.0410059995480871	0.65088147103271	-1.33073971064438	1.46783922568439
lave1248	0.0326845308792284	0.71668022136467	-1.44675618041564	1.57129911396211
lave1249	0.105170125053199	0.695518213355203	-1.32586058971044	1.64308276372889
lavu1241	-0.0464520389617893	0.670026074069147	-1.48602991442233	1.32068698181361
lazz1240	-0.0482984882818407	0.733301884746634	-1.63282276299664	1.49235670093916
lega1249	-0.207948878105978	0.717861176453419	-1.82858813047164	1.14026852443699
lele1267	-0.349644521960483	0.679661090259892	-1.92254009310543	0.853237011644344
lele1270	0.0345213411783353	0.671845709235747	-1.33637851119233	1.51726044845259
lele1276	-0.245162871286463	0.700531042581962	-1.80940222648163	1.09203176891822
lemb1266	-0.574876930593378	0.739665955631953	-2.31677712950404	0.56096610037185
leme1238	-0.116649093311488	0.65548080693313	-1.55570415278065	1.19455136759488
lena1238	-0.32045406772035	0.654859051774498	-1.80575438621572	0.810639505992847
lend1245	0.0917402484989933	0.701722337159997	-1.35705213644839	1.58248803243555
leng1259	0.0138649049805967	0.630654504174639	-1.28126754482311	1.30526864532476
lepc1244	-0.640594644675083	0.801003488559268	-2.55393123327255	0.585192971724805
lese1243	0.155909974303005	0.652829572811005	-1.0740844829495	1.58139559805599
leti1246	0.252815636410291	0.729368507882121	-1.07047364848296	1.94952069941559
lewo1242	0.153487969378393	0.626030769264302	-1.07582754246888	1.47194763798123
lewo1244	0.340597700870847	0.732927646194865	-0.947942285313728	2.06511829531943
lezg1247	-0.0274313335725038	0.754107195738731	-1.63677369457604	1.52404792600122
lian1251	-0.567102434280151	0.762822366762164	-2.35802338756036	0.642888028472255
libi1244	0.386855672038423	0.719206258714529	-0.843530724133869	2.06563261920791
liby1240	0.165549651380144	0.723391898866057	-1.19592203816955	1.76033272698935
lihi1237	-0.0949481715293501	0.669278276906313	-1.55693587507775	1.25020490359249
liji1238	-0.0324290524867887	0.686374561138124	-1.47037578545834	1.41656242552984
lika1243	0.0786502860510686	0.675920845098742	-1.27220033519143	1.52355371466958
liki1240	0.338985001532053	0.701684545806466	-0.911737232946187	1.92550653589172
lill1248	0.220864898242449	0.73983806752687	-1.17071161761779	1.89041694101508
limb1266	-0.691908356183219	0.813121246491481	-2.59916376123278	0.544629489693465
ling1265	0.18742371026416	0.592025962245919	-0.946261136510275	1.54967146488328
lipo1242	0.570628391559615	0.76680959667727	-0.590202947656937	2.43062862282546
lisu1250	0.60570630546284	0.786155054296685	-0.615834907163444	2.45768352233917
lith1251	-0.143602004125925	0.734815930645332	-1.80067486107865	1.28611656412742
lito1235	0.463302154947326	0.754033687510453	-0.762927193729311	2.25412497918895
litz1237	0.159527461965386	0.586290326771618	-0.975230798738305	1.44980010407369
livv1243	-0.0115564580464324	0.76606216502063	-1.63683050450467	1.63216466101265
loba1239	0.284861930541529	0.70384228748563	-0.974610106949105	1.865621756288
logo1259	0.428637611168883	0.742462703292724	-0.812366290583462	2.19527041886945
loka1252	0.395334013071699	0.730087656386642	-0.89251894424988	2.11146167369777
lolo1259	0.556525306499492	0.772933883111545	-0.628476301136169	2.45059826713075
loma1260	0.112397111162531	0.748598238347477	-1.38132595386561	1.81002695651261
lomb1257	0.240876641224333	0.721179188984875	-1.11693314410548	1.85646189921226
long1395	-0.034467740840168	0.639448221938337	-1.40333225368344	1.30810387653137
loni1238	0.0217062758159821	0.67827040137969	-1.39047784998708	1.46523311019825
lote1237	0.174514355325695	0.655459640310591	-1.07766531297148	1.67092269152758
loth1237	-0.463658747906255	0.729478835887705	-2.21016995465297	0.763604301329596
lotu1250	0.124344904531523	0.656175311185661	-1.18680751360457	1.59404077602591
louu1245	-0.0626696975539259	0.649951133630737	-1.48047589054281	1.23657395999646
lowl1260	0.325015026878769	0.741740949093133	-0.999502448860713	2.02849265992409
lowl1265	-0.208743981475756	0.720394567215859	-1.84998620540219	1.12681067000503
lozi1239	0.266258299576872	0.725387132271635	-1.0589070858268	1.95388066982731
luan1263	0.231246449647629	0.731102649174865	-1.1344745544358	1.93435868670134
lubu1243	-0.0133690567301504	0.638869997820457	-1.35829750589655	1.32082657599958
luch1239	-0.270382578676205	0.742138432546271	-1.9779613986532	1.07440829974819
ludi1246	-0.00895137502023501	0.748913991857144	-1.59310671767157	1.54750450093054
lugb1240	0.155286111378172	0.717023082882001	-1.23172605821364	1.74968421561139
lugu1238	0.221284145567168	0.69801788536313	-1.07233329423915	1.82427197791003
lule1254	-0.0092427910660385	0.752223240624989	-1.62153773977791	1.58032840838663
lumb1249	0.159701397973702	0.710108633697655	-1.24270384075464	1.77210325098075
lumu1239	0.00502721350811993	0.715470964834705	-1.49592414207157	1.54902576429738
lund1266	-0.311675453677304	0.721580961050698	-2.0093565263694	0.990913999797791
lund1271	0.191115123139027	0.702460128984498	-1.12492296004264	1.76837064655333
luok1236	0.0486895667004831	0.670162460693655	-1.32527042513356	1.48815336975694
luse1252	-0.0420291288105689	0.668975167562445	-1.47487534729975	1.34084416515756
lush1249	-0.0264595816412357	0.666241519124173	-1.46506262747686	1.34583147624753
lush1252	0.264183786335445	0.740862003220842	-1.11036343151276	1.95826033415275
lusi1240	-0.209522476153852	0.624125436133664	-1.5867270640426	0.969046454973108
luya1241	-0.276140842345469	0.733390936087403	-2.03801312706187	1.06248408691177
maan1238	0.0841267058770609	0.729852444322492	-1.40044658061742	1.66369394317872
maas1239	-0.0183841207104775	0.691380582589281	-1.47394314493366	1.42173394133832
maba1270	0.342309817791001	0.748635106189331	-0.995826740117003	2.05905555760419
maba1277	0.0442082806595317	0.752489022736176	-1.57869755267242	1.64055182913763
mace1250	-0.300823241475843	0.747010363526238	-1.98792386814528	1.04083862154515
mach1267	-0.00726275309265983	0.716775684938026	-1.57856931231982	1.48849626668667
maco1239	-0.210757394422061	0.753038152317411	-1.93656270033569	1.20260992190722
macu1260	-0.258075670172688	0.731391493945909	-1.90251531133463	1.08113460149598
mada1285	-0.0575092147274912	0.635626241225364	-1.41975144183437	1.20716203683686
madi1260	0.399552601352795	0.748467577800188	-0.850298883737824	2.18677787084952
madn1237	-0.0214040766991452	0.71293077972723	-1.5480519111027	1.45519567757454
maee1241	0.0944400866597947	0.577485226012458	-1.05332814570618	1.32143346158972
mafe1237	-0.0293753351873423	0.608712564129675	-1.32932241459088	1.22890312548708
maga1260	-0.203576078206824	0.750135683353519	-1.90688119802102	1.19378397267348
magd1235	-0.00621522058947195	0.699393112768856	-1.52635226569217	1.46535941707461
magu1243	-0.163070415496225	0.62381720581192	-1.56091791882918	1.03014724627161
maib1239	0.437933053565791	0.787292867097801	-0.863475605899272	2.28040735222855
mail1248	-0.29135653912819	0.689818290006062	-1.84862996132073	0.981781592541503
mais1250	-0.413011645531183	0.694164254825044	-2.02310360642725	0.763417855893037
mait1250	-0.519667109216681	0.781649064719961	-2.34616511751382	0.740109440996055
maja1242	-0.0701298117742788	0.708463015456674	-1.61683219082243	1.37669149169911
maka1304	0.25620326776088	0.722351302682529	-1.04746841275792	1.91737297888185
makc1235	0.0780370582110095	0.75083879008114	-1.44438747313699	1.65725745763083
makh1264	-0.219349656013525	0.737382555816853	-1.86511082581704	1.17607271305213
makh1266	0.0271501363321726	0.685435792952517	-1.35907689838404	1.49476826718373
mako1251	-0.247236822599559	0.718963469649276	-1.87631652328639	1.0830380934281
mala1463	-0.0144048168458005	0.734400012742545	-1.57845044794246	1.4932535635456
mala1464	-0.0264341853935973	0.735954784898397	-1.56947856621453	1.49747206497478
mala1479	-0.0498202361922166	0.716382183870971	-1.62972692489398	1.45983679358812
mala1522	-0.0922962527996903	0.745074448926978	-1.73326488016669	1.42390585030636
mala1534	0.158618833074584	0.669212419059426	-1.14412035394211	1.61454803054568
male1284	-0.2154804924394	0.720926851171269	-1.83594465486883	1.1360713712496
male1289	-0.352560865574702	0.647131261044728	-1.80056978357321	0.769676944115882
male1297	-0.0710245209821002	0.750577623729676	-1.71574088502432	1.47992918255227
malg1251	0.432134638403825	0.744920085373012	-0.869537317848126	2.15790118412197
mali1284	0.222485414273727	0.654841473138154	-0.995529614039502	1.73792773109749
mali1285	-0.0385861358732899	0.672522927466565	-1.48626498870713	1.3381366442175
malo1243	0.0066552534737389	0.587153376919581	-1.22336780692816	1.22277632171307
malt1254	-0.32114720064882	0.751038561249567	-2.0842628513031	1.03535797586963
malu1245	0.0708422765527689	0.579362144618919	-1.11285807417094	1.28714505933252
mama1275	0.185923293092434	0.686260265666657	-1.14772185022361	1.75141432412709
mamb1294	-0.0930419312494542	0.643457110870044	-1.45063874746888	1.22987160778971
mamb1306	0.419017581010605	0.737640234051338	-0.796152300690632	2.12431568996125
mamm1241	0.431856234978469	0.790854559200607	-0.81096534877909	2.33108660074403
mamv1243	0.441712048812309	0.774909990611343	-0.854727015202979	2.27120270638789
mana1288	-0.458186959184474	0.764495185181513	-2.29923810759924	0.791268267693319
mana1295	-0.0317450404251457	0.631264486523146	-1.33309183325273	1.29711943163095
mana1298	-0.247822589544569	0.698282233378464	-1.7888796658455	1.00779679272955
mand1415	0.139081842882833	0.693917316112954	-1.215618728411	1.74017376564378
mand1436	0.0610316762833773	0.739687825731358	-1.4030052111468	1.69586183120437
mand1440	-0.0819503103524563	0.655158851199355	-1.5407070456253	1.23288633437564
mang1378	0.564703019061107	0.790930543337872	-0.676254514166618	2.44278891256489
mang1381	-0.302184181317535	0.786229980678667	-2.14123365911295	1.1277215807846
mang1394	-0.145931067589715	0.678930877555845	-1.63329081473966	1.15697242151613
mang1401	0.0375859913802772	0.723198435906705	-1.47865354045889	1.62249672810395
mang1403	0.179862997428558	0.656328542086081	-1.0719565173643	1.70023373382749
mang1404	0.0568387734894917	0.588241022882182	-1.10854780155817	1.33905337836379
mang1405	0.21609745683956	0.752252493957921	-1.23174088599419	1.90710346477091
mani1235	0.511490098320165	0.796361569491889	-0.770425468963075	2.38063648013756
manm1238	0.718790372694427	0.810321783279018	-0.448604459857115	2.63565138558655
mann1248	0.0926172433198176	0.749232673574073	-1.42742875504072	1.76426271650347
mans1260	0.468516749264091	0.802567157445753	-0.881665425752895	2.39736751909249
manu1258	0.0730300728814747	0.707951978193405	-1.31973903688298	1.63606335961707
maon1241	0.070062771748577	0.742493566606212	-1.42997467300781	1.64691433841159
maor1246	0.0496355288396858	0.721938601002006	-1.44818379216597	1.5985861962343
mapo1242	0.0578910976053922	0.582848882114319	-1.11555308540007	1.31055750558651
mapu1245	-0.156448650133123	0.74454777005784	-1.83677362727342	1.32084263164896
maqu1238	-0.265054577991548	0.729134483652678	-2.00215477674699	1.02077085950297
mara1378	-0.0535761616438271	0.731849466004359	-1.60595819848983	1.40861152997695
mara1379	-0.579087961696007	0.759273448368948	-2.37396505470335	0.634109694676028
mara1382	0.065383161312186	0.643255558249773	-1.30916377475629	1.42954601883232
mara1385	-0.254377985195138	0.752776413796682	-1.97506046821604	1.15238703901039
mara1386	0.0684265693406547	0.705298399234792	-1.38736545352658	1.57810044207469
mara1399	0.124118731347408	0.581048878072684	-1.03964290283028	1.36763131838181
mara1404	-0.131033075343232	0.64438587922213	-1.54994949515706	1.12103311014262
marg1253	-0.0383687499209138	0.752774357268883	-1.67137652937861	1.54413366666182
marg1265	0.167142362236511	0.671868820262217	-1.15913471549777	1.63026141956058
mari1414	-0.0348751613673099	0.7598541305923	-1.68170577732985	1.54029221812678
mari1416	-0.530844797395278	0.772338545261708	-2.38197525333073	0.706656426350423
mari1426	-0.158823011625411	0.667152750911541	-1.6444384287519	1.10117842076813
mari1428	-0.559562498006858	0.695484013767624	-2.19520605184298	0.533434465213222
mari1440	-0.134359273604853	0.743807049326456	-1.80559333688302	1.37137645140776
maro1244	0.18373916199915	0.674402937977591	-1.08795107050754	1.73380230198902
mars1254	0.0624848739450788	0.750454408203437	-1.45552045436902	1.68100386645712
mart1255	-0.0165038946111536	0.782271627023524	-1.6625860497841	1.67614565218564
maru1249	0.548788563100977	0.782226121186064	-0.687855576267192	2.36271457933437
maru1252	-0.0900100066833893	0.745482886865728	-1.68507653363733	1.42592714549437
masa1322	-0.115370409680515	0.679160767935281	-1.57461527663554	1.23544888445325
masb1238	-0.0574920401410782	0.670450522965314	-1.4530580824432	1.32752291952426
mask1242	0.223667988428352	0.609020868350418	-0.931474290133099	1.57562171637099
matb1237	-0.231310990589497	0.724653498393493	-1.918957824556	1.1393065447642
mati1250	0.00163272101894442	0.641930132787977	-1.33936953049629	1.32143136532642
mato1252	-0.445973550971205	0.653331161693497	-1.95317698600859	0.634962468572357
mats1244	-0.109620430861868	0.746182701583176	-1.71698625851094	1.37486287078083
matu1259	-0.137934999271642	0.720842899273737	-1.78535147638832	1.2599496919364
matu1261	-0.433240962919956	0.653909363338443	-1.9185559332853	0.648992270965052
maun1240	0.042194628867287	0.725403268795899	-1.51141259100541	1.58414951181624
mauw1238	-0.199028771835942	0.622157360627935	-1.57124112924586	1.00897465083007
maxa1247	-0.177163195535504	0.72970378942174	-1.83038830411449	1.20676090726798
maya1285	0.131066479841784	0.72312800327044	-1.28790151231034	1.74755515726617
mayo1261	0.156240482289953	0.689070650326849	-1.20013621904346	1.69283936767889
mayo1264	-0.182216997831903	0.743174887663464	-1.89275062207759	1.21513282007043
mbaa1245	-0.279233211905401	0.718768275604586	-1.87612679647412	1.048900547321
mban1263	0.342638334264092	0.744772875517724	-0.967128620374876	2.06892873296276
mbay1241	-0.380652808637956	0.705254630941594	-2.00587262824626	0.844724907644313
mboc1235	0.474906521161707	0.736999499730083	-0.731947299973969	2.20777517217242
mbol1247	0.142292484101077	0.71713185015887	-1.25563519572756	1.74810905658126
mbug1242	0.0794895657189326	0.659811409540709	-1.26162750864033	1.47874129379399
mbul1263	-0.30553687125985	0.64763738676828	-1.78961702248013	0.878900881597948
mbya1239	0.291247065972806	0.743043391660485	-1.0565655485545	2.02898248338714
meen1242	-0.085669500663119	0.729855228703494	-1.72897736080649	1.39126768105801
meke1243	-0.133318857025266	0.608740023528367	-1.48589442148172	1.07023066775039
mele1250	-0.382810997903121	0.688327852186821	-1.9821738522013	0.81173233473684
melo1242	-0.168959566938492	0.720838678454756	-1.78057055518845	1.24897268193252
melp1238	-0.491952222374549	0.705604098602368	-2.10382886609762	0.669553655037679
mend1266	0.151721982101617	0.737654157944315	-1.30460620814408	1.8046607101807
mend1268	-0.0176432845884863	0.649597132956269	-1.3833554279454	1.34825643956281
meng1267	0.0977886169077063	0.641376325756889	-1.20107548758483	1.47052723826141
meny1245	-0.0114729631988919	0.631189461342154	-1.34323328171435	1.29462648266689
mera1242	0.00542122747566432	0.650218797058551	-1.35384045799197	1.37714489317848
mere1242	-0.0366212221398334	0.6169229945452	-1.34053572531185	1.22815988267692
meri1244	-0.038444625984033	0.714358856943561	-1.57365859532351	1.43867117345063
meru1245	0.25497856785187	0.73290666822964	-1.11945095795841	1.91676981955913
meta1238	0.357979284340246	0.697814278765423	-0.855809371511709	1.94079569930935
meya1236	0.518091984025372	0.795323063600601	-0.765670993569759	2.42379303606807
mezo1235	0.114944816302423	0.68856022137875	-1.28694056916724	1.62322176649653
mezq1235	0.238421213960828	0.707480301815082	-1.12227607670153	1.84608870104097
mian1256	0.0918293836270277	0.653729807750178	-1.22775490354677	1.50932665195224
mich1245	-0.125513399885072	0.737796500206923	-1.79840881248136	1.35251533656616
midd1327	-0.0188106429642519	0.594900471143875	-1.26001856091979	1.22153719947673
midd1357	-0.0125956890145556	0.752966694424013	-1.56528285465578	1.52971514885712
mids1243	0.135828150251708	0.733636392876309	-1.26506271084394	1.75780545560251
miju1243	0.149581204199809	0.695853008432626	-1.22764787383254	1.71538459071188
mika1239	-0.065141100574693	0.734300891269914	-1.68905615878906	1.44994092917209
mikm1235	-0.168945461707586	0.719690848213725	-1.77999566321188	1.23111957733993
mila1245	-0.0606186473491183	0.694954794054489	-1.5502111495598	1.35805676779412
mina1268	-0.0930059899196552	0.720073487737946	-1.62686660899522	1.38602928822021
mina1276	0.249101907878128	0.656111276217007	-0.949555148343873	1.73726670044771
mini1251	0.141533756238945	0.628284097153358	-1.05548923228238	1.49121310025454
mini1256	-0.196931112679726	0.722563039637155	-1.80211882993034	1.17795458860204
minn1241	0.124874254433742	0.73248472580393	-1.28785135180176	1.76684479160781
miri1266	-0.129003642241267	0.741676009463468	-1.80892944731382	1.32152292393385
misk1235	-0.142138439025044	0.716034288917262	-1.73320555024167	1.27179211129542
mixt1426	0.246208555443205	0.711009277981229	-1.05088181552828	1.8984037244441
miya1259	-0.0783482912050066	0.771481481067928	-1.81136196068248	1.48369577770039
miya1266	0.0375257116758126	0.693464495184014	-1.35096817341423	1.50135924788419
mlab1235	0.0921219699187835	0.719177280129427	-1.38050700220471	1.62133885781564
moch1257	0.366487670460699	0.776476505437463	-0.988027087285373	2.21402992352032
moco1246	0.191216452892433	0.75359222730295	-1.28164860806531	1.91925501226612
mode1248	-0.152470946648289	0.726660941783963	-1.75007455830977	1.26228669872704
moii1235	0.123394043334056	0.701789069963648	-1.26210006211103	1.66239160367438
moke1242	0.0977204574352701	0.718887646394483	-1.32118659354432	1.72416109504346
moki1238	0.112064468715252	0.728666614107354	-1.30370528741439	1.74232737555279
mokl1243	0.137608042798587	0.753779147960248	-1.37995051185776	1.81174685842333
mokp1239	0.493930700029269	0.75878234592575	-0.783394195454124	2.28127897444462
moks1248	0.004702308138986	0.752201233179187	-1.5747884922073	1.58282878293614
mong1338	0.158584425360127	0.72512716614863	-1.25363483676022	1.79202098813299
mono1270	0.34084090536663	0.724280088088755	-0.944313616086527	1.99934388240632
mono1273	-0.455390161033213	0.727211818774931	-2.16340120060158	0.766965759611112
mono1275	-0.189497676565247	0.733576545085376	-1.90813002588441	1.19589370984152
mont1268	0.315281663991469	0.738331363871135	-1.03449752529721	1.99341016871297
monz1249	0.285153184110608	0.729652194889159	-1.06451842584912	1.97380818973236
more1259	0.205949502041787	0.678237808188074	-1.08344714239737	1.67156256653073
mori1268	0.255359747449988	0.725556164817398	-1.11749237328625	1.92536276873233
mori1269	0.247927369669948	0.708760154661781	-1.01807832174941	1.89468638791878
morm1235	0.189006494554262	0.70646362031901	-1.19358930768565	1.74720963739562
moro1287	0.179702161796623	0.720068508179581	-1.19811536804945	1.82719506688002
moro1289	0.0142820096440574	0.694972952170568	-1.43814240058368	1.45547917418211
mort1237	-0.0175430220788097	0.731848598898196	-1.54321224560871	1.5130737627803
mose1249	-0.103691969668658	0.749879326514073	-1.72999324436436	1.40048480991553
motl1237	-0.177546644418257	0.664583849448874	-1.67251615269598	1.10394783038227
motu1246	-0.07299699003678	0.626823878141132	-1.41818347835804	1.18868484324248
mouk1239	-0.169932953599432	0.620016846132173	-1.54055192513841	1.02116159329365
moun1252	-0.198166782769437	0.637371837025833	-1.61032857095199	1.00874205585584
movi1243	0.29360924435621	0.743291329305087	-1.07953673390704	1.95754840526359
mpad1242	0.382239060766537	0.755994480195611	-0.892369421440894	2.18682180299171
mpii1239	-0.102464069938222	0.703614529207464	-1.63351372340046	1.31553864656103
mpot1240	-0.321345051895922	0.76387760196114	-2.08561618299937	1.05326626960413
mpur1239	0.434657825124793	0.801890717593128	-0.893141625607533	2.41448105303405
mual1241	-0.257935405541826	0.725020861829792	-1.94698698041422	1.09083253300806
mudu1239	-0.0380009741795753	0.744380891334509	-1.63383863253115	1.45175163273026
mudu1242	-0.0359648026275552	0.687098456032084	-1.5173829210262	1.36791709244165
mull1237	-0.0114724004017878	0.718911410676194	-1.53145157527513	1.46354260636787
muna1247	0.0964939090903972	0.709479277551067	-1.33882573320118	1.66166415574264
munc1235	0.181785383413527	0.700652504836121	-1.19888273463746	1.77731751708626
mund1320	0.0835178298797962	0.706768285780743	-1.3722156848482	1.62240507483588
mund1325	-0.183343593830171	0.658855271693106	-1.64305066161338	1.06897341100772
mund1328	0.0515727928251941	0.622225149386196	-1.23423259433349	1.39664203825159
mund1330	-0.136937612608894	0.708672347734877	-1.7021697380579	1.24035079731392
murl1244	-0.117424467688837	0.717205535183236	-1.6764440693661	1.31977955094325
murr1258	0.0997377375508969	0.746355891733973	-1.43527611261365	1.75558329673671
muru1266	-0.0260467362314352	0.755977676146154	-1.65553319572096	1.52905797223646
muru1274	-0.145998340744056	0.7431143391241	-1.8382720539242	1.30896705911408
musa1266	-0.536322501192884	0.702614936978612	-2.15199020429195	0.60696509397776
musg1254	0.230349606569979	0.705661127668493	-1.07701270958927	1.84459503162147
muso1238	-0.0408115250280171	0.581065492139147	-1.26453065596467	1.18475735742579
muss1246	0.107089367832749	0.721837569593661	-1.35631898771684	1.75381556286185
muth1236	-0.0313842915252809	0.748388806250761	-1.5927466554206	1.53194190583792
mwag1236	-0.172970991435641	0.661144437805013	-1.68502217265085	1.0901945837511
mwan1247	-0.222785858120483	0.704696816651197	-1.77124620725021	1.1550021877864
mwan1250	0.073068737342925	0.726684369316779	-1.37105804800498	1.66578168948931
mwer1248	-0.189776869132555	0.718627479608968	-1.78773012854891	1.17043114798909
naba1256	-0.0972101439870197	0.578601465564882	-1.33666135612457	1.08893141474521
naka1262	0.136898377446716	0.652144212177631	-1.15205496940393	1.58108356384872
nalc1240	0.231518025682659	0.647639723496867	-1.01862376493099	1.63185643286986
nali1244	-0.0385137965625166	0.622749747944067	-1.35920485993649	1.24500014361689
nama1266	-0.108398174533223	0.703331773103334	-1.67472019732684	1.30688904570571
nama1268	0.0639005223560305	0.635245600960479	-1.25998902633671	1.38408713712532
namb1293	-0.132095311520288	0.704302254057168	-1.74937895813882	1.23252477332876
nami1256	0.0305557856891467	0.631756867927515	-1.31374604292144	1.34640677745815
nana1257	-0.00805447995034638	0.736394547654384	-1.59087379242819	1.53980452821934
nand1266	-0.101863081871583	0.71341551748711	-1.67350656440688	1.32430482931843
nang1262	0.206332924795189	0.728147681123684	-1.14981533488471	1.86570187682127
nant1250	-0.0173739909720125	0.720235840189905	-1.62192548922542	1.49303587970592
nara1262	-0.00801688598678268	0.756217531164829	-1.65392631916796	1.56630587079249
naro1251	0.209333073556429	0.736662450136435	-1.1846599244591	1.89496940923622
nati1244	0.151904123707998	0.596016208965888	-1.00559279918736	1.44242870966848
naue1237	0.319039233093412	0.736843504529993	-0.955984035108207	2.04625102671142
naur1243	0.071652715722717	0.705502914880961	-1.38678112462271	1.56319096977922
nava1243	0.0424182280617845	0.714888270002935	-1.39978191474091	1.54918254986105
nawu1242	0.280709996923165	0.74601551218242	-1.05588400552333	2.01237150347894
ncan1245	-0.0541318901401768	0.612496244472641	-1.36898566221529	1.20505635822292
ndam1239	-0.251362362660116	0.714985177389902	-1.88246232253771	1.04084492487318
ndog1248	0.234410331183021	0.721671509228041	-1.09813830176946	1.91894209052896
ndom1245	0.200267264872333	0.747149428952721	-1.2402065051762	1.89213682479203
ndun1249	0.206237090525937	0.692610216543797	-1.10460394889675	1.7812354366382
nege1240	-0.0761855434036093	0.684606565090995	-1.50344680562721	1.33020197257994
negi1245	-0.0626346712243892	0.774535858968092	-1.73490599165921	1.53117562954144
neha1247	0.135760978279357	0.698073555353207	-1.24057552880835	1.67883019963867
nend1239	-0.482193213775675	0.685167218777425	-2.07665682275663	0.629833150266139
nene1249	-0.0173867791749759	0.75907589929743	-1.66906543730151	1.53927506855591
neng1238	0.0115161450273183	0.703095615055091	-1.44850106391937	1.51027199795519
nenn1238	-0.114962249386236	0.694906051641258	-1.70508311393003	1.23481542915991
nepa1254	-0.613816621528894	0.782502728375716	-2.42895432486315	0.575868323353317
nese1235	0.0672959440203327	0.578544573969376	-1.1092814995365	1.2729649063693
newa1246	-0.635117316510024	0.785941492514812	-2.4420354831897	0.578015096000379
nezp1238	0.055985253739899	0.702125933535201	-1.39928734955638	1.55924226622206
ngaa1240	-0.0186091170748925	0.756636760522539	-1.66154471983216	1.52499363215922
ngab1239	0.0508806802344491	0.69694164538193	-1.40391321854749	1.50796817425657
ngal1292	-0.39684723285248	0.768407263430626	-2.2242070062109	0.89856010624674
ngam1268	-0.403401477728015	0.728404270260473	-2.10327604332438	0.844570878771689
ngan1291	-0.0109892860511874	0.756313334080854	-1.58833566852176	1.51987075786222
ngan1295	-0.331018977163995	0.75374802759635	-2.08730022928828	0.999484386558871
ngar1235	-0.0465891448435562	0.727568613499619	-1.63495005557533	1.41962886110356
ngar1283	-0.0911878227445345	0.745069503373889	-1.71808534031389	1.4302217277888
ngar1284	-0.181406295375199	0.724166419034493	-1.81730623557536	1.20643818480428
ngas1240	-0.143677276098135	0.669265021022894	-1.59241484680331	1.1814020604044
ngba1285	0.415509735585506	0.748178674484872	-0.812091832702618	2.21196518887474
ngeq1245	-0.042604097200347	0.663349882159301	-1.44438794551195	1.34329083353537
ngge1241	-0.141985058089795	0.701283797338856	-1.73300350047314	1.16733912550743
ngit1239	0.223808036757149	0.68580323208282	-1.09301763466841	1.7123736846061
ngom1268	0.337814477920959	0.719216397926807	-0.912499435350593	2.00780362175082
nhan1238	-0.0101727747988548	0.759077161987053	-1.65982390005277	1.57468312824803
nhen1239	0.0902316771501725	0.697107045432399	-1.33549466472352	1.60850475759977
nias1242	-0.335370487452858	0.736871792648376	-2.03055270130927	1.00488623305129
nige1253	-0.0407200528975825	0.710965379916597	-1.55433943984322	1.44441183647396
niha1238	-0.100119713906818	0.727067258064641	-1.6972098027483	1.39000644601893
nila1242	-0.265680464576892	0.719028534837456	-1.93721001728146	1.05218460433923
nisg1240	0.139749301418185	0.739828409777673	-1.31950205377264	1.7699763985389
niua1240	0.0669962475734318	0.713490355468053	-1.37264945187859	1.61067601379682
niva1238	0.164168567626522	0.747101643871541	-1.24340040054581	1.8342387632682
njan1240	-0.190912550578776	0.678292193767816	-1.71471464864092	1.13523732738649
noct1238	-0.0174705967333713	0.656103843605451	-1.37442836388061	1.32700605886712
noku1237	-0.0392221464873507	0.644003520482263	-1.42600444097449	1.28290078801735
noma1260	0.374617100501156	0.700746006126474	-0.820574383437478	2.02249534976892
noma1263	-0.026344064647687	0.702870849044805	-1.54932813780483	1.4311282483878
noon1242	0.10012075122828	0.740313556111565	-1.39686689692059	1.75872401028569
noon1243	-0.0474312660854194	0.617907815666401	-1.36906358149694	1.22545480948632
nopa1235	0.0367359301934359	0.66770056508168	-1.36527029740709	1.50507398247601
nort2671	-0.00153568682300952	0.730370768365835	-1.49758591563621	1.50739197393038
nort2684	0.178932426432957	0.71541166715931	-1.18246212662458	1.78094844471451
nort2690	0.00403058435038558	0.749234917948527	-1.55743456853886	1.62549265871922
nort2697	-0.0118723686546211	0.733650250251	-1.55548316426125	1.50570361316604
nort2702	-0.11740288851286	0.737266175893883	-1.67049458194471	1.36620503276179
nort2722	-0.0956805371839437	0.677756949655347	-1.6038632801675	1.29199535628393
nort2723	0.195213894944087	0.661159777465275	-1.05842852911565	1.69601306367303
nort2732	0.265071358811654	0.729265655407184	-1.10519523640246	1.94252594705863
nort2745	-0.0999714243409879	0.746280139150505	-1.7699144214287	1.35281544210563
nort2747	0.0709547634480041	0.749478994765046	-1.46645762577894	1.65428720853526
nort2774	0.10168282828182	0.701034885389526	-1.3039817521043	1.63734443882011
nort2775	0.0152646801215399	0.704416336825423	-1.45234077481304	1.46286708062971
nort2795	0.0866433083508641	0.690822386891089	-1.31533967292983	1.61706647592107
nort2839	0.293999351876358	0.625833095992847	-0.859712529244803	1.69355498213589
nort2845	0.0555790999901648	0.734711956193465	-1.46467251175623	1.70240545999088
nort2847	-0.321043230600002	0.653809973427397	-1.81059701785703	0.820919171685031
nort2877	-0.184876670206396	0.631657756729694	-1.53849725965029	1.04054833997191
nort2885	-0.344345858777146	0.709554922259846	-2.03330706481421	0.893637663918324
nort2930	0.178917351003499	0.687255912401402	-1.08033882508813	1.70458486163732
nort2938	-0.155192032145685	0.741887406783035	-1.85487967029294	1.27688027350666
nort2942	0.0890680760518877	0.73565899433324	-1.37274372735087	1.72442331614883
nort2954	-0.0650330843397074	0.717013047916868	-1.66661618861633	1.40258263159425
nort2957	0.0579389077326754	0.624350295464398	-1.21423264273112	1.35358997908258
nort2961	-0.198685765740701	0.714661457552033	-1.81354251070999	1.15353847491812
nort2972	-0.102506208563849	0.73765584705309	-1.73448779858149	1.40195296449735
nort2980	-0.103190264638996	0.715970576987976	-1.69082243100027	1.3147256982235
nort2994	0.168376427151221	0.707651369892418	-1.18988806380794	1.79590961524525
nort3047	0.328848325224368	0.691407494876842	-0.89648793804559	1.91747545582572
nort3139	0.246748555148406	0.718716287238888	-1.07617937548238	1.88657702822047
nots1237	-0.110812476312817	0.630230331190227	-1.48499402017916	1.12573204533919
nsen1242	-0.173682976317524	0.720381417751477	-1.81877507269554	1.17672245923863
nucl1235	-0.0745065314372738	0.720067825468132	-1.62264777264999	1.35315722139243
nucl1240	-0.34935456556714	0.682084749747647	-1.88134924994046	0.87277471765932
nucl1301	0.00382588406791604	0.749454292456676	-1.57911438527931	1.59241002149995
nucl1302	-0.00886067359785939	0.720901298924879	-1.53761348650027	1.47519586712135
nucl1305	-0.0263124451913818	0.76922308107417	-1.70325360781136	1.60313117870908
nucl1310	-0.00630670012786477	0.662370552172535	-1.45772495709849	1.34395280882448
nucl1327	-0.0439765523198574	0.743899400261754	-1.62352268833944	1.50260904272142
nucl1347	0.106969840817259	0.713616580937226	-1.32170768374169	1.70341634217667
nucl1417	0.165615615225928	0.67096453649479	-1.12951844947362	1.63567130093924
nucl1458	-0.1195683020896	0.627076906637901	-1.45441421955786	1.14879789068282
nucl1460	0.128166706356465	0.727522907739095	-1.28249248027672	1.77311041513311
nucl1593	-0.0456162647944171	0.629943718481535	-1.36662699942254	1.21583270363623
nucl1594	0.38578764542027	0.760914831476733	-0.917303827139118	2.13354510088996
nucl1595	-0.113450802033169	0.69731150955996	-1.61044347606324	1.2883486615109
nucl1622	0.14309807930885	0.714468587929997	-1.28023678692295	1.71297921207197
nucl1630	-0.23934012876411	0.639494509861238	-1.70681120110791	0.923976280446662
nucl1632	0.143522216553248	0.692148042718384	-1.20819087406858	1.66511859327947
nucl1633	0.152436385234187	0.693501482994729	-1.22786675819656	1.69550835655332
nucl1643	-0.0289850955061469	0.748472748040246	-1.6488418403224	1.52066782996855
nucl1706	-0.258327598489942	0.731370148650359	-1.89749747404953	1.09263252932925
nuer1246	-0.064294932279303	0.689639878375778	-1.59145306851998	1.35814688886501
nukn1238	-0.367913029264761	0.625767198827855	-1.7654299531492	0.740353495998108
nuku1260	-0.423037960774317	0.778954332980248	-2.24450770561327	0.878373781532419
nung1282	0.513258110872238	0.763579063505362	-0.75632260331386	2.28293990542118
nupe1254	0.19876120245735	0.737047096001653	-1.18988159694568	1.85679787561858
nuuc1236	0.141296598169816	0.721300289023256	-1.2842588192529	1.75309964092694
nyah1250	0.140480716423889	0.744553480928321	-1.35055907662496	1.80663422353456
nyak1260	-0.301024344067164	0.711963428144511	-1.94317062534867	0.988629048863153
nyal1254	0.196112071534528	0.721653990821389	-1.17503649867484	1.81935914595779
nyam1285	-0.224939940516021	0.663863574189881	-1.6842195678278	1.03890879074322
nyan1307	0.296993327320952	0.722017571065997	-1.04059390341901	1.97944017053088
nyat1246	-0.309528742983841	0.715763141640116	-1.95602885308304	0.954671004833437
nyig1240	-0.100752984402197	0.742712310955981	-1.70070375280361	1.42206904069166
nyis1236	-0.210147902488423	0.695056086228639	-1.80642322822949	1.11540359861261
nyor1246	0.0364466015324479	0.680478544026907	-1.38247021674606	1.4729401056511
nzad1234	0.20083294446791	0.717752228693855	-1.17551867098239	1.81367979625478
nzak1246	-0.25325053930928	0.711752263455364	-1.85038004170222	1.08169013510057
obok1239	-0.187639188560636	0.697824975800138	-1.79927062106664	1.09185783442984
obom1235	-0.0700272398199189	0.632487060886146	-1.43045209712697	1.20589426754033
occi1239	0.147852887316045	0.717925677683311	-1.27347898129371	1.73019318072471
ofay1240	0.31536202961956	0.748515585401	-0.98950479379427	2.0709791064209
okin1246	-0.0504406219217438	0.756203406940036	-1.73412350785428	1.47938944555081
okoe1238	0.175959371661033	0.708205546558879	-1.1719583634936	1.76778361917139
oksa1245	-0.26773376911329	0.674484374691726	-1.77878117524429	0.988792765036387
oloo1241	0.0698636431368573	0.636536280982308	-1.21511742792949	1.45050788908944
olut1240	0.153081051355077	0.666243084963506	-1.1525330775994	1.62709693706278
omie1241	-0.38761888961371	0.677682981934197	-1.95635438111539	0.787322729891127
onge1236	0.174189754267576	0.756409622505301	-1.25649943288186	1.84851363407963
onon1246	0.16864318522931	0.722472117450015	-1.24808655865219	1.76915781076399
onto1237	0.0287732187372739	0.72136123472572	-1.48672005454424	1.6011390580059
oriy1255	-0.123365472440304	0.744254632128471	-1.80707409987173	1.31014748443747
orma1241	-0.188187454958474	0.722682449272546	-1.79298811656705	1.15925248967795
oroc1248	-0.0220790593931566	0.771765421116609	-1.66242476555486	1.5523824676655
oroh1237	-0.223858997646388	0.661769694370748	-1.65660009134874	1.00200306738199
orok1265	-0.0116423349624127	0.718083051331691	-1.53439869432558	1.44873853183883
orok1266	0.503772155908224	0.752820478750245	-0.681174832169991	2.29573192250859
orok1267	0.1973582541203	0.690220026576463	-1.09986003640734	1.74820768512044
orok1269	-0.407048805020642	0.696851421847762	-2.00968831589099	0.768811142279273
orow1242	-0.11503353708652	0.658415918249037	-1.57003071989597	1.23311261063779
orya1242	0.111042890067809	0.692145680475545	-1.33602861450868	1.62614495766412
otor1240	0.0374604403506295	0.718176027225158	-1.43629319508747	1.56278390018587
otta1242	-0.102957298611822	0.714235680781386	-1.673429263951	1.28987105651232
paaa1242	0.0782875379138704	0.706659466992816	-1.33511930815483	1.64130931838821
paas1238	0.137784410629742	0.715998476855669	-1.28811289739088	1.77973989712392
paco1243	0.0477394338681901	0.712878880354679	-1.41800700452839	1.5683332523803
pagi1243	-0.00308319069173106	0.669871978620907	-1.41034903642071	1.42101211357006
pagu1249	-0.00292847532913849	0.710301437128517	-1.47622175012837	1.49980751155246
pahn1237	0.246391417166411	0.728604837141463	-1.09738605661189	1.93992370104031
pait1244	-0.460994033089734	0.740018590594069	-2.2269632134105	0.750556026859425
pala1344	0.109539916876739	0.731021722881331	-1.32335278398786	1.74518495183647
pali1279	-0.0480709575501776	0.749170017745869	-1.68537450738708	1.54844864742495
pamo1252	0.154549377974558	0.719432959409701	-1.20966627233521	1.7752963461939
pamp1243	-0.369623131388841	0.704024247134796	-1.9630201988804	0.891749568265232
pana1307	-0.143769844699497	0.719227052118806	-1.7273469353913	1.25154676999912
pang1287	-0.415382432900218	0.775052341463585	-2.22008015723509	0.891115331273543
pang1290	-0.702198040217672	0.807389454881875	-2.58019850680391	0.478708838240178
pang1291	0.0477107856707153	0.712022042677021	-1.41527519099983	1.55235576282492
panj1256	-0.0849679628370439	0.730180246670576	-1.64739637670307	1.37306845039933
pano1254	-0.107520663932184	0.718165891004136	-1.67721709290707	1.30823436070393
pany1241	-0.0237746938133761	0.764836096638416	-1.66193849892867	1.53671771682082
papa1238	0.156223398615848	0.672027023411896	-1.16462113541301	1.62468542074885
papa1265	-0.521368058733266	0.718132050529287	-2.16770009220561	0.610987264433504
para1301	0.372027680794351	0.751955911723105	-0.968016518956963	2.11764907777487
para1302	-0.243591371057501	0.67241447765417	-1.76578769427552	1.00585471640444
pare1266	-0.246972460705478	0.71439939845928	-1.85589321196733	1.06728860862781
pare1272	-0.0592162165726166	0.742856172149571	-1.71855765368799	1.48139457250652
pate1247	0.0382952749157204	0.582492536361513	-1.14024344517266	1.30814294936188
patp1243	0.102847694915101	0.628606352193558	-1.17247462911396	1.46792177177439
patt1248	-0.178645194280092	0.746540259810228	-1.83966808563396	1.24663915054992
paul1238	0.109251787523765	0.722043085308967	-1.30734465650093	1.70287383302015
paun1241	-0.0872507309597573	0.712910080829315	-1.58103842119223	1.2985271808697
pawa1255	0.0936683139002322	0.658563242908447	-1.19695781439096	1.56227367059251
pawn1254	-0.183003923768792	0.725601579683462	-1.83670671055293	1.17903221261567
payn1244	-0.457539385578746	0.675990259718056	-2.0091708323028	0.654849984429494
pech1241	-0.16279122178933	0.736200731443183	-1.79562847394908	1.29552830510292
peer1241	-0.616333020914102	0.780051053581499	-2.38929761585742	0.572531926516294
pela1242	0.205455342388933	0.675654838366239	-1.06252265168007	1.7641568184669
pele1245	0.120775471204094	0.647739739827259	-1.17519572541772	1.51977785806377
pemo1248	-0.137219557878237	0.727390756791544	-1.78638777404945	1.30599229611234
pend1242	-0.373281601208042	0.727026876143199	-2.09290515406177	0.894787830529954
peng1244	-0.225799815717013	0.727383944939502	-1.87180516357607	1.14047346451823
peri1253	-0.0235321367638376	0.762306338561773	-1.62868857555608	1.52145599126824
phai1238	0.18711612329606	0.723483159732424	-1.25696279058641	1.7566074089672
phak1238	0.0088481503051567	0.701368758742339	-1.49565478749607	1.47749197517106
phom1236	-0.225966860505821	0.654727052262992	-1.68249185440453	1.01578917272592
pich1237	-0.052398202027319	0.722543812783763	-1.62139037726805	1.41708819421286
pila1245	0.216398575686405	0.739729863089132	-1.18145444169859	1.94663047530876
pile1238	0.201268522194796	0.714557093297081	-1.15413369168112	1.84433534262914
pima1248	-0.185304362395438	0.709042589042791	-1.77151455893969	1.1829192397599
pina1252	-0.549295640665951	0.729347954550935	-2.22033509267708	0.600695220734893
ping1243	0.11177420918902	0.714121161979324	-1.30019159901786	1.72787810111948
pipi1250	0.351976426811601	0.771408475834887	-0.9974467569369	2.1603753487188
pite1240	-0.0155970912253219	0.770094688164277	-1.61778604953978	1.64424557781353
plai1258	-0.0614472375154196	0.723869036333326	-1.61007142504425	1.43161904391564
plat1254	-0.354202150980572	0.756408728886959	-2.12402946453132	0.974375146711981
pnar1238	-0.229689842350923	0.691576994848702	-1.74026933621224	1.10912483336164
pohn1238	0.0824516973175848	0.735421253708768	-1.35830221450449	1.66395474649955
poli1260	-0.0843831459634031	0.74786401118057	-1.74709157934877	1.41107840003167
popt1235	0.33207018747888	0.74321140597453	-0.938679064164233	2.07576343976211
port1283	0.167283483863618	0.713021081387058	-1.18421433013064	1.79164716242224
port1285	0.219592559782698	0.60661036453226	-0.921584630649038	1.56857986132271
pras1239	-0.139718877633284	0.72481370344844	-1.78155137847414	1.26123622954461
psik1239	0.31590292429018	0.673337611462573	-0.877621030670996	1.84183761162994
puka1242	0.0575603996203343	0.752090453036584	-1.47624683310127	1.66256982835799
pula1262	-0.00321545601455301	0.751017070595492	-1.58372452373556	1.57221988747209
pula1263	0.0661244333755721	0.734839399774637	-1.47211006908362	1.66723972855799
pulu1242	0.0800652949952081	0.738943278568243	-1.38161655158811	1.73957563844517
puma1239	-0.719765427530425	0.833059578877969	-2.68751072728764	0.501160409665718
pume1238	-0.12247263174124	0.746289547364338	-1.78330076258878	1.39485130011722
puoc1238	0.283734624665529	0.745995687728001	-1.08717337937041	1.96173895855556
pura1257	0.230766172720532	0.688420208287526	-1.05445661065472	1.80164806416617
pure1242	-0.133407771615531	0.715456190392017	-1.7304501067315	1.27254067311923
puri1258	-0.153054992742973	0.724218161732187	-1.77243600696816	1.25756460952442
puyu1239	-0.304776005335806	0.692766630705706	-1.89977251184279	0.947732135803173
qanj1241	0.292389665017111	0.738881195610824	-1.04685828880588	2.00052041924859
qaqe1238	0.0282479320287197	0.641419377500698	-1.30455012600706	1.3669331131254
qaua1234	0.124857242740122	0.752524282426458	-1.35268646283016	1.76495058235756
qawa1238	0.225173526981027	0.740215843777414	-1.17387609842609	1.90941885519515
qima1242	-0.131778799634013	0.737328628167317	-1.79806933746441	1.33470936615895
quer1236	0.186029675670002	0.717837867865282	-1.20751020955663	1.81960490871445
quio1240	0.127079233148308	0.694606542265102	-1.22182533897689	1.67026528190736
rabh1238	-0.366726648757703	0.732289191628123	-2.04756213840693	0.891788924408132
rade1240	0.153836321768323	0.707752305783333	-1.21894042988996	1.73566602633897
raji1240	-0.173500377110031	0.724265239230822	-1.76929813092676	1.22202128007141
rama1270	0.00058784368068521	0.741224442509092	-1.53467858217751	1.57167906567943
ramo1244	0.216358173516719	0.630218582346352	-0.963277235027398	1.63160900928089
rapa1244	0.0450888152687274	0.727339997821796	-1.49338054921538	1.57046205730508
rapa1245	0.0492484256563528	0.729816511111566	-1.4318463458118	1.66043351012976
rapo1238	-0.296120717198799	0.660131841005391	-1.7619675033074	0.931891218427831
raro1241	0.0558106561198966	0.721126298797277	-1.41381767369853	1.58075237232217
rata1244	-0.336640061006379	0.785538146652822	-2.16492146362005	1.04915435696516
rawa1267	-0.350264019984197	0.62950538296526	-1.83487341415275	0.750951751849258
reja1241	0.206417454731751	0.7380857785898	-1.22002314107521	1.90068627359198
remb1250	0.259125666618867	0.727583444172767	-1.07384559984671	1.91171349195042
remo1247	-0.236227855180345	0.696809272900952	-1.81098791102497	1.10271455008212
reng1252	0.205988511525677	0.711003846363538	-1.16212766273913	1.84775607235176
renn1242	0.0501349971812598	0.732884185011547	-1.42404990983388	1.59618641512201
rere1240	0.223967848045997	0.602229882649986	-0.925817681824587	1.57418622505574
resi1247	-0.201012187656666	0.748269335716229	-1.91783302843284	1.19938118678364
reye1240	-0.0226146314501281	0.742318240134297	-1.62233599690196	1.49736891377576
rian1263	0.23433788254842	0.749936783421751	-1.16032991301531	1.94598382704808
rikb1245	-0.211362269506074	0.740703708612543	-1.86330453616163	1.16242517940188
rita1239	-0.227016239798996	0.75790255140157	-1.99444019423074	1.23925298113498
roma1326	0.227962197007841	0.7166356419885	-1.14772131972158	1.84848015559693
romb1245	-0.164397757106129	0.688691186504306	-1.66637045998502	1.18870382156653
rong1264	-0.0331465467159446	0.70030134554187	-1.53963931790365	1.40857475561978
rong1266	-0.59863982708515	0.763652777727188	-2.39666028093628	0.581986626309806
ronn1241	-0.173564370711125	0.656982849824319	-1.61690002381433	1.09694165172806
roto1249	-0.481875930315692	0.707767297289159	-2.10364604165817	0.646453546823081
rotu1241	0.0710886795547616	0.744007424851013	-1.43521152338475	1.75964276541996
rovi1238	0.246908717988275	0.67237307220397	-0.966498706341769	1.78451374031427
ruch1235	0.203425238425172	0.734417976864332	-1.2644649507458	1.76371129316997
ruka1240	-0.258621514050346	0.680977767794069	-1.81289522033132	1.02579791251247
ruma1248	0.158192022888092	0.685844570700024	-1.1785735101417	1.72844637685415
rung1258	0.151965218104636	0.7426877732796	-1.3194805663136	1.79794894754636
rung1259	0.0588930398294859	0.670513345016421	-1.30024089928908	1.49322245696706
russ1263	-0.0931889853076346	0.741592378235007	-1.76568194974203	1.3593412461406
russ1264	-0.0224510241612906	0.731498348794734	-1.59927315457458	1.49452097163386
rutu1240	-0.0296981527788304	0.74155522441152	-1.6152680858255	1.54800141745413
saaa1240	-0.254527819681658	0.662277731958608	-1.75034082365059	0.951690677210665
saaa1241	0.264384749983455	0.637678925098194	-0.952573735082776	1.68101153514553
saar1237	-0.215246763299138	0.635226753948823	-1.59779927686338	1.01806573095669
saba1267	0.0117420368678131	0.663737324905637	-1.36968123139374	1.39360393770148
saba1268	-0.238037194615338	0.767016056978347	-1.98615992173091	1.23219185518866
sabu1255	0.207109565365229	0.749972119529138	-1.20869762046918	1.91349385920115
saga1262	-0.236395143784209	0.693214237665469	-1.80615551886342	1.06971121194314
sais1237	-0.515184814974221	0.756163141594475	-2.29366451248578	0.734804654664718
saka1289	-0.106926091413997	0.632063727739619	-1.4932079877692	1.16549265227135
saka1291	0.0936604449872461	0.712211338196654	-1.29995924668589	1.666779219902
saki1247	-0.533735140040359	0.745365783695318	-2.33546609067579	0.664758857218613
salt1242	-0.0926892122914603	0.631359218042079	-1.41818612949554	1.17605789854008
samb1305	-0.441688282366094	0.699286669570933	-2.02865627116879	0.756852768185022
samo1305	0.0700479709338849	0.714323928941309	-1.38494939577707	1.65561423193083
sana1295	0.0907432174154349	0.720283589299903	-1.36012487312152	1.69158780160987
sanb1242	-0.0520256595017544	0.729449306008237	-1.58769804265602	1.43150560905179
sand1278	0.311389480361174	0.746510822524316	-1.01939792641075	2.0167278466952
sang1321	-0.428215559456184	0.709358485793172	-2.06729259856372	0.790418058169712
sang1330	-0.359092335235713	0.748624836219023	-2.09860656905461	0.934805930136323
sang1331	-0.340375779161567	0.736095449726413	-2.05275770143662	0.994151519605201
sanj1284	0.106123738297232	0.677405728316492	-1.19989905937568	1.56492037459253
sanm1289	-0.0717919154666827	0.731897074387668	-1.65192958611134	1.41408249916834
sanm1295	-0.00339123677215351	0.684755633572989	-1.45715568994967	1.43992052268426
sanm1301	0.131157524709664	0.698515048234483	-1.22893188736121	1.69042036571501
sant1410	-0.424912762835391	0.773201177960495	-2.21071481167327	0.879102592936609
sant1436	0.0236356155873631	0.671259591928852	-1.34521987155395	1.42808244456268
sant1451	0.290564042149869	0.723609840345881	-1.00966994023473	2.00851652545336
sanu1240	-0.262144146200947	0.72209672096721	-1.94887388418283	1.05853115086648
sapo1253	-0.207109452543187	0.653505835357506	-1.61709826270798	1.06652064893697
sapu1248	-0.0024276629519865	0.670906162871479	-1.40806045833921	1.40999994060601
sara1321	0.165385287802841	0.718328034362044	-1.23461746674041	1.78179017735627
sara1327	-0.297601186809342	0.703224890714113	-1.92007607184284	0.954738084002004
sars1236	0.196370546585316	0.733446792012417	-1.19264984105545	1.91405323080328
sasa1249	0.091183659132342	0.740243113009162	-1.38750139007567	1.7511135303559
sata1237	0.0794901232866851	0.733365444842143	-1.38614028846756	1.73618896639922
sauk1252	-0.224910201199845	0.596995119206623	-1.55148677592902	0.931407001182363
saur1249	-0.380733686151766	0.779161126089514	-2.23324186974011	0.982737978811502
savo1255	0.00518679623128692	0.644364533104089	-1.30025820609316	1.39050745010167
seda1262	0.213326260968548	0.706756379886674	-1.1046833879068	1.86627261515085
seim1238	0.128748190443326	0.720551811686123	-1.29646776304799	1.69214303361587
seke1241	0.247491853113457	0.634884701416483	-0.981276995097865	1.65591609713353
sela1259	0.111195799988232	0.730298039627133	-1.37301624573845	1.71823536860904
sela1260	0.226285160894373	0.736050411353581	-1.11217079672128	1.97307020187079
sele1249	0.310691195129739	0.736227233373876	-0.984707738782265	2.03137843360659
sele1250	-0.249641447349418	0.600947114958675	-1.5641726636815	0.883246699217407
selk1253	-0.00887238624813355	0.742850011426786	-1.62601725835262	1.53545366587686
sema1265	-0.0492546767778047	0.71734895177193	-1.55561471664319	1.47398560523666
sema1266	-0.116195551504096	0.679788201083117	-1.59804859722816	1.25537296015231
seme1247	-0.188501929371253	0.697448176241007	-1.75905252994425	1.20567298688306
sene1264	-0.00203288590738953	0.715349065270446	-1.50871275803749	1.50167292321345
seng1281	0.101269149645846	0.656648019928282	-1.20453835915441	1.55162516492572
seri1257	0.218979658239913	0.733116698231996	-1.12229554250145	1.91600102082343
seve1240	-0.188548618142025	0.74811109637391	-1.91759956659555	1.2288721807063
shab1252	-0.109851127224738	0.720680941824918	-1.72245023996309	1.28881742241577
sham1280	-0.318001746592348	0.690003048209063	-1.85957155185687	0.902897544598061
shan1283	-0.0738929831048688	0.725334503179451	-1.63958753364242	1.38244698315484
shaw1249	-0.123912594196706	0.734682560512369	-1.74850604408972	1.30416945442501
shee1238	0.0640409084851355	0.744702381938848	-1.45468491163677	1.71274790569183
shil1265	0.225171778072535	0.731431596240041	-1.1678201756363	1.92862020706196
ship1254	-0.116142014027176	0.746846749844596	-1.72421071547328	1.38828250494856
shix1238	0.20059455398129	0.668480472574292	-1.07367868712957	1.65021951155796
shol1240	-0.0414361840552924	0.728132507221553	-1.58570036476829	1.48451954326106
shon1251	0.231550089820307	0.73525740109202	-1.150922762415	1.87131784005978
shor1247	0.00534349101202396	0.729000037064417	-1.53396995491523	1.54335277559174
shos1248	-0.0672751759607326	0.736462154584717	-1.71021133724214	1.43145544883183
shua1257	-0.0867794369227721	0.729973413143995	-1.69596216521483	1.40956276073111
shwe1236	0.183041853436617	0.677326392394981	-1.13033261955286	1.7211726542963
siam1242	0.201194015229027	0.714214349447044	-1.16038518766585	1.81880630678199
siar1238	0.273715083648601	0.677745277053287	-0.971300404294133	1.8436824740922
siaw1243	-0.00654833594329515	0.64768396416969	-1.39801194151448	1.32690238956089
sich1238	0.208148945822901	0.690700841482313	-1.10111960601439	1.79118011719037
sici1248	0.0558674070135824	0.721979474909264	-1.41448308262725	1.63485651944539
sici1249	0.202318345508678	0.722112768767044	-1.17404608948648	1.80404855443196
sida1246	-0.333234422906438	0.740463770284522	-2.05307574799499	0.94902639191518
siee1239	-0.376141986071127	0.698137487722981	-1.95721991919191	0.776905583487237
sier1248	0.0760578710016965	0.684328691545173	-1.34405673221482	1.53784925079698
sier1250	0.117122669613327	0.69450270039059	-1.2487319984103	1.65663835262748
sika1261	-0.00930462595559663	0.723568319924312	-1.52462848479779	1.57674418612826
siks1238	0.409580000831543	0.762595282389955	-0.910975443412556	2.20603621172436
siku1242	0.0832090655762142	0.731414687128228	-1.39148083680894	1.65398809863266
sile1255	-0.476007116405252	0.685598315742016	-2.0928438933082	0.65641100865848
sina1266	-0.209339867822967	0.632247451518483	-1.63818503476174	0.976675468591999
sing1264	-0.00535075123391794	0.66604174420992	-1.39498366527056	1.32891366739444
sioo1240	-0.25193055778238	0.603478512251341	-1.59244863017771	0.850453982628304
siro1249	-0.452250387628265	0.653747683761679	-1.99020325809137	0.632320415583522
sisi1250	-0.0828268374657291	0.688043566044988	-1.52508558847079	1.283198988416
situ1238	-0.288779555291843	0.699248396885628	-1.88824735944029	1.03645736492474
siwa1245	-0.565840918002108	0.746481566165467	-2.27511592884699	0.623763031672829
siwi1239	-0.246394523107691	0.731498367152264	-1.97444974562278	1.10119777545814
skol1241	-0.00927065599213192	0.750612103755193	-1.62036469834776	1.56504942661324
slov1268	-0.0726646866660406	0.736814661718606	-1.68999979082531	1.39522388449029
sobe1238	-0.0411935991302967	0.69108621780807	-1.52962359207487	1.36466435526758
soch1239	0.127628912344659	0.686260130244778	-1.2212449474514	1.63445357077733
soga1242	0.256879047629308	0.71434297033458	-1.05841972081697	1.91039915000452
soli1239	-0.168509306803555	0.725522869972401	-1.84301989844377	1.23200433744383
soni1259	0.0487771756009502	0.748385802283039	-1.47820908865754	1.68588087526859
sons1242	0.0641671875333483	0.720587670194021	-1.42496058691169	1.63162897795611
sooo1254	0.216232086664454	0.733309555741154	-1.16529702805155	1.88647179328362
sooo1256	0.00997879789565686	0.739632236060102	-1.56743976191606	1.58695070586244
sout1528	-0.0990872791343342	0.724706064487049	-1.70766569932362	1.30911337931227
sout2649	-0.140993765738218	0.733788311136204	-1.80191658650936	1.27508519018685
sout2674	0.000539904118594603	0.741873594791458	-1.52782292669846	1.54910883901781
sout2679	-0.0528448849477014	0.751646641431219	-1.69529952307361	1.47107369137385
sout2715	-0.593711288264787	0.783659332911414	-2.46289013799164	0.61161206605936
sout2728	-0.263802684375856	0.697153574486232	-1.89151721511474	1.01694104624136
sout2729	0.367222272403111	0.716976060057606	-0.875339498962043	2.03394532602131
sout2730	0.638842148329935	0.819176101482871	-0.609432753358109	2.58868730643716
sout2741	0.0539305607916846	0.736868781939275	-1.45384261579787	1.65360153430927
sout2782	-0.080292979101673	0.655323759103801	-1.4588473299281	1.23815347155693
sout2807	-0.13533856645338	0.72642038653992	-1.76887574498311	1.26277550077657
sout2826	0.118025866895572	0.711491244716161	-1.26743425858189	1.70125825511692
sout2856	-0.390600477021417	0.694943267401876	-2.01459058667118	0.794134886467135
sout2857	0.139358914032259	0.598994905804482	-1.03090747023972	1.43205922944403
sout2859	0.290250774162441	0.629038868401441	-0.899395843825876	1.71896312841418
sout2869	-0.331808124874718	0.662682213572199	-1.83423044686383	0.847252889150947
sout2895	0.100704275957293	0.719994711651207	-1.35339228004521	1.67213795265591
sout2896	0.403831013336823	0.73510549206322	-0.827251876092225	2.1392876818495
sout2912	-0.396983243752375	0.75649025520202	-2.15343081381783	0.892709868484662
sout2918	0.17916456589907	0.706857148685137	-1.23323070278302	1.75366771422068
sout2949	0.121589877115096	0.715428173810857	-1.28272702175524	1.68942594915687
sout2954	-0.0267594912588092	0.735027822653615	-1.54045580262619	1.53654469493939
sout2956	-0.180719508707278	0.727426929424884	-1.75859073920356	1.21274901064011
sout2959	0.112655783814983	0.731510344034609	-1.33288643683745	1.73329553231763
sout2976	-0.24550876957973	0.720124932485651	-1.88470584219589	1.11763399772107
sout2985	-0.165367428451157	0.707052291594305	-1.72004613962209	1.20999747518912
sout2994	-0.146151493164802	0.757721441541377	-1.82925474377909	1.35112446912743
sout2996	-0.0979516688667324	0.718982761917663	-1.64800588077033	1.32443133080183
sout3236	-0.177494932046905	0.740446975272829	-1.80646425198004	1.26679677004549
sout3261	-0.0278529134127982	0.754626286476704	-1.6336361768952	1.54648734060883
stan1289	0.146590811812948	0.723166492192718	-1.29656041595558	1.77286202431548
stan1290	0.16473877495515	0.748207061898353	-1.27855584591796	1.81506750110323
stan1293	0.270541183031248	0.734992654029625	-1.07052221887364	1.96823731310555
stan1306	0.011307380741868	0.690624760453604	-1.38691747673665	1.5074078580716
stan1318	-0.356251398005057	0.750553414043249	-2.06635909630331	0.955639098327111
suab1238	0.327052722344663	0.769387329209804	-1.0343663067528	2.13744034305961
suba1238	0.112639995725949	0.684711810203144	-1.23694496992373	1.60916688185798
sude1239	-0.00128100697697895	0.731398053781051	-1.51852283303129	1.53754091739736
suen1241	-0.0836924390952221	0.628343443974521	-1.45310728151771	1.19222426019277
suku1272	0.378528233018507	0.692526071247522	-0.82774333448757	1.96719229227223
sulk1246	0.1176275682834	0.643265431009018	-1.17471056791903	1.53816025846631
sumi1235	-0.425290689958243	0.709135468599958	-2.07957049883998	0.796923179184941
sund1252	0.0117184927080123	0.716219094323687	-1.48182102048885	1.54559094381792
sunw1242	-0.70618309734228	0.820053111218368	-2.6710973916214	0.516695188838101
supy1237	0.150049553761716	0.725726565698631	-1.23203202307735	1.84296406412794
surg1248	-0.016919532082833	0.760410893918596	-1.66548372815498	1.59954669134653
surs1246	0.196579496557466	0.659397447887199	-1.06567162837816	1.69572735958105
susu1250	-0.160247579388308	0.718961879773468	-1.74621731037491	1.28797928852867
swah1253	0.130621396411459	0.678972527153903	-1.1863782472455	1.62183999119533
swed1254	0.24593338535643	0.726080443497106	-1.08335320162027	1.88834417238899
taba1263	0.0252616524686111	0.712850624028748	-1.43822193717588	1.54952273065227
tabo1241	0.138248985009876	0.728155891763117	-1.23850679937178	1.77435908760231
taga1270	-0.297780728859725	0.72307767055059	-1.97528953437325	1.02179495440783
taga1272	-0.14314475331466	0.635507932462717	-1.52305516725192	1.07916549595314
taga1273	0.140036218615523	0.710342421999461	-1.27851874504799	1.70617992685503
tagi1241	-0.145842419697306	0.683769694656364	-1.64484705060006	1.19901656068029
tagw1240	0.157471381078423	0.7268708296263	-1.24933210196905	1.80981080089356
taha1241	-0.229068857750785	0.728332132648525	-1.8859611757461	1.1609948102717
tahi1242	0.0417005014130694	0.733810920501522	-1.48023492951176	1.65993927275843
taia1239	-0.122564603462696	0.652925820800283	-1.55234891097845	1.1842183255968
tain1253	0.0707652165272312	0.66011393609701	-1.29481721609007	1.52691521561077
taji1246	-0.295533832210026	0.711802186103698	-1.94614238862197	0.993690152886029
taki1248	-0.276874896881887	0.634388759656953	-1.69149819915209	0.896918568077104
taku1257	-0.0409614223145218	0.728319956252019	-1.5872634003572	1.46531997250089
tali1259	0.0400287642771219	0.643316587047272	-1.29473030238411	1.42777344663243
tama1331	-0.0350986923299661	0.752584926068379	-1.63718079765639	1.52297030506078
tama1365	-0.0253917250969383	0.691900017749309	-1.50432363968229	1.40207591183807
tamb1254	0.0948616102993796	0.653104689695562	-1.26242700581567	1.52336936234665
tami1289	-0.0251213342199466	0.746979315778962	-1.6155932503208	1.59815222002079
tami1290	0.0885579149453022	0.6367514268802	-1.1416351236982	1.50255183021765
tane1237	0.201803578248069	0.703501739877618	-1.10448933512529	1.78512420605303
tang1336	-0.57960123107336	0.766915496843739	-2.34270063202499	0.630636878696207
tang1347	0.00333937818566031	0.606041459154085	-1.23164037652315	1.26390480022936
tang1348	0.198675057902144	0.681710728623901	-1.04984096325292	1.74134781581999
tang1373	-0.215182112642809	0.717339548384444	-1.86107040481451	1.14809225255718
tang1377	-0.0265117897634193	0.691771873926682	-1.49613126669636	1.41713638380779
tara1313	-0.543597061075577	0.778515042112295	-2.4053433883258	0.707229574823035
tari1256	-0.27479687326671	0.714689647018164	-1.94008681914657	1.04701925907459
tari1263	-0.151113314452999	0.726345972247492	-1.80328560116901	1.26454447856772
taro1264	-0.488083718140206	0.718255316870851	-2.19253559842026	0.729081000788949
tata1255	-0.0167504498566002	0.739607250605323	-1.59853501624457	1.51956017260348
tata1257	-0.0198239179961008	0.662467925700356	-1.43409409654209	1.3497648592807
tata1258	0.0217491426689608	0.668644244940356	-1.340518567235	1.47451349946309
taul1251	0.184036053732617	0.638149863735517	-1.00351199844897	1.56864938549125
taus1251	0.184177827149332	0.710932697140468	-1.18324137786108	1.74474699918048
taus1253	-0.0788606818547478	0.733635446287157	-1.7136229746638	1.41263793011007
tauy1241	-0.416761772870382	0.652387614629248	-1.91380072940119	0.680372953821558
tawa1275	-0.402196416235194	0.685301212691828	-2.04608525929857	0.782052372518191
tawa1286	0.245668717675113	0.734724868331537	-1.13866449169634	1.93045372438805
tbol1240	-0.187152816252484	0.658073584161364	-1.66448816843944	1.07245655218621
tean1237	0.207385104345552	0.704024667027543	-1.11240847522155	1.82849781603124
teda1241	-0.195536521423437	0.743862956006356	-1.84019452927289	1.24523618494343
tedi1235	-0.347508312714139	0.729939029332461	-2.04550521949047	0.91618461376936
tega1236	0.0754545702824802	0.742590358264709	-1.4096838239683	1.77312192119394
tehu1242	0.20424342818799	0.748221032380974	-1.21171689504099	1.87886680797734
teiw1235	0.446648318300428	0.751448298375907	-0.800646967649472	2.21298789237566
teke1275	0.203810408954587	0.735285100094171	-1.21913094279577	1.86231216886807
tekt1235	0.372410005544315	0.776394159290988	-0.955050989759445	2.22419836051362
tele1256	-0.0326021926698578	0.648851444763412	-1.42425705881213	1.30139938564756
telu1262	-0.0228947001196788	0.749378754122611	-1.60517115875671	1.50562448054375
tema1239	0.134371777973836	0.683017706383049	-1.20822678921326	1.60162114075624
temb1272	0.396352195632203	0.749879316072023	-0.875459005341311	2.08837653825989
temi1246	-0.401614631064582	0.728968607297233	-2.08631542311197	0.875516731022984
temo1245	0.177391507291627	0.672401645291748	-1.14145980388046	1.66149065449756
temp1235	0.107625411386431	0.651990994068658	-1.17988527991133	1.52221218297783
tene1248	-0.119482368200758	0.743209863561062	-1.76021126300376	1.35895210713431
teng1272	0.137335562074589	0.721812739622639	-1.2788116565892	1.75396610141786
tenn1246	0.0754722304330561	0.700280172731585	-1.32472287798596	1.57068489880364
teop1238	-0.307713876654426	0.664489279366239	-1.83279248640808	0.907126742804811
tera1251	0.0467909208936848	0.687158947256969	-1.34649669405878	1.5549623949024
tere1278	-0.541048766431938	0.755349794795208	-2.31031032477686	0.686562807931159
tere1279	0.404178896475679	0.755024974506898	-0.906421726459448	2.19952427104264
teri1250	-0.0674961195174639	0.703901439001961	-1.57655408609566	1.37681691894198
term1237	0.222167129902494	0.72495545804274	-1.13075011866904	1.82407011773381
tern1247	0.0628158277721283	0.694546550834974	-1.34277084217569	1.54749347348748
tete1251	0.17790713299314	0.671042128676002	-1.13682771999396	1.64512886947253
tetu1245	0.421833775551968	0.737273469912244	-0.799871274416874	2.12775582912062
tezo1238	0.0523373681413129	0.692175420938659	-1.33166566497073	1.50828256678454
thad1238	-0.484549391787803	0.749009151210703	-2.26372828288435	0.7155101145071
thai1261	0.218997147221531	0.74648612765171	-1.18769061723853	1.94211779042071
thak1245	-0.418516415206283	0.752928155890317	-2.19758158774054	0.851290563919159
than1259	-0.485525394819502	0.776714306490297	-2.26608750241433	0.823129375319802
thao1240	-0.321410524981293	0.661520945324536	-1.81303602503149	0.900698960778959
thay1249	-0.0520609528672627	0.731336565603804	-1.64210564862006	1.50137205768964
thul1246	-0.675250584666534	0.817473462376742	-2.58749898559454	0.557283186281393
tibe1272	-0.342156287887645	0.75706153382229	-2.12036513549455	0.969823146173361
ticu1245	-0.16470160563226	0.736836790211227	-1.77815495010306	1.26540910967085
tido1248	0.132566790212731	0.700093804905487	-1.22428676851175	1.65488570261668
tief1242	0.15510204177064	0.695339858451839	-1.18722022294764	1.68987505968839
tief1244	0.133560337238826	0.690018906662418	-1.21891823910803	1.65956338265244
tien1242	0.222045713616665	0.722444953461231	-1.12218103391979	1.85900377508994
tiga1245	0.0663340822574015	0.652092848497061	-1.24583628735745	1.48950678383862
tigo1236	-0.259332764855067	0.645905814092411	-1.7269088212251	0.898003631816144
tika1246	0.00609189200359415	0.675372337472425	-1.3567864622717	1.41633917952377
tiko1237	0.0465893300220676	0.716679536973409	-1.46203612151391	1.61214768222969
timn1235	0.167132166773947	0.734549188078673	-1.27174524022152	1.78657837938407
tina1248	-0.676886942315184	0.803571893959513	-2.55266801238902	0.550932197911437
tira1254	0.0538286245014015	0.719583559143608	-1.41229674057389	1.63497191998804
tiri1258	-0.146972093868511	0.665549808647442	-1.63140283221219	1.15502314619766
tiru1241	-0.260438295054024	0.663267774343329	-1.79554498366667	0.897241875067724
tita1241	0.0227278636709805	0.666212062015542	-1.35757942749692	1.42930235346693
tivv1240	0.264066864194148	0.684513648112794	-0.972774432531451	1.80136259182107
tiwi1244	0.167235776260483	0.7605843504863	-1.32072414332612	1.85906549661546
toab1237	0.0706451745010867	0.664035608339508	-1.30040888715644	1.50016468166946
toar1246	-0.0111115968675536	0.627765183066317	-1.34661214490183	1.31239398431614
toba1268	0.274981018460843	0.767231445698762	-1.12670009335839	2.01453043842964
tobe1252	0.035452222889216	0.719325965874305	-1.43556310839869	1.59255193243726
toda1252	-0.0441432006925613	0.72559427710172	-1.63739927576605	1.43201828415584
toho1245	0.310660271865774	0.758641260950875	-1.03438933371545	2.07382521991185
tojo1241	0.0438925670228982	0.694519306864948	-1.32615110348523	1.52002389343283
toke1240	-0.448473805614972	0.788450006261213	-2.31098431014582	0.854893155180686
toll1241	-0.180344536638115	0.738464968587031	-1.81362206033759	1.21744053049269
tolo1255	-0.0380657690081897	0.620744274769064	-1.35041601001927	1.21743319431036
toma1245	0.0919775481924345	0.742088112860827	-1.43179548871489	1.74541711962943
tomb1244	-0.0051194900020277	0.662226212965725	-1.44234463722343	1.37179340592014
tomm1242	-0.130464537922586	0.723897898479734	-1.73665099358289	1.3129645974037
tond1249	-0.0749734466338061	0.730651683503231	-1.65943204440905	1.43172260079772
tong1308	0.081646761349085	0.720136090559305	-1.39642472837129	1.66283020035433
tong1318	-0.116064320376495	0.751824238543364	-1.81430328150691	1.35355282345609
tong1325	0.0638898737576129	0.734204504476922	-1.38592705048511	1.65405065695843
tora1259	-0.595872510286851	0.745142977924295	-2.3004915724438	0.564388950656821
tosk1239	-0.294091979110162	0.736644129644473	-1.94047658217813	1.05110202344639
toto1302	-0.595284920435717	0.806128724455422	-2.50743139276811	0.667024210698993
touo1238	0.274785310965712	0.684950452313398	-0.965542946913112	1.88284162736344
trio1238	0.267269524682996	0.73138560607388	-1.07756490212498	1.94413998490316
trum1247	-0.0210212337128331	0.685936271692237	-1.46319529736579	1.37117434503861
tsam1247	-0.175829087381868	0.719123874301292	-1.76555307259678	1.19989065572504
tsat1238	0.0881507925459385	0.719427389189381	-1.35923400226913	1.66597940353745
tsha1245	-0.350513623374019	0.718129311848889	-2.01440751173785	0.909718812132615
tsis1238	0.22870888206993	0.727455437081014	-1.16128968476402	1.88903404800542
tsix1234	-0.0993408885041847	0.740201665793496	-1.70363391481099	1.37875361682047
tsog1243	0.0955820361891682	0.710379475317487	-1.33953011245144	1.60708127479567
tson1249	0.158470204146964	0.733576484785745	-1.23913039375946	1.7704624027426
tsou1248	-0.235768491103567	0.638575743109284	-1.62346514374501	0.994388437670558
tswa1253	-0.19113209063624	0.720034179468288	-1.87391071943411	1.18218749514993
tswa1255	-0.073927017294775	0.699522135916076	-1.50483558857348	1.34697924464217
tuba1278	-0.14359087193143	0.71344267970593	-1.74823867787644	1.2220431215783
tuge1241	-0.0872135910658675	0.700429284094325	-1.67203719666523	1.34048076111499
tugu1245	0.275463756751521	0.739940495597778	-1.07800085181334	1.912159009321
tuka1248	-0.204784005218355	0.709079416742169	-1.78844185564131	1.11618423496455
tuki1240	0.182592772627758	0.675467046421578	-1.11756693874831	1.70982979776963
tula1252	-0.328091412646571	0.698652321456962	-1.92160406515003	0.958694844116017
tulu1258	-0.0183167909055354	0.761811813070872	-1.62760927363838	1.56933462685999
tung1290	0.104443784827032	0.691665790324221	-1.27880401806561	1.62653308765233
tunn1238	0.126890684786119	0.713639387304995	-1.26644332286718	1.72790205208156
turk1303	-0.0320518558116569	0.731255829931465	-1.59302802330019	1.51771326885261
turk1304	-0.00779157865904793	0.752280250921429	-1.5621854887752	1.57887250108277
turk1308	-0.115009601699334	0.712027536574361	-1.65673285391731	1.29697851583935
tusc1257	0.193965914574805	0.736409229243165	-1.19713578161631	1.81721695509839
tutu1241	0.00247215154274315	0.590452648693795	-1.2561677152598	1.20409497179855
tuva1244	0.0539485117406435	0.730873215743363	-1.40001299162319	1.64325596532229
tuwa1243	-0.292570867128387	0.63305954754392	-1.71502666483236	0.865822868460312
tuwu1238	0.311578443020854	0.737297323196073	-0.969425903785447	2.05125215648393
udih1248	-0.00819935993553336	0.734808382284185	-1.54250374882632	1.55178138673302
udii1243	-0.0235994518129157	0.758916337558897	-1.62695389581762	1.58696619346902
uduk1239	0.0685494525503208	0.741774390073633	-1.44933050282589	1.68228799244057
ughe1237	0.274893270329333	0.681700276509139	-0.947078178164601	1.83637034859397
ugon1239	0.241020342874312	0.718596073807112	-1.07239186159136	1.87724349791792
ukra1253	-0.0815264573768126	0.703941762800926	-1.60377535456968	1.30258616200072
ulch1241	-0.074265076832144	0.774189170519572	-1.7660312505228	1.49800504718324
ulit1238	0.0854342468351808	0.731816206291565	-1.41084159444722	1.68656816676565
ulwa1239	0.213809382009476	0.767984103755911	-1.18788172678807	1.92866070348744
uman1240	-0.473515270048808	0.690355372620075	-2.07193054857802	0.687426274771412
umbu1257	-0.227613261507094	0.72014890432686	-1.85924938427862	1.11157575905292
umbu1258	-0.45744476567149	0.702664507147956	-2.1004500571489	0.745712138598841
umes1235	-0.00370591379473141	0.754399050714818	-1.58314548993723	1.60716640098667
unaa1239	0.383194607479291	0.693801933483286	-0.82518626461077	2.00941438294796
unea1237	-0.14954141538159	0.659760624150666	-1.6261493549704	1.14389937978646
unua1237	0.212415300710237	0.597624662451604	-0.931646555771094	1.55974695927292
uppe1275	0.0753130380257683	0.626600317212957	-1.19942193147228	1.39474834096278
urak1238	0.13731801870446	0.741583538709285	-1.33592946676021	1.78771312410753
urar1246	-0.180550894752336	0.722577950437308	-1.79956860702234	1.18116847335838
urav1235	-0.370370201730678	0.706000265418793	-1.9783767889744	0.803355320825568
urim1252	-0.00176367967951827	0.652342124743961	-1.38601890588767	1.40105457479719
urip1239	0.115514636956852	0.579561557306868	-1.05055190951172	1.34186882697113
usan1239	-0.391091107048078	0.661164811442812	-1.9330182330589	0.749456001059321
utes1238	-0.0676581913088877	0.734615606919002	-1.6622168201181	1.41167906824017
uuuu1243	0.445507167677478	0.739679498729955	-0.822117241510199	2.14962946016959
vano1237	0.212158464332912	0.708511203048068	-1.12453616427499	1.85754420750516
veps1250	-0.01168941884345	0.75306769370935	-1.63781338121869	1.53658618630462
vera1241	-0.116537202914216	0.651956275310854	-1.55194920345396	1.19907654585427
viem1243	-0.0159473196446182	0.683290234116246	-1.5000188403273	1.40784281853557
viet1252	0.141762636651026	0.707678954822959	-1.2585721581918	1.72339279106445
vinm1237	0.168601108809423	0.588023974548866	-0.960613614016541	1.48750649983723
voti1245	-0.0240561081115172	0.770900121186028	-1.68687240340564	1.60045548877784
vunj1238	0.0787580151074215	0.67082206964222	-1.25365248281489	1.56001254570545
vure1239	-0.120563528199915	0.653004125869255	-1.56788671934273	1.21081547994898
vwan1235	-0.389027609590282	0.758833225225999	-2.16105452836044	0.916330159579825
wadj1254	0.0354054032174271	0.717489725076346	-1.420539738988	1.58008793756257
wage1238	-0.191776210914444	0.736164002217619	-1.83336175377789	1.19773802820897
waig1244	-0.205819655371273	0.701901908799033	-1.8012817436576	1.13831452687751
waim1251	-0.0893789510697571	0.63222116683476	-1.47061982116484	1.15879574739407
waim1252	0.359172448367641	0.738967312343107	-0.907448955650402	2.09877828273677
waim1253	0.238746278982934	0.731403797450422	-1.1029594348704	1.86571829168907
waiw1244	-0.126600444304909	0.70773846928572	-1.66751669452542	1.2587816118802
wala1266	0.0157745816742932	0.63232847664757	-1.29631237728612	1.35610807435237
wall1257	0.0793876335141154	0.748299508423875	-1.48159368621094	1.77385216366445
wamb1257	-0.710511521006493	0.823782406066272	-2.68097696236541	0.506657919306595
wamb1258	-0.0883601380529227	0.733662744998548	-1.70001143021887	1.37062358298956
wamb1259	0.372956860474396	0.713000390195428	-0.915991096121457	1.9780612655176
wand1267	0.466819115831004	0.755491791236941	-0.784099235011395	2.2614388393503
wand1278	0.475783990789921	0.731692406342914	-0.722506370652281	2.19334253764487
wang1291	-0.0137253536639447	0.749562118580635	-1.66826927004976	1.52989802291714
wanm1242	-0.0116242081715919	0.747551543143369	-1.63705253554832	1.58038126370673
wann1242	0.0756776656151029	0.730335941300601	-1.36500728607966	1.66969762840614
waor1240	0.263099246215691	0.771873168827697	-1.13002887595775	2.08161089431211
wapi1253	-0.0888168826011141	0.742968828307073	-1.68084776580489	1.38336259492043
wara1294	-0.0841025055028387	0.707050183793777	-1.6669062242657	1.35472575260276
wara1300	-0.211639067197701	0.737165182097157	-1.90855357020185	1.1587518331522
wara1303	0.272520745922741	0.756748166682254	-1.12337321519661	2.04714352512529
ward1246	-0.188919769883671	0.750121439674266	-1.90479369144545	1.21124691102471
ware1253	0.00915888238436993	0.700389109126514	-1.4291294588563	1.48664002774582
ware1255	-0.152258877106725	0.728411599462886	-1.81650115957632	1.23044191138453
wari1268	0.155950625398588	0.735294387228957	-1.25734227805399	1.81019074827684
warj1242	-0.217516063493626	0.702550420920279	-1.74140707208512	1.13269790424513
warl1254	-0.0185433271573276	0.746949103777298	-1.57876881619662	1.53294590369986
warl1256	-0.0194327784015399	0.763507290484965	-1.68284026607559	1.57355743328868
waro1242	0.102923952857108	0.681095070398902	-1.23303577479302	1.59771965088455
waru1265	-0.0283631887763433	0.751608632259939	-1.62902470389828	1.54525138894592
wash1253	0.00846036290601774	0.714957505698798	-1.44555192990629	1.5390054848612
wask1241	-0.217722744678131	0.631311729252759	-1.55787868076148	0.970047139531041
waur1244	0.111887481897155	0.702821376732741	-1.27921921184596	1.63521112558079
wawa1246	-0.351477628667594	0.724060495952229	-1.98557809524542	0.945947088170446
waya1269	-0.0300557511409184	0.720988455343377	-1.57386542433434	1.4423141247483
wayu1241	-0.690985690787959	0.814671514245243	-2.64107571878043	0.496136815957876
weda1241	-0.521819468442478	0.700216278015529	-2.17594130257162	0.612536369808653
wels1247	0.234091208971751	0.758666831407918	-1.20417167484481	1.9601956565864
west2354	0.299142124784965	0.753485465745247	-1.05734082255453	2.07407410946447
west2369	-0.151476668259628	0.712745681691365	-1.77325743827918	1.18341901847589
west2386	-0.0846822998840902	0.736942422527018	-1.73022909434829	1.40321819280534
west2392	-0.0176031358204362	0.743916174796066	-1.5858409419583	1.5599843891525
west2396	0.322984832430991	0.764304677247376	-1.08700818183853	2.09948067614914
west2397	0.201639156596801	0.738776068364758	-1.16934556866225	1.89643051368208
west2415	-0.617496594902592	0.784383964417147	-2.43477663959756	0.565397998825346
west2418	-0.421973903834192	0.75279386973848	-2.21966658810389	0.849955491609129
west2430	0.16673625117654	0.727803308687028	-1.27291365725151	1.8050831119085
west2441	-0.0209073813368545	0.74671965911296	-1.59254954173806	1.53442944278744
west2466	0.189947630074688	0.704392623518197	-1.13399952833831	1.78782330743744
west2516	0.00149875989220303	0.703156054058933	-1.4193625640128	1.50903552110214
west2519	0.0917836455212805	0.748203339013538	-1.42664980217638	1.78335854916054
west2548	0.157233390757382	0.731449182802553	-1.21335193463571	1.82109450224913
west2555	-0.00603528669727846	0.628275036430023	-1.32598126677323	1.30007165502036
west2557	-0.120077523765138	0.68671269429573	-1.63870891568263	1.21863085193602
west2560	0.107744709600808	0.659238976218142	-1.20940222571439	1.55776232809956
west2564	0.249998468121093	0.721911665168904	-1.08002278429843	1.91585381604888
west2594	-0.184691929150074	0.709145736916997	-1.80081479585472	1.16849076652706
west2599	-0.311359172032033	0.672679137233004	-1.86863715325018	0.890859335728377
west2600	0.111969214756852	0.689298462234187	-1.21949095527939	1.61191888515687
west2615	-0.355560568660286	0.747068844098656	-2.09103540220833	0.936819147297364
west2618	-0.0795927602300001	0.736145942078991	-1.69902656364278	1.41987880737915
west2624	0.394013769015206	0.734957701276407	-0.863115334616591	2.09396903574319
west2632	0.10307652434621	0.73584126672524	-1.37000443345985	1.69393979071849
west2635	0.355668809863567	0.755535150416682	-0.947295526368361	2.14188564003496
west2644	0.0235586442697985	0.662192518319546	-1.33894616674993	1.4595266864501
west2650	0.153251144128676	0.741961946641503	-1.31680785399192	1.82952633874556
west2763	0.259902676277043	0.728850654464067	-1.05809219530741	1.91951426257743
west2778	-0.248921484526147	0.711130740743228	-1.89913996412117	1.04593173267795
whit1269	-0.327218153848041	0.656108520219845	-1.82306421850922	0.832262973811579
wikm1247	-0.0630436562590557	0.72244133561355	-1.59324717687837	1.4519165941934
wiru1244	-0.27241524934587	0.659547673279665	-1.75394186253012	0.966062958458987
woii1237	0.291467880244347	0.72647432485785	-1.02295119549053	2.00072178494142
wola1242	-0.370911820207695	0.778329930260561	-2.20135099815995	0.985149170172855
wola1253	-0.288431310905663	0.753621682778723	-2.03050653919557	1.03473249278767
wole1240	0.0686965844191214	0.729553276640566	-1.39230655638446	1.70117615476819
woli1241	0.0662517801507232	0.702029980504596	-1.36810324066188	1.62135230166192
wood1236	-0.176448095200775	0.719022183628726	-1.83223730240963	1.18919509815588
wotu1240	0.262184411442054	0.728267855410833	-1.0592174220532	1.95792532560482
woun1238	-0.093373976545	0.735678128441059	-1.69579580563245	1.39771753777788
wuch1236	0.135068152119483	0.728758919334451	-1.27210997327526	1.74375616984847
wudi1238	0.237348870939789	0.683888967872384	-1.02528086846546	1.79466165554671
wuna1249	0.232417949764392	0.754461826272178	-1.1758049641921	1.95333612327071
wusa1235	0.273070654492049	0.708725528853244	-1.01559331815353	1.92016973183047
wutu1241	-0.227158743276215	0.708351073967277	-1.84310341178522	1.09437758299142
wuvu1239	0.153710029084006	0.714087914412899	-1.26705313751601	1.73467620413003
xamt1239	-0.185837362253526	0.740209002142855	-1.8371296160948	1.22379801285965
xara1244	-0.114494518935185	0.659854484357624	-1.52433291464086	1.24059400880344
xava1240	0.288610986941406	0.74002539704781	-1.02737128156673	1.98013547419574
xish1235	0.607516283892715	0.819091653658124	-0.662395573948102	2.60233594971702
xokl1240	-0.141523858173564	0.713371798980075	-1.70314429352511	1.24718993727968
yaak1241	0.241078689257632	0.705582451050095	-1.13666080767311	1.80057750963753
yabe1254	0.0761365614446723	0.637189464108472	-1.14738842297369	1.4653427265079
yaey1239	-0.186299411605641	0.775178497138786	-1.89591525565863	1.31019805111667
yaga1260	-0.113919693044071	0.623614304322398	-1.43770795034665	1.11702128854182
yagu1244	-0.171551739750859	0.75043612350141	-1.87330418509618	1.24661724994396
yaka1272	-0.133059045394995	0.723082398825745	-1.69939206858059	1.2855780282571
yaka1277	-0.2972036330052	0.725943630804214	-1.94149156403604	1.02231937109674
yaki1237	0.026665905777218	0.726827375089723	-1.48421859593418	1.59006900453751
yakk1236	-0.674403150443862	0.809882535755113	-2.59419606556316	0.553544103564843
yako1252	0.120332134135163	0.711866838546238	-1.28251901755969	1.68228690052778
yaku1245	-0.0103646316710495	0.752775679362722	-1.55189591633045	1.57329706558194
yale1246	-0.0102531044267222	0.623302983867236	-1.33826190223657	1.27575006998155
yama1264	-0.159420616492526	0.729553564977832	-1.80337523890589	1.24018846284256
yami1254	-0.328963173899739	0.729330337835354	-2.02983716267184	0.99094779768697
yami1256	-0.0463942040299273	0.724358749442051	-1.59679090408499	1.41428865292476
yamp1242	-0.690964117055701	0.83127911757176	-2.67169501203848	0.531572694505754
yane1238	-0.106838274461603	0.735003361376558	-1.73831889090429	1.36231004614702
yano1261	-0.0932555930089207	0.724504313425668	-1.68203648437096	1.37333248168248
yany1243	-0.0640446633118695	0.757753372754523	-1.65676006610477	1.48264866882825
yaoo1241	-0.207121085742098	0.743222450111849	-1.89965691234235	1.18601680633149
yape1248	0.0919226304978002	0.734852895462758	-1.41472847025422	1.72785402027875
yapu1240	0.0452206788201128	0.660309501265245	-1.3165966284864	1.47979786621321
yaqu1251	0.00357794141809192	0.704451078504162	-1.47384457924568	1.49432320249232
yare1248	-0.395195190438038	0.693085782070967	-1.99629633456068	0.790338344397596
yasa1242	0.292473599738363	0.735201355679441	-1.03249741758402	1.97086772328177
yatz1235	0.101904686316601	0.688558561523128	-1.24811717045122	1.62572643509805
yaul1241	-0.36468809992574	0.683174532259869	-1.93005360920385	0.880075733661361
yaum1237	-0.364112474838307	0.6267014754929	-1.78215443834758	0.755611784278185
yawa1260	-0.0963382295293912	0.738840673673228	-1.70275002974797	1.37855019549323
yawu1244	-0.0885903961752839	0.730116393430833	-1.73832123571752	1.37668110435057
yecu1235	0.237379537467785	0.685802538942067	-1.05936118581099	1.80705799786756
yele1255	-0.0365667635542168	0.721196735083832	-1.60685498337756	1.47871810956199
yems1235	-0.311846714354082	0.744121098590977	-2.04333121117033	1.04984563125091
yess1239	-0.145667543947512	0.676245648546645	-1.6510479315144	1.18556171395276
yidi1250	-0.0510472564299546	0.713605448138444	-1.57338627202818	1.37349322388326
yima1243	-0.549593937097639	0.742183914192261	-2.29492190675449	0.605374399339394
yind1247	-0.0154594655622084	0.75968341203329	-1.6349105988317	1.5756524516212
yine1238	0.264274508540621	0.729928640035737	-1.11175452141886	1.94929749641363
yoga1237	-0.144724888454782	0.63520800369371	-1.54338653667397	1.12937339189987
yoku1256	-0.221336826973937	0.736258124645467	-1.87707707303589	1.1255184679757
yona1241	-0.305918538169693	0.756891187442863	-2.05508070396827	1.05152001672354
yong1276	0.0447283145663106	0.76075999578988	-1.53181546514476	1.70106573354664
yong1280	-0.106220599707935	0.705636740002904	-1.71189810325415	1.25403539459554
yora1241	0.0256193227891378	0.713909893696816	-1.45740900854518	1.55597595432058
youl1235	0.711896042812906	0.807814782758137	-0.463090337778715	2.64262379701863
youn1235	0.0581325369897446	0.723509701176604	-1.45579728085695	1.60568085993773
yuca1254	0.0788309520946954	0.717241222467789	-1.32739970634058	1.66144041402182
yuch1247	0.196402271524355	0.744699913866765	-1.21515917628161	1.86442383485777
yulu1243	-0.176319218573428	0.719212767413193	-1.78236426681462	1.20962779951464
yura1255	0.235023397791413	0.758178533267502	-1.17654030825103	2.02612624841231
zaba1237	-0.225526511348502	0.701832767703084	-1.83447843337753	1.06481236657832
zaca1241	0.0594985401211213	0.628304661732971	-1.23598824886128	1.35453470603087
zaca1242	0.0364135696681979	0.665771388449161	-1.33180555054756	1.49177360091874
zagh1240	0.223738318972903	0.744192131770199	-1.19163165814513	1.9226212231923
zaiw1241	0.129808207714659	0.670437547023239	-1.20963824088931	1.57301533625182
zamb1245	-0.00769787344435068	0.650114531852004	-1.34445174235169	1.32220626848734
zapa1253	0.193130226792292	0.736546589672938	-1.20141610190594	1.88036708866058
zarm1239	0.0512633358452997	0.758705553796533	-1.46881657816548	1.69143704465003
zaye1235	0.0164935163814221	0.697762770381311	-1.45977562709707	1.49653545545621
zays1235	-0.298135282612505	0.736619346573344	-1.99991943354001	1.03085738004647
zeme1240	-0.577604678913895	0.762747428593581	-2.35490446272801	0.636123693360858
zenz1235	-0.0103921493367464	0.666654445504014	-1.39264593641238	1.3731945987914
zhab1238	-0.0186565454928282	0.679958131104606	-1.41465065478259	1.43944940038019
zoog1238	0.103895433285232	0.68681219608335	-1.24539254142319	1.61477085940142
zulg1242	0.4031131769256	0.698381055542558	-0.795333509717545	2.0495910742924
zuni1245	-0.111736501733997	0.735910163877484	-1.72890659226515	1.34874033282045
