Estimate	Est.Error	Q2.5	Q97.5
abad1241	1.0242983644599	1.35155441595125	-1.42720593082266	3.84421533640225
abar1238	-2.00158191634074	1.3012053340662	-4.70488840649662	0.318045806034643
abau1245	-0.114918382121805	1.4403024939252	-3.02284743115266	2.67605148643092
abee1242	0.821859707299499	1.5186303847777	-2.00347985738097	3.96750929146198
abkh1244	0.506061226337881	1.73293068234599	-2.90635429222007	3.9628229137861
abua1245	1.83491012633828	1.50327224944117	-0.829972685926228	5.05838653472792
abui1241	-0.905347033433294	1.5078861626149	-4.05484836629258	1.90390524240119
abun1252	1.21088915505651	1.63889477317086	-1.97509778016129	4.49245830191614
acha1249	-0.0856380110695405	1.71038399688692	-3.50999997653851	3.29537729408107
acha1250	0.299526570309636	1.63333075086596	-2.80841673713208	3.6203831733569
ache1245	0.220001590242607	1.7316614004196	-3.21221151684294	3.62844792314069
ache1246	-0.886805386528849	1.56386468690102	-4.07045829419751	2.07991527880223
achi1256	1.13990183945936	1.63666489022917	-2.05412487366643	4.48624143603573
achi1257	1.54156530358463	1.49534153241775	-1.27345330062908	4.63277132945272
achu1248	-0.430460638081903	1.68634692386301	-3.87564555799485	2.81069213455228
acol1236	0.70517649266437	1.57536932164077	-2.19008662219728	4.02141926625466
adan1251	-0.921187679775456	1.46638718232178	-4.00929063047554	1.86163179350714
adny1235	-0.0441657551558649	1.83828918246117	-3.8402927560447	3.53362544884753
adon1237	0.751316212093623	1.34200476022867	-1.79894651442919	3.5023345358725
adze1240	0.809346794452278	1.23189778560816	-1.6390323579663	3.27952859905968
aeky1238	-0.746943787321435	1.69207670884569	-4.18116485768493	2.60485173425552
afar1241	-0.0359305987274701	1.80639517271342	-3.69666643578196	3.48132536118551
aghe1239	-1.69846965180439	1.32504202354518	-4.50827949672408	0.70907169436525
aghu1255	-0.183780830692557	1.7365697466147	-3.68412174402144	3.202278154941
agob1244	-1.76578803992351	1.64255478156344	-5.19164441604645	1.22320660614511
agua1253	-0.401129899342653	1.74088140718242	-4.00212847415731	2.91833677958364
agus1235	0.0713694288753331	1.45618487404049	-2.92088121712473	2.93348941656539
agut1237	-0.964119429569972	1.5486703707834	-4.29180996417038	1.93224282093987
aheu1239	-0.334143341653041	1.66513286610947	-3.86690341573004	2.87018491702276
ahin1234	-0.769380203953196	1.34229191988241	-3.48103881543333	1.86661729299441
aika1237	-0.623785339001692	1.51684750848636	-3.74160004057143	2.20227029143641
aime1238	-1.16216836973182	1.65835016750832	-4.65139886806706	1.87140357636697
ainu1240	0.667860861836457	1.69577053239953	-2.56851591056277	4.14438345955126
aito1238	0.0374121629060018	1.69075700046056	-3.37166212437814	3.30720987307673
ajab1235	-0.0882014378616012	1.42607169677992	-3.04103230560887	2.5787908104857
ajas1235	-0.722597544820187	1.77999466892908	-4.44298877388158	2.68595634817297
ajie1238	-1.74583970152993	1.45803762104586	-4.80481554628054	0.934076326535781
akan1250	1.19768809463905	1.71408157542198	-1.88400925777371	4.78956494816018
akei1237	0.985568326351567	1.14110970073589	-1.25314227834416	3.31749445332393
akha1245	-0.462805870358761	1.68358572005543	-3.88529479501302	2.74853255941465
akoo1248	0.350121864374954	1.41487949848825	-2.32013172989279	3.25755095886672
akun1241	-0.99347014027341	1.50403141602108	-4.17333206334833	1.76415520322812
alab1237	-0.206364217764496	1.70312053576254	-3.59719386241858	3.1873045269131
alab1254	0.497634296837446	1.70656199046107	-2.76322095123986	3.89996748309729
alac1244	-0.686533048520019	1.64621893733177	-4.0944324067289	2.52895996666721
alag1248	-0.182483005617626	1.60023707646143	-3.35571998683236	2.94679195079933
alam1246	0.896577319994272	1.47648638822757	-1.84763098731634	3.86258655527138
alba1269	0.465749911852935	1.4364714493737	-2.28630769600659	3.38045650087629
aleu1260	-0.158997983727659	1.69212935475075	-3.59356735721304	3.12248339972195
alor1247	-0.956118832728505	1.42511471185103	-3.98769967475055	1.72133466002463
aluk1238	-0.0964229328529378	1.75744191156473	-3.55598885395921	3.43888676001989
alya1239	-0.071782804939542	1.74571494854529	-3.58533010058244	3.44037244352576
amah1246	-0.321299886011505	1.67342927118757	-3.72437917441833	2.95435291075611
amam1246	0.890297189924963	1.34895190685104	-1.69528796151475	3.64694921314256
amap1240	-0.0906198866485093	1.50144471732818	-3.12212258810325	2.80516788296285
amar1272	2.51719959734583	1.45205618241446	-0.0327648928275601	5.61902857131267
amar1274	-0.882592609696123	1.68023005810212	-4.39811970753648	2.34387958885555
amas1236	-0.0676966222112055	1.76124707971474	-3.65701443140832	3.38958670262614
ambu1247	1.69763614299404	1.48353445624411	-0.930762106842967	4.83413454663156
amdo1237	-0.118931609525257	1.76074230362363	-3.6959809820274	3.36729601554485
amha1245	-0.0674022285399474	1.75238061927907	-3.57823913181266	3.44469415383805
amii1238	1.42515762587212	1.70397521915646	-1.74895368334822	4.88677801454229
amri1238	-0.0580643956769127	1.68173341191869	-3.56337632920324	3.34034466182265
anei1239	0.0870663210599643	1.41970265771385	-2.79153996034594	2.95747628316363
anem1249	2.30736917895529	1.3962185480825	-0.200344165646587	5.35177135139987
anfi1235	-0.923257911142118	1.72077870780873	-4.49860485404406	2.26802407432935
anga1288	1.87733437950425	1.50478086413595	-0.871231982374034	5.02774261829067
anga1290	0.989848781331587	1.27405922104037	-1.43189486883349	3.60713756757825
ango1257	-0.284916882281273	1.70258968943668	-3.68952287746861	2.92548666540089
anin1240	0.193038920445378	1.72207913477694	-3.20421565100201	3.59250554267903
anuf1239	-0.93168288684544	1.56251413599066	-4.20971050371985	2.05291837149521
anut1237	0.30556762927873	1.52709239006294	-2.78505006751337	3.29344192882987
anuu1241	0.594108749123353	1.57947668185031	-2.49469781647642	3.75164347546202
aona1235	0.813370042532369	1.52160410980208	-2.22273654345706	3.85162289197687
aoua1234	-0.127095480090372	1.8101325795823	-3.90304085083734	3.42820465185411
apat1240	0.0294313873879869	1.67358486805503	-3.3582025330829	3.29223278354891
apin1244	0.915795982607812	1.61070062389589	-2.08942116107233	4.31048452392394
apma1240	0.76196253776442	1.08666540811982	-1.40810975243165	2.95910730907944
apma1241	1.2917184761034	1.44447925290973	-1.37410878843282	4.34410224577048
apur1254	0.609471419868973	1.6040928446063	-2.37584321630407	3.95016886834308
arak1252	0.940180135244756	1.08623451635468	-1.1376483952192	3.14491516865774
aram1253	-1.29762138886494	1.6916412114623	-4.8603246809869	1.79875271648238
arao1248	-0.334600123659094	1.70777903743761	-3.80549798072672	3.03785884749751
arap1274	0.194036723866588	1.74223640958442	-3.20471327214141	3.70292459605426
araw1273	1.03146009795061	1.59715603588026	-1.94654581399273	4.36586265837148
araw1276	1.08534493261152	1.50970508038135	-1.78544644467817	4.23265312670308
arbo1245	0.360251665969215	1.61637080079766	-2.89827034301863	3.64252287261421
arch1244	1.09340482658182	1.73220002959787	-2.21731479347062	4.70398211571693
area1240	-1.3943434165349	1.4277031270592	-4.31864760160781	1.25351497607519
aree1239	1.86898388467654	1.33571184533927	-0.630457043847739	4.64844154317489
argo1244	-0.0493937246899456	1.74179233907526	-3.53160126288851	3.3888766500428
arhu1242	-1.18124843749765	1.67794709080396	-4.5872003888106	1.97607195393152
arig1246	-1.13550678543194	1.37336235639919	-3.93723027187092	1.46370841575492
arik1265	-0.832410044715904	1.60475594069034	-4.18651563767035	2.18244663797107
arom1237	-0.124444341947525	1.71295827152503	-3.47389152373398	3.3260576182011
arop1242	1.54200484375253	1.38432013917815	-0.968404842221231	4.45077291760349
arop1243	2.15412661192224	1.51397246262832	-0.529511817884497	5.39964222327546
aros1241	-1.16258716258213	1.51694775063113	-4.33580633261748	1.68326329288062
arta1239	-0.0608396867431304	1.33170245816582	-2.65644631661557	2.69314575723765
asha1243	0.179115897212819	1.52134382004181	-2.83267219106714	3.21959743702333
ashe1272	0.532292609760696	1.53850430954744	-2.38911535620989	3.700072918545
asoa1238	0.846725091953818	1.51015245910452	-2.0088806749964	3.9483576570417
assi1247	-0.647015440556614	1.62106184700653	-3.94068134675606	2.3413448010088
asur1254	-0.161621146095538	1.73182791832399	-3.66944429460471	3.18865979784597
asut1235	-1.69042905177861	1.51147712254017	-4.92202454043749	1.05419352153917
atam1240	0.632032320638717	1.35865313508703	-1.99620387541562	3.36104709536785
atay1247	-1.37384765320673	1.55542319705862	-4.6475326166508	1.40839293226846
athp1241	-0.648415703225489	1.68636232622926	-4.07106854389386	2.57720098300662
atii1237	-0.910294341420961	1.55463463056583	-4.20800311423159	1.99130172141688
aton1241	-0.0669787748517717	1.69932793116685	-3.46702437131484	3.33338152018996
aulu1238	1.38493341519039	1.06959523334465	-0.659369590611827	3.51026277865082
auuu1241	1.08126838015877	1.36372540378952	-1.41368852060986	3.90239939945417
auye1238	1.32308924464727	1.60944610848942	-1.77475400110654	4.65338849680015
avac1239	0.455571012114194	1.61073646993717	-2.63496282682972	3.81699929056611
avat1244	2.43860761939658	1.50679418758769	-0.315895932394756	5.5475682828095
avok1242	-0.677671572454205	1.36251860641787	-3.43233720956915	1.85708142046596
awac1239	0.197396736340543	1.64351196741856	-3.06656802425789	3.42441294196016
awad1243	-0.275793196697025	1.77790234843446	-3.92709733427117	3.10063839066081
awad1244	1.72325654251355	1.39958990048602	-0.791576795993152	4.7527212819562
awap1236	0.20761711065508	1.40172512658248	-2.54860889063654	2.94259835961881
awar1248	1.11057198498727	1.29667692864178	-1.40299442637188	3.77478191865013
awar1249	1.68739332096801	1.39473389231684	-0.885675954146802	4.63648042541927
awet1244	1.22695872056557	1.47750293705462	-1.53707283114458	4.45954693389627
awji1241	-0.0540027056838017	1.65947214079875	-3.44381563881679	3.14560205485075
awtu1239	0.865968559261996	1.35336494743868	-1.7041070829167	3.5985707795212
axam1237	1.42341332909439	1.09905894038188	-0.715685472452499	3.62973785187895
axiy1235	-0.256975914126595	1.7373069883429	-3.80960121224255	3.1402452225712
ayac1239	-0.27253881427939	1.70942525165755	-3.7961192174738	3.012142400091
ayiw1239	-0.81631752364389	1.40534307158267	-3.77407927680816	1.81616749186572
azha1235	-0.288774401325172	1.72494630578195	-3.77349862141745	3.10900766382086
baba1264	-1.47829441194321	1.34920230595048	-4.24949107990425	1.02432906836078
baba1266	-1.31856726200202	1.36347255508611	-4.14090516239775	1.24175382579141
baba1268	-0.984298182891779	1.43774742628114	-3.91156380129269	1.69451065332674
babi1235	0.546170395894609	1.68340473620125	-2.69005707665018	4.03423599997306
bada1257	-0.0944605026394551	1.77113287434997	-3.62450200926159	3.41145125809614
bafi1243	0.0566994031104151	1.24571012298888	-2.34392233120174	2.57469610575476
bafu1246	-1.43668409511891	1.35503298105337	-4.29323707264652	1.08280121498128
baga1272	0.506403200954483	1.50527026100499	-2.33681813266715	3.63836658197957
baga1273	0.229233913311728	1.49142544843038	-2.67105763361112	3.25715495871954
bagi1246	1.60822425369679	1.43901116648464	-1.05436197768334	4.61843074539825
bagv1239	0.345920124308762	1.68564821461444	-2.91361871983711	3.77233828166625
baha1259	-0.0720542046610806	1.76266107870926	-3.65814971707992	3.41045105158584
bahi1252	-0.632795064996167	1.63061996773079	-3.99679607256281	2.43412944696622
bahn1262	-0.61941570733399	1.70253514135265	-4.15841418260735	2.56015255117225
baim1244	-0.122125967236362	1.78978681556217	-3.72433812520765	3.41019733375863
baka1272	0.682267222208346	1.4452062327142	-2.03767757645976	3.61823555140301
baka1274	-0.836347669971629	1.39237549933184	-3.80217505419688	1.74489360508549
baki1244	1.3487198333471	1.13630231268503	-0.816221593774237	3.69085590266231
bala1311	-0.945015905546577	1.5888463795515	-4.20756223364822	1.97147887798004
bala1315	-0.568646968233289	1.54879204832425	-3.75922685298143	2.41323926312987
bala1316	0.230937998498446	1.34996901731877	-2.42112007539332	2.93359241393493
bali1278	-0.621624664826109	1.60414815625197	-3.98700714259737	2.34432526915041
balo1261	-0.131982576439786	1.57901667813999	-3.25395339354419	3.05284113349747
balu1257	1.34694314095064	1.36931751216793	-1.24468735485415	4.12152979068605
bamb1269	-0.155957109502899	1.7834738633836	-3.83064580760428	3.32358564043865
bamb1270	-0.343989392907646	1.46937599573212	-3.300009254686	2.47310682979934
bamu1253	-0.852054037638427	1.42146391757352	-3.75917026494659	1.90353740970331
bamw1238	-0.122639190624095	1.48981538596902	-3.04998863802895	2.83255446172174
band1340	0.753790048614997	1.39137193765386	-1.95644082796243	3.5234630693889
band1344	-0.395105854210771	1.62318375280269	-3.67414970920366	2.74139262160818
bang1354	0.141388031842825	1.71024920986756	-3.16661532375849	3.63171790025844
bang1363	-0.454687264282044	1.73681335798549	-4.06587242661503	2.84348969589848
bang1369	-0.181824431995364	1.74550629087712	-3.70170500196179	3.26322621131375
bani1255	1.00003759561484	1.58251472041277	-1.95874871631328	4.34366649369887
bann1247	-0.447420591994656	1.28560378047716	-3.11559882327491	2.0994608324801
bant1281	-0.681269040926771	1.65009836059521	-4.03063533297088	2.49590133814591
bant1288	-0.844505041920948	1.58320543832018	-4.18148223856059	2.02209159293929
bara1357	-0.438485989088465	1.65047498707729	-3.80119219777306	2.69745726248954
bara1361	-0.257256847027582	1.48820175620924	-3.33507507171114	2.55225039291516
bara1369	-0.29024338994633	1.62613115678401	-3.63488270379228	2.81845207962689
bara1370	-0.975516540662832	1.58395421207419	-4.38227869936992	1.96614844030489
bard1255	0.832562343671252	1.70099853679052	-2.36650442961722	4.37968324256882
bare1276	1.19391723015942	1.57884731763609	-1.72630392552957	4.48479394926539
barg1252	2.04567739584062	1.40239773140021	-0.504005973311501	5.04447700709828
bari1286	2.48405974661854	1.45029257181654	-0.0938733043227624	5.56713208636103
baro1253	-0.609971958025388	1.22599814104641	-3.08181474711489	1.77734715436297
basa1282	-0.78919158842109	1.50196827361738	-3.83095577458197	2.02530489800111
bash1264	-0.0327916251988796	1.80910201724784	-3.71970023275449	3.58255049636958
basq1248	-0.17835616529825	1.75394552477066	-3.73169835990875	3.31943809079354
bata1289	-0.267091461555449	1.50955930376674	-3.44626046312949	2.56076452618588
bata1293	-0.010790235045401	1.59025189748505	-3.18867983519786	2.99497728626381
bats1242	-0.113364253880976	1.70387302332146	-3.44568887694781	3.20866636153078
baur1253	0.641227047863963	1.59485068554015	-2.36809668207937	3.94622391378697
bauz1241	1.32142258901725	1.54222435114628	-1.58353213364931	4.51672293184438
bayb1234	1.1729350645626	1.51971771257552	-1.66921364895679	4.37125155330938
bayo1255	0.570610415288086	1.40829911466682	-2.15469950099988	3.38534235995511
bebe1248	0.158743342631765	1.49209706331071	-2.79765865958326	3.19141760749408
beel1236	-0.198303650278396	1.44199581537602	-3.19612257595915	2.61657762523971
beem1239	0.422957154381764	1.74981081731311	-2.92711508527004	3.96921389174283
beja1238	-0.0471350118840742	1.76608498748482	-3.60322251110679	3.40667018555472
beka1241	-0.821349850093076	1.60613030440752	-4.16838980434706	2.28677825539509
bekw1241	0.31200776279017	1.47172984035409	-2.58683507333443	3.24445217489503
bekw1242	-0.28048162255821	1.43923784195178	-3.21983625859185	2.54405066090003
bela1254	-0.063197906125035	1.74311683031213	-3.49322458546363	3.32351803099668
bela1256	-0.478913322261602	1.50194890914627	-3.61866542674299	2.36110139189345
bela1260	-0.7137449853098	1.50741192415196	-3.90168893246274	2.1444370486454
belh1239	-0.66536311244852	1.66676043073463	-4.08715357794484	2.53593963119437
beli1257	0.684398910129836	1.49505892725794	-2.15205175704734	3.80451906946835
bell1243	-0.103413578617984	1.68298677629233	-3.44161225068184	3.21921309297362
bemb1257	0.219729846308261	1.68502881712241	-2.99456883426565	3.62638494968814
bena1262	0.584378882532399	1.63752322111119	-2.53882367384955	4.0021028883331
benc1235	-0.933246324266997	1.65310981411402	-4.40004398961287	2.15713462392684
bent1238	-0.560510816642659	1.67198607261782	-3.97082344858322	2.63318589199538
bert1248	-0.158539400875182	1.69058379033814	-3.54431298084737	3.1694261304671
bezh1248	0.177575922543086	1.68295192481025	-3.11112399235123	3.56065876291664
bhoj1244	-0.340676453558988	1.76161212417667	-3.90497019260662	3.15136333720931
biaf1240	0.220231231492213	1.52824949501724	-2.77328673372671	3.20177058043907
biak1248	1.9602938151745	1.61105581081625	-0.957772603353344	5.42742458181227
bian1252	1.72730170710245	1.29909283155309	-0.670666626965429	4.47019239237985
biao1253	-0.12044789618591	1.70654845190977	-3.55338924073701	3.20083056934049
biao1254	-0.0643197115064439	1.74988789484156	-3.54410363049412	3.41645800348522
biao1256	-0.107081170864289	1.72543585703814	-3.58651159938917	3.27720943444457
biat1246	-1.02764424220796	1.54620459732	-4.31124623968451	1.86420961912172
bidy1244	0.60154406715793	1.57904738834883	-2.37653897587033	3.94465467302467
bier1244	1.32198406612505	1.12412354712282	-0.849793722152939	3.65308101651871
bign1238	1.37851854978132	1.09314037902058	-0.667335865218541	3.66785222132811
biha1246	-0.725199796120944	1.6482659967869	-4.22331746337552	2.44294143662369
bila1255	0.41564416827839	1.58605902726609	-2.68370139794311	3.66651293205078
bilb1241	1.87913212916811	1.37182474159307	-0.626129426231763	4.83874186872401
bili1260	-0.047482805837719	1.76749521248497	-3.626517254153	3.43075892679872
bilu1245	-0.750612352451365	1.36537847891971	-3.47763787980707	1.8738652987211
bimi1240	-0.556486812362364	1.65712518728454	-3.89260855549187	2.64515868692637
bina1277	0.962461872352121	1.53839510618253	-2.01681184801545	4.18333560275286
bine1240	-1.70478971612859	1.63860195062943	-5.17740406018398	1.26446963365252
bini1246	-1.11806626059529	1.55371583982077	-4.33180189324413	1.8113698171687
binu1244	-0.126011417548352	1.37085868084706	-2.91873069601577	2.53807826489125
bira1253	0.571496204783924	1.57265196477982	-2.44915896620505	3.76991932218683
birr1240	-1.52851235664746	1.56143383436042	-4.85285815751046	1.26642980951309
bisu1244	-0.396211038980226	1.72181683411764	-3.93096497714861	2.96086787890596
bitt1240	-0.479974550240672	1.6852317388706	-4.02456552782932	2.76682835169228
biwa1243	1.23723795597786	1.45822915215301	-1.52353057636004	4.32595818304073
blab1237	-1.50671864937526	1.41080042582806	-4.50639963707121	1.08471598073164
blan1242	-0.379073062368689	1.66228399751708	-3.76078907418966	2.81944307759556
bobo1255	-0.699077537119547	1.55550923579007	-3.91739978548871	2.22818046509254
bodo1267	-0.245886358578105	1.75547084271195	-3.88337345602509	3.14398323462386
bodo1269	0.0632396013093448	1.67081037386289	-3.35404081993305	3.36872385101459
boht1238	-0.200949161659788	1.70670946511117	-3.68921189556405	3.14738495348445
boka1249	-0.188093257277703	1.75153003671016	-3.75858609889429	3.22736395906654
bola1250	0.910476707932961	1.29212278402234	-1.57106602154165	3.56888266525393
bolg1251	0.0201082414342839	1.56714733810414	-3.11112489940868	3.10669931011423
bolo1262	-0.0580707625879817	1.58119608942279	-3.16102278696723	3.12492105325811
boly1239	-0.258465514403536	1.70085377174371	-3.748192044666	3.02801254719479
bomb1262	-0.0380492213934285	1.46267152326476	-2.84890363842197	2.94620788487396
bomk1234	-0.498616072906931	1.51311671605253	-3.62792398255099	2.41175586670281
bona1250	-0.134188504169132	1.73568438318093	-3.61100057768888	3.27694221966433
bond1245	-0.261842191691147	1.70857170082896	-3.67811342358066	3.01480510579861
bond1247	-1.02770354634588	1.48871197361065	-4.07698962825849	1.78387097977046
bong1285	0.00669721012551371	1.44381766767099	-2.82446054161525	2.86649790251375
bong1289	-1.08535202132349	1.59442628955257	-4.39777162064662	1.83695284077897
bora1263	0.383728267382697	1.62212755463623	-2.83342805630698	3.57397820755659
bora1271	-0.55449919063601	1.66587851029631	-3.94410754003599	2.6038812922815
bord1248	-0.456420751136756	1.70219652633218	-3.94389076549205	2.78104201616653
bori1243	-0.0857298783343653	1.71699335753064	-3.55306587276841	3.22333961858154
boro1277	-0.0983977823883842	1.6601415207376	-3.4883906303362	3.18009510598305
boro1282	0.685415945176658	1.63827353968374	-2.43946593424922	4.05704746546981
boto1242	-1.19641507905714	1.53877451660604	-4.47607128303185	1.56757721646299
boun1243	-0.262265807821169	1.64328376985858	-3.65870352160257	2.87249964320098
boun1245	0.100568255918418	1.57640568549315	-2.97380302381107	3.25495762484651
bouy1240	-0.15994521542088	1.71948643914325	-3.66385683301707	3.25301738839924
brah1256	-0.0062132948721188	1.78269743004725	-3.59135238527144	3.49381758822846
bret1244	2.31650998467631	1.76803754698452	-0.898275300603137	6.08620868772575
bube1242	-0.374657887247885	1.52723198642031	-3.43441251469307	2.55544123868549
bubi1250	0.801583423842402	1.53431331974909	-2.14149706984347	3.9106916530857
budu1248	-0.437968498410827	1.6104067250801	-3.79133657590068	2.71932681005281
budu1265	1.79931404105675	1.62688247548604	-1.20214358114299	5.25209168272086
budz1238	0.316822789144562	1.67761029775233	-2.97731426651425	3.60685535878067
buga1247	-0.282850014389564	1.68100867142692	-3.70819031691877	2.93119499984011
buga1250	2.50437267885006	1.41927616616165	-0.0379712568391966	5.54531876520622
bugh1239	-1.54108470273042	1.40463485552013	-4.48836073705811	1.03886130521235
bugi1244	1.71159784100615	1.56234901047716	-1.12934099528898	5.05595699805229
bugl1243	-0.111934604144773	1.70871895937031	-3.63796351938089	3.21569752334168
buhu1237	0.68159849763162	1.31855624500818	-1.84366367117851	3.28225908347883
bujh1238	-0.429768953021138	1.64675254848896	-3.7586957989089	2.80398748731096
buka1257	-1.07141371088197	1.5494291397174	-4.32185687960659	1.76265798356274
buki1249	1.91333142651595	1.52993597271052	-0.790361325849456	5.18070985596651
bull1247	0.968892267807008	1.5263253471187	-1.92108395579083	4.05738065111165
bulo1242	-0.487273786791708	1.73646556603802	-4.06854111336492	2.79121561541947
bulu1251	-0.790984904006842	1.50391829905655	-3.96835219759429	2.01671210447922
bumt1240	-0.243963967750847	1.70556570051141	-3.69919319083724	2.98208226953218
buna1276	1.56306193472218	1.43064002227748	-1.07696953855471	4.63226737743586
buna1278	-0.533184566559194	1.36063286612681	-3.24311335080193	2.09900156227876
bund1253	-0.0855211649841453	1.75770055422261	-3.63589981238434	3.31459136373915
bunu1267	-1.24750821977864	1.42538271259379	-4.20689299823947	1.39054888646557
buol1237	-0.860044711473147	1.65527793395041	-4.3432832106397	2.29779750741915
bura1267	0.366664793456829	1.71478272295016	-3.01455222417567	3.86681732834258
bura1292	-0.779715468430561	1.55744119112995	-4.00333142638878	2.13123011837964
bure1242	-0.55168897495578	1.46997676169421	-3.66195341797886	2.2414992106421
burj1242	0.201345653705039	1.71846118379176	-3.21198319152401	3.64860596957691
burm1264	1.33717709316381	1.52953341257557	-1.49720228371728	4.535266214244
buru1296	-0.221480476517763	1.77378363657382	-3.84709162580904	3.32723512859469
buru1303	1.30810694906574	1.58898055770738	-1.56235214006127	4.75103996444878
buru1320	-0.212380966250306	1.64562054725595	-3.51470965954284	2.97096434181402
busa1253	0.298039084709611	1.66544287816157	-3.01028281058821	3.66735205210235
bush1247	0.174234458232073	1.72167178133314	-3.13802788942326	3.63185968228868
buwa1243	0.865387492454721	1.35950472387489	-1.72101686484598	3.66156742367969
bwai1242	2.03217110521042	1.35874342072684	-0.409122214453285	4.88503504491892
bwat1240	-1.4987702873404	1.46389703000297	-4.58826608544795	1.23868428044568
byan1241	-0.161667929399481	1.7371789385109	-3.70077140464842	3.28202615189223
caac1237	-0.402510678091219	1.3533569792283	-3.09715984220282	2.29767797465875
cabe1245	-0.160427572033767	1.7356890400733	-3.67577085844023	3.20360608198585
cacu1241	0.762513883849144	1.51039059410119	-2.12533714346423	3.86032461520764
cahu1264	-0.344624086943548	1.65069432026412	-3.75046578243121	2.83164938034136
cakf1236	0.634993219949789	1.52780534112941	-2.30253836370863	3.72429422650444
cald1236	0.0426910364621343	1.66931901556051	-3.28947517666464	3.29988347056306
caml1239	-0.669362511246908	1.62451617916628	-3.99391629215109	2.4180787673912
camp1261	-0.058916163008579	1.71875881359578	-3.53670624955677	3.3248670276486
cams1241	1.10315609786531	1.68720281568691	-2.0183079335196	4.61197779619093
cane1242	0.911798476327746	1.62276152693306	-2.11853849301521	4.27627135547579
caom1238	-0.105939246856434	1.78691865173129	-3.70603056573038	3.4602640699033
carn1240	-0.335044099512287	1.66212976306166	-3.83215938459465	2.8925791107494
caro1242	1.60897448501308	1.55715741033146	-1.24228365063747	4.91152438703069
cash1251	-0.230426063186992	1.70411879610988	-3.79427185071256	3.04669851448341
casi1235	-0.193337227693896	1.40677619470047	-2.99304197527881	2.63289007772159
cavi1250	0.0358403583956106	1.58800202936908	-3.17226777475501	3.123019716372
cayu1262	1.06707713793222	1.59512547739531	-1.87056712113728	4.33740230367192
cebu1242	-0.720248133544345	1.46287620428955	-3.80377796962595	2.04843238749331
cemu1238	-1.33007328276747	1.42830987209677	-4.24057158301963	1.37236517397347
cent1989	-0.439780823358876	1.68219411273793	-3.86952396007707	2.76009088829217
cent1990	-0.430770491108607	1.64819761434672	-3.80604610261745	2.79168447544261
cent1992	-0.636927017709122	1.67137988706248	-4.1137865300585	2.55673381140902
cent2004	-0.277695324435051	1.70965471969969	-3.71539942760008	3.09070046337881
cent2050	0.0751644296825393	1.62598624624649	-3.18241877217265	3.29348047417971
cent2084	-0.219475473154071	1.41543279396279	-3.09479832536533	2.51188620189785
cent2087	0.119648226378138	1.49034558037927	-2.85336207462826	3.06364978822307
cent2090	-0.902182353128163	1.57357552398569	-4.23561590629154	2.02353621265506
cent2091	-0.694032660283888	1.63923098266362	-4.19602450534596	2.37488859812474
cent2100	-1.17998668059598	1.51557900803875	-4.35751874640872	1.61876823069345
cent2126	-0.094648934634656	1.77735514677115	-3.65942934488451	3.49399687509307
cent2127	-0.160648605200927	1.70448092654089	-3.5942290526082	3.13307492394774
cent2131	-0.993785116995355	1.63920234546808	-4.47613196053701	2.01778389825255
cent2140	-0.087955173486168	1.6285893722172	-3.42484454466388	3.10526236596387
cent2142	-0.388115877460293	1.74068740476174	-3.93746835300537	3.03329010439765
cent2150	-0.360247502221283	1.66661424279198	-3.69100213114399	2.81068233886333
cent2292	-0.395047593639946	1.31962335769523	-3.03507637046436	2.18603205274162
cent2314	-0.320623556282947	1.68178747335673	-3.71973509787687	2.95000029709959
cent2322	-0.0331137509476245	1.77172154342625	-3.63931430151354	3.47358116859069
chac1251	-0.167066335007165	1.66658673249936	-3.58189455393046	2.99166472859096
chad1249	0.376044176415372	1.74432853808609	-3.00214559092722	3.84080387218157
chak1270	0.593226429632896	1.60524449349583	-2.56331813115992	3.79311561532923
chak1271	0.000876429392905346	1.53458195811818	-2.99901499701966	2.89538655254349
chal1275	-0.0900804115119618	1.79152224244992	-3.61180954511702	3.416074073712
cham1309	0.308276456829449	1.67963062520365	-2.95604449664916	3.69462724894377
cham1312	1.4926002353218	1.56813485916163	-1.32097624288156	4.79408858198168
cham1315	0.0900723253359679	1.7036766302077	-3.27378895943893	3.38741709357726
chan1313	0.562743113655288	1.58217057697516	-2.54738793756381	3.72520965556181
char1269	-0.329758030827191	1.59845454091234	-3.51561059385791	2.86523475097314
chas1234	-0.257746569273958	1.6963908817376	-3.74683452745258	3.09569144289075
chec1245	1.13566776044263	1.68598299271971	-1.98751882507726	4.71308553224109
chek1238	-1.56455721372252	1.41058057657952	-4.55774230334753	1.00096802384339
chen1255	-0.0257356396327815	1.77920274595474	-3.54506797623159	3.46191840943821
chep1245	-0.469769534182304	1.62571525867878	-3.79608649364786	2.6642779349274
cher1273	0.45021754986512	1.65802409398639	-2.68471357819691	3.84245285383671
chey1247	0.471360521946559	1.60742377826889	-2.70925101454513	3.70502066725908
chhi1245	-0.669859987556816	1.66530645298753	-4.05456606073224	2.52784990856364
chic1270	-0.144065263361756	1.72490977679581	-3.58410689910655	3.2589426639448
chig1238	0.380683626844139	1.72050777104354	-3.03298076147564	3.90557957234665
chil1280	0.110079064469389	1.64698759180237	-3.15446725230839	3.40044181881096
chim1302	-0.24749532537777	1.69844131494704	-3.73628153449465	2.96121054693841
chim1309	-0.864104976609173	1.68828997285011	-4.39620248125099	2.33962844715813
chim1312	0.124667655650093	1.69496338207874	-3.17952329927071	3.65261907047784
chin1286	1.05073720463653	1.6761278612665	-2.01829294017385	4.54086548700258
chip1241	-0.0463867205538338	1.72600027705671	-3.45882158122569	3.36682786324866
chip1261	0.178858524882942	1.71683830674954	-3.1649207522195	3.71823873137407
chiq1248	-0.348560370133474	1.70518859760648	-3.79353570298842	2.91820462471409
chir1283	2.47937264245571	1.50021536213592	-0.147303532967365	5.65337180912379
choc1275	-0.236041421279022	1.71379533077446	-3.7875001204011	3.19249677185242
choc1276	-0.319259442927222	1.70329605968093	-3.87414685054318	2.87091790612526
chon1284	-0.336120091839942	1.69565655309778	-3.7610309978018	2.97329453409483
chot1239	2.73301620242523	1.50993245369112	-0.0390650955729195	5.92334831005457
chra1242	-0.404754887320887	1.72777256053408	-3.88786179132328	2.94334643161422
chug1252	-0.216352113857654	1.68852266660922	-3.64724093719072	3.01646175755225
chuj1250	0.407142850441566	1.5014203632827	-2.52354911595343	3.45169065493705
chuk1273	-0.118449351394229	1.76998264543518	-3.72503910911219	3.33887266865787
chuu1238	-0.555135893675597	1.57567315424726	-3.83873711993284	2.37084801372784
chuv1255	-0.0464627744071033	1.77708471338371	-3.62769832257821	3.51112224282715
chuw1238	0.690275413824659	1.5858936512387	-2.32523777403222	4.03614962142602
cici1237	1.0811353218393	1.52554039007157	-1.72915441269024	4.26059005106042
coat1243	-0.779124085173366	1.72287886316928	-4.38989514962664	2.49815035002754
coca1259	1.61595782126338	1.60753937414866	-1.33337118895601	5.05202094083737
coeu1236	0.125614761880514	1.68936281125713	-3.25546161703966	3.49394259575399
cofa1242	1.14681766626629	1.65071682729882	-1.88078313892311	4.6250175905273
colo1256	-0.162123217974047	1.69741187604989	-3.58170011531405	3.07190695428648
colu1241	-0.0592640651196037	1.72503907756915	-3.47444215665876	3.323179408838
coma1245	0.156599143161849	1.69900217955005	-3.35093039001657	3.38611772003361
como1259	-0.22167631689644	1.69968376008034	-3.60880706634686	3.07444055720673
cong1236	0.234542528438944	1.68429979477421	-3.03598739140704	3.6582541671751
copa1237	-0.805797417807053	1.67494825711114	-4.36143638595873	2.5233276240871
cori1240	-0.292146687190592	1.40548614718844	-3.05490102047801	2.46202919131412
cors1241	-0.0572174285971255	1.77656256696476	-3.64256952695343	3.44085952207227
cosa1234	-0.486967614163204	1.6750225525067	-3.94135789324936	2.71361223960493
cota1241	-1.29217230066541	1.49443672384682	-4.49294984967916	1.41182985122359
cree1270	-0.347048326219348	1.74419114178351	-3.93694090949052	2.96589008228756
crim1257	-0.0207342013418484	1.72888612593411	-3.45643901157533	3.36609460315695
cros1244	0.995102176416064	1.487497681817	-1.79053127706903	3.9719276692417
crow1244	1.13419829404153	1.57844379671108	-1.80306118211368	4.39117951594662
cube1242	0.35071600338044	1.61205005462198	-2.81950715985007	3.62477994103705
culi1244	0.803227852847656	1.62809312518255	-2.22735635321724	4.20204498637761
curr1243	1.08496581607098	1.55727411628278	-1.80384653645955	4.36461899579859
cusc1236	-0.581084546214955	1.73364831971963	-4.16184932535952	2.67191269416975
cypr1248	-0.0525001096389004	1.72477889750033	-3.51703523815739	3.35556614778747
czec1258	-0.0387979909194925	1.78936341719298	-3.61193360353268	3.40076320263722
daai1236	-0.272311179923045	1.5776792105355	-3.50523288341962	2.74909558063826
daak1235	-0.58352036619482	1.47751871680871	-3.60649958944921	2.28225016198849
daas1238	-0.37666854158958	1.56186273319855	-3.48798516163741	2.7164589035014
dadi1250	-0.279936039551511	1.51502182415462	-3.43156812732101	2.66332582231588
dagb1246	-0.606628484544039	1.64251299367923	-4.01160505665096	2.54621664615205
dagi1241	-0.293375462048512	1.71555173968794	-3.83473163390817	3.09156451009971
daha1245	-0.0224037577400592	1.80561641963906	-3.68701544003764	3.62139696639622
daka1243	1.10356713078179	1.03755902859233	-0.840865691655228	3.20963506091831
damp1237	-1.1656564950478	1.60510601599293	-4.57578870299844	1.80407416660992
dana1252	-0.285420899641842	1.72981106748157	-3.8401750005491	3.03954763963789
dand1238	-0.130232598079855	1.79411293221196	-3.77002504364122	3.4596725523362
dani1285	-0.0469179267998913	1.70203768934397	-3.44339200529397	3.34139147375251
dara1250	-0.399505617328204	1.66302064881768	-3.72480223756	2.86537058030979
dard1243	0.0542036488764604	1.58016893355655	-3.11316615924527	3.09289027634613
darg1241	0.852539075212333	1.70268331940469	-2.32492309945676	4.37019502995074
darm1243	-0.163639014940114	1.73715128983444	-3.72613613043432	3.28437007512989
daur1238	-0.0274389183266934	1.77483626161665	-3.62659594675426	3.60518170847868
dawr1236	-0.00581222041131866	1.63132692942645	-3.31028336621883	3.28722142767771
daww1239	0.476381962400398	1.62838340190307	-2.68290139772517	3.81072055912267
daza1242	0.0388186713935649	1.7686623152285	-3.43651742987896	3.51923814991057
defa1248	0.55832403643396	1.39015984072424	-2.13102442703071	3.39126994716197
dege1246	0.776767691163884	1.38219302980743	-1.89877593904215	3.52354894856409
dehu1237	-1.34695137496044	1.52516404853701	-4.50152888514921	1.4465330604785
dera1245	0.365022741768431	1.46358738603194	-2.54924547320663	3.2897283971016
dera1248	-0.642189558687647	1.44575631342973	-3.5778623678674	1.99459652295105
desa1247	0.65513998759747	1.52079003145463	-2.32278566475242	3.7181552607736
dhao1237	-0.149020112272853	1.44699294782403	-3.02554106701143	2.71134243100793
dhar1247	-0.0524257481507363	1.75097264208718	-3.6676265219828	3.39890223245584
dhim1246	-0.433082858982505	1.71445579993357	-3.93507985358458	2.87944800838116
dhuw1249	0.0853834112372725	1.72929771806716	-3.37977762165653	3.53640421979865
dibo1245	-0.721010166041015	1.56021338731348	-3.98565720363433	2.15185625961661
dido1241	0.0667187252862496	1.68826475864255	-3.2036187608835	3.41739046288676
dier1241	-0.0558754034868374	1.71872179247875	-3.44556910906441	3.3526060930094
diga1241	-0.217423949959977	1.78472277390968	-3.94332404952374	3.35754748713661
digo1243	-0.516637710580888	1.60085683341296	-3.78142513886869	2.72293615563082
dima1251	1.34240868318152	1.56417426064827	-1.61012739041146	4.58066717757778
dizi1235	-0.439587076613645	1.6295357938269	-3.64798186201538	2.74024445988275
djam1255	1.07176475864688	1.68511709022617	-2.01947684222316	4.43497222545626
djam1256	0.0829052229482042	1.76781356226968	-3.45778877914525	3.57590976625385
djee1236	0.391020952924727	1.74707633176668	-2.9865460570049	3.91851373495805
djeo1235	0.0356752698826875	1.53464345319514	-3.02610887546851	3.06184536165262
djin1251	0.301384867163996	1.75457270636096	-3.07950092053455	3.85691095167005
dobe1238	1.36540042081376	1.58711531675961	-1.55128605008285	4.73880146731468
dobu1241	1.83056642535262	1.40376126676903	-0.688904628737233	4.8659186907692
doma1260	-0.22024965004124	1.7742520350961	-3.76290718541077	3.283116499512
domm1246	0.418608706580601	1.50871400115404	-2.52027714838657	3.45760107607376
dong1285	-0.130183681426357	1.71058812451683	-3.64595672143856	3.16111943057567
doro1266	0.75151659914699	1.29572306200997	-1.70785651070548	3.37977480975951
drun1238	-0.260621727407456	1.74591475005408	-3.8652298345874	3.15072753949212
dumb1241	-1.56834874052221	1.59963251846182	-4.88354969882818	1.35569456433883
dumi1241	-0.656024479115374	1.62497150335737	-3.99544943507568	2.43241555104579
duna1248	-0.422337219654242	1.62106460366447	-3.67645915328926	2.75682126471897
dupa1235	-0.263787363596358	1.44904793894097	-3.19219026662606	2.50935111310677
duru1236	-0.229846570577132	1.76894779500189	-3.83713254758382	3.22665325826618
dusn1237	2.02915659267595	1.58306153739543	-0.800387227396244	5.47759985386089
dutc1256	-0.0518034869991041	1.71723894335485	-3.52567042853674	3.35845987022601
dyir1250	-0.159809269441971	1.74343541683435	-3.62325798630803	3.31594272617093
dyul1238	-0.499304282426673	1.48966028717274	-3.57278725591954	2.381210369184
dzao1238	-0.072160625528022	1.76239391811854	-3.58702340606391	3.40561759909314
dzon1239	-0.305850570099105	1.76149061824509	-3.90546484731822	3.24160771475914
east1236	-0.522326046308898	1.68294839041815	-3.95867395951875	2.68857174851852
east2328	-0.051359992077969	1.79587007110025	-3.6268048569911	3.56904369163451
east2332	-0.350561082315349	1.69744785355959	-3.83979355708023	2.90521727060052
east2333	-0.730916789834083	1.62871641537785	-4.14093614522902	2.3411988312734
east2342	-0.309393240620486	1.69581438152409	-3.75502597138231	2.96986099248373
east2379	-0.0490155495961457	1.75863675809272	-3.65388058080882	3.40279141916127
east2440	1.70837815545848	1.64004150571105	-1.26311629197183	5.18676525697844
east2443	1.18607864676611	1.2445576370672	-1.18231744914439	3.73114291096023
east2447	-0.443962835224788	1.59642797477018	-3.82549449895595	2.55619935284902
east2485	-0.909209486173497	1.54155963412365	-4.07362707373302	1.9993514008744
east2516	-0.464037676821434	1.6056597580804	-3.76868369183119	2.69890472024056
east2555	0.328427903375355	1.62499374076485	-2.84915163650814	3.5596949834452
east2556	-0.517215464074013	1.51262684251972	-3.61660108136898	2.37666319728663
east2563	-0.547303162351393	1.68339474922623	-4.0051973376683	2.65959928678948
east2690	-0.0510508032278466	1.74755056091309	-3.57491749259371	3.33790349647265
east2694	-1.19727663142196	1.52489547418852	-4.44984179117639	1.59052797710212
east2773	-0.571130107697011	1.64826347740348	-4.03875980435289	2.47225887791939
east2782	0.361271088235109	1.7115607955513	-2.96009194092888	3.95793839784003
egaa1242	-0.134420725932727	1.52412383137332	-3.24276904480409	2.83723244843277
egyp1253	-0.0429673794067061	1.74147704501425	-3.43653515855503	3.45443948669142
eipo1242	0.0705525583369772	1.67521426606071	-3.2445856533778	3.42714263838098
ekar1243	1.02081591939117	1.62066679832256	-2.10715335843552	4.2749086101929
elem1253	0.644610672993608	1.31500309891644	-1.94666036229361	3.3016091139436
elip1238	0.315340937568162	1.26068621188198	-2.08832361946065	2.88763046967158
elna1235	0.417225232370092	1.36464693946182	-2.28163885450772	3.07516166362116
emae1237	1.37584967119958	1.23677129880923	-1.02818779421817	3.93098350296461
emai1241	-1.23669256042359	1.4409718156461	-4.24558195193575	1.48429687311488
embe1260	-0.49879194853385	1.71909981122407	-4.04226426953251	2.81910662923445
embe1262	-0.131448179007106	1.73588476767507	-3.64613590534972	3.27575264502632
enap1235	0.882783621675924	1.57865724951351	-2.06363223505802	4.16045813678187
enuu1235	-0.352156907207321	1.71374309592638	-3.82265276616606	2.98110978638983
epen1239	-0.105642368797639	1.77480826531648	-3.77764414035401	3.28275890089523
ersu1241	-0.207386209728999	1.72569785603579	-3.67055057910377	3.11725603574867
erzy1239	-0.0286751742958362	1.79096073713456	-3.58165299270353	3.51617638534287
esan1238	-0.826750512694643	1.55134543752076	-4.03904516612404	2.11025298263938
esee1247	0.988665952274775	1.43664415853723	-1.792731737082	3.9676261662521
esee1248	-0.299392008233443	1.73927710072455	-3.87008727972178	3.12871736925543
esim1238	-1.51135999722	1.35894535259019	-4.26767804384803	1.01003764937297
esto1258	-0.0648081641349597	1.81191384831437	-3.69572263812652	3.56170775019402
eton1253	0.337613813414394	1.31479219968999	-2.23840215068335	3.0234546962744
even1259	-0.022699886973775	1.76192135847872	-3.56872668706085	3.45678387706551
even1260	-0.0152100744477745	1.71906314666546	-3.5042570675748	3.40866818170744
ewee1241	1.93055629121518	1.55111963348273	-0.952343213134961	5.16459486187461
fait1240	1.23326843037735	1.42727449415766	-1.4145343867733	4.22637706880556
fala1243	1.19557337915011	1.58932756806497	-1.86380312368267	4.50372282869081
fare1241	-0.110841484862588	1.61903177199515	-3.34406830225267	3.00213472850874
faro1244	-0.0627927582196267	1.71601839489558	-3.45568531042114	3.37850234985696
fass1245	1.05539249112236	1.3962835737884	-1.55175870183965	3.89595648159827
fasu1242	-1.01106601309162	1.58752982132607	-4.32899832169512	2.03714640698827
fiji1243	-0.585252980351783	1.59921695539998	-3.89208255812152	2.39510455456928
fili1244	-0.191748941210936	1.43177117798927	-3.13365988767829	2.65375356825343
filo1235	-1.18365886018203	1.46623072175222	-4.37316288654781	1.49223487135726
fina1242	-0.272975909970715	1.30909007419299	-2.81952468970188	2.30805378755191
finn1318	-0.0405668564649563	1.73279774014419	-3.54023850420198	3.39328262027392
foii1241	-0.840948573461118	1.58693237281613	-4.23785892108308	2.23745818917165
fonn1241	-0.149530254573127	1.42918007513323	-3.10313048811902	2.58441135090034
fore1265	0.00374169073716702	1.79913104958414	-3.64562571700782	3.57838875041339
fore1270	0.0980836338068257	1.44432018382051	-2.76090002532796	2.94213937293082
fran1266	-0.306335331661486	1.62708633869791	-3.6442012153041	2.86871164474905
fuln1247	-0.234574643725847	1.70621238909311	-3.71471556481639	2.97497807795511
furr1244	-0.36310308961108	1.73942469839977	-3.82128244467039	2.99903565501018
furu1242	0.37723227906941	1.46062564999755	-2.48224285870754	3.36402387987337
futu1245	0.502268138288856	1.40875636622475	-2.3317295508198	3.3147945166474
fuyu1242	0.74875532049363	1.40365288146112	-1.94173548335341	3.57766795753285
gaaa1244	1.81097454060048	1.66409924976021	-1.14727416588188	5.32939802098062
gaam1241	0.339535180154387	1.68929045174575	-2.93933251471088	3.74964250525945
gaan1243	-0.700739297248123	1.51804353228754	-3.7948022014338	2.17869913207367
gada1258	-0.18183596674631	1.31893915950234	-2.82363695929292	2.38390536281574
gade1242	-0.0804079954159781	1.48752124393099	-3.03914364585718	2.83256136058543
gaga1249	-0.026961098851488	1.78420607835228	-3.61975730414218	3.50296753829068
gahr1239	-0.124595581723431	1.76121401441346	-3.75440665076612	3.4233075974753
gala1264	-0.111064428138098	1.46704345132406	-3.10259402176336	2.75561410190373
gale1259	0.729628965753894	1.7381621409485	-2.53132101324316	4.35671973972438
gali1258	-0.046046930799184	1.78586933623363	-3.69505099424345	3.43557511637221
gali1262	1.14491620561288	1.49352474762878	-1.65012821512973	4.25030988326402
galo1242	-0.153588868181416	1.73912530062177	-3.73045220787608	3.18796797793333
gami1243	-0.0662695750170927	1.73172928945795	-3.47696750206992	3.31735274058276
gamo1243	0.539423112383918	1.61939756679179	-2.53110468952288	3.89069564840643
gand1255	0.502282904303329	1.66754339539475	-2.69476832581452	3.97635669160464
gang1266	2.79497074741162	1.52627760364733	0.0224149588199426	6.00952508194435
gang1267	-0.510424634236102	1.74023704333743	-4.04500445295468	2.79743854571891
gant1244	1.53282412512034	1.51839041725361	-1.24488962938829	4.72405696229306
gapa1238	1.72143176776453	1.33750174095959	-0.733390916615217	4.44960164483991
gara1269	-0.374671340529991	1.68889485921259	-3.84489652214845	2.90864010579257
gari1256	0.157714365691526	1.50864367653789	-2.7175588696338	3.2251709010273
garo1247	-0.0778077644940439	1.72144825990289	-3.57452131724591	3.30209201341398
gata1239	-0.273096560194531	1.77352931453303	-3.83376420618935	3.16536908795012
gayo1244	0.401718040678469	1.45585465483287	-2.53489031707229	3.30571699364837
gbay1288	-0.938013212102072	1.74606438100168	-4.52127227544939	2.36335619828834
geba1237	-0.293458798887479	1.72708917415043	-3.79552302345605	3.13298640283316
gebe1237	1.70807780987826	1.65840569046793	-1.28466443863923	5.28752140500131
geda1237	1.95049287125746	1.37473669141018	-0.55558964860573	4.91842160916923
gela1263	-1.2392426485358	1.35583099663424	-4.03674085151886	1.32299377773985
geru1240	-0.244516489433938	1.57670591448011	-3.4922832710944	2.74577911025776
ghad1239	-0.0572369642834621	1.74986870548584	-3.57283403992499	3.38724962359422
ghan1242	-0.719599141989465	1.36853447339958	-3.51982153519845	1.89375197220299
ghar1239	-0.844809644037876	1.38596684356185	-3.68119140985367	1.80759660882878
gheg1238	-0.129263348958884	1.70778666251379	-3.56745232577964	3.22708690255786
ghod1238	0.607180508381955	1.70496688042694	-2.63858815322094	4.08563743007651
ghom1257	-0.559212089547514	1.65645307065298	-4.07959080762096	2.57626927195512
giiw1236	-0.449840040871439	1.45366358445742	-3.50476987387303	2.31219318199766
gilb1244	-0.546384262057516	1.5945614011458	-3.94659824088	2.45724481339628
gily1242	-0.210319887394332	1.77757004986943	-3.76382626565674	3.25310562769224
gira1247	1.68280187332093	1.40677705818793	-0.851830191392665	4.65968219148521
giry1241	-0.104836908363383	1.64218681750398	-3.33795662112481	3.23430263925573
gizr1240	-1.66837681661878	1.63127687028411	-5.19253079281689	1.31336992990873
glav1244	0.778510154108349	1.4187332121594	-2.00009920613863	3.66874619179561
gofa1235	0.223752588171912	1.62012107982023	-2.99637081652963	3.49872698387781
gogo1265	-1.6617662950206	1.66727481008524	-5.24227068769372	1.39536225601881
gola1255	-0.712149742935314	1.61073279332147	-3.98427396687859	2.35652680433761
goli1247	0.182539616850356	1.51283629951828	-2.80627979125485	3.15544355954334
goon1238	-0.0583262468442537	1.74955076510363	-3.48723290110508	3.48460034354124
gras1249	0.816203132874495	1.30897625544469	-1.62527054406165	3.50094739239105
guah1255	-0.51397924556207	1.69072653300666	-3.92241965453771	2.71197621883182
guam1248	0.187228037703759	1.68068069247944	-3.21211845281393	3.5394442428576
guan1266	-0.258880570796913	1.70103677375914	-3.75358015541805	3.01945162015692
guan1269	0.739503510591876	1.54602623912842	-2.24843397266931	3.92791336479672
guar1293	1.26686428832229	1.56750338551646	-1.6232804606778	4.57479810835119
guat1253	-0.357756997727383	1.6594844290013	-3.67871793916241	2.72252904038647
gube1234	0.230239381175228	1.49040361009331	-2.72452307990052	3.14982028509241
gude1246	-0.335879821253327	1.39871366490989	-3.17876173112414	2.38782022332064
guer1241	-0.489414079218756	1.53187255506006	-3.69714201088767	2.3921739028483
guer1243	-0.761381536861439	1.68363279636141	-4.35828293090791	2.49230478884774
gugu1255	-0.117436639932995	1.76497989357584	-3.69167735988475	3.32309409640502
guhu1244	0.987492378375496	1.42613683004862	-1.75956920599149	3.88921536568531
guiq1238	-0.213431663967491	1.74255549736418	-3.79239488383859	3.16473252576855
gulf1241	-0.0370666405630167	1.7795272308013	-3.51865005985825	3.50978480422008
guma1254	1.61684707144623	1.36133442556519	-0.89767417850227	4.49789684029225
gumu1244	0.0791395900954837	1.74075729563528	-3.38178176429205	3.55905573475879
gunw1252	0.56011336767564	1.74415681693285	-2.77286631598226	4.06600881427461
guny1241	-0.0603698281113078	1.73089653360141	-3.53926069152522	3.3363704915778
gura1251	-0.100783872718062	1.72083843848537	-3.52767553335128	3.28845024986669
guro1248	-0.238984444378979	1.78522261093816	-3.84005140205269	3.28803206301324
guru1261	-0.618352615768429	1.63100458275096	-4.05881350230062	2.4299828332354
guru1271	0.250698456291142	1.49523514050503	-2.69366779558635	3.2118584854148
gusi1247	0.918871665913687	1.51319507752933	-1.86314671810444	4.17236794624125
gwen1239	-1.07181869597925	1.50028390467071	-4.05582912174001	1.80781606943036
gyel1242	0.522765521032134	1.52288529773796	-2.52952376172944	3.58206455160965
haaa1252	0.300453048962686	1.72072892574445	-3.03913611620205	3.81858761895279
hadi1240	0.230621139142033	1.69166699993312	-3.13423551046442	3.59599095194053
hadz1240	0.0015662688162299	1.66294450829998	-3.26161199248208	3.30404783450605
haka1240	2.55227977005247	1.61287724305436	-0.331299336938291	5.925839814324
hakk1236	-0.0993703498508543	1.79076879235864	-3.80657798138462	3.40942776843111
hala1252	-0.633877162172056	1.67654815708291	-4.17175576448259	2.52654866752734
halh1238	-0.0483218386469704	1.73340278009878	-3.45292313234561	3.44443426734329
hali1244	-1.20648284647427	1.45415647509652	-4.24919038556857	1.48072461152959
halk1245	-0.134287154042986	1.75732449671528	-3.58972459923491	3.36383954410804
hame1242	0.422803934927107	1.55425168217994	-2.55883357940319	3.57048558529668
hang1263	1.48443177952208	1.46427864352481	-1.22458734331802	4.53753206592618
hani1248	-0.348605904480249	1.75396829951386	-3.96830642794949	3.10760674092856
hano1246	0.851373430098229	1.17780987961283	-1.42356760832017	3.18816564782637
haro1237	-0.628899128150015	1.6789707048944	-4.10884398694662	2.5056900403871
haru1245	1.23686772301485	1.50325559899975	-1.56230519488794	4.37165684441047
hass1238	0.0525028871456327	1.69807492480169	-3.31792172356552	3.32068833254566
hata1243	2.20968139905493	1.72503516472984	-0.886753249372733	5.92059945679694
hava1248	-0.173184476643956	1.67034993321514	-3.52033397147624	3.08834819696538
hawa1245	-0.27400719181178	1.57683320009985	-3.56771009561092	2.7027221044152
hebr1245	-0.0780047747640522	1.7278283203213	-3.60880008879341	3.37333686510893
hehe1240	0.423075785081006	1.69351570488384	-2.72982611541028	3.89112077703382
heil1246	-0.23003686481058	1.69346865711792	-3.61404345073474	3.13356085805605
hela1238	-0.512445510947505	1.63002218802365	-3.84795577202899	2.58606214011179
here1253	0.138267067054184	1.6959100845931	-3.09533518794019	3.56325921471074
hida1246	-0.782793765495085	1.6010638275327	-4.11041397688996	2.226363865673
high1243	-1.05533841552245	1.47727680479077	-4.18196895132415	1.71257955015392
high1276	-0.27695996631158	1.35411205700888	-2.92827496438888	2.37199799161907
high1278	-1.18381509811186	1.47111090245246	-4.36801220777746	1.50311329677711
hili1240	-0.712351225451234	1.63799070808214	-4.22622456501517	2.3204653933398
hind1269	-0.0848018404763399	1.78210871280356	-3.69482263605765	3.37714388727158
hinu1240	0.159991164691217	1.68943759797128	-3.14931876179861	3.53411942076168
hixk1239	-0.519732107379768	1.54269466024593	-3.7498614940083	2.43362940753744
hlai1239	-0.240538273402117	1.73945589624156	-3.75592861350745	3.13584077933314
hler1235	-0.267272341476544	1.7363957674308	-3.75230802375579	3.09562965453308
hoaa1235	0.0117359960007365	1.71303304180647	-3.51137922003028	3.45996971707859
hoav1238	-0.66240048845327	1.30097893040515	-3.17860710452299	1.83096156509901
holo1240	0.326458077475709	1.7174231600417	-2.93948938940992	3.82122067477255
hone1235	0.257608330257314	1.31493071837528	-2.31480373265161	2.82345102043471
honi1244	-0.324771721956303	1.74115319181792	-3.88775427716041	3.08965455789548
hooo1248	-0.226737930193743	1.72016114663338	-3.80998195439848	3.10035590296857
hopi1249	0.104231809097386	1.71779902237722	-3.3332290188238	3.50887985893247
horp1239	-0.234689919088862	1.71537860445301	-3.76499834199161	3.13445816078601
hote1245	2.02027565611461	1.25360580135201	-0.261154915029795	4.63229397347111
hozo1236	-0.707383946111333	1.71611994617154	-4.27576949957584	2.61252579504817
hrus1242	-0.155663708048969	1.6745153390109	-3.54815665468511	3.20618445136779
huaa1248	-0.122900416294014	1.74848956244248	-3.64763495029303	3.30298701952133
hual1241	-0.0858833944579323	1.62638473834933	-3.31378761363481	3.04664969422112
huam1247	-0.49787861616257	1.68796461817913	-4.01827479398029	2.81315852748757
huar1255	-1.11897463143865	1.62587221159331	-4.53913586428293	1.87391491148447
huas1242	0.582158189028168	1.50894592160884	-2.36995873249711	3.63792367901739
huba1236	-0.452407616075911	1.45192310538542	-3.38396198271845	2.33849770912803
huic1243	0.0511388312172349	1.44340012841776	-2.82617172073274	2.81277672440152
hula1239	0.429306426768714	1.27019002289375	-2.01158505854945	2.99990156914178
hula1244	-0.00606478008047017	1.79072887081593	-3.59575775406038	3.56512681918845
huli1244	-0.676117863875161	1.63363947035119	-4.02483541226963	2.54184544857533
humb1243	-0.352142755491984	1.7372183518909	-3.76827231997835	3.03466174313137
hung1274	-0.0596069954910165	1.805035049845	-3.7662303706727	3.47875746508764
hung1275	-0.334595173096774	1.704114056757	-3.80940240802959	2.98714727975712
hunz1247	0.262119754728041	1.68874938797751	-2.99421428728909	3.64509301120335
hupd1244	0.458073016892482	1.52031014047645	-2.49147148026774	3.50916396661709
huuu1240	-0.451411091177811	1.66942412593856	-3.93355576696114	2.72703546762201
hyam1245	-0.311203608622833	1.41964423438571	-3.10579083760258	2.46091022865748
iaai1238	-1.47085120937461	1.51621932100844	-4.6846925403961	1.35822773011841
iama1237	1.9425068507125	1.34726933944059	-0.534303639918321	4.8179826296578
iatm1242	1.24989015566347	1.48946539995963	-1.49937471098683	4.31538778341299
ibal1244	-0.808224882186839	1.38363228364915	-3.6029985530411	1.81018911395621
iban1264	-0.701564523078815	1.64100207694543	-4.16226643637254	2.28118230619804
iban1267	-0.263374175000661	1.38062316729416	-3.00686554676771	2.41860149624717
ibat1238	-0.0968951659010492	1.54686505837188	-3.29906135819644	2.83960747068831
ibib1240	0.794356750635387	1.57023511889044	-2.21429097072535	4.02615270168002
icel1247	-0.0789243614894154	1.73712535873835	-3.54496906716331	3.3648980870095
idaa1241	-1.15882083339709	1.58128725967657	-4.55256625584291	1.72970407919183
idii1243	-1.81180501042103	1.64812984021223	-5.21764665180211	1.24047733809491
idom1241	-0.412893809986294	1.51193735295534	-3.45978409794378	2.52740134619698
idum1241	-0.141604268452251	1.74119287555787	-3.66072011383223	3.14514579586945
idun1242	1.95014322823483	1.376427157389	-0.543346647489325	4.85785157886104
igna1246	0.259288871553773	1.50947893243152	-2.63527488793124	3.33028532560148
ikkk1242	-0.0679603267603583	1.75970664661964	-3.59031447829475	3.3319062434283
iliu1237	0.378267863559998	1.45178267818113	-2.40273882332018	3.36870166879335
ilok1237	-0.956816854167069	1.45452239654327	-3.97708394747961	1.81843054260963
ilon1239	-0.165432967063876	1.33349571642079	-2.79121934367974	2.51874219421534
imba1240	0.142260624869338	1.66327038398737	-3.213863829985	3.45704993000438
imon1245	0.707608311328247	1.43044912713908	-2.01953096086897	3.56600519846394
indo1316	-0.690559160544315	1.62751348382413	-4.14909541782252	2.29090307125052
ingr1248	-0.056337860524781	1.78946001448148	-3.61595627947137	3.51978519623952
ingu1240	0.490723001172741	1.64448075257034	-2.68296326918405	3.88643743836894
iqui1243	1.87411963699828	1.69389157806344	-1.18329996991234	5.39881743405097
iran1262	-0.944232203306593	1.65403135532638	-4.46705901088669	2.12098938999017
iraq1241	-0.0678382756019026	1.61894713915101	-3.28607913176961	3.1462045154145
irar1238	1.69330683398742	1.53342308150026	-1.04426983457952	4.95680278797315
iray1237	-1.00028820943723	1.63321986359622	-4.47196968280248	2.01225854267765
iris1253	-0.115850097836691	1.71437582414382	-3.67040346933981	3.28573274541611
irul1243	-0.0194197227219612	1.79873319626302	-3.57910005526067	3.57606195641918
isco1239	-0.118403862137326	1.64105531082013	-3.38505447954385	3.09110377341718
isin1239	-0.553946972449856	1.31331355730306	-3.20742536272381	2.06634051901553
isir1237	1.93505925695131	1.55777774007715	-0.855992930963851	5.35937464783282
isna1241	0.564374644315093	1.41516319669825	-2.21895470104681	3.44661257012606
isth1240	0.00515422561801812	1.32619758744539	-2.5974329135638	2.62672092826195
isth1241	-0.258466836522267	1.33539286732671	-2.96558561150665	2.306136178585
isth1242	-0.237580705677893	1.32150644230046	-2.86746708756557	2.32770455919711
ital1282	-0.067860191862581	1.72952292963039	-3.52281280680028	3.50214295269009
iton1250	0.932978884899231	1.56480042921402	-2.00126046278049	4.19015420303328
itza1241	-0.0704899064124469	1.6259212187368	-3.35843286975085	3.10296246701752
iumi1238	-0.429934410581327	1.71992882769568	-4.05011258985371	2.8804941895803
ivat1242	-0.39638770514845	1.69308316039121	-3.81754453741291	2.86808895022137
iwal1237	2.100052396855	1.31906281244042	-0.31001139035414	4.85956635950228
iyoo1238	1.23429829289373	1.36326006849774	-1.37600870089026	4.09331383510208
jahh1242	2.9554561363079	1.67753171869939	-0.0395821964358966	6.49858961084414
jalk1242	-0.732913569515405	1.53306272599622	-3.93616124133772	2.19331742590487
jama1261	0.626916861578961	1.64810978690537	-2.52060265646873	3.91753198490266
jamb1236	-0.428615413451367	1.63523501306466	-3.76144404159052	2.61715384524854
jams1239	-0.560451581727491	1.6867385369146	-3.97455049951247	2.64397139261524
japh1234	-0.260180270918444	1.68451403645658	-3.60014201111384	3.0111294895404
jaqa1244	-0.0396684501222228	1.62824221538808	-3.40071602881119	3.19723442312485
jara1266	-0.700320421217614	1.71181257689598	-4.31846287524834	2.46463329561385
java1254	-0.728029709783933	1.6166125910916	-4.13434428651574	2.22199928471494
jede1239	1.72026450824815	1.53132694355682	-1.12491061868404	4.83583325401307
jeha1242	1.62072053883408	1.52599286662236	-1.18037766388671	4.79589736472396
jehh1245	-0.580320797567877	1.7021895597728	-4.15152192365027	2.65410280103637
jenn1240	-0.0910791968595464	1.7634875250037	-3.58280786903124	3.36383648286379
jeru1240	-0.610560390455179	1.65061323986441	-4.06301916051532	2.57091542050712
jiba1237	0.623422076801012	1.30722057858987	-1.91001955372084	3.33006640278531
jina1244	1.53104160394048	1.41493745119857	-1.11050204099177	4.50444144438148
jita1239	0.802912465928034	1.64096512868111	-2.25981209110701	4.15809998447088
jjuu1238	-0.242214221167169	1.42731168121478	-3.12433511672818	2.53600420124813
juan1238	-0.159739629932094	1.68140474875499	-3.68083215306298	3.04846149057297
juku1254	-1.96622385636701	1.39660431653516	-4.83689643752951	0.562475645749518
jurm1239	0.603079661560783	1.47873312226318	-2.17110953699682	3.74771335497466
kaba1278	0.638357100691153	1.73433605529406	-2.65541196299028	4.27880052583814
kaba1281	-0.117116338659001	1.43560430399936	-2.89306566040199	2.83915657967228
kaby1243	-0.0539330860138954	1.73407023507017	-3.54138566306233	3.3666315339218
kach1280	0.0561570094381258	1.74830380245539	-3.49059609451903	3.47165960901936
kach1284	1.33195350784757	1.65120644487577	-1.72996052847513	4.82910443700058
kada1242	-0.0982170389783174	1.75113797783205	-3.58380745091367	3.29452748947285
kado1242	-0.422804214163827	1.70009598503443	-3.88365613227026	2.94327765612698
kafa1242	-0.724853805784144	1.67897090532419	-4.31290269506674	2.4764819065009
kaga1256	-0.950755440725896	1.58289145466709	-4.24088667022302	1.95004686767876
kagu1239	-0.129242983066187	1.62183309661368	-3.30497630108574	3.17525247198388
kaik1246	-0.322524381032378	1.71620984545313	-3.80282840223142	3.0021563039436
kain1272	-0.298257635535922	1.66921172749937	-3.68613600052248	2.86605777174346
kair1263	1.90923519648477	1.53982953127577	-0.882035473000706	5.16170519068064
kaki1249	0.0380506893159533	1.45459145993397	-2.86195914571353	2.88560526301317
kala1377	-0.445190137541282	1.74148987529113	-4.03877387719588	2.9025984498023
kala1384	0.215427607397969	1.68293487881129	-3.091123438506	3.56143052934993
kala1399	-0.168685141531404	1.75109821774477	-3.80532092301681	3.24483229028164
kali1308	-0.356692351632921	1.6048142664621	-3.62961026169434	2.74963336162958
kalm1243	0.103116060447361	1.78294980781604	-3.48560666311277	3.70115764179105
kalu1248	-1.05967692772487	1.62734346155395	-4.39299739613828	2.03704908112503
kama1367	1.67631278922596	1.5187618477093	-1.11441458538025	4.88203354587018
kamb1297	-0.0998317080198158	1.60832024582174	-3.24924405431935	3.12919095349228
kamb1299	0.413356861720318	1.48034388794088	-2.40473348210651	3.47387872661584
kamb1316	0.440345334938832	1.70632587050999	-2.90514906554921	3.90354844887325
kamm1249	-0.331739602131525	1.47293169484199	-3.35108380420909	2.54463297704485
kamo1255	0.898643742532914	1.65085723124328	-2.28332568504619	4.25113662202569
kamu1260	-1.34492664314054	1.68866443366029	-4.973329220461	1.78819168984675
kana1288	1.01547456433582	1.35040327953142	-1.56638437643035	3.76612036981143
kana1291	1.39896693960004	1.71699428278077	-1.73397665005318	4.98465163374993
kani1286	0.286114561198121	1.43802081558714	-2.4905789146762	3.074095827756
kank1243	-0.57038507282457	1.35820056283245	-3.32896317675481	2.03037504779597
kaon1241	0.251660129466783	1.7156970905705	-2.9774025493754	3.74405183218598
kaqc1270	1.22206753936488	1.5924013158267	-1.80489182728201	4.55133431822706
kara1482	-1.44129273728719	1.55719064175428	-4.76694050126787	1.43474321674771
kara1486	-1.16668084727766	1.37085601045817	-4.02097110870988	1.38447736202484
kara1487	-0.485740491654924	1.29877044196315	-3.10291108166947	2.07515371378601
kara1499	0.735384453959451	1.68043963032208	-2.5369500665431	4.14595224485187
kara1500	-0.0790894376497218	1.69166127277055	-3.37530248787901	3.17393747062744
karb1241	0.92824444532771	1.59685475891186	-2.18592621915625	4.11865583590057
kare1335	-0.0243250015694006	1.8542811192915	-3.74162403704385	3.61177603213229
kare1338	-1.13553879481221	1.57238496925548	-4.45816820280076	1.80036586124613
kari1311	-0.571603926470018	1.63931551416831	-3.92803335822681	2.53401368273724
kark1258	0.0917461535883932	1.43819609726879	-2.76477969981145	2.93977650731646
karn1252	2.63849645794733	1.52649949054145	-0.0389787862688225	5.84617077085445
karo1304	0.690797359968514	1.66990766607105	-2.50248282890137	4.08791993338804
kash1277	-0.10177495226967	1.82391318844192	-3.76157810618028	3.50269054279007
kask1239	0.239679382154927	1.72524585103773	-3.16048869549349	3.71611533370086
katb1237	1.43158558278119	1.07983389664407	-0.685592246170486	3.57885899450367
kats1235	-0.252327998536665	1.74513937661007	-3.74291089329625	3.13585392079016
kaur1271	0.597178988985202	1.57766554323268	-2.39548831120325	3.87637552704837
kava1241	-1.23420310778737	1.57686927035631	-4.54774444565192	1.66981184078831
kaya1315	-0.282592785108865	1.71338063018705	-3.84220349466716	3.0802342462799
kaya1319	-0.542533913832711	1.74883980594103	-4.09840106891104	2.73814789123026
keap1239	0.571944069859872	1.31758536257015	-1.93133736527873	3.22672807346766
keda1252	-0.541758694663253	1.36691917793417	-3.32821005050853	2.0892848276216
keig1242	-0.264855151749799	1.72649151249597	-3.73601340404303	3.10697307502934
kele1255	1.33422692959252	1.63768654445923	-1.6813264954125	4.85616695870891
kele1258	1.62350474359634	1.39767872776592	-1.01089701531905	4.48856947805003
kele1259	-0.308197349650825	1.28672954436612	-2.85710037293855	2.22875467916569
kelo1247	-0.971933235486999	1.472209606053	-4.02716752601574	1.7698587970108
kemb1249	-1.04623259687883	1.56846881949583	-4.3656400233141	1.87494317868113
keme1240	-2.13426440954716	1.31386475525819	-4.81910421873444	0.214365337134732
keng1240	0.41299325627032	1.51428914651866	-2.51025602263105	3.48886381745548
kens1248	1.08835194054045	1.5132167949817	-1.76096405942733	4.22633053432386
kenu1236	-0.148484286274702	1.77628359894959	-3.68485850945103	3.31819911521859
keoo1238	-0.432145697524619	1.46368545035495	-3.52106365011327	2.35984855971029
kera1248	0.81201966088278	1.41180448120194	-1.92182778742906	3.59820638562177
kera1255	-0.24750957727599	1.43879529195768	-3.08242173511402	2.50325424551842
keri1250	-0.505539399105749	1.60195371198466	-3.82808839406935	2.50484011147162
kesa1244	1.07757139028121	1.40845458099181	-1.55756303338727	4.00040599850099
kett1243	0.595319195693759	1.79104088448618	-2.82442319575358	4.30148637880712
kgal1244	0.104797020178777	1.70870084384527	-3.11906190971394	3.60424280039165
khak1248	-0.00995186027319651	1.73875244478355	-3.34817348807209	3.45394668129327
khal1275	-0.596538357999504	1.69119224941605	-4.1125876523062	2.66224619158527
kham1282	-0.00902377050833509	1.7686967043633	-3.61000682497828	3.44157466724965
khan1274	-0.349046863589497	1.78206538053612	-3.96065264848453	3.17388025407198
khan1277	1.94260166316437	1.480924880358	-0.694824014995241	5.0421934581804
khan1278	0.607328477149528	1.35927408469026	-2.03372987398959	3.30592569276155
khar1288	2.73224241491375	1.52544033136612	-0.0147292770406401	6.03223503192411
khas1269	0.39832289161649	1.64204825003541	-2.80366171385772	3.70595478171865
khez1235	2.00140390112741	1.48077644600022	-0.670064341113668	5.16309801937956
khin1240	-0.429894696801438	1.60693025775983	-3.7170895441087	2.69729976868798
khmu1256	-0.388746277689218	1.72959502711224	-3.93580540056387	2.88871087562687
khum1248	2.53395896158848	1.61938868527406	-0.371391956867738	6.00144307045781
khva1239	0.198206475742534	1.67779224313661	-3.04962527569639	3.53819550350076
kich1262	1.1550029784147	1.58189747667108	-1.92122221091095	4.39257860450468
kiku1240	0.12638246935051	1.66334114743099	-3.0943895346378	3.60914358990024
kile1243	-0.0596947962494164	1.77738104032293	-3.63988236177809	3.52865258474311
kili1267	0.328327734786248	1.38509258277043	-2.40951295490808	3.08918274070717
kima1244	-1.28537730594547	1.57557840317199	-4.63441636157351	1.59953780523862
kimm1245	-0.282114002905579	1.70377929452778	-3.68948580701622	2.98462056490595
kimm1246	-0.565485966810083	1.51348825325127	-3.6927784569479	2.33887209708041
kina1250	-0.939596004938591	1.57424071497153	-4.31167483630653	1.95027158564927
kinn1249	-0.11381226969411	1.75498975083361	-3.63441310413738	3.44864128100794
kiow1266	0.964105247779663	1.66295027440431	-2.1508375222029	4.40217109492463
kips1239	0.565971822286161	1.55192028241102	-2.39846916306899	3.68890411089856
kobo1249	1.32892335926705	1.50598420572389	-1.45877981376572	4.50082295835948
koda1255	-0.0687665157523197	1.76032188163871	-3.52590637510408	3.41350974755886
koho1244	-0.604943242503622	1.67265239380615	-4.17822031471935	2.56173997595759
koir1240	2.77193383871302	1.52766734007377	0.0534592324248982	6.04852959729401
koit1244	0.936992424031812	1.37317634406185	-1.61540607726231	3.82306200987047
koka1244	-0.0218451863456134	1.77415687359836	-3.58216361048731	3.45681103222613
koko1269	-1.36520789640275	1.41748928103295	-4.3972046093833	1.30109857292765
kola1285	1.44610570179346	1.59660744254836	-1.47161144888723	4.80578596298033
kolb1240	-1.00914969459148	1.58857171798186	-4.18266351339343	2.04253716667042
kolc1235	-0.850490575299547	1.48793544603291	-3.84271125040994	1.99809014721365
kolp1236	1.11837387617329	1.33167697440223	-1.40442208947213	3.89406454750556
kolu1245	1.98328694724135	1.35424646989146	-0.457087349400585	4.86536479078914
komb1274	-0.106547739515999	1.7403417625626	-3.69470166777293	3.27184272620613
komc1235	-1.66236108671214	1.30621200473608	-4.42232384523766	0.706257268609056
komi1268	-0.0115912175355174	1.78862906391297	-3.63616747262827	3.44643121052055
komi1269	-0.00541934204576259	1.77386350369339	-3.58658721049671	3.55070290326278
komi1270	2.38402185530319	1.49834011604018	-0.31473164004649	5.58158548989398
komo1260	0.617150868047799	1.65727484878371	-2.50625986875361	3.95912315843451
kona1242	-0.717147639301228	1.66835546874733	-4.10418511342918	2.5304160192733
konk1267	-0.048748883596424	1.7639665350522	-3.56288490330046	3.41624383739218
kony1248	0.339396325544265	1.62775899185296	-2.85937484765453	3.52688028816001
konz1239	0.216454732974346	1.5963414701792	-2.87077830387774	3.57184971261171
koon1244	0.314390966279151	1.68140330491926	-2.91391777611622	3.68366077673744
koon1245	-0.729245195724294	1.48324657259909	-3.76575538325302	2.12532614693595
koor1239	0.834826291501518	1.62428990501544	-2.1916912268457	4.20192410396168
kora1294	1.43243845833072	1.49367351830687	-1.41001879688117	4.52924547976377
kore1280	-0.116895875271479	1.73038896008269	-3.60282738972806	3.24164674441189
kork1243	-0.125694382466106	1.702824055902	-3.60395519462012	3.19834383607131
koro1298	-0.526408305558681	1.65489006584999	-3.99738737684981	2.61710958981599
koro1312	-0.151055313680821	1.70706856313424	-3.56837876547447	3.20393884408792
koro1313	-0.229456967955318	1.38125871771646	-2.94175986528421	2.51445735726857
korr1238	-0.0723977122704369	1.73576178983108	-3.60798235447866	3.38308855398156
kosa1249	0.260247809645273	1.68849181641512	-3.00643852803843	3.57407449966075
kosr1238	-0.646435247362294	1.586293163778	-3.94213231509006	2.33076970315077
kota1263	-0.0942494530277019	1.76762023411722	-3.65630431477066	3.49907381909236
koti1238	0.260762495252888	1.67767180551225	-3.04821480974622	3.70051172501965
kova1243	2.56524520085644	1.53004779439211	-0.173130519403684	5.76582566029036
kove1237	1.41478255606663	1.28439701886773	-0.972026293923021	3.98370414372179
koya1251	-0.118668237034358	1.76641694113942	-3.66562274343402	3.34994198839193
koyr1240	-0.246705210103428	1.78351026989688	-3.89636728928728	3.24456278103158
koyr1242	-0.120341971442813	1.79887329344986	-3.70391402707657	3.38347106131078
koys1242	-0.0756942950394193	1.74811311981784	-3.59164609673508	3.36722739636762
kren1239	1.55210748750868	1.61757878413961	-1.43231538997106	5.0334041151356
kris1246	1.16349963993804	1.48878950442085	-1.59609960361379	4.21498515593911
kryt1240	-0.453959834145934	1.60800167515988	-3.83401476963895	2.7075365001241
kuan1247	0.20958821127372	1.69600435900682	-3.15139540576745	3.7382266728375
kuan1248	0.191648537973315	1.16656334797949	-2.04764168219926	2.49982428471729
kuik1246	1.23841907645977	1.47364010731363	-1.49109284700081	4.32793844455321
kuku1273	-0.158050206959515	1.73858419025692	-3.62683858172473	3.28653606081168
kuku1280	-0.161583721604217	1.7097113505783	-3.63204015824564	3.1581008205939
kulo1237	-1.42487085615115	1.47962866933345	-4.53076086191956	1.33625007478267
kulu1253	-0.607134794363031	1.6958561338165	-4.07706287488129	2.7383897645857
kuma1276	0.190952791237313	1.35255725512838	-2.4236880622851	2.91346027765098
kuma1280	0.627367088643988	1.49602829646635	-2.30193049697016	3.64312951235897
kumb1268	-0.10980364656734	1.71122180153414	-3.59556871388637	3.24887944730917
kumz1235	-0.0491520526756229	1.78799122908797	-3.58618599421664	3.52705400279945
kuna1268	0.164930411895006	1.73144304948001	-3.20442411661918	3.6345474606802
kunb1251	0.449486841717121	1.7759541397968	-3.10278017064196	4.08307224179734
kuni1267	0.57030688603557	1.32760240382236	-2.05704239585616	3.23172898840275
kunj1245	-0.106501079953625	1.77319729256828	-3.67592448239767	3.40291816900353
kuot1243	-0.929175918555085	1.30498951559933	-3.61975304140254	1.51771938534413
kurr1243	-0.0316732980188723	1.73222390711248	-3.45639246336517	3.42920591103944
kurt1248	-0.244030856559094	1.71555695835351	-3.66409740120627	3.06510500551766
kusa1251	-0.856409604363136	1.32349222520844	-3.5644161941694	1.70339829355072
kusu1250	-0.347795217005317	1.73507137281031	-3.89498465372986	2.98746084194424
kute1248	-1.92763494280046	1.38546511925379	-4.81696359999534	0.593115701223628
kute1249	-0.366104741762946	1.69075212459546	-3.81738788714948	2.87601715400481
kuyy1240	-0.425198432454391	1.71227748546365	-3.89102041743283	2.86432309347885
kwai1243	-1.48956391973718	1.42379807970423	-4.45553454107268	1.17350708068125
kwam1249	-0.703878589781378	1.73558459132611	-4.30391266472891	2.68974293378928
kwam1252	1.24337591477628	1.28421267328815	-1.18340481753452	3.88776217774361
kwar1239	-1.55744968859811	1.39925671042418	-4.51155351523486	1.01250345840917
kwaz1243	-0.783826488287142	1.63418641042803	-4.16027563085666	2.31262929011441
kweg1241	0.588193147677021	1.52811626232957	-2.28080105951844	3.69572472737508
kwin1241	0.21521871625507	1.74319396825351	-3.20610608472165	3.77035804008374
kwom1262	1.15235786511689	1.46670576848869	-1.58341825975703	4.19271954561992
kxoe1243	0.00643210093713821	1.72101564480244	-3.40374412104755	3.38062671925402
kyer1238	-0.452826459499979	1.62495512974171	-3.73806306710692	2.62071468557024
laal1242	-0.0790806846297638	1.69723849373059	-3.51660028252899	3.35826739429325
labe1239	-0.263125250778899	1.21781044536298	-2.76477396541302	2.0929960360463
labo1244	1.46733858144641	1.12734745234425	-0.707283098660131	3.73973776385456
labu1248	2.07413877663888	1.24565456722931	-0.194473787620589	4.68717743120073
labu1249	-1.16095720205295	1.62050490363424	-4.58172363581692	1.80118306627402
lach1248	-0.293638260090487	1.72340523616741	-3.75749278469451	3.04869929348344
lagw1237	1.6307828111932	1.44315740351709	-1.05233184843316	4.64022068965807
lahu1252	-0.462238881866071	1.68225358124794	-3.9359183586175	2.74566916854036
lahu1253	-0.428544547230108	1.71306273602895	-3.93118449946643	2.89385421464247
laiy1246	1.9552422394739	1.52245835540482	-0.80385599606555	5.15367817281264
lakk1252	1.04065135442318	1.71364344127847	-2.18357316187437	4.5366489291836
lala1264	0.171793532841187	1.65752061697511	-3.03425400535935	3.60595766655042
lala1268	1.00760284527427	1.34943451842313	-1.48394399600345	3.8997912801301
lama1277	1.19251971421043	1.37939951649345	-1.37259911480032	4.14324884529525
lama1288	0.596981387247162	1.38998230851213	-2.11276441401475	3.3995537613747
lamb1269	-0.0759582288360559	1.75829634084465	-3.61291682964	3.38533337425611
lamb1272	0.628947141233609	1.66044513555986	-2.53990978161395	4.07331766683834
lamb1273	-0.335685783879326	1.49156541080931	-3.26153033750304	2.51123381274349
lame1260	1.29203007918538	1.11348087113314	-0.833689175846471	3.60566035569593
lamk1238	2.64397959492357	1.52229040355902	-0.137270099463032	5.77376566904415
lamo1244	1.82886738857666	1.33450177586771	-0.602190384648352	4.67289815322723
land1256	0.736901625343046	1.44407608553025	-2.02173199088049	3.7087256998245
lang1320	-0.260803674142686	1.60605155008135	-3.52062373302242	2.76131448966068
lang1324	1.14950437962396	1.57961078429868	-1.76024342396511	4.49761725569427
laoo1244	-0.281304882332825	1.74540761325985	-3.78853417253602	3.10101336840368
lara1258	1.05889865460343	1.75796256047109	-2.24208300055398	4.67433047590604
lard1243	-0.46207030283221	1.74698291973521	-3.95396989277764	2.87868529463817
lash1243	-0.226128014765936	1.71588382394927	-3.68001324976269	3.16630642129218
latv1249	-0.0810733594475001	1.79750420963076	-3.64754298832271	3.51341358001049
lauu1247	-1.56393627502018	1.45145277981491	-4.63747001953391	1.06942247396134
lave1248	-0.522761564488903	1.67862529909188	-4.04943991644106	2.73807881175398
lave1249	-0.628231767594931	1.69464624865236	-4.1979375703683	2.54257670536202
lavu1241	-0.555904987188029	1.50009497494631	-3.46167185049404	2.38440464342087
lazz1240	-0.0761354526658121	1.75436237615042	-3.67065480766062	3.36355910518354
lega1249	0.432208112250336	1.72769317845612	-2.85210178241428	4.00143878513603
lega1250	0.737444772855743	1.62130904280785	-2.29635356275962	4.17184613483875
lele1267	1.73646063699003	1.36134246031739	-0.750740601217771	4.61626170683893
lele1270	1.57127328587035	1.38518529026222	-0.988370515292303	4.42087365470339
lele1276	-1.26379186668325	1.52815842389278	-4.56265579283614	1.62699403863416
lemb1266	0.894392682718537	1.514766725283	-2.00120168076804	4.06573942370519
leme1238	-0.445476560447164	1.3665339224227	-3.21589640798893	2.1466358002089
lena1238	1.33526828765563	1.29529490968393	-1.1324924762938	4.00210708969922
lend1245	-1.92569784732449	1.5509242536512	-5.151752324731	0.893113644133353
leng1259	-0.697335771916629	1.32307828750753	-3.39476647163017	1.85968699057898
lepc1244	-0.424472412694429	1.68487578538221	-3.76126815877362	2.80559212953251
lese1243	0.0489314678394686	1.46378741762163	-2.84107505846162	2.98070282756526
leti1246	1.3121013656838	1.47621797244969	-1.42458441627171	4.38222973025463
lewo1242	1.33198800472711	1.16531194054307	-0.85421386435065	3.71675105561583
lewo1244	1.1375781072857	1.40280520047203	-1.44732799316805	4.11781940547344
lezg1247	-0.12180903338348	1.63691494517384	-3.33824472333825	3.07421042382684
lian1251	2.08152806151788	1.52665227140887	-0.72345209839912	5.26758114829418
libi1244	0.0668080167534309	1.45938074764596	-2.76832471043217	2.9457598185534
liby1240	-0.00229731176803299	1.77264227847395	-3.59377366203959	3.55543694843872
lihi1237	-0.929433210239637	1.3713014597018	-3.76167773512704	1.62586665725626
lika1243	0.517940225832186	1.54450034219176	-2.39333060836021	3.70738031127177
liki1240	-0.0980845474879337	1.53163454396109	-3.21914594925803	2.92244831871725
lill1248	-0.106760005980792	1.76074998429835	-3.68045739126012	3.39541198611855
limo1248	-0.180247345757164	1.32048446420419	-2.84285150582767	2.40045304739562
ling1265	1.39878547733732	1.06554589209226	-0.621703272827328	3.51426822454743
lipo1242	-0.268967937905267	1.75493046895557	-3.91377811943416	3.13632768981889
lisu1250	-0.308121885161594	1.71272790957265	-3.82450007959121	2.98455731775761
lith1251	-0.114018452131506	1.78308916483386	-3.61817976452498	3.44332098018319
lito1235	-0.275773458788043	1.49572538463957	-3.24055677946998	2.72818901031763
litz1237	1.37345682389936	1.0649453866693	-0.657363834618994	3.55615847638179
livv1243	-0.0058453756933793	1.78916219018558	-3.60251878599414	3.53305048732554
loba1239	-0.0105904359798786	1.53592194763908	-2.94485988158749	3.09237317972516
logo1259	-1.63046229123466	1.56923779599917	-4.91611184645435	1.27486169734998
loka1252	1.06645789812996	1.506322483934	-1.6784770066548	4.17776757025863
lolo1259	-0.256020328932613	1.74004461048242	-3.85422363679677	3.08912110913749
loma1260	-0.570548204238696	1.73731802189818	-4.0331030997861	2.78570049875983
lomb1257	-0.124031359660019	1.72637412737755	-3.74003038246045	3.33379033332975
long1395	-0.834159889538761	1.37562396053209	-3.62567951734042	1.84961654307073
loni1238	1.48190969912751	1.37787719252821	-1.09848382960176	4.33343748773503
lonw1238	1.07254272411493	1.0383500661991	-0.869449269295911	3.19767728832849
lote1237	0.420118216548179	1.26419028889786	-2.06934377210093	2.97921328085521
loth1237	1.32308920604034	1.49798184389398	-1.54519350817016	4.37800956980075
lotu1250	-1.04791792089977	1.48108105804417	-4.07090298464669	1.70729580137184
louu1245	1.31737488708609	1.34276381596362	-1.25124351529768	3.99880860415599
lowl1260	-0.777769907639396	1.6258234753991	-4.1561534178281	2.36252293615813
lowl1265	-1.1073249928902	1.64501253752865	-4.59827414048539	1.95201089838886
lozi1239	0.21448759581571	1.70762332076815	-3.04627189513075	3.7384719050064
luan1263	1.45876773805654	1.49602089593134	-1.31486831631735	4.5748395048288
lubu1243	-0.266473111325609	1.3454842011212	-2.95166605224052	2.42053151706866
luch1239	0.215932295358952	1.69928067889863	-3.01857873702852	3.6147044497889
ludi1246	-0.0158659572356955	1.80333400575797	-3.54177322226359	3.57437928336408
lugb1240	-1.76081705718409	1.60447506381677	-5.1639295291367	1.07591503789984
lugu1238	-0.0208810943064648	1.59662499596815	-3.16491426128609	3.2187045701663
lule1254	-0.0258959391251871	1.7806114061652	-3.56292944675547	3.50632960545101
lumb1249	0.0497581191295041	1.6998101115645	-3.23523539789182	3.49086251733753
lumu1239	0.14516052565841	1.73775635582309	-3.28813160222927	3.60058956460752
lund1266	0.200939786302442	1.68892999367453	-3.09376530661922	3.66827935572849
lund1271	-0.68939023189599	1.51158176435307	-3.82192936179787	2.1399206043477
luok1236	1.11252370541797	1.49067602269605	-1.64369784997163	4.30074457207279
luse1252	-0.0250881840523241	1.60887381445152	-3.12962635476556	3.29244668944458
lush1249	2.32782132076929	1.6077935374034	-0.53449246924237	5.72520972994395
lush1252	-0.0205002736928083	1.71296646488375	-3.38088438095708	3.4258611261709
lusi1240	2.12331086332513	1.3575945961239	-0.319720192679445	5.0176216274748
luva1239	0.211000029350169	1.67633040077383	-3.08116059936041	3.71413640640454
maan1238	-0.474502164875943	1.62694258339058	-3.90087728518372	2.58277073119368
maas1239	0.393128107323995	1.42110435902904	-2.45885926483427	3.19657058063347
maba1270	-0.653169561920652	1.52170137026796	-3.73718955712312	2.24153900486259
maba1277	0.237471108085737	1.71495777107513	-3.14252220852318	3.66825253298259
mace1250	-0.14464938621575	1.71734435227254	-3.64861004301793	3.24657182766836
mach1267	-1.53454280258889	1.5276982583751	-4.69319291213056	1.29226886504506
maco1239	-0.0622315189451593	1.67037308546523	-3.35870302012701	3.289580047922
macu1260	0.18544962540123	1.64474437433816	-3.02939162069677	3.46665750181281
mada1285	-0.517022340479756	1.21812931148664	-2.96860383765282	1.78434519691117
madn1237	1.55888951910261	1.71218499639948	-1.60555684500995	5.15788783271173
maee1241	1.32518293890846	1.06396253877174	-0.668347331939014	3.54088290877551
mafe1237	0.969179248802794	1.13956461978291	-1.21739699722548	3.27975684832111
maga1260	-0.228991402196807	1.77172067012644	-3.77763934828312	3.22756516294251
maga1263	-1.25789669065568	1.51661952706565	-4.50904690383222	1.45085111954894
magd1235	-0.844248983878616	1.69016215792301	-4.27622306046141	2.37772265845977
magu1243	-1.02952772250884	1.45995698270634	-4.11212385796679	1.63863220970934
maia1253	2.02954084315873	1.42637903515662	-0.568270681718234	5.01027655369365
maia1254	2.01979976326718	1.42573491100628	-0.565997196226988	5.00321199842914
maib1239	1.53652670844821	1.67425343097632	-1.57692773980656	4.99759807409467
mail1248	0.669325656119427	1.39300183530369	-2.04673583771461	3.46997555387535
mais1250	1.21200144295339	1.41260830436662	-1.4789250096838	4.0678161039689
mait1250	-0.496978053727268	1.69634132795328	-3.98845521969264	2.84050440278589
maja1242	-1.17807560332926	1.70649939627598	-4.76962604714549	2.00959435543637
maka1311	1.84734715503187	1.56682655025453	-1.02947569446749	5.15800511850622
makc1235	-0.113471053310284	1.73539978948742	-3.52116311536228	3.31352469331328
makh1264	0.264166881424345	1.69600084075993	-2.99394757056244	3.76440170139711
makh1266	0.258074084270218	1.71909506726354	-3.10026162116337	3.67571920617653
mako1251	0.282605693064185	1.66819018975761	-2.96984051987895	3.62019391064641
makw1236	0.271402715248734	1.68478555675183	-3.03244722099334	3.73053091849904
mala1463	-0.0647081510843001	1.79908520236539	-3.67406367784377	3.37837011115784
mala1464	-0.0639468196267553	1.73562102651829	-3.61659309979042	3.3246280247926
mala1479	1.40134739568135	1.61289702841908	-1.66252275518817	4.60370712392156
mala1522	-1.2620395195432	1.67926268995478	-4.66278281101355	1.90689259810289
mala1534	0.00235885773985774	1.33258261965601	-2.62121706921031	2.64180889147294
male1284	0.461033305669158	1.599616966028	-2.59580291604462	3.68204336535005
male1289	2.59936220249651	1.49210762020951	-0.0566224612957588	5.70982388197388
malg1251	0.455025542526069	1.57808179719994	-2.6566499590842	3.61075179244225
mali1284	0.656902181328738	1.29453853528468	-1.750927034163	3.32640602277298
mali1285	-0.668269505155759	1.64444631584898	-4.09804747945954	2.59743207410078
malo1243	1.03885514762685	1.06441981816884	-0.985632907906065	3.19875629032234
malt1254	-0.0650605003319923	1.75581468029432	-3.56507968462999	3.47372615953712
malu1245	1.3342865799651	1.08305952395716	-0.671524211324623	3.54878645727613
mama1275	0.0122162209016753	1.51986227022887	-3.18668577742993	2.93666073533654
mamb1294	-0.721092855900443	1.41512216026284	-3.65536300246677	1.89311901127648
mamb1296	0.281453792105624	1.72625612134786	-3.06705077969618	3.74429501332557
mamb1306	-0.454735724558181	1.30960202599295	-3.05888665938373	2.06276350852609
mamm1241	0.44850097914	1.587764141708	-2.6463458257958	3.58773091871368
mamv1243	-0.359026412858814	1.50295593018307	-3.3906424712934	2.56870780382764
mana1288	-0.342291501164661	1.6976605968652	-3.76822371061637	2.88214158223219
mana1295	1.76645575617139	1.41537037311014	-0.795621580052924	4.65675818358049
mana1298	1.17983411274801	1.47812832352495	-1.54652556386537	4.21146262071838
mand1415	-0.0388861354631651	1.77057340630703	-3.62673223933056	3.47098228415606
mand1436	0.405055339047246	1.62172902870298	-2.77425129028383	3.64610631582173
mand1440	-0.940002773797316	1.38766203973464	-3.72846012869021	1.69679652525516
mang1378	-0.473189452695057	1.68364860390123	-3.94639546416512	2.76021568877653
mang1381	0.589317852801585	1.78661980560014	-2.89837202221581	4.30446592048069
mang1394	0.562641223935143	1.46823629266475	-2.27512606520615	3.57744791663657
mang1401	-0.282940285128008	1.64593134668789	-3.64876612447776	2.8541352536411
mang1403	0.299498778814419	1.24170616104676	-2.13260580381096	2.75734428114628
mang1404	1.6731352842621	1.19472397036138	-0.531827485758245	4.15898854857926
mang1405	-0.539156916256297	1.5080638535119	-3.68109211096129	2.38846089861824
manm1238	-0.440515670258545	1.66921862945919	-3.97889750805468	2.69967178724152
mans1260	2.06313413198694	1.70874007026936	-1.04683726807083	5.71241235675256
mans1262	-0.252932252503685	1.57757041192172	-3.4895786755082	2.66211070742579
manu1258	2.09929079934871	1.57658121692596	-0.692137827549983	5.45449379865615
maon1241	-0.105414541826219	1.7336782591397	-3.58883534635438	3.27802787229073
maor1246	-0.302212336870772	1.60125771004422	-3.63389775261989	2.65070409597426
mapo1242	1.84560051914961	1.21017881651199	-0.421492392377534	4.38411806068814
mapu1245	-0.258185591230925	1.67738367713302	-3.65770695031547	3.06654612403467
mara1378	-0.0804843416666656	1.76074817860701	-3.65339637726349	3.37837276899116
mara1379	2.5833003071567	1.50707916935767	-0.0369203385163456	5.80547786051618
mara1382	1.44235036117797	1.54751366897062	-1.47011850308948	4.66910608178368
mara1385	0.49553681939449	1.77504011734919	-2.87514657871468	4.10027913893632
mara1386	1.41820764205355	1.68872865268053	-1.71403167107415	4.94773780354122
mara1396	0.523040160384719	1.7469326147157	-2.83562764336024	4.01677598127337
mara1399	1.34320344294585	1.06439654316054	-0.663803935137885	3.52511850960318
mara1404	-0.939460686301619	1.46552212009349	-4.04255845134631	1.76059114164453
marg1253	-0.0638634474257016	1.73666679754597	-3.54874754783208	3.47187738175573
marg1265	-0.293562823057695	1.51869688547685	-3.29193930263368	2.7227132708859
mari1414	-0.0605860508055482	1.77512735515222	-3.69526731885418	3.43283055423647
mari1416	2.70484159519744	1.52087198301704	-0.134775367619324	5.88341788970302
mari1424	1.44814905863538	1.69272531358636	-1.68153955255199	5.04717825550282
mari1426	1.1508337862179	1.35076521879922	-1.38159947841983	3.87491222590572
mari1428	1.74709069014624	1.37570268843087	-0.753183926943468	4.64911859716984
mari1440	1.49530195238195	1.71004123683386	-1.77926023079375	5.03178383351807
maro1244	-0.366131734285477	1.33561723189407	-2.97728731937847	2.25780140684998
mars1254	-0.516016039865864	1.55542095169434	-3.82272904564688	2.41521268019707
mart1255	-0.0637980767753783	1.73116010110417	-3.48242860874927	3.4284437139084
maru1249	-0.258086048442635	1.75572498799797	-3.74921263534107	3.30023380551802
maru1252	2.08030589553391	1.684265792896	-0.924813598658638	5.64371917314204
masa1322	-0.0851200847656222	1.46929388921493	-3.07077256858484	2.76475949884005
masb1238	-0.0676653596100722	1.41652704541085	-2.93373178836993	2.72595224668853
mask1242	1.36260042322168	1.09285935802494	-0.72834224891794	3.56048635089902
matb1237	1.88134521586251	1.63985527777592	-0.980848426537879	5.36918145591712
mati1250	0.36854568263791	1.33875573875537	-2.29679219160525	2.99113777684972
mato1252	1.99313981644291	1.38323606409582	-0.485449711480792	4.99893224091173
mats1244	1.38788630071158	1.63721056437191	-1.73856925508446	4.75545996732769
matu1259	0.246503353911762	1.73929527826866	-3.11134735472653	3.88176915211598
matu1261	2.04259353001933	1.40059041768315	-0.510397882865381	5.03586416999011
maun1240	0.474957860306914	1.7755279085925	-2.95953389641117	4.10482941748353
mauw1238	1.99026592816267	1.42001408617585	-0.593959784228153	4.96199522455029
maxa1247	-0.146154144711582	1.61713929915347	-3.42262373195056	2.984235798341
maya1285	-0.584527017425509	1.68828595715939	-4.06887665108996	2.71635778924023
mayo1261	-0.0722325983841942	1.47716623665623	-3.02373075724199	2.78072351945533
mayo1264	-0.838828956203619	1.6419818734665	-4.26026159856043	2.1925622141371
maza1304	-0.101582985541771	1.37361027471888	-2.82903614519463	2.58678299743266
mbaa1245	1.84460192271017	1.50923246609413	-0.941538709504128	5.04702204548621
mbal1255	0.229801982622805	1.69514024744035	-3.08612722975244	3.66917264245462
mban1263	-0.538652026868574	1.52899670523354	-3.68139062337239	2.30714608133183
mbar1260	0.953459134268931	1.45451345638544	-1.81349680451472	3.95104491469491
mbay1241	-1.80007865674723	1.43190207162738	-4.8090196695071	0.822562325469272
mber1257	1.09918184034866	1.58291132536712	-1.86698281419722	4.44127453658791
mboc1235	0.0502249546321545	1.37230914467367	-2.62039372218447	2.81214270390078
mbol1247	0.739906717138381	1.68790898667818	-2.41651130645079	4.30149636080818
mbug1242	-0.157053859338557	1.65181826666571	-3.39015545160802	3.24268967403814
mbul1263	2.62215993821736	1.52479570135858	-0.0966104806106397	5.79527285411007
mbya1239	0.244805912860568	1.57988644589412	-2.79714738955276	3.55018657212738
meen1242	-0.844174881723379	1.63316615159966	-4.28105690463533	2.21460181858395
mehe1243	1.26663759810923	1.40874111758962	-1.37513959497945	4.25643505417507
meke1243	0.267952721372262	1.27711171386243	-2.172377300371	2.82994364907764
melo1242	0.0200826317237014	1.61964185591362	-3.23451731893252	3.26844532216863
melp1238	0.604780135315772	1.54333259331176	-2.44183855849777	3.71580829433565
mend1266	-0.523138859321075	1.72974347248293	-4.07927679246145	2.79873431967198
mend1268	1.52013056257243	1.44411992967686	-1.1108138526802	4.5810587732307
meng1267	0.978856080689775	1.30816324349514	-1.45959081401512	3.68836736048721
meny1245	0.509160448360103	1.34614548732752	-2.09076896447876	3.20628821058953
mera1242	1.06946009550741	1.29794120620527	-1.38342809033658	3.76025617297268
mere1242	0.867662161540021	1.14567076075009	-1.3208186793279	3.2386826466808
meri1244	0.00630239745284896	1.62655801521857	-3.20843571599029	3.24593315803906
meru1245	-0.885019548262021	1.5028315453225	-3.99582375051079	1.96871362213067
mesc1238	0.286984984145288	1.69777508521619	-3.00265681195785	3.76212159454652
meta1238	-0.861536617199288	1.42098672134468	-3.74382017027222	1.91699672991921
meya1236	2.08927875043643	1.67779211029239	-0.942248012115091	5.53912853028355
mezo1235	-0.803947140963546	1.67571958075562	-4.23187345328694	2.34767743212544
mezq1235	0.0699515630981542	1.59303269578873	-3.1522710499355	3.25019824540303
mian1256	-0.351622271784705	1.60324129197037	-3.60958819979572	2.77668370448431
mich1245	-0.500130751381072	1.61988823194723	-3.78389945805799	2.46047495597183
midd1327	1.09203082362056	1.21433452318837	-1.17145786610162	3.56372707442841
midd1357	-0.100770017242864	1.78098008761585	-3.69348422125606	3.3814161049129
miga1249	0.00269939114348467	1.5742137185591	-3.21614844751698	3.04198621841636
miju1243	-0.213255239862632	1.77852460641646	-3.80071431315135	3.32833138210493
mika1239	-0.254030658325259	1.6793766599794	-3.77509159477346	3.01999179232675
mikm1235	-0.0185976463121233	1.77208680039754	-3.55640744458714	3.48382983576864
mila1245	-0.189484775438887	1.72468121825149	-3.62659512356228	3.14244984592787
mina1268	-0.434543582044164	1.61573163191174	-3.80388759643159	2.5978796634444
mina1276	0.431090178057357	1.35729087133129	-2.18517911970881	3.13189565194373
mini1251	0.199110949190204	1.18754300441016	-2.08792572348754	2.55664684805162
mini1256	0.177507704160615	1.67706096813998	-3.08477927029401	3.43217726480641
minn1241	-0.235666539355104	1.74762412753237	-3.66494710971727	3.16733012011912
miri1266	0.439690766831531	1.72906531711471	-2.97986009185378	3.91895084588302
misi1243	1.13870404899765	1.5419149333028	-1.68437275897418	4.41406633783129
misk1235	-0.385056647089918	1.75412968837973	-4.00196276741242	3.01172294944946
mixt1426	-0.791264827818632	1.69625723668773	-4.39532916419576	2.47507462568878
miya1259	-0.150984029270774	1.74718697103145	-3.64037670318363	3.26285081851595
miya1266	-0.454960004201622	1.63497353399585	-3.87363797314516	2.60183208416834
mlab1235	-0.286461716794782	1.69713643436911	-3.79110705414707	2.92634513885495
moba1244	-0.707734600139165	1.60809823105816	-4.09928024659774	2.33880089447554
moch1257	-0.311104308584697	1.51091227511565	-3.364105610143	2.59580343625615
moco1246	1.0791472938308	1.65802028958593	-2.0594271191655	4.57381262562816
mode1248	-0.0695441109541661	1.71574653281203	-3.59149044454186	3.19834162528818
moha1258	0.543895319512911	1.6614426538101	-2.63209611572146	3.97327870263244
moii1235	1.72591953059031	1.67673539802119	-1.319627105808	5.29675316373568
moke1242	-0.235324245122754	1.70314613507809	-3.74753788954347	3.03830551286197
moki1238	-0.853940371900042	1.60536665858947	-4.19463335912722	2.1046925362651
mokl1243	-0.0791038691586101	1.67727958722488	-3.45630801713775	3.21083497534349
mokp1239	0.192010169527074	1.52760168074095	-2.7951215945998	3.20337744255404
moks1248	-0.0245782368855027	1.77788297965726	-3.50797472014831	3.53847590951078
molo1266	1.42810366710627	1.42600277424947	-1.25618632075489	4.37219063676903
mong1338	0.0546312118466535	1.68306534054902	-3.18149655753101	3.44481222708117
mono1270	-0.309971040946992	1.48886606215636	-3.28694299282006	2.60171769761699
mono1273	0.31821045048364	1.42027171465307	-2.40480079193068	3.23387931764021
mono1275	-0.177312240757145	1.73662166348062	-3.81904430486129	3.24827661817738
mopa1243	-0.0232550681154545	1.67978713821486	-3.37203936970307	3.30717695408513
more1259	0.314039518613072	1.39093975136111	-2.44761637317287	3.11509581081391
mori1268	1.50920381456233	1.42681898279659	-1.09728975462434	4.47548434495508
mori1269	1.15833684373405	1.33345077819015	-1.38927257217419	3.8609256914888
morm1235	1.90993626507274	1.5776949297968	-0.92653979996772	5.18994197258088
moro1289	-0.852868116166807	1.74103150814247	-4.47157450381185	2.48018835135375
mort1237	1.32372744638353	1.51494329976527	-1.53275537133861	4.53767008201841
mose1249	-0.565401191609336	1.66848312580573	-3.81289200801517	2.59078735425422
motl1237	-0.291395095980918	1.38441321590112	-3.13945535337032	2.38258179523089
motu1246	0.740619213703108	1.30027309577083	-1.69971681421161	3.34887202697491
mouk1239	2.15464930954192	1.35912519543387	-0.28757606514012	5.07546074468852
moun1252	0.870152376958635	1.36643222494641	-1.7300946970169	3.70668944461267
movi1243	0.671044855535214	1.57900074385299	-2.33614543046838	3.92856116484882
moyo1238	2.73022150493371	1.52109578674454	-0.0455015712952077	5.97182778202636
mpad1242	1.44099872552689	1.60162527654518	-1.59126883445107	4.75370251389282
mpii1239	-0.227590841320506	1.7655089964869	-3.7741131477764	3.21909856825086
mpot1240	0.322860939307648	1.68415521235299	-2.86829714925394	3.71403944262965
mpur1239	1.43548633315157	1.61052600267432	-1.59606836179488	4.76515005164755
mual1241	-0.881855818531685	1.62684513526073	-4.29277389177877	2.09415776636435
mudu1239	-0.0920130173355009	1.74808953995485	-3.55769098509543	3.38768755058323
mudu1242	0.231413548716439	1.42136628313005	-2.59164483967395	3.0002055406703
mull1237	1.62329031283298	1.69985775300347	-1.52543375450293	5.22123787403388
muna1247	2.12018596484696	1.5630835731046	-0.644108949713281	5.48256564017699
munc1235	-0.576611806083515	1.55341518092375	-3.73121699881575	2.46224540466
mund1320	-0.171875423286259	1.71076436026972	-3.7099443498288	3.1970100496949
mund1325	-0.283743729353623	1.41393707962103	-3.21806145569677	2.44686592765876
mund1326	-0.801351744222088	1.40598525257864	-3.72106328873982	1.7823415226896
mund1328	-2.03971445881885	1.29937427472319	-4.73525975837131	0.278212742791316
mund1330	0.659848043905119	1.5831109899928	-2.36364015475863	4.07065481111686
murl1244	-0.96903393948137	1.73798445663543	-4.66265673673429	2.31920508191067
murr1258	1.18171484125046	1.69811313033241	-1.95631662392081	4.80531583125729
muru1266	-0.0623563146552673	1.72604243446507	-3.50803208993383	3.38342980298495
muru1274	0.071259417030575	1.67608984064693	-3.25965233354612	3.48106407912512
musa1266	1.58347261529573	1.44768786516667	-1.05383366779038	4.65560682819451
musg1254	1.4884996953266	1.47863789854932	-1.22509348265736	4.56387043048356
muso1238	2.07272866019225	1.27080483285292	-0.24882930707523	4.76857120881035
muss1246	0.835239437501127	1.49457804916592	-1.91223452432329	3.96504664245394
muth1236	-0.0846933342578556	1.73852081697771	-3.58636848682562	3.31965416411413
muyu1244	-0.349079726769211	1.5234262008215	-3.50931512262174	2.54496431367379
mwag1236	0.448441561009552	1.49305748577636	-2.43460738537935	3.44293825317449
mwan1247	0.259721897347545	1.73229258799743	-2.987898582639	3.9917048386585
mwan1250	-0.294926638922145	1.75665993118892	-3.87719690970316	3.10251476586654
mwer1248	0.307438881092691	1.69182961843588	-2.98826288262706	3.84047477385042
naas1242	-0.203355665081262	1.35932472266187	-2.85358695924996	2.51497784036926
naba1256	2.09899904161507	1.29848156144593	-0.280474207073293	4.85053063100569
naka1262	0.509948404861059	1.21567059502092	-1.86961468975548	2.98006841060464
nalc1240	0.145758003890542	1.68675631510995	-3.11033183704065	3.55373529326871
nali1244	-1.10074700248991	1.3382648538502	-3.83627397664434	1.38431079707657
nama1266	-1.51185227322846	1.66585727075368	-5.03753831020767	1.59964397008278
namb1293	-1.63718023243385	1.66378824322209	-5.13504312875242	1.3929048533023
nami1256	0.293747682121286	1.39612228861897	-2.48759358781595	3.03519236874843
namu1246	-0.224848425275381	1.71552500950886	-3.69082832889006	3.19081005752922
nana1257	-0.0535865800442077	1.79584547440949	-3.60561599045555	3.42910641384139
nand1266	1.48227920876448	1.60222630975596	-1.47370031234242	4.85822139746334
nang1262	-0.795274546560132	1.35448109265997	-3.6038033288112	1.7501290052668
nara1262	-0.000679941671489163	1.77763131771007	-3.53587940107555	3.57603477801293
naro1251	-0.888066478729501	1.59645676557993	-4.15334795017163	2.07187617576024
naru1238	-0.0462690065467971	1.76205489460157	-3.50606291279002	3.43047766645803
nati1243	-0.775349383901891	1.51373855358165	-3.96921500858102	2.06699035095457
nati1244	1.46286831873574	1.11862620661098	-0.691687223926841	3.70321818418591
natu1246	-0.867634417112593	1.36874456939983	-3.75404643699743	1.6767039520405
naue1237	-0.334972271989526	1.40734033094651	-3.17307239250218	2.4222333429115
naur1243	-0.549849012550237	1.61793267808492	-3.88057486379099	2.50279932807171
nava1243	0.1308860304214	1.65655755772542	-3.09693086833862	3.47029117555067
nawu1242	-0.138517037530849	1.52494848995918	-3.23323779729761	2.86245698964571
naxi1245	-0.289727489070915	1.71633029203359	-3.78885193612213	3.07551010271464
ncan1245	-1.93049414133259	1.29251136653768	-4.60877935079807	0.342207229006584
ndam1239	0.467337056547009	1.70476213490164	-2.68765911315877	3.96480329916186
nden1248	0.0600731009563989	1.66752298215919	-3.08500729268471	3.46457520928848
ndob1238	-0.0423675131567273	1.56883138901161	-3.20291244894359	3.0547455451687
ndog1248	-0.281699193639372	1.46821994132531	-3.28099958738306	2.54483763788657
ndun1249	-0.1582082869102	1.47692279135429	-3.18059086143158	2.68514995464594
nege1240	3.00835417270915	1.63811402741543	0.0642467714022997	6.44304606453557
negi1245	-0.134666261753303	1.73662081478405	-3.55767616484821	3.30139033793557
neha1247	-1.39118979512587	1.52954395351191	-4.67315056062496	1.46218047192873
nend1239	2.00762563665611	1.51326031139491	-0.749257792817412	5.17978215190503
nene1249	0.00522219869185971	1.8266548951227	-3.65760162106502	3.64407632602932
neng1238	-1.09722535231518	1.6239422408046	-4.47837109191468	1.85168194352263
nenn1238	-1.6928655123045	1.66460887431361	-5.23921526197528	1.33889432765992
nepa1254	-0.465448440938885	1.6067200987928	-3.72018393490748	2.61931543651478
nese1235	1.31523782111775	1.07584245155746	-0.691565287703192	3.51514017861365
newa1246	-0.504327301174652	1.63946705277482	-3.81748909647252	2.65359384548533
nezp1238	0.485274132738636	1.627293611658	-2.61916937953413	3.83281039635085
ngaa1240	-0.0152229020166897	1.74163332486773	-3.44864504787687	3.36630803898493
ngab1239	-0.115628511566401	1.70624478379116	-3.49936581430143	3.20396272877095
ngal1292	0.528928173932045	1.73618042891922	-2.87764824604114	4.11174653434594
ngam1268	-1.93706494822126	1.47777156350428	-5.06194736066345	0.714267249591807
ngan1291	-0.0298057184284654	1.79236247753528	-3.62290859531803	3.52917806253285
ngan1295	0.31315725723106	1.70479999244433	-3.06298616356932	3.8618503930461
ngar1235	0.750091662905723	1.71102677274261	-2.60305586416015	4.26210044700624
ngar1283	0.0976882464122488	1.71899049883673	-3.26960466496829	3.63662014833129
ngar1284	0.10828146611537	1.76138883096112	-3.37608971777682	3.67536543599487
ngas1240	1.06110274434832	1.55994010984191	-1.79224720099652	4.34863831344958
ngba1284	-1.00488014643789	1.55504163720283	-4.29767330667234	1.84455146411623
ngba1285	-0.421282125749216	1.44377247781426	-3.25100654761537	2.43404996596113
ngeq1245	-0.559468544267316	1.69235787371254	-4.06336167410308	2.58388130732403
ngge1241	0.498322249691546	1.64230057495701	-2.67317766179116	3.78032528814113
ngit1239	-0.775666064611891	1.51733375959354	-3.88871214644464	2.15358792936327
ngom1268	-1.62772038760723	1.62424177128517	-5.01094332861033	1.38270877494141
ngul1236	-0.949515648940382	1.57069329849342	-4.21273354199246	1.95767143188847
nhan1238	-0.00114390058713082	1.83677562102992	-3.617886211517	3.57395775377126
nhen1239	1.33024107512942	1.51032184703018	-1.44824516687668	4.58190167415327
nias1242	1.33152724170498	1.51255848648174	-1.44986456540515	4.55012567762592
nige1253	-0.872005390957879	1.52940174054075	-4.16085597837436	1.94636813272911
niha1238	-0.146197628815067	1.77141771544995	-3.72648748061725	3.32447985590946
nila1242	0.179416676278028	1.66706097515516	-3.08537556821484	3.56274965783862
nisg1240	1.09876174302822	1.70721941059283	-2.1351504189646	4.63539869233968
niua1240	-0.505978640212174	1.62626935048567	-3.84859783436684	2.55225159357788
niue1239	-0.357338201317254	1.61012836628674	-3.69251591639079	2.60860124022533
niva1238	-0.507954291698141	1.69008610106089	-4.00680232927366	2.8103765951127
njan1240	-1.49214584722192	1.5454416298878	-4.76218994133716	1.39276689855498
nkon1248	2.34415523623905	1.47620283097947	-0.296058529151465	5.38201239992519
noct1238	0.0418562938134235	1.67531443594945	-3.35621455845137	3.32198175003824
noku1237	0.489647272816727	1.31599433980171	-2.06845229390777	3.10020720611139
noma1260	-0.0634130458526241	1.25360341109697	-2.48115774305474	2.41829544210388
noma1263	0.527988682540995	1.52839978462601	-2.37685213201561	3.61267970217311
noon1242	-0.162593834276696	1.59429779761239	-3.44590600869081	2.89529479166806
noon1243	-1.72249883230658	1.2957778515462	-4.46970318570884	0.605275086981577
nopa1235	-0.753873444006944	1.73645002780185	-4.3968605867988	2.53092158077461
nort2671	-0.0134244660137341	1.83081022604419	-3.69819762161094	3.69145451337491
nort2684	-0.415759600086634	1.67370816622514	-3.83257132276214	2.82031196864649
nort2690	-0.0249290019024216	1.77996519435392	-3.63794996544385	3.56491440126668
nort2697	-0.0834099486874189	1.7906329176537	-3.67518853663874	3.40664089418688
nort2702	-0.143764549595171	1.7847379802999	-3.67944015437875	3.36882338121053
nort2722	-0.20022180322399	1.68639337405702	-3.5794448951088	3.11157562653697
nort2723	-0.230081851657935	1.74149285780494	-3.74320711315839	3.2008095559163
nort2724	-0.306501835447793	1.72787389018722	-3.91404782051372	3.07615352996773
nort2732	-0.0832609267454908	1.76926325642192	-3.69853978593689	3.48982540790117
nort2745	-0.112786999977782	1.7591784202578	-3.54541185923913	3.42649714521552
nort2747	-0.10482361139271	1.73026067346521	-3.62067183802588	3.23166528876239
nort2774	1.00174743058957	1.43280168885207	-1.67969981392783	3.98170710667658
nort2775	-0.709038808805839	1.6473054420895	-4.12129182208745	2.38000607552749
nort2795	0.30507238983386	1.69528200770111	-2.92739383772674	3.90940318108659
nort2839	0.941298190224252	1.04380816466593	-1.08632636225155	3.0224281723448
nort2845	-0.289194524090013	1.65971758506105	-3.64852391131749	2.79254588565576
nort2847	1.44979620818233	1.30385406949363	-1.01714766401325	4.05879872334374
nort2864	2.19174980499313	1.56155236950487	-0.622217976919254	5.57196886390245
nort2877	-0.444808137683111	1.35068607586937	-3.15456861435111	2.18298964311198
nort2885	-1.14313461793394	1.53403842434532	-4.36845545998179	1.65849559310792
nort2930	-0.0705459555269319	1.49120932853147	-2.99731528891113	2.92319696408258
nort2938	-0.316003050445073	1.65678439741517	-3.66559953365692	2.95021059315644
nort2942	0.194323003731833	1.7118909132813	-3.12080137767745	3.67833852931725
nort2951	-0.169983143400117	1.6635605418285	-3.56371464502029	3.11995211889443
nort2954	-0.213440857151337	1.59608513872534	-3.51980826725289	2.84662171472998
nort2957	-0.993768646402562	1.46346409272841	-4.13254502293795	1.70702525647365
nort2959	-0.961002132473773	1.59177998551043	-4.32478144899789	2.00096078860888
nort2961	-0.19787172598789	1.68074638458281	-3.61205889612028	3.04851324906737
nort2972	-0.460127052019843	1.66903025006062	-3.86826253363352	2.75394384781534
nort2980	0.163652553022954	1.58327638235033	-2.95518673301341	3.31536544962146
nort2994	-0.641215095575178	1.63248031778358	-4.0983134971791	2.45177268793448
nort3047	1.28400364969966	1.40002488108209	-1.33093041361175	4.19795236362741
nort3139	-0.0163099009358248	1.77428233472646	-3.65103933093877	3.47922241264763
nsen1242	0.200724877049075	1.70430804348609	-3.08471006307727	3.72233810280127
nucl1235	-0.196781778111194	1.74148347182454	-3.72530482150927	3.31958518728459
nucl1240	0.655314447071445	1.32793459566393	-1.89823320466775	3.3880010842789
nucl1301	0.00482715842374838	1.77461230350484	-3.51812882332036	3.51940060234664
nucl1302	-0.162101681852831	1.74824538106544	-3.68058206652624	3.37519380973517
nucl1305	-0.0518048751709652	1.76847340339383	-3.71871077623293	3.47978790960962
nucl1310	-0.291278299851175	1.58135823453542	-3.52469678248194	2.80470611431633
nucl1327	0.885789556094996	1.76902410734745	-2.43860454275721	4.51423318119934
nucl1347	1.18598478043133	1.5580769729966	-1.71073220124651	4.42561194673946
nucl1417	0.667669582930249	1.31461105957672	-1.87455199582078	3.32774879391731
nucl1452	0.10064496202911	1.69984486434116	-3.19167185799636	3.50254925816514
nucl1454	2.26861208607183	1.62415263861829	-0.665989289796189	5.70275602347246
nucl1458	1.85655676076761	1.40149218580127	-0.737515487525068	4.77441372676651
nucl1460	-0.697339696759003	1.6197682044921	-4.09056157028508	2.31391998712361
nucl1593	0.489161956170194	1.36237350768633	-2.18490948084845	3.248712243752
nucl1594	1.29824530884923	1.57834285941391	-1.72732910116233	4.58673055048328
nucl1595	1.74765828550331	1.54382596205983	-1.07755486422694	5.10030304079278
nucl1630	0.767710740182722	1.30864882310585	-1.70323561099378	3.49540289525178
nucl1632	0.717317649796932	1.55847307430036	-2.2550687032368	3.9452076499803
nucl1633	0.654680105354603	1.55423921050217	-2.32928841596263	3.89547456671165
nucl1643	-0.063725360808766	1.70392172904824	-3.57674009719492	3.23177535823972
nucl1706	-0.0868778492590065	1.67824813232986	-3.42827610273441	3.21896502684241
nuer1246	-0.91091357891627	1.59104298232391	-4.28768275257218	2.13966249288949
nugu1242	0.207569573689984	1.25474846292488	-2.18189276749977	2.79657841758849
nukn1238	2.09576768429347	1.37774928370682	-0.373141065033158	5.10875727187623
nuku1260	-0.149876483963897	1.61582746022384	-3.46146042090553	2.86982653157253
nung1282	-0.318760239929208	1.70001648770522	-3.82110884639004	2.91938303914992
nupe1254	-0.540203696838005	1.53821958202342	-3.63463968831674	2.37010474757476
nusu1239	-0.295345743949404	1.71924303681035	-3.78575437671066	3.01524450023336
nuuc1236	-0.30118104216964	1.66717690335732	-3.68461495464656	2.99440684090694
nyah1249	-0.555239585639184	1.66196106511165	-3.92100233282054	2.50625801024993
nyah1250	-0.26870431572081	1.68751017490697	-3.70908700396911	3.06279181555975
nyak1260	0.64343318013872	1.65416297045871	-2.48500142254128	4.12901808537532
nyal1250	-1.71833755802342	1.49833577498679	-4.92127024637632	1.05102391147843
nyal1254	1.05880500445381	1.46978321343215	-1.63105458742775	4.10441416199928
nyam1285	0.555328074839688	1.45983106923898	-2.33033581790163	3.4083199576102
nyan1307	0.329308649579899	1.67585183143033	-2.94897215265463	3.77157017897603
nyat1246	0.185843958177442	1.67779312749658	-3.07795014377147	3.53485062589351
nyaw1247	-0.114925793712381	1.75605575194561	-3.64894132643643	3.44169401247701
nyig1240	-0.726471947080218	1.62173608273463	-4.11225779976906	2.37118861329259
nyis1236	-0.00876994290581776	1.68751088662011	-3.33447151598559	3.32537897818709
nyor1246	-0.0588184690561289	1.67004285506835	-3.38820357173854	3.30300107529662
nzak1246	-1.39720563568646	1.48414196840729	-4.46459634707822	1.35549120949953
nzak1247	-0.536233682018545	1.57111411647037	-3.8369113268969	2.44177605671335
obok1239	0.905931337970588	1.5552730489609	-2.11066345563955	4.03029452048079
obom1235	-0.19949313626124	1.38141587887305	-2.97686458745541	2.48877819022343
occi1239	-0.0916046123876632	1.69804507470832	-3.52202798047733	3.23703139875693
ocot1244	-0.818076647821286	1.70092554669005	-4.35665425056493	2.4027348810519
ofay1240	-0.303542179507119	1.61549177772959	-3.56127642502443	2.84389347815751
okan1243	-0.304822093815996	1.68850388561553	-3.69809410443332	2.94054113563876
okin1246	-0.0831676408240862	1.77242028435322	-3.68897528902008	3.41859893750137
okoe1238	-0.996416038892661	1.36215540393793	-3.77372962152932	1.52881964076026
oksa1245	-0.387195161183036	1.63623916901184	-3.66655822245905	2.73673101973049
oloo1241	1.38499700019601	1.35675627540797	-1.07509875941057	4.12649708135975
olut1240	-0.0663048413969364	1.35226938565145	-2.77038722821615	2.57850424770272
omah1247	-0.630445615122598	1.65985807348816	-4.11175928280333	2.5553131658438
omie1241	0.87608523068477	1.44306020178911	-1.90006647977644	3.80070972831802
onge1236	-0.229742035564655	1.74395328779852	-3.70675453718517	3.19201776771664
onon1246	0.683778039519668	1.6551381746849	-2.46681417864786	4.05874375211477
onto1237	-0.655532104716706	1.66539874843602	-4.08377271458528	2.50263447041663
oriy1255	-0.169381393768655	1.68136496561914	-3.54987559048318	3.10845533594493
orma1241	-0.0763655485498342	1.76999862763105	-3.60981407291057	3.36293702113684
oroc1248	-0.0323968035934689	1.71742583402674	-3.50652583072971	3.32166999575233
oroh1237	-1.31171502231817	1.47716152119049	-4.45594426658902	1.42526942851382
orok1265	-0.0323951144712286	1.75330912575706	-3.47909240623102	3.55153335344677
orok1267	-0.0654890382251973	1.52680777597093	-3.09284455347227	2.98948051847509
orok1269	0.899120137829221	1.49059736470811	-1.98236373808239	3.92950829880396
orow1242	-1.74524711166642	1.45258535933352	-4.83224817819209	0.892511905070903
orya1242	0.689535817428804	1.56695247587144	-2.35059393744517	3.87968098245363
osam1235	1.12151811077559	1.57942031226634	-1.86127063010063	4.46740261511339
otor1240	0.360940251986476	1.70411754121462	-2.95807328794001	3.79368160886634
otta1242	-0.162728236672033	1.67887259204743	-3.56807728168031	3.10076905259762
owaa1237	-0.942359163844533	1.58425386343342	-4.30168502977132	2.01689370754554
paaa1242	-0.316404578727614	1.70369912757151	-3.85945070762304	2.95123741000192
paas1238	0.350684258098935	1.48630000626443	-2.54521688339063	3.31937454130971
paco1243	-0.452092878069062	1.72875742575049	-4.01237206335787	2.84127046102565
pagi1243	0.748503991983948	1.49709758489367	-2.0494502980539	3.86385868191041
pagu1249	1.38880774836963	1.71444186625931	-1.80527505893053	4.96408071472424
pahn1237	-0.269690921273363	1.71492030351884	-3.73580883950257	3.0495799977664
pait1244	2.29288786030025	1.5310285393925	-0.555156799520071	5.45760761191151
paiw1248	-0.348215055651642	1.39213169200426	-3.16279728733989	2.34404954531731
pala1344	-1.01023768720836	1.59982348242278	-4.25143783778316	1.93977798695256
pali1279	-2.07569120179867	1.70580665793684	-5.70103739924934	0.958911255907604
pamb1243	-0.548203187603813	1.55517884081283	-3.78320877719939	2.37030215595316
pamo1252	0.961799112632321	1.44505132625565	-1.72047908077299	4.04929619158194
pamp1243	-1.22256699994826	1.56868326420555	-4.62721165830076	1.55803199395261
pana1305	-0.240916217585694	1.71647693402927	-3.80258590686143	3.09141934057973
pana1307	0.982441168311569	1.55992992750971	-1.89791153907057	4.31371189611727
pang1287	0.530186742474286	1.66279132061975	-2.6652106689495	4.00327456348598
pang1290	-1.13235925496703	1.48555444872204	-4.31848163315333	1.5927005710644
pang1291	-0.889216611319633	1.60372732837238	-4.20352236067586	2.18026549516011
panj1256	-0.077032775490682	1.77057841267702	-3.60964744783748	3.36243654404204
pano1254	0.610986299844815	1.64987065439888	-2.64020182834644	3.97663774145406
pany1241	-0.0420960817339318	1.802190494742	-3.68593327491542	3.49699127254169
papa1238	-0.919466171255065	1.5663793869951	-4.17285101655561	2.02853602567081
papa1265	-0.382164495477077	1.2649573456465	-2.90129613900877	2.12290168588092
papa1268	-0.504292722976465	1.35376988498168	-3.24018999607006	2.15652438717902
para1301	-0.286422473058379	1.71686924678469	-3.81234950327715	2.97664532037874
para1302	0.718460136722615	1.58183017467566	-2.32582373084534	3.9193184870187
pare1266	-0.255613152564305	1.69686821629279	-3.65211393955093	3.05868618141057
pare1272	0.319400472109119	1.59814766235466	-2.7604147219117	3.58328973321508
pate1247	1.54776206752198	1.18675263957702	-0.693572620791384	3.98359055405747
patp1243	-0.631959336012173	1.21636782530384	-3.0914644226356	1.70656630201146
patt1248	-0.0979502418684565	1.75032494874079	-3.58614676492271	3.34957227723382
paul1238	2.13812867065038	1.56499714280922	-0.687305971815244	5.53839417677078
paun1241	0.359754617940857	1.6441097820733	-2.81974280239154	3.71245453233738
pawa1255	-0.146666233860476	1.47786696845239	-3.10240210661434	2.68374181793776
pawn1254	0.943987565670912	1.68183423919621	-2.21835082571699	4.41974825813735
payn1244	2.10644861777799	1.50649908792206	-0.587022787051605	5.33466902275682
pech1241	-0.214908569868475	1.73621605753386	-3.7000655363205	3.17215671522121
peer1241	-0.923916641038678	1.53123020146793	-4.086683959	1.93290403410216
pela1242	-0.139087605434328	1.70436627352628	-3.56796639686725	3.14326906855063
pele1245	0.687309090943064	1.23825792339184	-1.68834410336396	3.20570433592565
pemo1248	-0.917978402129485	1.59970936661144	-4.28046600442565	2.04360187547172
pend1242	-1.35454934731405	1.52811745325798	-4.57372613686769	1.34536091447071
peng1244	-0.247965640762969	1.72936799370247	-3.64482170008018	3.0675383038166
penr1237	-0.321225203572344	1.63714606272433	-3.64906073351833	2.75696560997647
peri1253	-0.0154517808304207	1.71258416660664	-3.38368503012481	3.26573601113693
phai1238	-0.315280122003127	1.68732670705346	-3.78001528312969	2.98717265693908
phak1238	-0.141166363232575	1.71595283465741	-3.63928180051982	3.25189297978594
phom1236	0.573304835573149	1.57286760235492	-2.57918558699425	3.70065096503554
phon1246	-0.334399206121203	1.78031834452994	-3.89456241090079	3.05005072123696
pila1245	-0.829709217831675	1.64882771379875	-4.234151353356	2.36186271863122
pile1238	-0.879226035320446	1.40967831349837	-3.84567467270952	1.72161632728866
pima1248	-1.02147113679243	1.61432963367627	-4.49890446896149	1.90335246786215
pina1252	0.975790199505489	1.52194805689024	-1.89449083190087	4.08250168419064
ping1243	-0.825025098653794	1.59019996472752	-4.12515066364356	2.20301622340743
pint1250	-0.0390422375554041	1.80287819461698	-3.68226455890523	3.58178142338116
pipi1250	-0.0547718616830998	1.56726014440555	-3.30026337191418	2.94651932713815
pite1240	-0.0328197038897209	1.771176273536	-3.54878417047064	3.52800072902651
plai1258	-0.262121342437431	1.7117897040108	-3.85040650964382	3.0651980669041
plat1254	-0.336858825739379	1.68265945936407	-3.7637086142814	2.93782189186578
pnar1238	0.649247736806961	1.60705356172916	-2.48341943508993	3.85107454464998
pohn1238	-0.677873048127685	1.58819979479167	-4.01095998681668	2.28923918096945
poko1263	0.466971880251994	1.57741969975235	-2.64480703053366	3.64325127304815
poli1260	-0.0511909383399284	1.78735788469199	-3.5857073709115	3.43630154214256
popt1235	0.520097655460916	1.51708319737246	-2.40497478066869	3.55583913200113
port1283	-0.063164152523343	1.76363463757236	-3.60939097244382	3.40385420808829
port1285	1.38456614537435	1.09260664704851	-0.692761908008574	3.59317118013821
pras1239	-0.0869693293941991	1.74746062623432	-3.56555903446626	3.37234063209695
psik1239	0.288431949086624	1.37190831402883	-2.38280295696415	3.07989676062319
puka1242	1.72069293304382	1.570347344323	-1.26512862418411	5.01583024703825
pula1262	-0.297965233515846	1.61077070727171	-3.62835352837707	2.73390700493029
pulu1242	-0.434731879165678	1.56135666855378	-3.71797873625856	2.51628714456425
puma1239	-0.675187324013543	1.66351273132194	-3.99748159109802	2.51147612005557
pume1238	-0.250701151896096	1.62402259031545	-3.55919099014837	2.90619902818387
puoc1238	-0.354903880673324	1.75737855644935	-3.97962502676108	2.99855421190786
pura1257	-0.071496029906652	1.51874371234823	-3.06421114112726	3.01189034924885
pure1242	-0.31799326281148	1.67311492940637	-3.783030963507	2.89499591533908
puri1258	-0.0910985051611388	1.74694933121602	-3.63414503311479	3.32820638811851
puyu1239	-0.33557120015623	1.34418668019747	-2.99151639862001	2.27649881846949
qanj1241	0.94597696607176	1.58614971231595	-2.09174305250987	4.23544184683147
qaqe1238	0.337505350786815	1.25599990864783	-2.05197443986778	2.8597284875849
qaua1234	-0.133545155284235	1.75427701711835	-3.68491162574592	3.32748724925817
qawa1238	-0.252343446606144	1.69889840525988	-3.70734767878318	3.09404616912147
qima1242	0.0417948557536079	1.76646044593562	-3.42502529263591	3.49824577188091
quer1236	-0.0160722564610968	1.6427243332433	-3.30577575834999	3.29810444757431
quio1240	-0.800519655236207	1.68425578445501	-4.23379951136819	2.43332081225805
rabh1238	-0.0777953713143295	1.70308534758137	-3.5749031890429	3.28853270607521
rade1240	-0.749804560883924	1.66218687824058	-4.2394821052369	2.37630841119921
raji1240	-0.249648734261917	1.71354770183223	-3.73542744882669	3.01341496205883
ramo1244	-0.107652235470964	1.16243000220837	-2.38369794138836	2.16549802368949
rapa1244	-0.283035221290405	1.60681897013639	-3.57553706558399	2.77186351627051
rapa1245	-0.278572187807475	1.60965600137965	-3.61963778219173	2.74770006980624
rapo1238	-0.851086630565215	1.34355136509048	-3.62766740837016	1.67648137206435
raro1241	-0.299977253385304	1.6527659745663	-3.74623751450379	2.86132747624066
rata1244	-0.458688615193364	1.59528885441018	-3.90956419878747	2.56159282896477
raut1239	-0.21537628227961	1.70287985895351	-3.62986601788267	3.14550277513858
rawa1267	1.14606435755556	1.37916312197557	-1.46924377955262	4.01160445254201
reja1241	-0.829437965699467	1.67630178252671	-4.35236356415284	2.24333357739526
remb1250	-0.513461109823215	1.47503805292002	-3.52393142855131	2.35688793827999
remo1247	-1.01169695445994	1.59709206837298	-4.3541488262255	1.94781975412197
reng1252	-0.656576093156979	1.69619150011138	-4.28456302014449	2.49665604997193
renn1242	-0.616829678049547	1.61868309426216	-3.96809877403115	2.48402702828612
rere1240	1.37348267635224	1.06864106099149	-0.681741920825358	3.5177688554218
resi1247	0.174780121588894	1.62783276064906	-2.99169910251806	3.4584766480105
reye1240	-0.580056114073521	1.56717422923716	-3.80020893719854	2.51004293291495
rian1263	0.684941720313149	1.71361158798217	-2.53305917618097	4.19357069787214
rikb1245	-0.605106546114886	1.59614071808722	-3.87310903239572	2.42739080456497
rita1239	0.212972055408126	1.71781832287787	-3.20198290562652	3.56502728998989
roma1326	-0.133750778261422	1.7396825852159	-3.76078618506889	3.18549690339475
romb1245	-0.685448990891311	1.52859509572243	-3.88438718510139	2.18684017014785
rong1264	-0.104836720425448	1.70207200615968	-3.60052488166128	3.22928707140712
rong1266	2.48554265536517	1.53101121780225	-0.301048157905316	5.74326545688723
ronn1241	0.551337963173287	1.49059261067284	-2.27303402184057	3.60497563877313
roto1249	-0.486108853124666	1.26197749739644	-2.97675252992858	1.9986834522282
rotu1241	-0.446519657774865	1.62058575346694	-3.80433432056049	2.59472023326066
rovi1238	-0.797882362183572	1.29943644115557	-3.44567479138374	1.66012198378002
ruch1235	-0.241866405006896	1.7079259302286	-3.72001676215007	3.1267555470226
ruka1240	-0.499657576229877	1.35874416377095	-3.1565891947619	2.16670935973364
ruma1248	-0.00368256392475702	1.69847415692373	-3.4924879885391	3.33944487512716
rumu1243	-0.486651898668169	1.56829491703047	-3.72621577174775	2.4974080820382
rung1258	-0.109916844041977	1.69494810670671	-3.41494774194796	3.28930763238613
rung1259	-1.21096735776146	1.59473371684524	-4.67881990483245	1.72783951067196
russ1263	-0.0572108154129545	1.73799098424746	-3.69661454117761	3.32161245958876
russ1264	-0.0279557574433995	1.77287142704056	-3.41270351147297	3.47624849981999
saaa1240	-1.33816970818273	1.46645007881932	-4.39448573735985	1.36634008779801
saaa1241	0.757025874019329	1.07367036958594	-1.31698083504739	2.93656734896422
saam1283	1.12870540157087	1.69997331627701	-1.96288060461586	4.74728288796101
saar1237	-1.07368673680741	1.44084502764931	-4.07518305854493	1.62668251118545
saba1267	-0.348375041651632	1.36007518498319	-3.04716490283704	2.29552897201954
saba1268	-0.325207488901643	1.52880678394363	-3.43879697473737	2.65596287335396
sabu1255	-0.427387694086348	1.49791556863962	-3.47977432310826	2.38383907952627
safw1238	0.828316612950571	1.57532916306632	-2.08337524435376	4.18865682535751
saga1262	-0.689726621094868	1.5773230783466	-3.83083075267624	2.41207893285207
sais1237	-1.33564648737601	1.56329775769274	-4.63196803875056	1.53929186688295
saka1289	0.93183517192303	1.21084317908571	-1.38366862126843	3.38199924839254
saka1291	-0.33811882098017	1.66694579736721	-3.84408350823454	2.86468034326375
saki1248	-1.1189154681625	1.56066310004823	-4.45784776513444	1.80828776094675
salt1242	0.207224017746073	1.49705488428099	-2.79696956114076	3.16217564316485
samb1311	-0.646649595880827	1.43130272271324	-3.54254016726925	2.0551299823372
samo1303	-0.941651032007496	1.67113981819876	-4.38118010285514	2.21059314958636
samo1305	-0.409609762531183	1.59576949674134	-3.70299661782995	2.56978820028581
sana1295	-0.0018793974738257	1.83655972415494	-3.70276956850863	3.61290737448533
sanb1241	-0.754288439277503	1.73164659736618	-4.34392968381083	2.56670181461404
sanb1242	-0.205027595181405	1.71007571813475	-3.72094251744979	3.1102133670648
sand1278	-0.49780481483706	1.63695983213872	-3.82551570120263	2.6697845211604
sang1321	1.52621686980207	1.49552018381102	-1.25242928257147	4.58721922232551
sang1330	0.767189490898057	1.64177524466403	-2.30777557582576	4.17703732167046
sang1331	0.246081685943546	1.70949928516829	-3.09389271439923	3.73838940083492
sani1269	-0.268115158396673	1.75089753467375	-3.70609396027294	3.19719595618697
sanj1284	-0.804059308346913	1.68716574632927	-4.29131348772421	2.48395723357394
sanm1289	-0.238207147912452	1.68674266980227	-3.69882703232741	2.99099960430061
sanm1295	-0.844839421818355	1.69229698229644	-4.39626355345714	2.40378938966757
sanm1301	-0.829268721704095	1.63773650596584	-4.18724198562577	2.32622927081921
sant1410	-0.263937017384672	1.74449170701917	-3.82441305853534	3.13703511930915
sant1436	-0.801216676040203	1.67640492205318	-4.33389679677106	2.36606868238029
sant1451	-0.787224558444584	1.6684575069176	-4.26628137431742	2.43508473527963
sanu1240	-0.190661330772674	1.66891429378078	-3.4940635873916	3.12765032772368
sapo1253	-1.01249974190835	1.37739368552119	-3.86055142901888	1.59962543918278
sapu1248	-0.579787922495269	1.69258329906684	-4.05310234111115	2.60789968907173
sara1321	0.503618387505897	1.53076267016032	-2.44894525157865	3.68146650166782
sara1327	-0.724748552684391	1.6072331726323	-4.02281364295712	2.30085017585104
sars1236	0.0326835043130178	1.64772017442806	-3.20647533876197	3.32659057979244
sasa1249	-0.527277219137562	1.63864338948338	-3.85983505678677	2.59388943043382
sata1237	1.28906843323473	1.51187000540537	-1.54634440360179	4.52356784416397
sauk1252	1.72448880039209	1.27582107789397	-0.606910300841678	4.40899778747813
saur1249	-0.250258999208461	1.73196545070833	-3.75082752423961	3.06524004292972
savo1255	-1.0717857084015	1.40034501194337	-3.87814275141888	1.56979621021164
seda1262	-0.614612722833043	1.7067353561226	-4.25833886436149	2.64236860071656
seim1238	-0.161239490278591	1.51424735780492	-3.20467423454175	2.77337136636117
seke1241	0.76204396436065	1.07763852161379	-1.36073377563849	2.93409966215992
sela1259	1.18939964912984	1.56534081322119	-1.75330133711974	4.48202859940832
sela1260	2.19750400174483	1.52208410069852	-0.586164178662138	5.379052162755
sele1249	2.3341352044203	1.45521447859113	-0.262547914355411	5.32818013827913
sele1250	2.37858190998585	1.42440642640462	-0.132305345829843	5.46373875964795
selk1253	-0.0192015077602515	1.80670259002228	-3.61963314578167	3.53303925291417
sema1265	2.66280876748901	1.68589278699926	-0.347882132701849	6.24151999598076
sema1266	2.57749133901143	1.66790086409074	-0.379696573457951	6.06526713497415
seme1247	2.91167564256405	1.62573761823324	0.0395664468791056	6.43662180654891
sene1264	0.668349715824471	1.69985104479374	-2.486965275843	4.28918503957626
seng1281	0.721385597651331	1.3187847318667	-1.7980737837137	3.39547135480137
seri1257	-0.456056437327915	1.69335850149225	-3.9456450652331	2.82119457865626
seve1240	-0.223976918820773	1.68929102476839	-3.65377981815305	3.07794127956138
sgaw1245	-0.173882853168865	1.73044393768984	-3.77905389060945	3.21959943010741
shab1252	-1.15425508429356	1.68148511934124	-4.63547838601589	2.00026111234122
sham1280	-1.15658828847338	1.49771861238784	-4.19248036978522	1.70386133146325
shan1283	0.280979373090421	1.68031139530046	-3.08188968862379	3.61122132718859
shaw1249	-0.187756579906716	1.72808637303745	-3.74328542559705	3.1541552827639
shee1238	-0.105008987810787	1.72487130120337	-3.60844729774179	3.30665226286265
shek1245	-1.0985762357055	1.68562804919562	-4.56901276177551	2.12654357535264
shil1265	-0.626426809887078	1.58588826757936	-3.8635798872268	2.35983839260887
ship1254	-0.0681744766728777	1.66253235616952	-3.42950674546529	3.1550576711005
shix1238	-0.239175054320754	1.76970106792665	-3.89021335406944	3.29330193738878
shol1240	-0.0699995563917531	1.77288638924478	-3.59902229435127	3.5003756480162
shon1251	0.199575064178787	1.70530750926474	-3.11457918634582	3.60638609151307
shor1247	-0.0070467012196405	1.76556433237487	-3.5606312969828	3.45208506414897
shos1248	-0.0678321388390284	1.72181589747207	-3.55939730991471	3.30145992887758
shua1257	-0.500315963300742	1.66449899551224	-4.01497374921956	2.68135795037342
shwe1236	-0.139925181056539	1.72231510921491	-3.71379277322932	3.16991128254004
siam1242	-0.673264326358505	1.50140533246275	-3.76393108309989	2.21149399699548
siar1238	-0.498590236851215	1.29786903210956	-3.19802070331354	1.97212730596194
siaw1243	-0.145445840380718	1.4500535605979	-3.09403816071424	2.6972636828394
sich1238	-0.196628515775185	1.77208251803201	-3.76057888146951	3.31331822815142
sici1248	-0.0653696521644871	1.69787835182091	-3.49771518880624	3.27309206675206
sici1249	-0.771922492336503	1.56806477378374	-4.03617466883662	2.22778992558356
sida1246	1.02210918046208	1.66743468836771	-2.12478486952064	4.41580274723873
siee1239	1.90590532553894	1.40272630713802	-0.709120525127327	4.8494790074503
sier1248	-0.946382647471219	1.60132856171963	-4.38659295709058	2.02808548926931
sier1250	-0.801475508723742	1.68025283429696	-4.20514879409405	2.41888411952842
sika1261	-0.869471014532647	1.6570663232736	-4.24849703206193	2.2410792185806
siks1238	-0.314965436679977	1.67656177702242	-3.84869305775213	2.98480714940744
siku1242	1.70820829574397	1.57113888853244	-1.09098013511262	4.97801048956287
sile1255	2.05039498109484	1.47280276822161	-0.584443263729147	5.22785397809821
simb1256	-0.748210529216655	1.39965985364471	-3.58444120158375	1.93982438625368
sina1266	0.661300880009594	1.24652362334398	-1.70045366694058	3.20641313007999
sing1264	-0.0451572873014237	1.68607335519956	-3.45634908469949	3.26038025043263
sini1242	-0.260824150133042	1.72832270471608	-3.82656901304081	3.118077685857
sioo1240	2.46307771684448	1.45500969436925	-0.106366762929917	5.58741806300562
siri1273	0.234400497400627	1.52500661864184	-2.69942352005463	3.36320267608555
siri1274	0.2512759026819	1.58103336153672	-2.83742159282904	3.46070492102281
siro1249	1.59609545762927	1.38145569392996	-0.971930324643897	4.44887977300358
sisi1250	-0.778449099364266	1.43803649125439	-3.66942579732191	1.95227270694582
situ1238	-0.257185090833458	1.72393405999854	-3.71169097465679	3.19822106485488
siwa1245	-0.0866183707581387	1.37654667400508	-2.74632262245455	2.63279878904765
siwi1239	-0.0647607550446643	1.72872102216415	-3.62136446667255	3.37171001618002
siwu1238	2.25235998087324	1.45547283652547	-0.363742094228921	5.26120504497421
skol1241	-0.019826984095774	1.758347478932	-3.54710932420448	3.47752470198659
slov1268	-0.0828631388524022	1.78015683802225	-3.72350891449724	3.51396252802178
sobe1238	1.86146285530262	1.56754619044008	-0.953699382137061	5.29199045169789
soch1239	-0.816304101468755	1.67451964458236	-4.26184986714229	2.42390952349202
soga1242	1.12199772186887	1.64213980366212	-1.90622954927375	4.6021419273576
soni1259	-0.159936662449959	1.73117280186593	-3.53928912451612	3.26609022776446
sons1242	-0.664723253308206	1.57117277279387	-3.94080298678768	2.17530443698834
sooo1254	-0.356361629706687	1.71459961176858	-3.84749429897617	2.97819172704258
sora1254	-0.249881956113659	1.68635883552074	-3.62032988874548	2.9572019889113
sout1528	-0.0841056221542554	1.72855851973314	-3.57832742995272	3.31378680041139
sout2649	-0.0246071697388665	1.72388141502614	-3.37456648548432	3.37904234044683
sout2674	9.39225049563247e-05	1.79727896764944	-3.57100238953956	3.68136839871457
sout2679	-0.0680874282411776	1.79992213699076	-3.69401342867923	3.52393056017744
sout2715	-0.447641202026534	1.61955435514209	-3.74135724782943	2.63841264420743
sout2728	-0.209805496014585	1.68133874131598	-3.6367920791712	3.00831304340304
sout2729	-0.256742760718746	1.7409445335686	-3.82022326343767	3.17127409380231
sout2730	-0.258735338947342	1.70961351566249	-3.71123862374921	3.09105388797639
sout2741	-0.104670458533919	1.76515604448943	-3.68666621271077	3.36169791392756
sout2782	-0.868068971011951	1.45483502494677	-3.81701677094434	1.84516900836917
sout2807	-0.209275202862662	1.67642543249469	-3.55111576005256	3.19036600223051
sout2826	-0.613514785479629	1.65836321288309	-4.08107142150629	2.55424427149778
sout2856	1.75522024060132	1.38700918798631	-0.810593033618665	4.6644214292637
sout2857	1.47167140352206	1.14182550440063	-0.714961916488023	3.76870496438117
sout2859	1.04571993004913	1.0721523284969	-1.0498165817999	3.26499129933651
sout2869	1.27042937163949	1.28508548888584	-1.11583342046026	3.8935373878653
sout2895	2.18133140323481	1.5496768807087	-0.578148206293949	5.53686241309758
sout2896	-0.157312330896319	1.33449811854934	-2.834951648574	2.43189410552525
sout2918	-0.973196082063416	1.63222613759251	-4.40446554303129	2.02746648311277
sout2949	-1.63224204355513	1.61863313528775	-5.0400784102879	1.35798447121408
sout2954	-0.0637921394035812	1.75902921694855	-3.56920973873011	3.45261797127692
sout2956	-0.294748711109494	1.72100906607057	-3.77899716029994	3.07566262304864
sout2959	0.185078724832817	1.72745671428518	-3.2091544177466	3.77032646751024
sout2976	-0.156966465391494	1.50314329394396	-3.22562051001981	2.64732317795957
sout2985	-0.0939710836662508	1.64208806071608	-3.45241217994423	3.16914688872942
sout2994	-0.467107861511214	1.67923927860079	-3.9122931328236	2.73551496396519
sout2996	-0.250254906875308	1.73674350922052	-3.90596419841271	3.25313657838588
sout3236	-0.200368129610362	1.68503003649391	-3.65381039689994	3.13318028477519
sout3261	0.520565953614677	1.67277634486391	-2.67808313370955	3.87912811880254
stan1289	-0.0582902103413078	1.74744332117435	-3.46215390334209	3.433088377413
stan1290	-0.090429599572441	1.66716501227587	-3.47699055678075	3.1520524732853
stan1293	-0.120008559554044	1.72010725636589	-3.5377199462139	3.29249982263637
stan1306	2.29671989822979	1.56092895957507	-0.529655987304953	5.5188770048851
stan1318	-0.0376603511703021	1.85519017486929	-3.7230449245364	3.65938993803378
suab1238	1.14172007679664	1.67274248240619	-2.03816889755696	4.59179937388303
suba1238	1.10745536122689	1.5836281271095	-1.83396580610114	4.45710924107078
sude1239	0.715478753520783	1.56358345773944	-2.16518559414822	3.93844619790333
suen1241	1.45051645639222	1.54487309845972	-1.50687574721157	4.7253735339184
suku1259	0.249823857749706	1.6806335118526	-2.93603122604965	3.75801736732428
suku1261	0.358529256769414	1.66900238054132	-2.87682577804239	3.71994812572435
suku1272	0.458814283760398	1.37381686135438	-2.21259862779672	3.25705925412935
sulk1246	1.07720706143233	1.35346021837727	-1.50204289343208	3.88103918857021
sumi1235	1.32881327664818	1.48790473570272	-1.48450801448905	4.36380370074517
sund1252	-0.453661167553894	1.60550533721675	-3.7711748094447	2.59923369014016
sunw1242	-0.60292772613935	1.63918089669422	-4.04403379730528	2.48834056267996
supy1237	-0.654242269609467	1.64821545028603	-4.09179094746045	2.47970724129339
surg1248	-0.0196724366532791	1.76854714447667	-3.6227016587111	3.57513186187367
surs1246	-0.689964788992351	1.2583709967788	-3.24451038395599	1.72248641238395
swah1253	0.30039255532808	1.68727483207621	-2.917791696067	3.76251586286492
swed1254	-0.0607193294276679	1.72660957376171	-3.49319767811382	3.36446208103571
taba1263	1.21532751827054	1.7368823680821	-1.98270014707915	4.88653014763281
tabo1241	-1.44007167912334	1.65616790723286	-4.96289507336299	1.69964164589854
taga1270	-0.9039191989406	1.60197376830649	-4.28614941846858	2.06176378342268
taga1272	-0.478466007051689	1.43359833685221	-3.47648550248558	2.21330445511159
taga1273	-0.534228929231109	1.46008454795922	-3.5158284524046	2.30263475873045
tago1246	0.476128258184705	1.79865545007612	-3.02437037555546	4.07949374925987
tagw1240	-0.424060897235332	1.660668955839	-3.87135834636234	2.7527725610665
taha1241	-0.061558186116811	1.70501014822981	-3.4283867098932	3.2625257249791
tahi1242	-0.317231070699224	1.64452010107592	-3.64180764409139	2.74958639948121
taia1239	1.47758662232183	1.42770092155574	-1.1627151974606	4.46973913001572
tain1253	0.0788614914126435	1.46815515646183	-2.81062940291591	2.96344224397002
taji1246	-1.29540643394361	1.49021834476468	-4.50264173498476	1.38666333928629
taki1248	1.99052939938644	1.44009326748586	-0.582125534172907	5.07693297499287
taku1257	-0.573015807837485	1.62879855304183	-3.94420324195761	2.50981317365311
tali1259	-0.677818403851071	1.3847974888163	-3.50795345699764	2.0380185058552
tama1331	0.512402910255063	1.74389608018008	-2.86568586421296	4.08690141637835
tama1365	-0.567643386084063	1.66878768747903	-3.95915319347954	2.56763952892721
tamb1254	-0.839530088754504	1.44515126068972	-3.89996446753952	1.92489039495322
tami1289	-0.0378723211341219	1.80760830240247	-3.71842324985919	3.45649415401078
tami1290	2.57985090918045	1.54561905344495	-0.184360016026276	5.85392608220813
tane1237	1.45229993529311	1.41841436690229	-1.10816698933598	4.42815076256492
tang1336	2.64780313921078	1.52225063284165	-0.0792629091575799	5.92190599447934
tang1347	0.902287415888031	1.08567942003479	-1.18721185510529	3.12806364631565
tang1348	-1.26080393578803	1.49328443534211	-4.40738419614384	1.50449814428405
tang1373	-0.124810845945371	1.72705012196874	-3.64265596983344	3.23964942989891
tang1377	-0.1728776336884	1.70762758848192	-3.56969477530779	3.14290701707375
tara1313	2.75059583143396	1.51108851642592	-0.0490739908766966	5.96026961340489
tari1256	0.767766385508069	1.58119996923012	-2.23030707406995	4.09611474168775
tari1263	-0.548433668642206	1.67294887300223	-3.97650007362804	2.64901041973007
taro1264	-1.4048698899049	1.53083385809822	-4.62432856784312	1.44420395930752
tata1255	-0.041051445930866	1.80168424376021	-3.66837790631091	3.54155280688479
tata1257	-0.459773617144216	1.34839573194278	-3.17261256992254	2.19822308496693
tata1258	-0.763244923909445	1.6784948001871	-4.26886363289665	2.42829082789214
taul1251	0.395357884719795	1.19241468092398	-1.88568433563521	2.8503412170967
taus1251	-1.13269544311645	1.57657216630363	-4.44711986954996	1.79108863366085
taus1253	0.787151150584516	1.62684286716229	-2.31170485979288	4.15959432087144
tauy1241	1.02486108674601	1.42853850176042	-1.67840325401252	4.0054155567762
tawa1275	1.37834253242182	1.38846213649445	-1.13682782848104	4.29976395959086
taya1257	-0.0891704398819705	1.79534310210351	-3.68378938915193	3.54558121256758
tbol1240	-1.16654557925348	1.53467969691868	-4.39614253552614	1.60178966599228
tean1237	1.4109450458457	1.39935769338104	-1.10989951390343	4.35562561404241
teda1241	-0.0973119753172162	1.76999305356458	-3.68129308685022	3.42089110486552
tedi1235	1.80425004941787	1.52302871602243	-1.02748552857615	4.95421159210337
tega1236	0.510211309812519	1.78950819400811	-3.00451761705424	4.14705092321764
tehu1242	-0.316721828155253	1.74546219444571	-3.87957184494718	3.07212187478858
teiw1235	-0.954906667823318	1.40915175537418	-3.93149508062528	1.66059588484448
teke1275	0.929718428524004	1.62001760309398	-2.10385122499126	4.303130455233
tekt1235	-0.2622881664532	1.50855240028907	-3.29426111302776	2.64293378508024
tele1256	-0.449505137128722	1.65430150261626	-3.76648346171248	2.72551055869899
tema1239	-0.0413925569755424	1.476115364338	-2.97404593469169	2.83864623714846
temb1272	-0.974886948863138	1.54832792565353	-4.1342200199552	1.99961015888771
temi1246	2.17665686406117	1.58660601737199	-0.702838840656851	5.47674951641515
temo1245	-0.0201501629541911	1.51445781479961	-3.07262180536661	2.93032376499185
temp1235	-1.22394519437529	1.53021715900651	-4.44268950898178	1.61105190378696
tene1248	-0.481020437796567	1.73022348950826	-3.98145693577164	2.87161249725882
teng1272	-0.762467767178031	1.6371066160178	-4.28147801098717	2.22075576816814
tenn1246	-0.333021950822611	1.60053517096888	-3.66477795038397	2.76512804960818
teop1238	-0.831189499219721	1.32863674597182	-3.52199884644554	1.72244348414242
tera1251	-0.825034227610002	1.58356172068003	-4.13125773609958	2.16581072329891
tere1278	0.0186656992666349	1.39226154388338	-2.69783003873383	2.84113736672364
tere1279	0.341683979148571	1.66621258877497	-2.8270676372803	3.81117730314884
teri1250	-0.124191931901072	1.72530983801199	-3.59147291245802	3.28273880118474
term1237	0.301999849346334	1.43296614656242	-2.50541642326607	3.20621804489617
tern1247	1.50774460216636	1.67393154818174	-1.55094797596037	4.97342115265501
tete1251	0.106425179609828	1.41114974596797	-2.69354132884153	2.91783026323824
tetu1245	-0.431424297394192	1.30813317110506	-3.02859165637041	2.06896283512643
tezo1238	-0.78868588471266	1.68557539527736	-4.24145040176556	2.48543430646932
thad1238	2.42489204923445	1.52608619017349	-0.397339878710848	5.57458958599109
thai1261	-0.161540743205221	1.81995815925505	-3.84719490095811	3.27762262822042
thak1245	-0.332173408789465	1.69428491797096	-3.80013752044026	2.89685304439374
than1259	-0.358127768663749	1.66485511419904	-3.77121696193076	2.89331723227534
thao1240	-1.43057064158411	1.49175252210806	-4.59072025135788	1.37575821361796
thar1283	-0.634759272022349	1.5632751677685	-3.86577506692131	2.45748892611199
thay1249	-0.146409608187393	1.69506310043413	-3.50104226559709	3.13407598691445
thul1246	-0.546057875552017	1.69608439172087	-4.03358560863447	2.72944985096947
tibe1272	-0.194315655352863	1.73904869826587	-3.68467761322175	3.18431992318859
ticu1245	0.945687110183808	1.62772537666245	-2.15856847513587	4.41593629821189
tido1248	1.76449055391127	1.65884678022273	-1.24216351750852	5.27840320426096
tief1242	-0.367740762396113	1.42634076170153	-3.2642407059168	2.35391110225074
tief1244	-0.27610465112163	1.4242600363998	-3.21040035085398	2.45664680938748
tien1242	0.382340823479901	1.70898693182869	-2.86220442864696	3.86647229762085
tiga1245	-1.10788103838504	1.41499392204105	-4.03378686963984	1.54064472095262
tigo1236	-2.11150254962261	1.39846609437163	-5.03930274240759	0.457594597244889
tika1246	-1.01568561984935	1.51241840982226	-4.11883986805347	1.89747888889613
tiko1237	1.58670877399932	1.55349726481188	-1.29491550321516	4.79580163043591
tilu1238	-0.642374890330752	1.64473425954683	-4.0261409087428	2.56806058049002
timn1235	0.36071832901372	1.55012726110942	-2.58101694958008	3.49108908912722
timu1262	-0.0699995737925284	1.36152398085354	-2.77620380733313	2.64619546188153
tina1248	-1.15283913115739	1.54976881480398	-4.42566884442948	1.68393670154575
tira1254	0.479940151836039	1.71304273266593	-2.90857354728648	3.9822042702314
tiri1258	-1.78034760899652	1.47630429460439	-4.90258896529755	0.955590030791472
tiru1241	-1.26121259392004	1.47894957851124	-4.35293664552996	1.46096582592766
tita1241	1.61532349194968	1.42537189674518	-1.03095264266881	4.61361886194744
tiwi1244	0.679749635930641	1.7729211793989	-2.69100424722013	4.31809604136106
toab1237	-1.58296575937888	1.44340699266666	-4.64034128508716	1.09363050167525
toar1246	0.188007144761232	1.35857986294277	-2.51779746085526	2.88557530671338
toba1268	0.553444672837629	1.65024950101525	-2.66960450485309	3.86637658091949
tobe1252	1.41439822990509	1.74117111112619	-1.83266829865482	5.07054920938017
toda1252	-0.0910269525061946	1.76089647995745	-3.62214681243804	3.44884552923946
toho1245	2.4606719563601	1.75985098852227	-0.743814400191078	6.16660919053957
tojo1241	0.234498242874188	1.55212464969544	-2.76807737809215	3.37748093170894
toke1240	1.70895348365795	1.5890263400832	-1.19062945619424	5.03339173157777
toll1241	-0.183091810645847	1.59297404865664	-3.44706830327317	2.9106014747566
tolo1255	0.829036929407191	1.19331919545692	-1.43403242109633	3.24653339796006
toma1245	-0.480742584584654	1.71228796549486	-3.9962162976588	2.82645432753094
tomb1244	-1.26374037116381	1.60687513506322	-4.64734011773575	1.71610186033546
tomm1242	-0.540415933235439	1.70814946890409	-4.11597301868396	2.64520444051113
tond1249	-0.464387195481006	1.69585032096139	-3.98825964378768	2.79834935601433
tong1308	1.52242595607467	1.60700790134137	-1.38572740012959	4.81056399909528
tong1318	0.228123159092657	1.702111896091	-2.95073322196319	3.70232540724068
tong1325	-0.378896002213105	1.65360342185982	-3.74182836780388	2.77033130860802
toor1238	-0.0157302961493045	1.62756837674	-3.1829845851376	3.28457779266785
tora1259	-0.347515966402242	1.30156019642661	-2.94342086591725	2.22110521763976
tosk1239	-0.0992747455356368	1.72357341587244	-3.58307585211636	3.33204580232456
tote1238	0.233140001166211	1.69617326986904	-3.05432271981834	3.73275021984795
toto1302	-0.36147587482397	1.71795455002	-3.81303256563896	3.06074845499939
touo1238	-0.637630844124627	1.36386776584756	-3.43886804175984	1.99853055380699
trin1274	0.104565484603359	1.50854632410206	-2.7314080865829	3.15771765977349
trio1238	-1.02679218772661	1.61122107988038	-4.44620965581733	2.0711335125517
trum1247	0.943754170669174	1.5418464407735	-1.99213537576751	4.11830595555969
tsam1247	0.567586857193688	1.56892847797632	-2.43400981080206	3.77895121293575
tsat1238	-0.275668537457836	1.7150095717349	-3.74364043068684	3.05131029852629
tsha1245	-0.228503736095173	1.69051999371126	-3.70380236153634	2.99465415345044
tsis1238	0.86411399759049	1.53556378020235	-2.06775550428988	4.00252968650532
tsix1234	0.0670033056990348	1.73564798832583	-3.27737275240699	3.46330800230628
tsog1243	-0.650682711046789	1.54137246672851	-3.85161699433999	2.29982332784903
tson1249	-0.62724392031988	1.49336078475956	-3.69081326386579	2.26690000106792
tsou1248	-1.04104649801365	1.42310343755793	-4.0261651645332	1.6272402940241
tswa1253	0.0495020183341195	1.71379530593243	-3.28852889588561	3.54237770056356
tswa1255	0.277627921749706	1.48038453339977	-2.53667163367584	3.2634719218348
tuba1278	-0.217033147118499	1.7314201364786	-3.71934512998047	3.08399829944466
tuge1241	1.41009112987677	1.61620603464823	-1.62970561404935	4.83834302041713
tugu1245	0.854933420236742	1.43418011192023	-1.84045508046884	3.8211998742042
tuka1248	1.81749061849071	1.59884204936154	-1.06621815082544	5.30105118800577
tuki1240	0.288862621645208	1.35338241459287	-2.35719462553011	3.09873543557585
tula1252	-0.288594473163446	1.27116697211148	-2.8617590153122	2.14532715737749
tulu1258	-0.0758429646342664	1.75710939885228	-3.67134963315705	3.42439772173251
tuml1238	1.64371905626385	1.39623856723842	-0.888362259736943	4.51319765447963
tumu1242	0.915030448591131	1.50495179273459	-1.98083741208718	3.95094484395053
tune1261	-0.312817730367352	1.30321491140363	-2.91304504210624	2.22591945899854
tung1290	-0.61497115560446	1.46956295643937	-3.63160361684282	2.23022852921129
tunn1238	0.10581530563596	1.73838271423356	-3.31134155619402	3.55695247897403
turk1303	-0.0191548958552549	1.7982883112445	-3.61711842618584	3.54769916805795
turk1304	0.00460431127110856	1.77793628622592	-3.50770563379649	3.56497423832031
turk1308	-0.818966478398694	1.55084635040106	-4.01520184545593	2.1418470494643
tusc1257	0.490285348877155	1.69638874389427	-2.82524856849149	3.94497787846522
tutu1241	1.0486671380741	1.10350709509607	-1.07424848807858	3.27913355467888
tuva1244	-0.41908148388432	1.62424636667458	-3.78628203499296	2.70064332942463
tuvi1240	-0.00310801851883584	1.78303190189758	-3.60879456412701	3.5735689941018
tuwa1243	-0.230587696310758	1.27841443429386	-2.75065223587598	2.30530223565008
tuwu1238	2.18589899167543	1.46310967130589	-0.458534818789251	5.2455640596497
ubir1237	1.50933137984634	1.39711591482272	-1.12994369219483	4.30322176492716
udih1248	-0.0380479890254335	1.7700487992671	-3.55249734948703	3.54289437720851
udii1243	-0.38546545546404	1.63801946080919	-3.69043843353709	2.80885955207109
uduk1239	-0.81298069520769	1.7281938363845	-4.35774745091479	2.43130920502829
ughe1237	-0.689639302807468	1.31791303874774	-3.35414730973278	1.81081696219932
ugon1239	-0.128533221237499	1.78882673469647	-3.8278605048891	3.352779650232
ukaa1243	-1.06230867074734	1.36568820191071	-3.84323399782651	1.52043773329401
ukra1253	-0.0581117814364635	1.79124512990768	-3.69768529422939	3.40045248390893
ulch1241	-0.18276199450532	1.78207177412187	-3.77944042649057	3.33357830930905
ulit1238	-0.798090181966195	1.58360473639066	-4.16754298144226	2.11585880523113
ulwa1239	-0.547535045588541	1.71194698402525	-3.90533540575853	2.75943595276092
umaa1242	0.459533694190572	1.41205441528044	-2.2666920116756	3.37346478034144
uman1240	1.36551555589202	1.35795329196567	-1.24280561114208	4.14175463248799
umbu1257	0.144936812447013	1.70738884542605	-3.18476024681678	3.62884060963546
umbu1258	-0.0812524522063717	1.59271080486675	-3.2735569597905	3.02348502889708
umes1235	-0.0142695064297543	1.74308276910393	-3.45882674057458	3.44118748820152
unaa1239	-0.0685335206361224	1.71355089435757	-3.45244458650027	3.30956098022168
unua1237	1.39465195421263	1.0712311977222	-0.621439946590248	3.55970622198846
uppe1275	-1.0734006774359	1.44759754098826	-4.16146115038144	1.58835444356768
uppe1427	-0.929087303664436	1.50986079935471	-4.11858590296472	1.82739044836771
urak1238	0.411591775278176	1.65937574483113	-2.84745844134242	3.58225033933366
urar1246	0.474722126574894	1.66424641944208	-2.71964472514457	3.85783742215582
urav1235	1.94714441192721	1.40147605965922	-0.603573411603205	4.89290586378248
urim1252	1.52284544984803	1.42964654144482	-1.08661856774312	4.55864692357184
urip1239	1.31131264655801	1.05863184528614	-0.670305612701885	3.48625326947451
urni1239	0.764970936042728	1.76836915262517	-2.6450000708065	4.52841582978857
usan1239	2.06915735836804	1.44529367869656	-0.499243590722466	5.13853481534646
utes1238	-0.0848302333858446	1.73772897895122	-3.59646886260958	3.3921821877184
uuuu1243	-0.385638752264937	1.68862823197348	-3.84858682673703	2.93217631373573
vano1237	1.32337017628419	1.38731152009733	-1.19160501766981	4.26208498448205
veps1250	7.48197508662186e-05	1.7731950520544	-3.49987948100965	3.49548570944467
vera1241	-0.410594914120507	1.36386484210115	-3.21012791316594	2.22243220703191
viem1243	0.512731486405097	1.39644938529331	-2.19001218699561	3.31624325789033
viet1252	-0.258598669699175	1.74201835820262	-3.78775604749177	3.05897475800616
vinm1237	1.41172370046619	1.07730367070795	-0.65687275118992	3.56154429728354
voti1245	-0.0492912610252276	1.78268666842961	-3.72731267365315	3.35813055466249
vunj1238	-0.765659936552572	1.55319509219567	-3.84883617368264	2.27297665049353
vure1239	-0.398039972347789	1.36546646614862	-3.18767217277121	2.25120187633326
vwan1235	0.756263223208972	1.62143609446029	-2.2730492402181	4.15642592411509
wadj1254	1.32436342722212	1.75842150312072	-1.96434428388191	4.99910847026146
wage1238	1.10769616570837	1.74230065261357	-2.21568359705156	4.73062087467024
waig1244	1.67624307765745	1.6269661898508	-1.30585787918098	5.13272978505375
waim1251	0.720912236680195	1.33642200799195	-1.75711738199903	3.46386390100967
waim1252	-0.399369689390631	1.38920207470948	-3.16359819981015	2.34006815412991
waim1253	0.800438378860917	1.60666493233641	-2.20716114418491	4.11680236258821
waiw1244	1.00163304620858	1.56736602045171	-1.89492629774756	4.26318867861565
waja1259	-0.448815584463101	1.34263307188409	-3.16673220953814	2.02233249573148
waka1274	-0.0817073445623135	1.74280277795627	-3.54691559201321	3.43775511874654
wala1266	-1.52766119031098	1.38928386374189	-4.48852536280439	1.06349578985107
wall1257	-0.495179084942046	1.62867625097825	-3.8991889246126	2.57473709793284
wamb1257	-0.640077286292965	1.64322049375074	-3.9836670364419	2.56632346916565
wamb1258	-0.253871073969672	1.68008125494288	-3.60581534583469	3.00201638110734
wamb1259	-0.325774269352675	1.74321321273184	-3.94132922264885	3.10969139357822
wand1267	2.22544236859343	1.59691628673223	-0.531539495471465	5.64378040002777
wand1278	0.793838445772108	1.46506539123231	-2.0422175086594	3.80495318048584
wang1291	-0.0405128036758275	1.78712815203989	-3.60211276312025	3.49011071127642
wanm1242	-0.0464350333307253	1.77999043186738	-3.57832636699838	3.48823681336102
wann1242	-0.299205239816182	1.74459226701054	-3.90917597178807	3.14129262743573
waor1240	-0.0784385499515908	1.64518985418808	-3.44135836314268	3.09378324567414
wapi1253	0.705940295074103	1.62675175892217	-2.34943715222575	4.06363590366746
wara1294	-1.38453880784378	1.68100614280237	-4.97901057860369	1.75817758390599
wara1300	1.36210767087259	1.53811853523871	-1.39597991477794	4.67411865026095
wara1303	-0.430098609283522	1.65397063430472	-3.73411979294875	2.7557777499173
ward1246	0.582006152558803	1.74544271203107	-2.77131748154598	4.18845405628797
ware1253	1.85893203736404	1.55091540762152	-0.897620757870936	5.18572764537494
ware1255	0.734951800598921	1.6139352717496	-2.24775240491868	4.08334678798933
wari1268	-0.494905130542891	1.69687723442909	-4.10393291522332	2.80835129983482
warj1242	0.168762345286476	1.66434036490468	-3.23227452718285	3.43896207703379
warl1254	0.0118646226874371	1.73473313622763	-3.36493131233995	3.40109988143835
warl1256	-0.114615579912231	1.74764292228915	-3.57941380157889	3.35134199968424
waro1242	2.03625476181037	1.55006177798802	-0.770917280606449	5.40116069150462
warr1255	-0.12639364492629	1.75587023493062	-3.62712437495154	3.33842854438803
waru1265	-0.0626832961744511	1.72850879502737	-3.60497206480803	3.34174265474217
wash1253	0.256097258290494	1.56475221477235	-2.83269484170266	3.379816118311
wask1241	1.94633534703404	1.45916466132816	-0.672582052300341	5.08956183887399
waur1244	0.92860235876667	1.60195470216826	-2.0091684260699	4.22688263081693
wawa1246	-1.43167928592768	1.57832814457797	-4.70444156145836	1.5401500501683
waya1269	-1.21482505240603	1.60631141120407	-4.61258527119319	1.77230336197353
wayu1241	-0.595558413382859	1.64340499474094	-4.01812405728795	2.52048218240841
wayu1243	-1.82722836722893	1.63441644980884	-5.31588806903068	1.13485264877136
weda1241	1.37977699381824	1.29229652124851	-1.04254279108643	4.02943376912987
wels1247	-0.0563830715680949	1.67819844899784	-3.40938879618411	3.27948482728915
weri1253	1.32349412298997	1.36023052116	-1.21953525111521	4.19404651709899
west2354	-0.062526333816424	1.72420454359557	-3.45867608924039	3.32107481379037
west2369	-0.044518066365419	1.75444911434224	-3.52294637322548	3.46773188168696
west2392	-0.0237906313032682	1.76644844496848	-3.50497323189658	3.50144215558756
west2396	-0.327742262487301	1.7581028667965	-4.00010745335106	3.03251056912905
west2397	-0.346181766160202	1.72147216189206	-3.91365084892003	3.05569187825718
west2415	-0.463994233546753	1.60576153443761	-3.76957391686337	2.59866537663527
west2418	-0.362434409454413	1.69681838099917	-3.75366765221328	2.79751405846869
west2430	-0.0690900987086087	1.7918619101125	-3.58299552541949	3.46811682343636
west2441	-0.0458147093570192	1.76906747533227	-3.60432800364947	3.41713613383179
west2466	-0.575235986522029	1.44843434541653	-3.59764758324971	2.15039500354642
west2516	-1.28088949936313	1.5263180514832	-4.47141003590132	1.53843434758623
west2519	-0.60505607721496	1.56418639278096	-3.92086113044824	2.29326493242007
west2548	1.56015477443869	1.6152342892471	-1.35249651553516	5.02999618926664
west2555	-0.21508527264948	1.35316874313758	-2.98825669997291	2.41550901080395
west2557	-1.04996606639664	1.67881069771397	-4.60412849284353	2.08895964593979
west2560	-0.942407741337116	1.45953934524738	-3.94795224226043	1.80301299919774
west2564	-1.01195210020472	1.54811954227102	-4.24786632196043	1.93701553556189
west2594	0.448789817083382	1.64967713044955	-2.76201233471343	3.76968431016864
west2599	-0.594139919410101	1.6062950170755	-3.93084386541287	2.5242010558345
west2600	1.758791086992	1.66588955086413	-1.2417902887287	5.31691013719915
west2615	0.632543811512227	1.69511543511914	-2.62249899666662	4.08071890703058
west2618	-0.164034699004029	1.706976320919	-3.63443678704667	3.10845225900029
west2624	0.803134259861975	1.48145813730475	-2.06243517688458	3.77231633627419
west2632	0.52501884211775	1.65473641432383	-2.75633718571743	3.93026880861454
west2635	0.150340162629096	1.49169715080681	-2.82821114689183	3.08309952793785
west2644	-0.770265885493357	1.68543848277554	-4.3056632483666	2.4265431320158
west2650	-0.460591633246674	1.67713358451737	-3.93683488923834	2.79338519259081
west2763	-0.0453407700065587	1.79145810919401	-3.62974213850958	3.57309278762998
west2778	0.182532759343112	1.43381694820702	-2.67235038479599	2.97353968231963
whit1269	1.35444039976761	1.28056483614871	-1.07490940972215	3.94730366345353
wikm1247	-0.158807801545279	1.71529323155521	-3.61955526083744	3.22429598232462
wiru1244	-0.296182260459472	1.59843638466206	-3.61739124928057	2.83751130466913
woii1237	2.29807000643016	1.66359672608992	-0.63879323319649	5.95831655706712
wola1242	1.15050598946882	1.63004613632166	-1.8929767323272	4.52411010601531
wola1253	0.0845058901106737	1.75460248326295	-3.43026781300359	3.52206513185379
wole1240	-0.483227422516862	1.60206183968339	-3.80039459807476	2.42813941358752
woli1241	2.11115958773963	1.56779446182057	-0.672184283640265	5.54839097757314
wood1236	-0.19948569910766	1.70533266158297	-3.74764853214588	3.11531237018836
wotu1240	1.3860378106631	1.39103326565893	-1.19244014225553	4.2929223518995
woun1238	-0.314418604745973	1.68294372966186	-3.69919256206052	3.04255031428021
wuch1236	-0.0331687561999356	1.74038523738696	-3.46382820384772	3.44805410031431
wudi1238	-0.220190948795538	1.73827573774768	-3.67313635803243	3.22683688637604
wuna1249	0.172732329091381	1.74735123540811	-3.20070611228398	3.67329347746094
wusa1235	-0.215040407867244	1.74392299956407	-3.74489326884138	3.35825039304401
wutu1241	-0.134986780094481	1.722858149404	-3.6531191867102	3.27226759591317
wuvu1239	1.3678005407171	1.56583702044214	-1.48022520247834	4.70217532825791
wyan1247	0.61927331166188	1.70477971194252	-2.59847679700736	4.1827427131937
xamt1239	-0.0335916890715656	1.74889983228564	-3.58024500974988	3.41423276056958
xara1244	-1.83968640894785	1.48662235018044	-4.96136717315546	0.87174815473651
xhos1239	-2.13317933384629	1.69114236328449	-5.5924786345076	0.9189785167676
xish1235	-0.270807411471917	1.72525747471616	-3.77134264933453	3.15812925054989
xokl1240	-0.814206679895338	1.60996109940043	-4.15588571074481	2.17430509117064
yaak1241	-0.255662905391622	1.61172695416756	-3.49039537121085	2.88089674900349
yabe1254	2.57566557608198	1.55251153645746	-0.181540644316783	5.89171473279553
yaey1239	-0.347072373989576	1.72583973665094	-3.81932650993634	3.04848044082716
yaga1260	0.26910471355607	1.4550547881151	-2.57003152659005	3.08477543170738
yagu1244	1.57967233324082	1.68850025519648	-1.4718389765077	5.09637907188475
yaka1269	0.314790487274898	1.77009977652499	-3.09477781937847	4.04002925151682
yaka1272	-1.16479380270877	1.55197657094565	-4.43535297190834	1.69840573898237
yaka1277	-1.03031539924126	1.63453816693844	-4.39836596407773	1.96685676280176
yaki1237	1.27281408079331	1.65441922589555	-1.76387521244661	4.76690036959165
yakk1236	-0.52005705355315	1.70248765888613	-3.96997246054331	2.75386664365117
yako1252	0.221719317959202	1.46220158045943	-2.66224276953961	3.0873277340179
yaku1245	-0.0556961706565109	1.7666394617033	-3.60089684218848	3.32692578440643
yale1246	0.158738091949711	1.38012796344833	-2.65014120453471	2.83678439333227
yami1254	-0.379403730628976	1.52228528141891	-3.53279734485624	2.50066025862493
yami1256	-0.230852437520011	1.66161730219708	-3.60224148787853	2.98017986850715
yamp1242	-0.611113409992019	1.6532558550731	-3.96304060163286	2.5729176039366
yand1253	-0.0783858032900046	1.71238164019614	-3.51590186906828	3.23997435371123
yane1238	0.310096174504809	1.5918841337024	-2.70801591362654	3.55421277609742
yano1261	0.0711572321721785	1.71079695764084	-3.32983275441094	3.43122408815197
yany1243	0.629094262096287	1.67817017152446	-2.53141751557569	4.04037204190477
yaoo1241	0.127269053448245	1.6887545787915	-3.25895623013102	3.58094848842443
yaou1238	-0.145003457960305	1.66369239144444	-3.45714019772831	3.13165176892144
yape1248	-0.995738206711169	1.62629426338921	-4.43393065061134	2.03353987406763
yapu1240	1.38168802686308	1.37590081880499	-1.14191537875371	4.20431896432496
yaqu1251	-0.234591296829641	1.61068024024543	-3.5400294902328	2.9663413266019
yare1248	1.00855183013491	1.3821064182308	-1.66337382595926	3.85328022003415
yatz1235	-0.736901111977466	1.70756843758828	-4.18234925985939	2.58197080982956
yaul1241	1.24639314030425	1.44690586752895	-1.5083843991644	4.2736481914478
yaum1237	1.91098293276805	1.34495496805117	-0.500569385718882	4.82607874609119
yawa1260	0.143895553155869	1.59253938592836	-3.00318701411756	3.34588236139784
yawu1244	0.802460180354627	1.62726769323264	-2.23495446330109	4.20482561720589
yecu1235	-1.01397738789434	1.57189421479192	-4.34124893474733	1.88328063453533
yele1255	0.334742238099621	1.65180451902631	-2.82071479148086	3.75380379733593
yems1235	-0.0355236913863516	1.68567909631826	-3.42260076261187	3.32559038392435
yess1239	0.972360900075945	1.48065051234864	-1.86764447250438	4.03005764373555
yeyi1239	0.120792841685696	1.69224801096788	-3.10823107134682	3.55556360438774
yidi1250	-0.1444238548118	1.73023198677018	-3.56288173002162	3.32268273058661
yima1243	1.0030061359042	1.46311179438502	-1.7395578389102	4.06485106479484
yinc1238	-0.302110173175568	1.68178488722693	-3.73210218504471	2.9323139334777
yind1247	-0.0457611547104883	1.71497736318746	-3.52830020507736	3.34733685865013
yine1238	-0.0056691876211483	1.54787254498969	-3.02476342550899	3.05824401247711
yoga1237	0.238884732213893	1.32765311239122	-2.38299293170169	2.93490833471588
yoku1256	-0.290612132421631	1.73537919478684	-3.95406541370964	3.07870867368701
yona1241	-0.596947549508064	1.72624902709227	-4.13592323486851	2.72918283281279
yong1270	-0.236972969440949	1.73858590076435	-3.80631906171591	3.11246699181435
yong1276	-0.0514664444710789	1.75624098446837	-3.45150351332858	3.47129132692289
yong1280	-0.719228480136349	1.71438665714853	-4.25433553845324	2.56488570692714
yora1241	-0.974542979516686	1.61869989598317	-4.3758806611444	1.96139254697776
youl1235	-0.459233566642724	1.66071314393883	-3.93035092859758	2.68114158871807
youn1235	-0.0899093557109665	1.75113305016114	-3.60793920695529	3.29242073296633
yuca1254	-0.256762644757508	1.66257169077547	-3.71180761645346	2.94501560328205
yuch1247	0.714578884944697	1.6864938916545	-2.57179924655341	4.24062566730611
yuec1235	-0.100890522518092	1.76004558394095	-3.65334807576052	3.34709905608731
yukp1241	-1.29383264329451	1.63360875023248	-4.73195936590314	1.74981003060651
yulp1239	0.36217898262076	1.70414371207289	-3.04708847545386	3.84494534446541
yulu1243	-1.54644932520331	1.59635924068282	-4.86108939400366	1.4232615296472
yuqu1240	-1.65357249193346	1.55386157934248	-4.9860185291637	1.1818030183218
yura1255	-1.59868004638314	1.56806586137322	-5.00452125065548	1.25936290517996
zaba1237	-1.19823265967613	1.49133670637395	-4.36685628926288	1.62020518294361
zaca1241	-1.07199936229811	1.46292777155115	-4.19242674089805	1.57006930679741
zaca1242	-0.730715569434162	1.72592584808817	-4.28434667375359	2.50033715382955
zagh1240	-0.0559190989195343	1.75646543452445	-3.45807675911223	3.48780391427351
zaiw1241	-0.199432859549424	1.7268162153524	-3.64525751742544	3.16047914497392
zamb1245	-0.0606126479575464	1.56970486893635	-3.12006858114458	3.02074842807923
zand1248	-0.807957260424527	1.63393162950168	-4.23416342204602	2.17808039717373
zani1235	-0.834176550773401	1.67828081297105	-4.38154591726356	2.35484528156441
zapa1253	-0.326131415635256	1.64098444984864	-3.624569882374	2.83236321142139
zarm1239	-0.062538923291834	1.72701329521468	-3.50253483569669	3.36850950288529
zaye1235	-0.311859330125343	1.71426387142575	-3.86898490840215	3.02793169730461
zays1235	0.61251503782871	1.60000253833167	-2.42252033234822	3.85643543512899
zeme1240	2.08347456647289	1.49554993725748	-0.621068769561849	5.218483931303
zenz1235	-0.814074123091725	1.66968986657477	-4.39242899548653	2.37179122887547
zhab1238	-0.192764340644125	1.73204837237656	-3.74225947901827	3.19822736510667
zigu1244	-1.14250996338636	1.49581971613066	-4.27977190301006	1.55954900328652
zinz1238	0.358949790552922	1.68928426117411	-2.93208050011514	3.84747350331295
zoog1238	-0.748373531692491	1.71231851133399	-4.25587269043466	2.56105419752078
zulg1242	1.18826582576447	1.40634378961411	-1.49180584015878	4.11380652932057
zuni1245	-0.00790684982763187	1.63112097458705	-3.17164240251064	3.18975149679146
