Estimate	Est.Error	Q2.5	Q97.5
abad1241	0.174318297670584	0.721376702835953	-1.26007487181407	1.79755544564916
abar1238	0.168440563803393	0.733811238056259	-1.28418025722335	1.8992799787282
abee1242	-0.00653087137966939	0.788727582904259	-1.76496757240611	1.69720933492067
aben1249	0.509268582941015	0.83229636803823	-0.728909969516834	2.5879620906859
abkh1244	-0.11661852485017	0.800503801962369	-1.92534673177596	1.52130020812766
abua1245	-0.153734767857787	0.743868165917147	-1.92243495186157	1.266001754024
abun1252	-0.310667024747999	0.824839789288052	-2.38591441895805	1.08634282446198
acha1249	-0.065197975944971	0.743668991555147	-1.7693659398407	1.47121134991397
ache1245	-0.128706242694232	0.797214700619271	-1.92924050521058	1.42635342811838
achi1256	-0.115704532934899	0.795529437339236	-1.92529957453906	1.492605543454
achi1257	-0.110760696527595	0.784614137420746	-1.89475340414315	1.43229144715081
achu1247	0.139056568618608	0.783943131999938	-1.38069756074491	1.98562723770269
achu1248	0.0417067836625168	0.795253625368744	-1.56995416928307	1.78062612390073
acol1236	-0.109408736207698	0.793748394666459	-1.9362621244053	1.46950088213445
adan1251	-0.243495333200943	0.792830347001319	-2.18584959303314	1.1337278558713
adon1237	-0.21377111323362	0.776625343948178	-2.0654602307479	1.198180381832
adze1240	0.200756336039541	0.692673551951932	-1.13543866876218	1.80864246170113
aeky1238	0.240972350396681	0.762680783535099	-1.11813337244516	2.06322235781971
afar1241	0.148709258987429	0.772761032136031	-1.41017340642274	1.95661346983823
aghe1239	0.0999850197699036	0.707355106276352	-1.3444475833693	1.68374118222867
aghu1255	-0.186787909262192	0.769209585392872	-2.03396718456097	1.32057227298077
agob1244	0.293548277201671	0.834318425317686	-1.15822110330437	2.33005840659544
agua1253	0.0780911916039918	0.800187096207193	-1.54543552549227	1.87030612839893
agus1235	-0.159591439747605	0.720823270377197	-1.82480047811703	1.22354463741474
agut1237	-0.134912864704637	0.773774697922235	-1.96355470389923	1.34985909735131
aheu1239	-0.0797139560092521	0.790986284045202	-1.88701585417013	1.54995974924574
ahin1234	0.443063660101935	0.755330381617476	-0.728121861584978	2.31037236603368
aime1238	0.387802748889418	0.816572725953428	-0.887771233506342	2.41029231462378
ainu1240	-0.0901906012759478	0.799586691497957	-1.94937811674784	1.54477379334319
ajab1235	0.105940985847835	0.816083095623183	-1.51422265990613	1.96551271660861
ajie1238	-0.0680394844229657	0.734447830605751	-1.7614322698404	1.41713541661706
akei1237	0.132419719239476	0.68179999186017	-1.25966395981937	1.66524227407057
akha1245	-0.615274608379973	0.920131999729965	-2.94867585907148	0.636802922913806
akoo1248	-0.0933194734063388	0.789734378596803	-1.91376888933765	1.48319673323534
akun1241	0.0629529654623911	0.781145302320005	-1.57094021562311	1.86278785912879
alab1237	0.0638095283797729	0.804784451578133	-1.61815365143442	1.93022880504243
alab1254	0.21666428771609	0.775164162490203	-1.19821114463512	2.08135588207842
alac1244	-0.313378846237618	0.824213224695338	-2.39469567803371	1.07108754198394
alag1248	-0.166596407336945	0.775645991083766	-2.04167557124978	1.29829302843454
alba1269	0.471809888269169	0.836178462839527	-0.798145285282519	2.59647867429309
aleu1260	0.203120070088693	0.810752021359398	-1.24605033159467	2.15082008338964
alor1247	-0.244790179053066	0.787755459414418	-2.17090603879486	1.14279929149625
aluk1238	0.045391450385078	0.790809078613111	-1.63325333432975	1.84384733920519
amam1246	0.0911197645057526	0.717908583526064	-1.42063432219006	1.68520301582332
amap1240	-0.282508178047694	0.769892529187811	-2.0904807602333	1.12361930162104
amar1272	-0.184197674635333	0.743291810750453	-1.94529077778576	1.20116441118449
amar1274	0.0962225106256474	0.814446950163492	-1.60065352300453	1.92027552838703
amas1236	-0.0083278820029812	0.788135513817555	-1.70096851872568	1.67848591571245
amdo1237	0.0329236474688139	0.76377265982597	-1.56617673292779	1.75510307437784
amii1238	-0.0139821216306144	0.757971266965389	-1.66168085509106	1.64154116342187
amis1246	0.37789883702921	0.779204191741399	-0.900779313160388	2.30370190033121
anei1239	0.235444832106423	0.778541861008386	-1.15897525837275	2.10476945773224
anfi1235	-0.145612662902533	0.773529538788172	-1.94362850301325	1.35884345429051
anga1288	0.219571718215307	0.739805310476061	-1.18637412278195	1.94916739545082
anga1290	0.168485968084078	0.700116675931241	-1.20822678344989	1.77663324253565
ango1257	0.297269513223664	0.821908414827952	-1.15216781285307	2.27623315054564
anuf1239	-0.169755033781084	0.783416377618816	-1.98685483128013	1.35424560706641
anut1237	-0.0409997889181532	0.812005028583419	-1.84935940080378	1.68732478268501
anuu1241	-0.0581591124985879	0.722595434065675	-1.627761592709	1.44770758830941
aona1235	0.197701323566118	0.712546017833998	-1.1665875551992	1.86584310769833
aoua1234	-0.074161332036675	0.828273269201397	-2.01898872396658	1.65243683471653
apat1240	0.199667779392265	0.704820721186661	-1.14848105853606	1.81564807791204
apin1244	-0.145123453562842	0.822319392932914	-2.06967197154558	1.46544160579687
apma1240	0.0807182672593652	0.67465102376944	-1.26281542496343	1.58741230568766
apma1241	0.148678939236641	0.70570410970551	-1.25011354948663	1.79808427485526
arak1252	0.178436759697624	0.678930132107896	-1.13706386925712	1.77206563928427
arao1248	0.146448163512216	0.749427579124493	-1.26721021265077	1.94619176385809
arap1274	-0.0526287680221251	0.802130541755632	-1.8031838345774	1.670658026871
araw1273	-0.0598789328979998	0.770469060521935	-1.77145785353332	1.5119609800006
arbo1245	-0.0881505834713657	0.739273064825361	-1.77072067633584	1.40243121775684
area1240	0.235498348114418	0.774218687191827	-1.15609803026683	2.1083605170055
aree1239	-0.181477388727119	0.746556364693253	-1.98978561610818	1.20350141763553
argo1244	0.215759665908762	0.795316697121689	-1.22423354956663	2.14002939794844
arig1246	-0.189963072027858	0.800050906451111	-2.06916376456225	1.35714911349647
arik1265	-0.180932290937391	0.811935445783469	-2.10010089560586	1.36134116089871
arom1237	0.430342147251444	0.84259181750699	-0.913119920931443	2.51894046969313
arop1242	-0.216095224914846	0.748013475481568	-1.96403831722896	1.18619560752998
arop1243	0.35547201794223	0.791149011799441	-0.938456963186035	2.31403573534891
aros1241	0.0545122601395251	0.767441849381725	-1.55765246327945	1.73283321087906
arta1239	0.182639662320738	0.673519574113792	-1.07561889977071	1.75742281823491
ashe1272	0.0666504884488558	0.763591281095459	-1.51038152698232	1.81959916203886
assi1247	-0.1103756930095	0.821579230217309	-1.97628411201249	1.53466685153896
asur1254	0.0691576068438155	0.762086700179515	-1.51010605084897	1.78682128069299
atam1240	0.044315231264278	0.696117131731808	-1.35205409680122	1.57598168495471
atay1247	0.243033019911141	0.739004128081456	-1.0877081957807	1.99664257187581
athp1241	0.352334500860377	0.774872711034895	-0.951260794738979	2.23354586304581
atii1237	-0.0262003637329702	0.727035476274991	-1.60283232559812	1.49782279305074
aton1241	0.141739568724833	0.732847459419942	-1.30432755669925	1.79886216859847
aulu1238	0.0470020507192485	0.638718083812041	-1.30000128302714	1.40676892750174
auuu1241	-0.22746913392862	0.747317382102874	-1.99437653286326	1.14780237491046
auye1238	0.0592263739896397	0.75636306598899	-1.47325200257983	1.7628337842478
avac1239	0.455934042225535	0.891859899896848	-0.94176998094708	2.71408442959531
awad1243	0.431586971794972	0.845795937307176	-0.911217726542772	2.60462189884477
awad1244	0.227389281267117	0.706735582141424	-1.06195245368262	1.86655443091122
awar1248	0.223878015700193	0.698525659484936	-1.06821237142863	1.87510637686297
awar1249	0.0486680475311629	0.703663823132956	-1.4663691575323	1.61068728842978
awet1244	0.167298169444843	0.74921727024023	-1.28110487144326	1.87245924076145
awji1241	-0.0250991773213609	0.779877360560597	-1.75111470136365	1.59444292320054
awtu1239	-0.220915110032536	0.742164127848169	-2.00128197411891	1.13592134442582
axam1237	0.0413235831704383	0.65211647205416	-1.32424603365093	1.42325739724524
axiy1235	-0.284892809387592	0.801996191570426	-2.26484447801093	1.14210767771841
ayac1239	0.149846097440585	0.774575494078861	-1.33188369052173	1.98778453803315
ayiw1239	-0.100208027382502	0.785999303419449	-1.93650319742974	1.54453078103591
azha1235	-0.290170757753538	0.814805807183056	-2.27664922913502	1.13369249263189
baba1264	0.13618024847254	0.708634087414152	-1.23913212622169	1.71187276786269
baba1266	0.0610028057316097	0.701651495124223	-1.44560258958481	1.60873134792075
baba1268	-0.17272164402261	0.804231664341192	-2.03256336669627	1.40613137218233
babi1235	-0.0808879029696798	0.805537934259415	-1.87792933561008	1.53567558738026
bada1257	0.0455871148065966	0.792333889144997	-1.65443269937847	1.84324268710742
bafa1247	-0.0939188411904707	0.810933121964024	-1.93181377980823	1.57387397650223
bafi1243	-0.129943759085402	0.7973228439709	-2.00056398785523	1.39096737645461
bafu1246	0.0572320134043278	0.693219522235445	-1.41008191190142	1.60796299751766
baga1272	-0.0405615263635918	0.814892929047896	-1.85598842106239	1.62725690598601
baga1273	-0.0593771140344542	0.797424000216319	-1.91954436288842	1.58698111394205
bahi1252	0.652257112191998	0.895262108768051	-0.558875123285788	2.89322838830145
bahn1262	-0.00570645102203464	0.763209443723552	-1.66421111992709	1.61729129554093
baik1238	-0.218944419551304	0.793097706750052	-2.10469718567076	1.19080393845237
baim1244	-0.239656106075056	0.766578565916094	-2.00247791995801	1.12795229307185
baki1244	0.0737428653140835	0.663060454595382	-1.27368704686427	1.54702559867592
bala1311	0.286528779087819	0.827048444115373	-1.23216362559753	2.31467644716369
bala1315	-0.017540589754432	0.7536257533053	-1.68262777248617	1.56214054341624
bala1316	-0.200027392876979	0.769603214923458	-2.07042291428536	1.22121830961538
balo1261	-0.0176236309188619	0.795166556156994	-1.77550747094872	1.69624122999774
balu1257	-0.095086718329529	0.77593182731331	-1.85150421149681	1.42912615953463
bamb1270	-0.0689460290845465	0.771620598979057	-1.84106643932336	1.53138484873399
bamu1253	-0.0335437318545293	0.750612399473223	-1.69305799910219	1.53009016961612
band1344	-0.0274068291331309	0.80068527553694	-1.77530301593476	1.67388552725439
bang1369	0.172911510768779	0.747524594745247	-1.30026760201534	1.96147866676885
bant1281	0.498272651455232	0.829128262040987	-0.760991876659603	2.51590536732892
bant1288	0.145510766904322	0.752763959776326	-1.32901050228081	1.85068077556161
bara1357	0.770004443187587	0.956473771377338	-0.441239183470513	3.10229173584124
bara1369	-0.0454163855472298	0.813399030099684	-1.88558635256633	1.64576383293324
barg1252	0.123885460255935	0.672650278429339	-1.23804281404149	1.64999465673677
bari1286	-0.180726240551861	0.740080794757722	-1.91143307144044	1.2085999978785
baro1253	0.0863560753512707	0.704396811994965	-1.34536231261262	1.67844798643641
basa1282	-0.140864796316756	0.812946776610579	-1.9870548790297	1.44048964207957
bash1264	0.0129505555536521	0.81284225831996	-1.69948006229505	1.80885549460809
basq1248	0.181241862911417	0.823946126973955	-1.43263131616285	2.14511316745313
bata1289	-0.0350923303043061	0.797061597850621	-1.84818645990162	1.66376308521843
bawm1236	-0.0168927800912215	0.703128379159876	-1.5178508833959	1.44824745189973
bayb1234	0.170447977948468	0.785421734962085	-1.34984617012417	2.04806293245175
bebe1248	-0.0604385743630053	0.795117965219063	-1.81603097476314	1.64859181729279
beel1236	0.0291783000145887	0.763806728549533	-1.5829939437696	1.71493380078083
beem1239	-0.000130212079700842	0.804594287831845	-1.76294055687496	1.70872821759717
beka1241	-0.0500694210296353	0.784186247511324	-1.74064014133358	1.59715805445354
bekw1241	0.0144878776837575	0.795862157155808	-1.69196033668236	1.69990112464129
bekw1242	-0.0124827670812041	0.809892917802591	-1.78981264462421	1.73211291747531
bela1254	0.100857287275966	0.782197136877171	-1.53746023258151	1.89157965874592
belh1239	0.407401169680941	0.792463732612355	-0.877715031482181	2.34247241420168
bell1243	-0.0700951614382151	0.781795991593586	-1.83341718634581	1.55580162011355
belu1239	0.157132929450552	0.756400620121557	-1.29362029457128	1.90068638366538
bemb1257	0.602116913335082	1.00694539778945	-0.799376862555273	3.15295974125277
beng1282	-0.0567701362908976	0.786659433417333	-1.7597446016686	1.66075523344804
bert1248	0.121150081373264	0.78363147257507	-1.45213247098516	1.9890977609852
bhoj1244	0.337557543461784	0.806561187146736	-1.03637888877809	2.3175083344989
biaf1240	-0.0220916046058604	0.812413198110305	-1.81553666323131	1.7306317189756
bian1252	0.198205242084847	0.715714299541969	-1.20478690371245	1.85597721853044
biao1253	-0.052393462558045	0.785474984733796	-1.8435544317417	1.62229260902003
biao1254	-0.0609052949765118	0.794077032734586	-1.77598581363667	1.58037047149752
biao1256	-0.0465121342682831	0.789796533096982	-1.74685039443688	1.60295038086608
bier1244	0.0759752523534716	0.658733188108435	-1.25403789922762	1.51679517969013
bign1238	0.165680348370074	0.653337444467486	-1.09935371067152	1.69688883623689
biha1246	0.196827671424092	0.769304932775628	-1.26249451698801	2.00812669437959
bila1255	0.130292179387689	0.770472628926521	-1.398456723076	1.90209082903078
bili1260	0.120380637026319	0.79972261110956	-1.47817158979436	1.97265260616431
bimi1240	0.117254446733533	0.714555837609051	-1.30990377469373	1.77044700402815
bina1277	0.244865703743054	0.724042607984596	-1.09746120159189	1.97315651823862
bini1246	-0.130513689936873	0.824338113157446	-2.02682561834078	1.52412556733105
binu1244	0.0918266521425094	0.699031577897926	-1.33374108265363	1.65223391412571
bira1253	-0.1666785956306	0.750395365364648	-1.94318692804709	1.27272716811231
bisu1244	-0.515968460302706	0.896987541908842	-2.86930472464962	0.823102770243897
bitt1240	-0.468376880443008	0.870820266618005	-2.62890393175747	0.839290346040184
biwa1243	0.179044995078522	0.712136504389916	-1.22652184055805	1.83574463779138
blab1237	-0.178161945642388	0.768912581726717	-2.06254670904055	1.21253577261158
blan1242	-0.481637531792092	0.877389392911327	-2.67570918994268	0.84373491289341
bodo1269	0.0695479925464164	0.75318247111002	-1.46965129117299	1.74065205223852
boht1238	0.154678564703502	0.815462403076122	-1.44889754274889	2.03528084288641
boka1249	0.150575335179961	0.767731247739969	-1.39597468494117	1.94905753475748
bola1250	-0.257208992087717	0.784279855030212	-2.175282099838	1.17451694087208
boly1239	-0.188337028648818	0.796924412433994	-2.09219918608165	1.30430394095773
bomb1262	-0.0376359704129847	0.838579796889491	-1.9383483885474	1.71495704537039
bona1250	-0.265861765029895	0.776256541136965	-2.2091837660121	1.05755691792471
bond1247	-0.0526510158903598	0.783338127614075	-1.75789057607669	1.5449784723006
bong1289	-0.169060276714993	0.792863638313599	-2.09081487612693	1.36719097164007
bora1263	0.169054274687413	0.771799922668034	-1.32943538483144	1.9712990182137
boro1277	0.129501771735318	0.782949457726252	-1.43233807057327	1.91179935204962
boro1282	-0.109925912877878	0.78624839417458	-1.94207331103175	1.44738523648188
boto1242	0.473825671591376	0.815668823560047	-0.772568122415874	2.45958566498377
boun1243	-0.150567420643977	0.787815413561052	-1.97810818389844	1.46037369817278
boun1245	0.430038712705082	0.811577675430401	-0.84780274287535	2.44044192058382
bret1244	-0.227127175513923	0.77383184759937	-2.10744769122481	1.19255830144582
bube1242	-0.0611981070036775	0.796307853647903	-1.84839287354951	1.58477722903471
bubi1250	-0.0274983731132366	0.789444617606919	-1.7556092117621	1.65448893019071
budu1265	-0.102613779127045	0.797837129339857	-1.9684286266981	1.49324434581278
budz1238	-0.0135141715783177	0.791366071966776	-1.75484437465512	1.71710288225922
buga1247	-0.218912596675512	0.806054258086975	-2.1697774272941	1.24941668182274
buga1250	0.158055963272231	0.709154173320473	-1.2516513614445	1.76474871410515
bugh1239	-0.132319992094818	0.76049431757713	-1.96658840956113	1.36781825991254
bugi1244	-0.0983326045648126	0.775659976251421	-1.86515082608403	1.51638481020973
buhu1237	-0.159268279680604	0.762986392316553	-1.9217925989747	1.32163338697667
bujh1238	0.760112003022219	0.965531820157314	-0.457577500316293	3.17814947954599
bull1247	-0.102582264313584	0.809485482495833	-1.90672082200641	1.55580049346819
bulo1242	0.174810952013256	0.782078685126022	-1.27927943334919	2.07810988240244
bulu1251	-0.0787900670191834	0.781635492310595	-1.79093715076921	1.59558786021516
bumt1240	0.345567810309282	0.815174060231026	-0.98908345425706	2.36485098055419
buol1237	0.383772219889785	0.824286088869983	-0.931045884840411	2.39561586709455
bura1292	-0.240141856897573	0.778909904171774	-2.13617056744979	1.16468420423749
bure1242	0.00109063017864257	0.771853552505277	-1.70412768213464	1.68043606075344
burj1242	0.0941084955507926	0.782584824820932	-1.47195520291327	1.8987598836542
buru1320	-0.162068478038129	0.793238766952854	-2.07544835661813	1.33774529534906
busa1253	-0.0843535212337867	0.795362426904795	-1.89919097205551	1.54858417081593
bush1247	0.00382841569919375	0.81800640467382	-1.75428582492144	1.74305043102761
buwa1243	-0.19130569534811	0.757405906643621	-2.0273546856039	1.25787214740918
bwai1242	-0.209547989214278	0.739526542378667	-1.98586310301053	1.13041875049297
bwat1240	-0.0908510704286923	0.732477843743961	-1.75953150287348	1.36890120184256
byan1241	0.0782856231646747	0.706981349768201	-1.35319814781011	1.68685065944256
caac1237	-0.205147129346342	0.758184079156326	-2.05054563916726	1.22812248187819
cacu1241	0.0914055202738299	0.758121607576525	-1.46878930795298	1.77034874240101
cahu1264	0.128963268666344	0.817415283186196	-1.42092326149632	2.0363779676093
cakf1236	0.21122386193233	0.754476978898124	-1.22592942490368	1.97825193364686
cald1236	0.0780688131692113	0.788700075400764	-1.50763473482493	1.88775539992154
caml1239	0.604886032725457	0.876312401548895	-0.607595500015024	2.79100400548104
camp1261	-0.153408574052752	0.778242264715697	-1.9838277587294	1.30324735127805
cams1241	-0.0624967917765725	0.775902554545681	-1.80487015663984	1.57682904441776
cane1242	0.290898740077462	0.786795918548627	-1.084390189319	2.19777629708392
caom1238	-0.0750155214885466	0.799783163089399	-1.87292750697256	1.60505033715308
capa1241	0.137551752673921	0.789077655212282	-1.39134198109658	2.00412311119312
carn1240	-0.0502629635965879	0.802683528500341	-1.83555875858042	1.56944484072417
caro1242	0.464506250301674	0.876451187343435	-0.85596859976304	2.66583109050125
cash1251	0.158948301400469	0.784656509921746	-1.35694169652293	2.0466649952062
casi1235	0.10168753911513	0.694995792382106	-1.29222653605876	1.71101811141967
cayu1262	-0.268128864337451	0.808060489025158	-2.20875078541049	1.14400042156231
cemu1238	-0.163631568166221	0.754679073333781	-1.9196361580204	1.28993852159439
cent1989	-0.0167217909969529	0.77326700620839	-1.71838086802519	1.66177283256551
cent1990	-0.05651208840547	0.804012740844288	-1.86920353476438	1.60523543505693
cent1992	0.388103311358311	0.844997210918209	-0.947371180996882	2.57928151212665
cent2004	-0.838407999161534	1.02817451837554	-3.42287824434911	0.429448571878602
cent2050	-0.279610858897954	0.798760350066079	-2.27089689092959	1.07388426576614
cent2084	0.00954570811930784	0.711469008447378	-1.47702405740216	1.59138910697252
cent2087	0.281221804533818	0.762484263748003	-1.09126209169959	2.06424963892088
cent2091	-0.203473173688498	0.806602415026172	-2.09190851418311	1.31551672438701
cent2126	0.0609141547223571	0.784042358453901	-1.5533628426087	1.85026342871073
cent2127	0.173672043014524	0.77509492402248	-1.3025466706826	1.98881616241014
cent2140	0.205913244705233	0.809027880598463	-1.32858876912954	2.13768489217937
cent2142	0.0133977485208895	0.797570368302516	-1.65789115043053	1.78095252136637
cent2292	0.346290120305722	0.71850220656008	-0.832060400137559	2.10993899889257
cent2322	-0.00247597047659188	0.791000037830603	-1.74166506129573	1.76011776267559
chac1251	0.0204917489195803	0.783107210416762	-1.63776291836771	1.68634317952623
chak1270	-0.0408405564051857	0.751941397675195	-1.67997475441164	1.56282030184967
chak1271	-0.231119915125335	0.816760145848763	-2.16701844851361	1.21784776078054
chal1275	-0.04169327679259	0.79054547300045	-1.77722479448113	1.64980715641825
cham1312	0.0650594487826687	0.778176728743431	-1.57314014945764	1.79975102394833
cham1315	-0.176788346186445	0.80155569645593	-2.10211609773694	1.33044273357821
chan1313	0.171473820052829	0.713632534398625	-1.21439536796411	1.80648553485833
char1269	-0.138084174680376	0.779768202439093	-1.9656445152198	1.38795243192234
chas1234	-0.628667872063842	0.914274230145004	-2.96032139473689	0.637398518421601
chek1238	-0.160574926710092	0.763330942332309	-1.9519923012985	1.3037059119598
chen1255	0.0245203413521251	0.789948404131351	-1.6752052539702	1.74542530273051
chep1245	0.76070477739385	0.969118001076614	-0.453606366213988	3.22708244537388
cher1273	-0.0346983622303888	0.816060964093254	-1.86126685670939	1.66882753089096
chey1247	-0.110835631052466	0.779114830509349	-1.91431871954635	1.4869499808582
chil1280	-0.0254935240629683	0.818312568746703	-1.88652998484427	1.70465253381873
chim1302	0.0550068797277115	0.79836035745298	-1.59003212898084	1.77530630110721
chim1312	0.0948262495640056	0.79851183784138	-1.51939288865448	1.94458339822298
chin1286	-0.155599517410232	0.780337209289586	-1.96209729165275	1.34801439654315
chip1241	-0.0524210835954208	0.805452254185268	-1.88037365781482	1.60431499253698
chip1261	-0.0226621654792991	0.786809737797279	-1.71265307166041	1.67539199471572
chiq1248	-0.127856621556688	0.765008064187682	-2.0030412048235	1.38625704965147
chir1283	0.349533100175953	0.760485892253158	-0.943049842592236	2.20789787111067
choc1276	0.0675016837046698	0.772963091564163	-1.55542155454734	1.80336559215924
chon1284	-0.0624518658551003	0.79656165326553	-1.83632939834701	1.58675602256134
chot1239	0.497465428856263	0.838096562847623	-0.720339585091994	2.61944505402803
chra1242	0.00259211983265557	0.806761382833157	-1.69574565883831	1.69923757123225
chug1252	0.382544453649679	0.794219372115613	-0.936117914764632	2.33306269670517
chuj1250	-0.124129737226714	0.780001347719223	-1.88050646994697	1.4227848531368
chuk1273	0.0528544204978692	0.801949000138892	-1.62816964221036	1.84884102402194
chuu1238	-0.0332509017504257	0.804062107214011	-1.84726879599498	1.61848642006194
chuv1255	0.0282797300423056	0.821704300137859	-1.73652778629108	1.83306932292936
chuw1238	-0.014296975720879	0.815310320218314	-1.78866456857223	1.7704221456235
cici1237	-0.0646478532382221	0.786660339290393	-1.81616655447646	1.53044543393734
coat1243	-0.109520656882706	0.758598495339408	-1.83823927588324	1.44741122973842
coca1259	0.000482183795006736	0.782615215803024	-1.7023228026332	1.71610707661496
coeu1236	-0.0423036529446179	0.785318714338327	-1.79184963623617	1.61057931946333
cofa1242	0.00142691587199058	0.767570873204424	-1.71476783864797	1.65947989018801
cogu1240	-0.00719142854130905	0.81438479460145	-1.76868975882458	1.76680019510063
colu1241	-0.160915238487161	0.788365191630802	-2.02281882744185	1.38985921118732
coma1245	0.118383048220748	0.81255270874096	-1.5227214757154	2.00428516090001
como1259	0.352708672993044	0.832887843296979	-1.06822605290696	2.41491021293854
cori1240	0.0227610186579379	0.76153331021764	-1.61321718531953	1.6996614017657
cors1241	-0.186207137302937	0.756707512697078	-2.03332011778551	1.20135504114227
cosa1234	-0.580337917044954	0.898503282025678	-2.81723768557421	0.675847898030574
cree1270	0.0640129968242332	0.777558067036523	-1.54937797528637	1.8328468911062
crim1257	0.0234132383311549	0.78537224516339	-1.65470725521645	1.81495412028417
crow1244	-0.152154162568822	0.77125093072546	-1.96089531043787	1.31506856158694
cube1242	0.103358281300614	0.772975875685362	-1.4461361911012	1.87615156734242
culi1244	-0.00947933983307705	0.772588434621521	-1.67451003134843	1.60824922773673
cusc1236	0.0562571522039918	0.820478462210344	-1.65390633587567	1.90751548955668
czec1258	0.0788267891883648	0.780084220319426	-1.51085661457495	1.84560864044736
daai1236	-0.00965851055495652	0.71433278153032	-1.5372651555955	1.50835140964449
daak1235	0.12975699779984	0.777055618116988	-1.41433166795989	1.93360034363378
daas1238	0.0170304195825062	0.75681708825589	-1.60521397826054	1.67125551708068
dadi1250	0.160346434869002	0.738694747616975	-1.30412209358307	1.86779777885102
dagb1246	-0.154810719143189	0.787565507082073	-2.03092705825865	1.37543702768372
dagi1241	-0.116940883154519	0.774850274748935	-1.90240835165676	1.47469553956046
daka1243	0.0497358315223505	0.634306840445979	-1.29053764098512	1.40934015417868
damp1237	0.312807925089674	0.80770820393633	-1.09700519497043	2.29185294816375
dana1252	-0.415454650170395	0.834373325503749	-2.45326366353676	0.923982653510967
dand1238	0.020224050454234	0.827017967893302	-1.69634220804504	1.79240534123281
dani1285	-0.258360362613529	0.812066603660757	-2.23017441975175	1.20247606663224
dara1250	0.685396715908114	0.93301791665867	-0.524221841020818	3.00344803808026
dard1243	-0.124395493109827	0.805664386887624	-1.94687585956056	1.47472930092241
darm1243	0.0680935738004565	0.705607084769275	-1.3849291886904	1.68416796826126
dawr1236	0.0279226819590879	0.784756997848664	-1.66361975722327	1.73799124314035
daza1242	0.124932359134078	0.801133151557175	-1.51642159309417	2.02699361529864
defa1248	-0.0594011995661275	0.777192814444011	-1.79174248506816	1.59767381006511
dege1246	-0.0548543139295742	0.826392273587076	-1.92791911725494	1.65814350553324
dera1248	-0.131255762724927	0.74697330365383	-1.87484695657839	1.34194826151329
desa1247	0.0730554704399332	0.763496630389069	-1.53380589792176	1.82926027234406
dhao1237	-0.116441622903099	0.802187587331142	-2.01120566492983	1.49014726933106
dhim1246	-0.032147068848024	0.706965047383272	-1.57263863808627	1.41798498269497
dhuw1249	-0.0122548916956152	0.824899402631804	-1.83330959531107	1.79190774111136
dibo1245	-0.0136901178011471	0.807059114043847	-1.74187538340169	1.69312630391895
diga1241	-0.0783671603473885	0.743674223768691	-1.70515183591234	1.43550409094769
digo1243	-0.0283632899809937	0.78899743260995	-1.76760048805323	1.61563870631956
dima1251	0.0338561949330122	0.715861170391382	-1.47396428090897	1.56667139006989
djam1255	0.153111817701769	0.797076656739609	-1.42955451870019	1.95603346174094
djee1236	-0.306341930117994	0.820079177509446	-2.37595838406289	1.09200450617357
djeo1235	-0.241084059358657	0.81795449643094	-2.26340244700436	1.24602138222663
dobe1238	-0.0352087520690327	0.765932451709191	-1.67868312184413	1.60572368583357
dobu1241	-0.21775260733363	0.755943087304804	-2.00530658524791	1.16115599341319
doma1260	0.106567667121913	0.800460524026828	-1.47573897869885	1.93607482840823
domm1246	0.0267809095112329	0.683082329244859	-1.40584444641509	1.490029262352
doro1266	0.333421267573916	0.742108758325639	-0.962201676190183	2.15077340151011
drun1238	-0.302408599590374	0.773978677143087	-2.21866187421442	1.04941599222896
dumb1241	0.044461415101323	0.748828056164428	-1.48974330561945	1.70238684459804
dumi1241	0.629916026649298	0.895889963428765	-0.580471947156525	2.8664494257139
dusn1237	-0.113780297633674	0.778976129086862	-1.85933953422463	1.48710126618422
dutc1256	-0.304081375407794	0.799043992891115	-2.22114658585801	1.09872919543327
dyul1238	-0.18898777424098	0.778949936384561	-2.08163647576124	1.28975567847233
dzao1238	-0.0487228874085847	0.809497562200072	-1.87939980120648	1.6622499147135
east1236	0.148094099284247	0.787586997187159	-1.40811955736823	2.00860060386892
east2328	0.0276297267392577	0.810163501366689	-1.6341692791364	1.77675452073552
east2342	-0.436011805500945	0.85510274995601	-2.60097455520844	0.917447713076584
east2443	0.190216919416269	0.678040932839542	-1.07719432548404	1.80835765708993
east2447	-0.037259974886641	0.786704255187422	-1.74437897688244	1.64320126675569
east2485	0.0861862996277815	0.771822328199579	-1.50946687622859	1.80384180954177
east2516	0.425402682970239	0.809825628474424	-0.837182048480162	2.42360856257761
east2555	-0.0916252692326219	0.789326194009619	-1.89745049915019	1.52461516203054
east2556	-0.331534003567339	0.832448720016224	-2.36635629936374	0.991108437150004
east2690	-0.0553024421750986	0.819202556222407	-1.8941782357034	1.67713000737805
east2694	0.619522417814641	0.931106910898615	-0.66864522543292	3.07020794460465
east2773	0.729928807231232	0.937079918763587	-0.466336633279604	3.103655164401
east2782	-0.00171210652157125	0.819277613263988	-1.74212850306555	1.8041521688398
eipo1242	-0.490068844081176	0.842750210030539	-2.61342712934941	0.77113229808056
elip1238	-0.134313037303422	0.804006469856016	-1.96806540548282	1.43165411530467
emae1237	0.0236578458345697	0.69753659092244	-1.46508458926352	1.54648838902752
emai1241	-0.180001471094225	0.790493341791854	-1.99981860316427	1.35548455014896
enap1235	0.10550111860019	0.792052571893938	-1.51552368451601	1.89694679834745
enuu1235	-0.377869233427161	0.789876617932816	-2.34673142302023	0.893753795138085
ersu1241	0.0164766387952923	0.755567895154228	-1.6170883262247	1.66549714425735
erzy1239	0.0232563036440597	0.824768545603443	-1.72366909784812	1.84034984789584
esee1248	0.170959152641907	0.772824430145821	-1.31778271062868	2.0030114064681
esim1238	0.103058496103062	0.750117112607249	-1.43092823976199	1.82901129980988
esto1258	0.0442361651776282	0.811550021181624	-1.69622895341381	1.81054178312192
even1259	0.0261768235931359	0.810199382860444	-1.67639806186409	1.8397090145701
even1260	0.0275337155446637	0.817791577627616	-1.67639349072342	1.82001490697577
fait1240	0.088686049260826	0.681399318080077	-1.34755785742544	1.60393389651621
fala1243	-0.132608691148986	0.753676046118597	-1.96161898830028	1.32760844904637
fare1241	-0.0996630041354313	0.809404733494907	-1.9109703091366	1.54921710425377
faro1244	0.254643836203623	0.782092212071977	-1.11496269775886	2.06032810447291
fass1245	-0.195740298149337	0.746057464451527	-1.8741626046547	1.21453412189361
fasu1242	0.438090014601901	0.839615545377313	-0.872267086714682	2.57246047388007
fefe1239	-0.0768439668787023	0.787180287589812	-1.88940267548909	1.53938725876605
fiji1243	-0.131964130168343	0.746819233621071	-1.85991408859679	1.35961955260024
fili1244	0.264036783892297	0.771947543106697	-1.11851352598676	2.15511285185103
filo1235	-0.351441838997292	0.828558581049951	-2.38866155581396	1.02667243541773
fina1242	0.333580942237402	0.707153196703532	-0.831467879644334	2.08947689402069
finn1318	0.00964427091027237	0.785414498114355	-1.678601501453	1.69962978219296
fonn1241	0.099800460690828	0.814499002690787	-1.5344586144994	1.89701328051852
fore1265	0.0181135527910141	0.824837488459377	-1.69262419744713	1.770125818848
fran1266	0.200525922965243	0.780011527880071	-1.20403772024727	2.13185691945708
fuln1247	-0.0969401292204931	0.827299197340143	-1.94855512653076	1.55738814769888
furr1244	0.102907720276018	0.807968498429299	-1.55559863622398	1.90808299206194
futu1245	0.0810699139062311	0.73545915366036	-1.44165008710778	1.77672917371676
fuyu1242	0.173571593352225	0.708652957750446	-1.25738045223381	1.80218284768534
gaaa1244	0.0857251660682117	0.810809338058332	-1.55583347606162	1.91768758188964
gaaa1245	0.0152116879346223	0.783771701035337	-1.68624870800597	1.68813737775156
gaan1243	-0.25193289482986	0.774443102241685	-2.1120339414892	1.14164676290124
gade1242	-0.0452139068963686	0.781690942515666	-1.78857099287289	1.61263431634575
gaga1249	0.0182128180051262	0.825363663285748	-1.7547572670755	1.80285806206131
gahr1239	0.149912201109809	0.81325575027905	-1.47762146529814	2.00905781596866
gala1264	0.0318607045557514	0.760360100791209	-1.58899366188171	1.70524037327184
gale1259	-0.0807065213303342	0.806490140254745	-1.96411176490151	1.55620431236023
gali1258	-0.129856068909711	0.780217072595095	-1.96386251497794	1.35146161092351
gali1262	-0.144747432908253	0.791876866680002	-1.95764385017702	1.42042716908102
galo1242	0.177184720238688	0.757141582041172	-1.2800918022461	2.00881120970367
gami1243	0.0489512213141033	0.794656372586074	-1.61877478513758	1.87768074696012
gamo1243	0.0289310323580792	0.78643331557932	-1.61483036396544	1.73946317078516
gang1266	0.485388154604225	0.828381765252387	-0.739184301301589	2.5724845413156
gant1244	0.155063378921032	0.699702803641727	-1.25318682755178	1.74170876439847
gapa1238	-0.162139421962438	0.739358981060388	-1.91116343057692	1.24252562265018
garo1247	0.145486640182251	0.750825556770335	-1.31253127606059	1.84130254819902
gayo1244	-0.122418365932337	0.778288591056159	-1.86856057252073	1.40720031274945
geba1237	-0.615155551041225	0.941924375483935	-3.00368562705611	0.676466398112517
gebe1237	-0.111841972316456	0.783027983684605	-1.88981652342973	1.44876709582546
geda1237	0.179339643173663	0.676004569775998	-1.14662243757019	1.74779872409316
gela1263	-0.0324472094722869	0.725388748581297	-1.62694074241316	1.48826154177498
geru1240	0.00797813414444755	0.774648470623906	-1.66409651781298	1.66126337911989
ghan1242	-0.193754070348706	0.828172961919896	-2.18790682526791	1.3403091987117
ghar1239	-0.0587796763628934	0.730355152768781	-1.6420884861286	1.48233875831402
gheg1238	0.23596450700975	0.822459734926562	-1.27952813809125	2.24531558570707
giiw1236	0.0108760934059351	0.767415157502926	-1.63965260296687	1.69066104932264
gilb1244	-0.0283629152407091	0.781007979628938	-1.66346050176469	1.63450627809281
gily1242	0.09718164160289	0.810086648565542	-1.54993899621688	1.96708190889828
gira1247	0.161985325759632	0.681406279017591	-1.15471651035781	1.74401515091274
glav1244	-0.278423958265923	0.781406322025653	-2.2282018552207	1.08314959802821
gofa1235	0.0165195191012774	0.792602093747223	-1.64205930409882	1.72808972663069
gogo1265	0.149246254507973	0.803825587709248	-1.41372065589128	1.96858344369038
gola1255	-0.00699372742021605	0.770279419414127	-1.69324039141804	1.63348258533682
guah1255	0.313424323108815	0.820853085860936	-1.10333791450255	2.30602529045696
guam1248	0.0273729293352566	0.798113620553018	-1.64977331435356	1.74950214526315
guan1266	0.364193768993432	0.754825359744018	-0.821164133156905	2.23437887777192
guat1253	-0.116901816188545	0.781236827360672	-1.9465997884415	1.40688098852203
gube1234	-0.00385421612941106	0.807262792469107	-1.76855028458594	1.79329717117865
gude1246	-0.194725560927952	0.766537472496456	-1.98273334230783	1.239435436507
guer1241	-0.276343155087242	0.829785421531491	-2.3488173140387	1.19010855538281
guer1243	-0.268801665924478	0.773138968709799	-2.1723404544016	1.10545156338601
guhu1244	0.134147691744309	0.707575354913966	-1.35585754528384	1.72001874010488
guiq1238	0.276665434418943	0.809365713310068	-1.13344572759855	2.29597653539906
guma1254	-0.215039780314203	0.757577609501552	-2.04586663783608	1.13464403198975
gunw1252	-0.322658316929856	0.821641562652838	-2.3459482745174	1.07636870487218
guny1241	0.0562268803408771	0.789551983667177	-1.58960080538775	1.87337041887725
guru1261	0.684308962235536	0.906272395606349	-0.51507596373403	2.9857009851375
guru1271	0.0620952191099224	0.762314224231401	-1.56235912169777	1.75332224287942
gusi1247	-0.0566464987147184	0.806587536958701	-1.9083829008258	1.6095262490336
gyel1242	-0.111651050253663	0.808948779777875	-1.94608763444749	1.49448387452466
haaa1252	-0.00554999306270304	0.79910491697615	-1.76079883392971	1.71156326797547
hadi1240	0.190259462686869	0.77088265398725	-1.26359675610687	2.00101578059129
hadz1240	-0.119077782140695	0.803989247996945	-1.98040127023468	1.48288658216671
hakk1236	-0.117026307777877	0.786791829247086	-1.95711663691591	1.43583472028
hala1252	0.0931789471396492	0.747794373037136	-1.40686184760172	1.84204989261824
halh1238	0.02414618845049	0.800578312469442	-1.63684978284117	1.82074285591534
hali1244	-0.222731008861393	0.771899088298332	-2.07860076106668	1.16902812101766
halk1245	-0.066071739870864	0.763481521310225	-1.78184895102016	1.53382459334546
hame1242	-0.095356393854693	0.737582447151239	-1.73567818182396	1.39496835471583
hang1263	-0.0588783856396431	0.730716887414723	-1.66980312092399	1.46810624291336
hani1248	-0.329819739439361	0.830889326570311	-2.38206152365017	1.0910033559612
hano1246	0.138270682953202	0.678145735087001	-1.15634933188397	1.72394900107544
haro1237	0.00316747282376571	0.764867635198452	-1.66001957261327	1.66459384555923
haru1245	0.266483111916295	0.730022186646379	-1.07327508040277	2.02450678360754
hava1248	0.129054933042249	0.814228527645636	-1.488804066447	2.07086800656653
hawa1245	-0.0847692728502241	0.776645769659114	-1.8560768350325	1.4986148653316
hehe1240	-0.0323245418422204	0.789128440605225	-1.78018292482963	1.7164925661758
hela1238	0.78479787716048	0.958199698231354	-0.415557313873394	3.18048015731148
here1253	0.00189868358074379	0.8138822771941	-1.74834080825356	1.76933226236287
hida1246	0.375650172333683	0.852984987874448	-1.008036835238	2.47998111296386
high1243	-0.343815978625712	0.825679850391395	-2.38704056442355	1.03102990629019
high1276	-0.316243956026902	0.795379129584092	-2.3249309565907	1.05190671099676
high1278	-0.347803667059942	0.826863098083744	-2.38490409531706	1.03915800083283
hind1269	0.080060879640064	0.769994589870786	-1.50604401196783	1.82466208728779
hixk1239	-0.177272606025488	0.782815694773065	-2.04518368105778	1.30258091236162
hoaa1235	-0.0621861029715911	0.791224864036377	-1.8092532339011	1.6213317752477
hoav1238	-0.251275267025935	0.826607752113673	-2.26490838566996	1.22287046160766
hone1235	0.0742097973129777	0.732782878666695	-1.41226822015313	1.73139576769977
honi1244	-0.326171617511126	0.775163274326113	-2.23370778664924	1.00843938264587
hopi1249	0.0791820110981857	0.771709591364364	-1.50233488981054	1.83480569855904
horp1239	0.408685163713095	0.795885891519223	-0.819828575503659	2.44131448492179
hote1245	0.203437288230414	0.701468460569124	-1.15089671506788	1.83088102869999
huaa1248	-0.067967053049122	0.81247294091585	-1.87658726786288	1.59871379876026
hual1241	0.123783100451299	0.803200112632932	-1.44851776251353	1.99150885655005
huam1247	0.0921464092256232	0.795237108470919	-1.48516964368825	1.92550220228684
huar1255	-0.448475076972305	0.862439814879548	-2.6589677685432	0.87254013134249
huas1242	-0.209582094635267	0.792306453705452	-2.12104114951632	1.25708720881339
huba1236	-0.257025698611502	0.783986594134932	-2.15585577718454	1.13106068668256
huic1243	0.118399698214126	0.773487347976413	-1.39346078871395	1.86021132539649
hula1239	0.547204118161823	0.840098591968586	-0.657312211142977	2.69986868701476
hula1244	-0.0314603319520457	0.789423220285517	-1.75755168242924	1.60824807333873
huli1244	0.482997157979249	0.847032037974242	-0.8158501300419	2.60365427407547
hung1274	0.0377344965699821	0.804800733825364	-1.66168354177564	1.80527562089455
hung1275	-0.0774341743980253	0.807191823936658	-1.95111847037705	1.61494388435187
hunz1247	0.15400207185401	0.826236638820887	-1.52900063819925	2.06728769970609
huuu1240	-0.681233550254594	0.948988998351059	-3.06723123242612	0.571340588177894
iaai1238	-0.0832455721623002	0.765436165497587	-1.81849023719136	1.4509722286933
iama1237	-0.222092439065587	0.748075234567048	-2.02838528785031	1.13405736395453
iatm1242	0.167273889115645	0.748947220248296	-1.26132075730327	1.91641221705634
ibal1244	0.520756951796154	0.802067505317117	-0.658870005462713	2.54835729433645
iban1264	-0.0200347809963325	0.781773700577176	-1.80295365702603	1.63633038168133
iban1267	0.0772898289113532	0.71470974866397	-1.34583590705794	1.71566142421601
ibat1238	-0.0224351612002513	0.72166000301568	-1.58849815030575	1.55267982716368
ibib1240	-0.124143855232782	0.77691693871588	-1.94526276169801	1.38346860478604
icel1247	0.271321497083172	0.790887467444813	-1.07505570547942	2.21864551440011
idii1243	0.332669186902149	0.826465074489228	-1.06798621374074	2.38659488328187
idum1241	-0.0615809207800022	0.777499526729976	-1.82048415193781	1.57009533286079
idun1242	-0.19921083809346	0.743690773406621	-1.96557588609164	1.19177970913632
iliu1237	-0.165319556388566	0.803962860584123	-2.09026346016909	1.37739756769926
ilon1239	0.207680174335969	0.678956858032062	-1.07521824423959	1.79446162862329
imba1240	0.111048470956458	0.767286817959224	-1.37258292563254	1.8891970887589
ingr1248	0.0116333321937888	0.81235020228252	-1.66369193914708	1.80113093254066
irar1238	-0.089818858288922	0.751244901605282	-1.77682092425793	1.38637159518357
iray1237	0.0469496999303636	0.802355428824722	-1.63686038131642	1.86077710233998
iris1253	-0.228619093710758	0.787303085865161	-2.185771348764	1.16970306144277
irul1243	0.0119473225210072	0.798332652945335	-1.7304523977298	1.69453382398326
isco1239	0.157971407053549	0.793788137600152	-1.37737061673265	2.03674220357107
isin1239	0.353448641669103	0.722403327858816	-0.855424756168566	2.11022676761923
isir1237	0.103149076424984	0.809952476572544	-1.55048034358042	1.95031337927658
isna1241	0.048081244989453	0.722805049875397	-1.47508768844971	1.6568456118424
isth1240	-0.282013418039425	0.775962449864824	-2.1551187718338	1.0733386328386
isth1241	-0.272521872470026	0.788211838752298	-2.23685204928477	1.10135473776161
isth1242	-0.29398261097878	0.790280352245149	-2.25076923158148	1.05223871304983
ital1282	-0.147400774948642	0.768213435816492	-1.96805654706733	1.35421376836518
iton1250	-0.267709463997212	0.810805089421149	-2.27195592157589	1.13640686789085
itza1241	-0.0715625157345168	0.806089599913425	-1.85204637324929	1.58061006553692
iumi1238	-0.496555508567401	0.877917580180212	-2.75180381949776	0.798499660832239
ivat1242	0.511351520606389	0.876309615054289	-0.742057609444138	2.75205549744747
iwal1237	0.193796078278482	0.709325830668894	-1.19301317169773	1.8748388299478
iwam1256	-0.25710815907225	0.769921556862856	-2.08739531404908	1.17299499926181
iyoo1238	0.15583235189396	0.676515048297271	-1.12895986878499	1.74244266454112
jahh1242	0.143943386065096	0.7582862388547	-1.3989780732222	1.82206945535215
jamb1236	-0.0311600283266027	0.790688783955716	-1.72942017159583	1.66205504273135
japh1234	0.153217227413583	0.705720690344067	-1.2073072712172	1.72715864828036
jara1266	0.119379754047555	0.777654687764939	-1.45398605357903	1.92100632520533
jeha1242	0.0508747308949922	0.753273971315622	-1.55000957147112	1.69738588496487
jehh1245	0.088590637822143	0.75457580911067	-1.45404629559575	1.79398535158746
jenn1240	0.0471178909350683	0.791032800926036	-1.62757110789995	1.78616848768042
jeru1240	0.593692190502137	0.86137356787927	-0.595931453668597	2.74725843946009
jina1244	-0.173319293332289	0.775018356934336	-1.9766671802875	1.31057197730561
juku1254	0.312970458265853	0.776950254728315	-1.05949764199506	2.28858399181664
kaba1278	0.239022526962966	0.808119496375667	-1.15115513294368	2.24805070369969
kach1280	-0.0963114645207669	0.767388021796907	-1.82122975311195	1.46369687053486
kach1284	0.145776089563096	0.797198258439387	-1.43441429105418	2.05775533555695
kada1242	0.0413007447020457	0.789073024918499	-1.56977261304124	1.81861285596366
kado1242	-0.60832254520094	0.924417464432678	-2.86503795775608	0.653255888914941
kafa1242	-0.133936911139173	0.76818650120803	-1.90267016783868	1.3573644968922
kaga1256	-0.131473737132003	0.777140170552396	-1.98750177724749	1.36751298901164
kagu1239	-0.0582915941944352	0.817455447799775	-1.84164640537731	1.67790764454685
kaik1246	0.577999682690001	0.898845181298194	-0.661115126509623	2.88282276463631
kaki1249	-0.0317045300808764	0.720075666213019	-1.68123220666421	1.4644409029249
kala1384	0.00398522388080708	0.782927325649404	-1.67615899308754	1.72229657928492
kala1399	0.181679531509942	0.808301517452832	-1.33552382533096	2.08827663076957
kalm1243	0.0320595407927941	0.834052673547274	-1.72472282729797	1.88153123406746
kamb1297	-0.0280953464471093	0.833745163858777	-1.78900343866265	1.77734004027302
kamb1299	-0.101663119798346	0.80999157222312	-1.98143795448767	1.56930414270214
kamm1249	0.086460484521332	0.733199787024424	-1.47192326277439	1.7378761294529
kamu1260	0.197424332821427	0.791841662920797	-1.35428276876438	2.05249656914905
kana1286	0.208579596712645	0.712357131002981	-1.15836370549518	1.833860764814
kani1286	0.0599861827428647	0.688937519100633	-1.38911737047723	1.57262086566942
kank1243	0.468766553592907	0.783803393239338	-0.737739839682913	2.43720393993422
kaon1241	0.0283176565319889	0.814511117848978	-1.73899183237662	1.80293399594002
kapi1249	0.0197897797596664	0.798732769855645	-1.75830821523607	1.73618990864551
kaqc1270	-0.123033462217578	0.797935904837744	-1.95925254662167	1.48555105097164
kara1486	-0.0501670609129068	0.712161678193787	-1.60867663266727	1.39526702204656
kara1487	0.45071083219904	0.758393943234087	-0.711840018030848	2.33390476382518
kara1499	0.0128611404420106	0.749625778781645	-1.57092368404892	1.63362504544318
kara1500	-0.0288942079209226	0.774193913761577	-1.69965216119274	1.64043142441983
karb1241	-0.0225827999053551	0.718151950916636	-1.61551637065295	1.47932503091134
kare1335	0.0214821654799078	0.788303553677592	-1.71226488704585	1.69353158775821
kare1338	-0.135795131799863	0.78288983786387	-2.00090647804285	1.35311253343673
kari1311	-0.111210646030976	0.772368324141584	-1.90787851985921	1.38097002281134
kark1258	-0.28897742274195	0.762477131635812	-2.07809019518061	1.09285353606042
karn1252	0.01471202117104	0.720984846136513	-1.58565131635276	1.55680419237622
karo1304	-0.0336125970180023	0.781336398117479	-1.75250824157407	1.59191300640726
kash1277	0.172440151267281	0.789684178529721	-1.31837137233381	2.00902849669812
kask1239	-0.0239185579281106	0.813779555519431	-1.87172944889044	1.7075531937291
katb1237	0.076939424590505	0.632971894531677	-1.22199745003349	1.45909056323305
kats1235	-0.320624088308472	0.808466933302763	-2.24389595169789	1.04747728346152
kaur1271	-0.293836330579198	0.783769800074594	-2.19398221497317	1.09945668130371
kava1241	0.170457613949588	0.744491768207173	-1.25014490781004	1.92542576072262
kaya1315	-0.590061233001322	0.931659739300587	-3.05046097006052	0.693021054629998
keap1239	0.547523217639936	0.855063611413542	-0.683341211450377	2.75717814551185
keda1252	-0.239377458392424	0.788427566618026	-2.15603706887959	1.19257898161174
keig1242	-0.0895618261478052	0.803393854285768	-1.90925480042033	1.59807854233735
kele1258	-0.108498605772025	0.770467091759391	-1.85640503455485	1.40440287104511
kemb1249	-0.0760275499117764	0.770351878695964	-1.8026891839614	1.48729156095058
keme1240	0.213872469550033	0.756449013757047	-1.20212589213418	2.04935854259917
kenu1236	0.061054940639955	0.804880750634234	-1.60773156320494	1.84362513346241
keoo1238	-0.140216449976026	0.773961947289232	-1.90438428658266	1.4034330128861
kera1255	0.145628979910497	0.821313143881296	-1.51909303581273	2.01246342470766
kesa1244	0.115576325496605	0.667267108585867	-1.22017168036063	1.65408969218903
kett1243	-0.10334054264249	0.814805443229667	-1.99114637531011	1.55442819738861
kgal1244	-0.030777053440638	0.79644690824351	-1.75672615120863	1.6674909599517
khak1248	0.0174920117278419	0.80041599495477	-1.64043639259506	1.74518970766627
khal1275	0.422839234450208	0.808190857651424	-0.870034019088924	2.48219389743731
kham1282	0.155911739272054	0.758682990915836	-1.32617339756819	1.92648405343303
khan1274	-0.223643967701983	0.819894134298082	-2.20891558763619	1.26987448421232
khan1277	0.291646859325678	0.739102539239015	-1.01727631408964	2.06472442341523
khan1278	-0.0654462179340611	0.768835344828704	-1.80197818961104	1.54514431757478
khar1287	0.21756766089718	0.768354548147579	-1.17362153917535	2.04871671895228
khar1288	0.332462158230486	0.763188238048657	-0.962648446384906	2.26413042595942
khas1269	-0.241237708642903	0.749844458229445	-2.03995475844094	1.13689854030038
khez1235	0.305369288301663	0.742321826498048	-1.00677022230245	2.09421561345739
khmu1256	-0.317733260008917	0.85091796755792	-2.36392930817521	1.12593244162107
khum1248	0.0588155156675909	0.728742141517852	-1.42732875408555	1.63961783965897
kich1262	-0.12593198356471	0.800777177633877	-1.99344336545835	1.45849180164223
kiku1240	-0.0548694277934331	0.82286312665551	-1.88847532613484	1.67025139721234
kile1243	0.00818371707091315	0.844268337371441	-1.82607005113989	1.83674111222009
kili1267	-0.179293564299307	0.77428856281603	-2.02998687275176	1.25044062202767
kimm1245	-0.192300878037437	0.803664161674098	-2.11855021072591	1.31495773954259
kina1250	-0.0837351596898471	0.731118820373579	-1.71224151026382	1.41756673183099
kinn1249	0.105177462438815	0.795639879724077	-1.45572670428003	1.9623786913908
kiow1266	0.312515359154049	0.796940134124237	-1.03568987554234	2.2847486194995
koda1255	0.0456346291895823	0.811825108549638	-1.70032412921292	1.82894622394198
koho1244	0.081359557043451	0.767958304455566	-1.5346613472263	1.81994793317011
koir1240	0.358732033314965	0.764640817012738	-0.91475631349752	2.24920623847113
koit1244	0.269211414657001	0.749648007955076	-1.09530608569738	2.08419770938576
koka1244	0.0349406933120913	0.783988610324863	-1.55766876574839	1.73893594460778
koko1269	-0.194310668981911	0.779777640351569	-2.10569135178178	1.27121655778495
kola1285	-0.0417480903588728	0.777962221688924	-1.75200522601839	1.52623068062492
kolb1240	0.0146271755943551	0.786936361714536	-1.67749243171665	1.73250983416376
kolc1235	-0.049527344783024	0.814551204820484	-1.90311252115793	1.63857053385991
kolu1245	-0.219680167235544	0.746883674477024	-1.99899465317511	1.13625623609357
komb1274	-0.336753241117922	0.81582483098234	-2.30607680213638	1.04623242764377
komc1235	0.117876530055889	0.70021080311391	-1.29654132744781	1.6907653398274
komi1268	0.0113108403423744	0.791452421330149	-1.67437225012572	1.7200271340929
komi1269	0.0198532630844784	0.796533208828649	-1.66281378436599	1.70847802087053
komi1270	0.42176309160121	0.807826659903245	-0.836453042854641	2.45260235380971
komo1260	-0.013931377496376	0.812282364273983	-1.79530130490124	1.69459696893457
kona1242	0.239114326060618	0.746699493054225	-1.12654765372979	2.01518959933499
konk1267	0.0764987779408039	0.792770199249268	-1.50636021328151	1.91851134600888
kony1248	0.155404606050156	0.717966248840226	-1.26753973274193	1.79291878693334
konz1239	0.0777310462085061	0.784906338179236	-1.5557601741816	1.87952944921424
koon1245	-0.0343071762997293	0.799940376665893	-1.75824011034705	1.64428898571514
koor1239	0.068377414054611	0.791488984095859	-1.60063082389297	1.85829003358839
kore1280	0.0926620817044194	0.809849098841055	-1.58701650366982	1.93730659734866
koro1298	0.395526325868775	0.853052551944072	-0.950658619978085	2.53991257822594
koro1313	-0.120437617515633	0.76951950163322	-1.82023146263488	1.39789869822186
korr1238	0.0263084149059058	0.802554422863228	-1.70289593483406	1.78514984934689
kosa1249	-0.305403846475447	0.77852814484479	-2.17644228688863	1.07476414328045
kosr1238	-0.039038426013233	0.798291753367838	-1.78759381716159	1.66327801402606
kota1263	0.0443172494578945	0.794339428691052	-1.66492798861857	1.818930959127
koti1238	-0.00211460776362215	0.785721813292545	-1.657832364763	1.75069616668141
kove1237	-0.25219248180838	0.770347575896571	-2.16605151784979	1.1250590241843
koya1251	0.0134969714260932	0.811865755119088	-1.76951609663901	1.80083363066664
koys1242	-0.0671775841905637	0.780265657402837	-1.80673940383553	1.55770171424335
kuan1247	-0.00440237032880001	0.786516599320358	-1.71154679928615	1.69376732805413
kuan1248	-0.181194937579489	0.732178865573739	-1.86778288029778	1.19998018047648
kuii1252	0.0363041406537952	0.809495429090797	-1.65994991187211	1.83714366182573
kuik1246	0.181687080261531	0.768091474550327	-1.33109571335688	1.96891158454491
kuku1273	0.0382324609231415	0.816874113434024	-1.68954757623503	1.89321211050862
kulo1237	0.220299141089152	0.717726135684629	-1.12409699660599	1.89997711399456
kulu1253	0.356802547647651	0.768994432376792	-0.933650545072606	2.25682325952772
kuma1276	-0.203060405390411	0.762174348333309	-2.07737184377604	1.19721974940645
kuma1280	0.0202766788599408	0.67761124772681	-1.42458187511366	1.46866732109965
kumb1268	0.0113798068981852	0.790878928314049	-1.69312862611517	1.77390073601938
kunb1251	-0.366192106092376	0.838893360754261	-2.45356856698084	1.0197724903943
kuni1267	0.064766605416596	0.716784275822512	-1.45281421459294	1.59156844286787
kunj1245	0.0447493966627936	0.779580749005155	-1.56034627549214	1.81395149913202
kuot1243	0.00222140248874146	0.69243423352222	-1.46506639035257	1.47860904430487
kurr1243	0.0104673656772572	0.795478608436789	-1.75425748175628	1.71711129791712
kusa1251	-0.242219140314137	0.812551066367262	-2.26123841879337	1.22783188695735
kusu1250	0.537832255747698	0.879572207529154	-0.767143112772493	2.77861993288458
kute1249	-0.116315807696196	0.794264287023089	-1.97813830383341	1.50389387990875
kuvi1243	0.0345918115291163	0.791835059567385	-1.61338643047728	1.7396553145564
kuyy1240	0.0084946984562488	0.775575997645108	-1.60091960958963	1.68857782341633
kwai1243	0.143338871475033	0.740746256174486	-1.32539992765189	1.86673708440613
kwam1249	-0.0745534166507737	0.808898357861463	-1.90777771789608	1.64410934045408
kwam1252	0.00195858788875331	0.729092791297829	-1.56114537369489	1.54753548522997
kwar1239	0.0559534002621827	0.725456603735685	-1.49792684046195	1.65515045315336
kweg1241	-0.117553923977121	0.761794280097721	-1.87403897268863	1.37477108450999
kwin1241	-0.0775351279644364	0.778062145932695	-1.83902979437865	1.4917945380701
kwom1262	-0.020885787966959	0.730880463301006	-1.56283641800008	1.57994543201651
kxoe1243	-0.228082591364246	0.835257083266881	-2.30975469972263	1.30254868609248
kyer1238	0.766484140508643	0.951148784246398	-0.435198250204076	3.10367756952458
laal1242	-0.0879176973704979	0.795432888493499	-1.87697916982221	1.53318416023442
labe1239	-0.162471020320566	0.715208533762206	-1.85058403496953	1.18426322560852
labo1244	0.0540391285760604	0.647892154864164	-1.30405902769241	1.46498611233183
labu1248	0.208450436480647	0.69963915757721	-1.09383311792383	1.81683373470774
lach1248	-0.204423914912119	0.807969232249611	-2.16069088580007	1.3174643018901
lafo1243	-0.124270734172963	0.810941161018711	-2.01015446052648	1.47132835035299
lagw1237	-0.177480337693734	0.784515733786613	-2.03774900245971	1.34027361910235
lahu1252	-0.610590303483863	0.917531884487582	-2.905140369365	0.640013085810827
lahu1253	-0.608600780921176	0.925627058668176	-2.91244654981279	0.667518099302544
laiy1246	-0.103722014095612	0.785794433255641	-1.88559058546439	1.51112079226913
lala1264	0.0742971560671401	0.822279643470757	-1.6505529831766	1.92038952101228
lala1268	0.102462321636999	0.729750554349292	-1.46377660632108	1.68239223769303
lama1277	-0.190652020230171	0.792582978748635	-2.08093242752014	1.28796900395473
lama1288	-0.284610916162466	0.781485362742501	-2.14362613007077	1.03149524527676
lamb1269	0.105523616030233	0.79064739059326	-1.47035243120903	1.92343300832613
lamb1273	-0.072942398584457	0.805527095809292	-1.88456722543643	1.58962935004364
lame1260	0.073402676092905	0.651656844829699	-1.22497563823641	1.5141265171372
lamk1238	0.493331833866457	0.835235145716139	-0.764152949278623	2.54545432560603
land1256	-0.0347487955231495	0.798979887478003	-1.75309225567032	1.69284783435422
lang1320	-0.161185372850383	0.785905318109801	-2.02726720348008	1.34781748304289
lara1258	-0.0313560177537562	0.764625017237424	-1.74266599553951	1.51554500634708
lash1243	-0.559110738921592	0.877896818792729	-2.75136334106589	0.720242226589068
latv1249	0.134858938667914	0.816559217253585	-1.44003621498696	2.02932509463089
lauu1247	0.0246283584901786	0.744316448493336	-1.58883758668692	1.61803241733252
lave1249	0.12927887235547	0.771388969469694	-1.4202402528312	1.98511538444758
lavu1241	-0.204201368250706	0.78590827741762	-2.0612962301817	1.2394503990426
lega1249	-0.00331261191031781	0.818578080492503	-1.77569499563494	1.73577403728431
lele1267	-0.0451254712622636	0.733545354384381	-1.71706256391124	1.49036462872586
lele1270	-0.109273716421824	0.76599483725826	-1.86156608355156	1.37255741292694
lele1276	0.045888833512126	0.79788678843745	-1.65408305149569	1.79247442595415
lemb1266	0.354130163826301	0.765115581945352	-0.888524121149638	2.25922243089516
leme1238	-0.0391980266916917	0.754629374626077	-1.69934889601428	1.5952367747684
lena1238	-0.0469402060625835	0.731792100359096	-1.69538829167267	1.48499185030763
lend1245	0.118181876235861	0.798570889813673	-1.47805332463325	1.97753628110806
leng1259	0.0303273238471754	0.727382056427361	-1.52104937149271	1.63430700130869
lepc1244	-0.0279749064572703	0.710656118688121	-1.59645058170982	1.43673219691789
lese1243	0.202857330975015	0.770549042830278	-1.20050750859368	2.05628194750273
leti1246	-0.11617083900524	0.784397288521699	-1.93124834748423	1.43894003872461
lewo1242	0.0614367172789353	0.670690402157073	-1.28655616023507	1.57579211573395
lewo1244	-0.192422309856994	0.790322515648454	-2.1110468046034	1.2889358614788
lezg1247	0.125461138555684	0.817508242511064	-1.55132274857984	2.04790289607651
lian1251	0.205278231955445	0.744322766407713	-1.17081448163757	1.97411038544551
lihi1237	0.26504385727743	0.757531749112083	-1.01005277630674	2.0933988314113
liji1238	0.0798006232605969	0.801419878616064	-1.62582045823522	1.90866677179553
lill1248	-0.0342936986521125	0.799635871487756	-1.83006615306402	1.62896401753595
limo1248	0.166361089128678	0.705973360117371	-1.15681840626312	1.80642290088393
ling1265	0.091996324718291	0.633091485362042	-1.21458295830922	1.52530323090846
lipo1242	-0.517364878058911	0.882080737129227	-2.74883879789083	0.762374244963308
lish1245	-0.0722460552128617	0.792247947174669	-1.93065208736639	1.53813542949071
lisu1250	-0.708146927767037	0.93207258808636	-3.064129517293	0.50751344983871
lith1251	0.142769619049995	0.786714736860627	-1.42001149058409	1.96382176974354
litz1237	0.124804583053633	0.636307247006635	-1.16384541083748	1.57188952503981
livv1243	0.00430674163001494	0.804009275443847	-1.75436315335786	1.79990305993323
logo1259	0.0793455466610838	0.78634158942932	-1.55671544989668	1.90094426470158
loka1252	-0.126102827136832	0.775203080867483	-1.91440925677771	1.44416766144484
lolo1259	-0.535137412191683	0.884116229162166	-2.77333473178358	0.701363333067555
lomb1257	-0.209842849612612	0.792671809510536	-2.17128146835911	1.29702777692824
long1395	0.0646814212553255	0.753264375288239	-1.48579195404591	1.73724581752464
loni1238	-0.111029339427798	0.762730097116259	-1.81288539270597	1.38510678336327
lote1237	-0.249124913900017	0.79843425487708	-2.15103600231882	1.23411177158445
loth1237	0.212694156880684	0.727701826549034	-1.13295569308912	1.89350460933485
louu1245	-0.105683340596902	0.771599707881543	-1.83773565314256	1.40412210029647
lowl1260	-0.162874285765467	0.787369824987298	-2.08795478085819	1.36383529480933
lowl1265	-0.445481871884435	0.863121864402526	-2.61548208894575	0.8954618806794
lozi1239	0.0390951216817996	0.834132010574672	-1.73526174641736	1.87473028651105
luan1263	-0.109415046763072	0.788536648306543	-1.89533915627331	1.4529953698627
ludi1246	0.0163165836123773	0.803044475116476	-1.73418418094322	1.76317816728533
lugb1240	0.157580364584304	0.793086037514748	-1.4043759480651	1.99208195235255
lugu1238	-0.049276927178134	0.834816055977194	-1.93521437069084	1.75881566045716
lule1254	0.0183502335993971	0.799757677731371	-1.64605122534611	1.79211630569569
lumu1239	-0.130359116971621	0.795000261848962	-1.93574966400068	1.41830929922498
luok1236	-0.0559999496352733	0.801527119180515	-1.90110834679025	1.54831739856633
lush1249	0.0212904423758296	0.717936510332431	-1.50505955844631	1.54955922308857
lush1252	-0.122494864397314	0.796215501813529	-2.01161789808838	1.44712995066199
lusi1240	-0.236230022620271	0.752805284181345	-2.07466669174498	1.08903226151911
luva1239	-0.0320472560852019	0.805282062643297	-1.81542864816237	1.70306695709745
luya1241	-0.0843129623802052	0.827907758577534	-1.96898037565103	1.64826515628323
maan1238	-0.0523158336275003	0.794057068155636	-1.86560323902139	1.55935912283734
mace1250	0.308793917371943	0.820433992967473	-1.10747603421197	2.39073069259418
macu1260	-0.0274945238450833	0.766107771058712	-1.68685919367639	1.63230590245349
mada1285	0.0600756163473993	0.696506471053531	-1.34844342700282	1.59110877545754
madi1260	-0.119658437797686	0.78354531058327	-1.914994849532	1.48188212288837
madn1237	0.150307048387264	0.790374647695586	-1.39322295246058	1.98520748622676
maee1241	0.191342531289748	0.653533919879201	-1.07715368600153	1.74093154464307
mafe1237	0.185128701885694	0.675721035381494	-1.14011408254974	1.75035100085442
maga1260	0.125173482591026	0.771048146420545	-1.33636707979705	1.87190440157623
magu1243	0.218778255205772	0.692448770278337	-1.05445990000205	1.89556456881764
maib1239	-0.289407749584703	0.817579876327728	-2.33325854098237	1.13502086455425
mail1248	-0.0795370066245082	0.74552522361987	-1.82942064412168	1.46091356822295
mais1250	0.118780487572938	0.744728994262287	-1.37404184379458	1.7969207782009
mait1250	0.0959070549465256	0.727968801392323	-1.44089280266385	1.67252513580504
maja1242	-0.0950819074013553	0.764965336045479	-1.7731507996101	1.45195772392496
maka1304	-0.052740010978127	0.811888552490669	-1.83330404556496	1.65994325151111
makc1235	-0.056410996036954	0.778814378229954	-1.82446909053552	1.5582149093141
makh1264	-0.0198775390259118	0.793008504870349	-1.72884613602825	1.75179043712819
makh1266	-0.0137774979433905	0.778922072191904	-1.68426578505686	1.69411853199173
mako1251	-0.0159427309387499	0.794387989599736	-1.74272100487343	1.70603624100786
mala1463	0.0140094897255578	0.822117822790617	-1.74132800318968	1.80950292259946
mala1464	0.0206558901835849	0.799784981414366	-1.59072181025503	1.76820816971635
mala1479	0.192241288744969	0.777304135091485	-1.29750589155492	2.05383648221237
mala1534	0.0985008821092365	0.704894599524492	-1.32560786876334	1.72658551426912
male1284	-0.0804628980642205	0.771463391801118	-1.84485774365231	1.52386154186027
male1289	-0.132024696382454	0.732261138133416	-1.84319899792624	1.27778719659004
male1297	-0.166181900040424	0.764314203649314	-1.98007544172465	1.29105872914099
malg1251	-0.276236151814028	0.799762171163809	-2.21978877477307	1.11526788958386
mali1285	-0.307903725688459	0.821816277519872	-2.38710043138303	1.09384563263599
malo1243	0.228684623150015	0.680498984831085	-1.04269808334801	1.82059761111518
malu1245	0.204394308195181	0.660552795801603	-1.05453345843804	1.74316540011867
mama1275	-0.132316221714152	0.738334430507065	-1.85737897902727	1.33902243606143
mamb1294	0.117295224910212	0.785592650617858	-1.47740310153896	1.95136664681957
mamb1296	0.0700695012791908	0.79295629119082	-1.5793902998765	1.85855788484326
mamb1306	-0.167724068167124	0.798599185672784	-2.04009507495321	1.41471362639543
mamm1241	-0.132987725047999	0.786860157256458	-1.97032972205881	1.4543809688885
mana1288	0.681849232149496	0.932843646202631	-0.555948414950452	2.99776827118379
mana1295	0.0264727818630319	0.723081514070688	-1.48056735072926	1.58371635688948
mana1298	0.0624557933146497	0.728945514071846	-1.39222762115602	1.72750928969733
mand1415	-0.0893033076437088	0.824810987394355	-2.05226004851419	1.5842810633647
mand1440	0.0780934991154556	0.709107702006375	-1.33816384106475	1.69941664016283
mang1378	-0.430650018596814	0.865007816166008	-2.57642977629406	0.924981570060684
mang1381	0.212960205400232	0.814991020172385	-1.30542239712902	2.1108728169606
mang1394	-0.191679386261338	0.79161854537917	-2.10427205288709	1.25355872506959
mang1401	-0.0792989452171102	0.797953692925099	-1.90761378397875	1.59829120040686
mang1403	-0.260385151642738	0.784621779378365	-2.15217975597449	1.16163323872301
mang1404	0.206351704754593	0.691825526403144	-1.08017124771418	1.78318804803015
mang1405	-0.117212672794096	0.797856000585319	-1.93741138956979	1.52639209402634
mani1235	-0.249250455437522	0.805107437737957	-2.21254530318746	1.18400892229719
manm1238	-0.671408304249043	0.941355615000687	-3.04435853849996	0.574502372148793
mans1260	-0.271358193924426	0.835612891919391	-2.28428837813128	1.22714739136891
mans1262	-0.124506610618747	0.740434787076816	-1.83218442785872	1.38669211152929
manu1258	-0.111515397780815	0.804189682426413	-1.9825488141464	1.51771684707441
maor1246	-0.0274476007286022	0.817422376810388	-1.81022084547892	1.7424873896389
mapo1242	0.21037333898738	0.691835649136553	-1.10509325613636	1.76370272258661
mapu1245	-0.110879493815621	0.795735572533573	-1.91147723471716	1.44902243420112
mara1378	0.106286573982589	0.803239675622843	-1.44453038474779	2.00643866676964
mara1379	0.335783756433132	0.756333505021693	-0.948741906021405	2.17254798509854
mara1382	-0.0409042609576723	0.707235280603614	-1.57716165424703	1.46289553877667
mara1386	0.0106428817153842	0.76520110398105	-1.63567737900361	1.7315369957608
mara1396	0.0730956400591781	0.809182181426431	-1.57504018322461	1.81504392211019
mara1399	0.159598339216076	0.644416608119297	-1.09047626621993	1.65477691562658
mara1404	0.312377511842412	0.761477072368733	-0.981642251083867	2.10474638589107
marg1253	0.0434176888094601	0.810777019561934	-1.72208276831417	1.83472454396396
marg1265	-0.306936307482741	0.800385821084247	-2.29018215397422	1.04046928742
mari1414	0.0243017538521646	0.779986414419883	-1.67441902163124	1.71301665676414
mari1416	0.494353780827991	0.828685708709242	-0.722590196402386	2.5850335830128
mari1424	0.0723249940829489	0.767755362170061	-1.46140249992664	1.85906586860641
mari1426	0.243424453681522	0.719392033296461	-1.06209696751783	2.02993470108692
mari1428	0.187952941683711	0.678761328034414	-1.08714776110745	1.78311214327771
mari1440	-0.00446813060682558	0.808037378542708	-1.68520629792869	1.7630320056256
maro1244	-0.255647477823793	0.82000365609665	-2.2739577194725	1.21065044658287
mars1254	-0.0739524248154508	0.779087348450858	-1.82352791236187	1.45270479524082
mart1255	0.031333763219582	0.800178220536441	-1.67165284353428	1.8030916862716
maru1249	-0.535559687004056	0.868778325092619	-2.74281694284142	0.702604539615123
maru1252	0.200848281957078	0.798867753931648	-1.26613233202112	2.14658314101774
masa1322	0.0619720874376048	0.823399045509585	-1.63412374871985	1.92703323786213
masb1238	0.261538147257696	0.76735775025053	-1.13434799609828	2.09759703876793
mask1242	0.0453885600563676	0.647495021546595	-1.28993135970292	1.40673133020352
matb1237	-0.128439034587568	0.795114465337071	-1.98329499801719	1.43302537163072
mati1250	0.146439135660226	0.700667714548885	-1.17038162366611	1.7862631665137
mato1252	0.296170829894665	0.729078184978379	-0.956343889605789	2.03067666263954
mats1244	0.187514597138567	0.790159832464563	-1.25560656293221	2.05571073995085
matu1259	-0.016146106248867	0.812474738829015	-1.75176537469946	1.74813878125857
matu1261	0.131341524505419	0.670893162610124	-1.21914676680756	1.66293038737831
maun1240	-0.353199677125914	0.826817345348488	-2.39708099349598	1.00773047187822
maxa1247	0.350029040103002	0.810970595389234	-0.989902542578064	2.35995819735385
mayo1261	-0.0958589367564289	0.794924483583901	-1.89785566628908	1.52406484789638
mayo1264	-0.0910804750250702	0.753895170934021	-1.84621138648034	1.45329944273356
maza1304	-0.12256074852447	0.748730172506151	-1.82920850963847	1.35483996106351
mbaa1245	-0.0371782468544799	0.82698004429075	-1.85475544516983	1.6952518139591
mban1263	-0.0233486519655617	0.787137435240336	-1.75183934442924	1.68387047856141
mbar1260	-0.0994805471283883	0.78179442601369	-1.89339599744345	1.49676657238931
mboc1235	-0.0808336318360991	0.79099910722878	-1.873201953846	1.48134660948438
mbul1263	-0.0253627005121652	0.717122686001332	-1.64150821567461	1.46994492019358
mbya1239	-0.0883013889159428	0.788396730896441	-1.94616845534196	1.48907954277268
meen1242	-0.139154538343929	0.766187071742626	-1.95328979759919	1.34761246995577
mehe1243	-0.201153771896499	0.750125555932579	-1.97856571525171	1.2331534735087
mele1250	-0.0514445791006889	0.731367961007307	-1.75769760842169	1.5010230794835
melo1242	-0.0479030015428788	0.77776535519065	-1.78081325462196	1.58060629728078
melp1238	0.31720643622277	0.763545419641986	-0.9879193621305	2.17731056513143
mere1242	0.0938174388775533	0.680232278036557	-1.29622442674476	1.58770874509018
meru1245	-0.0587037130703605	0.792198183141046	-1.84167333643312	1.60502304816441
mesc1238	-0.0261546766311877	0.797337386323875	-1.70308912597503	1.70565413293633
mezo1235	-0.287920614035873	0.799544632137106	-2.26175278121006	1.08834592629201
mezq1235	-0.287598214859981	0.800774094940964	-2.17968019498762	1.12422976006692
mich1245	-0.0256028427173839	0.811125196947968	-1.82479774065553	1.67979836684688
midd1327	0.189088985327914	0.694716851488194	-1.11743852981909	1.76687062772984
miju1243	-0.102673000962652	0.73625194100146	-1.76430469434336	1.34060412466563
mika1239	0.0640128067021622	0.781504279165719	-1.54555567913663	1.81555344776253
mikm1235	0.237685820373205	0.799375165643952	-1.20229620893656	2.14402176526722
mila1245	0.107667954449548	0.772827455623383	-1.45816286004145	1.88378416156461
mina1276	-0.141017808260842	0.747244786327033	-1.85418159234243	1.32597938506266
mini1251	-0.184913867076316	0.738978951694458	-1.9137973811128	1.22049617074042
mini1256	0.158053415369594	0.782711337240058	-1.43017218198518	1.96669482929028
minn1241	-0.0892469609067064	0.773054829855225	-1.93799683795295	1.47574896568405
miri1266	-0.0426418638587459	0.828729131290175	-1.95000573130193	1.74873048780889
misi1243	-0.14023996831901	0.812440942103956	-2.02393326998391	1.46046500738058
mixt1426	-0.151230714812532	0.765682090767853	-1.98954763859998	1.34364799721459
miya1259	0.00413588456528587	0.793880293569743	-1.693288630029	1.74738310626145
miya1266	-0.0098884337714962	0.795283418306358	-1.75311593669985	1.71016346789656
mlab1235	-0.10374053761737	0.759563796271517	-1.81478054637139	1.4255647320819
moba1244	-0.11613194112324	0.815568811979568	-1.96603875188032	1.49903180508791
moch1257	-0.121363074753869	0.771365079750589	-1.95234670176974	1.4232360143283
moco1246	-0.0869294735144888	0.821505389894442	-1.98291319926642	1.54086069821548
mode1248	0.132786933225658	0.779016276030521	-1.43679766126283	1.94112104083674
moii1235	-0.279139357962302	0.826282771178201	-2.36376942395697	1.20433556198628
moke1242	-0.059178600824106	0.784248875006711	-1.81506729894312	1.56470331681233
moki1238	-0.0886635108130295	0.789065442036952	-1.88578849859375	1.52336511673003
mokl1243	-0.0719136220856098	0.801411703748206	-1.90454952908027	1.57582221656937
moks1248	0.0307413648406711	0.803099172742712	-1.69835658457859	1.82425407802844
mono1270	-0.02061068828018	0.807103240298558	-1.80664838676141	1.72189890172267
mono1273	-0.117529833889241	0.786614648118805	-1.96874378555531	1.43640611747133
mono1275	0.211555588813428	0.809725394602274	-1.29309197238172	2.15040838038139
mopa1243	-0.0652378272041048	0.793186724313943	-1.8687080349659	1.59765434695281
morm1235	0.0021638873830972	0.742762885904151	-1.62528732176884	1.6444955183936
moro1287	-0.113844291191858	0.778108365452282	-1.8705869876491	1.47653407665869
moro1289	0.208921627124772	0.819979619858612	-1.28563916217288	2.12593623875334
mose1249	-0.317314864087778	0.821368479678846	-2.3778334502238	1.16708289726332
motl1237	-0.0236493824773457	0.770172064238102	-1.68476252359611	1.6399664167857
motu1246	0.39661942515759	0.770659538817082	-0.832795724143406	2.31346553619713
mouk1239	-0.235466776860808	0.758185350962292	-2.06452173514374	1.15457726754419
moun1252	0.257688436107855	0.726239808832009	-1.06923330365946	1.95817953574168
movi1243	-0.304087705971273	0.84462534376821	-2.43139292409318	1.14770303243619
moyo1238	0.485977776434936	0.833924303012227	-0.761513621338497	2.61465638718082
mpad1242	-0.139724856063709	0.820311402469404	-2.00181059976275	1.46800987981995
mpii1239	-0.0605316492049224	0.761885090079775	-1.71782043736408	1.55506896403086
mpot1240	-0.0425047516139107	0.807604261930611	-1.8133533515706	1.68371264367585
mpur1239	-0.305836068398647	0.809962651276565	-2.34767896381844	1.05434633937679
mual1241	-0.0675202657689553	0.778641466342942	-1.83775515869267	1.55841554901221
mudu1239	0.0406952392737244	0.78887013783145	-1.5710452138672	1.79906704729175
mudu1242	-0.192364726668889	0.756575997546663	-1.99361119429265	1.22162612534189
munc1235	-0.226915953648225	0.752277241586465	-2.00710261722473	1.19536617670989
mund1325	0.249644554207037	0.813470092029901	-1.20459955163551	2.27949793051348
mund1328	0.178241902118601	0.736948292258164	-1.26842940458854	1.91294266215498
mund1330	-0.0449996199527544	0.789908029838774	-1.82161013203016	1.59792334742504
murl1244	0.110129472574485	0.809971145597654	-1.50420478974237	2.04233523212511
muru1266	0.0216390806133103	0.833960719732362	-1.71104381999264	1.85302795677004
muru1274	0.110333189206915	0.767675228405357	-1.40105193385847	1.84543792104189
musa1266	0.13554854682988	0.690501282306567	-1.25780627163681	1.76508196114789
musg1254	-0.0855557763695776	0.78519173240366	-1.89241895908349	1.53030629018641
muso1238	0.229652381349986	0.705595169879391	-1.08600383945797	1.86412496103408
muth1236	0.0305692496669363	0.803668612170118	-1.63381681506268	1.78767871826062
mwag1236	0.111843001658426	0.739264330314727	-1.35994069265944	1.73649734338001
mwan1247	-0.0151063075361633	0.780057263795655	-1.7416917645822	1.67027743186455
mwer1248	-0.00987275119744786	0.794974279194704	-1.72227505249548	1.67734406067848
naka1262	-0.255615531599882	0.789478986447596	-2.24910209347583	1.14032411156279
nalc1240	-0.452006846180446	0.827293761826975	-2.53291750131825	0.849915784478398
nali1244	-0.0254477411000623	0.695827903343053	-1.5680427730121	1.43339630232986
namb1293	0.365305055027927	0.844936640768914	-1.02873067674883	2.47745135335538
nana1257	0.0267742172581989	0.816448542551941	-1.70431513252209	1.85436583376779
nang1262	-0.0987475823758465	0.792057260441731	-1.86287845393623	1.46905278772521
nati1244	0.0442252489072829	0.650424541889324	-1.30955061624641	1.44487780559451
naue1237	-0.14543956887963	0.792949610954526	-2.04878765717273	1.39273990215469
naur1243	-0.0749363382576519	0.776818144035244	-1.84051351737745	1.51240347437766
nava1243	0.0385839124259004	0.78605877291831	-1.6349502611909	1.76824784903076
nawu1242	-0.0411580576037637	0.761286132858533	-1.75311389765623	1.56422301410697
naxi1245	-0.633627577843408	0.886362546648226	-2.80090067474293	0.566178466810025
ncan1245	0.179934275333566	0.730436487889407	-1.20588478008882	1.90027064538689
ndam1239	-0.0393220674941317	0.801039573068418	-1.77589947074044	1.70224650738713
ndog1248	-0.0201843574132589	0.815593451151542	-1.87637320027679	1.69480401634257
nege1240	0.26107395867477	0.803046409952937	-1.2236960233753	2.15072084344399
negi1245	0.0644417354914745	0.810235846599293	-1.61925876639982	1.8824972244849
neha1247	-0.137996194022352	0.776737922370783	-1.96284958888288	1.37415838937143
nend1239	0.191345938144743	0.702077291353615	-1.14170604406106	1.80861552066923
nene1249	0.00308760919259586	0.813105246048751	-1.71941564319346	1.75553225511946
neng1238	-0.0469832558056379	0.778504730754753	-1.769587066626	1.55111211668892
nenn1238	0.357827038833387	0.829386017756368	-0.991666135879308	2.45322394799815
nepa1254	0.806526693258098	0.97406829660085	-0.382055626865759	3.25185131746117
nese1235	0.21174745056076	0.661893041470622	-1.04198928181043	1.77159679376098
newa1246	0.765788786585905	0.953896928723724	-0.417483491720307	3.14556813593779
nezp1238	0.0911012356885085	0.790354396645362	-1.58037087993035	1.95413651562131
ngaa1240	0.0344949072793443	0.777578811167875	-1.57151365074604	1.78685804683215
ngal1292	0.251337529113522	0.812061303570386	-1.18940937944768	2.19463195484009
ngan1291	0.112877745198185	0.775331133511012	-1.4310735346011	1.87383921877067
ngar1283	0.0438038858972615	0.839367402012044	-1.71449732934839	1.912933288696
ngar1284	-0.0647739499656417	0.801534281803922	-1.86142216654062	1.56894135110198
ngas1240	0.158332081227551	0.754488676960649	-1.3232233947061	1.89181844089703
ngba1284	-0.0235636519413306	0.801745748698272	-1.82704983317428	1.70832484174587
ngba1285	-0.0298506233848263	0.82188628397777	-1.81459668711271	1.62634023853259
ngeq1245	0.327507974044855	0.821739370306333	-1.08391409155174	2.32127742065316
ngit1239	0.120528258295321	0.78629680973677	-1.40481694491497	1.90716640644727
nhan1238	-0.00278619132595936	0.814000064422387	-1.74755380941259	1.70843163976047
nhen1239	-0.085392320313128	0.78091898003246	-1.88292151565858	1.5547695078999
nila1242	-0.0819840344786114	0.787020006715705	-1.88741197091877	1.57178017836531
nisg1240	-0.137492522874296	0.804565083781914	-2.01326529236616	1.41241083205158
niua1240	-0.0414019002691406	0.793559360769976	-1.78887102534326	1.62632197420773
niva1238	-0.105878594480463	0.803046480990698	-1.9287563011847	1.48011425737322
njan1240	0.0935158936528197	0.779484632414014	-1.47859792638137	1.86822207389602
nkon1248	0.302018616241366	0.797091454971691	-1.09719645445346	2.21293394723663
noct1238	0.145439988572718	0.692702137701429	-1.22812995612171	1.72496899590384
noku1237	0.000311907600802743	0.72080376703761	-1.57113555395317	1.56575108408877
noma1260	-0.142240662371253	0.795446077033776	-2.05192111038021	1.39703373730433
noon1242	-0.0118587537687968	0.81309929134967	-1.77078401470821	1.76155379915073
noon1243	0.165201924322605	0.725795427271114	-1.2714355798156	1.84343505435912
nopa1235	-0.107548657519558	0.751393524100993	-1.84874848983979	1.41310793046385
nort2684	-0.0532485869298283	0.770677218109821	-1.78696200185878	1.55741278880803
nort2690	0.00967531838375657	0.775534418656731	-1.66989724157371	1.68086257186281
nort2697	0.182620083470868	0.854419375640148	-1.41682791305307	2.28677440404157
nort2699	0.027910144246672	0.803118745786455	-1.65356263039421	1.79926420689696
nort2702	0.010409329493314	0.810603891012498	-1.70408785474139	1.8264270752904
nort2722	0.109281005053931	0.707177744261287	-1.30669939715993	1.77333839267576
nort2723	-0.229304243039417	0.743393650783532	-1.97059729398314	1.16787048368456
nort2724	-0.816062499096389	1.00047049763704	-3.31331658684497	0.411760681349802
nort2732	-0.153776522434507	0.778618262021613	-2.01267149889394	1.29205679679553
nort2745	0.0523364355233429	0.819247277227376	-1.66438274293554	1.8748277513546
nort2747	-0.0626793867202734	0.791967072849616	-1.84244612835397	1.61711803307003
nort2839	0.04992194310231	0.638480979916873	-1.2636392056993	1.41102939182217
nort2845	-0.0238584820018093	0.779285500138171	-1.70175858725371	1.63728769953427
nort2847	-0.060802976553025	0.729026131859708	-1.68354199386219	1.44187240436204
nort2877	0.352732746997728	0.724906910445293	-0.832870200257409	2.11845576689826
nort2885	0.602207848269901	0.942889924536491	-0.711701321041356	3.10537252763782
nort2930	-0.0310172871869575	0.752713072430728	-1.72336103750975	1.54755548131498
nort2938	-0.311562365928549	0.841564249510386	-2.32126985140538	1.11496042965859
nort2942	-0.0340261041053543	0.817205848058249	-1.81471046265692	1.69226682268681
nort2951	0.176032263694627	0.775523159130629	-1.29170504458268	2.01592660358382
nort2954	0.119664049503506	0.772196914455624	-1.41515747275423	1.88982447403121
nort2957	-0.362311748963775	0.830787629685295	-2.47443564538285	0.975402867043016
nort2961	-0.044896255329028	0.780771289540984	-1.80799662892011	1.58959795686541
nort2980	0.138928259275914	0.772349377248544	-1.37173481652054	1.88462036732256
nort3047	-0.122628627205507	0.76062262015773	-1.84098128208775	1.42092132996772
nots1237	0.0200748170550176	0.692078939153649	-1.42212319229838	1.54282986083202
nsen1242	-0.0105716733557359	0.809261363408254	-1.80323712041881	1.70124504230076
nucl1235	0.329275204773309	0.82048174011126	-1.03678232560481	2.38575423313624
nucl1240	0.0294523685602222	0.758786527172044	-1.5804704148794	1.65426393137994
nucl1301	-0.00196653599432741	0.814523312059764	-1.75379120015514	1.74753796183765
nucl1302	0.133074806898491	0.822988773980182	-1.49261054876827	2.07168663296843
nucl1305	0.0398041705017742	0.791776297423129	-1.62208667756108	1.76483483886866
nucl1310	-0.0295580273271357	0.712751797591067	-1.57527861087998	1.49363818014111
nucl1327	-0.110691111223517	0.771329158194637	-1.90065955745873	1.38357617158832
nucl1417	-0.0556283505619941	0.793774574741369	-1.84370809773396	1.58664731212322
nucl1458	0.0574897568092187	0.701581460426798	-1.42828021508287	1.58889586491907
nucl1593	-0.241769756110922	0.760319619158837	-2.05389296720928	1.14521426837874
nucl1595	0.129732278292036	0.801057060540726	-1.46607517098553	2.01705260303181
nucl1622	0.00339705683961868	0.772656403593172	-1.61749416136393	1.7159021805189
nucl1630	0.313537968880925	0.733256659367601	-0.980573197802433	2.07275386091119
nucl1632	-0.241018404681673	0.782330824960484	-2.05230178460949	1.17588493612511
nucl1633	-0.225272695500391	0.787407856191448	-2.06536917365791	1.27549216025186
nucl1643	0.0599888015600104	0.793288112034401	-1.54699267672304	1.82538675628202
nuer1246	-0.0488031448826031	0.795111391142904	-1.84967887894213	1.64141124574906
nugu1242	-0.131013342947997	0.794817442100195	-1.92271840511994	1.40736477302229
nukn1238	0.282591569830838	0.718314651975378	-0.988481982291875	1.96961995985578
nuku1260	0.546141787201421	0.922185350705276	-0.789674726054087	2.86498593662609
nung1282	-0.579222185470495	0.87556175254181	-2.85497981622765	0.643085653053053
nusu1239	-0.704367793277617	0.935981897866604	-3.03899375802115	0.525231423448181
nuuc1236	0.110858163710696	0.782453372485915	-1.42688645804932	1.84146730257462
nyah1250	-0.0811776092341176	0.787215011950556	-1.85685401808944	1.52201980660785
nyak1260	-0.104927365143263	0.779438963295782	-1.96008075459002	1.47324541643244
nyal1250	0.139036002275298	0.80052062849757	-1.41277336695412	2.05180616938174
nyal1254	-0.14084245163088	0.789490699849885	-2.02010933947173	1.38481617048087
nyan1307	0.0100369167570312	0.783156806894032	-1.65388277946409	1.74342782148543
nyat1246	-0.0962130274305691	0.821377679456519	-1.94704576085333	1.58958925527681
nyaw1247	0.0133267509357118	0.839710220930747	-1.77341989775719	1.82486048760866
nyis1236	0.211202432921718	0.703480430457602	-1.12080117416357	1.86085491926587
nyor1246	0.0250166025531434	0.795590388437666	-1.66880180782594	1.78418905204711
obok1239	0.181019107266607	0.782640009224624	-1.32538256740026	2.07641656560358
obom1235	0.176994558434553	0.702656908315636	-1.14687370060801	1.84969161237496
occi1239	-0.158067011943854	0.798670555766789	-2.07513917334819	1.40989460727923
ocot1244	-0.183006941720302	0.788617446009281	-2.07838422469117	1.3550903235506
ofay1240	-0.449835866186355	0.869804808479474	-2.65462086115464	0.882396599086424
okan1243	-0.152071601501234	0.802103630840878	-2.00977861707672	1.39295151447082
okin1246	0.0751200963838264	0.783972139516559	-1.52940902411442	1.87702805597402
oksa1245	0.10786987156911	0.718041674393393	-1.34800102911528	1.74962879545459
oloo1241	-0.229510687513667	0.739053296676313	-1.97847298984279	1.13112882073937
olut1240	-0.303547341859219	0.784674695428063	-2.22198227156055	1.04491480332924
omie1241	0.271068994555442	0.727618083346435	-1.05978194137897	2.02814909426041
onon1246	-0.0711272647356109	0.836348382306551	-1.98832403451319	1.67050376436723
onto1237	-0.0611327360508217	0.784227531402616	-1.81334111323482	1.57224616729306
oriy1255	0.13573104024339	0.829484716794949	-1.489755924884	2.07480556601356
oroc1248	0.0257791331448041	0.830334946460879	-1.71526273766804	1.82613205935771
oroh1237	0.136202323276797	0.753739290395992	-1.33116927813817	1.85810411315838
orok1265	0.00765655652690443	0.821992110941167	-1.79568159194603	1.79786304271377
orok1266	-0.0934174522784213	0.810015705624198	-1.9642330281139	1.52615558735158
orok1267	-0.0911068260419835	0.737225539324533	-1.80802646854329	1.40712590582215
orok1269	0.275123822042948	0.721827190941425	-1.01421252610963	1.99949317132155
orow1242	0.012730164418549	0.71568320349417	-1.57046096519836	1.59096647245005
osam1235	-0.0184976318006299	0.810749359255992	-1.76645580362304	1.71239218162313
otta1242	-0.02754142148469	0.788015466689379	-1.81724749418449	1.67268519650358
paaa1242	-0.00820084876097941	0.815402332709008	-1.78466455135281	1.79241015237909
paas1238	-0.220186115925539	0.78648440822464	-2.08873033346107	1.18126353730142
paco1243	0.184202095907491	0.782222395122154	-1.31760050354401	2.07643156573619
pagi1243	-0.0168247390523114	0.809277035145762	-1.81125072399918	1.72746852596601
pagu1249	-0.116401548650821	0.798656468624161	-1.97029264172422	1.44942919254724
pahn1237	-0.174578782704781	0.816119121316644	-2.16453252148974	1.3733395928962
pait1244	0.406743210326549	0.80817672554954	-0.904897035448118	2.42268386449606
pala1344	-0.0441365190900265	0.799951836052917	-1.8341540848942	1.61007311351506
pamo1252	-0.00976365497569342	0.763739070454661	-1.6957662367843	1.5777488699844
pamp1243	0.322815716729038	0.761786913733572	-0.963775695444283	2.17558692769257
pana1307	0.387099306492212	0.814029111321952	-0.930851074149527	2.44822082484527
pang1287	-0.0757175864012798	0.804409970588573	-1.85256349786931	1.53184249734376
pang1290	0.476739965514484	0.803592055562986	-0.742288474430644	2.49587511106966
pang1291	0.0614097815763162	0.774188097901878	-1.57419478470304	1.8187929507739
panj1256	0.36612678157238	0.865448040513374	-1.0826318169087	2.51842234644461
pano1254	0.122373264283021	0.782865532151617	-1.42783006355229	1.93400387867027
pany1241	0.00467420482780418	0.799127768203104	-1.74001253235113	1.73410757659147
papa1238	-0.298976094094962	0.831710716216615	-2.29350627227825	1.14775444657032
papa1265	-0.221354010561299	0.755557485494438	-1.99414709687017	1.16037662307593
para1301	-0.278810965293449	0.811921722295389	-2.26870343987781	1.16249514449786
pate1247	0.207721384780491	0.688073928433134	-1.08522993370023	1.75883564040822
patp1243	0.047708527116702	0.699598242326677	-1.39883127257531	1.61005400408571
patt1248	0.274763984638658	0.789041831943227	-1.12528858431569	2.19939517174193
paul1238	-0.105515328914397	0.795461498533285	-1.94376271401998	1.52012042559931
pawa1255	-0.0149850101918951	0.713347663246809	-1.60810156516867	1.54595616485877
pawn1254	-0.00663406021086805	0.78920201579312	-1.68684650174919	1.76659929136089
payn1244	0.195569062491766	0.698635123295045	-1.14116631496019	1.83393318282404
pela1242	-0.0427136302028268	0.73498597031919	-1.67509675357277	1.47976095247282
pemo1248	0.349500054642401	0.821851137150736	-0.975014780172789	2.37471600778436
pend1242	0.440573012999211	0.850014601259749	-0.90853856642599	2.51020495824362
peng1244	0.0355904526629401	0.806446111336736	-1.64590324448548	1.81336954549701
phai1238	-0.159357750902617	0.780314956402011	-1.946519249373	1.39645758122836
phom1236	0.16689962256569	0.702757861563776	-1.25124120409611	1.75296222696191
pich1237	0.0529005220809857	0.774268286820618	-1.54428960496297	1.7959739839164
pila1245	-0.0917222932220656	0.777044076608467	-1.8119706092584	1.53285238530508
pile1238	-0.0962546386307835	0.787171572722439	-1.87256179289539	1.52175490493704
pina1252	0.333584960374838	0.752123188815607	-0.934908580795108	2.17288892784503
ping1243	-0.0925438817499132	0.791654648494825	-1.86782739392062	1.52084879089119
pint1250	0.043658144147586	0.801792152197901	-1.61466316937585	1.87031254470193
pite1240	0.0236071556246642	0.822954312936365	-1.76249543035846	1.82663671832684
plai1258	-0.0575823061713152	0.79139085198347	-1.85427317143794	1.61292439633826
pnar1238	-0.223903079732711	0.751472843282022	-2.03638106056056	1.14821115246952
pohn1238	-0.078991436380732	0.780104551048518	-1.87089180093351	1.48552235993119
poli1260	0.0840684588384945	0.787053145877824	-1.58222005031532	1.88015103304754
popt1235	-0.138811581187912	0.783123802497408	-1.93230651447756	1.39365907780466
port1283	-0.146839572511102	0.786863242013338	-2.02330996923793	1.36443363006592
pott1240	0.0209183106699015	0.806885177488	-1.70516894410258	1.78336984748139
psik1239	-0.271333316974061	0.781195213313017	-2.19072528222914	1.12674652478392
puka1242	-0.0825254541147261	0.787787319969973	-1.88538672573002	1.4869434111967
pulu1242	-0.103123347407093	0.802832326690934	-1.92103664438086	1.55204440440792
puma1239	0.50290797333697	0.829886525877388	-0.741448250676249	2.57120191538267
pume1238	0.154471053272106	0.789133188329681	-1.3567563908033	2.03359029640757
puoc1238	-0.174530112426767	0.793005726655274	-2.08617161091389	1.30753121358679
pura1257	-0.0927782658778707	0.751532368523708	-1.8022868980252	1.40595913156116
pure1242	0.0378229122370229	0.789752882920106	-1.62636265926965	1.83102766790481
puri1258	0.241185593205216	0.814550364776271	-1.2194426737244	2.25635437286165
qanj1241	-0.139930966605386	0.789716130262768	-2.00648601053485	1.40743593824134
qawa1238	-0.0835906991663204	0.796800622646907	-1.84619045401242	1.52117748477604
qima1242	0.153718767712143	0.803337423363013	-1.36527703124198	1.97798316144046
quer1236	-0.21367660442814	0.810700389614974	-2.14034791549757	1.3236435493273
quio1240	-0.263565589174283	0.815908308504393	-2.26360234488091	1.18830754210454
rabh1238	0.106577338515988	0.74447333673555	-1.3379038307705	1.78690472428002
rade1240	0.0847881697869303	0.768443946030446	-1.4820075387333	1.8330215695537
raji1240	0.478510157596632	0.850470544896987	-0.803281660280781	2.57103610208958
rapa1244	-0.030364031065763	0.78682772954721	-1.75850189105989	1.62402066426663
rapa1245	-0.0251647659550858	0.785653566223212	-1.73586074338177	1.60065792589484
rapo1238	-0.256651070828008	0.760064061468228	-2.06825808260881	1.10126895326824
raro1241	-0.0283493466726024	0.7763238114504	-1.70431441930123	1.55872125125664
rata1244	0.373874993740953	0.829341022876519	-0.948687552222084	2.50072834196488
raut1239	0.390331960802257	0.828935901019311	-0.973464142326793	2.30662199950067
remb1250	-0.142116659747061	0.786390937923631	-1.95805567687034	1.40542084244345
remo1247	0.0877605076863166	0.760272426938273	-1.47692913764456	1.79963729682775
reng1252	0.0224541915946327	0.746426794437973	-1.59298815744031	1.67313476596476
renn1242	-0.0392320490673454	0.812881694743439	-1.83850429107411	1.65045889751338
rere1240	0.057965764164858	0.635334599128997	-1.24941781494664	1.45033759082681
reye1240	-0.454511533783726	0.880331271928685	-2.64097400926349	0.896836846710925
rikb1245	0.0934332411289423	0.806433404348811	-1.56158460895891	1.99662131965421
roma1326	-0.186888977995343	0.755379407497969	-2.02283945035367	1.18250656833853
romb1245	0.27297514176104	0.7728905419274	-1.08741987892947	2.16665004833008
rong1264	0.0452985144381376	0.768045379579557	-1.55006752472564	1.77166041906415
rong1266	0.298549571000018	0.765513874072271	-1.05152305686489	2.15693608184899
ronn1241	0.139158318893865	0.737216903223748	-1.30258343332481	1.82291397423039
roto1249	-0.234878987061272	0.761642652029384	-2.0819593169758	1.16406296751905
rotu1241	-0.0247123910802332	0.80276359900908	-1.83951212700971	1.64269462450859
rovi1238	-0.254566909870587	0.82282752111543	-2.2827298013869	1.2178412131245
ruch1235	-0.248277575339714	0.805988322374411	-2.18624407441725	1.2683178315813
ruka1240	0.265528695611461	0.744722169348438	-1.09016143591191	2.04397105044187
ruma1248	-0.035316162798121	0.780937499382558	-1.752533076901	1.62907476915016
rung1258	-0.0915788757156204	0.820105369950333	-1.91857464187809	1.55608271549758
russ1263	0.0725282421396308	0.795108731189597	-1.58616373298984	1.87330046435119
russ1264	0.0120236806513365	0.825034369909518	-1.81337510410678	1.78752481124733
saaa1240	0.165292753993935	0.751086773496444	-1.30661751419713	1.90142956299088
saaa1241	0.064197274137709	0.660482739472225	-1.2863501570201	1.51500983383898
saam1283	-0.0403317701069617	0.813199912903212	-1.86720051584063	1.70427805966413
saar1237	0.169065679370908	0.711631119418822	-1.21327274159922	1.82733886900232
saba1268	0.203468843753727	0.775766399421576	-1.20793509114834	2.07371751263236
sabu1255	-0.121059017568477	0.810248443099656	-1.99972221432463	1.49347563478234
saga1262	-0.0303421964573309	0.808741158686217	-1.84225754457407	1.68584673125965
sais1237	0.282273034231546	0.756422216606582	-1.03123697826883	2.10268491655256
saka1289	0.0882800955824229	0.69431927552837	-1.35718668866894	1.65643011508194
saka1291	-0.0372948729299276	0.791957183326418	-1.86639963203395	1.57878503324633
saki1247	0.313613858353566	0.748300526036187	-0.922644460582592	2.17915363305336
saki1248	-0.116410875074068	0.770267120069611	-1.92392731864018	1.41024387995303
samb1305	0.0438473020959965	0.773971435088637	-1.61818893895689	1.75588524293959
samb1311	0.0511644380879642	0.770325469822787	-1.53522474165905	1.72456392968464
samo1305	-0.0293875633652827	0.781717306071977	-1.7446555331765	1.65601651328144
sand1278	-0.134139801228096	0.765920159211861	-1.91700149905844	1.38429681454443
sang1321	0.293498834341716	0.737741007900425	-1.03617397866722	2.09232355689425
sang1330	-0.0505101187892369	0.769206238681332	-1.77091581180264	1.55755763392092
sang1331	0.0774964226849964	0.797243739813316	-1.56378119025937	1.84506674001925
sani1269	-0.305492343779314	0.81768463889214	-2.37976169740454	1.1291908917432
sanj1284	-0.212782433352149	0.79720742968606	-2.16297081065147	1.24801864391543
sanm1289	0.0710379914246912	0.838042328337951	-1.71195148275339	1.9618291642511
sanm1295	-0.239194718715205	0.784248011257867	-2.11630375061667	1.17012600280659
sanm1301	-0.292124482890995	0.807839733496627	-2.26983566834115	1.11515446233723
sant1436	-0.252054633677576	0.764215104135728	-2.08007426007345	1.10319235871252
sant1451	-0.153135874009031	0.776442336766651	-1.92965036010468	1.3390001100898
sanu1240	0.216321597841266	0.806951871711771	-1.19355194397118	2.14163282382673
sapo1253	-0.256452333867944	0.759716962814282	-2.0744235302927	1.09287096300978
sapu1248	0.287484896387005	0.814457441737399	-1.14992477339326	2.26728967167228
sara1327	-0.114814178923091	0.700082731459379	-1.69548595974934	1.27769546970665
sars1236	-0.0736556965754739	0.808591619688443	-1.92177984152607	1.57771865781548
sata1237	-0.0452495450619697	0.794696657363988	-1.84706437221867	1.56222612246346
sauk1252	0.269851054605694	0.716393654412092	-1.03219123981745	1.96930974645456
saur1249	0.020691545032327	0.810399549339089	-1.6649980828344	1.8375281186421
savo1255	-0.086417386077801	0.747104211530299	-1.77461865052898	1.44317669733079
saya1246	0.0931087168058758	0.748996144324701	-1.41986444719332	1.78719537494599
seda1262	0.0154533542385799	0.739995229901799	-1.59686746272331	1.5870926525372
seim1238	-0.0672858496578544	0.79048086279016	-1.85592966285299	1.58163545264301
seke1241	0.0758911368378348	0.672561649736621	-1.27528152022061	1.56034929932078
sela1259	-0.0575594745354502	0.788468283400076	-1.83782715794622	1.56086606809806
sela1260	-0.108760711258948	0.790761280797192	-1.89262415584305	1.48484283380247
selk1253	-2.3787277014334e-05	0.80933895344457	-1.77447230848522	1.71682168330149
sema1265	0.0879977703001509	0.769082927885101	-1.49729036470481	1.74477298862384
sema1266	0.0621695583898349	0.756652525747543	-1.48871811239167	1.75638567383129
seme1247	0.388604748459895	0.835679431938313	-0.926953634537368	2.43933396747965
sene1264	-0.0897063069044208	0.761012476645512	-1.91097499767926	1.44073041577102
seri1257	-0.100929457601164	0.789680512774429	-1.92096955004054	1.45439837080192
seve1240	-0.0439959394690127	0.813230266639187	-1.81682170094651	1.68404792987609
sgaw1245	-0.520974130090804	0.899311595240713	-2.84919519807086	0.786132978892627
shab1252	-0.0961083360865958	0.75767628845118	-1.77127503967922	1.42504268098121
shan1283	0.130947091880282	0.808663373301018	-1.47012833683133	2.03077476674714
shaw1249	-0.053480729382097	0.825401612909797	-1.96864577497018	1.66864270272677
shee1238	-0.0451585333961551	0.826349115199864	-1.88479157321382	1.7306281753961
shil1265	-0.083549186114911	0.795117276046247	-1.90955721892509	1.50816738521873
ship1254	0.173446717462259	0.788548877897564	-1.3248955423684	2.0943737446686
shix1238	-0.2999145091203	0.770808044739974	-2.1682876429276	1.06714020610598
shol1240	0.0407530982187232	0.797899340716228	-1.66495250988214	1.80254781426138
shon1251	0.00235755954149294	0.797073428024411	-1.7375582427751	1.72038954549389
shor1247	0.013276684515875	0.822802318743085	-1.74689096832723	1.79001809426492
shos1248	0.059046787049168	0.798014308472774	-1.6329762710178	1.86650554804792
shua1257	0.099764689593465	0.790246723053611	-1.53767504441354	1.92984263469163
shwe1236	-0.0386898359641816	0.764906145146332	-1.78629825200481	1.55514443135202
siaw1243	-0.288994216531395	0.76791571826102	-2.10151450514678	1.12726758457616
sich1238	-0.23593475746413	0.773341116546177	-2.17172163425663	1.14320794853068
sici1248	-0.123376226099708	0.77923356759316	-1.98084851700429	1.40930382630228
sici1249	-0.123648051631734	0.829359194421052	-2.03054531966853	1.58638495407759
siee1239	-0.101529179071219	0.74002140480279	-1.86767974396884	1.37337563100759
sier1248	-0.293715677654257	0.81717714041455	-2.31513227934326	1.13041695238054
sier1250	-0.251721008577503	0.807979248419337	-2.2062173532949	1.16664678628394
sika1261	0.0266525123530481	0.798537396607664	-1.64409083268513	1.77991092799776
siks1238	-0.0751105396375182	0.784329780615958	-1.8227670643704	1.5417684887382
siku1242	-0.123284701480602	0.767956331399481	-1.91541480362158	1.33973222927188
sile1255	0.176586659604266	0.695128898413007	-1.15437437674722	1.78534433133832
simb1256	-0.200513992512633	0.831542199667919	-2.20205671810766	1.37137151068748
sina1266	0.452264944301918	0.778699026712951	-0.778962808253435	2.33919762461858
sing1264	0.152253614546852	0.700003237337969	-1.21616588589802	1.75016559030878
sioo1240	0.198052026769011	0.711929552002618	-1.17200190625972	1.87169616994145
siri1274	0.0549888116235423	0.765627003486106	-1.5223780322162	1.78735108997652
situ1238	0.197650210444517	0.692968369955689	-1.09416767886137	1.87471527214882
skol1241	0.0197878243933779	0.801898894331327	-1.70562301794754	1.75607781765193
slov1268	0.0702450360778961	0.822624292096959	-1.59404990892606	1.88999693010066
sobe1238	0.0822011160168848	0.807640905971939	-1.61015480617572	1.94894123252615
soch1239	-0.280186840812224	0.825476483741551	-2.27669311665541	1.15782892721891
soga1242	-0.0249569384400849	0.824210079386156	-1.87366636445641	1.7278952869104
soli1239	0.00394330358830379	0.803835066413771	-1.75372246436222	1.74915724519653
sons1242	-0.028050485640011	0.80294677035971	-1.77539612982882	1.6787721089315
sooo1254	-0.0407182591504272	0.780693934019065	-1.77581436970486	1.5884641622073
sout1528	0.116302355949628	0.794815317423945	-1.42537644747187	1.99862993419586
sout1549	0.0275865284003577	0.802609567886658	-1.65290235192446	1.84065973713702
sout2649	0.0714576483280386	0.795992771601622	-1.53907442978417	1.87826125733526
sout2674	0.0123501953028546	0.788942628915275	-1.68387583297449	1.76803896768625
sout2679	0.0625027746914529	0.833513160416278	-1.68768105060572	1.90515195876523
sout2715	0.798664521023522	0.973351316923755	-0.399055910485134	3.21772965927087
sout2728	0.136373167188422	0.734129466335165	-1.27459052601807	1.84916832473033
sout2729	-0.470508017301345	0.830007199090494	-2.52108002064016	0.794506977061862
sout2730	-0.737423493186776	0.970769398824275	-3.22498133548203	0.510592471960757
sout2782	0.0152459986237274	0.752271843209277	-1.59863569000353	1.67574582401759
sout2807	-0.00589187082035625	0.809406010903555	-1.80110817776751	1.75518204479695
sout2857	0.0409032665542508	0.658088328756589	-1.37051705799337	1.47074053143454
sout2859	0.0459867940094429	0.634108539494321	-1.27654348425807	1.40252349569879
sout2869	-0.0155413382395577	0.730225909455719	-1.60252285991313	1.52815243742252
sout2895	-0.111229012458814	0.781531197286688	-1.90507020192978	1.42532361652656
sout2896	-0.234219753812995	0.768868132881228	-2.08702430572303	1.18057062066076
sout2912	0.437295135015519	0.824798853383021	-0.862703995572519	2.53432881432915
sout2918	-0.0793769284592453	0.799957001081327	-1.89525384705525	1.58227802123008
sout2954	0.0678708848029816	0.784613431613917	-1.57915763456914	1.88722471116245
sout2956	-0.31662866120024	0.828228781439569	-2.37472380077833	1.04220933738843
sout2959	-0.0329658390074693	0.805566836082262	-1.81741449754103	1.67876565368161
sout2976	0.393916273089874	0.835991679628487	-0.948311715481283	2.47713674841889
sout2985	0.205081372308814	0.800712675483489	-1.31741952278388	2.12400731049709
sout2994	0.24705257738338	0.806364912469877	-1.16262915073144	2.22334377932029
sout2996	0.0781272344533356	0.794252185727959	-1.52351574496676	1.94256882402715
stan1289	-0.116074869639736	0.772992416910656	-1.95726955738537	1.39988269127546
stan1290	-0.140483173190593	0.767062919471161	-1.86785862166514	1.35070924091913
stan1293	-0.239804641018735	0.798387604844381	-2.15302678800639	1.2434848970912
stan1306	0.122703976405805	0.804345832600709	-1.50500169853191	1.91791043115975
suba1238	-0.0506879788352358	0.809928048437863	-1.89343190731693	1.68729184545819
sude1239	-0.152942181874341	0.800004080400066	-1.99493891191146	1.3797468809412
suku1259	-0.00806039166917217	0.822952292186259	-1.76458669607114	1.7345923214965
sumi1235	0.262237964209629	0.726870474745425	-1.05184359981958	1.97926532588806
sunw1242	0.705068506411774	0.920045873701593	-0.501224878227257	3.01654981764568
supy1237	-0.0643802122806505	0.807501438431268	-1.8227913073184	1.63714694336042
surg1248	-0.358864855324178	0.852666864419128	-2.45868683505682	1.03640766065183
surs1246	-0.021947153626083	0.69671364742893	-1.51319489065336	1.4998220848009
swah1253	-0.0319058667168247	0.794420976129629	-1.77929938042628	1.70640576781071
swed1254	-0.234523430478974	0.774866025808533	-2.14034827738995	1.16270585529905
taba1263	-0.0973437972596417	0.793976184735569	-1.95804232847427	1.48666362288749
taga1272	0.163360165648879	0.704860701273994	-1.17043053464402	1.84556688110317
tagi1241	0.185264203813174	0.760211928144513	-1.30273513021307	1.94991259386879
tago1246	-0.0883496767053187	0.813575228716306	-1.99003713430409	1.53261509609131
tagw1240	-0.0644703763468761	0.797001539664157	-1.8242394348012	1.63308076731086
taha1241	0.504701614087318	0.903206994409146	-0.867645954912318	2.78916441810925
tahi1242	-0.0864841930657971	0.803773064558499	-1.92608783737946	1.54924948763056
taia1239	0.0889932117871835	0.705393134450732	-1.35941459788091	1.66932724158419
taji1246	0.386107344284203	0.824023682882168	-0.938680117707721	2.40271437709791
taku1257	-0.0802351103479208	0.815179195697031	-1.95339516719463	1.55995532878324
tali1259	-0.0124839198961384	0.72960035115377	-1.5764240185737	1.52192608450564
tama1331	0.0819179008857741	0.803735780230301	-1.5266522605486	1.83171377650288
tama1365	0.485938494720732	0.878354410061339	-0.816637312659945	2.7299319458996
tami1289	0.0118395525956513	0.791566523779924	-1.67274140108727	1.7218839554235
tami1290	0.0755066807086246	0.718414947637511	-1.43971997825084	1.66512177416349
tane1237	-0.11035837782344	0.764110566884004	-1.84823656810119	1.35594797555466
tang1336	0.404659288726818	0.79426432651242	-0.87933344521592	2.44637302890789
tang1347	0.166689344608439	0.675852657657847	-1.16472213242337	1.72293852528988
tang1348	-0.047929834987628	0.767591213877292	-1.71620620279339	1.56925121383642
tang1373	-0.0304465384495002	0.754735399066991	-1.64678109566056	1.51667890865122
tang1377	0.0831687554108964	0.783431044474492	-1.50697689433322	1.92335030737991
tara1313	0.494940925194088	0.832881854260348	-0.725360364358131	2.60571109638235
tari1263	-0.229512245624207	0.787954940031158	-2.16695417335165	1.22678094284439
tata1255	0.0190038772164564	0.789930485121194	-1.62927432719149	1.73939247950199
tata1257	0.259796141276517	0.780797003536277	-1.16672319486868	2.18727992180312
tata1258	-0.181841666788305	0.741975552477498	-1.97624840732468	1.25022268146587
taul1251	-0.206825309934579	0.746089855695902	-1.97760807019365	1.18623269322359
taus1251	-0.102870264478863	0.791152663737589	-1.95493290059614	1.49074252490845
taus1253	-0.127108580346788	0.792068180596486	-1.96598810996894	1.40849299667641
tawa1286	-0.385190981912396	0.870068622117686	-2.52863534291596	1.04052646928384
tbol1240	0.10417509623313	0.707291304519997	-1.30139412462455	1.76057550060737
tean1237	-0.111865193671964	0.76266094701449	-1.83802660365789	1.37585855570026
teda1241	0.121027193128259	0.800499572370229	-1.49996557525902	1.99636441580596
tedi1235	0.313537213102203	0.774475704098456	-1.00337559457544	2.19333371423084
tega1236	-0.0888396704462079	0.809017030271197	-1.89652563208026	1.58052433125135
tehu1242	-0.0943231765136885	0.806174888778213	-1.93929637609654	1.52543108562954
teke1275	-0.0237193180521589	0.851939463197942	-1.90985846006246	1.78079349986982
tekt1235	-0.126723779999387	0.772046792553848	-1.95895955124823	1.43548370050521
telu1262	0.0466641969143569	0.761369030193336	-1.56164280153488	1.76175266527258
tema1239	-0.232600937259485	0.79624211060494	-2.20141484344698	1.255951647157
temi1246	0.109686024841143	0.73618541910336	-1.40211859155502	1.85362969634466
temo1245	-0.259689684374021	0.807841811973559	-2.18881135775245	1.22111453727067
temp1235	-0.0769541082365305	0.736263246177936	-1.75399676445803	1.43881742799725
teng1272	-0.0459283151051216	0.77512514669816	-1.84828091585055	1.57613719647433
teop1238	-0.257122433637625	0.74987432723294	-2.08824655135567	1.07899223689413
tera1251	-0.191102627056012	0.779704304974984	-2.08707069777058	1.21341860706786
tere1279	-0.140460951569875	0.831243185075962	-2.12821737783296	1.47362545526319
term1237	-0.115750629371066	0.793735690635632	-1.9787368748808	1.46170038412294
tern1247	-0.0839760023209568	0.791882252858806	-1.86623201946775	1.53135055096216
tete1251	-0.281550110621905	0.813818722660735	-2.27233326354642	1.14799059821124
thad1238	0.441026645816738	0.820275538133596	-0.821523308365398	2.47654536418683
thak1245	0.64994038961787	0.920219405804577	-0.597428969546789	2.96974814718531
than1259	0.619964877464789	0.896024478949665	-0.634203433954514	2.87852215456322
thao1240	0.215156408587069	0.720053559461689	-1.11294936955999	1.91350014615817
thul1246	0.395367536191982	0.79480725649758	-0.883403557870068	2.38052473701171
tibe1272	0.266061420865484	0.791897008728186	-1.12708791839768	2.23236908103663
ticu1245	-0.327049451061489	0.824001642469384	-2.3194104324226	1.07445477298987
tief1242	-0.193142267104673	0.761846889252546	-2.04169643551029	1.23324937273547
tief1244	-0.187700445395324	0.754994096741607	-1.98003394211281	1.22412422466395
tien1242	-0.0210394448591483	0.777916559172453	-1.75680842902138	1.65113567658445
tiga1245	-0.0719339675088915	0.731600613767802	-1.7499980508484	1.45853498497946
tika1246	0.0216484285391174	0.745631275260807	-1.59401632972693	1.63551497348078
tiko1237	-0.0433501177341716	0.81782760262623	-1.91306765214771	1.73218455146833
tilu1238	0.605375534109724	0.870188609768187	-0.604436366996221	2.73673763974468
timn1235	-0.0748966684642626	0.777112907893047	-1.82935887086076	1.56030346375191
timu1262	0.192801999558098	0.761761308190728	-1.33188184234949	1.9678810712537
tiri1258	0.100393964225468	0.710369835744804	-1.35576871825141	1.70884493242637
tiru1241	0.307172441423905	0.752832171989755	-0.977203216244027	2.19962489303814
tita1241	-0.0983276317742962	0.779343678130958	-1.8927829673058	1.45743022903992
toab1237	-0.0302137332513662	0.745239780371027	-1.70327333103431	1.49336451220265
toar1246	-0.0163673100131057	0.727886028629463	-1.6409489953029	1.50018549517571
toba1268	-0.164144914972761	0.806741153899736	-2.09414582468967	1.36891009801471
tobe1252	-0.127432689816759	0.805714126863814	-1.94218649021916	1.49752747608563
toda1252	0.0419400416958053	0.793040767506488	-1.63689322743121	1.8135130635671
toho1245	-0.350118703197244	0.828896325755004	-2.35893426882819	1.05957309538173
tojo1241	-0.0790490459495531	0.774095994512659	-1.78619625013215	1.51948936481129
toke1240	0.561058646667022	0.939900793036001	-0.77877600169376	2.94984043683084
tong1308	-0.0676700212519601	0.810819154456143	-1.93203356243731	1.61755881723952
tong1318	0.00256672759616873	0.812089766657409	-1.69397820590912	1.79425417258704
tong1325	-0.0365624579959187	0.796594320058317	-1.82567212687403	1.67285633356195
toor1238	0.0539442534312982	0.78769671096232	-1.60626967486655	1.84001718425552
tora1259	-0.164360089860684	0.755591073124433	-1.92938257196972	1.27575819817339
tosk1239	0.302928548151952	0.851536631028996	-1.15942160353658	2.3859636912847
tote1238	-0.0351757441876575	0.811992261286302	-1.82005063003118	1.6439063457734
toto1302	-0.0142208425962457	0.735086526975808	-1.60565434630345	1.58671994150143
touo1238	-0.260492264525843	0.826817395497048	-2.26897481594896	1.24794994317334
trin1274	-0.258246936493397	0.812733335410317	-2.26399772968863	1.19528087002797
trio1238	-0.0016841442153026	0.764748503786596	-1.67848154979965	1.60217580623449
trum1247	0.308822754078087	0.801371180773726	-1.04229205398924	2.2736643456965
tsam1247	-0.180064760095736	0.752027773223157	-1.97441598232564	1.25770914644134
tsat1238	-0.0269260085167721	0.828077468621394	-1.8816617524404	1.76205419377996
tsha1245	0.39848269402227	0.803128563694894	-0.887568829210271	2.40702145410076
tsis1238	-0.0814769747783543	0.78489228056547	-1.85228575590829	1.49792133905755
tsix1234	0.245159342461986	0.813197928994292	-1.23625933808482	2.24243357019703
tsog1243	-0.0334046401116598	0.812829787523239	-1.74878037330353	1.70663240754462
tson1249	-0.09714433384498	0.789065763539866	-1.82979923842626	1.52421007046667
tswa1253	-0.0597172322862541	0.80729560131534	-1.8945659209846	1.6367236436275
tswa1255	-0.0617114053357473	0.813273323194108	-1.88680724269629	1.62700122063871
tuba1278	0.360996618565248	0.833944945583788	-0.983095954689141	2.49426218023718
tugu1245	-0.137670198447255	0.825438951325242	-2.07658105498239	1.47814887811166
tuka1248	-0.0894671578625716	0.802645975679137	-1.89242119057013	1.52981029890666
tuki1240	-0.10975905041813	0.783993762744835	-1.96660291878978	1.40480356032042
tula1252	0.0553575951558222	0.714032716860239	-1.41846860686706	1.59625719442706
tulu1258	0.0277544544523513	0.800345005192965	-1.689828573254	1.75431365494389
tuml1238	-0.223958276868896	0.742824509015076	-1.97160560447231	1.16218113394205
tung1290	-0.11918175185397	0.740269705032058	-1.86463737799214	1.33448858920269
tunn1238	0.113666925061032	0.792208053069748	-1.41920150683918	1.95926311866833
turk1303	0.0152694824134249	0.788418202494882	-1.68182070289094	1.71000736530648
turk1304	0.00466084164031719	0.818317359473865	-1.72242472397965	1.81884735285634
tusc1257	-0.0752005485767451	0.818014703068829	-1.89453395981222	1.57821913882814
tutu1241	0.215831025459075	0.678431735158761	-1.08323470730662	1.80051943412103
tuvi1240	0.000246850966691606	0.807592268366346	-1.75042507342065	1.75819760628198
tuwa1243	0.371390898314808	0.715612055427818	-0.768308891080399	2.15991634432384
tuwu1238	0.286243696510725	0.792544822387728	-1.11055050304033	2.20523078631952
ubir1237	-0.059763180996192	0.743183689136437	-1.73792091331329	1.50873486357408
udih1248	0.0193542476477601	0.824052672406143	-1.75339990915477	1.74943617810258
ughe1237	-0.264007710274378	0.82521941595749	-2.26518136068485	1.24265651754584
ugon1239	-0.142619933670481	0.750107336123964	-1.95879053220676	1.31450006395829
ulch1241	0.0735889294416693	0.810572966068128	-1.61119965761186	1.88938934410606
ulit1238	-0.0945178936206083	0.758405209866542	-1.81477994443002	1.40469713190915
umbu1257	0.367999147974388	0.836608979281404	-0.961208897680076	2.42875888963231
umbu1258	0.463956875872744	0.82565016042832	-0.813654699113702	2.42057534499609
umes1235	0.00398001266460115	0.810971423164592	-1.76261098730166	1.81633471016923
unua1237	0.0667718515007105	0.633680253634369	-1.24590936419258	1.4575639998129
uppe1275	-0.359912766681462	0.823906012979722	-2.41790980600421	0.994211756869555
urak1238	-0.0706930583472285	0.821473219770308	-1.91699385205097	1.56694589414486
urar1246	-0.100953304939491	0.782643829187771	-1.8881199272567	1.47696836483923
urav1235	-0.102241952775985	0.74183806127573	-1.86504171123777	1.39173002895493
urim1252	-0.193188381132209	0.745780502183539	-1.94593638562569	1.22319555011956
urip1239	0.175050805448351	0.647989498181114	-1.06211334396297	1.69753459573557
urni1239	-0.00228503887894755	0.792685294221809	-1.76678413242936	1.68367160250871
utes1238	0.324678382065104	0.823769711039129	-1.05304032526298	2.34913201341347
uuuu1243	-0.444661428142138	0.832518350562451	-2.51034024136594	0.83250776667239
vano1237	-0.110307088804369	0.759600559530324	-1.76497705270363	1.37863764948847
veps1250	5.45466700888071e-05	0.81202478366745	-1.74789217064492	1.74912034704329
vera1241	-0.0183222348578306	0.750142697525354	-1.6782099902035	1.62289640378726
viem1243	-0.196321575418656	0.768291427867174	-1.96526013877714	1.26662192874615
viet1252	-0.0902399162502796	0.788774295478467	-1.88687713161625	1.49089092321533
vinm1237	0.0966035210805102	0.632686306778009	-1.18413530039678	1.4947040002512
vunj1238	-0.0493386092523368	0.821555064733798	-1.89312396457313	1.68890652346951
vure1239	-0.0145420054455771	0.75141440456293	-1.67229238294796	1.6478010288926
wadj1254	0.0353941449692814	0.779527940545534	-1.61854029316596	1.76625100692289
wage1238	0.168975149635233	0.795689384436337	-1.38206954405056	2.05280318943351
waig1244	-0.1821866612623	0.801073275636941	-2.08250335256066	1.35227911221526
waim1251	0.0304366633978441	0.741442753821137	-1.62397842213718	1.63465810542411
waim1252	-0.16230225659291	0.800763934927648	-2.01885453746165	1.40773247753889
waim1253	-0.178164047218934	0.766382936820884	-1.98660924904159	1.27445443159871
waiw1244	-0.151917202391383	0.800096029365724	-2.00886479498117	1.38513017811665
waja1259	-0.0119515491971904	0.709060894528436	-1.53011235042157	1.47951335146348
wala1266	0.0516318179652556	0.716859074622697	-1.45175278856728	1.61047245601717
wall1257	-0.0348720790508766	0.770338130378964	-1.73596745667123	1.54069939470718
wamb1257	0.57149088784852	0.859301465457317	-0.655265419915813	2.68742904680853
wand1267	-0.17653397358351	0.773031551337536	-1.95539183575006	1.30164853635674
wand1278	-0.285693800352597	0.786605469369235	-2.26024482157675	1.08224849939317
wang1291	0.0159429140401207	0.824029509134473	-1.76577666964711	1.79008744779272
wanm1242	0.035641899337928	0.789419068751773	-1.62368305004681	1.82124476001916
waor1240	-0.0791405692721998	0.79325936361103	-1.91545295693814	1.53464675402107
wara1294	0.348412481300616	0.858132750507581	-1.08211803135861	2.56737791766829
wara1300	0.436782026920007	0.853928599568293	-0.888442260548212	2.65716559535876
wara1303	-0.089279134645039	0.788363972731505	-1.84583679149802	1.48245541469845
ware1253	0.0581491526987911	0.783029520380868	-1.59904497881755	1.80391652519035
ware1255	-0.212431410607953	0.778953642795685	-2.17112624247437	1.21588254736121
wari1268	-0.179622412443901	0.776519545044945	-2.02999279934419	1.28048452358412
warj1242	-0.171290681459271	0.719327272455614	-1.86096907874086	1.19001313487948
waro1242	0.0214811085772661	0.772510158142594	-1.6409476659076	1.66432818624036
waru1265	0.0345545373465719	0.781115640516486	-1.61382781366698	1.74787811727899
wash1253	0.118679037793882	0.773109540284766	-1.433634184834	1.91561550363006
wawa1246	0.0778300936971513	0.787594894162248	-1.50537618096104	1.82856085076218
waya1269	0.318102723024277	0.813911574663379	-1.07965178200943	2.32410448801222
wayu1241	0.651788989849147	0.883670169901062	-0.541218589610947	2.87029381491318
weda1241	-0.188132087438567	0.750010405522721	-1.92298694260598	1.148310110589
wels1247	-0.106045551061174	0.825115097412056	-1.96505350942809	1.54381973168621
west2354	-0.322401186867903	0.795244952661808	-2.25189565073382	1.01960057418013
west2369	0.0774025977142393	0.772755115515336	-1.47307310360545	1.85129684563092
west2386	0.388297860594995	0.878410872931895	-1.0247836486199	2.55502324557482
west2392	0.0290002510900416	0.803961489410487	-1.72110742004653	1.7441992775738
west2396	-0.344950957474592	0.828644886922483	-2.42993952548552	1.07204009989592
west2397	-0.0348804628400028	0.7849225544906	-1.74265071019472	1.61410577548555
west2415	0.80844931297521	0.976459368593647	-0.372445759761017	3.24285816495033
west2418	0.651387709924845	0.909535068038725	-0.537632419642741	2.98028990303752
west2430	-0.105518459446198	0.818202604057425	-2.01276382397359	1.55699429229195
west2441	0.054999528737618	0.805418648340839	-1.61311380740955	1.8497114217277
west2466	-0.186950353638349	0.790295539680769	-2.09907383558734	1.29448873432121
west2516	-0.0935041818424898	0.764177654158005	-1.85214829701914	1.44211652287605
west2519	-0.138167261753842	0.755843787478019	-1.91410058587286	1.31295907567147
west2548	-0.0818700006609648	0.774960313137847	-1.84477749855878	1.49936721558276
west2557	0.307593965216892	0.798837170316755	-1.10566869946976	2.30134709228825
west2560	0.054393791402206	0.748269418033826	-1.52887258760535	1.69094451130322
west2594	0.0712231859586269	0.766568430133221	-1.48294683203658	1.78596527015813
west2600	-0.0931432577899062	0.830467143729168	-1.97806264850555	1.55538378968136
west2615	-0.0167801676654573	0.78620325439378	-1.73568326935541	1.71129273696486
west2624	-0.234378662019958	0.800031693254576	-2.19857773769883	1.23867738168217
west2632	-0.0194593128116772	0.764969954887027	-1.68775044883043	1.62101823575287
west2635	-0.135978855371595	0.783918080818669	-1.93686559039373	1.42997552796987
west2644	-0.154730364542993	0.74379719567187	-1.95611917580515	1.30374811766642
west2650	-0.0551158952232798	0.797315613782873	-1.80920279584395	1.59678635499849
west2763	-0.0455802692085823	0.766814310912116	-1.75498367950507	1.58082770135932
west2778	0.162612656887433	0.773161549688945	-1.33929988368574	2.00452642079143
whit1269	-0.0307290591463198	0.726704252948483	-1.64640442680182	1.49242180488501
woii1237	-0.106847104584024	0.783995458859687	-1.91490732057946	1.42905715885868
wola1242	0.122853600073755	0.7879352215298	-1.48625479722579	1.97519929693625
wole1240	-0.0280150994385726	0.788499124004383	-1.74959487748831	1.6455271701488
woli1241	-0.110780825671847	0.795814241940166	-1.91587696799749	1.45301444518398
wood1236	-0.0375430871670222	0.795960910812802	-1.79281381477488	1.66488546363902
wotu1240	-0.0989455666439878	0.756127905129252	-1.90266799046047	1.34603936813756
wuch1236	-0.0887168223658879	0.768178763056143	-1.84996534820745	1.45685739659557
wudi1238	-0.263957822520525	0.775724304131339	-2.14507199180126	1.11684132412427
wusa1235	-0.289172670082827	0.775974122564185	-2.18043351314717	1.05891753609945
wutu1241	-0.299115546843552	0.781634962204993	-2.22670767852877	1.05857329664016
wyan1247	-0.0641637466692102	0.808263932152425	-1.89627979066836	1.61961466591876
xamt1239	0.167208609523572	0.782427672632225	-1.34744823247329	1.96362439804656
xara1244	0.0684034073911775	0.718806312892574	-1.45083967897456	1.64749297943369
xava1240	-0.128102447567558	0.776533270045045	-1.93107566904739	1.4334663596967
xish1235	-0.545556729845386	0.879009048538505	-2.76865463972833	0.710588312533433
xokl1240	0.028620064665755	0.79350347489422	-1.5854708708741	1.81439205565917
yaak1241	-0.0742667682750822	0.771661500497138	-1.84823585129432	1.53172654298716
yaey1239	-0.102703373065353	0.774450586993014	-1.90950834982635	1.42649933436345
yagu1244	0.250121695234308	0.814634597195284	-1.20701830106866	2.19390425680169
yaka1269	0.000805937451206782	0.800298428855493	-1.76264748616011	1.7527282174681
yaka1277	0.471168656005415	0.908613319253123	-0.9045207791574	2.84762681979783
yaki1237	-0.33066797977906	0.85401165038565	-2.4219486459409	1.04238973967217
yako1252	-0.0194081347605969	0.792045111544916	-1.76737408740593	1.67727892881501
yaku1245	0.012094790876199	0.772822309455853	-1.66564114402848	1.67200192679147
yala1266	-0.108817169671754	0.785062391041225	-1.93451446967753	1.48671287799235
yale1246	-0.26975711897626	0.763628026588873	-2.10292353248167	1.10901593402655
yama1264	0.0865156217608077	0.804825810701318	-1.5610255004398	1.93114294785377
yami1254	0.564152427273474	0.889254937690181	-0.643650762589378	2.78996660420026
yami1256	0.0374722439281968	0.806306539127984	-1.59232399795441	1.80794716325122
yamp1242	0.57763774270258	0.875419081355733	-0.671995845443679	2.79827943002277
yano1261	0.170504128030706	0.787581409349382	-1.3134046047182	2.03953798977099
yaoo1241	-0.00969422157298998	0.807386769374216	-1.71511263206471	1.70354849354004
yape1248	-0.062606807513283	0.832684491235767	-1.95993262624536	1.62667402070581
yapu1240	-0.230934150623287	0.746351082271015	-1.99676794455115	1.16995111119046
yaqu1251	-0.0136716056998582	0.773915440604717	-1.66895849164125	1.66259671445886
yare1248	0.1658619486455	0.731547803078199	-1.25345069612629	1.90727661483786
yasa1242	-0.119644395984221	0.781565978272095	-1.92194071955853	1.44799947917864
yatz1235	-0.237894407654101	0.796614800788403	-2.21522607030879	1.18674125275179
yaul1241	0.166690117161376	0.707303301847888	-1.23318318075922	1.80077692826544
yaum1237	0.286049824726536	0.724117709677733	-1.00699136800787	2.00592786589933
yawa1260	0.0611830097929584	0.796768810762652	-1.62588956391072	1.8165891081989
yawa1261	0.135939209634542	0.748873172066394	-1.37667959753928	1.78790354367445
yawu1244	0.180087915658346	0.7959178743827	-1.31470072499735	2.01695300914335
yecu1235	-0.275705133493509	0.814986362425209	-2.276085721587	1.1886723741476
yele1255	-0.15944247969366	0.808191891380408	-2.08215614516105	1.42849114795707
yems1235	0.139505136823294	0.761608912799354	-1.36498250016727	1.9324837087607
yinc1238	-0.464862230645585	0.885234992708648	-2.73537265036153	0.892176747796881
yind1247	0.0203139534872681	0.803880745582882	-1.69835262837821	1.7570997339507
yoga1237	0.165421151184385	0.681418541407247	-1.13212665256339	1.77812329303925
yoku1256	0.218104832765303	0.797188700463464	-1.22378997862146	2.19340031829389
yona1241	0.0328168373914991	0.755454067769464	-1.57638636801459	1.66276331417872
yong1280	0.273108096025521	0.793841812099635	-1.12548602105671	2.23279883593061
yora1241	0.0444492396474318	0.810513489680713	-1.67999709806239	1.77636562608659
youl1235	-0.681759850161301	0.954183441133684	-3.12429838768526	0.570625071746815
youn1235	-0.0609834108717595	0.834046372918224	-1.92140172163336	1.71433294135658
yuca1254	-0.0357165950828972	0.773967199220663	-1.77533567019686	1.56075922657129
yuch1247	-0.0801229817024082	0.804114644092208	-1.8812528322834	1.57154339041164
yukp1241	-0.100117669548094	0.785685558360891	-1.89260096897318	1.47580630004282
yulp1239	0.125812622080528	0.821574741845037	-1.53491857820658	2.03171480754368
yuqu1240	-0.209047795427971	0.773638588532051	-2.06765577895113	1.25685309129965
yura1255	-0.21654420286077	0.772732399055337	-2.04786405372374	1.24437501233013
zaba1237	-0.194421649002875	0.827201767094084	-2.17256648439201	1.35475807220407
zaca1241	-0.362287003939947	0.828288500701029	-2.44890394274126	0.977985409455463
zaca1242	-0.137765326024283	0.743954342277158	-1.90871097746579	1.35394833968298
zagh1240	-0.0855814310784527	0.80100039509826	-1.84450653345844	1.58514770060428
zaiw1241	0.00888686476779371	0.72470579385152	-1.51647345543102	1.62769933630078
zamb1245	-0.0151903794371607	0.801962915923786	-1.75520418036584	1.71666838589688
zani1235	-0.163406507310872	0.750754610292483	-1.91085102494499	1.27519425757678
zarm1239	-0.124739975603009	0.840339999022889	-2.04806624733451	1.56569525032807
zaye1235	-0.495811862021566	0.865774156554298	-2.65635764760116	0.816146728248735
zays1235	-0.0216906840451764	0.765240417734417	-1.70879796663716	1.63497493579243
zeme1240	0.206921763079982	0.739303936349355	-1.20601168273144	1.96774648362223
zenz1235	-0.164313426276703	0.742737503642831	-1.95392625378706	1.2371446213923
zoog1238	-0.238242369818439	0.800011597808166	-2.26057910265767	1.18290241973301
zulg1242	-0.195358996103442	0.763200368913048	-1.97391675098153	1.26371782978669
zuni1245	0.0724264028589093	0.769782116006947	-1.51267515557142	1.88127079556345
