Estimate	Est.Error	Q2.5	Q97.5
abar1238	0.619013353179012	1.02945420400807	-1.26774547357574	2.80889649948813
abee1242	-0.0669512396980045	1.49374471790161	-3.077382526912	2.88610321890667
aben1249	-0.348343380320514	1.27861962573529	-3.05927968807628	2.04184532195372
abkh1244	-0.848884699408383	1.44224201165307	-4.04325656312159	1.78797181019809
abua1245	1.77364807489436	1.4315793948109	-0.652323449788744	4.88578721739739
abun1252	-0.335561687713313	1.50001946982614	-3.48156089747218	2.65180315936174
acha1249	-0.0240812851612363	1.53397177432649	-3.25049001330878	3.01338518301165
ache1245	-0.172853081821358	1.47149902240306	-3.28109809250556	2.69390968307954
achi1256	-0.0969602419370914	1.32110342329585	-2.84742912055766	2.51385220577899
achi1257	-0.0928586145900324	1.49377276870181	-3.1925626076375	2.90506761909252
achu1247	-0.104033085910003	1.50667940258728	-3.24896585355198	2.88058473853059
achu1248	-0.117552556538612	1.51735732339649	-3.22627890311795	2.98467807328996
acol1236	-0.195488011479965	1.54269464190521	-3.32502051838977	2.83530815797139
adan1251	-0.366529977050299	1.44368323309953	-3.46819982457395	2.44531331256571
adny1235	-0.0148324289189068	1.50548075367205	-3.02705820827503	3.01727166228126
adon1237	-0.302884574768559	1.46128862748982	-3.50982071139429	2.60587785411266
adze1240	-0.922207273242626	1.37804973637183	-3.91353186706229	1.64570494712137
aeky1238	0.460553854060902	1.37249553671578	-2.22062160667678	3.31671498742571
afar1241	-0.13987244104439	1.34326449044968	-2.91666589225998	2.53403931037862
aghe1239	0.898271131354743	1.05842179121606	-0.961763639353428	3.17929639632255
aghu1255	-0.0965207395981651	1.48368691743794	-3.20317550407897	2.88347936971248
agob1244	-0.454936356651705	1.47291367386515	-3.57464746586468	2.43133586002918
agua1253	-0.0860697396152318	1.48358400293692	-3.20815608486266	2.93411054647808
agut1237	0.0728771463254543	1.4628653114817	-2.8857820612912	3.05243759340656
aheu1239	-0.0660376000740991	1.52390264422598	-3.18911267786605	2.98102688532773
ahin1234	0.281062649865539	1.13906747143968	-1.97678061257543	2.62031834225642
aika1237	0.00205843465017616	1.46699596819078	-3.0899871443895	2.95762528205358
aime1238	-0.0985791166689456	1.4028326377196	-2.95259832616458	2.71656294398617
ainu1240	-0.0250986115679613	1.48853985452429	-3.0388447500545	2.91881984786305
ajab1235	-0.00412170777369031	1.35066695445127	-2.77641497171194	2.62723905730497
ajas1235	-0.107416619256126	1.53691935942445	-3.41840056613509	2.88385881458287
ajie1238	0.433708898093448	1.1557689446331	-1.77270415135723	2.85322940589578
akei1237	1.01559088393934	1.22254409272701	-1.25534240229994	3.61788235014192
akha1245	-0.0654737974963547	1.49450932151372	-3.11872241501652	2.92802435646875
akoo1248	1.18014480983396	1.34456477305519	-1.20439159085474	4.03469921330824
akun1241	-0.00905353947458302	1.49084212330154	-3.06828349771639	2.96649722998886
alab1237	-0.0273216566779159	1.54985095599751	-3.22152175885946	3.10672001751326
alab1254	0.257029099341738	1.16042742156392	-2.03481337008857	2.63845553411834
alag1248	0.33643735816049	1.19659061037766	-2.00074551812249	2.70959753474001
alba1269	-0.215202412632252	1.45108518173955	-3.25092539899724	2.60091766106887
aleu1260	0.00960700861916337	1.53102347485282	-3.10108610409151	3.12400671453021
alor1247	-0.359743671128879	1.42463513991861	-3.36667850022546	2.37289247717959
aluk1238	-0.0482506565650292	1.48223373023326	-3.01903512448858	3.01189022194051
amah1246	-0.106783319777647	1.52014588599508	-3.30698719323548	2.89918538439875
amam1246	-0.738728753955237	1.4641226524402	-3.87960366875946	2.01710360237686
amap1240	0.653050893345788	1.29596639133817	-1.86695742458863	3.39044571256308
amar1272	0.232705202373116	1.36392350442611	-2.46551673867058	3.00988890301271
amar1274	-0.0737232182742449	1.55364388264492	-3.18861064878872	3.02744177811026
amas1236	-0.163532775361156	1.49962421803921	-3.32855735489927	2.76098479746983
amdo1237	0.0191260999816969	1.52981570428113	-3.1507950707617	3.16134398167868
amha1245	1.4789882086795	1.43773950643268	-0.99057375068615	4.67477119943746
amii1238	0.596960044433544	1.38932115994597	-2.07224117416231	3.56504349694014
amis1246	-0.200007928250975	1.42562099816521	-3.21497022964723	2.57436495207394
anei1239	-0.471289214120816	1.39994061326317	-3.45415211073752	2.15565256658715
anfi1235	0.369633367123474	1.46760389285029	-2.45139217130717	3.42506455791838
anga1288	0.257465658426503	1.4809087214439	-2.66541295981708	3.25987859940106
anga1290	-0.873639117480185	1.42763067061842	-3.99406139816222	1.7316011264442
anta1255	-0.807154642259985	1.41054331976537	-3.8207411615452	1.75053711929656
anua1242	0.358802928564542	1.49806616936548	-2.5803703599333	3.45540229356608
anuf1239	0.0934541601234194	1.47507732791334	-2.84410030454275	3.05899319233542
anut1237	0.267694420102325	1.28020258832063	-2.32308541568255	2.83505312514728
anuu1241	0.0268307413978157	1.54670176498681	-3.12224334680845	3.22119886245992
aona1235	0.0786303963157014	1.45900504618322	-2.84162590771091	3.05241747048643
aoua1234	-0.04747123759409	1.56882777687957	-3.23415258829913	3.13449798043593
apat1240	0.0527481950385893	1.49114207595656	-2.9067181589417	3.0261518197263
apin1244	-0.981875523037193	1.40009126611036	-4.0722319809738	1.49551527447752
apma1240	0.0601793166269089	1.1803981931341	-2.30943459028328	2.42054796435258
apma1241	0.0594309743455805	1.3142839508599	-2.64496117289117	2.69342510292945
apur1254	-0.0766827235620329	1.47464788767404	-3.11854471232755	2.91151574058239
arak1252	0.918381769505324	1.1770714515038	-1.28383098690507	3.38793355773008
arao1248	0.00238900851809328	1.53531717585073	-3.18549567653496	3.15153430864241
arap1274	-0.0307294859152111	1.51025443553353	-3.06270158683059	3.02043074762221
araw1273	-0.0542184329415054	1.53534116896095	-3.28707227019498	3.06674647823424
araw1276	0.357473684341874	1.38874473542047	-2.33258309327063	3.23602480847577
arbo1245	0.44996575997481	1.23509245545403	-1.95293874432573	2.96882394199154
arch1244	-0.18651024190532	1.57256716318893	-3.3960035238046	2.94476441472903
area1240	-0.452638885602226	1.2364255644479	-3.08194699998205	1.89173638452218
aree1239	-0.736777835679237	1.28332323496186	-3.48508390035869	1.62844509505189
argo1244	1.55813624984867	1.45612855338088	-0.892571152173586	4.79707212510796
arhu1242	-0.0463360028342969	1.4944989735525	-3.15636414528143	2.9295744376145
arig1246	-1.07366616874983	1.45364389193081	-4.20678971296531	1.45580578330587
arom1237	0.624748794590614	1.5097121884341	-2.15374571259779	3.95831665540705
arop1242	0.789650711280873	1.33073044480463	-1.72611608603674	3.58970909643384
arop1243	-0.593698949126515	1.41047772497156	-3.58086179678209	2.07430449739637
aros1241	0.32958497613736	1.34118384971512	-2.27435704713101	3.11382216557107
arta1239	1.27930016212711	1.2260726878415	-0.845615122183147	3.85018858893024
ashe1272	-0.102602839581332	1.47967582976674	-3.17223386175617	2.84089767479406
asoa1238	-0.0954869301725322	1.48748316323539	-3.09772589994308	2.97196341599763
assi1247	-0.0137352096972559	1.54028284062574	-3.08010797405833	3.16435161641886
asur1254	-0.0824252450629026	1.51935411103849	-3.08873068203726	3.07204643408509
asut1235	0.301845621877355	1.37441516710331	-2.42797250307658	3.08958523189424
atam1240	1.55215209702679	1.38438932437491	-0.886057832920388	4.4770889227337
athp1241	-0.127628156359	1.44339138611443	-3.11588647313318	2.75387527106711
atii1237	1.34994780402833	1.46831274868242	-1.17931049396751	4.58909260687234
aton1241	0.57206831720645	1.46543002766751	-2.31510906062745	3.61131997774842
aulu1238	0.0382345733433522	1.05278584546076	-2.13986500756115	2.11049665321979
auuu1241	1.10341145281109	1.30298923107963	-1.24677310872001	3.91691736166873
auye1238	-0.752534515887134	1.38464234016774	-3.8672684871907	1.81190726324937
avac1239	-0.0131306811533272	1.54331009732096	-3.15468069898533	3.05125884660389
avat1244	0.633977414202949	1.08829402576088	-1.41722449088529	2.95066499167202
avok1242	-0.0711017912663396	1.52918718298732	-3.20928894356497	3.02949441191105
awac1239	-0.111474755850739	1.50614577130998	-3.12749828869208	2.87836886521786
awad1243	-0.26328369191554	1.4477121815338	-3.3495632958821	2.60339598812178
awad1244	-0.808300805304796	1.41158190879628	-3.82532679342145	1.82662678305723
awap1236	-0.853989890355472	1.47980269587972	-4.05172274184673	1.88749459792396
awar1248	-0.912263812018336	1.36387899346008	-3.83198974360184	1.51323794646251
awar1249	-0.299993790578797	1.37811850203453	-3.13779214954239	2.40069053754966
awet1244	-0.0687058320345129	1.47553090714274	-3.10811412161933	2.75745042832464
awtu1239	0.838434107890583	1.27689576086231	-1.48767910687519	3.55355797411469
axam1237	0.0636683877469785	1.05766672121144	-2.09493582872868	2.12444530292439
axiy1235	-0.0304011834390218	1.51651800389235	-3.151827327776	3.0391111378519
ayac1239	-0.0420063586454429	1.50263644369873	-3.19314914160874	2.96856133895922
ayiw1239	-0.205511543411023	1.3991485040925	-3.1876553456274	2.42091406142989
azha1235	-0.0425995948886866	1.50722074939969	-3.1018420464926	2.95776575769411
baba1264	0.8709454717518	1.11478798151638	-1.16057784981958	3.25304850937602
baba1266	1.11245721848196	1.15347583420764	-0.865128579910742	3.62953810737716
baba1268	0.0689696785851392	1.37171188110432	-2.77973371286321	2.81744416781235
babi1235	0.0683905950078224	1.49468225006237	-3.01074325196386	3.10250685025347
bada1257	-0.0441979812928771	1.49513539797379	-2.94574349933148	3.04566752165775
bafa1247	1.21531063718177	1.38725143205491	-1.2366367771421	4.19202340612353
bafi1243	0.375308598818076	1.28909704217175	-2.16165422175566	3.02239959904444
bafu1246	1.09542077197143	1.12172574215702	-0.844154278877036	3.6532518033529
baga1272	0.621040140784085	1.37789776173374	-1.94854933062193	3.50865822322492
baga1273	1.02026791331422	1.4323714993523	-1.50389172453683	4.14876858797523
bagi1246	0.477250348093444	1.31250203045248	-1.96830474402774	3.26874158532806
bagv1239	-0.212267601298776	1.5339454289979	-3.45763405095506	2.78913846043455
baha1259	-0.1110462115133	1.4765087495215	-3.1908056657975	2.80469302926382
bahi1252	-0.244566158444822	1.47786340911096	-3.28939387443544	2.59539619990703
bahn1262	-0.0758070805907504	1.50618067711915	-3.16653597207908	2.94666950243309
baim1244	-0.0496451043065701	1.54514001975583	-3.16849120834987	3.10593187631212
baka1272	0.0551304137802057	1.48412648027978	-2.9799649883111	3.02589733409544
baka1274	-0.0563187565521785	1.53279424354198	-3.20839831888518	3.03222076699613
baki1244	0.343445970714683	1.09778485277167	-1.79403624071344	2.56256349090734
bala1311	0.175467541802091	1.5340603014467	-2.95839912600704	3.28475952891058
bala1315	-0.0751896382315933	1.49946374227175	-3.14207026317951	2.89255108140419
bali1278	-0.0555410392932365	1.50963412856076	-3.12265983391556	2.99054817012498
balo1261	0.290873893662385	1.3023124966468	-2.23208264061972	3.02769046723057
balu1257	-0.391374517502797	1.43846059331009	-3.52317293563014	2.40177357088778
bamb1262	-0.29075485439841	1.39049158533428	-3.10242042993657	2.42799706284704
bamb1269	0.0926170754240814	1.50729437589511	-2.91691874656242	3.13136337854191
bamb1270	-0.0780261328179966	1.51711934424761	-3.12007543020586	2.88747071370821
bamu1253	0.725889141391401	1.20360713580528	-1.46818872467914	3.29096746362793
bamw1238	-0.667754559516482	1.38259389334007	-3.54547203972442	1.957098907787
band1344	-0.202330211550984	1.52003625379389	-3.35013909652136	2.81402571394056
bang1354	0.0870086051367671	1.43168679822913	-2.81564279044171	2.90564590998887
bang1363	0.308315896147693	1.41872126571113	-2.46044291077389	3.20090593113165
bang1369	0.0272186373147548	1.54374099497297	-3.11062305217974	3.06996295808889
bant1281	-0.16135823363296	1.45858464529569	-3.18855110520645	2.75532774443404
bant1288	0.193678318899621	1.46983416077582	-2.76488015322706	3.18076137468191
bara1357	-0.26852053168097	1.46529883591552	-3.31563826561572	2.58806783313105
bara1369	7.15060938121938e-05	1.51937654094759	-3.13751114408139	3.03931626441448
bara1370	-0.147000358215633	1.4917667954192	-3.19631355001717	2.8055116984273
bare1279	0.285655618966269	1.37251080093514	-2.42250344132438	3.05767130267344
bari1286	0.206429389339927	1.37069347713125	-2.48542636837994	3.04117505102099
baro1253	0.0932864530958326	1.1556411634628	-2.24552715088103	2.37252094410084
bash1264	-0.026424845281289	1.50462407777654	-3.165168491156	2.98173043878839
basq1248	-0.0398700404004275	1.50332107978005	-3.10226955760749	2.94269179389667
bata1285	-0.166942301182078	1.47302277802982	-3.23927138042205	2.75647916895411
bata1289	-0.0675965079918689	1.52601212412485	-3.18048484150764	3.04625727229283
bats1242	-0.242381075873888	1.51515939525393	-3.31512332858565	2.7161972760573
baur1253	0.0999954031847424	1.49083356249268	-2.96204053794614	3.12286777201402
bawm1236	0.115579190522892	1.5341847252871	-2.98791275073892	3.27204764913288
bayb1234	-0.205376849887592	1.34008577652741	-3.11075714121837	2.34951000120549
bebe1248	0.00820016488345275	1.44548877527714	-2.90296438738165	2.89113520345611
beem1239	0.130802912134066	1.4284312931331	-2.76784860131272	2.92522337365033
beja1238	0.0118561229730245	1.48265058477787	-2.8588432269377	3.05388999726672
beka1241	-0.111586266776829	1.51514176526777	-3.321291175001	2.88389723230805
bekw1241	-0.0221200650252068	1.4050061454661	-2.89815465099444	2.758042298886
bela1254	-0.180179233874526	1.47429970659889	-3.32826107357135	2.65542515925403
belh1239	-0.132124383899627	1.44566059034142	-3.14173596141186	2.76156154992298
beli1257	-0.0251535662089595	1.51827824023226	-3.04095656856132	3.05441376251
bell1243	1.03909774510304	1.38905684051719	-1.41986756211241	4.02592183353664
belu1239	-0.168562949091349	1.46244267943613	-3.16077702907539	2.68183184337092
bemb1257	-0.0720383829802037	1.49950008028676	-3.19090348013033	2.90760260169835
bena1262	0.185918507867758	1.41945080064958	-2.64227097795991	3.09270044538933
benc1235	0.587312125779583	1.43969625873494	-2.16844640128898	3.62314292362476
beng1282	-0.118444460719707	1.46768602228489	-3.11386403350924	2.84380159629614
bent1238	0.617113080080154	1.38994773151675	-2.02860182692023	3.59813793500019
bert1248	-0.749776506200419	1.41543706507448	-3.81279634482797	1.9492157893708
bezh1248	-0.227096551086742	1.52889654422362	-3.43016534450189	2.7224599913314
bhoj1244	-0.370917303974341	1.46500208018853	-3.46734575118049	2.46818235109339
biaf1240	0.242344964053763	1.39094173266354	-2.48588067757448	3.04292980790544
bian1252	-0.834773608474932	1.41307400568886	-3.8805229025692	1.77587916920188
biao1253	-0.0712798116870011	1.53080853990193	-3.24467337573557	3.0025749631349
biao1254	-0.0459765505205442	1.48013791474349	-3.02940549787129	2.97618507402977
biao1256	-0.0553924348755483	1.53544964287021	-3.15146690357497	3.00774094964868
biat1246	-0.122596838232417	1.52325208098642	-3.23920549065126	2.89865179253749
bidy1244	0.134121739005324	1.43248399224704	-2.75813597587809	2.91871380900754
bier1244	0.328824568720838	1.0920227995256	-1.79929635988011	2.53194022245648
bign1238	0.226828379762439	1.13613197336931	-2.06163756602337	2.54026833883877
biha1246	-0.0987251219082814	1.48325158098641	-3.24317439122289	2.81496814118825
bila1255	-0.159189905847161	1.45612671027757	-3.15840585264682	2.62823644607671
bili1260	-0.376699835704912	1.38792077267989	-3.26917847462261	2.22781056940871
bimi1240	0.998146252739919	1.30424604007876	-1.37833972281147	3.77392481609485
bina1277	-0.492739191321795	1.43655259632639	-3.50323354243691	2.19192453811123
bini1246	-1.1900571640525	1.4534340648096	-4.50719614390542	1.35377567084231
binu1244	1.77434515279031	1.34251053015674	-0.477387340520268	4.6792029155665
bira1253	1.14596043402146	1.28978912339334	-1.1531100212008	3.98359928620029
birr1240	-0.0980948401541098	1.51892896219027	-3.22814174783788	2.98404948004007
bisu1244	-0.0262994915872817	1.52634358956157	-3.07736984594166	3.06250211259625
bitt1240	-0.084825377094818	1.50496607557219	-3.209711594082	2.86242798628082
biwa1243	0.244397087208762	1.30069508437812	-2.3221228045006	2.91440524152452
blab1237	-0.297124309937675	1.16367970798836	-2.72102099363851	1.94114888089611
blan1242	-0.0578850964375899	1.49911052319561	-3.11606934605342	2.88599221789351
bobo1255	-0.11479508982248	1.49563894428823	-3.2814945813242	2.87251868665207
bodo1267	-0.0728232183674935	1.51662862269468	-3.12967981083171	3.01436976238072
bodo1269	0.557235775488725	1.48205542933379	-2.28780891907609	3.67816876445901
boht1238	-0.276067210610454	1.47011464950588	-3.30115677632613	2.54408768759054
boka1249	-0.134336588468958	1.54852019438326	-3.31066441179227	3.00858212622313
bola1250	0.962670329337115	1.42611813241807	-1.59122651168829	3.98381965265906
bolg1251	0.0872513588550372	1.45910579369757	-2.88790922560168	3.01749396813267
bolo1262	0.413777153571686	1.2834637716281	-1.99563636212957	3.1967105206848
boly1239	-0.0380999751477955	1.52475781382647	-3.27746199769303	2.91016010702223
bomk1234	0.549343889109213	1.4202063698526	-2.23035183784082	3.52644127524341
bona1250	-0.0228635419663712	1.50700103744546	-3.09334009379286	2.99167410659664
bond1245	-0.111434917117132	1.47860354179947	-3.20803501723398	2.78377777115805
bond1247	0.194457425467759	1.44262671643936	-2.72994368370717	3.19008615360108
bong1284	0.024253270385774	1.46687359585421	-2.92316662995654	2.98849893297174
bong1285	-0.061692446703916	1.48548326703898	-3.10185597446592	2.85219144781906
bong1289	-0.0263088238798353	1.50268812368796	-3.17777811035977	2.95140861459113
bora1263	0.154884810073244	1.51594929645608	-2.87255375422608	3.27258336231212
bori1243	-0.072432485559712	1.53280172111929	-3.17580879538457	2.97759526863384
boro1277	-1.03721381645985	1.40888330945462	-4.09701405591979	1.55148634427417
boro1282	-0.0307979588780875	1.51298087565403	-3.06615060752945	2.96293780345823
boto1242	-0.370692649076435	1.31197659817699	-3.08936079944858	2.09770842428837
boun1243	0.0756716795653339	1.47616220875259	-2.92272224479973	3.07985201976691
boun1245	-0.414683724089457	1.39480769395331	-3.42324573722637	2.22973695795296
brah1256	0.196627540566046	1.5062736224892	-2.81189178288109	3.25486486443452
bret1244	-0.192187600417324	1.40164969552292	-3.11746447768222	2.5352336506655
brib1243	-0.0914521557657329	1.50545325417222	-3.24068689770282	2.91837261964297
bube1242	-0.693309425174963	1.29999091265307	-3.46258576849806	1.71177873815458
bubi1250	0.64170821171716	1.37036686922895	-1.79337085800843	3.71696046500285
budu1248	-0.136392680722778	1.552716145261	-3.24804020125027	2.9362919866542
budz1238	-0.0177268027086111	1.52271616464662	-3.02372358133088	3.08609781148914
buga1247	-0.0592863989521192	1.51100590194549	-3.10245015708176	2.89850991000889
buga1250	-0.698684766043978	1.3742777624879	-3.75776147665121	1.86320211451204
bugh1239	0.00563801409069251	1.20242358733118	-2.42599012575491	2.43694502163842
bugi1244	-0.116349245611296	1.53719566495801	-3.30850244058228	2.86642365402197
bugl1243	-0.0428311144101494	1.54106511950595	-3.2423632687078	3.07941246412552
bujh1238	-0.355211248597913	1.42587239654353	-3.45056855013819	2.38500013721456
buka1257	-0.111140993424288	1.48472184902211	-3.20234125070259	2.83829307674212
buku1249	-0.580412893013147	1.51488719800425	-3.78929499572515	2.16486316251571
bull1247	1.9531094798735	1.61037633280976	-0.722514124293911	5.44809967097177
bulo1242	-0.0786880839350689	1.54243748657633	-3.20604709397287	3.01318486831015
bulu1251	0.16717338765953	1.39808557888197	-2.66124528658793	3.0222286652767
bumt1240	0.0901951778765711	1.49995995565898	-2.89871458874783	3.19518390922137
buna1276	-0.51514402686716	1.40894612191147	-3.56041227439575	2.18784291270603
bund1253	-0.199672679005094	1.45905955641621	-3.30375775670233	2.70923268279896
buol1237	-0.117797726527868	1.45287803891377	-3.09342276359028	2.76912443795406
bura1292	-1.0777062502278	1.3826893255325	-4.0680999054532	1.42420949860081
bure1242	1.02893254802301	1.23881842089203	-1.2253872335225	3.63481362330216
burj1242	1.53896428058239	1.40662082915815	-0.839003291156517	4.58617625167817
burm1264	-0.440393346925889	1.43792949779591	-3.4789980849587	2.28394821972008
buru1296	-0.0761195094382515	1.49964929366279	-3.10661596625276	2.96223893161333
buru1320	0.115824174206715	1.21568445068788	-2.28734040585553	2.55080231714523
busa1253	-0.406112940491338	1.41020659598772	-3.33137763637314	2.30486794672369
bush1247	-0.0720928013599011	1.48638247977511	-3.10563348820779	2.88341853324382
buwa1243	-2.21213711555579	1.43190190670836	-5.40295833533234	0.14899786574861
bwai1242	-0.714272385918406	1.27902209986855	-3.54184431455935	1.58134409827399
bwat1240	0.680280438011322	1.15924955040047	-1.53359508046571	3.11944936029759
byan1241	-0.0411848453475515	1.53449797246609	-3.14522649467051	3.06061851751025
caac1237	2.38806233713056	1.51881522923178	-0.144791887037573	5.7060244670878
cabe1245	-0.129724251823583	1.50719325997489	-3.2700579004104	2.85025411776719
cacu1241	0.159463321271411	1.36607353603249	-2.53405898943889	2.95371492383639
cahu1264	-0.00896956670071434	1.47827122159776	-3.01211612500566	2.96899766596298
cakf1236	-1.2055768236078	1.40505960885573	-4.22537678249446	1.26159470537275
cald1236	-0.125282397620517	1.52283967745211	-3.37210711328804	2.97128211655793
caml1239	-0.194122237350621	1.47959922274805	-3.26806770928577	2.70573064629536
camp1261	0.113592290487278	1.43954335986203	-2.72518200865471	3.05121996872448
cams1241	-0.113284529723583	1.46265873412541	-3.15582339495384	2.84451541447255
cane1242	-0.141453478340288	1.50296782695205	-3.23454225901501	2.85488768288603
caom1238	-0.0365619103882657	1.51216950748364	-3.08806227262387	3.04736933190252
capa1241	-0.0863862885869661	1.48363562043312	-3.23792967084407	2.84529917185408
carn1240	-0.027609888497173	1.50204007667484	-3.13055165817448	3.02432463170731
caro1242	-0.039187049990174	1.49291575558736	-3.12252920016755	2.99225411939006
cash1251	-0.111589859821221	1.52741972735822	-3.31023328627639	2.95333604167603
casi1235	1.03303338883643	1.21337974255161	-1.12379629366394	3.54749045201543
cavi1250	0.219162500968832	1.45225376989416	-2.70020359734511	3.18833255992522
cayu1262	0.305933806446189	1.44214049598305	-2.44845249355528	3.34069100209312
cemu1238	1.50599392209763	1.2729899535643	-0.69121125375701	4.2656953804058
cent1989	-0.0260571763801909	1.49972062481718	-3.09413809507949	3.03877186233029
cent1990	-0.0408143476101089	1.5350875476947	-3.07515782689629	3.06068858794564
cent1992	-0.0855639913950795	1.5230713174571	-3.28886721906042	2.91483359262865
cent2004	-0.0257144537976423	1.52377982591701	-3.00614601666914	3.10506850819057
cent2050	-0.660500754159345	1.45177724194629	-3.77897148476846	2.12848112523263
cent2084	0.812767787922904	1.34114952169183	-1.65633291242607	3.63145946620782
cent2087	-0.15975764448124	1.47390432596515	-3.27826085276447	2.72288032187595
cent2090	0.0202624395864449	1.46449116901309	-2.97793248018643	2.90767490065296
cent2100	-0.0835841127937169	1.39675477527867	-2.94052698256777	2.65692918266515
cent2126	0.00937780484010757	1.57986638587368	-3.21418127841905	3.13763550146206
cent2127	-0.0301225750960495	1.54800143558835	-3.30047434755986	3.06049567919591
cent2131	-0.249382194095838	1.44977227377572	-3.29344128070808	2.53731513789126
cent2140	-0.10645229909767	1.51486099409315	-3.22595675577893	2.82054678200664
cent2142	-0.0019662458447626	1.52199237173674	-3.08441681509176	3.05248063270554
cent2150	0.0053578238641997	1.47841071528471	-3.0518261522613	3.05265634111452
cent2292	0.192134427719002	1.08695072978353	-1.98508022974293	2.46395121430437
cent2314	-0.0248555314638235	1.52721492676956	-3.1087192899586	3.09685385799866
cent2322	-0.0050122275257614	1.53790668945293	-3.05675194322859	3.10337881127288
chac1249	-0.117631815442096	1.50860452767639	-3.29783736956503	2.96323524092354
chac1251	0.0424182234256354	1.49182372288527	-3.05409294472952	3.04081092404097
chad1249	-0.210957035420692	1.44412206960212	-3.27665276130602	2.60297560854912
chak1270	0.0187273110744733	1.56310647114992	-3.07937177510883	3.17720673322354
chak1271	0.175106805899816	1.45330489670123	-2.72898212348417	3.12696084881765
chal1275	-0.280562474544018	1.37774200642613	-3.02549470029128	2.51090425973138
cham1309	-0.210591121162321	1.53665790531672	-3.37454667845555	2.86415431529589
cham1312	-0.054344258068471	1.48484260905082	-3.22582616232634	2.93282705046954
cham1315	0.420465863482709	1.34569535465515	-2.11123930290129	3.29240727824534
chan1313	0.0106596562889977	1.52163317327109	-3.0509724867279	3.13024405594634
char1269	0.578495824099969	1.41284791955256	-2.07873313564627	3.56973237688689
chas1234	-0.00341718960759323	1.56050095863456	-3.16054585478994	3.16193451786158
chec1245	-0.142495905890288	1.53334486237869	-3.3335827662305	3.00397476117163
chek1238	-0.17416960750386	1.18381984351552	-2.5856534205822	2.19549876193123
chen1255	-0.0716232518733585	1.53927275113074	-3.23946267359048	3.01382276613662
chep1245	-0.383824065063768	1.43080102546532	-3.4758140698791	2.35639991750826
cher1273	-0.0230877844403728	1.5169097640296	-3.13037118720242	2.96523388209242
chey1247	-0.0353199689776171	1.44819997431765	-3.0001030107018	2.87229179588667
chhi1245	-0.144348071675356	1.44440000795886	-3.1639664517036	2.72540538275455
chic1270	-0.0447098819354122	1.47999751165188	-3.03502530280122	2.96425101831568
chil1280	0.0953286172005508	1.46192893466686	-2.88250309105361	3.06931413812191
chim1302	-0.0953641344449122	1.5199736607993	-3.18223695616183	2.92357332282239
chim1309	-0.0521120836552078	1.49484266698656	-3.17767790878813	2.9307460975672
chim1312	1.02511182566507	1.36384121581716	-1.3531105161345	3.98453901392272
chin1286	-0.0177958892540609	1.51191959530469	-3.13089059515143	3.01357518668668
chip1241	-0.0265781728321835	1.4993960427634	-3.07337705922425	3.03266852130869
chip1261	-0.0318836148429251	1.51201890525922	-3.13514454929443	3.00986883336358
chiq1248	0.482844106055019	1.41940416812233	-2.23104923596822	3.5842456899133
chir1283	0.173282889825657	1.49106560748222	-2.85380017026741	3.24040333116632
choc1275	0.128652078495948	1.49692348308973	-2.7896097882436	3.20490446449743
choc1276	-0.0595668078821402	1.46847382091139	-3.02931213837135	2.86640397444193
chon1284	-0.0298415382498366	1.54435791019703	-3.16079365736405	3.17664307494595
chot1239	0.226552789317223	1.48984134617195	-2.74773125752633	3.3097349562351
chra1242	-0.0474830801899454	1.53993893870439	-3.23724669563325	3.04001294001057
chug1252	0.162374026551488	1.50245878632688	-2.92472163899458	3.24894611926691
chuj1250	1.17464390971945	1.35229233274429	-1.18841548783344	4.1442104521273
chuk1273	-0.0333631084419805	1.57838933707798	-3.20328410000435	3.20788949335774
chuu1238	-0.054141240772345	1.47347376285347	-2.99457283595536	2.89704455024682
chuv1255	-0.0222810230221265	1.54836413587015	-3.11679499946239	3.06199837940093
chuw1238	-0.0608585733772925	1.49593324432719	-3.11948154101932	2.87957660425148
cici1237	0.399039731447028	1.2775684651636	-1.99388370645295	3.10845895752639
coat1243	-0.0124119968273386	1.44133390158312	-2.9193019417902	2.91516543083259
coca1259	-0.0413050566496521	1.53943195718792	-3.21266913547318	3.12686938831895
coeu1236	-0.0654592762375148	1.51621572144174	-3.16567737827108	2.96725376291954
cofa1242	-0.119727156949627	1.46367370355639	-3.12245072331775	2.85050587147698
cogu1240	-0.0503034102217024	1.48028206861769	-3.06086220515233	3.01429828449159
colo1256	-0.0997504698161606	1.53874497820412	-3.27684031566381	3.08658044347636
colu1241	-0.00905234201462482	1.45977803166537	-2.93524018365212	2.91414121306311
como1259	1.00522300297182	1.39888990353171	-1.5254953463098	4.10885946235413
cong1236	-0.0579751255422432	1.52692205373011	-3.22513454619863	2.97749016559115
copa1237	0.607410109453636	1.28535999086557	-1.78857114955552	3.31520400654758
cors1241	0.169104218129259	1.45745961923245	-2.71041824133807	3.21318131506011
cosa1234	-0.0867978227247427	1.50574650565581	-3.18442818060574	2.96160857354942
cota1241	1.27148227050532	1.32314575065585	-1.15738209455456	4.03840959849047
cree1270	-0.0381981758469217	1.5313294194736	-3.24254164801654	3.02085291670163
crim1257	0.0102767696469691	1.52795680103445	-3.17107803150299	3.10784277428615
cros1244	-0.261696446571049	1.4192621381004	-3.16903101646292	2.47824471221614
crow1244	-0.015750378611412	1.48377977729694	-3.0114491874316	2.98822539195997
cube1242	0.0779362567538131	1.45708287794528	-2.85236307750968	3.10063777231754
culi1244	-0.0783138986564363	1.50478378237551	-3.11864505188932	2.82006302532362
cusc1236	-0.0327098828917951	1.52022003779562	-3.15812653721623	3.0707330889525
cypr1248	-0.0582437790732386	1.48061082065185	-3.08409246081739	2.84998686660156
czec1258	-0.195263265037948	1.41761218964566	-3.16160651798475	2.54043334408905
daai1236	-0.024040310354293	1.57512646736224	-3.25911700800509	3.06468971735182
daas1238	-0.258026688814027	1.34492886384712	-3.09879237306297	2.27759880346858
dadi1250	-0.647008727361124	1.45629034239029	-3.8239394091378	2.1326620258524
dagb1246	0.156968475216237	1.47957024466342	-2.86574186707797	3.19983997943055
daka1243	0.0992964847004362	1.0872870811066	-2.1416050301964	2.22088696745613
damp1237	-0.115937962416781	1.47052994287298	-3.27036753036165	2.71267894859965
dana1252	-0.0456841372439244	1.55007614572782	-3.15354616743449	3.0685801814351
dand1238	-0.0794925785259848	1.50233656846147	-3.24207016222424	2.89360751663794
dani1285	0.129218689512782	1.47110168963073	-2.67854012954394	3.1468123310219
dara1250	-0.368500130960947	1.42617917392202	-3.47800597736309	2.38748211015859
darg1241	-0.156810788206846	1.55837824679838	-3.37880096924252	2.97768799591258
darm1243	-0.0438279974846071	1.52595423449864	-3.06499157788047	3.05380915843978
daur1238	-0.00116340952554489	1.49406389232361	-2.97519481399696	3.04902984655801
dawr1236	0.57937663958541	1.35436607536926	-2.08964917602727	3.36604275445547
daza1242	-0.0363980665863341	1.5181013222125	-3.10305504345847	3.01763448851434
dege1246	-0.985682243801279	1.43813157893094	-4.07459438003369	1.59721708347303
dehu1237	-0.374023480551346	1.41419856784743	-3.28845363972161	2.39164688061535
dera1248	-1.05254113892633	1.37368007408467	-4.06333447342868	1.41480745726003
desa1247	0.211907018540354	1.35004934786951	-2.45546964231974	2.95675469815992
dhao1237	-0.385004576208657	1.43069504454689	-3.46458582444665	2.34219260232464
dhim1246	-0.0322546940409598	1.51143764257094	-3.15168626015523	3.09537646999354
dhuw1249	-0.0277004158367595	1.58792438420706	-3.23879399840514	3.17158857848467
dibo1245	0.00990705994570706	1.40851492495078	-2.83372078992034	2.82713032628021
dido1241	-0.229505609603695	1.51102890563913	-3.43504746591231	2.74956197316989
diga1241	-0.141412240958002	1.50844944125533	-3.2800651533132	2.91811765030783
digo1243	0.264718569035419	1.42016949141743	-2.57828045050177	3.13879428080927
dima1251	0.534284222787775	1.47687604598838	-2.21023215177618	3.70592954172564
diri1252	-0.0286032668816343	1.51191363768907	-3.024706356738	2.96931571961463
djam1255	0.169233693894301	1.50576672765469	-2.764311923519	3.2499341630482
djee1236	0.0188157852286221	1.49611543661079	-3.10880284860611	3.06598089755665
djeo1235	0.02107995349391	1.48776534779409	-2.96435604258529	3.06390409794517
djin1251	-0.0490772533759195	1.50220149092545	-3.1509210452512	2.92833738910775
dobe1238	-0.19075067375519	1.49601803488613	-3.16599201253766	2.77567329869131
dobu1241	-0.6357678630049	1.30822653415049	-3.49746974924548	1.7944751210581
domm1246	-0.727831836157885	1.45100205163217	-3.91626957120393	2.01958007002443
dong1285	-0.0339062469957248	1.52589340856746	-3.14623456175741	3.0064533871826
doro1266	-0.534960387415638	1.41814393601654	-3.62384928738192	2.15263560732785
drun1238	-0.0742300613233452	1.52296229160926	-3.15090863799201	2.9916621308069
dual1243	0.758008144396662	1.35442104601566	-1.69376441311962	3.57014778721251
dumb1241	-0.576298439083161	1.32151091931682	-3.45679415948307	1.8101723939603
dumi1241	-0.187588167724241	1.48596804236093	-3.23254161740227	2.77076422571134
dupa1235	0.793524401147268	1.33318285123204	-1.64110022179053	3.69119185838781
duru1236	-0.0898096629183364	1.52287483790916	-3.29129359323255	2.96212100541624
dusn1237	-0.729137612296734	1.33865372698164	-3.62644418113472	1.69774818822053
dutc1256	0.152824143826452	1.44936469237886	-2.66553091396108	3.09174908486518
dyul1238	0.160113005553253	1.10474923911935	-2.08102738636871	2.36476385781733
dzao1238	-0.0565923545762444	1.47704861382649	-3.06197841573926	2.89574673830019
dzon1239	0.0492104008095483	1.53318403003685	-3.05341200601446	3.1955630152358
east1236	-0.0757180526833171	1.48869282046104	-3.11033110147456	2.8788638535449
east2328	-0.0195896274817224	1.52950213746159	-3.12789902441952	3.0593216120151
east2332	-0.0629805739679185	1.51823650340535	-3.25305885701294	2.86516442688411
east2342	-0.0577807863131702	1.47814569642207	-2.99260418425178	2.95357475667928
east2443	0.274798128464328	1.12495918529302	-2.05118364265784	2.46617300726803
east2447	-0.34422190505145	1.39683028775988	-3.29019662722337	2.29678251198734
east2485	-0.177122144665823	1.49093501734245	-3.29888130962075	2.81789189360849
east2516	-0.452764785383515	1.44271399237014	-3.51623942711938	2.25815978385967
east2555	0.0655799483619002	1.5147098886203	-2.9589490915282	3.12779505675724
east2556	-0.687694775745768	1.42146538090847	-3.74109233525741	1.99752358125499
east2690	-0.149096629572032	1.48182645281201	-3.20000392785211	2.61444234981626
east2694	1.55359627861505	1.3395959869552	-0.812192103426935	4.452320691527
east2773	-0.281214828178016	1.49883988002001	-3.39961972094781	2.57139125218875
east2782	0.185895875464431	1.43737584374665	-2.68826188280997	3.16505894215261
egaa1242	-0.0749056320027527	1.48410938009608	-3.0822519810776	2.92516514098863
egyp1253	-0.298136466599218	1.45790163135613	-3.46950267300031	2.58792388601369
eipo1242	-0.0694630843052959	1.47078413888792	-3.1149543563688	2.86309631556893
ekar1243	-0.723067672464768	1.38490265603723	-3.69738267385632	1.83137783578371
elip1238	0.291031887935503	1.32701440875719	-2.37977544435025	2.97248488557777
elna1235	-0.237401909068786	1.48988656238851	-3.37819506803011	2.57133412841091
emae1237	0.116803492076306	1.13774714890946	-2.08112674257261	2.42008785723368
emai1241	-1.28660336412506	1.40300100899214	-4.34319612518459	1.10536346829988
embe1260	-0.0349254556770381	1.52592096510397	-3.17478846821865	3.02406861453001
embe1262	-0.0372079487035403	1.47565649586797	-3.02862811069324	2.92378824177427
enap1235	-0.00468531867652181	1.50814024308126	-3.03937149635294	3.13754494528928
enuu1235	-0.0764553338007055	1.50719783784292	-3.07086332243742	3.01950855838702
epen1239	-0.0491814975360105	1.50761253728019	-3.1215252217795	2.97785159007936
ersu1241	-0.0638294093162266	1.5342614468733	-3.22803836466883	2.99624072116096
erzy1239	-0.0696414335991483	1.53042415672276	-3.1894526450066	3.02673224138435
esan1238	-1.33813237299525	1.42538404432151	-4.51241753782817	1.1113467696841
esee1248	-0.0177948913507617	1.49045722225106	-3.06206437674836	2.9688000037853
esim1238	0.769683630656209	1.11314623268087	-1.21768393453167	3.17781401857264
esto1258	-0.0218128548099982	1.50777169884342	-3.09460657461022	3.02300941319231
eton1253	0.229929263702013	1.36050693111197	-2.53670002012899	2.93727288546799
even1259	0.0113605729793054	1.48247490853595	-2.96088986565772	3.1209064188092
even1260	-0.0182936190508445	1.55489383063076	-3.23465136078737	3.07832256787178
ewee1241	-0.138880750398374	1.16993037962896	-2.52560311666571	2.20092541641157
fala1243	0.561479152673145	1.48890267693059	-2.18916291802686	3.75190105150666
fare1241	0.50797448101207	1.33329115008677	-1.9422250947269	3.36078439144746
faro1244	0.138650249799279	1.43611770113167	-2.65886762560018	3.1143492166688
fass1245	0.35530125169535	1.31625163312049	-2.24162957424463	3.06132803606176
fasu1242	-0.301503735845559	1.42229239584693	-3.31647731331794	2.45112999768412
fefe1239	1.05976894594572	1.29361100081031	-1.24241153879595	3.83398764807497
fiji1243	-0.0634699018410821	1.52856002387038	-3.25646701747316	3.01292569966812
fili1244	-0.196994456189456	1.31742646317435	-2.93019256032107	2.35515971359828
fina1242	0.355938973812259	1.07276172628701	-1.72560284360837	2.60072359804545
finn1318	-0.0085047265987074	1.51182960939345	-3.10554221541839	3.03675093349647
fonn1241	0.020822967407794	1.359858432227	-2.75539924980056	2.70983551583473
fore1265	0.00757261564896922	1.54286751778605	-3.16212687918881	3.27181229972311
fuln1247	-0.0368312933637904	1.53995827760968	-3.20393089426563	3.1214239363959
furr1244	-0.133756382682604	1.53157220334679	-3.24140260065812	2.87453989228605
furu1242	-0.545450306016678	1.45850826663462	-3.62185806113827	2.17427279703128
futu1245	-0.35682570455386	1.46129174528534	-3.48150222160327	2.42941092768578
fuyu1242	-0.600305241510257	1.45254145969213	-3.67654354677179	2.08676880316386
gaaa1244	0.00410925017087941	1.4500871245664	-2.9639076432357	2.96016970008936
gaan1243	-1.48098475979059	1.43132529805011	-4.64152683869382	0.922644222008725
gade1242	-0.525284501806043	1.49941503871393	-3.64570619315502	2.35151394236716
gaga1249	0.0375075106246526	1.49217774997045	-3.04790327210865	3.07560835161248
gahr1239	-0.057284622945486	1.51444426347793	-3.16348828574202	3.01812828580888
gala1264	0.429468735898776	1.20981874396547	-1.93488183913291	2.9141000963127
gale1259	-0.129352936684121	1.48754472550073	-3.18624386568949	2.75918495790385
gali1258	0.113317236765975	1.43933046863791	-2.79722078332741	3.09590301740797
gali1262	0.330544012960762	1.39075952507884	-2.41340317684787	3.20705682789941
galo1242	-0.162959651720878	1.50277721598755	-3.39502201941961	2.77231480651558
gami1243	-0.0736497174715882	1.54127627238421	-3.22392746590816	3.13130976200166
gamo1243	1.26862251410675	1.39590517694872	-1.16396109222225	4.33896368915717
gand1255	-0.380310258177567	1.50729137389707	-3.53913861708159	2.52653725317868
gang1266	0.248149045653133	1.49088944815903	-2.69297412077284	3.35125196891695
gant1244	-0.63014110031785	1.39131170156901	-3.52676988178153	1.96596730267533
gapa1238	-0.735209507265129	1.29536857983378	-3.51639158812138	1.61286753604501
garo1247	0.492304931349764	1.46509607269042	-2.41134069013905	3.54152866773664
gayo1244	-0.0912451754799219	1.4753697240138	-3.12821662432476	2.85435943800899
gbay1288	-0.101841797043696	1.52418216398953	-3.27239511553936	2.94923864705447
geba1237	-0.0299135907094074	1.51511318853948	-3.08334439431783	2.96787655680845
gela1263	0.156219879263683	1.21897902372188	-2.26185247514381	2.62863139342958
ghad1239	-0.209767408157473	1.41526460365845	-3.25557036516449	2.45138239306076
ghan1242	0.252704202351647	1.33638713777654	-2.46661633772268	2.98671204908117
ghar1239	0.454556129007947	1.30906179595304	-2.02968959752922	3.28914101795965
gheg1238	1.59357727601201	1.48252282754567	-0.927815265147801	4.81826631801903
ghod1238	-0.182664609198578	1.54870867474297	-3.48162552927223	2.98765054101375
ghom1257	-0.24101880451114	1.41049103639612	-3.2020759237662	2.49987117039329
gida1247	-2.44314232203214	1.47575939972724	-5.6072625643548	0.0315817445190466
giiw1236	0.844836865929417	1.213069142741	-1.4127550458143	3.4004953231585
gilb1244	-0.0471319206175946	1.50751399132521	-3.12216206792568	2.95085721320993
gily1242	-0.0337371809548312	1.50488776036105	-3.12418671342072	2.99043940946575
gira1247	-0.799462081012382	1.42054833120479	-3.82574609711907	1.81292486382518
glav1244	-1.35498755872391	1.33504299343292	-4.27895886015314	0.926676214392838
gobu1238	-0.481415223373605	1.48321800589265	-3.65506218495365	2.37952847198741
goem1240	-1.68816974566979	1.4584170920701	-4.87691686869269	0.78593159528864
gofa1235	0.846245035230166	1.37517224559385	-1.81027416616314	3.80250401852106
gogo1265	-0.607187668462771	1.37068184795216	-3.63248174495671	1.94603106500558
gola1255	0.0208216090691359	1.43265163138603	-2.90663011044323	2.93012733436004
guah1255	0.0670577422742871	1.51592913235584	-3.05705477932321	3.109258444334
guan1266	-0.119859450427364	1.49310416429286	-3.30425398508912	2.83262874162912
guan1269	0.139616753233799	1.39173132601371	-2.60185132200651	2.94415843225462
gube1234	0.253885840380429	1.39731729601002	-2.42142932374943	3.06797188077991
gude1246	-2.20728116812663	1.49827941306991	-5.53127926712528	0.248440064729379
guer1243	0.585517410897912	1.35200927040903	-1.96692529191837	3.48956850640485
guhu1244	-0.661023924523357	1.44249694408136	-3.7444970737576	2.08354176436148
guiq1238	-0.107847724330747	1.53514690651901	-3.31943955741263	2.96715081113935
gulf1241	-0.124287542007731	1.48588891150038	-3.19460489636322	2.84982116629606
guma1254	-0.579106162314296	1.31750187797954	-3.4279765108082	1.96590533377358
gumu1244	-0.725505559154313	1.4978328762302	-3.91511123563069	2.05407252974677
gunw1252	0.138014837150631	1.48867717889789	-2.78858245105433	3.19476244672024
guny1241	-0.0233736767403624	1.56374987820163	-3.17284839193353	3.19814431838331
gura1251	-0.838807082136942	1.39842694569725	-3.86146364823567	1.70153445895783
guro1248	-0.0684275993267718	1.54654947470366	-3.23348487916248	3.10547845083826
guru1261	-0.254778219598975	1.48460737089914	-3.43713770025393	2.58821414397545
guru1271	-0.0826262758740122	1.24724891395455	-2.66116867520593	2.37275692450679
gusi1247	-0.647171226630924	1.48213810696096	-3.84744357959764	2.18635620728914
gwen1239	0.355679211671763	1.39341865283955	-2.40465435438704	3.21357865435207
gyel1242	-0.0719793730322959	1.50613173155606	-3.20502804689264	2.91651936519771
haaa1252	-0.0806477698863998	1.53762238490002	-3.29026253422622	2.90573445130893
hadi1240	0.338339430240091	1.11641507748258	-1.80502721254062	2.59598869389538
hadz1240	0.614528244180778	1.31536767798873	-1.85812261872914	3.33313783263862
haka1240	0.190247739198617	1.53693668543371	-2.88493569428119	3.32135112640868
hakk1236	-0.0145652828943867	1.52290167340205	-3.12712809586353	2.98957529030221
halh1238	0.00176608612127556	1.48319664610578	-2.9880425736996	3.00156519365242
hali1244	2.50622748937592	1.38206119430822	0.119991211475341	5.49091367673334
halk1245	0.0335520129302142	1.30980314856342	-2.62462478471152	2.71889919159957
hame1242	0.274651283943869	1.24940490616504	-2.22609403774393	2.73490394756061
hang1263	1.87602640643402	1.40904677001934	-0.528586937666973	4.9353209128345
hani1248	-0.066649253533157	1.49489888966155	-3.16543924043556	2.93482505605735
haro1237	-0.0662927920193116	1.48925199213762	-3.00380149954807	3.01071213707139
haru1245	-0.366272619817857	1.3461059680476	-3.19441060124631	2.22399982769179
hass1238	-0.235000426181055	1.41757809072091	-3.26939664817335	2.51595003404943
haus1257	0.913669151882533	1.4293214971477	-1.67561841578576	4.00801363146526
hawa1245	-0.321538543589719	1.41756537677485	-3.31902720066665	2.31739969059218
hebr1245	-0.118871220793678	1.48954086917179	-3.25523661112092	2.72435746537436
hehe1240	0.151660821945967	1.44310309084508	-2.73798619280152	3.02941243503757
heil1246	0.778841049110718	1.47302093770902	-2.00436685197561	3.85238750555433
hela1238	-0.295686585308662	1.47858419671557	-3.38132986251078	2.52915668934346
here1253	-0.0787050044000184	1.52280896119127	-3.13558140148332	2.91638878029723
hida1246	-0.0348626480451802	1.50568682200204	-3.1036146997902	2.98563804860217
high1278	-0.612608905604807	1.4486882743876	-3.72015269811438	2.13877396704277
hind1269	-0.177409933850382	1.43226328090514	-3.18004115413438	2.55777436676707
hixk1239	-0.0261718453277255	1.53312634494123	-3.17227660245776	2.99093240645813
hoaa1235	-0.127865534530679	1.47095174422004	-3.102556790207	2.77835984589519
hoav1238	-0.240591678231484	1.06990525702063	-2.46534713253441	1.80638044045947
holo1240	-0.0726526166995029	1.51239353996705	-3.16738032324666	2.8708036691086
hone1235	-0.456396592795383	1.28209809257844	-3.15818886105082	1.98621043221636
honi1244	-0.0612961167096303	1.50800742076221	-3.12152482513166	2.97848760199983
hooo1248	-0.101604159770126	1.48880618418016	-3.13851920425146	2.91744908259567
hopi1249	-0.292450359733967	1.38518479618542	-3.21031694959683	2.4308749284578
horp1239	-0.0890633510152614	1.52646770726228	-3.24343901090788	2.8974858851529
hote1245	-0.854199017071888	1.39430988025698	-3.92507212437111	1.72536675514428
hozo1236	0.0423776422572667	1.37769580756507	-2.67212273828402	2.88122286171009
hrus1242	0.168858571675448	1.48838968860005	-2.85967343776426	3.32473574066791
huaa1248	-0.138183212084314	1.4846437358945	-3.21619354182167	2.77665064514073
hual1241	-0.123513942955171	1.49217809614334	-3.20546627119681	2.8332290740717
huam1247	-0.122383054035228	1.50471532193322	-3.1785302839145	2.86227679480504
huar1255	-0.225992747544591	1.46543252303353	-3.20529036702506	2.68606068338732
huas1242	-0.379711450532793	1.49326731235139	-3.46729192172914	2.65544369887846
huba1236	-1.92020043721474	1.47663970949116	-5.17983045713214	0.516005371316138
huic1243	-0.177232887621535	1.5028984228792	-3.35224232970224	2.75508751753486
hula1239	-0.45251037637249	1.4595478508538	-3.56378177703436	2.29876342885742
hula1244	-0.119852287177377	1.52985354224877	-3.2892224247947	2.81772226853928
huli1244	0.172600598324101	1.37795408597214	-2.58669257347346	3.00986351667115
humb1243	0.348553499917679	1.51546037125416	-2.53347747805213	3.5752191942385
hung1274	-0.262644779658578	1.45126923920475	-3.24994688711508	2.55537757973802
hung1275	-0.0328754333297638	1.52098992044483	-3.05925146656213	3.03186097764243
hunz1247	-0.227389466448562	1.5394839076899	-3.42768101507247	2.76842942364357
hupd1244	0.14939372535303	1.38785605074429	-2.6075887428602	3.00996400766714
huuu1240	-0.0906563119447827	1.47304493673841	-3.08815592271523	2.82366107026586
hyam1245	-0.285369874727234	1.43919732392114	-3.32512519261561	2.50974215445017
iaai1238	-0.169931565309999	1.30723854541842	-2.91994147676497	2.35148071071401
iama1237	-0.660801502261553	1.28349439722772	-3.45659971685874	1.72355494217425
iatm1242	0.94703279197274	1.33683197748699	-1.55226627267853	3.80698630646456
ibal1244	0.0561415618724297	1.1534751220944	-2.24368148805714	2.37859226564411
iban1264	-0.0922341623033342	1.4895296785887	-3.25023513971367	2.79452853374529
iban1267	0.851856719345892	1.30502163003989	-1.53370742542062	3.62340479981174
ibat1238	0.370285914462377	1.44493466864966	-2.42011914224458	3.39227565426906
ibib1240	-0.661528103889728	1.38345346791208	-3.58230231019728	1.89586698038772
icel1247	0.0976303692911495	1.50826533095399	-2.84610861423761	3.27924629695428
idii1243	-0.481661665861433	1.39669340664105	-3.37754354315582	2.17662892986798
idom1241	-0.660235009507324	1.51921855218902	-4.02934500770411	2.13885760964512
idum1241	-0.154529033124446	1.50246457542914	-3.28857760264851	2.8383792159689
idun1242	-0.681583887506136	1.28287480588338	-3.42987271591302	1.6763524898653
ikkk1242	-0.313151723071068	1.49998185001668	-3.44973421270568	2.61971616328003
ilaa1246	-0.0608962667409989	1.5249456014817	-3.28262077119098	2.94206807050823
iliu1237	-0.312677533666728	1.51103349146362	-3.48094064720646	2.69017013309084
ilon1239	1.24225709852097	1.22930562091229	-0.929992022100504	3.84594449509291
imba1240	-0.127772874929298	1.49057228138835	-3.1535237225644	2.82638686126911
indo1316	-0.0567860333489547	1.48719148740978	-3.09561850896163	2.90354841242285
ingr1248	-0.0101713915673597	1.58651334051147	-3.26813001874093	3.13864184327192
ingu1240	-0.19667659390532	1.52695593599327	-3.34707980053877	2.8240658068604
iran1262	0.491313941743483	1.43230185467662	-2.27253575786726	3.48568292187699
iraq1241	0.811121943030328	1.25448613361328	-1.52075734694595	3.47950630409174
irar1238	-0.683549903823206	1.35307725630588	-3.60362916625994	1.74891623153498
iray1237	-0.0851626190741124	1.49314486785393	-3.11808915281413	2.85735646859487
iris1253	0.111675778758629	1.48950555731138	-2.694644434594	3.26775698233745
irul1243	-0.00253768540101407	1.55750792067187	-3.11052192014857	3.16721983783785
isco1239	-0.111982848016224	1.5366458983356	-3.27503551073922	2.95284693887255
isin1239	0.59961953509073	1.15201140518713	-1.53938255321798	2.98276686719999
isir1237	-0.373878326756817	1.44616354308549	-3.45183289141004	2.35516102023449
isna1241	0.710759137359255	1.36887620299439	-1.86227899746874	3.58592319912281
isth1240	-0.149541692637643	1.50457662654251	-3.27268849855359	2.94227156116138
isth1241	-0.146208952877312	1.49407886781947	-3.22216677933846	2.75635721691259
ital1282	0.144444889644977	1.47257091133088	-2.80158822334125	3.21856855525875
iton1250	0.0907380229794058	1.51113957502549	-2.9896910359819	3.16902767047677
itza1241	-0.0257015708648692	1.48680914278502	-3.07982075832818	2.98603610563954
iumi1238	-0.065857590381825	1.48946694090236	-3.18282727827893	2.94125829807668
ivat1242	-0.0337312834735127	1.48789266628294	-3.09356187578209	2.90376406786724
iwai1244	0.240477334039778	1.50304590383973	-2.71240065283918	3.30582149293049
iwal1237	-0.805352886326576	1.40072687665647	-3.830660521805	1.79933681302546
iwam1256	0.82418630567528	1.31447638069724	-1.65561412897037	3.57112984915614
iyoo1238	-0.854844286167973	1.41222945783445	-3.86619420685611	1.79977936191314
jahh1242	-0.0534382993109518	1.46115108449583	-3.03358935902877	2.86228883550682
jalk1242	0.200081366748179	1.24490547459859	-2.24581622646319	2.69197242511796
jama1261	-0.0478840032598787	1.51107038777527	-3.11693425724243	3.03021228817121
jamb1236	-0.054324413192062	1.48753155895189	-3.07116496311056	2.98294374592439
jams1239	0.608867338885602	1.36625659843245	-1.91136198606225	3.62038838931682
japh1234	-0.130983599998925	1.47738089892856	-3.242105662253	2.81848668644905
jaqa1244	-0.0667319513380769	1.52166757104768	-3.28929896523239	2.95647356268346
jara1266	-0.0846720078456318	1.49653941911359	-3.12297873279172	2.91665359619547
java1254	-0.0767655878989156	1.50411931384639	-3.19591130132851	2.88982868051052
jede1239	-0.0340329147607904	1.50902131070716	-3.1351823153415	2.96426614372479
jeha1242	-0.0381930744461416	1.49108860107992	-3.06472824510868	2.9261293297929
jenn1240	-0.042565190813724	1.47720752913266	-3.01543011022255	2.95197619871598
jeru1240	-0.271857948982356	1.47309185039473	-3.31292311563522	2.58624069766798
jiba1237	-1.32203983939765	1.34273590354296	-4.28928624422886	0.9803307399138
jina1244	0.480927552780862	1.28060534961404	-1.93669038667298	3.20789587324321
jita1239	-1.03344883108833	1.34446097448411	-3.94598246609981	1.38485606428242
juan1238	-0.169586710914651	1.47290319520421	-3.24153959681902	2.74892197714279
juho1239	-0.0602097452287245	1.49251182431326	-3.16427013011451	2.89435696094566
jurm1239	-0.0178196789239587	1.53121177099931	-3.10778741302715	3.13735553062609
kaba1278	-0.31331571201486	1.49464949379839	-3.51947569040993	2.60005587023296
kaba1281	-0.157108790144476	1.55875302603252	-3.36669459451455	2.9576957714872
kaby1243	-0.23821096416488	1.45660271827516	-3.3164615595244	2.56692252509341
kach1280	-0.0291421499071095	1.52837672513209	-3.06720586911714	3.03180148892372
kach1284	1.07819920316633	1.33962736293419	-1.42516341218978	4.05181833131762
kada1242	-0.0359000098487425	1.51701344623935	-3.02232184471472	3.05882463109815
kado1242	-0.0548108630654747	1.49886458158035	-3.11329391036243	2.89983793617308
kafa1242	0.574880004100794	1.40734953098188	-2.12240972192069	3.56150802884917
kaga1256	0.130242542479104	1.46665084034332	-2.88835347868553	3.08015755826526
kagf1238	0.565547781208261	1.3048330264597	-1.84000743783552	3.39889430743442
kagu1239	0.32176785737064	1.38949459654886	-2.35653695839609	3.18304835837599
kaik1246	-0.182660202550332	1.46154926544637	-3.27505693095642	2.76368124437404
kaki1249	-0.68851983765459	1.45899234673955	-3.82682552559254	2.04781174224369
kala1384	-0.0539396330182331	1.48608511650463	-3.09342117849015	2.9665448001703
kala1388	1.9824764740669	1.40926184148127	-0.4224900670501	5.05839787216838
kala1399	-0.0102848655309952	1.53399079704657	-3.12481954268472	3.09887482298581
kali1308	-0.0543808599740673	1.53014696771703	-3.16125122687777	2.93236188806435
kalm1243	-0.0345861368739493	1.50416056060397	-3.06187836137191	3.00248108270378
kamb1297	0.334368398085431	1.46330839834565	-2.55394754311471	3.35572536072815
kamb1299	-0.42615019570788	1.36418504995525	-3.29476555946446	2.19564639559159
kamb1316	0.249390800612927	1.13288777623161	-2.00177301638657	2.50576051311369
kamm1249	-1.29874138577272	1.49799392888938	-4.61232278700142	1.21263408394868
kamu1260	-0.34765059347075	1.40926031793749	-3.26233436518749	2.34753632406523
kana1286	-0.215218522498442	1.41114855472239	-3.17154713616408	2.50261674727831
kana1291	0.124546890485902	1.50269562563964	-2.90070307451084	3.17752216190042
kani1286	-0.844891843853305	1.47606866208629	-4.00802101704471	1.89461823045174
kank1243	0.0309331218240327	1.1353306050828	-2.22658245725804	2.2541587294255
kaon1241	-0.0754743431509701	1.51739854425606	-3.2623793411803	2.90748516842326
kapi1249	-0.316163137779785	1.42323740604367	-3.42842719057214	2.42597581546651
kara1482	-0.138562732889894	1.59126939219329	-3.41295168083286	3.05409006172602
kara1486	0.0634499664995928	1.25431700667424	-2.4084187647144	2.57407214406842
kara1487	0.306874322914869	1.10571838025582	-1.88728950362807	2.5604800063111
kara1500	-0.0416283605920559	1.54255243466647	-3.20556331648875	3.07713290389706
kare1335	-0.00266088989292139	1.55709565688797	-3.14070085484374	3.121611385125
kare1338	-0.391685573732317	1.51457736595987	-3.53190061105174	2.53085063347661
kari1306	-0.0995009155799658	1.47777995939293	-3.13294656057131	2.82930552228828
kari1311	-0.0713485293416335	1.48511381321879	-3.16385766952185	2.83169520181967
karn1252	-0.283077538862426	1.41666635451682	-3.21735860957948	2.52901072103115
karo1304	-0.0303347758544958	1.5043234882443	-3.07675746546683	3.05991098939049
kash1277	-0.252991723038375	1.46786191831296	-3.38368964344423	2.50969818774486
kask1239	-0.0189966725131812	1.51368831679515	-3.09823566000076	3.0403185805011
katb1237	0.0347659134125405	1.06774533947643	-2.18425787962529	2.11220794453375
kats1235	-0.024965287308084	1.54986316099796	-3.30146445965223	3.1266955818108
kava1241	-0.169248614445415	1.4781236582068	-3.27165384861787	2.67545454496225
kaya1315	-0.040166720133207	1.4978130269353	-3.12069528166184	2.95876582937611
keap1239	-0.44187387268632	1.44590811955294	-3.53565532858375	2.3349768115521
keda1252	-0.323119178022574	1.41671480277426	-3.27721095817881	2.42380312527534
keig1242	-0.189631064875416	1.54049451762715	-3.39425599108015	2.80242232649981
kele1255	-0.0670579673009729	1.46547502934575	-3.12717237054938	2.88991158528845
kele1258	-0.435645363324135	1.38391316845465	-3.42653967485668	2.20014314522006
kele1259	0.341506650065679	1.08208005519977	-1.75859534050298	2.55939638196744
kemb1249	-0.119702272085066	1.4797657590718	-3.26456687852585	2.80920111569386
keme1240	0.161142996375608	1.05937787105685	-1.94030417773318	2.32854414985192
keng1240	0.0842880820887348	1.44913964362699	-2.86866089981724	3.03201822298925
kens1248	-0.0425455683385812	1.4916199332071	-3.02565713714026	3.0027987604424
kenu1236	-0.508226306118701	1.4666699117594	-3.53432281224328	2.31441487664956
keoo1238	-0.289287058944001	1.46105817468118	-3.36749077867663	2.5379686937768
kera1248	0.351801097052254	1.38653772294824	-2.27803886152253	3.30374704761295
kera1255	-0.853105336820937	1.25870343607998	-3.45122560825362	1.53613731000982
keri1250	-0.0737074876289117	1.50877100012095	-3.1826930261203	2.92041584052684
kesa1244	-0.842019568519557	1.46030883693047	-3.96682097243071	1.89619722278862
kett1243	-0.0190189144394017	1.53584973922969	-3.1039478415123	3.16809322936371
kgal1244	-0.104871988926055	1.47487962593957	-3.11065311618512	2.85526809678534
khak1248	-0.00700039610715514	1.52791685891934	-3.09118583482489	3.18435559612181
khal1275	-0.091905558432864	1.48558792504824	-3.0850630136794	2.93339480461075
kham1282	0.00241018972193271	1.53964958626672	-3.05484887436302	3.09851163188353
khan1274	-0.0653421146367847	1.52485771321212	-3.12764861533153	2.97255724444939
khan1277	0.171425603787881	1.47226624365052	-2.82790234899974	3.15141912903246
khan1278	-1.06334522425293	1.36003589297752	-4.02310347263296	1.32728511027595
khar1287	-0.100636646415544	1.53484230481373	-3.33784911945956	2.99654588166183
khar1288	0.261635820667355	1.49873874198322	-2.69870048309973	3.32374241902032
khas1269	1.11082327372919	1.42513225769094	-1.36139048653001	4.31952268205467
khez1235	0.163716070284276	1.47327358335814	-2.78389716368597	3.16054628248546
khin1240	-0.161220355824329	1.54790457877807	-3.34111729178852	2.88189391658283
khmu1256	-0.0780592028014156	1.54098648633638	-3.33945188122907	2.9840216941457
khum1248	0.182124974271974	1.53341320145534	-2.94021758261632	3.26034191354467
khva1239	-0.220601658368033	1.51957509726688	-3.45804011543922	2.73690200210079
kich1262	0.374742598735823	1.4439110749739	-2.45738486054159	3.26830559035162
kiku1240	-0.177613038123897	1.42539897608399	-3.18062375302767	2.65657837235136
kile1243	-0.00645965350747943	1.51511217494458	-3.12786960932253	3.05377402420927
kili1267	-0.276009665820046	1.41887257674873	-3.24596479419181	2.62277836913547
kima1246	-0.27552550821	1.44190220702724	-3.2572542381021	2.50206418740703
kimm1245	-0.0678964014823633	1.5155347018699	-3.22218541762202	2.97222724478857
kimm1246	-0.12476956338253	1.38183052898479	-2.90171162707163	2.63658251737036
kina1250	1.7775390642791	1.58246052837618	-0.859614749375174	5.35355935731484
kinn1249	-0.0601744361931302	1.50082662171829	-3.15090529788914	3.01838667030481
kiow1266	-0.0506679071976418	1.54013830843504	-3.22994758766888	3.04302539740683
kips1239	-0.51172628211114	1.49231478216298	-3.7278494520648	2.3911207192053
koda1255	-0.0463101614004144	1.52182334951222	-3.15306810492038	3.03079229874755
koho1244	-0.0714206779332716	1.513664833158	-3.228866353361	3.00670035535084
koir1240	0.221882007087245	1.50483332747979	-2.80604269601878	3.2994639560766
koit1244	-0.513502652067356	1.45465235188019	-3.60052555675217	2.26832321321175
koka1244	-0.0408080044570066	1.54241641549095	-3.2067952377336	3.11345080549355
koko1269	-0.300127574926164	1.17698147842949	-2.74496989724694	1.97413589933095
kola1285	-0.263598040234411	1.50410385432152	-3.30023035170925	2.69311917876256
kolc1235	0.417310828576682	1.35183884057825	-2.1290005439907	3.26269275191853
komb1274	-0.0383530081955699	1.48509778976202	-3.0861597938373	2.92798575460618
komc1235	0.907828980993791	1.07737432804026	-1.0179155612593	3.2407205083681
komi1268	-0.0129732908962054	1.5398663189416	-3.0725254392201	3.06655928331481
komi1269	-0.0405880546644089	1.50717283494612	-3.18733134976201	2.90001230988694
komi1270	0.181652798489716	1.48657870540651	-2.81008627645055	3.22476254136163
komo1260	-0.0596056885242769	1.51414374771097	-3.17363614313588	3.00151683038344
kona1242	0.785385058960714	1.31126137912125	-1.62515541209745	3.52727926238102
konk1267	-0.180415579100518	1.42559679401138	-3.23021569388247	2.58860852764237
kons1243	1.81757304964783	1.37240416718001	-0.532081645649361	4.78179780949419
kony1248	-0.00843935326861121	1.53923434826379	-3.17977108704487	3.08283114084317
konz1239	-0.220461040372962	1.49643242170053	-3.37164326488598	2.77815511398981
koon1244	0.482739615155038	1.36793580375792	-2.0146746033451	3.47834530988814
koor1239	1.64336274976379	1.39496163993492	-0.724682401684976	4.74363024970186
kore1280	-0.000872071614871519	1.50209862797544	-3.09204208118982	2.99972862311196
koro1298	0.618729451759972	1.32969873633153	-1.8179819481162	3.49894017616653
koro1313	1.75112829348032	1.39525459771925	-0.607483514157876	4.82787474800484
korr1238	-0.0330819555508862	1.49405424470287	-3.06349611123856	2.97821764675176
kosa1249	-0.172425545812779	1.49960401065352	-3.32252622332048	2.87129370245277
kosr1238	-0.0553132127977412	1.48282771557081	-3.07064049670821	2.97963835491852
kota1263	-0.0489666044493067	1.48654860298576	-3.07442240031697	3.00272282151271
koti1238	-0.0596042179485543	1.51841610789665	-3.17939569994909	2.91427256128872
kove1237	0.96542064079606	1.40821944132996	-1.60028633992023	3.96420294165215
koya1251	-0.0429922450694318	1.54159965613943	-3.19650954386964	3.03953521552168
koyr1240	0.162094040912939	1.47505116930871	-2.82733726026716	3.18682788166067
koyr1242	0.0283958691464002	1.51404350076349	-2.99457977711924	3.10072152953339
koys1242	-1.41808921954885	1.44874424932908	-4.57195710038755	1.05588294461549
kryt1240	-0.151472879810694	1.55497442768716	-3.35966281467422	2.96987740459997
kuan1247	0.353205158638072	1.39459125891877	-2.35215851787093	3.34898472120583
kuan1248	0.0663981020443196	1.2855092870885	-2.58086335107653	2.56984832647696
kuii1252	-0.106180656313855	1.50400067412241	-3.2181220514218	2.929466654941
kuik1246	-0.0674417038328054	1.47164546086797	-3.16031867575827	2.77559905777011
kuku1273	-0.0103934688975935	1.52518353563826	-3.15713225742094	3.03992285521434
kuku1280	-0.000121064366703612	1.5747693646985	-3.18759442937998	3.19791803577418
kulo1237	-0.211713754099204	1.43520111463501	-3.27219845764321	2.58781632549021
kulu1253	-0.0966974398066425	1.4961185627885	-3.15458159115786	2.90861960153625
kuma1276	2.51982781836535	1.59440331122524	-0.130231495521122	5.8567866872952
kuma1280	-0.744347424310268	1.4631333559435	-3.96571793752694	2.02115778684367
kumb1268	-0.352901875594788	1.44146637310444	-3.40018972133332	2.41613953932405
kumz1235	-0.195007054833774	1.45216261176216	-3.20483589346351	2.58771519408232
kuna1268	-0.259769670767832	1.49813009976191	-3.40221172789434	2.62899544048367
kunb1251	0.0652765170065891	1.49160701393766	-2.95210413868518	3.07854660118751
kuni1267	-0.714221957915791	1.44997786591663	-3.80311210366382	2.00138940719773
kunj1245	-0.00328503063481932	1.54125815543158	-3.09817077575609	3.13310346966822
kuot1243	0.156229120555396	1.14928954620549	-2.18256958696261	2.43240015693673
kurr1243	-0.0149032235613258	1.55952154655822	-3.1636779699226	3.2074729097198
kusa1251	-0.242828579774466	1.09460933003069	-2.52823550311032	1.85718151874018
kusu1250	-0.220389509922797	1.44943515964037	-3.27703422482748	2.55247569621501
kute1248	-0.113204142398435	1.20739230455895	-2.59515034265151	2.27923654196823
kute1249	-0.0860161045317848	1.50546158458959	-3.15103831149948	2.92702159243482
kuvi1243	-0.100706957623171	1.49725135303832	-3.22013321572532	2.82209731386318
kuyy1240	-0.0574758049630526	1.46915029226422	-3.04230802403262	2.90269778098327
kwai1243	-0.487555876911042	1.21292644865397	-3.02260090310986	1.79461494275479
kwam1249	-0.0528646846352689	1.37845094493943	-2.79214018574554	2.75468738972914
kwam1252	-0.436651461934407	1.43468205590678	-3.51619661982245	2.23920194710796
kwar1239	-0.456722359600392	1.19337045162922	-3.04642773455292	1.80263714349731
kwaz1243	-0.0184852017473395	1.51580027456102	-3.1744211282142	2.90608548892417
kweg1241	0.254024911142499	1.34344872544548	-2.37866913943287	2.93359221735663
kwin1241	-0.0308792724884025	1.54892686235959	-3.1525452927726	3.10722159761867
kwom1262	1.6710407011342	1.3564262714422	-0.70115261603138	4.58418814399496
kxoe1243	0.376418943940356	1.45216007548549	-2.37242846831327	3.4235144510241
kyer1238	-0.264852650626434	1.46717819593271	-3.28562434157155	2.59427554275573
laal1242	0.889491651323746	1.44029691818934	-1.70861694695881	4.01184587672663
labe1239	0.347308380243654	1.31631381289348	-2.36210013467195	2.99569809300784
labo1244	0.0294576185536224	1.08811982495375	-2.21562924519328	2.21741557843067
labu1248	-0.879551112702725	1.3532908880491	-3.84928480569685	1.5075960661222
labu1249	0.247436134028024	1.41133755017109	-2.56516807081593	3.23041535374215
lach1248	-0.0720313045425024	1.50064475492147	-3.13198334540932	2.96936530077803
lagw1237	0.769287557861478	1.33036073193377	-1.65607159406363	3.67031658488623
lahu1252	-0.0659277796067742	1.49451721128687	-3.11093004709385	2.93564905729238
lahu1253	-0.0415956730150519	1.51003496072196	-3.10788708233379	3.0135402393266
laiy1246	-0.111435924381377	1.51786153870224	-3.30119534594115	2.85331439023157
lakk1252	-0.185667167169308	1.56514685022122	-3.39812831900314	2.87415901371583
lala1264	-0.0517545339540374	1.490152704624	-3.15070393572915	2.88748365065076
lala1268	-0.559173908516944	1.46741516586276	-3.71362709625127	2.22878990507653
lama1277	-0.286222939128891	1.47427715387478	-3.39518509375364	2.60086999331821
lamb1269	-0.2398845887468	1.47175303829542	-3.30709325466874	2.60559789512094
lamb1273	-0.247880069461974	1.44791246581107	-3.23042292693637	2.62568592335799
lame1260	0.303134506937012	1.08944848003323	-1.82763431562446	2.53476339776104
lamk1238	0.20914867061103	1.50253337428212	-2.79398543845966	3.27375728801655
lamo1244	0.979994944695493	1.40482350379458	-1.5992177964544	3.97050429702064
land1256	0.676755312174763	1.35004103395308	-1.79097461274256	3.58627000616795
lang1320	0.214663657677024	1.24189169529626	-2.2071524574898	2.69489528603097
lang1324	-0.471247533807556	1.49913308373543	-3.68331120547438	2.40578584185525
lash1243	0.00407430955650305	1.55250333674404	-3.05670987598513	3.20531257358419
latv1249	-0.179048589809316	1.42642391391271	-3.10629377846011	2.57922113432224
lauu1247	-0.47285124547512	1.24120869682007	-3.09960994714125	1.89855019146579
lave1248	-0.0826041813432461	1.49635762441072	-3.20232446797733	2.90351469661933
lave1249	-0.0930186491484197	1.50641480390412	-3.098945158695	2.81891184489353
lavu1241	0.677933868330479	1.3027883577388	-1.66532901838033	3.49460741856105
lazz1240	-0.323827800234108	1.52777897003464	-3.4446414477849	2.67518253262918
lega1249	-0.0689649644858312	1.48027133769773	-3.14275472127176	2.89466156726032
lega1250	-0.0638448837676951	1.46657599769148	-3.11175593901343	2.95351587760831
lele1267	-0.140334181911422	1.22332893777722	-2.71462881161799	2.26522881132756
lele1270	-0.451311719651024	1.37774449200054	-3.45864377096971	2.12606369175065
lemb1266	-0.0322478359207238	1.33603977293243	-2.76750186124288	2.61595252857254
leme1238	1.95180914574246	1.4745072748967	-0.543070420275286	5.09249567894194
lena1238	-0.417402592033242	1.44565408591154	-3.50753540369982	2.34562087956729
lend1245	-0.194355083768376	1.48207379779638	-3.2943144884413	2.76240548977025
leng1259	0.0511191509539973	1.27929013649988	-2.54836824144295	2.73634744498689
lepc1244	-0.0207605126526382	1.52209332465471	-3.11111117945011	3.09303254702717
lese1243	-0.188186088014066	1.46387650101954	-3.22184544273078	2.64045598091396
leti1246	-0.215786220332277	1.46475345559574	-3.35407324368669	2.56858300038133
lewo1242	0.29724854851145	1.12318557268864	-1.92875519062016	2.62517114768295
lewo1244	-0.292777294335197	1.466303311624	-3.44733410884794	2.57012636229681
lezg1247	-0.162507473827038	1.55254266983406	-3.34577395742515	2.86331237880434
lian1251	0.428922543401291	1.49404456590863	-2.46740937511855	3.47844417496726
libi1244	-0.54332787311461	1.38104863452464	-3.40498506521105	2.11158761349521
liby1240	-0.272408530232293	1.40046806808523	-3.23694876382909	2.3727493505717
lihi1237	0.295671665581602	1.26620888478806	-2.25609344159958	2.86156437829773
liji1238	-0.770731378555031	1.51143065379177	-4.0432815363818	2.02224189631876
liki1240	-0.342322477405127	1.36788883772852	-3.1776418189639	2.3449851849315
lill1248	-0.405679867808219	1.34375551044167	-3.28680988724192	2.10584970264965
limb1266	-0.0608138842080451	1.52721464780929	-3.16111913088599	3.01862984443101
ling1265	0.0529709199516529	1.07089067015612	-2.15885443888224	2.15323188299472
lipo1242	-0.0208218847369347	1.57532620532284	-3.24700738277347	3.23114414944545
lish1245	-1.06764912620433	1.41574186954734	-4.2136097482057	1.46981057435525
lisu1250	-0.0299075557979796	1.50995453556526	-3.08503803618369	3.12018794541423
lith1251	-0.233383477427243	1.43772821562461	-3.23396828770153	2.53003630867989
lito1235	-1.06246225807495	1.3791335229922	-4.10611606128141	1.4335896395517
litz1237	0.107554023541653	1.09292823352893	-2.14165129440507	2.27835613391188
livv1243	-0.0191996062549761	1.55924769755863	-3.28782719752059	3.1022538887406
logo1259	-0.117584467721896	1.51716559492992	-3.2232244537382	2.92811879483933
loka1252	-0.363854602456784	1.41623975594488	-3.3267539397756	2.36148053242264
lolo1259	-0.0138803869154792	1.56733805664659	-3.28893325341895	3.20286980697442
loma1260	-0.166962984640703	1.50096758414368	-3.2823110557652	2.85244213925197
lomb1257	0.195597426855108	1.46310739371606	-2.65239860805452	3.31616697515022
loni1238	-0.456080156920796	1.37580425344055	-3.47549571348002	2.12699571151945
lonw1238	0.0875000149270137	1.09489975829191	-2.15132999364771	2.22641488742357
lote1237	0.681496703395721	1.40673812159578	-1.95655460477014	3.5100536959091
loth1237	0.162861123200411	1.46225041597744	-2.78406363501227	3.12765903291458
lotu1250	-0.166924459414122	1.41091748703646	-3.12878819728545	2.51587515443735
louu1245	-0.422523992260876	1.41749289723452	-3.42509257581579	2.27137776191962
lowl1260	-0.0806896020723291	1.47029819436447	-3.14542049701936	2.85984256390863
lowl1265	-0.301034512934202	1.44135493174089	-3.42824744065022	2.39968990171689
lozi1239	0.0883894947520042	1.49979188513332	-3.00963913945489	3.08663101932446
luan1263	-0.202050708851017	1.47379414987292	-3.33808869614429	2.75915856105476
lubu1243	0.451554078939333	1.17737390317021	-1.83579512693248	2.93925855907832
luch1239	-0.0629376950187429	1.4883144792314	-3.23702111203751	2.79120568485933
ludi1246	-0.0086964964514173	1.52332698161427	-3.13945249789615	3.1343186062233
lugb1240	-0.143410222333966	1.53770171198294	-3.28467765921275	2.87531341859361
lugu1238	0.547350085310194	1.34845150748196	-1.94575295382745	3.48572401079446
lule1254	-0.00733880230643767	1.49358535473093	-3.04045632014513	2.94011098884068
lumu1239	-0.170966815553274	1.4771096855055	-3.32965912487437	2.68303350628115
lund1271	-0.153742779897251	1.46056507489757	-3.08342454715972	2.72176023331847
luok1236	-0.745249603482239	1.47276969359209	-3.89291050707984	2.01014978486258
luse1252	0.555055514329274	1.28802948380313	-1.82712096072493	3.34264660218179
lush1249	0.151828168904255	1.52010322708607	-2.92445254184093	3.25146564568135
lush1252	0.75336679699508	1.35978944151293	-1.75027562307582	3.68424671731046
lusi1240	0.603268369503566	1.36985399890674	-2.03736521261454	3.45036591550801
luva1239	-0.0800125432250876	1.52699734603788	-3.19725893178789	3.06460514423719
luya1241	0.0410542328603564	1.47557570536868	-2.95928737548364	2.95630138046086
maan1238	-0.0516158373847594	1.48981315411485	-3.04168652219827	2.90988195126679
maas1239	0.628609903069975	1.26048879733372	-1.66534714941176	3.35147309010004
maba1270	0.196871123265027	1.2907435748786	-2.26602431084486	2.88065357382198
maba1277	-0.376931837483925	1.47334768865519	-3.49444097580955	2.40693637885362
mace1250	1.13260458421717	1.5068538847394	-1.51120275621809	4.4351714001865
maco1239	-0.189409118549351	1.53795791376183	-3.42439000928229	2.89291987072203
macu1260	0.188030908874459	1.45241582322901	-2.70421661999086	3.22536538956494
mada1285	0.119303335764007	1.15328133081794	-2.30290260957734	2.38236024383918
madi1260	-0.124250708008239	1.57386195627169	-3.36871883160312	3.09410475884862
madn1237	0.422975774008892	1.46530900339242	-2.487699848354	3.51567906220168
maee1241	0.273289907205721	1.1245124202042	-2.04600209984178	2.59480941189144
maga1260	-0.288042101393601	1.48036610341248	-3.40991429549224	2.54133241534146
magd1235	0.243254900977462	1.31443873915465	-2.26872607508361	2.90362051181658
magu1243	2.03175414700986	1.33572635861643	-0.192341821479427	4.90723247195197
maia1254	-0.528365248444933	1.35655330645602	-3.35563494442159	2.05533716813676
maib1239	-0.398284625786465	1.43359115658525	-3.34251996213801	2.3912395504605
mail1248	-0.547731314040463	1.37777055596625	-3.50794068684521	2.12751284222714
mais1250	-0.529485491884122	1.41781179751609	-3.5772556048688	2.18730110536091
mait1250	-0.308159848204253	1.44166675052576	-3.3413891872557	2.50010473317044
maja1242	0.821792327737331	1.50573872954522	-1.89109754250467	4.06235590341773
maka1304	0.241019503532689	1.39483503215489	-2.42731823868555	3.14245938864321
makc1235	-0.0297312200247269	1.54723208932325	-3.18312166108201	3.18027391954106
makh1264	-0.0702155746123886	1.51191593163021	-3.178313595656	2.95149226526049
makh1266	-0.0774234919517312	1.51366751140821	-3.17083801386713	2.9566051333526
mako1251	-0.0115390414502481	1.50586461968074	-3.02205898966891	3.0801354438343
mala1463	-0.039283253215427	1.51764076195509	-3.12348908257857	3.06203431289006
mala1464	-0.0331561398155845	1.53018268439188	-3.1627848719892	3.10202207329132
mala1479	-0.0322428727054911	1.52356781437659	-3.16925007161403	2.99730304126449
mala1522	-0.0513507837985296	1.51026472066974	-3.14331770885852	2.92508463681123
mala1534	0.930372402727651	1.26387831500766	-1.35107763099647	3.58519553271017
male1289	0.0600248376264887	1.37229226998854	-2.64677959552105	2.84781409912097
male1297	-0.407475492218371	1.39270906481517	-3.32188190085942	2.25065335840886
malg1251	-0.617637970438319	1.37228786907741	-3.5362644435632	1.99685386718115
malo1243	0.682994525992882	1.14559349332636	-1.52684550039881	3.04801987228979
malt1254	-0.0368173433713852	1.48039537988409	-3.11605762079466	2.90040467046794
malu1245	0.333009790293767	1.14237882659288	-2.00604351349527	2.68590105824195
mama1275	0.387309052855712	1.46297077951591	-2.57626174984536	3.40198938986863
mamb1294	-2.26187131659976	1.51711974279807	-5.60428540079949	0.26123184643218
mamb1296	-0.0204714126710784	1.511912542826	-3.04952558351426	2.93295879465941
mamb1306	-0.476854722010561	1.43024486494038	-3.61890497607889	2.14843671736114
mamv1243	-0.138523175055768	1.48835474137137	-3.19573064353391	2.79797256987086
mana1288	-0.255989335630723	1.45343462329948	-3.30623575942278	2.61908541932043
mana1298	1.50335951044778	1.33727216455489	-0.825269644755177	4.34935250574156
mand1415	0.00192842165278295	1.55992421342123	-3.22548983589949	3.21168523339932
mand1423	0.0369792637634063	1.43287070447359	-2.82037630806221	2.8854555350519
mand1436	0.306844004235564	1.4929675716552	-2.60812266336977	3.47612984526473
mand1440	0.611637721236493	1.18792463376551	-1.62978755169306	3.07643397678402
mang1378	-0.0892291135540142	1.52667966485464	-3.27363124402378	3.01972817264791
mang1381	-0.00618803327008743	1.49339192659253	-3.06538312684409	2.98767881304214
mang1394	-0.099796634245139	1.49619234382877	-3.1634526813294	2.95496324493304
mang1401	-0.0222494876765803	1.51920324861203	-3.1010167320512	3.07515323911191
mang1403	0.815653809370921	1.39366125638512	-1.73502996739328	3.71723410553126
mang1404	-0.890395917765743	1.38166429465104	-3.89463692062177	1.5702246403239
mang1405	-0.261652530013832	1.48622249420552	-3.35232934290092	2.63062983165749
mani1235	-0.517453991548291	1.40568188364918	-3.53274674980978	2.20120875627828
manm1238	-0.0899363783445694	1.47368322452193	-3.0977479761364	2.87510686081532
mann1248	-0.103676359309071	1.52348143390422	-3.25141312657307	2.9244491425927
mans1260	-0.410642000881652	1.45227864741748	-3.43982828626807	2.38263298421797
mans1262	0.997077907160573	1.39335252819567	-1.64540663601379	4.04092140327456
maor1246	-0.293625314999099	1.47398400760029	-3.45828472093592	2.47585366751579
mapo1242	-0.89536140064048	1.37063728495558	-3.88122395472245	1.57210736822595
mapu1245	-0.00885015478197862	1.4914257965395	-3.08444349931706	2.95903608737144
mara1378	-0.246640622807193	1.47320286580486	-3.46370530034171	2.59602961099784
mara1379	0.207594042725361	1.5010121255415	-2.82664268372862	3.2528461366609
mara1382	0.0772164935112225	1.56221854548053	-3.0670042776404	3.1934127948965
mara1386	0.566866594514915	1.39316713369697	-2.20301334340784	3.48128073937345
mara1396	-0.209664922775518	1.4995026640296	-3.30930944206886	2.78947077350132
mara1399	0.187336913850751	1.11484287845872	-2.12638332570092	2.43332373984032
mara1404	1.75772476331231	1.36365102100385	-0.58800383339875	4.63394043571888
marg1253	-0.00369525486702767	1.54748477519594	-3.11575712547281	3.2068174761095
marg1265	-1.4325626577137	1.39578625427948	-4.51008891825977	1.03101208244617
mari1416	0.259127160116026	1.48679607195553	-2.68804729149251	3.27946937330996
mari1424	0.490228236787535	1.42289888307829	-2.28519426057949	3.41956396851887
mari1426	0.439346371767937	1.17741181251527	-1.85807506954467	2.85796479594383
mari1428	-0.800894326361856	1.42567000348695	-3.78555829097887	1.81038291454986
mari1440	-0.0857985721978904	1.51413660273848	-3.24491384849508	2.93350758743994
maro1244	-0.161501551238214	1.10623820567211	-2.37328702525685	1.97776375793185
mars1254	1.26555589527555	1.37013581829085	-1.06722493351342	4.32939457115653
mart1255	-0.0226987366329291	1.52217385616019	-3.17486247406529	3.1274967513578
maru1249	-0.0182542311269894	1.50131301634136	-3.05691214906507	2.95034644595507
maru1252	-0.0125682396122309	1.53450042659476	-3.1940377602424	3.0131565515791
masa1322	-0.375920945349064	1.27110471459247	-2.98739747666101	2.0932392172227
masb1238	-0.25129358677382	1.30658772025715	-2.98455660660113	2.222400497148
matb1237	-0.131444753987284	1.47914391970598	-3.23585914446203	2.75650525790371
mati1250	1.85518591753495	1.37561758450608	-0.478301177203744	4.82432103650166
mato1252	-0.843152733507923	1.33465844189859	-3.72637341470115	1.52810739926907
mats1244	0.0323978913410539	1.51252247996476	-3.07666622037739	3.09143665107049
matu1259	0.559608598499672	1.32501159328508	-1.90655888481812	3.46610426107486
matu1261	-0.711217579380877	1.43998499594557	-3.68592422293884	2.03959500710267
maun1240	0.107347109882709	1.48998080844429	-2.90058504243553	3.14683087883562
maxa1247	-0.019360976730004	1.55715959608856	-3.14556786973268	3.12699013469091
maya1285	-0.0637157623504739	1.53352468296365	-3.1657132797624	3.04033363909159
mayo1261	-0.123416581226262	1.44920720134601	-3.09426966174903	2.74684865865861
maza1304	-2.41074120478425	1.51156524201846	-5.65069953229245	0.0644604897340781
mbaa1245	-0.0901381291455373	1.51253945420649	-3.07750968821097	2.90855591129311
mbal1255	0.479907449518402	1.33396083692777	-1.96060492931745	3.35167870716933
mban1263	-0.881782956146477	1.46894398693453	-4.03079775542133	1.88988333534802
mbar1260	0.136713490071719	1.27318595924532	-2.39178769987639	2.70283181550341
mbay1241	-0.516264487934177	1.43546784007402	-3.51818318821828	2.19418237415184
mboc1235	1.11700512163741	1.30273784511291	-1.16317662655292	3.92531644804058
mbug1242	0.438134854078998	1.33939984402012	-2.12465070363048	3.27454326005633
mbul1263	-0.203948642631624	1.41004567308715	-3.14810098338495	2.58114963144768
mbya1239	-0.0263803919458245	1.52268962122891	-3.19937618324579	3.06118136276292
meen1242	0.451075259311298	1.45951370835077	-2.39612248086586	3.4895526129282
mehe1243	1.81736551246974	1.39721354932669	-0.53109767794647	4.79958831286505
meke1243	-0.706846327452461	1.46002147029603	-3.8569945553008	2.02092377114073
mele1250	-0.171350048667195	1.23950934936748	-2.75947153502305	2.25660361276134
melo1242	0.76991069700449	1.40586378489259	-1.90152382327434	3.78336236721145
melp1238	-0.487843353814532	1.38996336964424	-3.57545089735703	2.12762663398031
mend1266	0.162818510521856	1.50086712070105	-2.86803654356385	3.254938762453
mere1242	1.45898307542835	1.23590062175915	-0.715439958027591	4.11415427443192
meru1245	-0.012481465357686	1.42958273603378	-2.92713599279314	2.86370898472393
mesc1238	-0.0288582908784462	1.53536472643159	-3.25742256655988	3.015856078416
meta1238	1.14763593349146	1.21102419380041	-0.921922709578241	3.84815188118883
mezo1235	-0.371475592398833	1.37638311880812	-3.25760490475688	2.29136032267423
mezq1235	-0.852522896264376	1.41718336491808	-3.99448101174745	1.74089831755222
mich1245	-0.151998723409482	1.53269214818968	-3.35437644511823	2.90731303939948
midd1327	-0.910203714869171	1.40478331696084	-3.98019065540705	1.6669090123222
mids1243	-0.140092069999702	1.49388350837923	-3.29456616163883	2.828232276626
miju1243	-0.133698434234711	1.49686590318892	-3.20063010062825	2.90253279837497
mika1239	-0.0331836730751912	1.53872809490605	-3.20490269720585	2.99065926465324
mikm1235	-0.0278109107063213	1.51315789034918	-3.20465883653098	2.97213672045644
mila1245	-0.244969942114458	1.46616110337994	-3.34031964529344	2.55031877450389
mina1268	-0.0663541588429634	1.51821238890905	-3.27011863300361	2.87397367598622
mina1276	-2.39240778491373	1.46700853920988	-5.67454095421044	0.0711488501338367
mini1251	0.0603117635088371	1.30012496005545	-2.54713781984926	2.59143250540253
mini1256	0.00448935136851944	1.51301703198364	-3.11526491337467	3.05751621417504
minn1241	-0.082079132987845	1.55494046996599	-3.28002342412146	3.0054772609723
miri1266	-0.0116228428282091	1.5026571120022	-3.03412088261541	2.93591752671638
misi1243	-0.17633271991591	1.48213285913845	-3.23437310941411	2.69127078133938
misk1235	-0.0504519108724747	1.51567801348181	-3.14664480981085	3.05737503640275
mixt1426	-0.109764576195281	1.44221909709614	-3.04061278239179	2.7737192779325
miya1259	-0.0208274045292394	1.52445269551319	-3.11340393948977	3.10720647023096
miya1266	1.61476891317297	1.41735542510007	-0.780369968908769	4.73662063158283
mlab1235	-0.044566181835406	1.52863661766119	-3.17252762144532	3.04319016336122
moba1244	0.21048289666693	1.4419361336904	-2.68512342699607	3.15169172265273
moch1257	1.21482267463835	1.43745348518984	-1.35485126119129	4.40368807792426
moco1246	-0.00899836523075186	1.55040752042568	-3.14811653090278	3.17714374544833
mode1248	0.220509356080408	1.44501631424779	-2.62232854408647	3.31726397581407
moha1258	1.03260743583048	1.39567364619759	-1.47064250943886	4.04864267612459
moii1235	-0.259449436930584	1.44597660079122	-3.29710695345879	2.56778059617695
moke1242	0.00969609767371856	1.52608747103927	-3.08533898160874	3.14251467803474
moki1238	-0.385888739305659	1.37253853960575	-3.27875427287313	2.23241130622981
mokl1243	-0.00850692674726968	1.48304006831491	-3.06933677123234	2.9912255115431
mokp1239	0.622241475686083	1.3280747678961	-1.86802511808847	3.41379693015585
moks1248	-0.25449270602561	1.4444711328411	-3.33447168954261	2.57590663575169
molo1266	-1.54071443506563	1.33053576666609	-4.49160771161922	0.67968979632071
mong1338	-0.00199554421156472	1.53820929631855	-3.13551183185024	3.09955689169327
mono1270	-0.613751273149639	1.48591940590941	-3.78357527434639	2.19268220102193
mono1275	-0.0736622836540173	1.46387433118315	-3.13234787552238	2.95989561629742
monz1249	-1.38526128014211	1.28495079181673	-4.2032180769846	0.845343643766058
more1259	-0.581172106704352	1.46237207391953	-3.65133819789988	2.22863297870318
morm1235	-0.664461501331533	1.44382429281384	-3.80186309762024	2.04498393514565
moro1287	-0.0934644543152723	1.50529505539705	-3.1468641254956	2.97793899953983
mort1237	-0.101449967132503	1.47789087243213	-3.15666154012027	2.75718529408015
mose1249	0.0644803663338453	1.49409316555884	-2.99504561452686	3.14238964027265
motl1237	1.74368528431656	1.44741425110729	-0.752885903166516	4.86492582887143
motu1246	-0.493424134115926	1.45604333562556	-3.54890973844577	2.27293879887691
mouk1239	0.710610766294569	1.37378241792217	-1.89095745309421	3.6252610642964
moun1252	-0.566776724454142	1.44375215872598	-3.62909811821192	2.11244117262093
movi1243	0.496520794752875	1.35194966386829	-2.06073783167714	3.34298579009098
moyo1238	0.209319704678287	1.49539220488893	-2.72752170801537	3.26921574246445
mpad1242	0.356547355507764	1.42426617257274	-2.26763171032589	3.42181347102331
mpii1239	-0.0111718123666385	1.47873644865152	-2.98108931846882	2.99424017044105
mpot1240	-0.0265931655035879	1.46331418599654	-3.03864944769935	2.85998750918775
mpur1239	-0.405400408253811	1.49485773877562	-3.54284667802175	2.55524861894157
mual1241	-0.0949254618753452	1.44578802243374	-3.10717648752087	2.70120738364417
mudu1239	-0.036603961410854	1.5317516485139	-3.08776733719562	3.07203984639556
mudu1242	0.280612170532016	1.38880232746413	-2.53001836593485	3.14680885164742
mull1237	0.492165040050364	1.46620366160533	-2.3835485695639	3.55114163120951
munc1235	-0.0238868100068225	1.57155048697626	-3.20594300895251	3.0490692239061
mund1320	-0.128015483222927	1.4796684844173	-3.22569356580558	2.76725978688264
mund1325	-1.99310028838515	1.36851457226224	-4.95112071352581	0.285704370891751
mund1328	0.559660991850663	1.02378932244029	-1.34009841506118	2.71822519629458
murl1244	0.226275216165665	1.50165326981184	-2.77814514394528	3.30526071733217
muru1266	-0.113717431584824	1.51976589553944	-3.26069394866217	2.86162130392939
muru1274	-0.0295839494519266	1.52539334470363	-3.16924096311575	3.06457434093035
musa1266	-0.77140037016517	1.40557055629663	-3.74190787960918	1.82210244992845
musg1254	-0.217241943064763	1.24668929581651	-2.82338297305733	2.27959689900436
muso1238	-0.881711167615458	1.31921064890592	-3.82578298062563	1.43224313056477
muth1236	-0.043662878536255	1.51802613261149	-3.10399267308637	3.08332154750444
mwag1236	-0.664716526474916	1.35501343226155	-3.58696608257347	1.7852588019847
mwan1247	-0.0673295981050124	1.50801740623344	-3.13475695250352	2.86645064295682
mwan1250	-0.0491995428100296	1.52919611554724	-3.17614237589549	2.9646858202272
mwer1248	0.185773969124236	1.41886426027462	-2.68152419176064	3.07537091366074
nali1244	0.0987883768111311	1.18077980748669	-2.2545008783547	2.48561304327085
nama1268	0.156813465790189	1.18415024080903	-2.214910082423	2.63924142974065
namb1293	-0.41766774830587	1.42486607378551	-3.39202568024446	2.3710787432974
namu1246	-0.0436362619097237	1.5119516355511	-3.06684442973074	2.96471464433162
nana1257	0.00303520543160157	1.50142710953978	-3.04880857403771	2.99264008723479
nand1266	-0.564937245576448	1.44944939322258	-3.63082372254912	2.21659069375112
nara1262	-0.292978150309313	1.47205066147168	-3.3050119634713	2.53974969105185
naro1251	-0.153140376923581	1.50408368661486	-3.21986866673669	2.86348174652
naru1238	-0.0150176052016976	1.53206018710353	-3.18582454196707	3.05355326020537
nati1244	0.0271503919717992	1.08340194365436	-2.19126822342258	2.17860123738872
natu1246	-0.0922187436914431	1.47010162349718	-3.18368234259868	2.79069401252023
naue1237	-0.304690239761241	1.4715197070487	-3.35049278608013	2.4905558867861
naur1243	2.00481414715879	1.74506612224236	-0.936892984078682	5.75173224376232
nava1243	-0.180587368687588	1.46241024787208	-3.20674876519069	2.73995966281184
nawu1242	0.336202354662202	1.42071053649433	-2.48045680081542	3.27344369127397
naxi1245	-0.0322075130631706	1.52227743878553	-3.11127553140864	3.08655494108626
ncan1245	0.413999545343656	1.04237509944032	-1.58077355139565	2.63173852131999
ndam1239	0.135511810698938	1.48117389858213	-2.88255506365678	3.15126329440543
nden1248	0.394615090188938	1.4409079134492	-2.47751485677632	3.41909399160984
ndog1248	-0.0904023089310769	1.52496681846275	-3.22017718230764	2.89981386204539
ndom1245	-0.253401221868326	1.45310814191547	-3.25089977513678	2.61841164562004
ndun1249	0.0748659232980777	1.41222123599114	-2.70351458317639	2.98684076583712
nege1240	-0.045172591539599	1.50643683962568	-3.1583058847598	2.99142275993911
negi1245	-0.00936788181799604	1.52358856634332	-3.12413088183989	2.97875848693012
neha1247	1.89921427520283	1.37970916508662	-0.361845805992382	4.93708931490603
nend1239	-0.633656795817068	1.35965806151443	-3.51810232191777	1.89678036174621
nene1249	-0.0313549976631268	1.50994602603457	-3.15229268973651	3.04759174492124
neng1238	-0.386373816938954	1.49733880095427	-3.5641085266734	2.49124366751645
nenn1238	-0.449680265489369	1.4136940040374	-3.36076353297886	2.23949023524313
nepa1254	-0.351233987304135	1.42631671572851	-3.3683230443821	2.28943570610981
nese1235	0.349356129191084	1.14096008479696	-1.98238870834915	2.71611687513479
newa1246	-0.353450353872448	1.45300630212148	-3.44230168252382	2.51784396682764
nezp1238	-0.0455309495259912	1.55401716672827	-3.20970754791301	3.04323211400031
ngaa1240	-0.0252378441593732	1.49302619161746	-3.10593457177116	2.98796048552398
ngab1239	-0.0724663143335062	1.51515256097454	-3.19339140793381	2.97718141416786
ngal1292	0.0164637780055455	1.49953837367054	-3.14602079420464	3.09040733208387
ngam1268	-0.656473295552061	1.42971630889794	-3.73619809437247	2.02663328677437
ngan1291	0.015873597966247	1.5458460911391	-3.0919500284656	3.22255072555388
ngar1235	0.0980409803704291	1.51786832589038	-2.91293118832634	3.14354903665938
ngar1283	-0.0622653341242199	1.5270029056476	-3.21056463985996	3.00682342590403
ngar1284	-0.0376338675046562	1.52610799362182	-3.2273629162232	2.96415599341247
ngas1240	-1.02744045069137	1.37817860813289	-4.00103027107931	1.37756314994295
ngba1284	-0.834202584164942	1.43485117285322	-3.91482582703395	1.82689128566146
ngba1285	-1.37927284213616	1.31046812559083	-4.25934580195379	0.870252883330228
ngeq1245	-0.0904454163466345	1.47308819805209	-3.09160235852286	2.89642808596492
ngit1239	-0.205255756359217	1.50951664709719	-3.40298949468158	2.71646575965332
ngom1268	0.0112254145070561	1.38673095806937	-2.75932184018973	2.86635779663023
nhan1238	-0.012361277026464	1.55186814897702	-3.12808920478047	3.14272223606518
nhen1239	0.0257969764435591	1.51402909752252	-3.10302858085423	3.11342081937945
nige1253	0.606184366409513	1.28908323198292	-1.81382152611567	3.35948899521942
niha1238	-0.0533282565906201	1.50754625362445	-3.15567290038193	2.9497768245142
nila1242	0.371282665948371	1.39243074951668	-2.33993222750852	3.30521716451196
nisg1240	0.0198857967261308	1.47286463845062	-2.91854672066	2.97528875732398
niua1240	-0.142933843793569	1.52120482339937	-3.34773121242978	2.9587653676597
niva1238	0.465632749453006	1.39679935026364	-2.13635587936767	3.34183019870493
njan1240	-0.600404922702572	1.29951529121494	-3.32618131763132	1.87166765166458
nkon1248	0.816334969735836	1.13228008907453	-1.21606408089544	3.21817747142486
noct1238	-0.0752459063231514	1.55231517546848	-3.29442294534098	3.01144647346098
noku1237	1.84711209713222	1.37971780754116	-0.441503477495307	4.83799632469608
noma1260	0.451541151192769	1.29716787503353	-2.03109924709167	3.1639638743586
noon1242	0.516837930371236	1.44588434435908	-2.15586889576217	3.68206608629359
noon1243	0.549808089585529	1.06902139352275	-1.41360850085499	2.84924192700447
nopa1235	0.0949421791604005	1.47071214385324	-2.94601450111313	3.032514651195
nort2671	-0.01857894570364	1.54415421218478	-3.22634712465401	3.08703955053963
nort2684	-0.0498049221591859	1.52804148265959	-3.11284563997091	2.99892658578323
nort2690	-0.0171240503735153	1.55022900975943	-3.20592879970919	3.06639698442977
nort2697	-0.225255255352751	1.54481246017209	-3.46724681418348	2.83119712986753
nort2699	-0.0564086098661075	1.52265267533278	-3.10572404225148	2.9904003796495
nort2702	-0.0689105023161195	1.52306775177295	-3.18485611885281	2.96638473507592
nort2722	-0.140814218728997	1.49740699900944	-3.26877776247452	2.84854615224699
nort2723	-0.036685174762264	1.4830995013738	-3.09207205445991	2.99374037073673
nort2724	-0.0384104075697509	1.47762111955242	-2.95540255577451	2.92505966107679
nort2732	-0.0209118368671128	1.53306291465936	-3.08378920832159	3.10567390916509
nort2745	-0.0109489942871124	1.52697164100672	-3.13449887434741	3.03828869695455
nort2747	-0.0236287743170874	1.4816138468863	-3.0231175869254	3.02610750224499
nort2774	-0.203614332442084	1.47108324444293	-3.32386324081653	2.62458292171376
nort2775	-0.219013317432005	1.5312887692588	-3.35396365951705	2.77789073500315
nort2836	-0.144047675749945	1.22205389740352	-2.6851812141715	2.27057529024748
nort2839	0.0973721479117006	1.13408449120849	-2.22175041524696	2.3592343313075
nort2845	-0.0434213224310773	1.48634618775533	-3.06934330007418	2.93339294426036
nort2864	-0.0961128956124962	1.50844523925634	-3.20792960520578	2.90076289738672
nort2877	0.122774459935723	1.12858111159448	-2.13169884197157	2.38954525911086
nort2885	1.43374028245259	1.33885818824051	-0.973153281024413	4.25906240651241
nort2930	-0.659421150224062	1.466693581455	-3.87969094697067	2.05036121153237
nort2938	0.0215975283414339	1.51185214322908	-3.0669963149055	3.04298306517007
nort2942	-0.0184799142882622	1.52909672638765	-3.13212612712271	3.07388742962139
nort2954	-0.25853353564371	1.39011896136141	-3.17038827032006	2.38637086315335
nort2959	-0.17030052791616	1.50756018223553	-3.35149834666988	2.8142543531224
nort2961	-0.0480589812559544	1.47683742870693	-3.05031281704151	3.02489762464486
nort2972	-0.0430537672511256	1.49745455143168	-3.13642637965098	2.94053092040151
nort2980	-0.115850090662549	1.4746348625589	-3.20864427184129	2.78354614744462
nort3047	-1.77495573623364	1.35080486250471	-4.70509822840389	0.434736940980718
nort3139	0.126106067285755	1.41879142232566	-2.70530362325719	3.0434021872315
nots1237	0.231924980719134	1.14789638981935	-2.05366668122608	2.51492656250781
nsen1242	-0.0902984805694512	1.52696231095584	-3.25771647588211	2.95110732356732
nucl1235	-0.286476001141344	1.41958479689309	-3.2706877007538	2.50711097901667
nucl1240	-1.37960880169458	1.44225294796703	-4.5676800520333	1.0371637040374
nucl1301	-0.0227923831297098	1.56008614407368	-3.20498297397564	3.12626849117854
nucl1302	-0.274929455527965	1.4983314964888	-3.37268913311915	2.58874031642108
nucl1305	-0.0362319723884779	1.54561195721729	-3.25432342046365	3.1907773457681
nucl1310	-0.0283213324165605	1.55964320725757	-3.13577960377591	3.06936254901617
nucl1327	0.675996642975803	1.47768386909001	-1.98710031143355	3.81906365681772
nucl1347	0.524536422733516	1.40484998022936	-2.08376013096171	3.49718831837774
nucl1417	-1.06335806393768	1.38943956343934	-4.1574587403907	1.34064488275824
nucl1452	-0.268582065625722	1.4571860025117	-3.31851767001298	2.55107681199947
nucl1454	-0.407642134649128	1.47165336193097	-3.42486659754588	2.45766069114871
nucl1458	-0.398090309808149	1.36849135535467	-3.20401771038933	2.25377218040376
nucl1593	0.358810044363435	1.30027296733785	-2.20433108098084	3.00666759416158
nucl1595	-0.405057237310134	1.45248466597258	-3.54070111235526	2.41045344508165
nucl1622	-0.214895217263238	1.51299243990797	-3.38081778600128	2.75354096620708
nucl1632	-0.127755159003844	1.45801118055707	-3.19407146426044	2.66028588923472
nucl1633	-0.173372559663246	1.45899291823556	-3.31715097233889	2.65892162325369
nucl1643	-0.0282040816148594	1.56000442962418	-3.26158497295344	3.14169506235209
nucl1706	-0.142189266159899	1.47575765889781	-3.22329711784476	2.74161976072959
nuer1246	0.0146655116715764	1.56643772998865	-3.18271149800403	3.21720760375037
nugu1242	0.311594964284475	1.30515026942933	-2.26251232962888	3.00907277700975
nukn1238	-0.826900017749105	1.3226614320823	-3.68176231532673	1.53769592735902
nuku1260	-0.340782354481358	1.3930768649872	-3.34408206223606	2.28894003336546
nung1282	-0.0418463886194459	1.49102533938263	-3.01157344157577	2.97736409550479
nupe1254	-0.569344114011221	1.47351615863827	-3.66486215564683	2.16673850099369
nusu1239	-0.0150334388425352	1.52263717184393	-3.04791941316512	3.09938740180751
nyah1250	0.0171840549841922	1.53375944808777	-3.15904947443932	3.16301143153956
nyak1260	0.249121341866819	1.36089514021985	-2.36655699018631	3.0005626196378
nyal1250	-0.17965879615454	1.45097756585422	-3.21000719351392	2.73095104202551
nyal1254	1.45565282809563	1.45015770879943	-1.14773155523234	4.49588490485518
nyam1285	-1.15119329329418	1.40059928473432	-4.30521051922696	1.28739600107084
nyan1307	-0.220659369608225	1.48707411862508	-3.3299081982843	2.7304796871059
nyat1246	0.378129862081327	1.40058896637189	-2.32973044426023	3.22230218800685
nyig1240	-0.0342416264446351	1.52431336493671	-3.09871273002291	3.07432026909035
nyis1236	0.0513269439764776	1.49555279058025	-2.94201829003532	3.04980845152904
nyor1246	-0.302038654772491	1.50577455369898	-3.47393447225817	2.60859849235094
nzad1234	-0.0742184118752542	1.50317762981917	-3.29277998504414	2.92000034176555
nzak1246	-0.442232298009954	1.47179273838255	-3.54739757646696	2.370735944744
nzak1247	-0.158191323837091	1.48101252411299	-3.285145243955	2.77613025758919
obok1239	-0.465485662430949	1.45747098545772	-3.44522275472295	2.2268314165362
occi1239	0.145697854500746	1.48216102088883	-2.73241388292237	3.20351533500504
ofay1240	-0.00371926206451259	1.53225084439886	-3.12721595728972	3.06431476235095
okan1243	-0.0558763820066451	1.49822221545816	-3.22749152982717	2.93094405701368
okin1246	0.0136325652656994	1.49134824283696	-2.99810644419985	3.03406815163417
oksa1245	1.02945696146924	1.31946798023038	-1.34194812353069	3.9025597215476
okuu1243	0.775966968903479	1.08131302229071	-1.17075515464816	3.03426616155385
oloo1241	0.974897353751057	1.31167480876088	-1.44117725920978	3.72371738496321
omah1247	-0.357891628204707	1.38124610311046	-3.26610443907935	2.33718389572554
omie1241	-0.533356412956895	1.44149059351636	-3.64587944005062	2.24733272534608
onon1246	0.363585164335219	1.48937016357992	-2.61454614168438	3.43620622865352
onto1237	-0.399733104755513	1.40974639206059	-3.43104571119457	2.33384461846098
oriy1255	-0.188444608931626	1.46288323124596	-3.26872308077508	2.68094582024483
orma1241	1.25462421997609	1.39399290264265	-1.14697260891014	4.37819124062006
oroc1248	0.0187490762516605	1.53202137268802	-3.18601380587956	3.10498775105647
oroh1237	-0.16028692708626	1.20526677639033	-2.60971633577767	2.13826875299736
orok1265	-0.0211335464750079	1.53624186849912	-3.19956247923307	3.03679553968021
orok1266	0.813898290855221	1.32915075097688	-1.63832066469051	3.6298210004593
orok1267	-0.665888040839269	1.47683909170839	-3.85334080202562	2.11498117501488
orok1269	-0.507199671560687	1.44695902587494	-3.53590725017388	2.23910300338299
orow1242	0.0484151657769326	1.16360398899009	-2.33718117453957	2.36671493971511
osam1235	0.0927709207423528	1.47325954097832	-2.85728992971486	3.17867712689674
otta1242	-0.0113863026416274	1.52646196284537	-3.09063978343561	3.1046420318534
owaa1237	1.6723251245756	1.64453214444625	-1.06980008006797	5.34713143698656
paaa1242	1.32505236902365	1.44108274141282	-1.13765240970998	4.4665358976469
paam1238	0.239310223500831	1.11226398741446	-1.92983821684418	2.52712630171855
paas1238	0.229721142689924	1.44591807698059	-2.63800166984118	3.19161311498582
paco1243	-0.0843971276427649	1.51331561927363	-3.29028359581716	2.92806703561634
pagi1243	-0.124854520845428	1.43314646323663	-3.04436438584113	2.67773235550796
pagu1249	-0.214679341101991	1.46456951902364	-3.22638751793376	2.66849165300685
pahn1237	-0.068546243332195	1.52544304984524	-3.20858595478754	3.01442975787989
pait1244	0.348278426191369	1.50703952847699	-2.56938499921276	3.53078945659643
pala1344	-0.0455184773234364	1.51442155924097	-3.14202495489428	2.91480032406302
pamb1243	-0.128034712967889	1.4714879473348	-3.13186435664948	2.8017951405021
pamo1252	-0.11841664437896	1.52772858135703	-3.25886300906263	2.87691152945787
pamp1243	-0.347856424590059	1.29044730290556	-3.08357152661139	2.07393939167709
pana1307	-0.0231570135612053	1.51921770391669	-3.09576372330425	3.04205273518004
pang1287	0.0997028245156341	1.42883899619975	-2.71833548789934	2.94297947379061
pang1290	-0.255188536226455	1.18169829997684	-2.6899344957767	2.02277248505163
pang1291	0.238596756573227	1.53735207229205	-2.83464779325465	3.37140772422788
panj1256	-0.258738074596166	1.4186933578393	-3.32673872958584	2.37395247417545
pano1254	-0.0750465744500141	1.50793408940053	-3.23094214808329	2.98548742088443
pany1241	-0.0206055025306916	1.52734167204298	-3.107359612603	2.97277410177113
papa1265	2.32410361867476	1.31811296109941	0.0229943685708017	5.16989475274835
papa1268	-0.182940361915807	1.43361373366885	-3.27697714109592	2.60800533565753
para1301	-0.0587886175344649	1.5002811193075	-3.14848727875038	2.98415213661704
para1302	0.00937784039825965	1.52678087577592	-3.02084388819672	3.14063966178235
pare1266	-0.107259376125592	1.46781681967197	-3.20334557801367	2.77833684828151
pare1272	0.0137983351600273	1.50935531555161	-3.09950652860724	3.12836539618825
pate1247	-0.903933679242143	1.3812876745167	-3.93600687462653	1.54305189774525
patp1243	0.066229531848091	1.20546924944461	-2.43624950084529	2.42980413066942
patt1248	-0.134119818210593	1.52364221835132	-3.2687807797745	2.90900799243026
paul1238	-0.0951959107195086	1.50705268997396	-3.16639633021753	2.94662521203705
pawa1255	-0.747168570663029	1.47004818557647	-3.93753399865661	1.91752008753633
payn1244	-0.608208876867665	1.35605525295151	-3.48796614765737	1.93429122919652
pech1241	-0.0504384617326119	1.53200952311046	-3.19389817821386	3.03687195030704
peer1241	-1.11630713625809	1.519290852345	-4.46992134865501	1.61041523296507
pela1242	-0.0216685729160315	1.50886274168384	-3.04591745599758	3.04840041561482
pemo1248	-0.099223835752545	1.50035631729743	-3.19974581519599	2.85931870356154
pend1242	-0.11770064797927	1.51568918483723	-3.22630309676724	2.84730300742887
peng1244	-0.102899638522106	1.48884155043299	-3.13937203828223	2.8566396512249
penr1237	-0.039383986117834	1.54198485329807	-3.27705182419534	3.06930538494837
peri1253	-0.0206711378511808	1.53306917377921	-3.07257424751114	2.96394973108692
phai1238	-0.0699352049591692	1.51629682933053	-3.20317057406099	2.98024314774257
phom1236	0.0228631409453618	1.49105925532673	-3.00987201146955	3.00680367818801
phon1246	-0.0662023986110477	1.53883478266095	-3.26279929838517	3.00572939396966
pich1237	-0.102690009517061	1.48538584067809	-3.1960563125629	2.91702888417409
pila1245	0.0446042505688771	1.52603634123763	-3.04822468785389	3.07951174355948
pile1238	-0.230986844461024	1.39766040497756	-3.3054661331423	2.42295218403522
pina1252	-0.250538475994864	1.34148469063333	-3.04961999772228	2.33619650989388
ping1243	-0.238134338752985	1.46065384896977	-3.30950108063792	2.57203925880875
pint1250	-0.0637437917342019	1.51235647365296	-3.12546549421756	3.02119655586527
pipi1250	-0.0744478622102894	1.50037760095602	-3.03891038459596	2.88153621508097
pite1240	-0.0194483148393856	1.52986818324471	-3.14298434316621	3.027234114189
plai1258	-0.0277326061499783	1.52538906139597	-3.23334363557981	3.02306692666484
pnar1238	1.07173613714099	1.43617370918101	-1.46539975510528	4.2698382756624
pohn1238	-0.166988555944447	1.47689412220404	-3.19782682232859	2.80106132675926
poko1263	-0.556447195674485	1.43995310984167	-3.64714983564719	2.13571119164395
poli1260	-0.160951183512839	1.42751499869311	-3.17549569168055	2.67355109457373
popt1235	1.32436422981648	1.38554460209839	-1.05407793046301	4.34876711753234
port1283	0.127192228028683	1.47672623805127	-2.71962461357174	3.21014057374004
pott1240	-0.083683361038024	1.50675722566998	-3.13695503001204	2.96409183850937
pras1239	-0.195456687447921	1.45809851270906	-3.1820920829695	2.5724927483536
psik1239	-2.07163321988057	1.43555082708888	-5.33480946424467	0.274092397906869
puka1242	-0.30171382304061	1.42145341651096	-3.25442368055837	2.46520260049435
pula1262	0.488711491756031	1.3672475639681	-2.03907543772449	3.3418080368084
pula1263	0.471416061408267	1.43202837497313	-2.16184427416937	3.52037027042299
pulu1242	-0.101846118926128	1.49871339006675	-3.11047277088936	2.81361197143835
puma1239	-0.19268651562864	1.46245526999861	-3.14460568092209	2.69020940111426
pume1238	0.391868601167232	1.40192554637783	-2.25824621560707	3.29323005745628
puoc1238	-0.0690677699147723	1.54264731299659	-3.25118216641358	3.06187332021406
pura1257	-0.668995158752364	1.47829582193589	-3.77066744151021	2.07715825210441
pure1242	-0.579850659966507	1.41792793972949	-3.69530703600414	2.02954153818952
puri1258	-0.309338254169237	1.42497726824298	-3.3387228888729	2.38070101110529
qanj1241	0.788530588536216	1.28341688954445	-1.61166847698637	3.56386395330982
qawa1238	-0.0252031143235104	1.51216939600864	-3.08609713123368	3.05669452107111
qima1242	-0.338921473523749	1.38193943941581	-3.17731734616974	2.24799902251309
quer1236	-0.797568509073546	1.42395772629231	-3.90396543999526	1.8318578134862
quio1240	-0.296822436503365	1.38979881153633	-3.28766426861958	2.41532366439206
rabh1238	0.627316549771298	1.45165174578406	-2.09983629731987	3.73137075089607
rade1240	-0.0871113490709295	1.49086303707144	-3.13120667479495	2.89731027420465
raji1240	-0.0919758923005439	1.4711733698837	-3.13993010998761	2.87847057395528
rama1270	-0.223646926337225	1.5362003493891	-3.31613393529778	2.81557790109613
rapa1244	-0.042668165223015	1.52422142536033	-3.16250357373385	2.9904607032237
rapa1245	-0.0333972206647559	1.50491064579476	-3.16844552619853	2.92635056548678
rapo1238	2.48023617114747	1.28995541202567	0.138537899983411	5.24966612162561
raro1241	-0.049634443367874	1.56940554777448	-3.27607553173291	3.13985299434388
rata1244	-0.0861043768687808	1.49454692480154	-3.19731498370439	2.94468950184019
raut1239	-0.0646806712780637	1.51668409143477	-3.15762486232294	2.95515031613503
reja1241	-0.124527700505286	1.5164135851567	-3.29009755126007	2.93418343978494
remb1250	-0.262571155799159	1.47609065515096	-3.36941442537848	2.58344290528389
remo1247	-0.0591563754133967	1.41353219277612	-3.00506067923911	2.75342249382939
reng1252	-0.0861431658137009	1.52679017787653	-3.25600997495885	2.88914831993918
renn1242	-0.00657924870976455	1.32055135728207	-2.68009090349045	2.58257418712981
reye1240	0.170453841509833	1.52197446137137	-2.85767576045871	3.37229701545269
rian1263	-0.25097316199923	1.4564084488381	-3.19456510005803	2.65379245735226
rikb1245	0.58669999892517	1.40119162180906	-2.02094134040153	3.65516560411197
roma1326	0.174491105679199	1.4931791471132	-2.73448989484477	3.2854559237446
romb1245	0.124951506480569	1.41893930937157	-2.70600514807416	2.95813191482875
rong1264	-0.0642714433919829	1.53641593950125	-3.18053176031662	3.06585008537321
rong1266	0.348551139096469	1.49642520614408	-2.57317993942124	3.49555478047675
ronn1241	-0.874619816848878	1.35222134360362	-3.75981148154101	1.5912460225797
roto1249	2.35544033714617	1.30417628561422	0.0933887371811985	5.13647488608944
rotu1241	-0.351523147819605	1.42894566856885	-3.40275379294238	2.33716038881011
rovi1238	-0.141654980727158	1.06614154358437	-2.36381441649091	1.91574850762208
ruch1235	-0.0596103907556053	1.51579337337229	-3.20543652010604	2.94497798014448
ruka1240	-0.191305071940255	1.43710659063389	-3.25092057388782	2.6121583585264
ruma1248	-0.0254420405033961	1.52587100209789	-3.19627449561119	3.00563556601851
rumu1243	-0.618176607147076	1.43941015472637	-3.79481048328502	2.07015477821927
rung1258	-0.309444464846834	1.47722365346335	-3.47970272048101	2.52520551513856
rung1259	-0.0778194062217319	1.46979138806405	-3.13504446980359	2.8377130998524
russ1263	-0.167862208772197	1.44738083207872	-3.1796624310006	2.7027547288072
russ1264	-0.0127250071464348	1.50978915405747	-3.17210872757189	3.03244146457546
rutu1240	-0.19911960760565	1.56126657088817	-3.44166404259445	2.84040835892212
saaa1240	-0.276811708911071	1.19344033588181	-2.7863109344795	2.01547015446935
saaa1241	0.0682762279941698	1.18579145981453	-2.30974204505825	2.44580493746501
saam1283	-0.559076403156947	1.48884024593853	-3.76522161652578	2.3064982540149
saar1237	-0.204732520494698	1.41571385057897	-3.20290163344262	2.57740874861656
saba1267	-0.172900822307944	1.45845359718163	-3.2685488217791	2.63844512403277
saba1268	0.0210441233051717	1.48624282153758	-3.11113441448816	3.0038395717671
sabu1255	-0.322312810631544	1.46756384201901	-3.36774319180855	2.50063967246979
saga1262	0.622219180865265	1.31311556860652	-1.81126026134262	3.41955547297142
sais1237	-0.181868807982953	1.47169191300125	-3.27703735154317	2.68135445600016
saka1289	1.52086921684982	1.2587721366786	-0.642928247700494	4.24625946689834
saka1291	-0.0190065858180113	1.54087315267542	-3.23146367408334	3.07413113079658
saki1247	-0.203295152924166	1.45746248128744	-3.23547043203117	2.59332752310834
samb1305	-1.25718886806371	1.53276301292082	-4.64860013891721	1.44374259932676
samb1311	-1.23848102388411	1.53516884908194	-4.64186367148783	1.47585435004362
samo1305	-0.326189068331673	1.36504778377107	-3.15624947911443	2.27328484506163
sana1295	-0.115258616089527	1.48873905506979	-3.23202074753962	2.8101121788974
sanb1241	-0.00866230336713835	1.45439544735158	-2.97203191415334	2.97699153299462
sanb1242	-0.039924834276653	1.50458636375695	-3.05640802288195	2.98632972190823
sand1273	0.329633920564819	1.28356827775829	-2.17878888527706	2.98263967745792
sand1278	-0.0117883728706873	1.50506316822584	-3.14085998388003	2.99659212771154
sang1331	-0.100102480084029	1.52053474410549	-3.31147254972067	2.91986644250703
sani1269	-0.0311890962326502	1.51620303256027	-3.16748020815501	3.03030821587602
sanj1284	-0.210362938749877	1.37109580422173	-3.05879959805681	2.48913985657668
sanm1289	-0.0575297506735323	1.49303205210786	-3.07608557484974	2.83318731539934
sanm1295	0.409903295481926	1.31855238723792	-2.05740898887704	3.19150493771896
sant1410	-0.0797661258777862	1.48066235650115	-3.06268337612846	2.88266568161502
sant1436	0.547873221402244	1.34969757193114	-2.01705325710958	3.41443948058139
sant1451	-0.0971323843714031	1.46319272749851	-3.14964690702054	2.78912427656099
sanu1240	-0.945190821235571	1.39940399295331	-4.0198979751661	1.6377923626321
sapo1253	2.54268799916951	1.30938537086796	0.205181539420276	5.37061189355099
sapu1248	-0.090689517426741	1.47996294238082	-3.0705145909364	2.86815425699608
sara1321	0.100943064233444	1.51473277385163	-2.92063322388324	3.18275821688805
sara1327	0.874717724099949	1.38436511951961	-1.80287135866222	3.85072561841332
sars1236	-0.0128173921836667	1.51546464547966	-3.14672465077129	3.03793207381484
sasa1249	-0.0842316536186506	1.51443314993599	-3.23430832772095	2.88038857195498
sata1237	-0.401996706773057	1.40728764481403	-3.39604285978296	2.25298677922896
sauk1252	-0.905712221160483	1.31824331034786	-3.85774541075218	1.44606370593279
saur1249	-0.0947829519212704	1.48468246543654	-3.1732105704375	2.81449669475126
savo1255	0.547503452282029	1.25115065907812	-1.78902689058633	3.2205880878959
seda1262	-0.0902490466424358	1.52967989297697	-3.23408142638367	2.97804461501699
seim1238	-0.0508505462613279	1.49061220681011	-3.01448348558205	2.87446054473166
seke1241	0.0600742236691612	1.18044426536493	-2.33554392271227	2.42856624651677
sekp1241	0.738440993123786	1.12062834640086	-1.31550951182502	3.11265258949919
sela1259	-0.359456653003612	1.41147994455056	-3.36622183474682	2.32142787739733
sela1260	-0.107131919091145	1.53133619909859	-3.30574660034595	2.89206259306104
sele1249	0.814096231476481	1.10884619728193	-1.19041146282573	3.12288704102723
selk1253	-0.0155467200124898	1.5299464286255	-3.18831603204009	3.07159726888769
sema1265	-0.0494411877215242	1.49903430474161	-3.09318226432382	2.93337026883927
seme1247	-0.0422138034849805	1.49665540326518	-3.14759276452914	2.92928729862647
sene1264	0.0806124379440289	1.50950244647998	-2.96393491551451	3.12406714867248
seng1281	1.58797620746762	1.54129588733895	-1.06945957261543	4.88871306790343
seri1257	-0.448914563840041	1.42818645740149	-3.4074094594435	2.23132256649751
seve1240	-0.0484622883718932	1.54737904258207	-3.2446281323294	3.0982812184522
sgaw1245	-0.00195067860743834	1.53602987810068	-3.11713404012448	3.22739157865716
shab1252	0.926079462400841	1.52023985491112	-1.79019732553939	4.26375342935373
sham1280	0.228033038641451	1.41495965049591	-2.53293043242206	3.07129042410596
shan1283	-0.114096569071632	1.49486044784693	-3.15440398854822	2.83076998935914
shaw1249	1.09274397385386	1.44619603411428	-1.44076166788418	4.24228213285013
shee1238	-0.0304148094092996	1.53834153078812	-3.24373734953638	3.08718193693292
sher1257	0.20677395271685	1.48581061912781	-2.77472591266934	3.23783438744082
shil1265	-0.0764459499339162	1.52286235870672	-3.20171958980288	3.03710642596678
ship1254	-0.0878423945089909	1.47510746582935	-3.18873649679018	2.8414501243491
shix1238	-0.0431886320021911	1.51415553417245	-3.14111080152648	3.01670446210207
shol1240	-0.0432724262161657	1.50137123992668	-3.01360796930249	3.02842697889797
shon1251	-0.0808216096680457	1.49889696567332	-3.19509011418051	2.85821284829231
shor1247	-0.00828851665481064	1.54730880336477	-3.1919769598661	3.01794591704061
shos1248	-0.0367186265759418	1.52243292444477	-3.14348551414729	3.01816289566705
shua1257	-0.133019349347243	1.49771151534082	-3.24136809063943	2.8318744111856
shwe1236	-0.0246706665956987	1.54123344228442	-3.06752859147492	3.05772121943126
siam1242	0.248734580832572	1.09509118340409	-1.91261811015612	2.51199692050557
siaw1243	0.437219887565167	1.31726697991637	-2.12917624836565	3.1444309727089
sich1238	-0.032597616110286	1.5186138817363	-3.11823443462232	2.99491078844931
sici1248	0.093819755441032	1.50811794781237	-2.90688291393054	3.28710458393068
sici1249	0.460195154961583	1.16779277001347	-1.83005590657476	2.91914502502878
siee1239	-0.335945974220326	1.44822806616976	-3.40975259836468	2.48334140291713
sier1248	-0.477194244110479	1.42109596719416	-3.5033612556373	2.19271101069707
sier1250	-0.27033283606342	1.37601685961604	-3.24527070574216	2.41874191090886
sika1261	-0.344821562421583	1.36152417635624	-3.32642010622463	2.2110036722965
siks1238	-0.0672466897747191	1.49192260392289	-3.07720513992245	2.91067440323647
siku1242	-0.0578608201009961	1.50036338584628	-3.13972768590719	2.98692838853055
sile1255	-0.732025202172788	1.38667709929523	-3.63066703426903	1.85441837037078
sing1264	-0.0940292935527784	1.55981111523985	-3.32570290140425	3.05333112787743
sini1242	0.0831498763068892	1.42466889914734	-2.82522917032964	2.95636530474624
sioo1240	-0.632434736059225	1.37541137290425	-3.52322779277902	1.98432942731463
siri1273	0.253493391301558	1.45776358080033	-2.6177548322292	3.30790941996627
situ1238	-0.17321280349967	1.48225935845277	-3.2348729524108	2.79666738358603
siwi1239	-0.255759380808825	1.43953299346968	-3.25898975242657	2.49220216348557
siwu1238	0.816993819698344	1.12153183207632	-1.23841104163138	3.17562658788103
siyi1240	0.294192773645165	1.50504003373507	-2.66327236149155	3.47784659658647
skol1241	-0.00602563370040186	1.55972636653703	-3.19160169269655	3.18429356397413
slov1268	-0.161323550938416	1.47394700235711	-3.32209236876916	2.70836210197087
sobe1238	-0.354028607376256	1.44742946708085	-3.5164803082643	2.31379475893024
soch1239	-0.344814509914436	1.41831243455557	-3.29475003096229	2.32024460788076
soga1242	-0.48237572191995	1.51133021676129	-3.72591799525127	2.43814247847519
soli1239	-0.110830764305614	1.45989832865315	-3.19964911448652	2.77785967989079
soma1255	1.24307860702981	1.40975425328734	-1.2554328684849	4.26519221624042
soni1259	-0.0177410675500399	1.41983903082401	-3.00458500759983	2.81051922631511
sons1242	-0.0427080377751174	1.51517761762646	-3.02601153118322	2.99305436172212
sooo1254	-0.0778716163776754	1.51760555977921	-3.14988335526796	2.92860759877231
sout1528	-0.0112719035758873	1.43730488945725	-3.00033779009134	2.8113183194702
sout1549	-0.0589384365752254	1.51823722650841	-3.15848919933473	2.97646629621539
sout2649	1.63796415127884	1.51528829006476	-0.962284097959292	4.95725431230015
sout2674	-0.210022035687753	1.47458439303772	-3.23109445049641	2.59823901693424
sout2679	-0.0449961230111623	1.55101116514486	-3.17930794695159	3.13904249152099
sout2715	-0.335492578508698	1.42744121729411	-3.39343354780969	2.4009217628128
sout2728	-0.231980244366584	1.42941922054062	-3.19157536056367	2.58261237924612
sout2729	-0.0344340571702691	1.51990684244768	-3.05544493864929	3.08392389686409
sout2730	-0.0184468407536421	1.55274014821488	-3.19461566989244	3.09851262290495
sout2782	-2.0891876260141	1.55237945159344	-5.52452995158941	0.520441269437927
sout2797	0.174685424816744	1.04051717693108	-1.8840546105757	2.26741125753288
sout2807	-0.0503559701747876	1.49479332648465	-3.07550902953997	2.92948692639706
sout2856	-0.18081927589411	1.25261226819781	-2.76704307793632	2.24864713679229
sout2857	0.0335952146782355	1.09514487918545	-2.22278175714672	2.22095300948562
sout2859	0.154410818320137	1.12614590204668	-2.13469138542313	2.37727481323595
sout2869	-0.430146478051941	1.43518850854337	-3.49288705823316	2.24082012331708
sout2896	-0.33099748406647	1.43437525738271	-3.36889363948783	2.45858331534135
sout2918	0.716331529669309	1.39665629261407	-1.92559702330376	3.687566732249
sout2954	-0.000230826462374734	1.52785175882978	-3.04500887511912	3.07073534171626
sout2956	0.0464209356764857	1.4948676365089	-2.95411934756048	3.05242668236315
sout2959	-0.00105244717126981	1.51422761437135	-3.05222897775853	3.08497784929069
sout2976	-0.178184259775718	1.47821997027845	-3.31417247111443	2.76889034798968
sout2985	-0.118142803111824	1.52617583284373	-3.23127353738544	2.87794261964726
sout2994	0.0202355363267277	1.51961152154015	-3.04107140347524	3.00762160441121
sout2996	-0.0190009080376166	1.54082932427055	-3.18793440896742	3.08994852968992
sout3236	-0.510100865233825	1.45337097588805	-3.55140593517407	2.28023433620676
sout3261	-0.167047381465343	1.54166698004215	-3.36236372364193	2.91605837574827
stan1289	0.100677216963487	1.44495617472851	-2.68097291288213	3.14747514835159
stan1290	0.108666408521787	1.49000034696572	-2.80472937436211	3.25203881575685
stan1293	-0.257609813473371	1.43510164288333	-3.36716586964526	2.51028711009398
stan1306	-0.0355716688962695	1.52955837690442	-3.15332023675114	3.03938576676
stan1318	-0.0924113194124664	1.44131195099176	-3.05612657296192	2.81693074305466
suba1238	-0.858108535651262	1.46838134116763	-4.00533077833409	1.85261442525117
sude1239	-0.130766537328205	1.49174987354503	-3.23523457004048	2.77729380820992
suku1259	-0.0693424256449101	1.51602334412177	-3.19945640647054	2.9414371980947
sumi1235	0.107787372332557	1.44592017657625	-2.80568495387983	2.98679239465738
sund1252	-0.0328941106947267	1.52348897840693	-3.16804899903308	3.05055571234943
sunw1242	-0.257017487595577	1.49148394153406	-3.40927397633232	2.63052090877189
supy1237	0.609179345876835	1.27131733377595	-1.79962517288168	3.30828941352504
surg1248	0.00861620942414351	1.5382651093596	-3.04867929425886	3.10703271037679
susu1250	0.981958961596923	1.46898785989258	-1.64772376021174	4.12832934782128
swah1253	0.299700102340032	1.41681178566285	-2.44127814900477	3.21707780217393
swed1254	1.53973222712664	1.4895602952355	-1.01849003632092	4.75441240523895
taba1263	-0.198391617722848	1.45469678627995	-3.24042510306495	2.65221830743158
tabo1241	-0.676398123799991	1.380948192839	-3.70485833481263	1.89301518673099
tafi1243	0.568550186330784	1.09630709632907	-1.52431018623627	2.91745515963991
taga1272	2.24397099023518	1.44894249685909	-0.204757064898555	5.39083743503465
taga1273	-0.107521796327583	1.4445734687242	-3.17327043941434	2.71843557010245
tagw1240	0.0072156750689828	1.47917581888916	-3.08814748887904	2.97769765263569
taha1241	0.201153523458719	1.48089946179522	-2.6608352566407	3.29638988399752
tahi1242	-0.316663340111508	1.42850613390091	-3.37293155871119	2.4118009362162
taia1239	-0.10273056888474	1.34823675790455	-2.87999551962336	2.61059600149704
taji1246	-0.116249127949907	1.49962038082886	-3.18562234009506	2.78018170945087
taku1257	0.158531922242368	1.38852516939603	-2.72817191739747	2.80421717132814
tali1259	0.198842764986238	1.32759917526884	-2.3807979409896	2.99892094569492
tama1365	0.630549461357897	1.35302386841503	-1.83233604593779	3.58331510353867
tamb1254	-0.125104173822262	1.39018715064382	-3.09301431464525	2.56978573208504
tami1289	-0.014280370204612	1.49541088614531	-3.02434717114669	3.09631409415407
tami1290	-0.424739134470248	1.38533876946752	-3.29585117097893	2.24574368478434
tane1237	0.397427860445238	1.44289470776964	-2.49302837771158	3.26467032217929
tang1336	0.20647316595949	1.48652061181447	-2.76885185329542	3.22144983980743
tang1347	1.01013170402424	1.17334161673166	-1.14749404150208	3.4691145008841
tang1348	0.936449417896147	1.32495199809719	-1.53384313455072	3.7592534410783
tang1373	-0.0362981944569432	1.52836977795729	-3.14674501355839	3.03563453534913
tang1377	-0.217937553293168	1.50049484418087	-3.40481699748051	2.77499666412611
tara1313	0.24332697725679	1.48828309895968	-2.70743611058821	3.34845470862915
tari1256	0.36886809081494	1.38208745943209	-2.22672193345258	3.29223073160098
tata1255	-0.0237334904833216	1.55396855624945	-3.21843454754491	3.04993624287641
tata1257	-0.181833813988019	1.43653473959614	-3.23211804616235	2.61405145795502
tata1258	0.2719575187379	1.42789536034527	-2.56857425882017	3.28561723717282
taul1251	0.108399332900557	1.29092795526978	-2.49388424727277	2.65433784950379
taus1251	1.08163001894148	1.36309988148298	-1.44766589143225	4.02906358678904
taus1253	-0.0458277857712085	1.48606922791365	-3.13734390534687	2.87083529267468
tawa1286	0.210810831425867	1.42117966579822	-2.53699930580208	3.18176304986414
taya1257	0.171039208868678	1.43035415066481	-2.71086002229395	3.14204567856026
tbol1240	1.2411041024264	1.36109497754315	-1.18625710132832	4.08139980311914
tean1237	0.363762403145335	1.44693441612055	-2.55288235143202	3.29412805530272
teda1241	-0.0785549029630833	1.51842022174411	-3.20873558455125	3.02339226143537
tedi1235	0.293198321185994	1.52718202971105	-2.7401189854372	3.54808266979319
tehu1242	0.00173496980263089	1.4895666976839	-3.00906206399387	3.05196690674756
teke1275	-0.0136985951651124	1.50589430544578	-3.11003278359697	2.96972451386563
telu1262	-0.108719116586859	1.5232712900722	-3.20012320584406	2.98882992696908
temb1272	-0.0197841091830131	1.32351276235839	-2.6184605396776	2.66555580987202
temi1246	-0.0339394667467173	1.50524644399563	-3.15405491369403	3.03202841644144
temo1245	-0.838988711093565	1.42842427105555	-4.00089219762637	1.78376981590934
temp1235	-0.114930775893555	1.4175425071046	-3.05679921616229	2.69452641968648
tene1248	0.401587782527346	1.44360449056696	-2.40824773618933	3.41020283666864
teng1272	-0.0399886921831297	1.48757447183516	-3.11499813236461	2.95127265270601
tenn1246	-0.0980451984838594	1.54091928970632	-3.31373616568129	3.00101975710869
teop1238	2.54446578802201	1.30882183599132	0.202894430097718	5.37858403658025
tera1251	-0.27056867193076	1.31907757311287	-3.09648686793872	2.27104682470529
tere1279	0.0265527677126168	1.51424221819055	-3.00683740511314	3.13636496509737
term1237	-0.446664904739842	1.36502741801974	-3.37756315642389	2.05165820864354
tern1247	-0.207769662671044	1.48400944049616	-3.26013020247122	2.67218530941711
tete1251	-0.579200204733674	1.45652321122917	-3.71259170147559	2.18600546139508
tezo1238	0.105213950707059	1.26401184437502	-2.45277190269941	2.70992967290884
thad1238	0.328444291249176	1.50606044339373	-2.61961712944801	3.41157175751682
thak1245	-0.229755842596544	1.46166302535782	-3.31610949163134	2.68528695497853
than1259	-0.17114783224586	1.5165618352329	-3.20515117879469	2.84803547771238
thao1240	-0.209629122250295	1.42879975773651	-3.25641067718452	2.59707934670236
thar1283	0.101021711143634	1.45364830304981	-2.85715244540909	3.05640434530092
thul1246	-0.0758759277563474	1.50938966806899	-3.13778283722022	2.90839038416542
tibe1272	0.0120303254774081	1.50649416762162	-3.0233169583254	2.98832417061026
tibe1274	0.294493762710647	1.27941230072546	-2.27665762043844	2.91042244727066
ticu1245	1.9804151294985	1.74448278585676	-0.832692336389812	5.93796447131074
tief1242	0.226135868270345	1.03937505318086	-1.85902174579265	2.37778096972088
tief1244	0.278713676240205	1.03913453493716	-1.74739400415751	2.40363481913091
tien1242	-0.0420653024819734	1.51536438594662	-3.13903851853364	2.88752674323784
tiga1245	0.0373069345721959	1.32013013723293	-2.62566328199178	2.6555434036302
tigo1236	-0.532543954723506	1.1634323050486	-2.96233368226619	1.60966158308587
tika1246	-0.179716094372852	1.31728487683266	-2.90342648179151	2.39336681417864
tiko1237	1.42176869710801	1.41190037251953	-1.09672790910809	4.42444239364393
timn1235	1.25006059627534	1.49271117829193	-1.31420631793781	4.59117749266625
timu1262	-0.165324649908442	1.43075547196972	-3.22855982829655	2.58032006580877
tina1248	-0.352017666586356	1.27866590946578	-3.03574576728413	2.10281537377695
tiri1258	-0.327279876389034	1.18587635690865	-2.88415437298163	1.93882124818711
tiru1241	1.52018778690544	1.29843464179264	-0.820405273470541	4.26166275562431
tita1241	-0.410359871385036	1.4102927992337	-3.50711490309879	2.31262707518801
tivv1240	0.0739773743075953	1.31842739395502	-2.60848354833825	2.70183966397824
toab1237	-0.378679083147379	1.24515400447122	-2.9552066012601	2.04281447673411
toar1246	-0.713427088230627	1.49154258881203	-3.98097250794899	2.04899480185768
toba1268	0.213984732009629	1.45957521436932	-2.68026089941509	3.24921876515383
tobe1252	-0.19219709816061	1.49616269474538	-3.30205697678155	2.77928822711048
toda1252	-0.0489441313780827	1.48377810710941	-3.0611345324554	3.00046033438173
toho1245	-0.126804259409967	1.52473891811417	-3.37040209308711	2.85012811956759
tojo1241	0.59804972213872	1.28866314069328	-1.84147075021327	3.3182694987208
toke1240	-0.31154441397147	1.42377211804387	-3.37207138401753	2.37900364158935
toma1245	-0.235132607479977	1.46621585265389	-3.29517644820393	2.63433363602087
tomb1244	0.0558282470968005	1.42370926559684	-2.87263045168888	3.01818910352319
tomm1242	0.48396783157071	1.38673218048829	-2.18712486476215	3.44647651189033
tond1249	0.495058875791873	1.45334789225761	-2.28446586513801	3.58837274664912
tong1308	-0.0416596067080996	1.47113507106282	-3.05808679073542	2.89854344936899
tong1318	-0.0430783036750716	1.4579375275012	-3.03928056879005	2.85106540145065
tong1325	-0.0562632578062286	1.52315503875228	-3.25968716451084	2.94270718647761
toor1238	-0.255885782156919	1.47728033466254	-3.40063917086145	2.61585532868675
tosk1239	0.613169535970978	1.47623918156449	-2.19145487912762	3.7809119093721
tote1238	0.0870207106869894	1.54110224431834	-3.00533245136138	3.22861549399595
toto1302	0.0309121053403089	1.50830245756576	-3.05798073679114	3.09184759095155
touo1238	0.219714165741911	1.14485527059023	-2.04930378081184	2.55288658051256
trin1274	0.497201939318448	1.33988838536011	-2.05214020182669	3.44335581029922
trio1238	0.0104393459744468	1.52165383423465	-3.09151359229391	3.07149050121459
trum1247	-0.0436384357906005	1.48406687462446	-3.07812666455411	2.88345574972713
tsam1247	0.990744877661676	1.28594702318148	-1.34256294739134	3.77532821599773
tsat1238	-0.00245050913408039	1.5797939404236	-3.25852106577292	3.26198193388517
tsha1245	0.158626197669238	1.48322122762852	-2.771677830873	3.2109389331412
tsis1238	-0.497693265855223	1.25471544352872	-3.10554556705991	1.88373723163847
tsix1234	0.357573426356269	1.4130051120179	-2.43020657050423	3.34225985965894
tsog1243	0.646770426066301	1.36966449230998	-1.8237878085053	3.56938536787801
tson1249	-0.0607416675996622	1.46024849265205	-3.03871172454163	2.83715456445333
tswa1253	-0.138942398722377	1.45099955458454	-3.04308985121152	2.70684137203052
tswa1255	-0.0699672133642343	1.48230590133422	-3.10964039412524	2.91048964852388
tuba1278	-0.00510023817758935	1.53469447512056	-3.12846826383622	3.08126395816489
tuge1241	-0.501750652110503	1.42303099906462	-3.52691490939928	2.19359062395623
tugu1245	-0.243767606471653	1.49787275885331	-3.33586602528308	2.68751951064791
tuka1248	-0.105603919188293	1.52719513480262	-3.24445446405771	2.86563533401513
tuki1240	0.183464419538863	1.35535254437515	-2.55491558579332	2.92940829265311
tula1252	-0.851156002994892	1.32687450246047	-3.72048086030258	1.5541163709402
tulu1258	-0.03470939941771	1.48919865742459	-3.0648183378718	2.98300027695507
tumu1242	0.314288335801407	1.43842830021904	-2.57773921422659	3.3479430050492
tune1261	0.660480671809407	1.28290165430719	-1.73934132530786	3.34386434408734
tunn1238	1.18431218909202	1.36497115220247	-1.18281581204392	4.16259766437015
turk1303	-0.0292940085795878	1.51387311141545	-3.1460232830971	3.05120556114055
turk1304	0.019940474878446	1.54716466825978	-3.14432811458782	3.14913018412309
tusc1257	0.00019295478317127	1.49513408934395	-3.01156152205226	3.00538557212881
tutu1241	0.702162978304814	1.14224083519897	-1.47234853005341	3.02327382918132
tuvi1240	-0.0336311185838306	1.56492534965587	-3.22971077837944	3.15066169863117
tuwa1243	0.465508058100961	1.08572597320026	-1.59133324285803	2.71957559550324
tuwu1238	0.815123734158604	1.15011456346145	-1.25219180064596	3.26974028315492
ubir1237	-0.649060878665835	1.34826985001185	-3.56909656801043	1.8078156169147
udih1248	-0.00506590019884062	1.52545703609813	-3.03374372495569	3.12053089352372
udii1243	-0.168617814108229	1.54542662949388	-3.35191061099136	2.89327723319765
uduk1239	0.0909162813396099	1.41592935334919	-2.67560686774055	2.99096033637579
ughe1237	0.0986185342483567	1.10315057627096	-2.13235824120846	2.32263436869694
ugon1239	-0.00284465435552602	1.54135398269023	-3.17448028492176	3.06395776968927
ukra1253	-0.181631282419613	1.44183921600951	-3.25823471704093	2.61991818228201
ulch1241	-0.0365254660113605	1.54095595456593	-3.23772646712983	3.06885076170662
ulit1238	-0.0545967635848676	1.48862257794689	-3.12224941779205	2.92767391334603
ulwa1239	-0.0970786674211358	1.54890832003782	-3.25661999768038	2.90914604283558
umbu1257	-0.0525828377370427	1.50953295021895	-3.10555796944954	3.00865703295344
umbu1258	-0.385547080925286	1.39987733057153	-3.39687851914036	2.30678359361681
umes1235	-0.00637229970363814	1.55754096473872	-3.23161128703432	3.13066201731066
unua1237	0.0252347998501183	1.05838601726508	-2.14206678955853	2.09679030741521
uppe1275	-0.678305655127048	1.42709871525428	-3.78344872735134	1.99911192637936
urak1238	-0.0427365909844426	1.48543166491851	-3.06022844238156	2.86303202829046
urar1246	-0.0746996609406497	1.55214803338837	-3.27821432792356	3.0536963984577
urav1235	-0.314618836696697	1.4431626711053	-3.29519317787752	2.53180917704342
urim1252	1.85192088614479	1.41455420516826	-0.536264644953253	4.90396590978041
urip1239	0.222429942459894	1.11727219968618	-2.08760284176854	2.46277654228473
urni1239	0.145044069858702	1.43241453686245	-2.69847937677586	3.07492358652196
utes1238	0.00994273906177464	1.51122341560683	-3.03741690266123	3.13417529732774
uuuu1243	-0.0818414452654266	1.52276103909266	-3.1442126658916	2.98369343298427
vano1237	0.314159145110624	1.46096011136862	-2.60950451796414	3.29623852442381
veps1250	-0.00403376313820373	1.5165603375952	-3.08262358220425	3.02337961959343
vera1241	2.02225865289245	1.47937621623854	-0.468658756388897	5.24761130716762
viem1243	0.584873869202434	1.17904917693422	-1.55964456382485	3.10387873587221
vinm1237	0.0614712680814357	1.08564980891164	-2.17791941540287	2.20066918909058
voti1245	0.0118796792972032	1.53325766376736	-3.07795507669523	3.09279640100532
vure1239	2.01060633966138	1.4768970397235	-0.472975473082104	5.20621622617527
vwan1235	0.460051482307806	1.31963108101093	-2.04093887359642	3.25988855275496
wadj1254	0.488570246497681	1.4918791363233	-2.39898142043976	3.59543807126804
waga1260	-0.00242985537661232	1.52446957075837	-2.95589575806052	3.07880157036648
wage1238	0.259300836549566	1.51645898172804	-2.74582247184947	3.32605800064221
waig1244	-0.178684741360847	1.51407618266338	-3.33219296651572	2.85395487684848
waim1251	-0.601795022877917	1.47401871472756	-3.82102861734018	2.18838339825313
waim1252	-0.359370476313789	1.45642845346842	-3.38414155274068	2.48343501923098
waim1253	-0.0545113920260708	1.51765284740712	-3.16588846587072	3.04216997375024
waiw1244	-0.00310912754696747	1.5271634064584	-3.13384864018858	3.14629533312556
waja1259	-0.934479501026821	1.35271178900641	-3.83641990153595	1.50719581928636
wala1266	-0.41550700567171	1.18657602203569	-3.00314265142159	1.81552551647187
wall1257	-0.360029390455088	1.39645397798864	-3.33448081194621	2.29354038341932
wamb1257	-0.244356999459071	1.46026929794283	-3.21972788055893	2.56652337423424
wand1267	-0.655003114493268	1.39223065005284	-3.66138287847993	1.96798867917423
wand1278	-1.02540015125261	1.33030667437255	-3.93911259238902	1.39110957676808
wang1291	-0.327102372105746	1.4229721514817	-3.49354101460708	2.37088241697941
wanm1242	-0.00265100465667042	1.55310558737803	-3.01824016988052	3.17843739830093
wann1242	-0.0475505643000867	1.51751048006651	-3.1559606246784	2.97623937746414
waor1240	-0.0812425090774551	1.54355316591058	-3.29522260000066	2.99984743294321
wara1292	0.27920564369951	1.24183792276032	-2.16089318234613	2.8652278567243
wara1294	-0.351309934024665	1.46000339394076	-3.43206707103595	2.53724953563533
wara1300	-0.26552687407122	1.41933101454177	-3.20522286350894	2.48678911972382
wara1303	-0.012174934450948	1.5227540646829	-3.07801324032919	3.04229160165251
ward1246	-0.011030688056316	1.54182244957277	-3.18406501688469	3.09840289524821
ware1253	-0.354947510077006	1.44253647387692	-3.37277007715609	2.35792621912874
wari1268	-0.00801181082135821	1.49765744853708	-3.05176883641854	3.0104848762513
warj1242	1.08105666503394	1.42258798925278	-1.46399740448243	4.17205151629117
waro1242	-0.493191569674705	1.46874256553001	-3.56857839096071	2.30865556259269
waru1265	-0.0113833421079	1.56420602235513	-3.16640720555853	3.08827944602082
wash1253	-0.144235433169614	1.50665607382444	-3.25782347434792	2.87173103999904
wawa1246	-1.00942039131226	1.32917777174139	-3.85190844435514	1.31074788820112
waya1269	0.0152640466686608	1.562932635617	-3.11804044176536	3.10831687268032
wayu1241	-0.284504815833462	1.48603702953721	-3.40551624050203	2.62436471614151
weda1241	-0.665909720027102	1.33472167458024	-3.51823774087176	1.82180005627207
wels1247	-0.187112402497095	1.46775378542703	-3.26687203201349	2.66949178972605
weri1253	-0.760981319022147	1.4481739565492	-3.86896405994362	1.96974935808584
west2354	0.182016976818774	1.44465784960737	-2.60570990904931	3.14323593025689
west2386	-0.265691386085729	1.41531906832314	-3.28461779785104	2.48700183300516
west2392	-0.0165590194742791	1.5623054438182	-3.11437961440115	3.27776825561386
west2396	-0.0510179965938996	1.51152050255877	-3.14814425198737	3.04003168020726
west2397	-0.0685058502007338	1.52787119294518	-3.23329551704889	2.92363943384428
west2415	-0.344131214676815	1.43323759482294	-3.30575472252197	2.32743791813143
west2418	-0.273681127327743	1.43705750238912	-3.27190284514431	2.60342641989227
west2430	-0.0207977014048107	1.5253751116592	-3.05636262260281	3.18339731898781
west2441	-0.337305019654431	1.39357943872016	-3.32603252288134	2.37739549303561
west2466	0.177754087463458	1.05762265311957	-1.94785597795045	2.29192662835071
west2516	-0.0729353764206483	1.336937796678	-2.89340166162939	2.56178522526952
west2519	-0.0693831924703982	1.49624172473662	-3.11245147675705	2.91220483186423
west2548	-0.130471177509573	1.52244754302373	-3.23106593886497	2.86912453286383
west2557	0.643127060142214	1.45342000787551	-2.15434544323184	3.74850161476061
west2560	-0.174233538293018	1.4125820122602	-3.1344876183966	2.50801275241088
west2594	-0.354756398540232	1.46884556807822	-3.55215146155037	2.50306024547841
west2600	-0.200357602006656	1.48960762129253	-3.29901292451191	2.71180140175176
west2615	-0.108493632120956	1.5033697925888	-3.29904709412937	2.8345760962549
west2618	-0.0423275216088203	1.56078613739936	-3.27699970291068	3.16116197050969
west2632	-0.0935208106446825	1.51306865392296	-3.31446228458181	2.8529038604751
west2635	1.39905658350175	1.39360936984062	-1.02889354006149	4.48685176012273
west2644	0.181616879682064	1.44317224917901	-2.72557964280846	3.12850333046764
west2650	-0.0219394857497957	1.51422366265194	-3.25751827088309	3.00523766256888
west2763	0.200398437015352	1.37752424844107	-2.48010880755832	3.07891768684735
west2778	-0.277161113758082	1.45848939240209	-3.324776209689	2.50626991888868
whit1269	-0.422526285078412	1.44027969578955	-3.49120032832323	2.27504563349309
wikm1247	-0.00203420240372063	1.5735510224428	-3.24026363110748	3.13643332846566
wiru1244	-0.553588007222741	1.43018825338482	-3.62240484976329	2.13571629832304
woii1237	-0.42091312827469	1.44948554866612	-3.42611728396616	2.41263420006132
wola1242	1.22196004000465	1.36619342018037	-1.30312452359456	4.22051595041382
wola1253	0.947708807486965	1.28991220439311	-1.32936711633422	3.72343221407106
wole1240	-0.0951661746694379	1.48707696696258	-3.27109070529475	2.8268863055278
woli1241	-0.115482421350981	1.49897666782333	-3.28347944267642	2.8933334657438
wood1236	-0.00845239754484764	1.49801616210568	-3.07543256882357	3.02145234504804
wotu1240	-0.110758171539148	1.56102335912473	-3.4011707555398	3.02975342801161
woun1238	-0.046664889449738	1.53749731231287	-3.27787286638843	2.97338867178344
wuch1236	-0.0449306988696638	1.5357012578755	-3.17771455312305	3.03733785695997
wudi1238	-0.00321260336578926	1.53722834561907	-3.1081822734773	3.10257788026294
wuna1249	-0.0723345671045486	1.53978792426135	-3.30745446170737	3.01315203069024
wusa1235	-0.00417329782654672	1.54517175146246	-3.15127272959153	3.12861347693695
wutu1241	-0.0210701527669533	1.51619930275724	-3.11320659507614	2.95985388095174
wuvu1239	-0.038280215501435	1.3554586796546	-2.88568826898125	2.59416392468021
wyan1247	0.142955796167418	1.49204116050969	-2.73045190282698	3.28339233936333
xamt1239	0.647976715835778	1.45303857377705	-2.03073073778218	3.74589521131647
xara1244	-0.383444769426515	1.19409034680797	-2.85020730790608	1.80201603066011
xava1240	-0.0287916879087832	1.52215744338188	-3.11195227939654	3.00809773876043
xish1235	-0.0374287681847977	1.57649214025955	-3.22938732482922	3.16145327078518
xokl1240	-0.0297544174743694	1.55003866264295	-3.23207549415948	3.10831541889385
yaak1241	-0.12362283546549	1.41606800934975	-2.96016192352624	2.71751580733727
yaey1239	-0.0900091502658114	1.5049047829946	-3.11713678995241	2.94409152759775
yagu1244	0.255721579921232	1.51175004889264	-2.80239811544501	3.36231039364944
yaka1269	-0.00751580213208647	1.49181713183609	-3.09027646231549	2.97822668559437
yaka1272	-0.554451082154726	1.44809646668504	-3.64410659547286	2.23011657255923
yaka1277	0.281714886670074	1.51439826345773	-2.81241995937065	3.31066603299579
yaki1237	0.0638819537127244	1.48121918051451	-2.96486155852215	3.05538898161982
yakk1236	-0.0565997204368022	1.5295397648152	-3.18388496554493	3.04187913144525
yako1252	-0.230933912289367	1.46705514848083	-3.2797609159667	2.69515629439441
yaku1245	-0.023453214009545	1.50465867288743	-3.11147771692147	3.00200018825283
yale1246	0.504993832058475	1.29580657911329	-2.0817120243151	3.10427881313888
yama1264	-0.0270145577519616	1.52794136892619	-3.21726830232233	3.07349841978574
yami1254	-0.128667939610972	1.49155086004651	-3.16794211971747	2.78574063877987
yami1256	-0.0830226742439133	1.53710154605453	-3.34248886629095	2.97373804576475
yamp1242	-0.134376902253577	1.47591960706072	-3.11855780680803	2.78981407061961
yano1261	-0.106021892132862	1.56467482247253	-3.3524808249574	3.05796814150781
yaoo1241	-0.0460785004186887	1.48158126053788	-3.11439057263831	2.95152828837876
yaou1238	-0.0676045183152812	1.47546904037074	-3.07022699674514	2.80566407517531
yape1248	-0.0680704708134578	1.46497192297238	-3.07644798900988	2.84415310080528
yapu1240	1.55316873364322	1.36654056878777	-0.74243053152095	4.53182641889411
yaqu1251	-0.361857446533074	1.38628647679897	-3.2758178753361	2.26710319212563
yare1248	-0.553329849153506	1.42348575744711	-3.59641927576316	2.11624848936425
yasa1242	-0.0388339136448284	1.49412533644163	-3.08757936425448	2.97981036451039
yatz1235	-0.32055421535679	1.38372350699341	-3.21757192683144	2.38912270928027
yaul1241	0.121653999428813	1.30622945685263	-2.48711889487769	2.77048090031043
yaum1237	-0.873158286074935	1.32090810544453	-3.78009858891719	1.46996321172333
yawa1260	-0.112400638193939	1.47622588939349	-3.15281507614885	2.77496224063479
yawu1244	-0.0285706771375012	1.5013567402903	-3.15032569511322	2.94451472523563
yecu1235	-0.427594220088088	1.47061034955643	-3.49787967893755	2.43335891206032
yele1255	-0.109330413829863	1.49213189948894	-3.17387003228238	2.81775353511496
yems1235	0.560327495294694	1.23892526895655	-1.71812557153227	3.147351977498
yeyi1239	0.268235857073082	1.42863211008874	-2.48751484529609	3.24926092498393
yidi1250	-0.0327669437279258	1.53719747068109	-3.10159398224006	3.0493757349107
yinc1238	-0.0498381703004312	1.50734871208978	-3.08133338801066	3.07176487765475
yind1247	-0.0105089986322416	1.53511347177109	-3.07978430337309	3.11482194468313
yoga1237	1.11843642108379	1.22379336192056	-0.997549667097148	3.76666354751895
yoku1256	-0.0652208520559192	1.48326146493215	-3.09178254276113	2.82887712340504
yona1241	-0.125364740077825	1.47566166386396	-3.24622299292143	2.78938760725658
yong1270	-0.0247559516870889	1.51636663328629	-3.05320490812692	3.07970433145173
yong1280	0.0915355584110567	1.4136210888679	-2.73035419869526	2.93159765870732
yora1241	-0.0599801080357387	1.51717012697801	-3.20666201367697	2.96030502752356
youl1235	-0.0912551505509497	1.49443236639061	-3.15828173473521	2.82594981919281
youn1235	-0.0413998541987995	1.52938308780989	-3.17207322218391	3.08462108841278
yuca1254	-0.0458113641582402	1.45222713997028	-3.06892407645117	2.93736207963769
yuch1247	-0.0198550973242707	1.53630358625707	-3.12162860536492	3.13555684157619
yuec1235	-0.0511569778587758	1.51696373579921	-3.27220917020466	2.98840220350804
yulp1239	-0.017532589080688	1.49733384082952	-3.03571640538836	2.95626376869096
yulu1243	-0.0701450510623872	1.5664757929442	-3.35389041220875	3.07725030975264
yura1255	0.175679092173288	1.53976819863662	-2.89226230041273	3.35795693240125
zaba1237	-0.498672341855505	1.25607870116088	-3.16282575248707	1.79763226666892
zaca1241	-0.708406069693536	1.42871995774206	-3.79688075130811	1.98573586008209
zaca1242	0.150289242972725	1.46445187144018	-2.79529117708878	3.12139191102057
zagh1240	-0.0453639445665555	1.54012199355884	-3.25638303636326	3.02921828900323
zaiw1241	-0.0277893192476896	1.48450030950051	-3.08663848458751	2.92518713341185
zakh1243	-0.124346542954056	1.49061049673392	-3.17241650440459	2.9074041813499
zamb1245	0.0940243690953279	1.33330508133623	-2.61295226853543	2.86769741384336
zand1248	-0.125312785275672	1.50310792866115	-3.21726133545585	2.84873084059899
zani1235	0.20522764613795	1.37172539488575	-2.54923139378681	3.02909973800573
zarm1239	-0.323498885416365	1.46780961273878	-3.40197852528118	2.5185938487535
zaye1235	-0.0415143684176581	1.5461935930127	-3.14813712583796	3.08603598923316
zays1235	1.83941736456547	1.44951770189111	-0.554445249056355	5.08452588207341
zeme1240	0.365614364962511	1.48290364036297	-2.54303666666706	3.42510793265404
zhab1238	-0.0509124748376918	1.52846387307833	-3.2185519719802	2.9976588198012
zoog1238	-0.312066151082553	1.37910555181706	-3.21513000288303	2.38001911063039
zulg1242	-1.74133912291423	1.36142371063014	-4.76846199362456	0.520245631543002
zuni1245	-0.137555267677942	1.47163177800775	-3.22518859379208	2.78346976557021
