Estimate	Est.Error	Q2.5	Q97.5
abad1241	6.18974540803482	2.25400485179584	2.28379246269998	11.0336769869214
abar1238	-0.447533726148046	2.18267441949476	-4.92120579982396	3.76446036466726
abkh1244	-0.595276601569951	2.29526746075351	-5.24500363092548	3.77813956458203
abua1245	0.0643452083887147	2.07152648494566	-4.0610462546941	4.14815964203842
abun1252	-1.75416402510786	2.30969025945572	-6.52724003243771	2.52555993986388
acha1249	2.47003262734691	1.98098483823236	-1.05097042288906	6.8237120731524
ache1245	-1.24495769323283	2.31857607250852	-6.0402035948181	3.14509757883797
achi1256	-0.919101043619818	2.32593167428115	-5.74261549204979	3.58909571458964
achi1257	-0.190600946662749	2.43914137789342	-5.26127743282168	4.5313368332654
achu1247	-0.981729453785642	2.30081671058018	-5.90438445511703	3.4362350978328
achu1248	-1.40442970017593	2.14245868075805	-5.77280314854894	2.61369554948933
acol1236	-0.437521722659415	2.37614409435829	-5.26084900540441	4.21193361022747
adan1251	0.391474026326604	2.28301054809394	-4.02093538779718	4.85410628355462
adon1237	-0.184117409196231	2.27072036322863	-4.95124497015854	4.18305090750633
aeky1238	2.66968900366829	2.21598083743263	-1.28738552779808	7.36725596969863
afar1241	-0.930583545356078	2.16796891887875	-5.44497125611607	3.0740254071546
aghe1239	-0.304892552870106	2.19918080910472	-4.79159921368403	3.97790487657267
aghu1255	2.46650159280268	2.23195749661451	-1.51920879742475	7.37882991973569
agob1244	-1.04685219086796	2.22426282286995	-5.58107837453044	3.15325840506589
agua1253	1.59092682239364	2.22588002973029	-2.54647531603529	6.32789429783515
agut1237	-0.252105698466899	2.46129102108377	-5.39329516751245	4.32858294785241
aheu1239	0.00972548263642752	2.49864325728037	-5.08125888555056	4.96905202438104
aika1237	1.0567356678867	1.95684838321334	-2.71061711141742	5.02618503765014
aime1238	2.0760058761126	2.18788037756571	-2.00733557514089	6.64760855499845
ainu1240	-0.191965075712778	2.46577182850004	-5.27876934316573	4.59637929411224
ajas1235	-0.337541086962137	2.48039975874471	-5.27825187005079	4.44134101524291
ajie1238	-0.589886726460901	2.23565591617067	-5.34418925003583	3.57135604518122
akei1237	-0.770854611247197	2.18464441340144	-5.24436935118924	3.31533853028389
akha1245	-0.310035189934212	1.60867795322321	-3.51650621196389	2.88934402392774
akoo1248	0.935338530528341	2.20840569933898	-3.34989664575832	5.54611720174697
akun1241	1.51226109092651	1.95935065148242	-2.12178795432951	5.50908316584144
alab1237	1.07885015400871	2.16870530864882	-3.04456088822642	5.63032655348091
alab1254	-1.42121165896282	2.05006294971855	-5.95369876162941	2.28025298310483
alac1244	-1.10049839835299	2.41926625641598	-5.99948427680779	3.41216974859139
alag1248	2.05679083732315	1.86075672626036	-1.48601650193118	5.78822060894148
alba1269	-0.333918536925594	2.34169788559457	-5.27040805253453	4.0623400598431
aleu1260	1.43459678029828	2.18529852505885	-2.70387354786596	5.97832382410627
alor1247	0.340787167441808	2.28136862705549	-4.12405012798949	4.73987155314143
aluk1238	-0.128896618868528	2.45803928872197	-4.94560347642302	4.65118654526622
amam1246	4.6784921399481	2.16682993956574	0.906507401358881	9.30865019269426
amap1240	-0.748876499790354	1.99880240918295	-4.83632795177333	3.14052384922909
amar1272	-0.637124223485786	2.15842761760963	-5.21062138354385	3.35131052458137
amas1236	-0.878572362284321	2.4395977301915	-5.89125219960182	3.83774545641293
amdo1237	-1.08869795204803	1.90068733385812	-5.04021531304394	2.48989375081014
amii1238	0.941424991381634	2.14549563039138	-3.17460011270168	5.35050636095075
amis1246	1.78536382604891	2.07980921211772	-2.09110818301853	6.06447305748092
amri1238	0.221421804171256	1.668434215576	-3.19541877942552	3.46494462299951
anei1239	-0.230693650645443	2.23632605752175	-4.79682902737575	4.07238766739295
anfi1235	-1.17010553799582	2.40152176588953	-6.08674538099192	3.40432514421418
anga1288	1.24821656224852	1.52725099127951	-1.65678839360783	4.41892469189278
anga1290	2.75411794703747	1.86770441168276	-0.710002431852617	6.57223169352802
anta1255	-0.126158054803034	2.45255563222016	-5.11264206377364	4.79412268493345
anuf1239	-0.397414285813257	2.39323619306472	-5.30620325318209	4.24428208785043
anut1237	-0.202153095642309	2.47122948334626	-5.31692602475154	4.53210011377985
anuu1241	0.383557994990565	1.74581984844587	-3.13034004858922	3.78719705820162
aoua1234	0.092808830135693	2.41972369577614	-4.66350648250652	4.9344250836601
apat1240	2.17789578250958	1.78933343890065	-1.11194173300431	5.92995643677234
apin1244	1.02927568520617	2.2019141022311	-3.18006673169194	5.67454261160426
apma1240	-0.605666531927485	2.07639328228575	-4.91121503929721	3.4056621597744
arak1252	-0.836725472352078	2.1245558481635	-5.24318562236286	3.1352621733066
arao1248	1.77769102782919	2.03493529203614	-2.00560429212948	6.0931910072942
arap1274	-0.347300643789587	2.40381881548857	-5.25951196161019	4.26102470719936
araw1276	-0.813832855326508	2.19241312212911	-5.36718977911742	3.21012494612316
arbo1245	1.06355287289829	1.71759734240855	-2.19478451285113	4.52918024712604
arch1244	-0.09510566182928	2.44263152423565	-5.008843779423	4.83418331392388
area1240	-0.691993631500145	2.30806849447035	-5.48230033534061	3.632032290165
aree1239	6.35439774632781	2.18845992178499	2.49150083641189	11.1553479191268
argo1244	-0.732967108619502	2.3537996576091	-5.53928643350488	3.72725306592319
arhu1242	0.767318490618476	2.29384515233946	-3.4363461591103	5.62196145794004
arig1246	-0.358216566541515	2.38785776241768	-5.16598500174438	4.21287270882407
arom1237	-0.377644434019357	2.38015528119055	-5.17888334908389	4.14454400081606
arop1242	0.0885805235351752	2.10912263013094	-4.13989960411921	4.18149834740249
arop1243	1.65214185528406	1.97489964050041	-2.10916156523964	5.71199068465732
aros1241	-0.500268022441555	2.40563199871667	-5.51240238322019	4.14987709213735
arta1239	-0.587983707978987	2.30981172344801	-5.3517524548471	3.84661519575428
ashe1272	-0.708601245304799	2.26575720229103	-5.35041972026486	3.52429872143221
asoa1238	-0.570021005889593	2.31117562891182	-5.31363642927928	3.82687082083434
assi1247	1.69662805065566	2.19254091816946	-2.41916628190564	6.27848327652004
asur1254	-0.173533273482543	2.5170193532473	-5.23143663074586	4.82377713378931
asut1235	1.03593626672755	2.25069162096206	-3.45919947094097	5.52084649444457
atam1240	-0.374757106619936	2.45847296950022	-5.49343909981836	4.26309393154321
athp1241	-1.0154429028492	1.7546509956236	-4.55165402825531	2.26164605022388
aton1241	0.693082623009	1.6884507329935	-2.5643532208627	4.06781203435003
aulu1238	-0.357549689098729	1.94453457176549	-4.35749225480787	3.29463234700511
auuu1241	-0.281270011295604	1.94833994035716	-4.24319544923184	3.51804471938762
auye1238	-1.42626603688077	2.11119197803944	-5.85218543304871	2.41975566758805
avac1239	1.62913378816138	2.15248158859383	-2.39361314380586	6.17530691461872
avat1244	-0.555559735509487	2.32265033190357	-5.25492743870818	3.89120053511835
awac1239	-1.13620661650479	2.24554786735101	-5.96218840172255	3.07079146393564
awad1243	-1.00292717792404	2.24728957575439	-5.63249392405489	3.19295178661179
awad1244	4.16109603494323	1.91514272033772	0.799200337677587	8.40284524399656
awar1249	5.11355733776146	2.0354074810599	1.5662221447874	9.46716799679548
awet1244	-0.847674634136899	1.92898195220399	-4.78846354707114	2.81201543042959
awji1241	-0.325949775052727	2.36565318025625	-5.13188418828417	4.16466112038045
axam1237	-0.160761153775465	1.9468189116802	-4.0835980967409	3.49615312271924
axiy1235	1.28632790277454	1.97013926338343	-2.24562826160635	5.42899333761889
ayac1239	-0.598392659725811	2.25280365178979	-5.31933425593244	3.57107951870392
ayiw1239	-0.42364662945149	2.31331586252058	-5.34892214969773	3.88282865064503
azha1235	1.15036010504805	2.01139245357019	-2.53682346542463	5.46750639723303
baba1264	0.0639344451139796	2.11664861429071	-4.27611241604101	4.18984896081605
baba1266	0.217389370565331	2.15565100470492	-4.24865482557348	4.5078234831782
baba1268	-0.771674508806617	2.35283024077539	-5.54530859955288	3.7823378748337
babi1235	-1.11381627252715	2.1391733766898	-5.5927215025522	2.87384264986621
bada1257	-0.129573897183849	2.49795638473606	-5.07002772836457	4.74857061256761
bafa1247	0.826391105613488	2.27447275736369	-3.62742044648703	5.44579234457991
bafi1243	1.80808551602504	2.06109608005739	-2.07323616610535	5.95625930552592
bafu1246	-0.046176655991409	2.18024654929041	-4.49803895727491	4.19743405945483
baga1272	-0.244441606661743	2.36662614639024	-5.10637686165756	4.30709236870419
baga1273	-0.253802319211394	2.38231149898168	-5.20703963663404	4.29220545501224
bagi1246	-1.53253419149737	2.31465177861778	-6.50360071047375	2.76998327662109
bagv1239	0.00925584515130376	2.48205126088404	-4.9006780398862	4.98330654065516
bahi1252	0.0245707152872137	1.4645492031976	-2.92791231010365	2.91278069720316
bahn1262	-0.165042530327732	2.43451031247826	-5.04173560793125	4.70549254823105
baim1244	1.71492548475254	1.99286293372402	-1.96816287150512	5.93612537497888
baka1272	-0.19720393658146	2.43304511566889	-5.07398784754102	4.5436370717039
baka1274	-0.646543604384111	2.38589142914343	-5.68648677406601	3.89104527808892
baki1244	0.571312973533847	1.97450168362457	-3.35567048097789	4.41742115298387
bala1311	-0.260521512899167	2.36986312386562	-5.00450542007367	4.33590177489919
bala1315	-0.196628158324278	2.46482367301547	-5.20973120061933	4.50416892063907
bala1316	-0.363884917632519	2.34578345106691	-5.29789096501485	4.04313552342158
bali1278	-0.169786358606354	2.48975769282936	-5.10419076460565	4.69905238917591
balo1261	1.65885158915894	2.15776403788855	-2.50895324525668	6.12605461312086
balu1257	0.114074432475068	2.22636968016267	-4.35286225145925	4.32737779540082
bamb1269	0.814628183152959	2.50315302190562	-3.84838656066195	5.96920944624264
bamb1270	-0.239884326266568	2.41074695156689	-5.1613726332212	4.55763476331234
bamu1253	1.1428897230441	2.17164160432309	-3.06630520277013	5.62774832091694
bamw1238	-0.227323836187379	2.24879027136238	-4.73623175534099	3.99913082432152
band1344	-0.221172377767573	2.39612959778009	-4.98362510739332	4.33666568519171
bang1354	0.968873848933325	2.36587590738414	-3.6172851517424	5.73075835297771
bang1363	1.08003731197602	2.31747081410806	-3.27476680229306	5.79848341650096
bang1369	2.46840440131572	1.96632964667949	-1.06700198277452	6.75659652572563
bant1281	-0.578321895366836	1.64705259015411	-3.83970332078299	2.55137222877489
bant1288	-0.298605920104598	2.3728432696765	-5.21052440475865	4.1983298705959
bara1357	0.161149354176363	1.61119000053846	-3.04949788447715	3.28532048702733
bara1361	-0.411998878106675	2.35378051639925	-5.20552234173714	4.00601629070361
bara1369	-0.104521577193158	2.41840054888592	-4.9846023861289	4.4558037573251
bara1370	-0.240384489325144	2.48441270031724	-5.34373848668546	4.59214965558491
bare1279	-0.740676593042298	2.32654852587227	-5.47705523008734	3.65187373529092
bari1286	-0.633188290617801	2.15480077405418	-5.18756760464285	3.29518486974476
baro1253	-1.50241228705241	2.27731640464184	-6.46196079945418	2.63528809005523
basa1282	-0.461304165238602	2.39269319193707	-5.40890448686975	4.14269459877291
bash1264	-0.0783094745207631	2.43978358543194	-4.99525128171618	4.6891917542335
basq1248	1.52563749928652	2.45391749155338	-3.19170083989707	6.56622075591893
bata1289	-0.169172827812059	2.45896578018691	-5.13866544924112	4.60765732193359
bats1242	0.105320775712758	2.48130043182667	-4.81897337684087	5.00111464265452
baur1253	-0.178435312790758	2.27253277915367	-4.85784188357169	4.12751653392808
bawm1236	2.6729950314444	1.85783402881849	-0.6871325366816	6.51334131496585
bayb1234	-0.240526935333906	2.41291082647109	-5.15601841389446	4.37230172540751
bebe1248	-0.0273200864582868	2.39525401725433	-4.89707753628918	4.72094186165428
beja1238	-0.713777850010315	2.1588494680701	-5.19846152236196	3.33076867526656
beka1241	-0.215697060115016	2.37359519978305	-5.03454526339677	4.32504620629621
bekw1241	-0.472213709182181	2.37930885538763	-5.29022228177517	4.09824929138145
bekw1242	-0.160557082808739	2.41654864781283	-5.06345790257437	4.4278222862487
bela1254	-0.205020756839482	2.41457215343422	-5.19493831084245	4.39283796581771
bela1256	-0.33350443489542	2.4101116244066	-5.25653732284435	4.40096053358299
belh1239	-0.941480404008284	1.7048457242889	-4.3286213983011	2.24949215249124
beli1257	-0.527554054765527	2.36106364928755	-5.40455521022893	3.94671526812662
bell1243	-0.465468335849081	2.24087575162596	-5.04257444169184	3.79640683706477
belu1239	-0.679464247939267	2.44290358634916	-5.75127999857088	3.94284574023375
bemb1257	-0.154241410899178	2.51063353746687	-5.51048762342207	4.78982410293262
bena1262	-0.319642920210861	2.36233521689977	-5.06193988966021	4.22285831324878
benc1235	-0.566842605534103	2.21665380718366	-5.07459653708901	3.64762699150876
bent1238	1.8356589338125	2.25095362212407	-2.44547616081443	6.62037940022009
bert1248	-1.55913348841666	2.40603970079917	-6.85726198734982	2.96608167581217
bezh1248	-0.0380076732425412	2.46986520471863	-4.94309987907391	4.73599038630824
bhoj1244	-0.768862011005541	2.37107718683602	-5.71424527381865	3.73759370150779
bian1252	3.14964077985246	1.9320903060664	-0.445843522452023	7.14430025707602
biao1253	-0.563633597861902	2.42033303438311	-5.56514594040439	4.16227203882849
biao1254	-0.131137379057652	2.4892428765428	-5.17906427611894	4.72519571693671
biao1256	-0.306895266596304	2.42173579990695	-5.25161512294285	4.32740455221118
bidy1244	-0.170427512915446	2.42850319514491	-5.16318844273019	4.58755727474151
bier1244	0.461928867729023	1.97073563402235	-3.46268605683167	4.23530374447871
bign1238	-0.691622998383423	2.02307130275764	-4.95712028693141	3.0881041903285
biha1246	-0.187800586460577	2.37830069242852	-5.0842001646613	4.38710483846826
bila1255	-0.631245559808283	2.40068404588249	-5.71213825560696	3.91652596365498
bilb1241	5.30577690542612	1.78540195995684	2.08653918651341	9.08538904332454
bili1260	-0.328503604466037	2.18476657479133	-4.91485107790636	3.79112212742762
bimi1240	1.34691361196268	1.83035687903622	-2.07687977631351	5.11716766104293
bina1277	3.76827965104618	2.05295227798525	0.133149881905267	8.22362424064111
bini1246	-0.29966168050461	2.41397418441511	-5.19149775478091	4.31908316689161
bira1253	1.58598288731708	1.71717779172622	-1.64807516840314	5.11372152145493
birr1240	3.32810786179218	2.25430803546983	-0.814344410486223	8.08688501620862
bisu1244	-1.72240158389869	1.86612728909455	-5.69503954620922	1.64064088004668
bitt1240	0.292651324191081	2.06450920567936	-3.79026603969622	4.49518732656447
biwa1243	2.33698578836659	1.88840396579671	-1.22417153630212	6.21029015227964
blab1237	-0.53324781303128	2.15297632630816	-4.88308633601116	3.57004453595078
bodo1269	0.0272814796402186	1.71811864989325	-3.43210723675526	3.39948355844645
boka1249	1.55515965432675	1.87621030697825	-1.96276810355391	5.45727684126781
bola1250	-0.847496794724902	2.21960394349263	-5.38621348592725	3.37033052769581
bolg1251	-0.527198337074967	2.25806354340298	-5.21580527309612	3.82764228414641
bolo1262	2.01037447543941	2.19784357725666	-2.10703369125312	6.52604725705657
boly1239	0.768081131102148	2.30790263520895	-3.76328709967567	5.45675241781937
bomb1262	-0.277362204138811	2.25437023753482	-4.95055132466661	4.06377016789259
bomk1234	-0.118078655565117	2.38882026319078	-4.91905904878279	4.4845458585402
bona1250	1.81782801225985	1.88443333792448	-1.75044520331895	5.64969016613883
bond1245	-0.192494894560936	2.49081085468146	-5.15902481415198	4.74990777742866
bond1247	2.69757147126392	2.18345929037262	-1.429860804254	7.26699596886822
bong1284	0.600753161738832	2.33798525133219	-4.03688675777029	5.24795874696091
bong1285	-0.497496917108598	2.36816369824592	-5.35127879298386	4.05966568871917
bong1289	-0.260780138855658	2.37262677820496	-5.03262809923568	4.28164798465255
bora1271	1.32780645512294	1.99513074257424	-2.41849417041678	5.40186181840259
bord1248	1.18585451486294	2.29809992825995	-3.00110635428831	6.11504431684268
bori1243	-0.0914868599734183	1.72150724945544	-3.62740244999315	3.28220162736573
boro1277	-1.53893824470265	2.36809586503764	-6.56161182731982	2.76484090058361
boro1282	-1.04389962864535	2.30574292416492	-5.791064978135	3.30289154086872
boun1243	0.378339175089943	2.31598974145854	-4.26144369855483	5.00424081519371
brah1256	-0.0907801588103473	2.50265970577101	-5.04443955077479	4.99090598504001
bret1244	-0.20118945390836	2.37808182192385	-5.24310582599653	4.33938920059495
brib1243	0.950194720717344	2.25545627026935	-3.25437186682348	5.59997893101194
budu1248	-0.177801609837032	2.45082264075858	-5.20581084331329	4.64456361701637
budu1265	-0.986485011608541	2.36754660575631	-5.94369092690282	3.50871450039388
budz1238	-0.241002898442099	2.41299140681634	-5.20440698831503	4.4797220542749
buga1247	0.550853104434847	2.30365392938968	-3.88707381232664	5.26986663668763
buga1250	0.956496813727703	1.85996374335444	-2.70552176939265	4.65572331055887
bugh1239	-0.619139420007082	2.15280719815036	-5.1444781969412	3.48518001309669
bugi1244	-0.281781195792645	2.46185377762644	-5.21704640863587	4.46288569937267
bugl1243	0.687803122922283	2.36465844601112	-3.69070927697088	5.63997330541957
buhu1237	5.569450071514	2.18592144783204	1.79347453693395	10.3396210340992
bujh1238	-0.437771194755538	1.72923832504058	-3.92603751004229	2.89010433457945
buku1249	-0.379446115199258	2.40938343158248	-5.42039877581938	4.31383494612513
bull1247	-0.176209162072333	2.43709993279204	-5.09065229551772	4.60857463506938
bulo1242	-0.146475918755761	2.48232794180847	-5.10327426800084	4.7709516742625
bumt1240	2.08256052791394	1.9370751375013	-1.43466788992643	6.20294017791837
buna1276	5.71675551518746	2.24790053164911	1.77136580359417	10.6437094805089
bund1253	-0.353032124490672	2.38107751568654	-5.17043975383998	4.25289683309367
bura1292	-1.64117573415123	2.31571728176816	-6.59411847987845	2.68878392752767
bure1242	-1.06200222877659	2.40689550069514	-6.10773255166879	3.58234548244355
burj1242	0.198325144422197	2.03033958591816	-3.99469988049758	4.09621057962558
burm1264	2.21406839681458	2.12337984717522	-1.71253098659882	6.66286320312475
buru1296	-0.707486557804658	2.35148555998755	-5.70359199403242	3.73193113229816
buru1320	0.74884877835599	1.87841587535921	-3.06257007032463	4.52583323908393
busa1253	-0.0897146928248258	2.35766283322348	-4.66605118477082	4.68078911507098
bush1247	-0.160551108915408	2.3784817195883	-4.91142964212485	4.38406953947279
buwa1243	-1.84196256946616	2.30589389161033	-6.6733798154051	2.35172755956953
bwai1242	6.34843326647172	2.18372910281952	2.41922410900219	11.0721069323424
bwat1240	-0.552134090758711	2.24302860542713	-5.30072761821692	3.73198237734035
byan1241	-1.92189318910568	2.09577344604862	-6.39622017733231	1.72947292266691
caac1237	-0.436625835944501	2.38435970825105	-5.3315461589991	3.99215659235435
cabe1245	0.899542201882947	2.25864037051668	-3.43782572506538	5.61044638425007
cahu1264	2.86197108656467	2.15877017832272	-1.16392456957491	7.50051700492149
cakf1236	-0.877750186916718	2.3520165056956	-5.83235014734283	3.52529747946953
cald1236	-1.28190828179449	2.4112193514397	-6.27757898525901	3.18348862739475
camp1261	-0.142395092156135	2.39329006343836	-4.96540528506331	4.48194089747871
cams1241	-1.13262072781288	2.24538897105756	-5.78445747996904	3.17025936978359
cane1242	1.05172321162522	2.19091149339001	-3.12875848053654	5.71383710332643
caom1238	-0.0053723281014659	2.46873747640081	-5.09982682324984	4.73925204818827
capa1241	-1.9675864024966	2.22154274857539	-6.69382900922996	2.11971610018725
carn1240	-0.00894909290340227	2.55008977874228	-5.06548683261229	4.93951913543718
caro1242	-0.18819774766414	2.46950980735266	-5.25223298311216	4.54519730430848
cash1251	-1.59121681346259	2.21242719658878	-6.2876077368056	2.41666494014612
casi1235	-0.526640114797654	2.34125688268451	-5.38442542914801	3.97395477676143
cavi1250	-1.33576347829047	2.12618671564099	-5.94571280756973	2.60894749013665
cayu1262	-1.24724783337382	2.18075645449206	-5.89455279223618	2.80800775377227
cemu1238	-0.520556246230069	2.33930476260334	-5.17553991347087	3.84850624475863
cent1989	-0.103321985050441	2.50794556262968	-5.2225912955005	4.77539987278018
cent1990	-0.0139796426935066	2.49150494310099	-4.93193030524589	5.01080459945317
cent1992	-0.181438266458939	2.43631571307853	-5.09942533789083	4.51795505704632
cent2004	0.153471527831631	1.86881344713549	-3.65152063770755	3.8430245521957
cent2050	-2.65254583223519	2.22248004300675	-7.43862145091673	1.33756287268057
cent2084	-0.437078191227818	2.36589422061461	-5.29281181162898	4.04978094260308
cent2087	-0.300839878076627	2.35058062101731	-5.09091309273627	4.19537609165333
cent2100	-0.375666502487243	2.3665933941758	-5.4146761855562	4.09081407183507
cent2126	-0.11671958201988	2.43733619950582	-4.95972635130478	4.53930625790393
cent2127	-1.51468177158667	2.16724898718224	-6.11683314394659	2.51687078663229
cent2131	-0.631311482251299	2.30974127670529	-5.40509966739876	3.71298424814339
cent2140	-1.25724129974085	2.2388786014486	-5.93925945064478	2.94680254697084
cent2150	0.416302194067258	2.34373588173648	-4.08497351239093	5.27689559966572
cent2292	-0.585147204234706	2.34045541516208	-5.39315252451101	3.847838820855
cent2314	-0.036601653293331	2.50472756879022	-5.09940650001349	4.82658158750474
cent2322	-0.0472416826813102	2.51853562368897	-5.10119945986757	4.87182028272395
chac1251	-0.0330547953459219	1.93131432612354	-4.03079465962401	3.56371206150877
chad1249	-0.401405399985133	2.37318901699298	-5.33116844119402	4.05349126243569
chak1270	-0.0903724145576254	1.81049444514913	-3.80686902788628	3.38123140544991
chak1271	0.0989124326848623	2.32975293464665	-4.63146803772172	4.56073213882309
cham1309	0.049116292684464	2.49123911638001	-4.82056211387265	5.08318289554209
cham1312	-0.141432822420982	2.48792770318675	-5.25683516404036	4.64691898604238
cham1315	-1.12159126691996	2.26127785253027	-5.96050233305946	3.13882830338806
chan1313	-0.642141434223573	1.62476050920506	-3.93606765657329	2.48082521705128
chas1234	0.529248426851187	1.65198413965279	-2.67014358162073	3.90880936294901
chec1245	0.461790569066402	2.50086935632563	-4.35342007565998	5.56525228624945
chek1238	-0.582517935034045	2.15911107798987	-5.07716637620638	3.48763089768033
chen1255	-0.113695735498573	2.54635266838819	-5.1523623000506	4.9703908098448
cher1273	-0.377297991852188	2.34548926083358	-5.12317571595676	4.03160905906208
chhi1245	-0.909285494365455	1.71771487360538	-4.32641307492213	2.31778607270899
chil1280	1.8772737948011	2.06169521127395	-1.92321464986084	6.21558454396253
chim1312	1.58724610798931	2.04987277990194	-2.34463343394156	5.74229791548722
chin1286	-0.93946096315457	2.30674296263016	-5.72141307123291	3.5268488229209
chip1241	-0.230563798523553	2.34310246379925	-4.99258004492198	4.17071045821716
chip1261	2.12438956555954	2.13274907435368	-1.81263667386365	6.63819750317304
chiq1248	-0.892016034634657	2.24654666301974	-5.58934713785731	3.39469517385206
chir1283	0.739776532910786	1.45541632162904	-2.04957167257193	3.63918057502893
choc1276	1.12241184147715	2.21826025484156	-2.96725231421143	5.82423767996053
chon1284	-0.0484572654610064	2.53447784999525	-5.21391572986023	4.82450007442094
chot1239	0.644426943724038	1.48874445050778	-2.26170952940324	3.59876673107475
chra1242	-0.118106534065411	2.49806487049387	-5.17900983388267	4.81724269512819
chuj1250	-1.2863606553921	2.3147924888148	-6.06305132476997	2.96638697853673
chuk1273	-0.26820793996903	2.41442286870611	-5.20626851199061	4.43906691422653
chuu1238	-0.11608857507509	2.40581394007835	-4.85274652229623	4.64790860553937
chuv1255	-0.0918124708787207	2.48104716957909	-5.0512719547672	4.82102534965712
chuw1238	-0.107335624404398	2.44831580961707	-4.97635646728257	4.64385397711094
coat1243	-1.48718311828795	2.32570527366053	-6.38796518919061	2.82527883147765
coca1259	-2.00553880798133	2.20420405906807	-6.81655901006279	2.01347816861851
cogu1240	0.738024004467248	2.2691096999867	-3.40806426997763	5.49294984618861
colo1256	-1.0850732536371	2.33126399267533	-5.92066139446141	3.24153984576867
colu1241	-0.664463654600542	2.35842898603033	-5.38741584421761	3.84617025139887
coma1245	-0.168559081107647	2.23461026165789	-4.76345827809404	4.04294299937893
cong1236	-0.142786874334769	2.45213064588965	-5.21997149086852	4.614441815485
copa1237	-1.36931910060815	2.34634782523038	-6.28597407580924	2.93662319868645
cors1241	-0.158488789373972	2.46123493170906	-5.14427552948398	4.61854295079993
cosa1234	0.637774087552634	1.83956269003945	-2.83306939703363	4.42134224998469
cota1241	-0.394785039458899	2.33201493244245	-5.18323319714499	4.07337895808008
crim1257	-5.05353105308611e-05	2.47482326096915	-4.88591141254858	4.9071888132231
crow1244	-1.08758755367098	2.18429779373576	-5.75068011215431	2.99615124165571
cube1242	0.190283888642207	2.09390651594555	-3.91072203900553	4.35662392737752
culi1244	2.78151674135805	2.26970076487324	-1.30191104424668	7.69852071656067
cusc1236	-0.457628395926191	2.36056129350814	-5.37632029194525	4.07862584004361
czec1258	-0.163511440012488	2.46210771594746	-5.14736793853437	4.55926613890104
daai1236	1.41527107408042	1.70709048453613	-1.68612131047628	5.06991330765578
daas1238	1.76192918260467	1.94105404125673	-1.8215338927321	5.78612955235724
dadi1250	0.423826599847267	1.91194655077004	-3.42327328636244	4.16427163243209
dagb1246	-0.425932681523543	2.35299050803943	-5.27793434346189	4.05007301219823
dagi1241	-1.43175478428755	2.37753244747726	-6.37608678120632	3.03461346139864
daka1243	-0.327644754594067	1.98199999771346	-4.45311842320695	3.41244848579099
damp1237	-0.204620345154482	2.38884989081694	-5.00657493400429	4.45923745680408
dand1238	-0.110802427496216	2.54391871839336	-5.13989560854137	5.00431893486618
dani1285	-0.147129651898874	2.41611081291419	-5.15717256374796	4.65810996560569
dara1250	-0.601532659588485	1.88984764523167	-4.48111980105416	2.99240611966248
darg1241	-0.106232646178827	2.43346897980331	-5.03793312620492	4.74864985238956
darm1243	-1.93481331679913	2.09436556659453	-6.45142375925828	1.75984075365952
dawr1236	-0.95342806669883	2.19600620806558	-5.45034695867252	3.29746666154947
daza1242	0.822349190476083	2.3088745610587	-3.65096114060749	5.57899679584185
dege1246	-0.286339972914704	2.43190026759555	-5.18910845294107	4.47806792840928
dehu1237	-0.367039092102068	2.35170761036592	-5.23322440217917	4.17872051002358
dera1248	-1.43896898055893	2.30480108220277	-6.34103080703729	2.80240035749672
desa1247	0.463968136865402	1.97899019369815	-3.44270255041515	4.43782773790278
dhao1237	-0.175139850414638	2.39628751454409	-5.06711471241171	4.48725237352213
dhim1246	-0.213679542910209	1.83342750099237	-3.87838336122879	3.42585531851509
dibo1245	0.759587353209891	2.31207226980729	-3.82272409438497	5.28372888310708
dido1241	0.0271461409077048	2.47242704300733	-4.79779102149242	4.97134965177671
diga1241	0.581916718894924	1.73060552076094	-2.85712892653677	4.00514980677465
digo1243	1.41024427873034	2.2818745487078	-3.07869351148925	6.18303816912244
dima1251	1.70034591665794	1.73658094625217	-1.50870397641386	5.29007249215191
diri1252	-0.150974051732716	2.43733089102674	-4.89107044763847	4.53719691352685
djam1255	-0.268365621467553	2.20552564864697	-4.89405974401809	3.97213630003425
djee1236	-1.18729167182938	2.3278761366955	-5.94777040537054	3.29436914001608
djeo1235	0.357254267682711	2.08549659965205	-3.71376129546743	4.62185076311181
djin1251	-0.718981136010383	2.3695857812007	-5.52441457077272	3.80582267198825
dobe1238	-0.268466430201718	2.46331192130371	-5.27229657262573	4.45916149403681
dobu1241	6.00305472458874	2.20409041745422	2.11035777534897	10.879692575467
doma1260	-0.667094502371722	2.3515811394269	-5.50767124170564	3.82433836815792
domm1246	2.40725100699659	1.81746366570431	-1.01518021159463	6.234354814152
dong1285	0.0724003296893306	1.9445727889695	-3.96587069834888	3.78182575348623
doro1266	5.01814008614338	1.97824299463636	1.48012270159618	9.32372003691732
drun1238	0.430456158566288	1.87463543460994	-3.34941505511772	4.05733555757118
dual1243	0.831970293378379	2.31895998722217	-3.58276687079591	5.55718987700285
dumb1241	-0.492521827416654	2.34441807421827	-5.3307513778121	3.95130303030456
dumi1241	0.374118238021895	1.57711898216494	-2.66656452322626	3.54113177907414
dupa1235	-0.491399678020094	2.34555862150573	-5.36635395554321	4.02997618912219
dusn1237	-0.769200341275091	2.31998332467444	-5.53266433285629	3.66058517077753
dyul1238	4.68945411941127	2.11686962239147	0.970307085209503	9.19129502764345
dzao1238	-0.227572682790758	2.52472899847526	-5.23958965623806	4.78705185944977
dzon1239	1.99737404777392	1.94094127485449	-1.48799671354811	6.14314347890393
east1236	-0.127079052896047	2.5196586490216	-5.30504174906291	4.70135914493814
east2328	-0.108104022270806	2.48311348154575	-5.08255216790626	4.7871310483516
east2332	-0.0415787449030505	2.44137196658214	-4.83993832251989	4.85903280691766
east2342	-1.61225219816298	2.20659521709833	-6.27242561076376	2.40774300908949
east2443	-0.807331899353319	2.19075853783754	-5.36508450267154	3.43426713108494
east2485	-0.263250421701112	2.39198370539821	-5.16096988082374	4.42540302903327
east2516	0.855616300774688	1.78739813484222	-2.66161232246945	4.44271136419034
east2694	-0.330871517977579	2.42459189947761	-5.2372157092499	4.39233435923436
east2773	-0.119595600002443	1.52473859591357	-3.19765940890418	2.82459383246246
egaa1242	0.0558681001076575	2.39419492039694	-4.81057817818467	4.67116314744899
egyp1253	-0.289855077755579	2.44731475215009	-5.29344058680314	4.45135408201919
eipo1242	-0.0573954175492154	1.81947729725371	-3.68155568253207	3.52661829285134
ekar1243	-1.45474990388481	2.12854431655728	-5.96411387930029	2.41612808091644
elip1238	1.49155768910358	2.05669568606143	-2.48284839100474	5.740472070167
elna1235	-0.616609530762981	2.25739665316665	-5.36133624572289	3.72111070667806
emae1237	1.62280062865473	2.05004314919799	-2.22108412767749	5.7520884037557
emai1241	-0.344692091860663	2.40648081112972	-5.16522843709144	4.31284917112024
embe1260	1.12615723806445	2.28621076402064	-3.07520587466457	5.94144843828306
embe1262	0.823563949880382	2.33258294466928	-3.52516553038815	5.62935008236534
enap1235	-0.487300943680722	2.15210787904484	-5.00756809537511	3.62149810799787
enuu1235	-0.371871947976462	1.69942973188595	-3.77237809805007	2.95381585991158
epen1239	0.758673058826537	2.3553756069337	-3.65529058623807	5.71399372814368
ersu1241	0.61818670656452	1.89988526325557	-2.91627439055397	4.52486784545872
erzy1239	-0.0598569396978667	2.4807814815702	-5.08293775330795	4.80727040528985
esan1238	-0.34220743845976	2.43344763180258	-5.27230863373342	4.28383510131265
esee1248	1.92120349505105	1.98868077981696	-1.70834758857772	6.14453165956271
esim1238	-0.394160910909882	2.21272151534636	-4.88641808779901	3.85332441324788
esto1258	-0.0596416633388874	2.52352046208555	-5.26995687526681	4.9904989036181
eton1253	1.04096885801044	2.1529068008701	-3.19440325457956	5.35207978419643
even1259	-0.0874223266968803	2.47045845747276	-5.19288194305393	4.77332911772618
ewee1241	-0.484799893620685	2.39252467994772	-5.34364688656883	4.1261637126524
fait1240	3.83457787979347	1.71434006137669	0.680674188990209	7.43628847399545
fala1243	0.46358628516192	1.88580774404917	-3.29245278040813	4.18715940859672
fare1241	-0.284366707886751	2.31545677773603	-4.98372701422127	4.0538608201767
faro1244	-0.131442438480246	2.44388831966091	-5.16824356134946	4.58943780387577
fass1245	0.298878495228647	2.05266995380057	-3.62383383288425	4.48972690528265
fasu1242	1.42756900781951	2.00505718428701	-2.38341342390671	5.53067368247304
fiji1243	-0.193848037392283	2.37854181653769	-5.05030261141221	4.32952727072723
fili1244	-0.328489952955672	2.36469710420452	-5.18671490073633	4.04554693050019
fina1242	-0.602149185206814	2.32094629990175	-5.34401780199101	3.82256822027089
finn1318	-0.0112930890356471	2.50255106742424	-5.04599436758937	4.90037407111588
fipa1238	-0.192630308090052	2.45305195691462	-5.14590994089018	4.66735238734157
foii1241	1.1439859412759	1.92105210401841	-2.6247675822151	4.99155258090777
fonn1241	-0.403983761467162	2.42826818893137	-5.40078700944941	4.24789354036076
fore1265	-0.0296355267660558	2.53056633185472	-5.19091182356039	5.01376327289873
fran1266	-1.20164083554109	2.36419255362379	-6.00146465159611	3.28677708200189
fuln1247	1.7385420908347	2.30930758536921	-2.66826799621499	6.5097520251134
furr1244	0.652671958970952	2.4591347671157	-4.14189662723126	5.69197064933812
furu1242	-0.521644637070217	2.39152987795842	-5.36664184903306	4.00556592047567
futu1245	-0.112801636368446	2.23422787555113	-4.58822685376984	4.29341470229355
fuyu1242	5.48010137290037	2.22082525217222	1.54119285550935	10.2323030535441
gaaa1244	-0.362684392851854	2.41964519214493	-5.28119536841246	4.36034600059567
gaam1241	-1.14139118106444	2.43603981016565	-6.13458057296082	3.56005683608616
gaan1243	-1.65102928691569	2.33124144970423	-6.58346157876179	2.64313884578399
gade1242	-0.524724653293769	2.44751768566401	-5.52473336225754	4.1039242181615
gaga1249	-0.00736942009063553	2.55326602660889	-5.1778313581746	5.06696581490563
gahr1239	-1.70408678002259	2.18261511765467	-6.49097330083693	2.19573900371622
gale1259	2.02723413677749	2.33633011020204	-2.28392743511774	6.92564703771367
gali1258	-0.0929958516384918	2.42401890194674	-5.03977419811756	4.61396919987802
gali1262	-0.826737139374556	2.2083544215569	-5.51265270133671	3.27319160732828
galo1242	-0.570513565792909	1.78207856457603	-4.26170293226574	2.84122220134524
gami1243	-0.742471505571067	2.18931553951336	-5.20672390784333	3.37760559718586
gamo1243	0.226093344903216	2.06005107516155	-3.85119672183947	4.27012921470248
gand1255	-0.375541437566393	2.49872667030149	-5.4033625041988	4.41448556421064
gang1266	0.560522921632196	1.46368809760223	-2.27064596946844	3.41585278520209
gant1244	4.75542607628852	2.01056588835435	1.1731941485506	9.01135979093406
gapa1238	6.15299876812116	2.16113810360619	2.33361760409262	10.8816057433148
garo1247	0.413778251139436	1.70270154289243	-2.90492311326328	3.80927291168489
gata1239	-0.136764364684322	2.47249235597223	-5.16261794734912	4.78559256551231
gayo1244	-0.197631411675989	2.45663001729983	-5.34324204634962	4.56997921040758
gbay1288	-0.272325751654299	2.43806491425689	-5.13973253053902	4.48030475338033
geba1237	-1.74305032388335	2.17038053823486	-6.28819642880725	2.21772941290614
gebe1237	-0.159688474167374	2.30793053397466	-4.74570974743457	4.24224796288389
geda1237	5.49656421753928	1.83037923567859	2.20471958741503	9.42520129527419
gela1263	-0.746750014818668	2.16818653221832	-5.20925971159508	3.33544712636207
ghad1239	-0.254332276146779	2.43411386387868	-5.23960654090492	4.39630330206347
ghan1242	-0.700262476140622	2.28263903976923	-5.4495972075026	3.67453215650414
ghar1239	-0.586314121901033	2.14924644320935	-5.02301113269224	3.51508593251025
gheg1238	-0.399350717716875	2.33427555772977	-5.11099579953252	4.08156311552715
ghod1238	0.0546391832475291	2.48095664572474	-4.91102525465268	5.01371854186599
ghom1257	2.98209588987406	2.23294775729099	-1.13622357804728	7.71048364689021
gida1247	-1.44776306211194	2.3066778451201	-6.32356609253975	2.8176974760496
gilb1244	-0.12237612414146	2.42895265746609	-5.15278962699371	4.59207086112557
gily1242	-0.319387235835027	2.45978630590833	-5.23012283079242	4.56360263764621
gira1247	4.99552305256388	1.78400850840333	1.83022551920671	8.78747602924143
giry1241	0.77034101505272	2.28158394116568	-3.66697188703146	5.31097565174458
glav1244	-2.07584308045913	2.3424169860076	-7.10108029447524	2.14320922511451
goem1240	-0.918193689949535	2.34331436586034	-5.91447334180011	3.59859516808725
gofa1235	-0.455662398740302	2.11372159781906	-4.77499049575773	3.73991222057833
gogo1265	-0.580446036030615	2.23974552015618	-5.03147857184368	3.69993547672468
gola1255	0.0757892607732775	2.3946672418732	-4.6236985364279	4.87960285153815
guah1255	-0.522543265371818	2.2805929668261	-5.26102322571376	3.92124977865188
guan1266	-0.362415711523803	1.7378106740892	-3.82504030464238	3.09470400446687
guat1253	-0.873152012732662	2.29444141144183	-5.59319146569061	3.46218700571965
gube1234	-0.126803658073265	2.41659611284186	-5.00092258273273	4.64774773759768
gude1246	-1.68189597945136	2.33947196443699	-6.76035038223986	2.58196661882849
guer1243	-1.22473516343776	2.33755666097791	-5.99038478631789	3.13999750381797
guhu1244	4.52306273687397	2.1637576405955	0.792912637131079	9.18161686315661
guiq1238	-0.975479316430382	1.86732599874297	-4.77641215719203	2.47944110021892
gulf1241	-0.170488189090976	2.40736144036277	-5.11003636299722	4.56929060425965
guma1254	5.28984049416845	2.09208552680367	1.58320639942124	9.82494866619089
gumu1244	-1.2553891280787	2.40222673766049	-6.16657281768974	3.31933612062347
gunw1252	-1.04127120137746	2.32179105618217	-5.82521289990736	3.40828244169366
guny1241	-0.995422114833611	2.25439336456574	-5.82176793027334	3.17513352348116
gura1251	2.59441516453465	2.16643543422409	-1.4415450729402	7.13129495997402
guro1248	1.0977122293618	2.36862726664929	-3.43025699328618	6.01592032705844
guru1261	-0.0997168283225553	1.45220532231687	-2.99001918022275	2.74136716047373
guru1271	-1.07724042068372	2.3683153749901	-6.01962627724971	3.41799931619293
gusi1247	-0.310479445968586	2.36346149317608	-5.03395981170848	4.2729821996201
gwen1239	0.685369441234058	2.30374454563921	-3.95566262315794	5.20632563974266
gyel1242	0.212710467182257	2.40454674821698	-4.64999805893448	5.05242490513282
haaa1252	-0.115758689489822	2.41702516135246	-5.05056014474889	4.59918693971143
hadi1240	-1.58353425096892	2.08425426788369	-6.00770824115119	2.17306476690266
hadz1240	1.51245564289701	2.13505846499355	-2.5331236911366	5.94209839345367
haka1240	2.96807410323821	1.84524593561439	-0.396208780531731	6.94224096359561
halh1238	-0.644779030142303	2.30380342882262	-5.5421608665234	3.66995002303662
hali1244	-1.06027699932647	2.31270330950303	-5.96111970176966	3.26529226352269
halk1245	-0.592904887738086	2.38646849653239	-5.46749884351603	3.95675531977413
hame1242	1.30408883647595	1.78841154016782	-2.10043461761984	4.89517124151093
hang1263	-0.168502944589663	1.99160562196759	-4.16099056901749	3.63801542633788
hani1248	-1.4152586528414	1.89606464689393	-5.34325505723234	2.13891580303664
hano1246	-0.703059522742959	2.15992210566722	-5.18432017397433	3.4900021500655
haru1245	4.18319220378924	1.96404011503741	0.678013892520182	8.38536945971934
hass1238	-0.26582280470112	2.39618421982173	-5.04899007119934	4.37181993586847
haus1257	-0.636646647109749	2.41022402923489	-5.54389899893149	3.92670699411618
hava1248	1.15441912998166	2.22122865061301	-2.99354809508652	5.82116210664992
hawa1245	-0.124894942844216	2.39042839244135	-4.98851408667677	4.43696389810649
hdii1240	-2.06779225813565	2.30737783406061	-7.0817359782231	2.09853161924416
hebr1245	-0.189502012347568	2.40788665444822	-5.11442141362322	4.56599324588277
hehe1240	-0.148672617242007	2.4036771250256	-5.03211618552812	4.42671020953577
heil1246	-0.608105523219284	2.20346502046599	-5.16697922511337	3.5704765430551
hela1238	0.368398528543811	1.50821945570886	-2.51803287997411	3.46193443761791
here1253	-0.156190467173409	2.4408220607798	-5.03944124247683	4.64297542751301
hida1246	-1.03428033570046	2.1861036637896	-5.64022892685282	3.12702975411111
high1276	-1.38740384700764	2.30780591814573	-6.12634290803926	2.8511224220692
hind1269	-0.324800059244218	2.34480635970822	-5.0810662819066	4.13941752299916
hoaa1235	-0.551566887775457	2.4241891040995	-5.48657294063535	4.04146140047658
hoav1238	-0.644808687604394	2.19906424475459	-5.18018230553393	3.51939705260651
holo1240	-0.151080518348376	2.48157511253345	-5.14477293360624	4.66086700111381
hone1235	-1.16612395676388	2.33321459021961	-6.06682579846257	3.26647407298042
honi1244	-0.716274549314862	1.72758975358706	-4.34935399926913	2.60783706839271
hooo1248	-0.29451670546341	2.49138707558512	-5.20242987040798	4.43762033180882
hopi1249	-0.811616579690648	2.19100673532614	-5.4090793455696	3.23056304706003
horp1239	-0.461344957877781	1.70758089743798	-3.81533454808021	2.86670937935436
hote1245	2.26611695891466	1.813594291383	-1.23194453245295	5.92990935378973
hrus1242	2.01495701190102	1.82723339261738	-1.33603964206882	5.83074857320457
huaa1248	-0.504787950843483	2.4927628988856	-5.57174157563888	4.29472373033887
hual1241	-1.14077350792537	2.25953202538328	-5.85856995379369	3.14235199165506
huam1247	1.58976434035962	2.21082567535906	-2.36739627821806	6.26780586636871
huar1255	-0.718048190380468	2.28133663237589	-5.51891678389224	3.56317317582136
huas1242	-0.88830582081037	2.26838425487845	-5.55159462754888	3.42862408184604
huba1236	-1.75776690523695	2.35538885090414	-6.80793225295837	2.58651798152978
huic1243	-0.582437545256541	2.28484238199734	-5.32835112011675	3.6384262083762
hula1239	5.54882208992515	2.12921710233124	1.83767855844155	10.0999254237219
hula1244	-0.134492799277487	2.41673591917781	-4.87872659986963	4.57846066602189
humb1243	0.195666420861787	2.12815944265069	-4.11916818273817	4.29384465214864
hung1274	-0.0736545764579218	2.5412949809809	-5.22382727534065	4.83042127157101
hung1275	-0.0457216605123446	2.48507825884879	-5.14252473912184	4.80839305026257
hunz1247	-0.0541159390259018	2.47755670587556	-4.91286674602525	4.71750280946188
hupd1244	1.25069579559049	1.97145156280868	-2.50938360971085	5.4247252039131
huuu1240	0.59155225597302	1.90349391332042	-2.99475575161863	4.57122846632957
iaai1238	-0.390659227566886	2.36954383037618	-5.34915330787796	4.13165185899477
iatm1242	0.749778010314696	1.96270860618146	-3.117318309252	4.60193259003524
ibal1244	-0.595609606705935	2.35168445214392	-5.48298765848414	3.91318739430355
iban1264	-0.153398690062153	2.45878737756579	-5.08277193095928	4.66196845698782
iban1267	-0.513587256191389	2.32479096626945	-5.35073249254074	3.8853476458411
ibat1238	-0.269355460301737	2.38897240342901	-5.05247315700016	4.38597470845015
ibib1240	-0.257473378052631	2.36960656002924	-5.11875288485319	4.35503969598755
icel1247	-0.147312016101614	2.38549523284362	-5.08984899838948	4.45560950922529
idii1243	-1.08374525128602	2.21832052147399	-5.71786834267986	3.11845254188711
idum1241	-0.241964902073815	1.9456199669455	-4.28057885516755	3.47987188391372
idun1242	5.95636109235517	2.16486189303903	2.03536017011457	10.5790195653888
ilaa1246	-0.131181577761788	2.50182473785702	-5.26623410324997	4.59256071120118
iliu1237	-0.16774459030684	2.32616139481744	-4.91117432563078	4.26628741947211
ilon1239	-0.600090743136083	2.29635444435937	-5.34240439567384	3.79316163970533
imba1240	-1.338007254659	2.31017343268191	-6.18158226816369	2.93721715398312
indo1316	-0.107614810779316	2.44990436602903	-5.12191923763023	4.64902380032255
ingr1248	-0.0468050454080464	2.54101277704095	-5.15780365064844	4.98446084157723
ingu1240	0.610504751159356	2.45079036950907	-4.13093104753527	5.64050183209487
iraq1241	2.21703553770044	1.96874045872356	-1.38861869094963	6.4185069881721
irar1238	-0.261238217308772	2.28676721184702	-4.85349128781948	4.23993715553713
iris1253	-0.180220733141917	2.40977345164133	-5.0401307628904	4.53031997119382
irul1243	-0.0593628877412424	2.50734716539178	-4.979782831357	4.95523335766068
isco1239	-2.00304692788283	2.15781911403939	-6.62852009257839	1.83651900537196
isin1239	-0.625756384530077	2.31999301616474	-5.39112187205568	3.65344778647961
isir1237	2.21270496257474	2.09887184623173	-1.80742121226657	6.49268664043989
isna1241	-0.386907124561408	2.35856836890391	-5.21321641298831	4.13631929661529
ital1282	-0.121348649690776	2.35638344028351	-4.81913571266547	4.40968638623007
itza1241	-0.616010114152527	2.3902327204262	-5.62266000353656	3.90806406958382
iumi1238	-0.441322990865006	1.9017206061222	-4.20657314943217	3.30850505327013
ivat1242	0.00513518485507278	2.41133377885096	-4.94905290220615	4.61266505014931
iyoo1238	3.81261207763147	1.82914669878553	0.535387500876685	7.79974835192927
jahh1242	-0.104158943317329	2.49301962193821	-5.07447008718691	4.85430620354332
jalk1242	4.7387520355801	2.30765251895884	0.741201981454875	9.72133044957025
jama1261	1.37985443982415	2.20698064516722	-2.79667322622153	5.96771480810562
jamb1236	-0.100590742108169	2.39076308634375	-5.00132103716569	4.68992871164871
jams1239	1.0215454837438	2.12204756551907	-3.20045706334785	5.14787574385563
japh1234	0.948082009400988	1.86035512215204	-2.52130050119541	4.80349343125688
jaqa1244	-0.691408730766527	2.3128919050818	-5.55434857674772	3.79550988091857
jara1266	-0.210397391624684	2.40741654582314	-5.05087868175972	4.48039195704938
jede1239	-0.0578237092457774	2.43119056548843	-5.01555588162547	4.73880156920258
jeha1242	-0.0656344076907836	2.40978359237348	-4.99129818006531	4.706755131098
jina1244	-1.4487137050288	2.30508923026857	-6.33565019346805	2.78339538509786
juku1254	-0.687920473591516	2.21638531810838	-5.14218535530755	3.59036205146021
jurm1239	-0.542353268075908	2.35837043546366	-5.3566009042268	3.90228217981111
kaba1278	1.7222476559422	2.31986013143842	-2.71418308980931	6.61648697331638
kaba1281	-0.591635225757826	2.33975258418442	-5.26527743891439	3.75160078060375
kach1280	2.18252512071437	1.95774395220966	-1.27035349461452	6.36247509713098
kach1284	0.252003972119166	2.03025374650113	-3.76956151251356	4.31380115081336
kada1242	-0.13967807552441	2.49152984186683	-5.14508870157427	4.81409253376916
kafa1242	-0.953015089365207	2.2448935254298	-5.51426947368331	3.26398405715554
kaga1256	-0.265464552204809	2.44544081124015	-5.37811303890463	4.33014214715524
kagf1238	-0.277798967398535	2.49954129481418	-5.38769463911409	4.62155122416895
kagu1239	0.930983491781335	2.30878652009731	-3.61228400930818	5.51652395148751
kaik1246	-1.03880702059119	1.88814520138283	-4.90028070660919	2.56934804760463
kaki1249	3.72716103723552	2.21952175558825	-0.241044528605288	8.45468606857033
kala1384	-0.0986160224477867	2.46684694008718	-5.12598877542313	4.71754369081965
kala1388	-0.438853292928869	2.41431085546562	-5.42448951192499	4.0443448493035
kala1399	1.3709855035415	2.15392536308996	-2.65630158794024	5.82316882650129
kalm1243	-0.480001845234049	2.21107524493813	-5.08688398059812	3.69870345804819
kamb1297	0.447560304968267	2.35822146712685	-4.23842406448258	5.21739107343274
kamb1299	-0.313166464660356	2.42983849587441	-5.42660882800006	4.47517629365679
kamb1316	-1.4919713346615	2.03763800552852	-5.84984426256235	2.2493247933271
kamm1249	-0.965695529192707	2.34843989558901	-5.9783843190263	3.41594426401203
kana1286	2.43558414717983	2.00038021182491	-1.21941016227424	6.62946847345057
kani1286	1.6546097241058	1.76398066300181	-1.76474573699191	5.23563308932433
kaon1241	-0.165124750192883	2.47322457706079	-5.08309168653033	4.78317260090843
kaqc1270	-1.00397516833898	2.34721468633664	-6.01924950858205	3.44622404156679
kara1482	-0.0862442046503718	2.39774669166677	-4.96741808506642	4.4052467921904
kara1486	-1.43412727784323	2.23167666344407	-6.01163876233443	2.68587421394236
kara1487	-0.627636555831711	2.30977216631408	-5.29690057667147	3.73910851038303
kara1499	0.796584613766828	2.30871985408976	-3.5573024546072	5.5376339805388
kara1500	-1.99056577991925	2.21264315605137	-6.75335416071242	2.05757296271243
kare1335	-0.0121309568205302	2.46889277595023	-4.9004206962516	4.90993388225475
kare1338	-0.612165504068244	2.3545187459163	-5.66860183201511	3.81665502319409
kari1306	1.24549079168778	2.27219358057149	-3.08039357416676	5.81289210136402
kari1311	-1.42190364911271	2.16282079739866	-6.10101652943191	2.4822720847349
kark1258	-0.536794009523591	2.02444529779549	-4.51048326042796	3.30957625888091
karn1252	-0.180514448056695	2.0395363001792	-4.47673634866568	3.74615334357558
karo1304	-0.80905197163551	2.35679758992642	-5.70982341363659	3.71330115405102
kash1277	-0.90397564227148	2.36977019721136	-5.83460281591935	3.48712955990935
kask1239	2.03822059659193	2.04309459195547	-1.79570086379509	6.31634134128383
katb1237	-0.529911009253416	1.97053730252477	-4.60087940845977	3.14207614683861
kats1235	0.651137728446351	1.93248816736077	-2.98288866308401	4.61155247056822
kava1241	0.480033390415681	2.31116622203128	-4.11504820659445	5.22181008668276
kaya1315	-1.8294406432664	2.18434345214206	-6.54023526438771	2.14594162148317
keap1239	5.10757492470198	2.09853846969476	1.44416496920971	9.68579469063124
keig1242	-1.38630175799481	2.39368280498608	-6.35229216608201	3.23555602359148
kele1255	-0.246047996209887	2.43839607632992	-5.3946216086644	4.60240649894296
kele1258	-0.0295701240268839	2.22456399245429	-4.56959627025178	4.2760701385119
kele1259	-0.630038176227022	2.31218801814338	-5.41978025769184	3.80844743978641
kemb1249	-0.249017727497124	2.40373566294119	-5.10741098647138	4.39713347106931
keme1240	-0.491085701775937	2.18654477489907	-5.10688534687038	3.75683660490551
keng1240	-0.5399412088853	2.26291200301293	-5.12271230214679	3.79235320552789
kens1248	-0.0786582914711734	2.41817867586013	-4.96579575474579	4.58448568270289
kenu1236	0.625250462867105	2.48072110528083	-4.19230978595355	5.67784768598674
keoo1238	-0.384701727113448	2.37878106054911	-5.21470970302373	4.37454673832754
kera1248	-0.120902776344868	2.40936208756497	-4.92384011479679	4.52708043324643
kera1255	-1.27110964268243	2.34005072037267	-6.17458976480909	3.0653247553582
kesa1244	3.65681557180417	1.71887047226458	0.566248089964019	7.28390556401686
kett1243	-0.247772006472716	2.58262843971202	-5.37588797468498	4.86507651367452
kgal1244	-0.309582488707343	2.39457343329554	-5.08848217548104	4.32903776878076
khak1248	-0.399631228783724	2.41474470565736	-5.26376023205324	4.29506287276795
khal1275	-0.749963275362956	1.69423264637947	-4.1702453303475	2.52778152807818
kham1282	1.81448132894014	2.04208983201203	-1.85219696694803	6.26884668373302
khan1274	-0.513233921770708	2.41115878844849	-5.41531511315123	4.14160327724989
khan1277	0.984940499264104	1.44730488353761	-1.78817728126522	3.94297276725065
khan1278	-0.262356859646101	2.32713644424818	-5.04250236886909	4.20687494385614
khar1288	0.835472169828193	1.41764504083539	-1.86068312134532	3.76742836625536
khas1269	0.536705279983972	2.08304149979883	-3.4586388386225	4.63285060105015
khez1235	0.914754857663061	1.43731082524251	-1.82539982693643	3.94263019390885
khin1240	-0.186235522884581	2.44877716951074	-5.16254527289746	4.59427033759175
khmu1256	-0.243876259587064	2.26192188991298	-4.70721334715261	4.21401587441268
khum1248	3.09706922326793	1.8822719738514	-0.309750073156009	7.21408217386608
khva1239	-0.00584345671161801	2.47483517518703	-4.8711954972716	4.87219998937064
kich1262	-1.04583080240916	2.35685410935116	-5.99838299002187	3.50302029446618
kiku1240	-0.392021269968786	2.24294943392652	-4.86487269100211	3.99648468851502
kile1243	-0.167110608509067	2.46039224710441	-5.17823212912819	4.67254589973523
kili1267	2.49542625592865	1.94827753623115	-1.20217517700878	6.48565548211056
kima1246	2.01922015687481	2.35082478210873	-2.33660114151523	7.07424313565317
kimm1245	0.0902207047359153	2.3501878760541	-4.70301314921337	4.5818794562369
kimm1246	-1.11477281920746	2.33557299444197	-6.07762048695233	3.27883215025692
kina1250	-0.254513943837079	2.46895073069069	-5.18181654743798	4.63251472539152
kinn1249	-1.71125356818468	2.16964106013625	-6.50028501541701	2.16814202668271
kiow1266	1.72014914557164	2.23609795026375	-2.3726374549298	6.43234347753319
kips1239	-0.369663475964573	2.4446507465494	-5.35309722252589	4.29605292881859
koda1255	-0.109849757897693	2.50937521440481	-5.24212572787781	4.75610052196517
koho1244	-0.13252613409241	2.48178734912518	-5.24188308298798	4.73460498553977
koir1240	0.866491187043347	1.41821489800478	-1.86022733652242	3.74799124197778
koit1244	6.08540177262309	2.29756001968721	2.11027027845937	11.1716673383855
koko1269	-0.487084361629053	2.14721578939485	-4.86284602202661	3.55499345350079
kolb1240	-0.801980692648849	2.38907833825278	-5.71733595693778	3.78169124281178
kolc1235	0.00232018051394651	2.35923585933221	-4.68074427960656	4.59706670834117
komb1274	1.96328848455086	2.11660620503249	-1.92675598403521	6.57832230069396
komc1235	-0.156683028871737	2.14675579476194	-4.68314958038089	3.94437361723288
komi1268	-0.0445921395296404	2.48433462021116	-4.89541389849411	4.82138693101998
komi1269	-0.065409495441712	2.44927411781019	-5.04975802563063	4.70577912749017
komi1270	0.812996499032421	1.63181916168479	-2.29299724189585	4.11893080775372
komo1260	-0.182317693020195	2.46705050407918	-5.24485402760927	4.6643668361199
kona1242	1.9871257193869	1.99960180760881	-1.68145193621197	6.21377730304609
konk1267	-0.296430512471112	2.42900659814926	-5.41749735269395	4.36569484110261
kons1243	2.12989063171009	1.85256159334511	-1.21973805917796	6.03274776701631
kony1248	-0.541750907925086	1.65849182702202	-3.87314838382224	2.61686173499331
konz1239	-0.48781510865861	2.37301029555369	-5.34717176537918	4.13878121300855
koon1244	-0.124787242430069	2.41358246416406	-5.00148808001354	4.52388264946677
koor1239	2.14074355376608	2.02297030997724	-1.58924691303663	6.43774290463021
kore1280	-0.225004334778843	2.47651059213067	-5.08050091451343	4.65571993794355
kork1243	-0.11614678935633	2.45666043478916	-5.02998074165648	4.85514510031698
koro1298	0.384586442997189	2.18024598465658	-4.07024022815682	4.52501156954442
koro1313	-1.24040447284573	2.29996951054627	-5.97228652017064	3.09821151168092
kosa1249	0.847116877113614	1.9325434032386	-2.82547633592014	4.77276698110833
kota1263	-0.115170883185538	2.44764901190219	-4.95590273266572	4.70039903612738
koti1238	-0.108832840171986	2.47135815744655	-5.07138117601837	4.65042622082194
kove1237	-0.805612344509903	2.22722923537083	-5.48958102637219	3.50931296350277
koya1251	-0.0877422471671284	2.39801298072707	-4.78107106800647	4.68112775355475
koyr1240	0.0230096454000521	2.280885420645	-4.51681746282023	4.50331947043549
kryt1240	-0.184526438174009	2.44329089186998	-5.18780030788187	4.60236184462909
kuan1247	-0.161817389744457	2.44960630098367	-5.14366120624442	4.61160380252943
kuan1248	-1.41078459213104	2.29201068225498	-6.26549082203919	2.76886799742545
kuii1252	-0.185122950626238	2.48790292866924	-5.06976054087323	4.78526369391008
kuik1246	-0.868589422960259	1.95427002087396	-4.94797011527457	2.79469838130581
kuku1273	2.14194696011254	2.13973124604777	-1.70470599218562	6.7539126720389
kuku1280	1.21221860703335	1.93901444492948	-2.38142482267291	5.23402356526328
kuma1276	-0.385807940627999	2.35940261574114	-5.32131021807357	4.04067420336967
kuma1280	2.8491612275045	1.79747736534437	-0.531723553263305	6.60412016793111
kumb1268	1.99562541794239	2.20645908220785	-2.17652748768425	6.6436976043913
kumz1235	2.8660974823101	2.22876824290814	-1.20487158815661	7.49884196682669
kuna1268	0.736410698883252	2.41062683124873	-3.95649169501577	5.64643383529082
kunb1251	-1.20308249644242	2.29613377420885	-5.97019063666748	3.11754849436929
kuni1267	5.13334743347669	2.18763448116682	1.324988161681	9.89390855328532
kunj1245	-0.203365276307838	2.18235939593523	-4.56261871851703	4.07379796791383
kuot1243	-1.71685505916768	2.16891653624176	-6.21172149943323	2.25342885908075
kusa1251	-0.700945894477073	2.21326366129092	-5.31210046066824	3.55358578303327
kusu1250	-1.2812034964949	2.10931407091352	-5.56138692232908	2.5901668958937
kute1248	-0.650915759597193	2.24531309863625	-5.22635471091903	3.62997948445903
kuvi1243	-0.177177564076202	2.50892707901592	-5.24107316044331	4.8411097255313
kuyy1240	-0.0499835862867725	2.56163564736083	-5.04426304915784	5.09294147606129
kwai1243	-0.715340536840863	2.2634344808469	-5.44090177411183	3.57004447583862
kwam1252	-0.0829880004879936	2.13914662432989	-4.44178858901824	4.00280463019142
kwar1239	-0.72415197281934	2.25920768989117	-5.50527079622016	3.57849571016141
kwaz1243	-0.0169591861804911	2.19415809717389	-4.50415174865303	4.20565344879593
kweg1241	1.12260354027168	2.01845744537928	-2.84112372637063	5.27898709176876
kwin1241	-0.532691395516535	2.51925360215009	-5.5354634905148	4.3905108617748
kwom1262	-0.411133392396834	1.98869522154564	-4.48753593746685	3.36673022386934
kxoe1243	-0.294555086847652	2.44485582502541	-5.27868119522531	4.54939128143861
kyer1238	0.49080213404926	1.55450046264244	-2.54339706188691	3.61363530462591
laal1242	-0.86380225340301	2.45671736578091	-5.89496549627382	3.94658537553493
labu1248	1.56046196482805	1.76525194122173	-1.86810198222327	5.08403909273778
labu1249	-0.314175989140095	2.49161644277726	-5.51420873251559	4.55085674512387
lach1248	-0.00392216369224221	2.28420576867827	-4.65270380165636	4.48729031939789
lafo1243	-0.776518474643092	2.38082847407038	-5.78313383194672	3.83370576879602
lagw1237	-1.39734155647084	2.30487275814532	-6.3789601512476	2.89143754287462
lahu1252	-0.337615897151064	1.60753369614165	-3.58010872744433	2.85871605602918
laiy1246	-0.328366176936338	2.3079315769991	-5.10112109230296	4.07305592214866
lakk1252	-0.149814851240553	2.45444888705087	-5.13356199032139	4.78594772853954
lala1264	-0.153401053636906	2.38756970578708	-5.0773260580138	4.55288816090477
lala1268	6.06904032215499	2.25751717209691	2.16760687734929	11.0471738174585
lama1277	-0.254973546229521	2.29955501707503	-5.03029821220713	4.15139442430703
lamb1269	-0.388677659882598	2.27621917065242	-4.9878438085809	3.90974607731437
lamb1272	-0.324946138606627	2.4423247480438	-5.37381281344237	4.3399899469785
lamb1273	-0.261798185920606	2.39460324870177	-5.17931021484104	4.38034334891078
land1256	-0.213944338023664	2.41999629995277	-5.10641984410978	4.54664040291211
lang1320	1.69540919211752	1.8772713075644	-2.00812735528169	5.45837020728177
lang1324	-0.274941513180425	2.43652946649074	-5.18433299882049	4.49165928308353
lara1258	0.909435743809266	2.23713498775369	-3.33953273858175	5.51728323989094
lash1243	0.450343983326763	1.65597269178373	-2.85590116389672	3.7316815406919
latv1249	-0.218427544570859	2.42006060324946	-5.09995331411978	4.48211625734187
lave1248	-0.0786873603941746	2.43963754079074	-5.00317408907271	4.80416293131136
lave1249	-0.136371650470371	2.41707297536683	-4.97713444151171	4.68816313521003
lavu1241	-0.0692961856212407	2.15257977149743	-4.3618926062206	4.23553256956554
lazz1240	-0.120733178901571	2.4656383107569	-5.09746031351905	4.8304872871024
lega1249	-0.176818812083945	2.42701975534751	-5.24902505309857	4.54004916903645
lega1250	-0.178481109685346	2.46030218983694	-5.16760391979414	4.57026294370784
lele1270	-0.110084530184002	2.22802036234002	-4.71095080582326	4.18438841812997
lele1276	-1.03090609117998	2.3802779595244	-5.95742706695015	3.42586312411709
lemb1266	2.9789140162318	1.89476928453522	-0.429225025610293	7.02786261833621
leme1238	-0.633216891982079	2.32433140844709	-5.41112377134961	3.75234753941597
lena1238	0.0385573384248135	2.14223776442728	-4.34545246367537	4.10407675686148
lend1245	-0.785158650282898	2.30953961418308	-5.55281549581088	3.64487578787642
leng1259	-0.687259595380372	2.2326100699827	-5.33287683981902	3.538859175061
lepc1244	0.799199645766883	1.70306357270158	-2.47324029471809	4.20776966458298
leti1246	-0.35480895630949	2.36456637009805	-5.16799306372883	4.28109300276144
lewo1242	0.802680320842298	2.00297659134854	-3.09256678779863	4.76883280772202
lewo1244	-0.255051840378159	2.3059760084651	-4.96416448694217	4.29690938003632
lezg1247	-0.203464767974549	2.47430693842051	-5.24336344834042	4.74952843527385
libi1244	-0.0242265434263592	2.26526479716308	-4.6862988608114	4.35477339281836
liby1240	-0.240949607175105	2.38340290402082	-5.33697837754815	4.20801486208632
lihi1237	-1.23260402361005	2.38032330334579	-6.19702911817938	3.22996391957234
liji1238	-0.657593453389595	2.43354130975541	-5.66712657383376	3.99093198332366
lika1243	-0.733257819002124	2.39523386815238	-5.70716745736556	3.72307922207357
liki1240	0.186280073526148	2.23373832222433	-4.29763789588608	4.52103153219115
lill1248	0.0911259700405127	2.22937266705	-4.32500460887306	4.46949357520733
limb1266	-0.614671018553411	1.68853457234292	-4.00581023656327	2.62151095133531
ling1265	-0.600768691296301	1.98304051901282	-4.76803637087234	3.11431314923082
lipo1242	1.02474979109043	1.85820924078345	-2.44297478083354	4.94197639351886
lish1245	1.6063910798087	2.20755431252621	-2.63138620902893	6.09028839529803
lisu1250	1.76993112111544	1.70991310865503	-1.4326389628402	5.36768724741919
lith1251	-0.26828171840408	2.43487137135407	-5.21656237457821	4.3406975905735
lito1235	-0.439259487391567	2.28735959941647	-5.24366896812531	3.93762727185505
litz1237	-0.666895546265794	1.99004591831649	-4.80232849657025	3.02672306918505
livv1243	-0.0318033956890967	2.50331043392202	-5.01897923974925	4.91552627947221
loba1239	0.0379798788508654	2.27266430834851	-4.65868722259476	4.38616601006143
logo1259	-0.830624545660796	2.4039267054768	-5.73916576006191	3.84852223284669
loka1252	-0.35217557572299	2.38473668669822	-5.29460215159898	4.32716184979379
lolo1259	1.03124432880542	1.8789380546373	-2.48182893417413	4.94325330988118
lomb1257	-0.196368911072519	2.41610248348184	-5.00377980608852	4.40116488814723
loni1238	-0.158040519252992	2.23789968259068	-4.81762911095708	4.0728542082548
lonw1238	-0.377716698618416	1.98002068646008	-4.51045003502109	3.33247323296643
lote1237	-0.726681642456154	2.2531072961482	-5.40264726715974	3.52188404798985
loth1237	1.34902161888418	1.60709942566469	-1.68370665764939	4.66431340671737
louu1245	-0.0329687964716199	2.21094360114837	-4.55159747138397	4.13887650759706
lowl1260	-1.56904222941801	2.34441220843025	-6.48059057642654	2.91800059348182
lowl1265	-0.762021270867093	2.23452516714319	-5.32374605593498	3.4108720333035
lozi1239	-0.225233402111921	2.48498454499369	-5.32314927181273	4.66877472216968
luan1263	-0.332727059670793	2.37448886902597	-5.12754650455458	4.2482388800873
lubu1243	-0.538553027531938	2.36597063104203	-5.47340790320108	3.97847887232154
luch1239	-0.209100485336112	2.3824122810475	-5.00575840638359	4.45802266023881
ludi1246	-0.0228319292839546	2.45382958615077	-4.97873418881888	4.84489529846528
lugb1240	-0.781723939149398	2.36534179831789	-5.70139338694911	3.70485792132703
lugu1238	1.00273552378565	2.26853120060351	-3.54091817165646	5.40091788112903
lule1254	-0.0415036894966647	2.51499659220022	-5.05801486841438	4.97301309537799
lumb1249	-0.133332055705882	2.39125641175484	-4.87273963631557	4.58481132502434
lumu1239	-1.343077440712	2.32549008221414	-6.19079847830611	3.03981652497523
lund1266	-0.119359726565372	2.44556732407789	-5.05399053104427	4.6678499943569
lund1271	-0.324298462911415	2.39190863579992	-5.15240284071602	4.38042562198979
luok1236	-0.274700508705166	2.37153139248354	-5.08085792272268	4.3038058270153
luse1252	3.63717704120968	2.32826884439366	-0.547707970183559	8.53191021588394
lush1249	2.6424994512764	1.85769198469132	-0.717533634128339	6.5705230251426
lush1252	-0.683612838509135	2.34723876862176	-5.55494621855238	3.66937837363111
lusi1240	-0.753838341622907	2.23829168620222	-5.43049238012684	3.4186268062382
luva1239	-0.184438641396478	2.41268228108912	-4.95881899434934	4.41459004149564
luya1241	-0.255030314808721	2.51859699299536	-5.26744023867634	4.58635631240333
maan1238	-0.105940116971131	2.45040252923533	-5.05418858512135	4.71172223308559
maas1239	3.43697417975915	2.0821333896971	-0.387852852818421	7.8315208418259
maba1270	-0.317802981655554	2.36381940484252	-5.37330331185463	4.28464140966915
maba1277	0.74356523067377	2.34673746883251	-3.74424671694036	5.61153817874503
mace1250	-0.384536313919176	2.37395730156023	-5.28181816227387	4.23815415905469
maco1239	1.53450927301652	2.25472697870479	-2.64782021254255	6.24202071385723
mada1285	-1.59102031047053	2.23425011515136	-6.36391174356229	2.47140439537
madi1260	-0.622279462014888	2.3462145926898	-5.52601346358804	3.84172639377749
madn1237	1.70318232570092	2.13983949290127	-2.37858190926757	6.13914498873042
maee1241	-0.762973968726679	2.00694748004378	-4.98766050970895	2.9817307448711
maga1260	-0.603693634046244	2.34284889723361	-5.58664705663781	3.89935996795844
magd1235	-1.52325789071703	2.30700012984111	-6.32230235940188	2.72218927348963
magu1243	-0.453092207702708	2.37906523041278	-5.38823077232929	4.00819624320506
maia1253	6.08274220330363	2.13921989437308	2.34043017993136	10.721573178554
maia1254	5.98862796868106	2.12740834012603	2.2610518806916	10.5508931293848
maib1239	-1.59191390590815	2.35894766610625	-6.60010929072406	2.83594425949164
mail1248	4.56386877652722	2.13918085434284	0.81039117068114	9.22630257526664
mais1250	3.05288136919524	1.7544840677819	-0.193436433169249	6.69259270809344
mait1250	-0.713726863165664	2.16631285260708	-5.21517521954484	3.32704909806495
maja1242	-0.779507850667344	2.30492982131368	-5.5138327013929	3.61311822764864
maka1304	-0.0520960239861617	2.33331424498752	-4.77612876746205	4.49801864668826
makc1235	-0.0455230501264331	2.43840448324537	-5.05223347258197	4.77884325049923
makh1264	-0.129223403563387	2.46008719316885	-5.0055447920531	4.6273423010413
makh1266	-0.148589313846066	2.40351950840419	-4.87069980554567	4.57506665362014
mako1251	-0.169441000204595	2.3956545565468	-5.00150398046617	4.55627673418268
makw1236	-0.134143562660428	2.37839347248159	-4.91164997841154	4.49568640185015
mala1463	-0.0764530357981815	2.50969365660158	-5.07426942849889	4.93329179661733
mala1464	-0.0845894486872674	2.50107682024952	-5.11283580729077	4.78561925344498
mala1479	-0.130138695081069	2.49542110487291	-5.10786064141205	4.80881369710445
mala1522	0.752528260151666	2.32206292382092	-3.60429769331392	5.68610766828226
male1284	0.789990510603885	1.94029610818476	-2.95135358633596	4.72894089234291
male1289	-0.537588057455252	2.11876146678417	-4.90359993115979	3.45547555140132
male1297	0.747316617857187	2.30346541477807	-3.67163085933888	5.52881806835462
malg1251	-2.36927387697613	2.28767344084704	-7.26344536246014	1.80132666265874
malo1243	-0.863303672365418	2.07133071165959	-5.28362123702481	2.98265793533088
malt1254	-0.179277500760218	2.45172118197928	-5.10844340765289	4.49407536137765
malu1245	-0.759851123386812	2.0337881171841	-4.99832005393052	3.04829197264546
mama1275	-0.234080901895808	2.4759744472182	-5.27676196942822	4.47417060914805
mamb1294	-1.33021534808369	2.32665668308344	-6.22926723162783	3.03149292603591
mamb1296	-0.20111841531201	2.40940152184562	-5.14290890765504	4.46592836565427
mamb1306	-0.0939689359972644	2.31615777586221	-4.66354904933529	4.33377091233823
mamm1241	-1.13868457640023	2.36493495805197	-6.00562162406316	3.33121187617007
mamv1243	-0.932306108079406	2.36877504386089	-5.83429785610766	3.4955505964767
mana1288	0.449582190907396	1.69102788026311	-2.82167706868954	3.9055314563973
mana1295	5.39103353951127	2.08268718142867	1.78115370725694	9.91940128321251
mana1298	-0.20271431416427	1.99344573495488	-4.30613379928184	3.58822019410159
mand1415	-0.606576795583021	2.26678506575448	-5.37418742691666	3.62127791499321
mand1423	-0.322539714960568	2.3412153262811	-5.10526736207849	4.28199013802709
mand1436	0.0226252696512762	2.44856998882705	-4.7037117207428	5.02515185300364
mand1440	-1.43328668751692	2.29045665626392	-6.29194513846225	2.84486764248182
mang1378	0.176112275101081	2.12000532855047	-4.00224067975358	4.45020824637351
mang1381	-1.36909286646028	2.33509575406781	-6.2028452909928	3.06457183000607
mang1394	-0.678614853523817	2.31790350568767	-5.58997197420162	3.63404837587006
mang1401	-0.146815787231692	2.41971185787587	-5.1211039622423	4.42037434113289
mang1403	-0.745168142725679	2.19278413161411	-5.24466335127187	3.26722501830608
mang1404	2.24381734565893	1.773512804641	-1.14971047727352	5.73801702032696
mang1405	-0.349388316316148	2.39086467418062	-5.18648284568548	4.26400494708844
mani1235	-1.24941089698804	2.3192185530271	-6.12067180585008	3.24357981734376
manm1238	0.574649435614936	1.93609693000732	-3.0613794831626	4.57543853187628
mann1248	0.308504656874481	2.48252780056645	-4.59761542512237	5.27507931413385
mans1262	-0.314501385671941	2.36616507571172	-5.29921309569201	4.28253313459225
manu1258	-0.358305988133126	2.34185313684092	-5.14038904654237	4.08847367473112
maor1246	-0.0740676824802202	2.43014831348802	-4.90113827684326	4.64075966680687
mapo1242	1.88899857957449	1.75758409947302	-1.46327714157457	5.43481004378203
mapu1245	-0.70029670817732	2.36513434341305	-5.51508103546464	3.85065286018129
mara1378	-0.374871732898714	2.41721353772128	-5.39952696873701	4.26344569183087
mara1379	0.970344348926405	1.41128476713129	-1.74867841675535	3.84861969980358
mara1386	1.23384106823138	2.13885704753544	-2.85679977715344	5.5743589070543
mara1396	0.988507039199884	2.5102034463944	-3.76477672002022	6.18383123238829
mara1399	-0.715662939262502	1.99608150428634	-4.90337723499523	3.05090432401255
marg1265	-2.12918599318947	2.30002932156532	-7.11370578514547	2.02890982648406
mari1414	-0.109406338968391	2.42968856457332	-5.12925848373226	4.54699706683296
mari1416	0.956132091914636	1.50358080444357	-1.94980568604776	3.98796801866815
mari1424	1.52504108964403	2.14343531987435	-2.58720741506078	5.94829171299713
mari1426	-0.725409995070069	2.24250497554871	-5.35896592332297	3.65008484753969
mari1428	5.13510630332841	1.76694000116739	1.93206503689783	8.84475136382523
mari1440	0.891878671300212	2.15337648784072	-3.17835528766734	5.28446737882555
maro1244	-0.557784978906241	2.23353130428076	-5.19333252588172	3.7590444388186
mars1254	-0.110104092638559	2.43053540806271	-4.99766812792054	4.66123358261524
mart1255	-0.979147597511547	2.20081649957555	-5.61786143213309	3.17725008868907
maru1249	-0.731370999655804	1.80286382161154	-4.44682238244232	2.79054487882203
masa1322	-1.20688765374756	2.31806122481909	-6.08727825098583	3.05930441072728
masb1238	-0.309261085995782	2.37700918234798	-5.22176898943959	4.189052509561
mati1250	-0.405893105165506	2.44659112535736	-5.3865792366328	4.2395183327482
mato1252	1.74074368199379	1.64656282397968	-1.46458222706273	5.08046319495191
mats1244	-1.34116744593048	2.17083082763671	-6.04551854642516	2.56510346145986
matu1259	0.0807108413537581	2.43846798272782	-4.77544458743117	4.80814233347212
matu1261	5.82438492328153	1.99275982454418	2.36617489850866	10.1254846201273
maun1240	-1.0592531504486	2.32019342236318	-5.77313316977837	3.34086193106642
maxa1247	0.938041231872037	2.18194276752384	-3.25068546603153	5.49782240176835
maya1285	1.62817566834966	2.27568979659122	-2.65091312197024	6.52130727329254
mayo1261	-0.776865703735556	2.38412828969773	-5.77404893303219	3.74839506507941
mayo1264	-0.514337092503213	2.34984971382478	-5.35550022144187	4.00341278311391
maza1304	-1.64648366356417	2.31407523025893	-6.62651143063902	2.59609066039895
mbaa1245	-0.308919784386357	2.3714149579498	-5.18832498397193	4.33770705362069
mbal1255	-0.176820424291439	2.45011293077149	-5.16409422376519	4.59269918480202
mban1263	-0.513604335576085	2.37281263592225	-5.46548141741868	3.96283016632256
mbar1260	-1.21759999153347	2.36558654773788	-6.263472968745	3.14475224095919
mbay1241	-0.860379408363041	2.30414232788518	-5.68552124977412	3.3867246960174
mboc1235	1.19888215605045	2.21289660637867	-3.01935815516714	5.84545998457508
mbol1247	-0.224518001658936	2.41023516917425	-5.05140950881573	4.52018818416249
mbug1242	1.57536003304405	2.13606161096017	-2.46753750062552	5.94712239617188
mbul1263	-0.286261284562385	2.07097930592983	-4.65529159864634	3.71878994860314
meen1242	-0.166237337244224	2.21411119842968	-4.58009795506122	4.23162706194253
mehe1243	-0.113965665109457	1.91472561614524	-3.9438504992117	3.58936549486957
meke1243	5.44605447442311	2.15881921972467	1.70162298466981	10.2285803462725
melo1242	-0.425277176829232	2.10430858712517	-4.62496193845592	3.75933627798622
melp1238	3.21502147492702	1.9278648316339	-0.198316139591118	7.24474649334293
mend1266	0.129462832575172	2.37760661294267	-4.53281617921283	4.89888879055118
mere1242	-0.852102105715109	2.20147960788813	-5.36409161379888	3.25105001243643
meta1238	0.188041482279783	2.20975050026432	-4.24037909826439	4.5696305277918
mezo1235	-1.37872303440729	2.34844635552879	-6.19898745089491	3.02021532383076
mezq1235	-0.959292339373167	2.40910087981819	-6.01006342018624	3.51396464832569
mich1245	-0.494620175176498	2.42244861164241	-5.63909151324535	4.12435503674373
midd1327	2.215710716708	1.80268254287627	-1.20824926666308	5.80166608325022
miju1243	0.465136843993675	1.7201548805242	-2.97329795465477	3.88748717512703
mika1239	1.08833007210972	2.22544618127911	-2.97553382779587	5.79054341378423
mikm1235	-0.297079141045245	2.43929709957156	-5.32427497748606	4.47845823062325
mila1245	-0.0806361655478666	1.83808806016781	-3.80682195706408	3.50860333024772
mina1268	-0.121857994430528	2.45433706859191	-5.09546713261888	4.50609885584073
mina1276	-1.73510547989812	2.32193189689851	-6.75609783940007	2.54272186170331
mini1251	-1.42682130750005	2.28339280506219	-6.24555446027686	2.71290505976667
mini1256	-0.882715704200688	2.34467468133101	-5.77377025216658	3.65465123207573
minn1241	-0.435489602915404	2.21826339262756	-4.98007267880749	3.74639918785417
miri1266	-1.17185224536291	2.31098079689609	-5.98953758066777	3.24152623267136
misi1243	3.5345080465777	2.13054836336714	-0.270133733456088	8.07735127054006
misk1235	1.61615152390633	2.25445358155704	-2.4910612270716	6.41022708872219
mixt1426	-1.59161307070385	2.3161670353404	-6.55453804265421	2.70057448144742
miya1259	-0.100419827819488	2.498938305518	-5.1986668051612	4.81081220671743
miya1266	-0.882054670914956	2.38051270154316	-5.73817678041593	3.53169369057784
mlab1235	0.363617075995247	2.32336666427514	-4.1155236043591	5.00990989580054
moba1244	-0.432549197573312	2.32823776854842	-5.23027855050679	4.10085310599231
moch1257	-1.25913221333695	2.35001505194416	-6.23886401456153	3.18432309013849
moco1246	-0.605722572295991	2.3599137241181	-5.49566570859206	3.83796280461413
mode1248	-0.235600003027229	2.45317851935385	-5.20369853238111	4.49722606242115
moii1235	-1.47427933880895	2.35286446112189	-6.36932233238026	2.99294773033682
moke1242	-0.123730127842102	2.49325643625158	-5.1526951610536	4.63889387110102
moki1238	-0.205187155194916	2.36838668732018	-4.96707024949444	4.32573944962475
mokl1243	-0.1328333714472	2.46346990505733	-5.09960282899618	4.62162621773405
mokp1239	0.464866102388532	2.33196414527912	-4.26746028117852	5.18415257767496
moks1248	-0.0260820538016038	2.5193678325777	-4.90073320952664	4.90887495752841
mong1338	0.260198217222503	2.4570284375493	-4.7525211746737	5.14417948360471
moni1237	0.731474454777293	2.25634620750443	-3.66667684174009	5.24506654233337
mono1270	-0.514560515640948	2.42749328709415	-5.49792134910275	4.00589816130939
mono1273	-0.966087798167388	2.34847636723277	-5.80709406406317	3.49778381887682
mono1275	-1.1529394206472	2.22931181938958	-5.86276749266467	2.912718578813
morm1235	-1.03094746488493	2.24243190427057	-5.51546361383954	3.19903275383118
moro1285	-1.37495130529097	2.31974158112667	-6.27655005680908	2.95279213932382
moro1287	-0.307131005617327	2.37408157834614	-5.02771409843469	4.38344298984897
mort1237	-0.155411381450054	2.39318395346878	-4.9466726342112	4.59891358116032
mose1249	-1.3212546592992	2.21945558706707	-5.90764689360897	2.77768234593974
motl1237	-0.610844218791503	2.31444231748589	-5.32594967632448	3.75318036310516
motu1246	5.9278018823877	2.20569281639226	2.08028765674762	10.6641199738709
moun1252	5.8303524125284	2.23189006082751	1.88640605402541	10.6023122849271
movi1243	-1.53047165885861	2.23011946659388	-6.31624492965776	2.50936089212974
mpad1242	-1.31243086997372	2.32310110933103	-6.22405388453865	3.13367087481222
mpii1239	0.860625883267651	2.07055609115054	-2.93163803127688	5.26642184968695
mpot1240	-0.230727858143647	2.41051964777433	-5.14493152811391	4.40795118795817
mpur1239	-1.82388306911364	2.31259356217486	-6.74684228994213	2.51003913391892
mual1241	-0.230333866784306	2.42391063953841	-5.04874827778843	4.43821332692642
mudu1239	-0.134090816110168	2.52852205549053	-5.1323767809354	4.85606278953359
mudu1242	-0.80610660430832	2.34457546643698	-5.71983092685513	3.6405536162509
mull1237	1.62817605091767	2.1327244574526	-2.36717937785059	6.17221543842307
munc1235	-0.124531295561473	1.81215504361583	-3.7763602208273	3.40424251375471
mund1320	-0.186066864742691	2.48402512474785	-5.05709265864815	4.76854874099379
mund1325	-1.35588338824106	2.31326407317555	-6.26906453451653	2.94360360124238
mund1328	-0.45912737775583	2.1796380826583	-4.98409114294928	3.8036176834217
murl1244	-0.248811346323436	2.41416588737075	-5.14390633123622	4.55802299486363
muru1266	-1.09343081012173	2.17525077344818	-5.63994798110539	3.00741342005225
musa1266	4.73620173226195	1.86183782948816	1.3484483459838	8.68272573013742
musg1254	-1.40257829036991	2.33793854524925	-6.33453805784541	2.98351894649756
muso1238	1.32524559058647	1.73417177647703	-2.01036483879839	4.77209249979784
muyu1244	1.14647317488616	2.05739145222092	-2.84969363671952	5.1711544570794
mwag1236	-0.856078366887407	2.30973767579914	-5.51094501049113	3.51858873005625
mwan1247	-0.162319939803189	2.45083045599614	-5.05033383926581	4.64418932413981
mwan1250	1.78359966167657	2.3659872213539	-2.59080077683396	6.84446673507813
mwer1248	-0.115512394309668	2.43943845491741	-5.05766658534006	4.6712706865056
naka1262	-0.876955252126323	2.23130551107375	-5.46092530432325	3.26112444088906
nalc1240	0.170775451712777	1.79767663245698	-3.31065504632237	3.73188422859084
nali1244	-1.60251008913813	2.19964122459571	-6.15539314666529	2.40170917025612
nama1264	-0.268684898072482	2.46498944067405	-5.2571593111396	4.56310474555513
namb1293	-0.960304061884944	2.20131621694003	-5.52764501796609	3.22667649203265
namu1246	0.508031028267681	1.72949139159053	-2.92170546244973	3.95362355529811
nana1257	-0.14304404701207	2.45519246484299	-4.97756310699957	4.77452829310584
nand1266	-0.397985654277198	2.4402840106046	-5.32696866986748	4.26996601638195
nang1262	-0.435853908911052	2.34815464986155	-5.35965005382872	3.99236912149166
nara1262	0.527471283845316	2.36568707718919	-4.09940059637085	5.34684634505147
naru1238	-0.83113031336842	2.25648774508715	-5.54099654147027	3.29529454598913
nati1244	-0.260510090394989	1.97679857558899	-4.31225125124011	3.52506903168922
naue1237	-0.287887664261419	2.3614641910536	-5.06722117974859	4.28765537579224
naur1243	-0.127813761884127	2.37927984713986	-5.07239229911447	4.45363351285074
nava1243	-1.07048273432107	2.12440377823759	-5.51378661058914	2.87180979005353
nawu1242	-0.429646977645216	2.35859205420152	-5.16726062704605	4.02892461007046
naxi1245	2.20021565891585	1.90088792494889	-1.25201925646514	6.18682173406714
ndam1239	-0.185023664873663	2.42366307946444	-5.18342864624831	4.58111646080592
nden1248	0.651585671636739	2.38832757770507	-3.9994421508649	5.39993653004047
ndog1248	-0.422104249007046	2.34063259733085	-5.28512925964356	4.10955313780166
ndom1245	1.76937549246855	2.37295891720493	-2.60420324531925	6.78079772415523
negi1245	-0.252481271580217	2.38862442684587	-5.08186411027471	4.47875173464453
neha1247	-0.840727245008678	2.38581265998399	-5.62672150261139	3.80750367189539
nend1239	5.43282959127268	2.07418840004126	1.81100482427236	9.89035956942255
nene1249	-0.0159857234920091	2.57376521557275	-5.12257250120544	5.06520355176676
neng1238	-0.335488301345352	2.40641575133944	-5.13072345018244	4.34143797327254
nenn1238	-0.939249928221593	2.20155750198596	-5.55842508545752	3.28223104401609
nepa1254	-0.277776239800461	1.54733839473208	-3.50846384261497	2.66397408167801
nese1235	-0.778211735833962	2.02779510424077	-5.03935433095429	2.93769110831098
newa1246	-0.241231712659384	1.61694967487563	-3.53428881448978	2.82201415923965
nezp1238	-0.803941406643449	2.33049821488269	-5.66981384537875	3.66198472394721
ngab1239	0.850671942781659	2.33731344662655	-3.49088037220564	5.6976811163052
ngal1292	-1.15142128621284	2.37344592239448	-6.1576395882646	3.28849021597982
ngam1268	-0.946585204579156	2.32116288455057	-5.77132473781756	3.35164570852225
ngan1291	-0.0255448554699815	2.48367809517786	-4.98377694253091	4.79955228705579
ngar1235	-0.692377729212539	2.20169704373143	-5.36429442907489	3.52081519544688
ngar1284	-0.614514371516094	2.45356429359601	-5.48874997468384	4.15273552500219
ngas1240	-0.971964958966016	2.31332983776402	-5.89454158323814	3.44314155920569
ngba1284	-0.362587137324909	2.38039940223447	-5.26866117372946	4.2742651973906
ngba1285	-0.475364549828266	2.30758516841357	-5.16170689574721	3.92456832342158
ngit1239	-0.758093374844133	2.31771768258208	-5.5299364931549	3.77542367474688
ngom1268	0.0737394245244812	2.40293676207178	-4.79850839474572	4.81148003591337
nhan1238	-0.708660525533462	2.26348845217147	-5.60206729631101	3.55787806470032
nige1253	-1.15202777267733	2.44252954845631	-6.15081565056031	3.42745125795659
niha1238	-0.201399502605588	2.49174842545839	-5.30273927190792	4.67539778138024
nila1242	0.891905280904422	2.25213201308151	-3.543159497943	5.43616377614949
nisg1240	-0.646294844869211	2.26477443571709	-5.32345782075658	3.51058577642032
niua1240	-0.130137966957392	2.46732632205529	-5.16228688697622	4.75044041731882
niva1238	-0.735522172803958	2.34181613067659	-5.56002321541864	3.83044982549112
njan1240	-0.258562330477607	2.23694120185065	-4.83038784832546	4.01068317937541
noct1238	0.0103987001162023	1.68768252657455	-3.31512184327161	3.4115878503371
noku1237	-0.713911413189194	2.30370283524832	-5.51697414554088	3.65194735460496
noma1260	2.15426577611015	2.05111171479317	-1.63596238466248	6.36706588080508
noon1242	-0.123318963855132	2.41115997551443	-5.06984103051015	4.62292809630259
noon1243	-0.239447494139589	2.15133714851811	-4.81549792236601	3.82984114490703
nopa1235	-1.36358237171907	2.36220746218614	-6.375361881591	2.99704351673853
nort2671	-0.0200490138199512	2.59854149379967	-5.29701534115172	5.25476591194852
nort2684	-0.0482598712808339	2.60362862516067	-5.31537737861897	5.17717333230498
nort2690	0.0133370605209042	2.4879664808393	-4.92305583923542	4.94459461487844
nort2697	-0.141063237107998	2.44334815280282	-5.14112619105579	4.64629253845878
nort2699	-0.134114016906978	2.4497540861196	-5.0865921233398	4.70551587802403
nort2702	-0.0975490283094082	2.47221601898911	-5.0774776931624	4.84022213800548
nort2722	1.41516957085404	1.89294300721497	-2.09870477526558	5.4395285929535
nort2723	1.41715402575728	1.87606572388628	-2.0211736754324	5.33553054375001
nort2724	1.22799096319419	1.74949611885167	-2.19172702568159	4.72079258991525
nort2732	2.06437763539022	2.10488899959225	-1.74699458024947	6.51426805946153
nort2745	-0.320636764176509	2.37627909765189	-5.19422457586178	4.40250965237335
nort2747	0.0691914467060867	2.47713294380729	-5.03453778340462	4.8902558843422
nort2774	-0.280884172677889	2.28816224335019	-5.00870407157142	4.10059739759412
nort2775	-0.448482125975176	2.38832189035595	-5.54426875984761	4.10702768174233
nort2839	-0.37382194061156	2.01056770941692	-4.54850262766772	3.41599989191818
nort2845	-0.109614514630332	2.42396378338646	-4.98616025630887	4.59858457419589
nort2847	0.098117879193928	2.13414936538439	-4.17577247999172	4.08792417719025
nort2877	-0.564223373024839	2.34259758731969	-5.32466647852227	3.86159125282962
nort2885	-0.303353042721025	2.43983823811632	-5.32251840898261	4.47168823590236
nort2930	0.394232802388943	2.08267931533053	-3.77600324541966	4.54852333678619
nort2938	1.83568160747639	2.25754660047155	-2.38365663247932	6.5476013555711
nort2942	-0.821090666993835	2.14780476268482	-5.28069157972896	3.21588140510339
nort2954	-0.964911948659517	2.29304665157813	-5.77701016976732	3.3521296123993
nort2957	-1.31378122045213	2.26675390060639	-6.23365682740902	2.71594996596155
nort2961	-0.218065353532221	2.29960077849175	-4.99216475218654	4.13615159177032
nort2972	1.15756914528855	2.27732803428078	-3.05002721027618	5.92553453129342
nort2994	-0.150838072495691	2.40027225477163	-4.9375738916478	4.53127268288468
nort3047	-1.74018118330788	2.3073672510568	-6.61936162761235	2.54198156664095
nort3139	-0.224795345376664	2.4208204329923	-5.26923087009708	4.40489366250543
nots1237	-1.68924821235827	2.17798892331549	-6.30562630170016	2.24174709694588
nsen1242	-0.14173561204293	2.41133845022367	-4.96944616139978	4.61691473276534
nucl1235	-0.0767699279274897	2.34162673118624	-4.82022176967475	4.48396126383592
nucl1240	-1.06765968961329	2.35019062395922	-5.91439721502756	3.4276183413335
nucl1301	-0.0267997280408016	2.50509133329651	-4.9113574698505	4.82890409127778
nucl1302	0.237957856182911	2.42202430504335	-4.60785864783355	5.01629548261327
nucl1305	-0.0934883977992133	2.53617150480309	-5.34443365569068	4.84753416619306
nucl1310	1.36810258260474	1.71207571960259	-1.76713504206574	4.88411782024163
nucl1327	0.651316260039012	2.23982269534021	-3.846888960365	5.12595133627974
nucl1347	-0.10559129524953	2.39300040448471	-4.77968212282389	4.59894648152734
nucl1417	-0.27007380391066	2.33235550070397	-5.03552549024631	4.26970065882256
nucl1452	2.0450564666329	2.32882506338928	-2.35635062445625	6.95161886298212
nucl1458	5.60777340546261	2.07385359206387	2.03521715403607	10.1250990932024
nucl1593	-0.374145420844149	1.98564435171241	-4.42648188781364	3.48945499073745
nucl1595	2.41943899622974	2.10726061458317	-1.45917052102512	6.7465532959752
nucl1622	0.564961539465987	2.23036357511652	-3.77292748956085	4.95239148999902
nucl1630	5.09535903502008	2.02050703268102	1.52660151693879	9.43201615186502
nucl1632	2.21863045584773	2.21765127859272	-1.87422362441364	6.8686385131703
nucl1633	2.47173553708239	2.23711853448148	-1.57438049744504	7.0395295398317
nucl1643	-0.0710413622464069	2.5316690224089	-5.24401577125229	4.91018946658941
nucl1706	-0.148804117147643	2.42493815880795	-5.05264200945291	4.54999575019032
nukn1238	1.24952954206833	1.63258536038856	-1.94656524946992	4.51849877389587
nuku1260	-0.128879239329663	2.458081468655	-5.1605947398739	4.53830769841386
nung1282	1.92261686302012	1.78861725746011	-1.33517769559494	5.6202580618805
nupe1254	-0.260430840489943	2.456313145394	-5.25590903767021	4.52488686285275
nusu1239	1.5425759625631	1.66873359763497	-1.61109091356506	5.06103834435112
nyah1249	-0.0965742007820097	2.43210891398355	-5.03811373259939	4.67437194871142
nyah1250	0.102830752244702	2.47375276438558	-4.797577849267	4.9358067886627
nyak1260	-0.34341067569783	2.40719267337835	-5.25844480018292	4.25323038756598
nyam1285	-1.06631318960217	2.32195227586266	-5.87207854727432	3.27440481422339
nyan1307	-0.306620531734318	2.47292220658015	-5.26969682514425	4.47424187622324
nyat1246	0.854946135947471	2.26929163208976	-3.6938126031576	5.3558932408381
nyis1236	2.2530739075564	1.80151969203115	-1.0112602635721	6.06570468664007
nyor1246	-0.529040169203027	2.39683497022767	-5.44068970893236	4.10310368417342
nzad1234	-0.123793555180018	2.43398276702822	-5.08496291007788	4.63659749963893
nzak1246	-0.739973886466015	2.35023298861492	-5.60204679468683	3.5856572529959
nzak1247	0.516470298857699	2.32523133362383	-4.05357069910088	5.12791418934686
obok1239	1.45013247110763	2.16000844589249	-2.62300181620733	5.966233672971
occi1239	-0.14847650926449	2.47932675359502	-5.12318185406039	4.59621535847605
ocot1244	-1.67756511096557	2.32686100636672	-6.43752588275849	2.60666107131799
ofay1240	0.880098339642475	2.21662188854891	-3.35239886458151	5.43105204852899
okin1246	-0.129013031793006	2.54135920680906	-5.26954080349517	4.85455898891122
oksa1245	0.672492855180594	1.80035057031095	-2.82107899081832	4.3252300900801
okuu1243	-0.100744554934427	2.12400234841725	-4.38970892441743	3.97341186986942
oloo1241	-0.0829361081973758	2.01365138942836	-4.15688208318441	3.78370826236684
olut1240	-1.4734768028075	2.29963517266671	-6.19248460329382	2.81046748460818
omah1247	1.80835152942113	2.19396195763678	-2.27332004711697	6.5389083515588
omie1241	3.57073937903675	1.85958363612133	0.179192801086768	7.51488529555785
onon1246	-0.508719045219097	2.40599757608541	-5.38084604497286	4.09081884893902
onto1237	-0.259976917759524	2.43853657566671	-5.16134355294581	4.50551675901839
oriy1255	-0.309337225116894	2.37023673990002	-5.12906183044995	4.24910148579855
orma1241	1.78943834153705	2.03841862413336	-1.95261804043077	6.10669508656024
oroc1248	-0.182849954036165	2.53386397525955	-5.44135563318279	4.73040645491929
orok1265	-0.143895160942422	2.43175916029834	-4.96218851458221	4.66181323145158
orok1266	0.353198467775623	2.32263537733585	-4.21742431142013	4.96347272805084
orok1267	2.37075073835541	2.14397012590534	-1.65575723571165	6.8068004362512
orok1269	3.50267181041838	1.89278350943142	0.0584545779462081	7.48623108036836
orow1242	-0.577446743872384	2.22090004685872	-5.09181309012619	3.55402290811502
otor1240	-0.572704927191494	2.3106922685605	-5.18908104622905	3.95245401152544
otta1242	-0.284850397813171	2.3451012524556	-5.08164767529446	4.1446149758783
owaa1237	-0.318076829552679	2.47182281369697	-5.45248428976133	4.47501857393997
paaa1242	-0.804936420444318	2.40605260367982	-5.85706941884787	3.7538175186755
paas1238	0.090308596428942	2.3095153600039	-4.53412577552527	4.45304266418764
paco1243	-0.0851696792436031	2.55512291368339	-5.12818698942501	4.97011139954447
pagi1243	-0.252396759183689	2.3374880050393	-4.96181707323287	4.26659765591052
pagu1249	1.47631178416466	2.27654798742911	-2.79018624609086	6.15830308938424
pahn1237	0.00299455911716803	2.38151911587213	-4.80589179667793	4.58623787431067
pait1244	2.22768593863175	1.71371169556471	-0.876735616289368	5.82437815849411
pala1344	-0.124178217626645	2.4336068792288	-5.18219900943421	4.65452835668864
pamb1243	-0.174250824610497	2.37622777736418	-4.9560795935972	4.45001755733109
pamo1252	-0.295632962818333	2.45548482261318	-5.30053762786166	4.47518119397537
pana1307	-2.11804951952522	2.07196130409342	-6.46300407311298	1.65157174681963
pang1287	-0.341457034313521	2.31527662988289	-5.09288829395818	4.18319984569402
pang1290	-0.47690599995195	2.33243216241098	-5.19571580575908	4.03559784395863
panj1256	-0.685947878202509	2.36526772984924	-5.66124337802274	3.81888371814034
pano1254	2.7510213524214	2.10695139176809	-0.972946030621367	7.28094727953875
papa1265	-1.3419559126945	2.24660222547376	-6.03003688992215	2.90810257594671
para1301	0.229209557717628	2.43542841435506	-4.51677509323721	4.96820389097944
para1302	-0.63772027737928	1.71269348808907	-4.1139089674236	2.68123224587986
pare1272	-0.355090475995033	2.25864762538833	-4.91158379468281	3.84874525167201
patp1243	-1.36038674450878	2.32773012910874	-6.31070017117087	3.13423850790151
patt1248	-1.63906846023962	2.19342146025946	-6.25577993260313	2.27048088169216
paul1238	-0.34851005829506	2.39171776480887	-5.20175446288335	4.25032040253874
pawa1255	0.722069740622133	1.98605244654271	-3.24441522316318	4.6889195652781
payn1244	5.56716922760906	2.08878493753595	1.96512410654772	9.99306286414064
pech1241	0.929247827760478	2.32542794403496	-3.50220839839167	5.74150678001006
peer1241	-0.760443690076272	2.36466191910836	-5.61008376357464	3.78080131900787
pela1242	2.39314742025969	1.94676337413252	-1.06783583877038	6.59429508113957
pemo1248	2.81859854005836	2.20335355123838	-1.18468208265256	7.5620588519714
pend1242	-0.268421687137393	2.3522456936599	-5.06575343096144	4.31223141002206
peng1244	-0.189798750921286	2.48973515273443	-5.08426122984281	4.77528175657572
penr1237	-0.131048463757059	2.41506469198491	-4.99452088130539	4.53029752267302
peri1253	-0.615061755068742	2.22038839142466	-5.23687027418212	3.59795944624546
phai1238	0.077926915815824	2.33614726810174	-4.4216719804948	4.77814155667367
phon1246	-0.0776730940632773	2.48683987335952	-5.15579623730429	4.86496429852116
pila1245	-0.694665206370397	2.33127436239552	-5.52189112861446	3.61897226624858
pile1238	-0.408130532264992	2.31955242376821	-5.18781715303506	3.95675841763284
pima1248	-0.612346081534344	2.31288549605996	-5.54632409664186	3.83414029964811
pina1252	3.52763814620206	1.91376436510649	0.0661177887159389	7.65087604206167
ping1243	-0.146953828587885	2.40591371291703	-4.99134954989243	4.50206881472144
pipi1250	-0.610591107334496	2.29476843872345	-5.43608038685768	3.73770032254422
pite1240	-0.0111192007636967	2.54774663012528	-5.08752917879652	5.09997835842107
pnar1238	0.654192698943052	2.09810840697717	-3.4803306714506	4.84748447085268
pohn1238	-0.216074189305873	2.41356643122714	-5.19918363870693	4.51259792760619
poko1263	-0.165708369864314	2.42045760625602	-5.09103214328162	4.55223258658674
poli1260	-0.177186347869294	2.44314492059557	-5.19259810964967	4.61406784791293
popt1235	-1.29751955232992	2.31692999066148	-6.0369836642557	3.07959541099039
port1283	-0.0892444217889513	2.439713787762	-5.05139950221309	4.63855890456467
port1285	-0.102883033677959	1.93581334392983	-4.05980956721698	3.48468557088243
puka1242	-0.106896127961324	2.40011233194762	-4.95632411744983	4.60631963558265
pula1262	-0.0760892206706176	2.47554151286082	-5.07899375608373	4.75880114842588
pula1263	-0.0569862580049639	2.43198233429149	-4.98873068919243	4.56353464273167
pulu1242	-0.158404551503682	2.45360168063044	-5.16355159028615	4.60446632940468
puma1239	-0.369896788266622	1.65902645332061	-3.64070337493153	2.88563275793847
pure1242	-0.843219390338295	2.3232818077923	-5.6064656972323	3.62182042744954
puri1258	-1.73420925802793	2.05322848676561	-6.27436098045657	1.92313487080204
qanj1241	-1.22271092982682	2.32596284659447	-5.99390509937257	3.07645051688841
qawa1238	1.68722627477525	2.23038098279855	-2.40911714493741	6.43864888642892
quer1236	-0.852283380252996	2.4066842413766	-5.88716055865388	3.74847601516691
quio1240	-1.65004147441295	2.27225072639744	-6.49930255589484	2.44755511603998
rabh1238	0.790738797650094	1.69655103340537	-2.4893191228529	4.09052668815417
rade1240	-0.192019576637728	2.3775664023152	-4.94451632686356	4.53474808763611
rama1270	0.981010742884685	2.33671372524872	-3.38763303772495	5.86484760244386
rapa1245	-0.0831380064685699	2.43674404821188	-5.25186698505902	4.59052580883423
raro1241	-0.116696006867981	2.44549889596986	-5.11897736101979	4.55585642938232
rata1244	-0.211329903341567	2.41110117722441	-5.20113432254881	4.40348667583733
raut1239	-1.70340773148244	2.15436326694821	-6.21303909303707	2.20358576596455
remb1250	-0.386099683520146	2.39211777544011	-5.35421909509036	4.2847120376324
remo1247	-0.334610802392049	2.42713300116653	-5.24780649102912	4.35322994288829
reng1252	-0.170206285128628	2.42930804533505	-5.06156799376901	4.62696674711928
reye1240	-1.76493121577483	2.14743025460926	-6.24424234991135	2.09341468247253
rian1263	1.88255131728854	2.33893028368346	-2.47052646228588	6.76487171569434
roma1326	-0.223519877552965	2.45222598801506	-5.21708341779803	4.45729990036094
romb1245	-0.352189222902142	2.3562456768446	-5.14770964126512	4.15100712983379
rong1264	-1.72544801996592	2.14552869309594	-6.3510631904252	2.17580974223557
rong1266	0.81981436632454	1.50266810808747	-2.07537144253564	3.75536640790095
roto1249	-1.35169151485953	2.21692124340482	-6.06024483948805	2.80067955272364
rotu1241	-0.132194097818919	2.38723160403441	-4.91620314762409	4.62879041350924
rovi1238	-0.674005787156125	2.19220152809166	-5.24967688751969	3.45661956459193
ruch1235	-0.521629253706919	2.42369093803608	-5.4130586623559	4.24364383243969
ruka1240	1.58677342377727	2.05178070226164	-2.25429153088674	5.80392228544292
ruma1248	1.61673996276179	2.25287204755179	-2.65249877214282	6.21902752045476
rung1258	0.428859928966498	2.37600009432726	-4.22723048983677	5.1430582373414
russ1263	-0.153426857486899	2.50360059926869	-5.19555866323046	4.60642024263513
russ1264	-0.571631501964839	2.28969411753575	-5.29813350819446	3.77043594614966
rutu1240	-0.212202181998838	2.4607951024424	-5.13026243989788	4.62993109941429
saaa1240	-0.607287096273192	2.34607794032594	-5.42153308630561	3.82401662175954
saaa1241	-0.522626056014857	2.0587357911743	-4.88166538968303	3.44149439173674
saar1237	2.24365760807814	2.00976640385541	-1.45383089562737	6.45378955461013
saba1268	1.32137429126283	2.04154877898613	-2.51769171112093	5.59936510008964
sais1237	0.674860807290467	2.24104145857754	-3.63109253777298	5.08796623729922
saka1289	-0.8581174701277	2.24413706521866	-5.54434090157758	3.36823862433699
saka1291	-0.0799789304132955	2.40951424143602	-4.95715115809535	4.73965358210826
saki1248	1.52893581812783	2.13460689844732	-2.34036359080334	5.95390221629348
samb1305	-0.907632739779748	2.34364558888283	-5.83176978949882	3.59633061702315
samb1311	-0.883762717634702	2.34965522895716	-5.81832538683708	3.57912582737713
samo1305	-0.138732939686293	2.42689418245203	-5.03848307167783	4.54906223437144
sana1295	-0.13663118841004	2.42785051204192	-5.07777143215466	4.52021175975919
sanb1242	0.880838702338602	2.33399575018021	-3.62333787432602	5.70041260638858
sand1278	-1.60978037825236	2.2747547120848	-6.32242567964388	2.66311323658791
sang1330	-0.282116098921667	2.40522391827194	-5.17136257918695	4.21585970929563
sang1331	-0.180594765571603	2.4496407015925	-5.08410773865799	4.59829823828625
sani1269	1.33518052291193	1.95384068131295	-2.28809329268024	5.47859984465567
sanj1284	-1.69994061970927	2.31501882843098	-6.53046907361208	2.62216800225987
sanm1295	-1.49444019672205	2.30220582272257	-6.37514880551925	2.77127421272853
sanm1301	-1.29557999828141	2.36994391673298	-6.24331789652178	3.1008049255673
sant1436	-1.33215181340322	2.31081497730698	-6.07178515136885	2.95913435313459
sant1451	-1.56513204472763	2.32742637897726	-6.57456524699082	2.75888400478457
sapo1253	-1.17093467158324	2.23131470503929	-5.86860793139021	2.95608067644835
sapu1248	-0.106396884469651	2.47203699909806	-5.0577547575593	4.72361705401362
sara1321	-0.283393302820252	2.36510024106422	-4.9858462673677	4.41545821199546
sars1236	-1.07599139803038	2.17351460549764	-5.67691507080721	2.93209821103739
sasa1249	-0.145555085163325	2.42934628215477	-5.02059541744812	4.46951660550234
sata1237	-0.148700965192893	2.44657603425681	-5.1472821251248	4.49886720067395
saur1249	-0.415037303333797	2.50583189762908	-5.48038203325482	4.39492807490868
savo1255	-0.630985654292377	2.10926098189828	-4.99584520855883	3.34953870411536
saya1246	-1.01158880808447	2.33564042816952	-5.91782551525473	3.48800048010666
seda1262	-0.145942212688324	2.47356438899181	-5.16564146352127	4.68743586225769
seim1238	0.10829595432506	2.422106838776	-4.89547637627945	4.84599103754181
seke1241	-0.586792987823563	2.07191077374035	-4.91900449806526	3.38547125611948
sekp1241	-0.556179835314605	2.36641029937509	-5.31673388838374	3.99768109045271
sela1259	-0.198166948488604	2.40292844939993	-5.00658677734545	4.57649626898411
sela1260	-0.331730800446813	2.33728213956442	-5.12484318497581	4.16962335982449
sele1249	-0.561471834902605	2.33596987157934	-5.31602276834664	3.83084288245056
selk1253	-0.0193503078570497	2.5250732040969	-5.0398669712671	5.02197603789738
sema1265	-0.0759670208082858	2.47628876745389	-4.97639033210894	4.86548146515474
seme1247	-0.133736554507199	2.51966705527864	-5.20454212935354	4.84981357349555
sene1264	-0.54577604995913	2.40533004577022	-5.37915428427425	4.24865433524067
seri1257	1.37767258472975	2.19006100124126	-2.83374815309169	5.98580772177255
sgaw1245	-1.12194233232394	2.23803370539142	-5.86808170942493	3.03692447426835
shab1252	-0.786505502034128	2.27465302505698	-5.38473612212514	3.62762462988223
sham1280	1.99294254656694	2.17256187229843	-2.12692469937295	6.41207920075761
shan1283	-0.905221560146205	2.11672170239679	-5.32244315329512	3.1290067528039
shaw1249	-0.282878377474839	2.30462446761767	-5.05008622114041	4.13406735451941
shee1238	-0.264144359786104	2.48050331588657	-5.24970828758302	4.62686618126665
shek1245	-0.286835750684127	2.22917016952126	-4.67352398349555	4.10550633229641
sher1257	1.88943168100291	1.77271442193781	-1.4018335830526	5.59208221227982
shil1265	-0.385675424642134	2.5121323504289	-5.48472342591107	4.46875420312582
ship1254	-1.99692606744254	2.169681822136	-6.58125867600272	1.91251867242831
shix1238	2.29736083789134	2.03544523014135	-1.35384989006162	6.65316042059918
shol1240	-0.109490530720319	2.44814083982843	-5.06181272193182	4.71163727770596
shon1251	-0.0921297039290423	2.45618174826181	-5.05802409061689	4.59094660532074
shor1247	-0.0247520254408891	2.49310171197338	-4.88200691306243	4.97816033714373
shos1248	-0.597623921835317	2.26082811137241	-5.36516344319727	3.65615159664528
shua1257	1.24547444562954	2.1660095625188	-2.73380927219947	5.86348475941485
shwe1236	1.77191525608193	2.16461792284587	-2.26750128408716	6.31079187431675
siam1242	5.21333644137614	2.17073799259528	1.41718471983475	9.87130987718997
sich1238	0.91223916534942	1.85131452196803	-2.52644390663659	4.78942178010956
sici1248	-0.174636641134813	2.43274798225462	-5.18101417689984	4.54708503660191
sici1249	5.07287002854643	2.29022994575179	1.12870877702517	9.97121844924145
sida1246	-0.60035686017591	2.00186377575907	-4.70998859331418	3.25413683451588
siee1239	0.773920393970846	2.17181101457285	-3.75282332183038	4.97025287283077
sier1248	-1.41890569407576	2.37581136160972	-6.26476225130104	2.88110566753938
sier1250	-1.67332966455442	2.29098614051597	-6.4860137603712	2.53680842399355
sika1261	-0.288992545949007	2.45266318289598	-5.25757563323879	4.47930552282161
siks1238	-0.496191911308986	2.40614692897858	-5.27764719421155	4.02132788473531
sile1255	5.86550774863647	2.05501058822789	2.21088676695472	10.2328910223325
sina1266	5.49130653190838	2.05824738820526	1.89906988658481	9.9503529673892
sing1264	-0.111852010009068	1.71207194067804	-3.44974263299483	3.31880189206049
sini1242	0.0337742693653434	2.31808005165307	-4.50702753115849	4.84865300361287
sioo1240	0.485114220856914	1.80707635290813	-3.14838780138606	4.06870990954514
siri1274	1.90315264943583	2.04403765346243	-1.88313903240465	6.21470346228242
situ1238	0.365955376158386	1.75818601342454	-3.01668565234396	3.94675573818403
siwi1239	-0.331016611077933	2.36205807293581	-5.17369884360443	4.03588568992727
siwu1238	-0.554416439123023	2.34431103108361	-5.35458743980678	3.83479367956906
skol1241	-0.0149984308923321	2.52583134002438	-5.02388672921886	5.03579312613962
slov1268	-0.125450658010098	2.41846925925802	-4.9863513427205	4.65385446413461
sobe1238	2.15788288664836	2.1100319004309	-1.92795908440284	6.44923171122549
soch1239	-1.58372192279768	2.27821753399847	-6.30840225694659	2.5349563978376
soga1242	-0.304520962662861	2.37899252216036	-5.08356286602674	4.3418178163864
soni1259	0.110031405973279	2.35954863389731	-4.4283375361681	4.93183673641129
sons1242	-0.104800514079047	2.43483141510328	-5.04667792558155	4.61835434242675
sooo1254	-0.0554405740490681	2.51954973207213	-5.05298457662345	4.99744263166585
sora1254	-0.185512982449179	2.48909109818733	-5.29597953245513	4.60147846042791
sout1528	-0.188665743144306	2.46769571869748	-5.11728552946838	4.62117522892574
sout2649	-0.453186237360236	2.29106868302832	-5.22768922263002	3.88248409880633
sout2674	-0.0386304022921596	2.51096899264941	-5.0496996668773	4.88187575672039
sout2679	-0.0756623817633326	2.50945357774885	-5.11747515102965	4.89584603427015
sout2728	-0.326961725376312	1.82901615323008	-3.91566363761704	3.26974877903612
sout2729	2.58802084280823	1.95772807876788	-0.903386829503009	6.79371061644127
sout2730	-0.145081858078196	1.86374215454976	-3.88495772938753	3.51747231403105
sout2782	-1.3083767774849	2.32065762809187	-6.0507883507584	2.96479106343389
sout2797	5.03959523391333	1.99788415415599	1.45970210802138	9.29630015910183
sout2807	-0.050451572296587	2.41100670205694	-4.93240695735863	4.65551386426364
sout2856	3.28112447790615	2.24107373662556	-0.769914047478165	8.07037628509842
sout2857	-0.200400411008955	1.99145096582229	-4.27510352902398	3.62082212646194
sout2859	-0.16960321696559	2.0181792214158	-4.25780793507506	3.65235865334099
sout2869	-0.0516244587705982	2.15297215816834	-4.46128218545538	4.03006893476427
sout2895	-0.363015555895826	2.38456290821261	-5.20504777798836	4.11368353313957
sout2896	-0.0506772878368549	2.29577200599308	-4.79031822794724	4.51396931502911
sout2912	-0.227118118154078	2.40259328876703	-5.11277994354882	4.28240249717977
sout2918	-0.222912754338185	2.42748379153023	-5.18659982178728	4.4975266086541
sout2954	-0.117021014704002	2.53469185802911	-5.29549496883762	5.06755944143998
sout2956	1.88144241433795	2.23500300164361	-2.19593275175783	6.59174975452302
sout2959	-0.937999606585145	2.14765226910493	-5.49668219969352	3.09600699140001
sout2976	-0.550115311257562	2.3175504993198	-5.31753650427145	3.77666561023776
sout2985	-1.20673307580736	2.25397320524221	-5.91431016598238	2.99431776403736
sout2994	1.21674282739757	2.19381469478402	-2.911730919104	5.68142089243901
sout2996	-0.644531072043896	2.28787160365692	-5.34120329381157	3.63882256476214
sout3236	-1.48540952747861	2.36861162606028	-6.52762677173121	2.89728122749638
sout3261	-0.190325839964436	2.45466256761125	-5.09319900702912	4.56951252050051
stan1289	0.0496653417028481	2.43293075495422	-4.99116324393905	4.81984998500131
stan1290	-0.0944561455386331	2.4202070356124	-4.95182985589528	4.62372745837394
stan1293	-0.178579353402635	2.37623682860584	-5.00009791099897	4.44572456330714
stan1306	-0.131938131910004	2.47366508009641	-5.01677703951993	4.60167436000913
stan1318	-0.145287208561096	2.42597889923183	-5.03680514615177	4.67931173662649
suba1238	-0.232903155803506	2.35629493742975	-5.02521399043361	4.48425984288023
sude1239	0.704622259531528	2.12257170873253	-3.61092964855892	4.78358435942885
sumi1235	0.497412770156019	1.56597318356416	-2.51686518775176	3.6370702652373
sunw1242	-0.0774549431730374	1.48068243595711	-3.0194497820963	2.76489379589737
supy1237	4.08275823244199	2.27839859012211	0.0195146984630742	9.01067165091483
surg1248	-0.0317504386499028	2.50859403875078	-5.03000065638593	4.8542892065589
surs1246	-1.20683186869541	2.38386688183165	-6.18957054658243	3.26209505525484
swah1253	0.120911935183	2.41805585460926	-4.83683962948132	4.82627392877141
swed1254	-0.153949270012595	2.38506545506008	-5.04325639653231	4.38702747659436
taba1263	1.66934390140291	2.28964974483016	-2.66095819862913	6.52726186729226
tabo1241	-0.526155029846032	2.24992852339322	-5.20366951193962	3.86067233397162
tafi1243	-0.545158465199848	2.31991941705973	-5.27807061146951	3.95040441933821
taga1272	-0.454681820361499	2.40988680595287	-5.41811451382194	3.97644165725201
tagi1241	0.128176823498563	1.73969787825136	-3.32691606571436	3.52051661877264
tago1246	0.342277236329212	2.41529457840889	-4.34648865323476	5.28926234140501
tagw1240	3.40243094868105	2.27433540310355	-0.572920968799565	8.33491905799604
taha1241	-0.337851254876174	2.36077853864419	-5.1576355472011	4.17081775156786
tahi1242	-0.154336649799781	2.4122995942205	-5.08094422859501	4.52474163476003
taia1239	3.77976935597753	1.96902652576886	0.257799377550059	7.96437927866941
taji1246	-0.278514721696949	2.37595505880408	-5.08471700269735	4.30652747263829
tali1259	-0.594727108334875	2.27530521982201	-5.30173259956497	3.69863592791853
tama1331	0.942368317625641	2.50936898856258	-3.78566816151594	6.15682379584847
tama1365	0.856786713562206	2.09391393115082	-3.32085532821125	4.96773867899593
tami1289	-0.0505040163229878	2.41037076976178	-4.9795960065277	4.65502189404463
tami1290	0.641186063498384	2.03299397516292	-3.43847909923315	4.63766451992585
tane1237	-0.472806314598691	2.22587143772508	-5.06565957366259	3.76789379483192
tang1336	0.699864918182501	1.51325004910642	-2.23658348068313	3.71792448165536
tang1347	-0.852886811471967	2.14116094064018	-5.27455887258998	3.15846576652313
tang1373	-0.0778930269191128	1.96984152551818	-4.15873146813651	3.76664462584062
tang1377	0.82887288516571	1.78781116445053	-2.66698074008194	4.38692365526858
tara1313	0.666864033876516	1.46144793629069	-2.16291405482454	3.54363607598443
tari1256	-0.0931317297520747	2.13378757908785	-4.40187290385324	3.98353339523354
tari1263	1.20907601215304	2.25797819954238	-3.16729695785483	5.68756790801355
tata1255	-0.114474459057709	2.56399734095371	-5.23493253545506	4.872852953241
tata1258	-1.34302426602493	2.33226361489574	-6.29369898576749	3.03205406265421
taul1251	-1.36200637993495	2.27506958085377	-6.14500158847801	2.88634427312206
taus1251	-0.229573858832648	2.37118553380663	-5.02477593027491	4.38339056595384
taus1253	-1.52429131119967	2.32173609700405	-6.50358777994504	2.6743854882936
tawa1286	-0.428139688629539	2.34033022406963	-5.13426858101333	4.03439024957917
tbol1240	-0.382410540262672	2.380295049752	-5.22873800152046	4.19966077574005
tean1237	-0.478468829288924	2.23956740374053	-5.08983560374568	3.76118980851997
teda1241	1.03002524793923	2.27565820852734	-3.28392557042182	5.71638294594676
tedi1235	2.73229622663438	1.87714945193679	-0.722565281693721	6.72065878350498
tega1236	0.441700844716839	2.43057104272094	-4.26332287989665	5.36324147864303
teke1275	-0.0956291099957815	2.41657160910383	-5.08213792477126	4.5881378955455
tekt1235	-1.27353544582268	2.32951004800899	-6.18440881595329	3.05995739524408
telu1262	-0.176874384310746	2.55812285709547	-5.35852632629102	4.96876230489943
temb1272	-0.268098700439587	2.35670151104553	-5.19982678986167	4.31054856188185
temi1246	-0.0799151887595111	2.42281456165905	-5.02790878263758	4.84679360002947
temp1235	-0.359939722099725	2.36953276115626	-5.17689987064835	4.18370304108276
tene1248	1.28163949366358	2.27072298825838	-3.00399581407327	5.96714381734037
tenn1246	-0.298184980191896	2.35082117633106	-5.026634962525	4.32444978473979
teop1238	-1.24955970039608	2.2056901021048	-5.83573734035816	2.82344827535729
tera1251	-1.49159515203978	2.38775182957712	-6.55473493426187	2.87885148329789
tere1279	-0.599746165633539	2.33022712989916	-5.46221704580873	3.87794635301228
teri1250	0.927620997746605	2.26763640241259	-3.279397611563	5.58660131776712
tern1247	-0.360976969032541	2.18882387309419	-4.8437386135161	3.90630597426796
tezo1238	-1.3813339687943	2.35682121964887	-6.4242723207345	2.97445562682179
thad1238	2.01980587868172	1.66115628905514	-1.06333850508825	5.45844980830703
thak1245	-0.317976684585625	1.73256585483468	-3.78898843820951	3.06334393918278
than1259	0.287214814876884	1.84888524849672	-3.31529692870449	3.90058964221401
thao1240	1.74522753222306	2.10880647447986	-2.22283925518633	6.04813258600912
thul1246	-0.612308604999724	1.74703460040562	-4.12236047804065	2.70905484417895
tibe1272	2.25658010466634	2.03471552472079	-1.34537249192857	6.75677993358482
tibe1274	0.990890522790023	2.19982539594857	-3.3383576392549	5.47060437714629
tief1242	4.72942008614046	1.94686036000045	1.1114336932844	8.82330669028946
tief1244	4.67951265797786	1.95981952227587	1.13146023103434	8.76177898692922
tien1242	-0.0337090054873465	2.39865334135277	-4.80227432750371	4.65929680403366
tiga1245	-1.27023009993376	2.2604499938778	-5.910808667514	2.93387845959329
tigo1236	-0.593464674805755	2.24837781911496	-5.34738403590184	3.67019228045823
tika1246	0.130260373103326	2.24641269971757	-4.31920887794938	4.61379829407471
tiko1237	-0.30916350727113	2.42035994226862	-5.11861932191966	4.34887025337191
tilu1238	0.0640284201348759	1.50395952782674	-2.91963492297146	3.03692234431518
timn1235	-0.188071689710414	2.42537651237823	-5.14174120894165	4.5306024175274
timu1262	-0.349730273142338	2.40817850014267	-5.16869577131613	4.26102329895471
tina1248	-0.40450924796241	2.378190028381	-5.20272814092139	4.09797507089576
tira1254	-0.0198992542708735	2.28118128016686	-4.51093615591353	4.54080936604232
tiri1258	-0.573510363199043	2.23060332098575	-5.12952625128395	3.64413090150438
tita1241	0.110954169243152	2.214634337461	-4.40786056117808	4.36782954571705
toab1237	-0.652044587476164	2.30955072420375	-5.3850289879572	3.79845451521786
toar1246	4.64962593063269	2.1975518281538	0.78371672258009	9.39932366837604
toba1268	-1.10287473527935	2.26167534163021	-5.74637389711543	3.11032399738623
tobe1252	1.56594821391752	2.29153500312025	-2.66465764719182	6.39445104491648
toda1252	-0.114402363828887	2.43697699426557	-4.97752740070656	4.68831987428415
toho1245	0.0156662636139252	2.29825480329313	-4.61813075028601	4.43355571591332
tojo1241	-1.16019615234193	2.3613301222477	-6.00127682880755	3.20193964426391
toke1240	-0.0727409464176652	2.43881050026685	-5.01751523790701	4.7336883913422
toma1245	0.347195191033613	2.42943571368196	-4.39110981368212	5.28103120075406
tomm1242	1.63276626584915	2.28797226121658	-2.67307538262733	6.46107257858456
tond1249	2.1679765345836	2.233150081672	-1.94319524615754	6.846426451264
tong1308	-0.111345184731341	2.39375285216001	-4.92376973019061	4.60274828338778
tong1318	-0.142779537824541	2.39928863259982	-4.99779863585259	4.51301886273231
tong1325	-0.0917748804239865	2.40928778210059	-5.08587582192053	4.60258877660238
toor1238	-0.550620536983341	2.38607259084888	-5.47502454433709	4.05608928051068
tosk1239	-0.379634906352811	2.37681005261198	-5.31739122180554	4.17768779819494
tote1238	-0.240938849332288	2.36323833604646	-4.95580880387723	4.3828171083133
toto1302	0.429441948095865	1.83146848366269	-3.16246525659452	4.13508915370805
trio1238	-0.74598598468357	2.30788345586518	-5.49297243175508	3.60126435879971
trum1247	-0.253161351651321	1.96244277642466	-4.19734635199038	3.60820372661947
tsam1247	1.52613684126579	1.7122240914132	-1.74072635870879	5.0038622166489
tsat1238	-0.0869560489203951	2.43561204492972	-4.94256933222188	4.7474597415543
tsha1245	0.699245277663414	1.69161035187944	-2.63141079199518	4.0386225233525
tsis1238	-0.203346311746565	2.40937155397314	-5.02905889856217	4.47648512142458
tsix1234	-0.245200518402567	2.48982071592003	-5.12010778757422	4.61772202706297
tsog1243	-0.148360544491905	2.47531962043815	-5.09378827693586	4.61096529855917
tson1249	-0.142232520352722	2.3914057012004	-4.98807232140933	4.6401835069235
tswa1253	-0.443524558606962	2.47445813012361	-5.5987746271947	4.33292413128774
tswa1255	-0.156643822713951	2.37855512203761	-5.00340093235059	4.42904811743094
tuba1278	-0.0651749999318881	2.1780586889208	-4.55481423144851	4.03259593313685
tuge1241	-0.438025783571431	2.42651931274225	-5.34671352009991	4.34299288383756
tugu1245	-0.308415104398076	2.41148709333226	-5.30374486958383	4.42640950028933
tuka1248	-0.26228958585629	2.44879087812878	-5.21949087691486	4.40060882217241
tuki1240	0.973199843284288	2.08764760414762	-3.09896363075713	5.0496933656772
tula1252	-1.2743078124663	2.25502530272486	-5.95784506513946	2.91540371771122
tulu1258	-0.0905727137620749	2.4449648539514	-4.93692201232526	4.66548512019579
tune1261	2.68021109213016	2.15724074784891	-1.19472627448449	7.32616625318016
tung1290	-0.851535557142802	2.38599238235409	-5.80574013670077	3.64588152099114
tunn1238	1.86791316657766	1.97866987570059	-1.76402054973939	6.02536665414525
turk1303	0.229929831646602	2.54029169869067	-4.82031063677717	5.3075652603333
turk1304	0.00835310688939705	2.4744834580115	-5.0013192561643	4.98334072078252
turk1308	1.47160005224102	2.1078237035715	-2.47184288460117	5.83903132799411
tusc1257	-0.484727170249906	2.4118801576354	-5.51679765563407	4.26235885952284
tutu1241	-0.89321220585	2.09808130709706	-5.29867953816062	3.02869728212912
tuva1244	-0.141371275568119	2.43361146142973	-4.98381881922557	4.511526909321
tuvi1240	-0.041642389624269	2.47164361834548	-4.98933617361992	4.84919860008954
tuwa1243	-0.636466366511857	2.29665158106051	-5.42647590645857	3.71325452893603
tuwu1238	-0.539068304473887	2.34272628541358	-5.40132636341009	3.87537791106593
ubir1237	5.04229722533781	2.04334110897168	1.36401731846379	9.44659143786573
udih1248	-0.129434092600764	2.43048776509363	-4.96260930967253	4.63814683347104
uduk1239	-1.29115902297614	2.42300029852125	-6.40904241869669	3.17857075553727
ughe1237	-0.590266193951477	2.25186901411292	-5.15510249055981	3.69967007836144
ukra1253	-0.129089390138966	2.39362696095515	-4.96850127199646	4.56891505081857
ulch1241	-0.271146698598488	2.4231124416332	-5.10190935350927	4.42485558582766
ulit1238	-0.161606368713215	2.42524146471847	-5.10568379451683	4.44537964238039
ulwa1239	1.50021916808995	2.31540285922695	-2.78014299285235	6.24455179577444
umbu1257	-0.0975959472629368	2.42030848580932	-4.91084212024927	4.51310980514105
umbu1258	1.92640692286902	1.83187269337407	-1.53330567491805	5.70743095017348
umes1235	-0.0111547942101874	2.49129584531448	-4.83603511044998	4.99322821978419
unua1237	-0.507171555085262	1.96182930691823	-4.59396972422523	3.16609810577769
uppe1275	-1.3111064623059	2.26837101466102	-6.05542564821999	2.87819989638648
urak1238	-0.169541478147676	2.50324071172801	-5.22692158570397	4.68369332530512
urar1246	-1.49938086186723	2.31595323886245	-6.22004658336167	2.79277082234991
urav1235	1.05308810387202	2.21090841873122	-3.41461408379094	5.4133976466991
urim1252	-0.0478962547404715	1.95083074592725	-3.90109721881736	3.7974123322636
urip1239	-0.756394330123905	1.99395859021684	-5.02978141627434	2.98425119460111
urni1239	-0.960874201101209	2.36912169681019	-5.83127940894053	3.5155653962249
utes1238	2.9245421994777	2.07941781766515	-0.94139037674545	7.32194771725874
uuuu1243	-0.0488129176807465	1.83312618788844	-3.61008020660776	3.64227391535275
vano1237	-0.485034872390117	2.24794683573121	-5.13099305672764	3.76133952901762
veps1250	-0.0264027669546264	2.5247358630285	-5.04186754626291	4.98132350927506
vera1241	-0.672685144232378	2.32171286474982	-5.50819199639563	3.70590087640356
viem1243	4.13250160908391	2.07752848956122	0.420940945678599	8.47939531724703
voti1245	-0.0325550584424195	2.51726789318888	-4.98312273337429	4.9290976553516
vunj1238	0.583256756915322	2.28873047628127	-3.94352408392607	5.05506848581195
vure1239	-0.677617009238008	2.32392108566519	-5.47966011429017	3.69309510267194
vwan1235	-0.317342526840165	2.42279019570636	-5.19978312769531	4.47921932173612
wadj1254	0.919310057357207	2.15940592900065	-3.29107444301845	5.46573125189155
waga1260	-0.835655954397069	2.21222383142692	-5.53469726886684	3.27580748243087
wage1238	-0.00195651458680938	2.2793587783163	-4.50881601370998	4.48411974454685
waig1244	-0.820507220897821	2.36382521536836	-5.60487759947073	3.75228839653774
waim1251	5.79255944815409	2.24225066565736	1.884369737972	10.7375192062035
waim1252	-0.251157123858763	2.36320116233741	-5.01974464647335	4.33663874152723
waim1253	-0.610727174438925	2.31146674056386	-5.35666486986636	3.77681694292553
waiw1244	-0.563410479138379	2.28678695365587	-5.23857315562195	3.77244102423243
waja1259	-1.33007619943768	2.28140884573664	-6.18843745090025	2.87948600076649
wala1266	-0.735727055038404	2.2533659153061	-5.49306420019091	3.48693210188169
wall1257	-0.168009182842509	2.39909933416955	-5.09353285015794	4.46842235511113
wamb1257	-0.0335987930554606	1.54614997764751	-3.0762286096205	3.02388012988062
wand1267	-0.870235034611231	2.29716208780869	-5.66797900969354	3.57778491561919
wand1278	-2.10991515349908	2.3340953810437	-7.05071339295273	2.14693545106153
wann1242	1.8859817586549	2.35744496415035	-2.42548692045094	6.88267395729991
waor1240	-1.42428516489351	2.32476558767095	-6.27575662988641	2.99667617112847
wara1294	-0.672231309488909	2.30657933521715	-5.50601760116156	3.84338009279632
wara1303	-0.550892145753163	2.24066843303476	-5.14030093214529	3.74781242822779
ward1246	-1.19076840041727	2.34416543164635	-5.94362252050951	3.28457667457927
ware1253	0.987408073145829	2.25407501509742	-3.48051715061741	5.51135777490126
ware1255	0.139042921602457	2.25223990159491	-4.4517095935213	4.47359599414897
wari1268	-0.787903674178762	2.18745363949488	-5.34051547893306	3.22386186126171
warj1242	0.51739161735306	2.04369874528705	-3.50570138662796	4.61084311942097
waru1265	-0.671804548406766	2.21062929353859	-5.42387133418658	3.45828075834739
wawa1246	-0.420588772713231	2.29434178024326	-5.01823674112954	3.92766727618989
waya1269	-0.698824908388393	2.30804518233366	-5.6186036835844	3.64049136435261
wayu1241	-0.295875086583038	1.51365293016979	-3.38628973969003	2.67253940544946
weda1241	6.32914173404821	2.19893308106673	2.49748795792971	10.9810000038435
wels1247	-0.21593518535405	2.42772171518492	-5.19888104771012	4.5459678794111
weri1253	4.18868290432243	2.12662493922823	0.432794639333293	8.69605579028012
west2354	-0.150071103687168	2.35750613676173	-5.03943678108792	4.46451236851672
west2369	2.59387606618584	2.16719708319757	-1.28226377926174	7.17182953893984
west2386	-0.646015731812702	2.37927989211693	-5.63702838265606	3.78497523480771
west2392	-0.0914848855164298	2.54135398784179	-5.20560645120054	4.89177094226116
west2396	-1.27511776324149	2.2762506873156	-5.98614899502928	2.97517633589806
west2397	-0.0542592951779756	2.58179337975941	-5.141857022264	5.04061970727147
west2415	-0.204987152099616	1.5212766075791	-3.37432150482915	2.74874332782323
west2418	-0.748472635739164	1.8215638177895	-4.47799566778739	2.72408512177938
west2441	2.12469757932996	2.09866723589664	-1.76832764253809	6.59770949207041
west2466	4.99315940029921	2.05829589823653	1.33631235843842	9.40975863268198
west2516	-0.320024077865743	2.36090079611037	-5.20621476994903	4.20624503308361
west2519	-0.224985737512072	2.40027304016039	-5.09663186780568	4.37288311242159
west2548	-0.290297683164706	2.45100179567964	-5.20793748174029	4.53455387102877
west2557	-0.322917976700551	2.42869434268407	-5.20668430696449	4.24504375936693
west2560	-0.369417408401958	2.36842684823165	-5.19962272736049	4.27174906571641
west2594	0.0911541845243019	2.05350640263416	-4.09128344174959	4.12139584874256
west2600	-0.608803242971287	2.23017914584637	-5.06066094462911	3.66244635781571
west2615	-0.767425330534487	2.09017771809588	-5.13024623740192	3.16807177814804
west2618	1.33571044930217	2.15373646532822	-2.5489546751451	6.09274609626834
west2624	-0.971056481909832	2.27643062810722	-5.63963307583472	3.21713066460549
west2632	-0.850214393560877	2.29400767367284	-5.56858870811776	3.4504592021657
west2635	-1.30300485774639	2.30685983652362	-6.12645069244751	3.02327234945893
west2644	-1.38520082734577	2.34541381742078	-6.2357144569975	3.00269590582855
west2650	-0.0774984767799045	2.55491921796964	-5.38917806565636	4.80911854243341
west2763	-0.247016638083654	2.38646879832919	-5.09970926356445	4.31126991880676
whit1269	-0.0213471810687356	2.13806511820111	-4.39165352213593	4.12150835174813
wikm1247	1.0655622059571	1.91105467659643	-2.60383247272987	4.94226417429222
wiru1244	0.836266413347334	1.82720450251199	-2.71757524154411	4.5319937583733
woii1237	-0.603302310162947	2.42868099281274	-5.46777964388644	4.06892356407864
wola1242	0.448437036234359	2.04367806589887	-3.52998996172157	4.55098646352993
wola1253	-1.31890889094614	2.24228722336913	-5.98142383531956	2.90704366056011
woli1241	-0.297452476185114	2.41046492792466	-5.30292375175476	4.22825855403496
wotu1240	-0.289142140617635	2.36254645158996	-4.9893129130339	4.19574786765602
woun1238	1.13949054619986	2.26064985412152	-2.91098557408485	5.85113573756111
wuch1236	-0.581522016984107	2.27000229152759	-5.27689274303559	3.6414390173014
wudi1238	-0.171523229473427	1.77674695711145	-3.76173202495602	3.2903677800947
wusa1235	0.246610983133896	1.80136944046288	-3.30824542012461	3.69785517261427
wutu1241	1.39107201308464	1.84919163682223	-2.14528877408364	5.10751265722858
wuvu1239	0.141591147707608	2.31744244777195	-4.49193614780521	4.63826837911298
xamt1239	-0.800379892675576	2.22998324327833	-5.47877398799601	3.30243705251792
xara1244	-0.601111436776211	2.21979856593433	-5.143899292912	3.64242196908064
xava1240	0.705418751471817	2.18873977561545	-3.39328342243989	5.37537372435796
xhos1239	-0.0685968926470464	2.44152234795048	-5.02736066806612	4.68727961820752
xish1235	0.521165109223502	1.82265736364933	-2.90679911270746	4.27313572916592
xokl1240	0.93070526783281	2.18842409406468	-3.01862552779106	5.39195409654751
yaak1241	-0.356936068525952	1.99838933960624	-4.43010682523867	3.57992539559729
yaey1239	0.0459897564363802	2.46187506070682	-4.84837476079974	4.91316078185372
yagu1244	-1.11772620927141	2.39517269257528	-6.11884421869624	3.35298925868581
yaka1269	-0.09823589192693	2.40414271962475	-4.85146652839207	4.60298650324463
yaka1272	-0.302222084025894	2.31172594215969	-5.04712549981119	4.2228143321475
yaka1277	-0.314013320838489	2.43877494126794	-5.32401612252918	4.30001262360934
yaki1237	-0.870594633453983	2.30520211979601	-5.68772455067228	3.46816898554115
yakk1236	-0.499314090583982	1.7023321407311	-3.93893360186616	2.69566522473288
yaku1245	-0.00302619174509864	2.53021425566079	-4.98635279152816	5.04007017638094
yale1246	-0.738669149230385	1.97864392750298	-4.76776583129876	3.03299980995845
yama1264	-0.73088006226896	2.30982121729709	-5.57857076271644	3.63103703106624
yami1254	0.598678675914925	2.325201816729	-4.00958543934217	5.24775199555835
yami1256	2.86069659176146	2.1620656286878	-0.904001179203154	7.52495731200126
yano1261	1.75831394859549	2.23179542967907	-2.45963333133163	6.41841463598232
yaoo1241	-0.116347487121609	2.49066003248706	-5.29155130849244	4.73710463690461
yaou1238	0.976909761866652	2.3913083735708	-3.54065762152146	5.98052903795568
yape1248	-0.196449493885637	2.42573164790038	-5.12334810334251	4.50806084884067
yapu1240	-0.0863126503728303	1.97163803463587	-3.99084966117912	3.7021465495804
yaqu1251	-0.0888130539578792	2.2644266497238	-4.64371803143401	4.33116274430715
yare1248	3.5185639194269	1.82582965554286	0.188170844580177	7.30278036313774
yasa1242	0.0762212090571467	2.40441185198938	-4.6770629633639	4.79010551572358
yatz1235	-1.68759717496079	2.30765474585042	-6.53556207367105	2.5896931121594
yaul1241	2.671642487011	1.88796687806818	-0.832360672441119	6.61655327777772
yaum1237	1.65446230455184	1.64922004259482	-1.46461253543817	5.06080780364869
yawa1260	3.14131195980449	2.13220478202257	-0.651558174370182	7.78014656232601
yawu1244	-0.40904104446081	2.35870628826728	-5.2184114562267	4.19676225063231
yecu1235	-1.12086779221786	2.3555877195359	-6.20211611345337	3.39018532559682
yele1255	0.0259255364549323	2.23967950784398	-4.43518997491598	4.34468486661252
yems1235	-1.53659168247846	2.22120620135459	-6.22416396771443	2.57299969270099
yidi1250	2.21254639556158	2.19785401708341	-1.72682664168424	7.02186524166258
yind1247	-0.950957154716789	2.21658083298679	-5.62945229127931	3.18408913837722
yoga1237	-0.578818893171059	2.31650750981318	-5.30442449125374	3.78404784061014
yoku1256	-0.99792185708306	2.22092360611124	-5.6058066255143	3.1680394555786
yona1241	0.172170076434457	2.44838485444596	-4.60685170507872	4.9870079847092
yong1270	2.43805328658646	1.96411997038999	-1.07432521552449	6.55364975267996
yong1280	2.74966999968061	2.28918734342419	-1.24528625219813	7.65074255249619
youl1235	0.738456366934293	1.87375932707784	-2.7783517490772	4.55400292215897
youn1235	-0.0857397851170406	2.51416135150696	-5.07789171873026	4.85118392731402
yuca1254	-0.405570595136966	2.36761264430693	-5.22580316623802	4.04992266933285
yuch1247	-0.535878474433062	2.28271045621484	-5.3052732408662	3.81354400124637
yuec1235	-0.651952354986413	2.21157355185886	-5.29663726110815	3.38681937975759
yulu1243	-0.08285764150506	2.36221240067969	-4.85530966329362	4.60594483282673
yura1255	-0.882218739184544	2.35802032134512	-5.76201406061712	3.59151772869809
zaba1237	-0.527230968586402	2.24662810925138	-5.25491129398332	3.667138156306
zaca1241	-1.32505155462065	2.26964014742407	-6.16193563091833	2.82779880369045
zaca1242	-1.30555527328226	2.38360435048261	-6.29919045918776	3.16856282196785
zagh1240	0.846565686153471	2.2264278797949	-3.35327431794335	5.44357938670443
zaiw1241	1.96008644221608	1.96356541588343	-1.54218332330185	6.14896225809082
zakh1243	0.273280099226936	1.76891427705267	-3.23433947771689	3.86700345862827
zamb1245	1.06437359789958	2.1597776288677	-3.14955853685157	5.47292390503651
zand1248	0.0710020910588016	2.32411244591686	-4.65111993235996	4.55979070598445
zani1235	-1.54468795008813	2.31045896833361	-6.40131936510023	2.81326395711648
zarm1239	-0.889986717665057	2.19461875445315	-5.47371882790727	3.34569292196499
zaye1235	-1.55308685680471	2.1947155301462	-6.16987446329574	2.47853353924129
zays1235	1.37027889712026	1.88921074655075	-2.1351299788472	5.32156023366202
zeme1240	1.35666211407346	1.528632877672	-1.54523603893662	4.46384073976203
zhab1238	-1.18293827940979	1.8452668016439	-5.08306660531456	2.28818241864232
zigu1244	3.85501684346403	2.29711495019265	-0.271237877950878	8.849372646298
zinz1238	-0.0856192097821424	2.40040079373371	-4.73267431140876	4.54685888801563
zoog1238	-1.69141274471131	2.31402496220247	-6.64071505881016	2.55646018628371
