Estimate	Est.Error	Q2.5	Q97.5
abad1241	-1.28829571772555	0.938336192599337	-3.17813079016329	0.508917167153732
abar1238	0.473813350693136	0.816885808169278	-1.09930594855085	2.06000581808035
abkh1244	-0.226836845136856	1.20478931031021	-2.6547198389924	2.1447381077951
abua1245	-0.130990074596189	1.07081615101056	-2.28488646727872	1.92104933091674
abun1252	0.299474958326416	1.20149154979599	-1.98309370762704	2.75255680821667
acha1249	0.270074582113888	1.18636701775152	-2.04654193100888	2.6870529584533
ache1245	-0.593348981846956	1.22707425952841	-3.1776500681206	1.73507589017201
achi1256	-0.626251987077505	1.19193148413766	-3.07721000753522	1.6294679913654
achi1257	0.327896856916381	1.16313779811518	-1.91622962861322	2.70590750185364
achu1247	0.311395836994751	1.17593117259003	-2.01517830373223	2.71606053292846
achu1248	0.332136191795716	1.21021821509241	-1.96056416375653	2.74754052695433
acol1236	0.338917043915848	1.08295203705209	-1.78485541252713	2.52489185916298
adan1251	0.966969655400056	1.14499003542541	-1.17902954905384	3.38890655916727
adon1237	0.936734742536662	1.1464691243686	-1.14072858353017	3.39334927648474
aeky1238	0.63212161037885	1.12869410830935	-1.50085271163297	2.94387802237501
afar1241	1.25410052750081	1.22466795845557	-1.03430099713706	3.7950421875759
aghe1239	0.345128584818571	0.845188778108556	-1.29953926525177	1.95374153333459
aghu1255	-0.50640806301993	1.14287432383966	-2.85334354493428	1.65157898020103
agob1244	-0.332053311856693	1.14141291813446	-2.63894174831775	1.85676582724746
agua1253	0.375970986769206	1.20471273901753	-1.90182407494356	2.81591860917168
agut1237	-0.544986865653074	1.04900452951326	-2.59603254710788	1.56143097958604
aheu1239	0.186799273571465	1.19561968155754	-2.13265374116196	2.56403823819408
aika1237	0.826342840092337	1.10915947306026	-1.24915468391603	3.12136508248998
aime1238	0.379625207029125	1.12676138240884	-1.8495203283996	2.65586668933377
ainu1240	-0.439024046739921	1.24595689776808	-3.00579951016195	1.95372594524224
ajas1235	-0.347598276013812	1.26691167254713	-2.91044462222371	2.1996328473163
ajie1238	1.05862610969814	1.10549195016337	-0.949378019311443	3.47829447803486
akei1237	0.539851214161687	0.905222252354647	-1.19205147065161	2.39382416955557
akha1245	0.460073961250572	1.14167563541087	-1.72450663102067	2.85045364314686
akoo1248	0.813696201714314	1.00992938840552	-1.13581736836915	2.81937323994524
akun1241	0.74566852245416	1.10944820699141	-1.41035296081165	3.06157591276288
alab1237	0.495068922203545	1.16626612776314	-1.74385470538424	2.88125148526652
alab1254	0.162206824987723	1.11754074559112	-2.05280737017491	2.28508481448589
alac1244	-0.652212956461961	1.12896850723221	-2.92131635949073	1.47728662511339
alag1248	-0.56383245804149	1.17279087570215	-3.02502872684345	1.63451651237355
alba1269	-1.02177916818513	1.10837947458413	-3.33261746502038	1.04926430604287
aleu1260	-0.601496963517476	1.18937437110431	-3.03068539146195	1.65919098013625
alor1247	0.982766694594425	1.13836200691062	-1.13744747978278	3.37829258432755
aluk1238	0.947017621314521	1.12652698075011	-1.13767021865259	3.28695099301811
amam1246	-1.21268753125537	0.955851982963851	-3.20322668716731	0.548232886115686
amap1240	0.471913707325495	1.06955033975577	-1.58309317211592	2.66020988147706
amar1272	-2.00997817685729	1.0075837605866	-4.13341589003548	-0.199462880655801
amar1274	0.0182305626654191	1.1753439947942	-2.23727584131182	2.40109635003519
amas1236	-0.0836398419147043	1.2045267202244	-2.47734971798412	2.30525167854032
amdo1237	0.244915220511044	1.20222710769619	-2.07072795150351	2.68341786088904
amii1238	0.27906532719745	1.14555051233682	-1.93661027808193	2.5362529851755
amis1246	0.165336673408173	1.07108777994237	-1.86900434624242	2.3475538361591
amri1238	-0.402388068826711	1.07541977140568	-2.54274451773335	1.70125573565389
anei1239	-0.159088805341693	1.02419471062622	-2.11828193992284	1.87707345402899
anfi1235	0.35531350977294	1.15661751242998	-1.86791839976248	2.72408660788525
anga1288	-0.475747063939378	1.04696809356959	-2.59016683868801	1.52845726457373
anga1290	-0.0904174198206617	0.897663404564083	-1.81993269609245	1.70912061451235
anta1255	0.145348139496052	1.18830081706795	-2.13874721172303	2.54429746709081
anua1242	0.509431227118086	1.1274797399083	-1.69100129988733	2.75141548888834
anuf1239	0.896332925045313	1.14016513478762	-1.22782824369778	3.29025804218703
anut1237	0.391255520794984	1.1386412930156	-1.75167717721034	2.77235220315831
anuu1241	0.360657939908319	1.18336824290348	-1.88564121310334	2.74241484911143
aona1235	-0.594089593971554	1.05315545620663	-2.65425265492619	1.44043429368948
aoua1234	0.162414197413702	1.23888054999648	-2.20065265261675	2.64480304378617
apat1240	-0.260155124383687	1.10681297322917	-2.43118430510161	1.97443122627723
apin1244	0.194366647510239	1.19641904636155	-2.09581275926817	2.60073236991445
apma1240	0.115452008202356	0.845334338195986	-1.52568654871005	1.8224096611336
arak1252	0.538669553903213	0.864425620695504	-1.04504701457919	2.37001122311615
arao1248	-1.09424470573272	1.18464985982625	-3.53376580582284	1.09557373073765
arap1274	-0.379405423471439	1.14600887407218	-2.73039683111283	1.81506705244016
araw1276	-0.253572857146111	1.05850247860724	-2.36969113363065	1.82031353293465
arbo1245	0.250173528938637	1.10072648083766	-1.92774424738361	2.47847048802008
arch1244	-1.26969392212677	1.22665115289186	-3.79481976067301	0.98618499157195
area1240	1.09292649076707	1.09636384651696	-0.948416508925747	3.45182811684672
aree1239	-2.17311723344705	1.0023092852139	-4.29686716783983	-0.380675168933977
argo1244	0.0771687286704506	1.24497949328922	-2.35445649504702	2.54274858054602
arhu1242	0.148746040371494	1.01130282603897	-1.79521025120562	2.14423875379047
arig1246	0.882733381650227	1.11172485234478	-1.17592814446218	3.19451720237828
arom1237	-0.264120960635379	1.23369604795335	-2.84249888240651	2.13334498556551
arop1242	0.0856660269468806	1.03649137515748	-1.97333167725565	2.1706830180645
arop1243	-0.392406809076188	0.98199541181317	-2.36905644633367	1.54809125364855
aros1241	0.831654097350615	1.18036978233094	-1.29027078955204	3.38199482564685
arta1239	0.0727758925969081	0.952840894465925	-1.74376249377779	2.01443493998569
ashe1272	-0.357516513463835	1.10616570505529	-2.58402769058658	1.80048729422351
asoa1238	0.442261468245868	1.05804511712116	-1.59302567084389	2.59229007018848
assi1247	-0.774599227841704	1.1695508496623	-3.17395391710485	1.45801495487748
asur1254	-0.0794778936412013	1.19592840230003	-2.42920005897092	2.27993585960372
asut1235	-0.445648051849487	1.20665729533606	-2.96884773128644	1.80592019817033
atam1240	0.218762048652406	1.10819833347008	-1.88735976216265	2.52035910693574
athp1241	-1.2431599552424	1.02551784363654	-3.38831466400218	0.716563014007338
aton1241	-0.416510210830089	1.10740829444037	-2.64941111002961	1.71428875986132
aulu1238	-0.234362103690483	0.763102784401043	-1.71910824687605	1.23687734393758
auuu1241	-0.0154163300259604	1.02435305025659	-2.06581157466779	1.97749120725226
auye1238	0.275778208694819	1.0896377921238	-1.82992454247351	2.47670693892694
avac1239	0.51070217367375	1.15118915320208	-1.66028477807403	2.83873341141929
avat1244	1.31761993062416	1.04441751903967	-0.642931597091409	3.46902604018989
avok1242	0.553005016403956	1.08434993887551	-1.55003937761336	2.72437681902547
awac1239	0.513601477505785	1.19808064245896	-1.76833886323089	2.99039718305242
awad1243	-0.000635772120419245	1.12821002251513	-2.26923827866906	2.23836346255178
awad1244	0.134377637549093	0.953100931408459	-1.70661714227253	2.11671085446303
awap1236	0.656860932647424	0.995696905479397	-1.24523376941349	2.76001322140403
awar1249	-0.331570296742999	0.985012172935418	-2.35685546401256	1.53983768655402
awet1244	-0.0123892610359539	1.02037866499471	-1.99897806117176	1.9837219528826
awji1241	-0.218362498098939	1.20925161988025	-2.6312170097448	2.07548803374565
axam1237	-0.297130745013991	0.780681258628446	-1.84577426922859	1.16327109614967
axiy1235	0.329374406369888	1.24428748493425	-2.08976676395396	2.84566642777966
ayac1239	0.261176910871138	1.16689174010153	-1.97756819202126	2.63469300833893
ayiw1239	0.0334024375647557	1.0328724059197	-1.93985531276547	2.16389148014862
azha1235	0.324374462640021	1.23372332006225	-1.99664377594825	2.87600205961034
baba1264	0.530334077082185	0.880699852756432	-1.17690792552414	2.31449393210401
baba1266	0.402926502905996	0.894224649054649	-1.35434685104574	2.14614297080842
baba1268	-0.988637118505315	1.06127601160075	-3.12359828144445	1.03837234672569
babi1235	-1.05008569671359	1.16316895813801	-3.53143514311566	1.06070524849922
bada1257	0.92850805046269	1.12456996621366	-1.14606614107671	3.26878216224581
bafa1247	0.949201659936885	1.0148532038844	-0.980514133156522	3.00967720137955
bafi1243	0.484100459147162	0.981595438615631	-1.42948423569203	2.46073655174499
bafu1246	0.303898784031758	0.872456485043975	-1.40303476433084	2.00796801008747
baga1272	-0.586127275167579	1.19898214665922	-3.05426574993818	1.65269786171452
baga1273	-0.600689144061037	1.19320556241852	-3.03561940074359	1.67173389191303
bagi1246	0.261459954555767	0.973389289914008	-1.67115031457202	2.21756965629308
bagv1239	-1.5382527133333	1.23475340641667	-4.18425954791663	0.675973463881968
baha1259	-0.0843761319639774	1.27594802252781	-2.69967794452412	2.44585010344509
bahi1252	-0.416060510680237	0.952832102505984	-2.32291889450642	1.43450831908663
bahn1262	0.382880010205644	1.20331678516712	-1.96442574481166	2.80765030643943
baik1238	0.785265018426632	1.19029336207577	-1.4433868547221	3.26112590098957
baim1244	0.24643960575736	1.2212534808874	-2.13512214479207	2.72480173850684
baka1272	0.580546423635584	1.10669252829132	-1.49823732848751	2.83187829524977
baka1274	0.295889872641248	1.06610593264863	-1.82216112943472	2.42451205928987
baki1244	0.0677292591319307	0.862453814271061	-1.60821033572122	1.78456721302597
bala1311	0.171821657036481	1.13052626893075	-2.01502445462747	2.46365905322368
bala1315	0.283562428914495	1.22729489312769	-2.08051646898562	2.85248216795096
bala1316	0.81922635175605	1.121491283294	-1.24725061202066	3.232515374478
bali1278	0.269136369886346	1.17179437977497	-1.95667526063802	2.63008913447499
balo1261	-0.40247271123669	1.18016735508775	-2.8078014042003	1.87212495903648
balu1257	0.623527869756605	1.07316926650699	-1.34437430442501	2.91958688818532
bamb1269	0.254519262690718	1.14962340929972	-1.93676532231026	2.60758538799516
bamb1270	0.357261595530506	1.23879794544656	-1.99149213421134	2.88197430770498
bamu1253	0.635793762983825	0.97374648906149	-1.21761248301298	2.63879081781383
bamw1238	-0.11924892262954	1.11314650969703	-2.40127175504054	1.99002756187431
band1344	-0.426342666010823	1.10818182374092	-2.63778134415937	1.73096908875151
bang1354	-0.234463323790482	1.24344639352069	-2.80077568825135	2.11652694756305
bang1363	0.458669351330726	1.23247302873548	-1.92044787833245	2.96695689700437
bang1369	0.10002870128832	1.14383231971374	-2.09617248319044	2.43808417562485
bank1256	1.02572855515693	1.03240323748177	-0.96073748358624	3.16802568319906
bant1281	-0.946212912742901	0.978774945632408	-2.93757059282099	0.904136068390792
bant1288	0.116938085165058	1.16594024477475	-2.13307225260481	2.50486956867777
bara1357	-0.0740770058429079	1.04076726290854	-2.13739064597555	1.9662012008207
bara1361	0.707074244321561	1.03540138904849	-1.29272998491054	2.84623351196828
bara1369	0.177296563805743	1.22898952949274	-2.18815401787336	2.73144760664068
bara1370	0.531136335921302	1.2032892725125	-1.72542810764557	3.06666190619711
bare1279	-0.215293445696994	1.10902250650832	-2.44680052780098	1.93751939378094
bari1286	-1.98948408914574	1.00961499673607	-4.1301858495165	-0.174556456678989
baro1253	0.612606835417066	0.981300574811128	-1.21551643199916	2.66624416528881
basa1282	0.330534263332788	1.13692562304045	-1.87648206529603	2.59699018047037
bash1264	0.0564512846684172	1.21353913375147	-2.29320599018151	2.52062397853649
basq1248	0.513622913393825	1.22006612253033	-1.82341062659205	3.00042424778772
bata1285	0.201996232524136	1.13940601736609	-2.07813248001027	2.45245170375124
bata1289	0.211494909229718	1.1696068905907	-2.06502618922885	2.63471758300358
bats1242	-1.26407884826307	1.21553480171936	-3.77614882494268	0.941914600677532
baur1253	0.510628349943313	1.15495038858612	-1.64034230595818	2.93154224121471
bawm1236	0.360396474744075	1.15903962950599	-1.8266808872747	2.74658969278995
bayb1234	0.351945265922272	1.19306892370619	-1.91818756784182	2.87555065515402
bebe1248	0.319413848287861	1.12123338128363	-1.91384268140021	2.52510365878803
beem1239	-0.130987070028539	1.23628972790289	-2.68416765308667	2.28496910218319
beja1238	-0.188930708975139	1.26871428457762	-2.70449721913351	2.28010613349529
beka1241	-0.744958749281193	1.14286969696629	-3.16447081501414	1.37399716538679
bekw1241	1.24537801357489	1.1032866484421	-0.743225388750177	3.58937032198235
bekw1242	0.114178632388574	1.17280197454255	-2.18193665604748	2.42776001676757
bela1254	-0.148257917124687	1.23737757309466	-2.67977289285045	2.24187897305768
bela1256	-0.355018297953359	1.08708485829205	-2.56074284223432	1.73954711050953
belh1239	-1.2025163817675	1.01174712777416	-3.30706397166433	0.721093113687705
beli1257	0.913044142703953	1.08317365708106	-1.09011973810694	3.15037500024931
bell1243	-0.599048805350487	1.16594762560863	-3.04846960148095	1.61694988821325
belu1239	-0.59760539330428	1.09770496837336	-2.95768762018486	1.415025632845
bemb1257	-0.138132583185447	1.2470263577953	-2.64499330981341	2.27648169193691
benc1235	-0.215699091799163	1.06623798946383	-2.39956260429181	1.85202289554868
beng1282	0.11200095063545	1.14852247680625	-2.17543603073098	2.39289779286968
bent1238	0.0218718048366572	1.16525030397987	-2.28225584088729	2.30774138466771
bert1248	-0.12255096564816	1.18142386713907	-2.49095795976006	2.18457738654348
bezh1248	-1.42495826812378	1.23075449117528	-4.0448332771	0.794917357309243
bhoj1244	0.104480895048363	1.10376073080171	-2.07470272110098	2.32559306218846
bian1252	-0.413723702197427	0.883643205241357	-2.17393879363752	1.30131952214084
biao1253	0.18465309867323	1.19117350838127	-2.14346840232251	2.60711393297868
biao1254	0.140581711742041	1.23612536939468	-2.34280812490975	2.59983867697614
biao1256	0.147674806949913	1.26147452713089	-2.25669000148498	2.75494359169166
biat1246	-0.172548047368602	1.1030314652897	-2.29590620619359	2.03797384321843
bidy1244	-0.426002901487999	1.15803795273757	-2.83321493347905	1.77735167267004
bier1244	0.0550137895726543	0.855144770085019	-1.63192361914173	1.78652262867308
bign1238	0.280620909717135	0.791701157805723	-1.27513032846262	1.87924778801472
biha1246	0.451375435991048	1.16121690980078	-1.72502307486569	2.86195778265539
bila1255	-0.5279039187568	1.11324089902388	-2.89620198606458	1.54554857015794
bilb1241	0.432964031149481	0.931673723897939	-1.35354595885704	2.36027016691236
bili1260	-0.305019386893802	1.22727958490804	-2.79295711935404	2.02928687947605
bimi1240	0.885651192450165	1.1137297763699	-1.19346820352753	3.19886906074719
bina1277	-1.43379624702096	1.01472982940954	-3.52403203950977	0.486031080905607
bini1246	1.20002493530105	1.15368293124408	-0.923033528392645	3.60409066370251
bira1253	0.412336947682681	1.06478836270262	-1.63501156761682	2.5360610805546
birr1240	0.476376828451481	1.13647175137369	-1.68847130834723	2.81503451838915
bisu1244	0.36544595025959	1.18913942138968	-1.93057995220485	2.82113287989142
bitt1240	0.405525504805892	1.15253367961009	-1.80556406580411	2.78576189357038
biwa1243	0.827835486156647	1.03279161053768	-1.08647238338694	2.96584479362054
blab1237	0.225053473184894	1.0001921844292	-1.68461301747942	2.3234494229037
blan1242	0.371833986838278	1.21520376899479	-1.96531656588723	2.87237305058367
bodo1269	-0.512408175599071	1.10943305902444	-2.67360585865768	1.62290430391656
boht1238	-0.691296186757023	1.19107640943171	-3.10926757565607	1.54240137584548
boka1249	0.0151485497585916	1.17789932665843	-2.367874964051	2.37766857897463
bola1250	-0.888981875711894	0.999677570292228	-2.92495106696414	1.04192031906176
bolg1251	0.285402242869895	1.08292687375422	-1.81835349396724	2.47265578990628
bolo1262	-0.412988000666995	1.16267459962057	-2.81261580390881	1.80237690123048
boly1239	0.253333902005306	1.22687509638479	-2.09505803790076	2.74020717640965
bomb1262	0.0551608777354964	1.08244153316337	-2.09247277832444	2.16881870775484
bomk1234	-0.233844366728391	1.13869385150144	-2.53754118641251	1.95761160858061
bona1250	0.454349582140471	1.17093837582705	-1.73665971272593	2.86113223070015
bond1245	0.135118122272586	1.06005617323773	-1.84994069558695	2.27378719605875
bond1247	-0.38232573410537	1.2173764912044	-2.88371546840052	1.92694338246582
bong1284	-0.264124638641068	1.224506112656	-2.85040398163822	2.09594874362706
bong1285	-0.195666595990161	1.04416837411402	-2.29822876636331	1.8755162065773
bong1289	0.502043305221125	1.17179523042489	-1.67305922559147	2.94373998877769
bora1271	-0.36170794615665	1.20813053194204	-2.82897995529751	1.99688417648951
bord1248	0.397828795806747	1.09874859372449	-1.70447851661705	2.62421613250321
bori1243	-0.380039373512332	1.09562875194176	-2.54886888756902	1.78661775017742
boro1277	-0.322936272698115	1.12489420498399	-2.62880207868888	1.85925128667115
boro1282	-0.645826607905195	1.18169553485271	-3.12520797839267	1.59680892841417
boun1243	-0.519710087703657	1.17951946474251	-2.97675498821563	1.71575584541714
brah1256	0.270077120828088	1.19892326214147	-2.03361146948247	2.64928904909097
bret1244	1.1863994398	1.19357274664195	-1.02498057529786	3.68828503204042
brib1243	-0.365154450472048	1.05938950468981	-2.48555029505499	1.70857471395523
bubi1250	1.0253061587648	1.18092431832477	-1.1715015124646	3.42776917941412
budu1248	1.21473085621887	1.13382291736392	-0.920040500427714	3.5493889690572
budu1265	-0.380842437146945	1.15954731557922	-2.70402549986891	1.83703712448877
budz1238	-0.432988890615385	1.20426918348431	-2.91537056802718	1.80687401462336
buga1247	0.295334171257255	1.18370881084896	-2.01905053271327	2.71424335654912
buga1250	-0.564151095068553	0.909177045885899	-2.3629863584237	1.21558448510741
bugh1239	0.672966396066255	1.01396642796079	-1.23643310762358	2.75886451619472
bugi1244	0.397149972056818	1.16698990873327	-1.82638653438345	2.78085777316914
bugl1243	0.544505446006228	1.15396590032282	-1.63097330556584	2.95274845888954
buhu1237	-1.51342067307326	1.05372581444974	-3.70161465007643	0.453712362031128
bujh1238	0.122253084326647	1.01314840960951	-1.86349784715401	2.14808380329468
buka1257	0.110948491633682	1.09426527949322	-1.97302693023409	2.3935129354462
buku1249	-0.826813609539821	1.20601549708002	-3.34428188273271	1.44642443186511
bull1247	-0.456503601223915	1.17833394874538	-2.88992447741826	1.75301312561495
bulo1242	0.293502944903287	1.22056486936216	-2.12627284230554	2.85347085322141
bulu1251	0.4661487300459	1.11241307886807	-1.71460382992229	2.68853854019386
bumt1240	0.161110442971338	1.1726474938893	-2.12785695610385	2.51073861007378
buna1276	-1.0934063313669	1.03318976245407	-3.16473458024845	0.89405804060852
bund1253	-0.235832829115454	1.19406944240358	-2.67397491216349	2.07080785907076
bura1292	-0.0491070622796177	1.00375606308906	-2.06381377799962	1.91720270309643
bure1242	0.570081871427081	1.05588828351309	-1.44585339187646	2.73169017393973
burj1242	-0.120572700433704	1.18920157636925	-2.49921735141399	2.2105546573407
burm1264	-0.293440661454038	1.04202580364187	-2.39056781772027	1.76973480279891
buru1296	-0.614706702948667	1.17302726185588	-3.05083683868685	1.55551213101038
buru1320	-0.488474665266677	1.21093083782298	-2.96228481598678	1.77624174726868
busa1253	0.377066231803058	1.12131767403966	-1.70767407974984	2.73228978195658
bush1247	-0.135965233664673	1.21870029217301	-2.58572142949912	2.20097965161542
buwa1243	1.63714010881349	0.973669930589817	-0.169042662903641	3.6372213730504
bwai1242	-2.24660996188175	1.03140902433154	-4.367180667388	-0.34343102876621
bwat1240	0.989713098446119	1.11401020459184	-1.03024102063926	3.35077514871565
byan1241	0.233944300721879	1.19217062646473	-2.02479300642588	2.6749743458956
caac1237	0.886641370507985	1.0981416858508	-1.12789700098489	3.16143664324447
cabe1245	-0.659810379076442	1.09855182706857	-2.93290586003608	1.39667209821944
cacu1241	-0.489620487804819	1.04808724211268	-2.61024454958114	1.55790471479122
cahu1264	-0.6190627826247	1.14336877334453	-3.03163687111444	1.5634141620295
cakf1236	1.17934623874356	1.0627273592354	-0.772837476511667	3.40841740859651
cald1236	0.491215334948251	1.12943957293897	-1.72489773508785	2.79525361125209
camp1261	-0.138851095420888	1.25120111829087	-2.74455290505914	2.25626502202163
cane1242	0.196979021577384	1.21643932059855	-2.18258047002629	2.73805771984368
caom1238	0.165725583330729	1.26027267717546	-2.28129979118528	2.68906058764007
capa1241	0.587018635010829	1.20909100156074	-1.71501375730051	3.12338973249566
carn1240	0.0947647087318798	1.2774523089736	-2.45738355338321	2.66527802271798
caro1242	-0.9516089728521	1.16511452971396	-3.35090337969182	1.29696439564966
cash1251	0.487634995994249	1.18868357807824	-1.80769693744159	2.91831271302754
casi1235	0.151289703580327	1.01897218924548	-1.8323720903741	2.22641664111432
cavi1250	-0.119575141417749	1.13614014131772	-2.35121309946064	2.14884103779818
cayu1262	0.46066710849879	1.15994011715152	-1.75090241373775	2.85155011976015
cemu1238	0.992924688583529	1.09298826819429	-0.968017992001902	3.26162612171402
cent1989	0.22119217064984	1.24111684209235	-2.16601871537749	2.75397421295877
cent1990	0.100602449219946	1.24821203782331	-2.30693317662049	2.51355480323809
cent1992	0.40078511825898	1.2106076245266	-1.97864972280775	2.94008732568198
cent2004	0.425718027681387	1.22498032875031	-1.88605121983552	2.87839936408459
cent2050	0.401577688160207	1.06468400295542	-1.66884995115512	2.59003818411432
cent2058	0.128427098961049	0.96709035604045	-1.74294020927867	2.10727183897467
cent2084	-0.124718283219342	1.05389979672503	-2.23205846588714	1.98098802005477
cent2087	-1.15187078554269	1.1402418775202	-3.48560907910596	0.96631999143916
cent2090	-0.429062326520696	1.08872425601394	-2.63315335930301	1.70454976528993
cent2126	0.125130803751353	1.24717719575586	-2.33007971197758	2.56721125696017
cent2127	-0.623559299579751	1.15763553399795	-2.9593130901707	1.59051698822956
cent2131	0.508164731883807	1.1012381507742	-1.6363228042878	2.71850303173759
cent2140	0.55025386983595	1.15202563289637	-1.64129744024936	2.88636604425598
cent2150	-0.708712752727779	1.14489814714746	-3.06932841541995	1.51454000364438
cent2292	-0.304407141050845	0.933294586753503	-2.1334000067934	1.56553891344705
cent2314	0.17809266381311	1.26458327614044	-2.27196908097993	2.72718529650608
cent2322	0.480667724261694	1.15984166777943	-1.7216610300377	2.87859969564521
chac1251	-1.02237595474964	1.12878804307847	-3.35373598861251	1.0806080888012
chad1249	-0.192519875936288	1.23901898394048	-2.72143467188956	2.19640106467935
chak1270	0.335584768814988	1.17258302493176	-1.87629368300688	2.7154840073642
chak1271	-0.662618858889392	1.15428608233189	-3.02322531644478	1.49957857294119
chal1275	0.450961405299376	1.16110378115908	-1.81963090499008	2.83817266371646
cham1309	-1.5442399796979	1.24579875778941	-4.194741319957	0.691966918220399
cham1312	0.0204812858025466	1.22814317239508	-2.34484817822363	2.53026389325338
cham1315	-0.734707755601344	1.17480791438848	-3.1449146102164	1.42715069168801
chan1313	-0.94071184295884	1.05785058187341	-3.13746365628959	1.02497305127454
chas1234	0.356819987121542	1.21219406350616	-1.959182863968	2.86794994691609
chec1245	-1.08309790821263	1.20170783104931	-3.67725190413886	1.12247018887253
chek1238	0.475967207484721	1.01863158077094	-1.40585349638819	2.60767970270583
chen1255	0.302501251984745	1.17468732731724	-1.91801829139068	2.70993767692946
cher1273	-0.613147519335239	1.18985937647799	-3.11481682508461	1.61351699529135
chhi1245	-1.13760110896636	1.00185670977233	-3.17307542240107	0.759072861233473
chil1280	0.0129726016891623	1.15408483656108	-2.23651310100058	2.30775563924426
chin1286	0.214636219337786	1.19462654430356	-2.12198209589195	2.61528799826635
chip1241	0.744553527082495	1.15998990665883	-1.43416239058329	3.1572750282186
chip1261	-0.897958541604753	1.16792017341313	-3.334869294598	1.32041423808145
chiq1248	-0.542502577285432	1.20225269384194	-3.06126121337193	1.73122566645872
chir1283	-0.452678589926393	1.02093669162103	-2.43237853474035	1.51721042709338
choc1276	0.462681680933757	1.17129241130101	-1.78538874637255	2.88685002408917
chon1284	0.197847619961644	1.24738119273233	-2.20921162303965	2.7423680758935
chot1239	-0.199286649171051	1.04434388407021	-2.29327814797319	1.8669888533508
chra1242	0.195460798560983	1.22240928291341	-2.22753008954172	2.67998640394668
chuj1250	0.430460659307177	1.03188338541136	-1.57064188774678	2.54130170754547
chuk1273	-0.578546204935521	1.2256036786997	-3.11250872021478	1.78203987472411
chuu1238	0.162327954961945	1.13172360716593	-1.98573108176334	2.463991503766
chuv1255	0.649270790383691	1.1868492669243	-1.58759668283209	3.06804021451054
chuw1238	-0.111295556285274	1.24417869896011	-2.58171723742676	2.2746614813965
coat1243	0.771632662376669	1.07093053918605	-1.30722851328802	2.97148259168405
coca1259	0.530754547219993	1.11796541027206	-1.57729984653067	2.81163134232442
cogu1240	-0.0132955368341411	1.03998110238047	-2.10649342068668	2.04039162785182
colo1256	0.533264616602927	1.17558879066654	-1.70936175488245	2.94977775108891
colu1241	0.60707475215083	1.13928454759705	-1.54921492354027	2.92320716838594
coma1245	0.426085682826706	1.1204704919734	-1.70048686686589	2.67752234959561
cong1236	-0.140456177881587	1.25597072752889	-2.73415799184309	2.27858220144211
copa1237	-0.26985893172918	1.06290997902784	-2.38646982941097	1.81894916096561
cors1241	-0.130000334443188	1.19593099837711	-2.58844417039139	2.2234678647088
cosa1234	0.456223272901403	1.15459012012538	-1.74728205125258	2.8538542834923
cota1241	0.299374427323089	1.0555810997124	-1.67651062487384	2.47433542556984
crim1257	0.0510151191939036	1.24803588182775	-2.38079604369987	2.55174907014268
cros1244	1.13239413515751	1.06492405413958	-0.869696332740596	3.31943367881005
crow1244	0.281025537320075	1.13878291434511	-1.9084024943738	2.60459536926079
cube1242	-0.486749774042839	1.13687240328192	-2.77920211660516	1.69727380657035
culi1244	-0.508578016705883	1.16515027138416	-2.91817208950459	1.73448346838396
cusc1236	-0.931906108562889	1.16151509111043	-3.35475652985635	1.24742971775379
cypr1248	-0.0836382979540856	1.22293288410441	-2.57064311078621	2.31952987913712
czec1258	-0.129022717137244	1.23092915149157	-2.63143043397562	2.23251459286109
daai1236	0.319102495337122	1.1976264059992	-1.94933482898808	2.80179546938324
daas1238	-0.00548836773748735	1.13155853341528	-2.28414354987537	2.16376639385774
dadi1250	1.21682889748073	1.1074196522682	-0.836391132632411	3.48536325839489
dagb1246	0.156989359889138	1.14221104697832	-2.10006031275522	2.43235003244133
dagi1241	-0.522726885901863	1.2351281917889	-3.05235187774841	1.86897927878574
daha1245	-0.215117836788025	1.23897707862497	-2.72781249688291	2.10405366372641
daka1243	-0.00503445022695432	0.79804276162069	-1.57070428944221	1.59108536020948
damp1237	0.386568901791773	1.19320384111051	-1.87775328449457	2.90621654671641
dand1238	-1.64730063555167	1.19769319446444	-4.18960787508725	0.493385824781289
dani1285	-0.112420021601216	1.2476649283594	-2.5504142754469	2.33239536000445
dara1250	0.311914549440712	1.03526756527749	-1.71404026225269	2.37498003064327
darg1241	-0.863683437739374	1.21273342891489	-3.37066049437101	1.37634176521487
darm1243	0.237784053201189	1.18974021788011	-2.08229937423635	2.65997753423668
dawr1236	0.222703876285309	1.12281026968497	-1.91962310168233	2.44160209114767
daza1242	-0.585645181677446	1.18279003051605	-2.97347461424141	1.67463618557829
dege1246	0.889944766815607	1.06071411449415	-1.09258116531009	3.09115725963691
dehu1237	0.704222733458104	1.13165970465025	-1.43570924063918	3.08971275569502
dera1248	-0.0860769838496843	0.97884433039197	-2.04698657430086	1.78180989657307
desa1247	-0.595675548233836	1.02586313043106	-2.7372230242487	1.38780225264312
dhao1237	0.497731437160583	1.18750700945955	-1.74073049273812	3.05193756317685
dhim1246	-0.710759646020806	1.10139787857834	-2.91921998955613	1.39804978415968
dhuw1249	0.10406848961207	1.15125742161279	-2.11818483646742	2.39756014496292
dibo1245	-0.302712604115147	1.1850548256526	-2.66741599448308	1.96084735617654
dido1241	-1.47756744865793	1.22801096583172	-4.09160835523336	0.715714997077451
diga1241	0.0093563608914207	1.16366331814501	-2.26138051072125	2.40433924965822
digo1243	-0.294327338958025	1.20382753278234	-2.76252775336598	2.02160350702312
dima1251	-0.749553258585328	1.06012192341574	-2.87055560213557	1.32752682911616
dime1235	0.171267940893812	1.10424028915154	-1.96724535766231	2.412435132984
diri1252	-0.111140787070442	1.2161396881555	-2.59195205149124	2.22220129742911
djam1255	0.765275232780292	1.13971097566018	-1.38765467559631	3.18549482553095
djee1236	-1.34520932031282	1.19380873972533	-3.90837890176822	0.83310391947436
djeo1235	-0.00822721414015674	1.20171090138616	-2.39601331699979	2.41711533625347
djin1251	-0.883436978333374	1.21120232808256	-3.47983229623032	1.39692551597573
dobu1241	-1.78912857822032	1.02331744408081	-3.88968962005574	0.0716463283600438
doma1260	-0.607790527960186	1.17543087858801	-3.08694759030522	1.55557062069633
domm1246	1.22241084968146	1.07335337964461	-0.787252801384774	3.51603881631768
dong1285	0.441959190850629	1.17270141758704	-1.80927170049149	2.89997038050777
doro1266	-1.7959512266746	0.966098340032183	-3.76266033953353	0.0181761884782343
drun1238	0.256863309082893	1.19734510335602	-2.06729853095583	2.66968834845204
dumb1241	0.808684722935389	1.13827454928512	-1.32134497492979	3.17539957295977
dumi1241	-0.562637356636329	0.984953481783028	-2.47158930648253	1.30628139220405
dupa1235	0.0937691613265297	1.0582295207428	-2.0056003743415	2.20419806787383
duru1236	-1.15400750292076	1.1346084583646	-3.5602362854657	0.961664212678394
dusn1237	-0.84977253189989	1.09906627892515	-3.14850792226135	1.3089191791541
dyul1238	-0.953527858660978	0.943106128827631	-2.88957048190373	0.764127517046308
dzao1238	0.146002730387495	1.25053490180066	-2.28270001162266	2.67039659049249
dzon1239	-0.0308725917138681	1.13374348018363	-2.23858570664985	2.24322195749021
east1236	0.317526697296282	1.22736628917594	-2.10070436240159	2.84174113383461
east2328	0.740579869050732	1.14061469706189	-1.39972255323541	3.10237407237559
east2332	0.227609641626104	1.19288218380014	-2.11944797868609	2.64650093683582
east2342	0.311367458386163	1.19399087737658	-1.9643240019067	2.77795673209979
east2443	0.138952611810646	0.91058109239254	-1.66035456618903	1.98709853084982
east2447	0.132218173833611	1.15224282845459	-2.0643671383354	2.47381400074516
east2485	0.616675596238634	1.15677363773391	-1.60052333896587	3.04704783245084
east2516	1.27560395111323	1.11764962000327	-0.782145229066397	3.61698830930135
east2773	-0.273017281853828	0.976946191745727	-2.21564263451433	1.64479898595946
east2782	-0.230551632973324	1.2245584679972	-2.66390817425819	2.11728643525702
egyp1253	-0.0840084267900578	1.26748023131039	-2.66348782552595	2.39336636167545
eipo1242	0.359176066838529	1.14109628089194	-1.79069603738046	2.65467280521381
ekar1243	0.238689531693362	1.13478548708387	-1.97994395076758	2.54835083442456
elip1238	0.389006399525002	1.00201920953635	-1.57153358486759	2.38196649815573
elna1235	0.473224242956269	1.05459080084209	-1.56978468150126	2.67553794411453
emae1237	0.152119202945024	0.954528849907811	-1.72847579028479	2.07492061842461
emai1241	0.877486984568768	1.10732506190163	-1.14563769587489	3.23934081935367
embe1260	0.598206210126872	1.1048928427799	-1.47936049308002	2.88797819660834
embe1262	-0.499186693144971	1.18888418641251	-2.9154348161759	1.79597008667333
enap1235	0.376736129185121	1.14561363873096	-1.78239754247888	2.75623841567303
enuu1235	0.420032836279628	1.19874866433221	-1.84260720447074	2.89113565551691
epen1239	0.301961634772088	1.18525401957335	-1.99466459824413	2.78695421007654
ersu1241	0.273246191816686	1.19865405079681	-2.04997280873949	2.71868142163238
erzy1239	-0.471108593362518	1.13626811754677	-2.84420287346026	1.68378600803436
esan1238	1.3290309728578	1.1673960077104	-0.756159345232801	3.78207654041828
esee1248	-0.731870480400628	1.16004095940401	-3.14351778072335	1.49261684949869
esim1238	0.469142334209923	0.899186710067869	-1.30047428291004	2.30683328861506
esto1258	-0.87020450020573	1.13320245341472	-3.25972759538011	1.26234834869474
eton1253	0.34999004682002	1.01965379605122	-1.67441922970152	2.36166923763325
even1259	-0.928560919118226	1.18875249575926	-3.40774476658799	1.2919731483976
ewee1241	0.621322443106667	1.06883430878796	-1.40431977836953	2.77002661957152
fait1240	0.836457096240401	0.981733819360597	-1.05307770493478	2.82623684632159
fala1243	-0.0747871645798175	1.17771714328384	-2.42227215614886	2.22465824508364
fare1241	-0.0403341309418146	1.08882054985489	-2.19280638533396	2.16978127060416
faro1244	-0.120933386485519	1.2351998316782	-2.58678694307499	2.25871994953294
fass1245	0.3478464773046	1.04570719382721	-1.66723212432324	2.49059406755362
fasu1242	0.831655737187815	1.10480924053025	-1.25386134749239	3.13543297030081
fefe1239	0.804095823104304	0.995203072301971	-1.11846866594526	2.8043829412613
fiji1243	-0.706577296986068	1.06679253746861	-2.87776185371603	1.3119932190759
fili1244	-0.0200933081839602	1.09751984397617	-2.19102122351135	2.13910106197261
filo1235	-1.57406387335842	1.12868832192189	-3.96304118881477	0.445613979733511
fina1242	-0.363141766803534	0.935259449200997	-2.22981031364436	1.47444253821901
finn1318	-0.51351891740808	1.1862317338642	-2.96386134464164	1.70050492802011
fipa1238	-0.186757296543502	1.21022221794683	-2.64598331372273	2.09579319162247
foii1241	1.03567146180231	1.11434287071931	-1.03878085763776	3.3808503779626
fonn1241	1.01903884641737	1.11793319740969	-1.08119905639376	3.34223496329703
fore1265	0.50583598555431	1.1501693074937	-1.71616599076338	2.96100167367068
fran1266	-0.247315621751182	1.11365139634255	-2.52717670760319	1.87952677246454
fuln1247	-0.543893067333676	1.17491321396384	-2.95343356281126	1.68870558262704
furr1244	-0.364200613585313	1.27845272622949	-2.97350815035375	2.13274850737971
furu1242	-0.491786131546203	1.06973664582605	-2.6883257543671	1.52945867464217
futu1245	-0.284010073209138	1.02474096073876	-2.24105339391021	1.75839311066597
fuyu1242	-1.46615500942127	0.948915429739692	-3.45337058765654	0.294280264303527
gaaa1244	-0.176337722143239	1.13760262683037	-2.43303022375573	2.05677509218548
gaam1241	-0.228855599524563	1.2111315256334	-2.8007165162514	2.06707061271894
gaan1243	0.397969460755467	0.998101507343229	-1.52137578191881	2.45041591526448
gade1242	0.230670955260489	1.08609954965949	-1.96467644081193	2.35467811804123
gaga1249	0.0716462249927848	1.23442445097109	-2.34155131721154	2.59757888380784
gahr1239	0.174994659662795	1.22906293971518	-2.23112442824437	2.66281520364214
gale1259	0.151566845728026	1.2025486307532	-2.21084843045503	2.63287885463607
gali1258	-0.0944469051081855	1.21987146811215	-2.54594296377985	2.26901628540627
gali1262	-0.352088135775345	1.05866272418621	-2.50979742951864	1.70976607471497
galo1242	-0.341967207710946	1.13375377710384	-2.61650132053526	1.91603144632737
gami1243	0.234954467227099	1.16966069085311	-2.01931099291345	2.65804558767707
gamo1243	0.504864189191843	1.07666782885262	-1.58188771363029	2.68336085620972
gand1255	-0.352473544221467	1.23093758067146	-2.85866965932401	2.00100473574618
gang1266	-0.263627013542426	1.04900322220598	-2.3580275823146	1.80715131869353
gant1244	0.993044733995095	1.03248906043144	-0.925036819652528	3.15262882082129
gapa1238	-2.0603370270008	1.00399834569615	-4.18123637312499	-0.249409005530132
garo1247	-0.362711481853413	1.11538222039828	-2.62105468543228	1.81888209416671
gata1239	-0.583541468688441	1.14489483314957	-2.94517536553841	1.59880843623758
gayo1244	0.287761553167587	1.17756723954735	-1.96144778354781	2.68505627219368
gbay1288	-0.445458673338778	1.23656765906104	-2.95548330223439	1.93743384202104
geba1237	0.278023843646777	1.20602022880208	-2.10962521343198	2.76321475897166
gebe1237	-0.860519321311734	1.11843732089884	-3.06951969662723	1.24436233409923
geda1237	0.410370269117828	0.937102874868544	-1.4087506721346	2.33553787878179
gela1263	1.00575968435483	1.053053704737	-0.978053768008206	3.24576101626023
ghad1239	1.01314034637772	1.19843352916806	-1.22588034925731	3.51141293643873
ghan1242	-1.53226841372815	1.06676633800241	-3.76756004584916	0.421955844899922
ghar1239	0.790658196142429	1.05576692533824	-1.17037321042082	3.01159950487578
gheg1238	-0.260794029120337	1.22366256115359	-2.80871546266778	2.16581862227556
ghod1238	-1.47898521742409	1.25436408246005	-4.15344083695689	0.81754562724087
ghom1257	-0.303642034043393	1.18957962354416	-2.72778180142186	1.99702472519739
gida1247	1.32729259710559	0.932106739210438	-0.397448057980979	3.30046633517269
gilb1244	0.271584973552621	1.21583000682562	-2.0415358441739	2.75131193142483
gily1242	0.552341347239953	1.18097492823891	-1.68792952206936	2.95801656690207
gira1247	0.608682460164631	0.941300250221308	-1.20598560873276	2.51126860302336
glav1244	0.95324548661539	0.964579616346148	-0.918943398080759	2.91443959301146
gobu1238	-0.0017822662755151	1.03394403833417	-2.00568197737143	2.08739153774056
goem1240	1.13978688260874	1.06075878502548	-0.867829154780377	3.27517613302692
gofa1235	0.329241593156384	1.07345414069335	-1.78788508270437	2.50678113518076
gogo1265	-0.039739988767115	1.13302888238459	-2.31992464241416	2.21152740717753
gola1255	0.878298035757287	1.14526108738292	-1.29818393212322	3.30150253291864
guah1255	-0.550321689066753	1.18866446478597	-2.99558851113799	1.72016443266398
guan1266	0.313460549096571	1.20568376199051	-1.98436692924996	2.8137327960863
guat1253	0.114301825825687	1.18952523272536	-2.1481859617872	2.51952595708943
gube1234	-0.373581504405928	1.15392025672091	-2.75373255937608	1.77654099730395
gude1246	1.41477534779595	0.964562050969548	-0.358198750951053	3.43699262616014
guer1243	-0.285337554265485	1.07228316737768	-2.44082301668672	1.81624244320027
guhu1244	-1.37177823349933	0.972456318887199	-3.35836368321742	0.462611285557661
guiq1238	0.296287691352861	1.19683525599774	-2.00728918203654	2.72445188433747
gulf1241	-0.10436691815225	1.23113242040138	-2.56601564722508	2.3094710574089
guma1254	-1.91737127097145	1.06233742628535	-4.19009732183424	0.040021800965648
gumu1244	-0.152643771943878	1.18728482290439	-2.55240066335362	2.2223752288016
gunw1252	-1.48368064146649	1.21260127594336	-4.09154795500336	0.6858118290507
guny1241	0.149709483203825	1.150875306523	-2.01575060270886	2.54384997389492
gura1251	0.866852723303401	1.14217963627618	-1.31152553558551	3.21489955246809
guro1248	0.487595401164755	1.15126108771184	-1.73542485684012	2.89581352734021
guru1261	-0.33916892390418	0.955732362723752	-2.23812015547125	1.51318539275166
guru1271	0.990143355802888	1.05779456380418	-0.965840700867737	3.19856766677786
gusi1247	-0.876564916308914	1.16962320245247	-3.29638307315809	1.29701526541489
gwen1239	-0.441809764669565	1.19891019378344	-2.8935970041023	1.82801860552801
gyel1242	1.02008651498724	1.15905283048163	-1.1756561398802	3.46449191073095
haaa1252	-0.157541402998745	1.18936852477478	-2.56455190972497	2.18470880743022
hadi1240	0.222014512335183	1.11367673531126	-1.96489860724476	2.39238518052326
hadz1240	-0.599396175123972	1.19500140160842	-3.049228997818	1.64378123751969
haka1240	0.309102638962748	1.13792097497485	-1.84562153314613	2.66588670208752
hakk1236	0.119005883724196	1.23988961657691	-2.29111796804071	2.59960182147778
halh1238	0.135213463689135	1.18010775332936	-2.1793150054034	2.54965113761468
hali1244	-1.163993474581	0.992166535930845	-3.2256980129677	0.716613961179661
halk1245	-0.286191637366885	1.13345000029219	-2.54358229860441	1.8991287484399
hame1242	0.347245808896202	1.0857519514514	-1.80592176567809	2.52551708674297
hang1263	0.102582122957155	1.0612869681529	-1.99729801290454	2.14797652135693
hani1248	0.360944747376663	1.22947153547053	-2.07407604611442	2.84209078800927
hano1246	0.0217237489346792	0.896363721851718	-1.74020144592847	1.78272569645553
haru1245	1.07198968204612	1.04125942064215	-0.856074403842578	3.24048616113107
hass1238	-0.0224470870675769	1.23087284029694	-2.52160677898773	2.37325107027349
haus1257	-0.346846249378871	1.08548993260188	-2.57970840960903	1.77549136642446
hava1248	-0.581701862979581	1.18058133559026	-3.05046612738635	1.63606687230783
hawa1245	0.282518003677186	1.1982917407147	-2.01485667559385	2.79160268026157
hdii1240	1.26133382952218	0.971003551485509	-0.545456811713307	3.29258202249591
hebr1245	-0.112494545180058	1.24029366909797	-2.65291172507078	2.31080709403718
hehe1240	-0.290349131126853	1.22156868959906	-2.81747266550492	2.11931234367168
hela1238	-0.292927907016783	1.02877894375928	-2.35083426937713	1.72288310750526
here1253	-0.125242618081218	1.23405802428359	-2.59479267091189	2.21379245283065
hida1246	0.365333087314485	1.16966876225118	-1.88091554342159	2.7946131214491
high1276	0.799313916836691	1.0549512843218	-1.16331065050589	3.01429600550627
hind1269	-0.241526841360497	1.20402197786162	-2.62518555222031	2.0687045857214
hoaa1235	0.212940297105243	1.23131141929842	-2.21752777385292	2.68013851635595
hoav1238	-1.7354911446944	0.971326197930046	-3.71075874521229	0.0675106977490921
holo1240	-0.139930429292664	1.19816460448542	-2.60988629932079	2.13577505727322
hone1235	0.515342634285455	0.97468438944152	-1.41001288024228	2.48308183315784
honi1244	0.401202070247479	1.22161521647695	-1.90793112334088	2.9246921057764
hooo1248	-0.28010527789195	1.19762185787152	-2.68851080509932	2.05845540676974
hopi1249	0.6278055076352	1.16846329175997	-1.54414192147694	3.15503726428397
horp1239	0.304632712326832	1.17093464811631	-1.93148072788844	2.73788962660316
hote1245	-0.250632870112016	0.840069311317981	-1.90643374635159	1.41631137622243
hrus1242	0.042498511228911	1.18005740756647	-2.2564209665312	2.39173602754225
huaa1248	-0.157679058301321	1.27309362856428	-2.76113055661979	2.33705879318682
hual1241	0.350447104441624	1.15637024326812	-1.88233293433148	2.6727529921982
huam1247	0.494288260878368	1.19788734660102	-1.79558766009427	2.94092839788583
huar1255	0.41305855914674	1.05117197092852	-1.60021390617882	2.56356217396566
huas1242	-0.724841236852719	1.16027490235749	-3.14767009449738	1.49778521420566
huba1236	1.14365549044734	0.980365880611341	-0.657387363152414	3.17828892740733
huic1243	0.652489530230454	1.08680103155314	-1.44146707614561	2.86620665511376
hula1239	-1.62864493807977	0.977318961875071	-3.67105268374654	0.168561515917773
hula1244	-0.092049049225214	1.22677041752998	-2.55002895546452	2.33837383014654
humb1243	-0.0450623191045274	1.2135042763404	-2.45912368574206	2.35743080423614
hung1274	0.461714199083705	1.13669963663849	-1.67842201546094	2.81521847440094
hung1275	0.162739477065527	1.24856505097261	-2.25953300130695	2.6801588410131
hunz1247	-1.38567436020117	1.22930463635153	-3.96491182117703	0.841989728092938
hupd1244	-0.487263367312989	1.04596982204699	-2.56383109264397	1.58204053216707
huuu1240	0.474665257870801	1.17686338954432	-1.76404614373033	2.97258632847359
iaai1238	0.853920635194428	1.12124561195048	-1.21272377145473	3.18810204083857
iatm1242	0.627081653685509	1.07212009389549	-1.39400447612469	2.81043302353043
ibal1244	-0.241747140441761	0.97157742912635	-2.19683849491053	1.6904470356234
iban1264	0.267647380905871	1.19525640535362	-2.0757609055981	2.80263075470952
iban1267	0.0318420448288426	1.03985376924708	-1.99905907593694	2.11673204301632
ibat1238	-0.782883088984836	1.12861870440135	-3.16113446067232	1.38683767713056
ibib1240	1.31819069409103	1.06293540258879	-0.609448074110558	3.5465401655273
icel1247	-0.124967035284704	1.24147625445237	-2.62822196503545	2.31926899556654
idii1243	-0.216226617462772	1.10855241657907	-2.48886093058853	1.96137160380095
idum1241	0.0540300754292043	1.20098042726907	-2.23365088843398	2.41394196726205
idun1242	-2.23417883870498	1.04707295846498	-4.41692109285466	-0.343737360304082
ilaa1246	-0.164313702750651	1.24271536444488	-2.71472267618967	2.28222156953721
iliu1237	0.77793649615607	1.19378501372215	-1.43346863153032	3.24365141564107
ilon1239	0.03211155093081	0.950206118821607	-1.82930095138077	1.95751168177116
imba1240	0.597592640582128	1.17215335361587	-1.59596560940325	2.99974573602769
indo1316	0.187688994005163	1.19226083684511	-2.0996568629954	2.6091873562475
ingr1248	-0.944962726990513	1.15503696420502	-3.3790944748282	1.17904899740617
ingu1240	-1.14381258792492	1.20148166727096	-3.72688197445913	1.06236321051302
iran1262	0.532282084795436	1.18565366322266	-1.68254148039504	2.95854878474023
iraq1241	-0.601592037590022	1.17768916306625	-3.0047703377639	1.62183143138251
irar1238	-0.360658859675504	1.08070560698214	-2.52215965286035	1.80803948271048
iris1253	-0.156652515038693	1.23759498242996	-2.74296229821424	2.31945560221215
irul1243	0.307548806561817	1.20166320657396	-2.07566009653415	2.8027186053545
isco1239	0.617067454089815	1.19444793562185	-1.57789295237761	3.08451602958234
isin1239	-0.150864148996216	0.966929204516517	-2.09515434705521	1.78609785827472
isir1237	-0.338538517237543	1.03744856231406	-2.4013349515117	1.67916307522101
isna1241	-0.212295054597223	1.07291243455191	-2.34444421506842	1.92222436923861
isth1242	0.80321383143201	1.06994168732589	-1.14718150397497	3.02630601734309
ital1282	-0.122227212985444	1.23881785246482	-2.56821223193044	2.38065265354687
itza1241	-0.649924385746057	1.16517010163032	-3.1021767279445	1.52445325292656
iumi1238	0.401749821350251	1.1631511729351	-1.82215191032477	2.82498835535622
ivat1242	0.0186551559048561	1.16759902574628	-2.25530417088542	2.38439788158027
iyoo1238	0.376123568443996	0.954454352242484	-1.43067986478687	2.39743537418562
jahh1242	-0.0864972798505601	1.18919260785963	-2.4371048193728	2.32046741043212
jalk1242	-0.799464101485059	0.972502026332051	-2.76518172623252	1.03578473260222
jama1261	0.405143177096425	1.15427396446458	-1.8301793192873	2.79956043667343
jamb1236	0.180530742137654	1.18521787257496	-2.08718884268688	2.59836298524063
jams1239	-0.330322580074677	1.11513807830409	-2.61122744063685	1.79451927410165
japh1234	0.311169357924317	1.20571949812328	-1.89309005500185	2.82968298980975
jaqa1244	0.533920776048721	1.1763492947014	-1.69072276758137	2.90069535392956
jara1266	0.455086353980274	1.18124376843687	-1.78739172567655	2.85945614644163
java1254	0.11800803306653	1.18488232598767	-2.13755003665945	2.56737375426515
jede1239	-0.774826160908572	1.18367328800302	-3.17170082610242	1.52342813421677
jeha1242	-0.62482983595136	1.18017988950141	-3.01300629981316	1.64752839147227
jehh1245	0.350584883880068	1.24740037406711	-2.06061633134834	2.92443617968383
jeru1240	-0.355117984605039	0.959270662456154	-2.25061472769292	1.51924558616126
jina1244	0.316180090663873	0.967235604330457	-1.56773975459243	2.23466468758359
jita1239	-0.601075464669	1.2201108036343	-3.14619279080819	1.73288661327243
juku1254	1.10658277823975	0.967619554758751	-0.648011734487203	3.11005249731543
jurm1239	0.936847675446471	1.11928885857101	-1.13026662049001	3.28098308531961
kaba1278	-0.54233154958524	1.21888375269153	-3.08939305899897	1.79602137132273
kaba1281	1.03798058634816	1.1017365024537	-0.97928055257776	3.40053418085837
kach1280	0.0830243627022075	1.17887545413235	-2.21719026103168	2.46968505301201
kach1284	0.396553351402005	1.10548499199782	-1.71167287492491	2.62589172678899
kada1242	0.903857033534341	1.1487197545351	-1.22238645617511	3.26238993794765
kafa1242	-0.31941403810821	1.10770987145539	-2.59033528447021	1.80193750459734
kaga1256	-0.48657641387806	1.05701575194989	-2.54676351157034	1.60588731600286
kagf1238	-0.287897401813525	1.14015259538591	-2.63234375494508	1.91803068399432
kagu1239	-0.365667306280571	1.24741460119001	-2.97218127137883	2.0804598743807
kaik1246	-0.284309668000512	1.10257849973221	-2.49225915313214	1.8645195230081
kaki1249	-0.570712948189552	1.05567264033481	-2.67598163069741	1.42026159500087
kala1384	-0.118878298267751	1.25857705191498	-2.63302903438965	2.35326842742766
kala1388	-0.200093787191233	1.03042902426982	-2.24027887474456	1.87615811156373
kala1399	0.488795313182648	1.1732717703284	-1.69695035456631	2.91393275030555
kali1308	-0.254863477819644	1.13223828142227	-2.55561300267049	1.90738616370804
kalm1243	0.174041549688176	1.17817980680809	-2.04549270651787	2.59669172838206
kamb1297	-0.355940221245867	1.25285392074493	-2.91792287490395	2.02119141735966
kamb1299	0.461731360277455	1.20833280199684	-1.76868718723677	2.99454504692212
kamb1316	0.214195301654197	1.09813724827209	-1.92998062061561	2.33469533444225
kamm1249	1.55656225433656	1.08503867736809	-0.385021406735808	3.81146720901198
kamu1260	0.249009785971922	1.12740962902842	-1.97893409402908	2.49421293634386
kana1286	0.239089282295583	1.02131930087751	-1.72595533872848	2.32843778369843
kani1286	0.853711407567106	1.01291253603641	-1.05297417057312	2.94618425640792
kaqc1270	-0.43701040687334	1.11974970284361	-2.74131536348895	1.6689337075416
kara1482	-0.538793300305969	1.13720209434976	-2.92022856326693	1.57560027380303
kara1486	0.577906729626474	1.00626940021743	-1.27684940178693	2.66597746463355
kara1487	-0.2764662951887	0.931551319537283	-2.12607331621223	1.56960080937379
kara1499	0.0937703120949909	1.17468939681533	-2.17097697314866	2.44109845077033
kara1500	0.267722508817173	1.22461769811229	-2.0493498615002	2.77515064349146
karb1241	-0.930904148686255	1.09683030860968	-3.1578405927829	1.19208146393414
kare1335	-0.551305572164725	1.17287744028426	-3.01877104530383	1.61946356036642
kare1338	1.07659323869344	1.10165679573287	-0.961008537511864	3.36169650228821
kari1306	0.0240207964053002	1.14044431946775	-2.29148586637823	2.32413203446975
kari1311	-0.744672587223684	1.16761526749772	-3.14818147019	1.46591087702229
kark1258	0.334556215955419	1.05911341883319	-1.74340822789446	2.46389450812317
karn1252	-1.27141082318908	0.940630253025179	-3.19556673748296	0.561123004387999
karo1304	0.467826217149451	1.19147732058416	-1.78868527533351	2.8651710784841
kash1277	-0.263793125009713	1.18275524684921	-2.64822918009733	1.94214842841374
kask1239	0.359289614405496	1.19413274273747	-1.93743848138482	2.7570525254738
katb1237	-0.109001428151992	0.765171561950796	-1.62304065112955	1.39863534553002
kats1235	0.34856742055415	1.23166742463612	-2.03192544374694	2.78754369121011
kava1241	0.555503943735735	1.15877621137247	-1.62851764181776	2.96743625201313
kaya1315	0.298442803120822	1.19469240332779	-2.02008616446523	2.77224886447334
keap1239	-1.70345927207412	1.00176710117718	-3.83424507772405	0.11100453524271
keda1252	0.978566972420791	1.12993862962652	-1.08891113385525	3.36108463008946
keig1242	-0.403677641687849	1.2311383229388	-2.97162576605004	1.98696501914697
kele1255	-0.318737680788013	1.17406209357756	-2.74079563961113	1.94866316709188
kele1258	0.712230074635053	1.07829042800052	-1.31447097863782	2.93180834347368
kele1259	-0.334846364509314	0.918139242836696	-2.19682024081736	1.47106715241091
kemb1249	0.0808421581477529	1.09056692348555	-2.02912331951526	2.32473617879629
keme1240	0.605733910680652	0.831817942309779	-0.990525979547002	2.27964008198344
keng1240	-0.445514899612135	1.07915704087065	-2.69691604808084	1.63520295207882
kens1248	-0.375979517152211	1.19607001619982	-2.76438864108035	1.98974263441376
kenu1236	-0.19241667089786	1.2716722114913	-2.74735909696065	2.29604397576282
keoo1238	0.638137997586375	1.21144622631632	-1.59918223715121	3.2158238104063
kera1248	-0.343182051155919	1.1412088890028	-2.68207620305425	1.84847985854721
kera1255	1.05267068185392	0.989306806948984	-0.880323010141194	3.08285147615121
keri1250	0.230161316116771	1.22019425361219	-2.19079144407434	2.69895578583598
kesa1244	0.722509143612047	0.951874439154927	-1.11643034811143	2.70349826829901
kett1243	-0.4761997473842	1.26860062930213	-3.10594734493003	1.92870561818477
kgal1244	-0.0692363957030103	1.21348887369594	-2.56226837002932	2.29978665210835
khak1248	-0.468257325229251	1.23220797345095	-3.02443637764414	1.83172888207957
khal1275	-0.954734034688162	1.01066509962998	-3.01593577570766	0.972544912824832
kham1282	-1.2890841012159	1.24190039586523	-3.91448961563347	0.973120322409951
khan1274	0.265895325075064	1.22841344775131	-2.12494433215872	2.78025397113308
khan1277	-0.422395735329337	1.02387850512956	-2.42384974458175	1.59663999438297
khan1278	1.33641089730154	1.04748117914565	-0.630938803828607	3.51457651748355
khas1269	-0.896609629375499	1.14221233503968	-3.23381005642216	1.30698541848958
khez1235	-0.425844045144121	1.01864895798339	-2.43106025338711	1.58837915342066
khin1240	1.14975413478396	1.13933157296439	-1.03695428809672	3.50881854047191
khmu1256	0.303252566326318	1.19309821367094	-1.98063639725516	2.73750101723325
khum1248	0.318991350469511	1.14524026727401	-1.82895389821723	2.68189509212065
khva1239	-1.50924706618562	1.2289629203901	-4.18166511950798	0.668011687390681
kich1262	-0.255857429310235	1.10221994429826	-2.47457692465161	1.88547207042335
kiku1240	-0.58436083002505	1.23533532450172	-3.14683379621399	1.76931620937808
kile1243	0.254873343778287	1.18656273654779	-2.02648033738469	2.68593352441409
kima1246	0.496577548483878	1.15530091034188	-1.69235654842985	2.84582696999922
kimm1245	0.289573041414696	1.1826703212427	-1.9797439227924	2.71370944505073
kimm1246	1.26381053680002	1.05038429893034	-0.670828003034701	3.47725211530308
kina1250	0.230891067367072	1.16261915429403	-1.99542656861481	2.57600931526576
kinn1249	0.182747826862435	1.21975804089099	-2.20911901854483	2.72893860399797
kiow1266	-0.444228144108762	1.18363476661666	-2.86042936897195	1.83357013889917
kips1239	-0.901222775027338	1.20543013081936	-3.40254461170941	1.34796315835803
koda1255	0.703282281816045	1.17463015345648	-1.4733356498402	3.21727638008144
koho1244	0.333485435581274	1.2070329835745	-2.00412302105465	2.84805851788406
koir1240	-0.444482422090296	1.02135713939607	-2.4820137143293	1.57292180870244
koit1244	-1.24114295026058	0.976718132847076	-3.27029181924414	0.62080276481626
koko1269	-0.0564764266514832	1.00559918758937	-2.03630731662552	1.99350318335678
kolb1240	1.12307290154609	1.1192606489354	-0.997383791128667	3.48090126840359
kolc1235	0.843485574502006	1.09846535841247	-1.22652338238189	3.10837894370762
komb1274	0.0243960131914642	1.12838221886097	-2.2511191024986	2.27539269890114
komc1235	0.395950850865965	0.842504045440163	-1.23384367409228	2.0150043397061
komi1268	0.540068801430467	1.16211472123185	-1.67140718063333	2.99401285329621
komi1269	-0.679281166977898	1.17866131197224	-3.12763608172308	1.58797983570568
komi1270	-0.622443181273281	1.05931654333443	-2.79822808005202	1.39639074395433
komo1260	1.03720558414798	1.17765691678342	-1.15125031737414	3.51131948424259
kona1242	0.874481713157606	1.12977890373376	-1.2273546266211	3.30039164102824
konk1267	-0.245482089004645	1.22479687326752	-2.8068455195077	2.07871207340786
kons1243	0.20231949849967	1.08600441994896	-1.90595070140768	2.32624236447799
kony1248	-1.16579627545073	1.0715017664944	-3.37412136198456	0.818527795267811
konz1239	-0.502730383056082	1.18804360593623	-2.90531520564885	1.73623374831882
koon1244	-0.210662452725427	1.22083170683048	-2.70755753965843	2.14002147036794
koon1245	0.530892737510171	1.11448992416848	-1.69626078370278	2.73943604237867
koor1239	0.0873663881770199	1.07954698913388	-2.01243131125149	2.19351824063247
kore1280	0.259260871839017	1.19215298300629	-2.056427406973	2.71645184573097
kork1243	0.103638395140461	1.2336286527707	-2.3250360570697	2.5014046645617
koro1298	-0.390935120543119	1.1170440392476	-2.70268027856744	1.69683670210139
koro1313	-1.29603896816135	1.07620363232284	-3.50350217295346	0.721334660503867
kosa1249	0.235392153979917	1.14602308870529	-1.99410962895456	2.55174126900903
kota1263	0.932693280663503	1.13501689017987	-1.1826904565929	3.25176150987759
koti1238	-0.139084480486564	1.21242094407249	-2.5583557184797	2.23008724656494
kove1237	-1.43071412239877	1.02268108633642	-3.53588046889153	0.467631487002342
koya1251	-0.736556839635243	1.14480851977687	-3.07638396293659	1.460725500587
koyr1240	0.243878691468057	1.27212270129447	-2.19678902693292	2.86241011957957
koys1242	0.463936216765508	1.145772160652	-1.74203418029926	2.75963881002671
kryt1240	1.21379770310349	1.13431683823638	-0.953209515543815	3.59266370791133
kuan1247	-0.183594380538678	1.18920931745596	-2.63174751906266	2.11708663725889
kuan1248	0.0616218027326538	0.970265459953203	-1.86214273604678	1.97424644253607
kuii1252	0.0233186606816808	1.05988035791337	-2.03892938542979	2.12989545952627
kuik1246	0.0545631018837074	1.01545276012836	-1.92731830251827	2.05970632892251
kuku1273	0.459513001442908	1.19900133277357	-1.83065721023841	2.89765678915984
kuku1280	0.502843912222705	1.16290213825278	-1.69095079282733	2.92340646903297
kulo1237	0.496382617719458	1.03179006399987	-1.47024457449981	2.67489763309496
kuma1276	0.829056247983759	1.11195941466721	-1.21697701570755	3.24039780054429
kuma1280	1.15753126819339	1.05908015378967	-0.823872522868634	3.40507251324891
kumb1268	-0.768535256752675	1.18960453058243	-3.24199376202133	1.47789352765594
kumz1235	-0.230817116637829	1.20287854456144	-2.67386736584551	2.11649230861078
kuna1268	-0.466343867136676	1.22185422529058	-2.96395042863655	1.87360134174635
kunb1251	-1.56272346867914	1.18846932535003	-3.99964112975975	0.612503165246648
kuni1267	-1.31485744463464	0.951244406489555	-3.28331362040762	0.457971974767843
kunj1245	0.409956933989638	1.18873453578435	-1.85598673816708	2.94825059138927
kuot1243	0.507283515660741	0.945309000446137	-1.3140573975205	2.44945097153962
kusa1251	-1.79578045095395	0.996444267829871	-3.8360160711104	0.0292233780754235
kusu1250	-0.00204137401745171	1.11487965764459	-2.20135601089933	2.21418989674271
kute1248	1.03810989391577	0.953248738393212	-0.720127680501908	3.02831302323228
kute1249	0.551330917053795	1.15939104014795	-1.63399654564263	2.93015215053967
kuvi1243	0.083284348520509	1.08327197683017	-2.02298278473403	2.23038771067687
kuyy1240	0.242092381552083	1.2489688996071	-2.18395725657095	2.82420475152936
kwai1243	1.11692830598367	1.07526667054842	-0.828628958030687	3.4211426343512
kwam1252	-0.848999614387808	0.885095530379819	-2.63608612609909	0.843796565380186
kwar1239	1.10973184285133	1.06549420132385	-0.826454010948558	3.34503989975461
kwaz1243	0.556435249500154	1.15748927728357	-1.62380117481918	2.9515916405279
kweg1241	0.536557625007296	1.10579307466477	-1.57051534616223	2.7894165381787
kwin1241	-0.386103200728204	1.21946622406312	-2.8857542974664	1.95998150699485
kwom1262	0.190384192493669	1.04869098551346	-1.86648368823349	2.29021477372691
kxoe1243	0.334675983319366	1.18522790497488	-1.96531723597868	2.76297312451616
kyer1238	-0.143896187892996	1.04343182842171	-2.20811680007442	1.90486566269871
laal1242	0.0383493582733127	1.11705457125769	-2.18112055100443	2.29807405731301
labu1248	-0.281008259335013	0.836235450392629	-1.91891655798633	1.37983851226066
labu1249	0.688022129271576	1.18237065709504	-1.45965366374171	3.16781036933936
lach1248	0.295318586738845	1.18754184723801	-1.95971374716486	2.72740771825159
lafo1243	-0.324558173211175	1.20326633639166	-2.78013219310079	1.99256863498457
lagw1237	0.255903864470881	0.966364543984659	-1.63155450400146	2.13336433114299
lahu1252	0.457654771367863	1.14406755614467	-1.73058569420548	2.852541629694
lahu1253	0.414206736702017	1.18772295024593	-1.837867024526	2.85675244298164
laiy1246	0.487049774717328	1.13852451160415	-1.64567902372268	2.83493723641963
lakk1252	-0.992082529919973	1.1997223797962	-3.45496885505161	1.20672671633123
lala1268	-1.3921088262015	0.972580876213056	-3.39596741264146	0.426394027517866
lama1277	0.881358461345199	1.15621195439806	-1.22751371315564	3.29505199616341
lamb1269	-0.161151526780829	1.24182606235435	-2.71650567446493	2.24583049984802
lamb1272	-0.268868286373287	1.23511320003416	-2.74829750487605	2.04285956178567
lamk1238	-0.088669024626926	1.05998626446487	-2.14499335915397	2.05915653959119
land1256	-0.571375965521372	1.19372830654182	-3.06022471347909	1.68960689370682
lang1320	-0.554162346096707	1.19434534042041	-3.06834073559337	1.66553417798156
lang1324	-0.386593456463187	1.19094597108182	-2.88729274361424	1.94899528608426
lara1258	-0.467353137076619	1.16467981940963	-2.86587522350135	1.82064359990517
lash1243	0.321558398681211	1.22405785204904	-2.04339363615333	2.90994073362112
latv1249	-0.372635227679032	1.22432388377563	-2.91526223369565	1.97651053907364
lauu1247	1.02372979255028	1.07165466573364	-0.891969114130116	3.28612104159293
lave1248	0.351412851434382	1.2026411144746	-2.03913492299796	2.84042276885991
lave1249	0.371921398178175	1.1976841670008	-1.96608499390436	2.79455835898551
lavu1241	-0.0781996307381317	1.05420069692442	-2.2230307586071	1.98658875300794
lazz1240	0.132793755969921	1.24430363983989	-2.35993724233549	2.60408866990257
lega1250	-0.069302232506052	1.24251987827654	-2.64244869661069	2.29051859515965
lele1270	0.727837820058432	1.07279561141149	-1.25259808901428	3.00532894314097
lele1276	1.59842947805979	1.05653457483282	-0.350060750629582	3.81118864798847
lemb1266	1.1279677551487	1.06238204673097	-0.873957459228584	3.34792234085602
leme1238	-0.0390134073541803	0.978200010620404	-1.9692490570634	1.90939819954364
lena1238	-1.05821700121437	0.886377000300679	-2.8487362775444	0.623882094745548
lend1245	0.479239586717846	1.08425423097762	-1.54091058576642	2.70217314289164
leng1259	1.01806552151857	1.07890747546682	-0.958094406026576	3.36716748918332
lepc1244	-0.571423968773907	1.06885986017134	-2.67474415042186	1.51556958686623
lese1243	-0.686493530392003	1.04996667114983	-2.90476228650535	1.29519402375022
leti1246	0.615704467518606	1.14191071874028	-1.52302103309598	2.98424113470671
lewo1242	0.161259335814074	0.90006185076036	-1.58371575324153	1.99213805515176
lewo1244	0.866956494898495	1.15932291627655	-1.296550667594	3.29081507806914
lezg1247	0.689593609228669	1.13581398983546	-1.45032497266923	3.02563786525953
lian1251	-0.466212864520171	1.04774798073595	-2.54537831501192	1.58050120326361
libi1244	-0.196699703649043	1.10816917404619	-2.41693308970683	1.93512210486268
liby1240	-0.0429819442626498	1.2446861032117	-2.57980318270571	2.3990781835724
lihi1237	0.673608846055004	1.07698723238175	-1.30722606192429	2.97173726244673
liji1238	0.987876722001505	1.11017079273016	-1.08910007223513	3.354982907769
lika1243	0.116306315000324	1.08919185240396	-2.01434427896198	2.24878670174641
liki1240	-0.279717246174564	1.12066786182283	-2.52096300378288	1.86396629529544
lill1248	-0.516900722096543	1.16165310709218	-2.96370852870933	1.6671894027866
limb1266	-1.04348074886244	1.02473592664109	-3.13601764886699	0.892820837168971
ling1265	-0.0469932425904741	0.762589878013739	-1.55431532800518	1.42327257544102
lipo1242	0.392168249640345	1.22327971068148	-1.90793806475911	2.88086439503308
lish1245	0.483255485828916	1.1609273983474	-1.75687206227818	2.80410049926221
lisu1250	0.382757144752163	1.19772613136569	-1.84278083118467	2.90754086732612
lith1251	-0.219854681735701	1.21912383632047	-2.72068393462876	2.08957102648441
lito1235	0.191719728976864	1.07286067827234	-1.84401951836925	2.33377123482831
litz1237	0.0955055617860065	0.770342200887028	-1.42278187254057	1.59852176175063
livv1243	-0.721586370620978	1.16720925122553	-3.17487800786098	1.45360392014888
loba1239	-0.144141329595954	1.12704752927685	-2.43841711843768	2.03350556554658
logo1259	0.706078266359859	1.1063383134991	-1.36449514652699	2.97211852544555
loka1252	1.04108302543273	1.05108912973948	-0.937252751836194	3.22272204528081
lolo1259	0.389192854594665	1.22299561249302	-1.90374028833042	2.89564201276341
lomb1257	-0.161472159849146	1.21817612401246	-2.59898241111151	2.21156936647613
loni1238	0.722401234008052	1.07256482278687	-1.25288996644504	3.04049623770434
lote1237	-0.483451959509855	0.948923754614294	-2.36707152813239	1.37680924707927
loth1237	-0.466967982101361	1.05376415292628	-2.53579369911632	1.64512260936013
lotu1250	0.780178902365647	1.13738549935379	-1.30056709651703	3.16197103523332
louu1245	0.685595875782034	1.07286255675425	-1.27543472992517	2.97917956202975
lowl1260	0.950675644114718	1.14171186149058	-1.22206621755524	3.30183951732903
lowl1265	0.194629760891327	1.0650878027702	-1.93182909639327	2.32646830635724
lozi1239	-0.318720256905412	1.23367095565849	-2.86981132407093	2.05113655334114
luan1263	0.545259437054403	1.14909509862722	-1.61125521968633	2.91114415679842
lubu1243	-0.212794994042208	0.978348828321423	-2.11385980997098	1.71699984198301
luch1239	-0.178557617254645	1.21311625529626	-2.65733863180711	2.12419514151064
ludi1246	-0.701381849641141	1.15472305958334	-3.13763274611344	1.45786570481157
lugb1240	0.756125039834316	1.10869575112915	-1.3517425911675	3.01559311526828
lugu1238	-0.340762211242151	1.25360800355251	-2.88587622752534	2.08149876933246
lule1254	0.17181710019731	1.0961671102232	-1.951575567672	2.36290695496016
lumb1249	-0.04016045262057	1.20467500607919	-2.50571699587982	2.29821336815111
lumu1239	-0.588983125383383	1.22813691796563	-3.13022057409168	1.73439768701316
lund1266	-0.133466392725306	1.19255139700997	-2.55376048461736	2.21097737390669
lund1271	0.674993928851263	1.20135543110824	-1.55413929021949	3.2441443603821
luok1236	-0.856365741132603	1.15192789641101	-3.23132485006477	1.29491284665461
luse1252	-0.360839578574991	1.19379577954239	-2.85608464950761	1.98558560372179
lush1249	0.321395341548324	1.14862157150417	-1.80489692054547	2.72298099121988
lush1252	0.275830836113153	1.13119803614992	-1.91181093879316	2.59685133654025
lusi1240	-1.8420005644635	1.03714864815515	-4.0427213683307	0.0175523198463327
luva1239	-0.190355110760568	1.22814842394674	-2.63405637325596	2.17931988846727
luya1241	-0.0566200700932251	1.20599648535643	-2.46674147240498	2.28773628764351
maan1238	0.199984422666161	1.22363638254984	-2.12043752728271	2.74250869289926
maas1239	-0.799511982775552	1.10533415325972	-3.09989426789805	1.27914826352221
maba1270	-0.38764005166347	1.20389759080688	-2.85030915575355	1.92353287825693
maba1277	-0.693741006901162	1.21019934867665	-3.18925436971991	1.57855296860056
mace1250	-0.270068324696198	1.20875294474882	-2.76867684863727	1.99983958044335
maco1239	-0.408981196459208	1.14875055970944	-2.75171120732857	1.80668842990355
mada1285	0.592016871907133	0.966264672984555	-1.2314595067131	2.60891970451519
madi1260	0.176305570199995	1.07649275428394	-1.9234203677563	2.28259483806759
madn1237	0.429231255046117	1.12534658986196	-1.71935392130136	2.69624435008485
maee1241	0.333186461373271	0.778202665345643	-1.20121820018247	1.89246238776371
maga1260	0.818591014530476	1.15919669818338	-1.34018857431646	3.20377309269614
magd1235	-0.312272948142731	1.05576021271647	-2.39150884954634	1.75328732935925
magu1243	0.213189289382883	1.05376025475811	-1.75554232435422	2.34961915412464
maia1253	0.0420282456584849	0.969044069160124	-1.88941735985131	1.93779287883969
maia1254	-0.00909601693395055	0.967671975330518	-1.96155944056947	1.87933626797947
maib1239	0.252308174817698	1.18472256315358	-2.03838532201351	2.64611791930432
mail1248	-1.40193018978344	1.04161402853833	-3.57468571195743	0.547233287404578
mais1250	-1.98811797540859	1.05347445794727	-4.17645549730021	-0.0546803616632405
mait1250	0.172843525428295	1.05127771561921	-1.91516019164047	2.2859150876937
maja1242	-0.0478644112099694	1.13489753123318	-2.28634572986688	2.23425125597231
maka1304	0.520577946066838	1.07733726169937	-1.65816818464062	2.68665064470142
makc1235	0.158392896091057	1.2356459370714	-2.30002418231711	2.65162584917314
makh1264	-0.168967563755317	1.23233017985364	-2.72082160958154	2.23187421538056
makh1266	-0.178236827434375	1.2049954479415	-2.61084690398438	2.2359445955716
mako1251	-0.215727661456108	1.20414886690592	-2.6516940165579	2.13064718596639
makw1236	-0.210015549183409	1.21145434552484	-2.72604653457129	2.12131780050196
mala1463	0.435961171802655	1.23418416827861	-1.86521353217206	2.9612448475639
mala1464	0.546064433633341	1.18145858089061	-1.65395527243651	3.02922107547579
mala1479	0.194134735561275	1.21279493533759	-2.15141092124213	2.68051950166259
mala1522	0.19352984139012	1.0167720441851	-1.7807534153108	2.22205391082226
male1284	0.534621104185916	1.06150356509621	-1.48662243825519	2.72645880611153
male1289	-1.90491408733503	0.979370209691689	-3.90836162288354	-0.10777133906614
male1297	-0.617774850955002	1.16575236186593	-3.00867277530924	1.58129889422968
malg1251	0.314677046856177	1.04396920186037	-1.71617400324683	2.36345192066335
malo1243	0.490713724540141	0.839237627218854	-1.09647509469952	2.23789087833418
malt1254	-0.100976189088322	1.23930952133262	-2.52674119066321	2.35124334273549
malu1245	0.38828097360366	0.791717646801064	-1.1635191704335	1.96527454256996
mama1275	0.366117197322217	1.1839954017621	-1.91250349951091	2.82205027057085
mamb1294	1.3550664585539	0.970319656078416	-0.415995722612439	3.40362714048455
mamb1296	-0.192279955142123	1.23773802475274	-2.64009193066949	2.14663486196538
mamb1306	0.742014224020703	1.18875039226736	-1.49541063282267	3.2571109735827
mamm1241	0.580512814608952	1.12793291279	-1.59258611624739	2.86246687452201
mamv1243	-0.0903644130999209	1.08916765267639	-2.18670612996979	2.0658361817994
mana1288	-0.232600255398191	1.08265840914419	-2.3885693812061	1.89496398333499
mana1295	-0.480346160847436	0.988840931969313	-2.46172361521446	1.41000448444309
mana1298	0.284911858811	1.06300012544445	-1.78274036065888	2.36873905883474
mand1415	0.09462097692143	1.23205440052714	-2.30782028027034	2.62357604900846
mand1436	0.095549913699554	1.13741266109747	-2.12756550398596	2.4039399878253
mand1440	0.630481516287752	1.00598397880844	-1.23208409466063	2.75635647669826
mang1378	0.392062754309993	1.16980273719788	-1.8420601048247	2.77429552165675
mang1381	-0.438452930042225	1.17373053922982	-2.8963791755379	1.79347401344449
mang1394	0.338640081926812	1.02484648542395	-1.62826740398416	2.4135240377897
mang1401	0.277332689595508	1.1873386316405	-2.01634914687962	2.74155600900764
mang1403	-0.657450984316546	0.950054252592241	-2.52303080842897	1.21856019818367
mang1404	-0.109392626921086	0.826321029147968	-1.71554586400859	1.54120446514832
mang1405	0.516393701531729	1.19865003460214	-1.78118185495698	3.06867226872132
mani1235	-0.0328475723296761	1.14323057018465	-2.31484221762138	2.22125973765403
manm1238	0.470251971655541	1.18424610127551	-1.76501382076757	2.95495728521002
mann1248	-0.568732790022864	1.16180888809397	-2.96720356509984	1.6454229187015
mans1262	0.0550063208260388	1.12210221782041	-2.08976135134	2.32989649549394
manu1258	-0.444773014039683	1.12354123840055	-2.73066543365472	1.73182813212484
maor1246	0.297104882716809	1.17771870391687	-1.93644403397637	2.72226624586095
mapo1242	-0.145629424226816	0.827068716555056	-1.76660364753265	1.49294772119581
mapu1245	0.331926449502792	1.20883154160346	-2.02462790224086	2.80529855783028
mara1378	-0.260504519099323	1.16378139606144	-2.62039254020124	1.96781389854769
mara1379	-0.423947696070946	1.020643051841	-2.46463660521567	1.58008835917911
mara1386	0.305043458379421	1.1323407411911	-1.89459414785616	2.56393987073687
mara1399	0.234951500859174	0.776835236353348	-1.29786744203099	1.77357755120357
marg1265	0.677916285325942	1.00572198136115	-1.28306279525862	2.75875711510218
mari1414	-1.15782318475814	1.21229953098865	-3.70256891348948	1.06526244195583
mari1416	-0.102613067620427	1.05705313659395	-2.14729964911572	2.04373315068772
mari1424	0.427568500061556	1.12899413460278	-1.69959170496754	2.63332411040128
mari1426	0.138643725634215	0.977849408537393	-1.78886661064007	2.11815545477955
mari1428	0.49783325438445	0.91934405068253	-1.30544821716297	2.36278509327099
mari1440	0.408778657219838	1.16530849065295	-1.80890294730944	2.7866700346091
maro1244	-1.49445432163579	0.969113535995671	-3.47259760744228	0.333716937067038
mars1254	0.247288294499704	1.1660705916264	-2.00533684380394	2.56279599442714
mart1255	-0.625785087624496	1.15381310236597	-3.03770778972595	1.56441248725505
maru1249	0.392287959441595	1.20812921382145	-1.95930229830403	2.89479558000574
masa1322	1.10995556287385	1.00881999217971	-0.802382777316019	3.17223507835914
masb1238	0.0083354383864361	1.10752696349614	-2.21831246977588	2.242102046251
mati1250	0.232268074981596	1.12030652868872	-1.89508959313028	2.57695618457158
mato1252	-0.554184489561487	0.879814369565223	-2.31573184193349	1.19017433121484
mats1244	0.46577949353256	1.19308963094724	-1.782929438585	2.9553340737723
matu1259	-0.24584290065013	1.21442246588653	-2.70181066223534	2.08031969287315
matu1261	0.30687115308979	0.972401933342657	-1.57753247768166	2.23558204401397
maun1240	-1.51427689860424	1.22822112935905	-4.08776014620776	0.682993066203556
maxa1247	0.20124663805011	1.21338409622945	-2.19657654006734	2.68825614696351
maya1285	0.58439914606597	1.14784828105097	-1.60850035754324	2.99316975341336
mayo1261	0.387768645374467	1.06411000200463	-1.65885997086549	2.5660590013544
mayo1264	-0.33320680882163	1.14767779011456	-2.75382746673276	1.81672432231933
maza1304	1.62447268736069	0.956313395836079	-0.0945011583215677	3.60602502337379
mbaa1245	-0.3887394977531	1.13852547136399	-2.68113012691088	1.7426135585373
mbal1255	-0.179189908732782	1.19704398204256	-2.6764306537819	2.15924397927005
mban1263	0.426404511353691	1.0606325964625	-1.5651083445853	2.61753209721989
mbar1260	0.33914197676808	1.01844604203653	-1.66402626049486	2.29764131660852
mbay1241	1.35964296344393	1.05677044391886	-0.573308836477959	3.62139400250611
mboc1235	0.784464208095641	1.00504246239225	-1.13414580704657	2.80303357532461
mbol1247	-0.195235864910903	1.18942257159042	-2.58032077345322	2.05387392329563
mbug1242	-0.570065589703225	1.20770056370603	-3.07668759201443	1.71830438400958
mbul1263	-1.45428718249598	0.948505294679826	-3.40397495383212	0.32991815538901
mbya1239	-0.671055129243609	1.14591203974835	-3.10376232309561	1.48359043968221
meen1242	-0.157458520169541	1.09313842041079	-2.36070795471168	2.00210553488908
mehe1243	-0.145170344734777	1.02479292190923	-2.22337049081777	1.879394410357
meke1243	-1.31656847966974	0.95491951863007	-3.25632795590674	0.459351049323511
melo1242	0.150372551305648	1.07062535907612	-1.95958116022699	2.30177961763587
melp1238	1.29704919048964	1.07998928310531	-0.663488112695103	3.50049842181238
mend1266	0.584276013621304	1.15108984297733	-1.59766921512859	2.93508180148385
mere1242	0.370079481814905	0.897680139656814	-1.3354225142891	2.19574710063777
meru1245	-0.430767877801028	1.19315314276285	-2.86890063662751	1.87286105229646
mesc1238	0.412723969934128	1.22538133591363	-1.90025155189553	2.96785970581936
meta1238	0.370139686175963	0.94686404479176	-1.47901875188311	2.21032005508334
mezo1235	-0.63409571717742	1.07982298621296	-2.79642008043189	1.44206127552381
mezq1235	0.0216008820530859	1.11901541230136	-2.18789662942283	2.30392080929708
midd1327	0.0650436065527214	0.870407881134825	-1.6120632869414	1.84700116633719
mids1243	0.154073771959552	1.08792356990664	-1.96032737525464	2.37590593680067
miga1249	-0.423039326254891	1.16149540538391	-2.83850599101172	1.84773421727507
miju1243	0.0367062479308434	1.15998425084382	-2.21341890180946	2.38598571982538
mika1239	-0.724897430777376	1.2015420545979	-3.21274686871867	1.49816172618764
mikm1235	-0.442552854754966	1.1537279841766	-2.88264123072711	1.70985430675143
mila1245	-0.166030180319484	1.18292127364473	-2.50371192441208	2.22168007394019
mina1268	0.225010355252088	1.24037443792059	-2.13628839026314	2.84621111040628
mina1276	1.69787238627138	0.961631929315749	-0.0578071182773298	3.63119124911718
mini1251	0.0618741659501455	0.976134375804921	-1.89068815413584	1.97426806651766
mini1256	0.450280373650345	1.21110459604783	-1.84705361250741	2.90851772569936
minn1241	0.163097793873317	1.23389116111728	-2.24903823702861	2.65610212871962
misi1243	-0.0524744499640277	1.13501648387772	-2.3135838805937	2.19768718936584
misk1235	0.715098788951352	1.16586124803877	-1.44454621939371	3.20320444209661
mixt1426	0.871335793881026	1.07130512657557	-1.16813717000243	3.11082825087195
miya1259	0.161036426859724	1.23469977506249	-2.19041809513988	2.60792217082531
miya1266	-0.0579795865837189	1.06369526977371	-2.16067004376998	2.04327308360075
mlab1235	0.213770865245351	1.2053517806196	-2.12259045829478	2.64272390480807
moba1244	0.820895827741775	1.10887426118158	-1.32557076968439	3.07588942308263
moch1257	0.984139625841479	1.05722139030149	-0.990415160335717	3.15449511689504
moco1246	-0.53545576590776	1.1821965821345	-2.98630558723078	1.69293474547492
mode1248	-0.193718402441128	1.22754907697237	-2.73908302712406	2.11364446681748
moii1235	-0.17330203720942	1.15905197862738	-2.52650756814371	2.10678065656661
moke1242	0.219493017527339	1.19264958021792	-2.04996371990447	2.68006972341211
moki1238	-0.763730365944944	1.16083351242075	-3.17915283048852	1.3974689472368
mokl1243	0.258167252493312	1.20192515305269	-2.04818517393222	2.69621677027396
mokp1239	0.895686542593347	1.04770872384105	-1.06052657179716	3.04539884889123
moks1248	0.531650614859063	1.16938818340652	-1.71967633539628	2.9880855926249
mong1338	-0.177687401505965	1.21564976198201	-2.63842525372538	2.20806135658825
moni1237	0.50039179397158	1.16694933708611	-1.65751629348098	2.85867346824972
mono1270	-0.0503294526613972	1.00316037631299	-1.98327642898653	1.93395979193273
mono1273	-0.867113163064573	1.07722306971399	-3.05376419714555	1.17115074769765
mono1275	0.411359403036631	1.10617939840645	-1.69363160806481	2.63577447755555
morm1235	0.226583157958171	1.11389924974198	-1.84894076849681	2.50417549971018
moro1285	-0.595050228929491	1.22839683424917	-3.14857950760854	1.71190962286571
mort1237	0.105022850150395	1.14852345589232	-2.10040432417742	2.4002495736455
mose1249	-0.500391282687025	1.13242128128533	-2.73192533016589	1.69120915392115
motl1237	-0.200982535115335	0.991700496014451	-2.17557211808558	1.74941857039146
motu1246	-1.33712392199118	0.939656147427697	-3.23954372268121	0.419578672916091
moun1252	-1.32078037837684	0.932155178493523	-3.20993190159902	0.471568105164647
movi1243	0.580949172593452	1.12906966385833	-1.58200013273728	2.92363619112285
mpad1242	-0.278656489737021	1.11661262100589	-2.50610568772586	1.8262938544156
mpii1239	0.185268991856948	1.22865655600847	-2.17511076700291	2.71808655150855
mpot1240	-0.202371191700303	1.22442206678677	-2.64452803579498	2.16390673898964
mpur1239	0.405890493931174	1.18625863194165	-1.83755037156897	2.86670356043152
mual1241	0.215853282188282	1.13299630354556	-1.96444841091933	2.54263163082651
mudu1239	0.886521382309157	1.14135942337429	-1.29610012628614	3.296174034846
mudu1242	-0.686341510237023	1.04519535780423	-2.77174099436413	1.3608714942686
mull1237	0.0927935997796418	1.11379553673755	-2.05942885737411	2.2867891483926
munc1235	0.26113223397384	1.20326277704268	-2.09826397623215	2.66980520205627
mund1320	0.0858345324489916	1.28117751985092	-2.4246199722478	2.66407601939732
mund1325	1.0404243149851	0.930543923928164	-0.70011302120577	2.92222411245606
mund1328	0.496216821095335	0.813295140164271	-1.05616164267481	2.09207597952212
murl1244	0.0382924352602983	1.15692543953094	-2.28087222326067	2.38818047613579
muru1266	-0.729635562424689	1.18065059781925	-3.16088524519262	1.46605333277384
musa1266	0.788281453955713	0.985784300772922	-1.0996440017666	2.79040849891235
musg1254	0.506352525225643	1.00201452134304	-1.44903261518818	2.49732944288124
muso1238	-0.444001241640619	0.848306178067888	-2.12109743910953	1.22900750077282
muyu1244	0.0311110658097787	1.17775947966862	-2.28483088334779	2.45425225633123
mwag1236	0.717594099601248	1.05457802447141	-1.29903369856194	2.85828744276665
mwan1247	-0.181383251800031	1.2160281423674	-2.58149799028948	2.20294165044993
mwan1250	0.399754315995459	1.09751823372036	-1.63396968861503	2.7099103154156
mwer1248	-0.233195889836474	1.20039207689438	-2.67313693417571	2.10930331296524
naka1262	-0.384880227459829	0.959891904070788	-2.27809968942528	1.55476188641572
nali1244	0.541292093554579	0.965789112409445	-1.26818521782366	2.55552278877959
nama1264	0.485688958369892	1.23485328474127	-1.8332494254594	3.10963089985962
namb1293	-0.058339886950087	1.1430497502963	-2.33481276720696	2.16871833301293
namu1246	0.311975292642604	1.21845325761662	-2.08289271678637	2.83585042638137
nana1257	0.215803769247977	1.2037209465816	-2.10494282483531	2.67600167686718
nand1266	-0.924459737529143	1.20169925783262	-3.50309655184003	1.29732380969354
nang1262	-0.384272614206679	1.07288866573972	-2.48816055534357	1.68939530681424
nara1262	-0.465947232734607	1.23373016392412	-3.00037208473633	1.7986096302592
naro1251	0.515796582852263	1.16281339374699	-1.68891099320908	2.97342036925047
naru1238	0.348627088642317	1.14028616691466	-1.76925094437257	2.71772098036876
nati1244	-0.210867625038191	0.792804415879599	-1.7953751962725	1.32036774446775
naue1237	0.721839027460327	1.16770835051222	-1.48275489553987	3.20187533364941
naur1243	0.241980807307734	1.1641642669503	-1.99320540852815	2.58917607961315
nava1243	0.58567428489974	1.16916209984728	-1.62631307697005	2.99240803481591
nawu1242	1.04738820764528	1.17602503739835	-1.13937681002583	3.5566439259215
naxi1245	0.409985895972731	1.21061103240435	-1.91405147262593	2.91836206317044
ncan1245	0.567398423999928	0.839293871906349	-1.06375676169234	2.20765963283748
ndam1239	-0.290949324783715	1.20828632262108	-2.75276337148419	1.99111342057647
ndam1251	0.177096539752627	1.11196875250993	-2.0370284946453	2.41275216428724
nden1248	-0.265730105433743	1.2343301990179	-2.7339730908147	2.13671864719073
ndob1238	-0.376817042783853	1.13916473210363	-2.69719525980677	1.79760553103024
ndog1248	0.0604376214666055	1.08595968025014	-2.07791386717645	2.26836199353911
ndom1245	0.49057462317323	1.1592913679101	-1.765439539675	2.84745096141594
negi1245	0.554288781846571	1.17730509977893	-1.64508522313867	3.03060710618189
neha1247	-0.168288705291738	1.05069764994521	-2.24531539284763	1.91222976202299
nend1239	0.745579655400722	0.995220224505635	-1.14304616404726	2.76451104949244
nene1249	-0.642026097186223	1.14913672315295	-2.99627603035994	1.50566222399174
neng1238	0.4908634931301	1.15188595258215	-1.63725674191949	2.81625292234461
nenn1238	-0.0676975043041148	1.12402631601164	-2.34935824732932	2.07236856429495
nepa1254	-0.156292907804488	0.99850871828671	-2.10752164654149	1.77454321734108
nese1235	0.398021915611814	0.792531720370684	-1.13637430668748	1.97251305665325
newa1246	-0.400621348813067	1.02094512068375	-2.4622244056676	1.58100228527998
nezp1238	-0.396960883059252	1.14945802282203	-2.78999815840812	1.81491854382108
ngab1239	0.434049813826567	1.11254940406039	-1.66128705970365	2.77818502395328
ngal1292	-0.117480836047003	1.13610384435484	-2.39830886084264	2.14419437417145
ngam1268	1.53069773584711	1.07771911907486	-0.386766110875861	3.76900547748497
ngan1291	-0.612382222202025	1.16583917117472	-3.10305620979142	1.62982667977306
ngar1235	0.600012022125314	1.14842720347082	-1.51273697643961	3.02701081811494
ngar1283	-0.824039926683769	1.19416421801329	-3.31758533657062	1.42532129822847
ngar1284	-0.3374208453067	1.20089177367801	-2.81331482292343	1.96070847791025
ngas1240	1.1057341044014	1.05026727715342	-0.871471646162172	3.26291091952289
ngba1284	0.691020916581611	1.13120748891766	-1.41210431077997	3.08330478959272
ngba1285	0.471061518049069	1.07674819793918	-1.56830721271717	2.68023660547228
ngeq1245	0.365303927011302	1.2133182918854	-1.94411039930145	2.86870381205295
ngit1239	-0.484339021502952	1.06232291759388	-2.69438223061767	1.5056019030416
ngom1268	-0.331671383061403	1.18552613101619	-2.71197900319738	1.97231910611572
nhan1238	0.342515677034946	1.17393350187558	-1.91249918678425	2.669144558121
nige1253	-0.14577438698653	1.04980430824662	-2.25317325293955	1.90784165379802
niha1238	0.232344551604482	1.2182240275845	-2.13588030399913	2.70333791437667
nila1242	-0.45482226086768	1.20143719197879	-2.96438448499703	1.79271397171064
nisg1240	-0.765823094384264	1.16506184829653	-3.17782323951857	1.44307793073806
niua1240	0.198325974916178	1.12803227346969	-1.96400484384675	2.54857725468743
niva1238	0.280188217546625	1.22483393528347	-2.06146904863457	2.76021207141919
njan1240	0.702158215829366	0.992860194045909	-1.19470764342806	2.70050739974986
noct1238	-1.21985611151562	1.09224717535553	-3.4822798057353	0.849127886881141
noku1237	0.275991584021181	1.00596605566226	-1.68917919280724	2.33649415345623
noon1242	0.00276150333114903	1.1660690945954	-2.36242933171242	2.26804347811387
noon1243	0.544702291865722	0.858517285658759	-1.11159751717931	2.21085720141697
nopa1235	0.750648030655645	1.05535240159888	-1.26022861315031	2.88114926035062
nort2671	-0.508947806371663	1.15191859252362	-2.86383594720273	1.67081551826664
nort2684	0.195543460329419	1.24326508470869	-2.26926711803755	2.69828209819675
nort2690	0.0507753481391895	1.25409377413482	-2.40818021710914	2.57455459904806
nort2697	-0.149742160947138	1.21786595616982	-2.54238684619275	2.1829371438992
nort2699	-0.0846242335456931	1.17115342028676	-2.34568881633467	2.25729578180366
nort2702	-1.34545304536611	1.14410426521793	-3.75214855125556	0.774310583244649
nort2722	0.293639840575879	1.2104731180068	-2.03134001180679	2.77436921765625
nort2723	0.324411138054245	1.23209783044754	-2.05847365578931	2.8315596455996
nort2724	0.430675346027393	1.21544196384418	-1.82197967087446	2.93032651923632
nort2732	0.13156043605887	1.23379852875573	-2.2882390222458	2.59557139025235
nort2745	0.392374422045004	1.22012073265141	-1.9373108893861	2.8537346101777
nort2747	0.155805836137103	1.26398625537746	-2.27121259627966	2.73172480915024
nort2774	-0.804587211815505	1.13126197162507	-3.13525645002826	1.28760657218286
nort2775	0.927845595904295	1.16315988281704	-1.1515458044844	3.37602173814337
nort2839	0.0994002610012478	0.815807250428282	-1.47886311421173	1.73500814681652
nort2845	0.260659309442609	1.15386925190682	-1.96870456336121	2.62410308785057
nort2847	-1.09995377037562	0.898407522689483	-2.9295488011466	0.571196473710815
nort2877	-0.259344507506113	0.955379301447901	-2.16996656269478	1.62597896852363
nort2885	0.0874645550960306	1.18231001476654	-2.19118629876053	2.43682693560734
nort2930	0.682805007402074	1.12149073744169	-1.50044259100897	2.97735535622118
nort2938	0.383835311109331	1.17819282145432	-1.88300492160344	2.76180700911894
nort2942	0.330984767552437	1.16364109094235	-1.88326338452706	2.69749098405956
nort2954	-0.496337468670753	1.10714235731799	-2.75192292626889	1.60399365278802
nort2957	-1.50953389417373	1.09390017322303	-3.83870064138513	0.455395037765541
nort2959	0.387984511887856	1.11890867733484	-1.73960025085625	2.68046792208812
nort2961	0.69365846623046	1.16402371854631	-1.48739161815996	3.06467983028927
nort2972	0.530333379167676	1.12965714708163	-1.6165499150266	2.88878136742838
nort2980	0.148182211156871	1.12252897232207	-1.97346856980129	2.46761922530399
nort2994	0.368844516648133	1.20677501006293	-1.95708470273302	2.83422754312987
nort3047	1.40866320988681	0.994788520601884	-0.472230625349873	3.4635168663907
nort3139	-0.152340407013268	1.20340150028562	-2.6146165353252	2.1633337542784
nots1237	0.538211557626785	0.938503473356733	-1.27471933682187	2.46634977809007
nsen1242	-0.133426347910016	1.25299145923087	-2.66398113986847	2.29814074710772
nucl1235	-0.126765854969242	1.21022850438753	-2.56578264727064	2.23807473086548
nucl1240	1.23304130167817	1.07059771719999	-0.714805070253666	3.46741552942264
nucl1301	0.0535140001744536	1.24191746538243	-2.44258944709967	2.51381008380743
nucl1302	-0.278811358957194	1.21809569373656	-2.70570851778105	2.10775699530351
nucl1305	0.454512994387685	1.22171946251249	-1.89651467238086	2.94944137415164
nucl1310	0.315286731448532	1.19885305844301	-1.98177350043569	2.77270886811896
nucl1327	-0.883398761054888	1.20949880942258	-3.48076056040756	1.42481560213116
nucl1347	0.863284772133195	1.19268604298263	-1.3380552773974	3.33007470669324
nucl1417	1.22051147579881	1.05298556394198	-0.728126008648272	3.44119143116104
nucl1452	0.385046268996606	1.14168546225075	-1.77944793350968	2.68498664911162
nucl1458	-0.299378751840887	0.965470643331927	-2.32551090408779	1.52822211836252
nucl1593	0.362522614855315	1.03552545152918	-1.66318878749176	2.49214241320061
nucl1595	-0.300883140229372	1.03000217764097	-2.40930565848145	1.72453657176889
nucl1622	-0.384013971408631	1.19047020928055	-2.86370725966911	1.84563825038215
nucl1630	-1.74508384369448	0.959162542048111	-3.72505411805685	0.0572998125119394
nucl1632	0.482656151678837	1.13710004837269	-1.6698970243218	2.8672205916764
nucl1633	0.394266268052706	1.13759938103918	-1.72092950665872	2.77137178474673
nucl1643	0.0784963403094286	1.23462053088897	-2.30691718568623	2.59521334808352
nucl1706	-0.0799635651248159	1.20667236310773	-2.52970836352138	2.26420611159391
nukn1238	-0.650655890543172	0.866337332297667	-2.39983225125962	1.0636871182119
nuku1260	-0.90036333714969	1.14086908057486	-3.29578999874459	1.20789917406997
nung1282	0.33153324048271	1.17502968783191	-1.90010346798762	2.80275330134693
nupe1254	0.740946344495908	1.12728284755571	-1.32527983809553	3.09479994495915
nusu1239	0.373364655511417	1.20580507971698	-1.9257819276188	2.94871745539952
nyah1249	0.363235622557763	1.19398932208317	-1.90441920425005	2.82212494906494
nyah1250	0.0953611338172629	1.23910584092364	-2.36781400904853	2.61271391661367
nyak1260	-0.3046171921524	1.22723963829916	-2.76301131602109	2.05461350551557
nyal1250	-0.125081333264851	1.07093648092833	-2.28203619329277	1.95673197503511
nyal1254	0.594627216068408	1.15204040394857	-1.54569615290053	3.06237202803885
nyam1285	1.23147793053686	1.04737820306101	-0.709385146991443	3.44409684023346
nyan1307	-0.344511171118375	1.24775508292123	-2.90256407534399	2.06452575597548
nyat1246	-0.443804692989483	1.22540244402499	-2.94490892592065	1.8652941387288
nyis1236	-0.209265864036417	1.10665204579615	-2.38676245560495	2.00773251953737
nyor1246	-0.289190100056383	1.21705378953838	-2.79713982211686	2.04762365892061
nzad1234	-0.181891259219829	1.22732921293911	-2.74180367948832	2.23769355904661
nzak1246	0.947576286289129	1.02601074339721	-0.946722865304781	3.04360204052391
nzak1247	-0.447156332954809	1.0624922604466	-2.64780599689422	1.64983886786861
obok1239	-0.202870039543612	1.0849430193995	-2.40369913183493	1.9565594151489
occi1239	-0.118757726647257	1.24134878947427	-2.64434307809417	2.33369262749272
ocot1244	0.13102611725086	1.01888386334143	-1.9270289978623	2.17660968554616
ofay1240	0.197177307684421	1.19597971311483	-2.19596394154101	2.58908255737062
okin1246	0.140587690309286	1.25485829498188	-2.31215300438142	2.69892496945889
oksa1245	0.867622640912717	1.12711260143285	-1.17243076164707	3.28534555790263
okuu1243	0.505159965404432	0.862480470962526	-1.16312968533458	2.20952573739652
oloo1241	-0.0106827752591678	1.01436422492746	-2.01195469458892	2.01535467545923
olut1240	0.82368884647237	1.06467055073874	-1.11968424324429	3.0535318038292
omah1247	0.387164404342296	1.20451712756888	-1.8916002668628	2.84522353538289
omie1241	-1.87903847862716	1.00974266777247	-4.0483229039859	-0.00938241316549657
onto1237	0.20598722176131	1.14170301630619	-2.02115348115237	2.52483905234045
oriy1255	-0.164364015122533	1.15301958488975	-2.42371421551999	2.12833265718796
orma1241	-0.247823413914194	1.23238773735807	-2.78750559922899	2.15119370474254
oroc1248	0.422144067063171	1.16316330308868	-1.78632123558169	2.80560059531043
oroh1237	0.961612870796054	1.14006840026179	-1.08057707343279	3.44005880128563
orok1265	0.361095791676221	1.17377388911597	-1.8627340307343	2.71675309688639
orok1266	0.78648889562149	1.02971875709388	-1.19758700828744	2.83796028175296
orok1267	-0.00280666990882992	1.0885602254136	-2.15742997503506	2.14385370063762
orok1269	-1.79581714141032	1.02381593337001	-3.98011883729059	0.0875903935194082
orow1242	1.02568979792026	1.11288364729056	-0.982808614969958	3.43820927528326
otor1240	-0.569683346276518	1.21522020530603	-3.10961026755474	1.72537697182352
otta1242	-0.433758350808615	1.14829905252281	-2.81500431864584	1.73928495763234
owaa1237	0.516658093280212	1.18087976758719	-1.77258489400655	2.96233437401858
paaa1242	-0.254674594558989	1.05455693030593	-2.41652060488752	1.79228670664109
paas1238	-0.634348992988708	1.1280474852676	-3.00273064188913	1.54888632726417
paco1243	0.292887489282956	1.23943652828233	-2.08744144733638	2.85355138697711
pagi1243	-0.706982935836327	1.15518876995987	-3.1029939321923	1.47973660286292
pagu1249	-0.190433253867535	1.16843176673725	-2.53439680155538	2.07740426919798
pahn1237	0.270333152151684	1.18657371163652	-1.97897152248341	2.75744523942549
pait1244	0.0411309933147165	1.11725471749627	-2.11999928260266	2.37692800330906
pala1344	0.232804775019745	1.23707371190872	-2.133483827438	2.76733868223019
pamb1243	0.619899721259976	1.06176574008134	-1.4558539098643	2.79916694834548
pamo1252	0.418823706548817	1.1980980258672	-1.91263983076431	2.88212308327461
pamp1243	-0.189388943436609	1.06489357732398	-2.25173765331179	1.91714330799337
pana1307	0.309276293781953	1.19823563877578	-1.97892970589279	2.75068328839327
pang1287	-0.266663474029883	1.19881530096548	-2.72866816230587	2.07328865636524
pang1290	-0.393908505047691	1.04993844316392	-2.4793653591315	1.68645693802248
panj1256	-0.319230575713952	1.14328548846775	-2.6739296487851	1.89431313065975
pano1254	0.0570946583512502	1.16862255789483	-2.24588506575994	2.418428093382
papa1265	-1.6785764222204	1.01512166533597	-3.76411579033179	0.189487305703059
para1301	0.34228892533241	1.22072611478026	-2.04990137981686	2.86674089526902
para1302	-0.83315066357403	1.05935376523478	-3.03198373871383	1.17537073422918
pare1272	-0.657798498487804	1.1667802042069	-3.12748610581922	1.56309424762074
patp1243	0.54504620968178	0.98246804243847	-1.28196432449064	2.57101390221208
patt1248	0.101119191154952	1.27664002564805	-2.46018471293131	2.67909639101541
paul1238	-0.838323201633448	1.1368257136019	-3.17746527265244	1.29260200182951
pawa1255	0.952144118611381	1.08191587272984	-1.08501715647448	3.12877752512218
payn1244	0.65147723383972	0.989140695213437	-1.21378096103079	2.65915658094538
pech1241	0.65429912835119	1.18084470589737	-1.51223725756691	3.10785680268819
peer1241	0.797092169697937	1.01602876227274	-1.14747354974341	2.85693531886726
pela1242	0.300346226091048	1.17572147849425	-1.96366808769763	2.72697854160156
pemo1248	-0.793505828928872	1.17225416301118	-3.24316109969861	1.36137831694439
pend1242	0.457373377640272	1.17727295857357	-1.72742171208584	2.93623209091111
peng1244	0.0585055571637001	1.06447599087693	-1.96094980599165	2.16052689780087
penr1237	0.28620131436554	1.20488786108265	-1.9745579877961	2.81752022696546
peri1253	0.250146178585361	1.20329793266698	-2.03524876302742	2.68971200434796
phai1238	0.237763293471477	1.20509234293602	-2.09971461499565	2.71900986928078
pila1245	-0.526220322971389	1.18099141924852	-2.98421017230066	1.66721534755172
pile1238	0.0313832792440861	1.043999868792	-1.97533465114624	2.14713789338387
pima1248	0.57987767344988	1.12408572164905	-1.51547120888197	2.88955690096126
pina1252	1.15138478328238	1.05555800925004	-0.792465918798279	3.35789035037167
ping1243	-0.170207362177369	1.15163078087734	-2.42552799779405	2.15494085045502
pipi1250	-0.791338522493987	1.11262972986355	-3.11075073289791	1.28104517099977
pite1240	-0.23347385431312	1.118158191566	-2.5122210096437	1.98075441249305
plai1258	-0.357595185044647	1.17775716883806	-2.77178086574681	1.87968838645532
pnar1238	-0.716533782678101	1.13402105091756	-3.03545543408838	1.43717767727756
pohn1238	-0.0269371727117443	1.14636050862254	-2.27340822313313	2.30307674819604
poko1263	-0.761761505903566	1.22054205802639	-3.31513371795604	1.52336437826243
poli1260	-0.114949138610096	1.22419378395355	-2.63659928448722	2.33774590079015
popt1235	0.57308070937089	1.05425307960888	-1.44202483107596	2.78324955359176
port1283	-0.102868636357923	1.21980508219559	-2.56127830775398	2.28463089729268
port1285	-0.278102401902306	0.787891115023732	-1.81936499957058	1.22672860234452
puka1242	0.307047530927025	1.17888339551178	-1.94988374418905	2.74676575306998
pula1262	-0.26277552934424	1.16920969664486	-2.61141737927685	2.04359292205883
pula1263	-0.0769980360315833	1.16828147709136	-2.46424954495717	2.24589050268797
pulu1242	-0.923259930018658	1.17256510480187	-3.34940093579096	1.28967020879817
puma1239	-0.779562588662378	0.976429195713329	-2.78103825795457	1.10362115715084
pume1238	0.270050464706255	1.18868054712151	-1.99530381325793	2.70921719348005
pure1242	-0.432165491126433	1.16851563863291	-2.83788523689255	1.82211273563003
puri1258	-0.0477696832463468	1.1774893518738	-2.30893422413983	2.2501052208845
qawa1238	0.40434035074535	1.15687474428246	-1.7910424651241	2.76082099476417
quer1236	0.197041414987195	1.12964868801648	-1.94981665785851	2.56650724299456
quio1240	-0.445688631563651	1.02634122269628	-2.51935146937038	1.50980467667383
rabh1238	-0.425155091124233	1.0748954428428	-2.58531700280228	1.65840711638382
rade1240	0.461804855445791	1.18396197143313	-1.77616011976093	2.88849736224607
rama1270	-0.0357967849490559	1.09428955362187	-2.19589317512082	2.10625877986974
rapa1245	0.278593301585457	1.19172301737876	-1.9838061449986	2.69288007727267
raro1241	0.268965443318948	1.14565964941261	-1.95717620018412	2.63582103712434
rata1244	0.244232695734769	1.18378903682987	-1.99268445004299	2.65503967803976
raut1239	0.138615613875555	1.21287858500607	-2.22604993473091	2.6069585708335
reja1241	0.406245691651547	1.18124154491878	-1.85827830881412	2.84314113696645
remo1247	0.0165731298968143	1.09635948455821	-2.08884120245385	2.28957304378022
reng1252	0.397491048413747	1.20711995395936	-1.95670885835808	2.88197769429129
rere1240	-0.192519342531354	0.763282372228675	-1.71993208017654	1.2778224990107
reye1240	-0.0304007801809507	1.14530431418719	-2.34161579672669	2.27668824060712
rian1263	0.348528361254708	1.18696790499614	-1.97112915038672	2.73857033579629
roma1326	-0.161333245145666	1.20210573675749	-2.55217314434206	2.21553789575335
romb1245	0.0574283096968524	1.10138463961125	-2.06541533411236	2.30467563067045
rong1264	0.231420348821272	1.22414695086806	-2.08035692363706	2.67607796669192
rong1266	-0.407420175843057	1.04389542136355	-2.52018305531334	1.60853491369238
roto1249	-1.66239166251196	1.00388854034871	-3.72420047894562	0.16070060732941
rotu1241	-0.965744197714845	1.15950014861117	-3.37113596483024	1.20587202765762
rovi1238	-1.84956115032453	0.980622744664531	-3.82564110719376	-0.0447185969563398
ruch1235	0.276464960018204	1.22982320481496	-2.11664359273145	2.74627668782733
ruka1240	-0.233301942937933	1.06949141902014	-2.33032509513632	1.8946496403745
ruma1248	0.224472694483232	1.20035371517449	-2.12496952346063	2.66716985679031
rung1258	0.551628761317116	1.21063166896369	-1.73737406834314	3.0320010000574
rung1259	0.645591792550841	1.1609797665067	-1.52227016691419	3.09515485895924
russ1263	-0.121527795854219	1.20871721556999	-2.618390579968	2.23163180740778
russ1264	-0.9729603769334	1.21551890603681	-3.48926400994757	1.32116887196561
rutu1240	-0.159383114641659	1.16787091622175	-2.51419701312736	2.13839624728085
saaa1240	0.997341454492237	1.14640853269972	-1.06450764973886	3.48803036416086
saaa1241	0.137013322556506	0.845444877512882	-1.51554837646273	1.84969213412291
saar1237	0.155559317943196	1.03231933485305	-1.84919730797366	2.22138683043187
saba1267	0.740046331777649	1.17267160974013	-1.44995748773271	3.24766162244555
saba1268	0.778042707590598	1.14030696517162	-1.36709445577319	3.16944061194796
sabu1255	0.528587265562784	1.16996066257722	-1.68669135238801	2.96455875772759
saga1262	-0.374009553276081	1.21192272351061	-2.80676289471446	1.99433819500309
sais1237	0.584410565739113	1.12892112847981	-1.62526015645006	2.89801641964722
saka1289	0.166843327071872	0.924677166363667	-1.66876829249055	2.04034852470043
saka1291	0.172879668046268	1.23734400637962	-2.2746045619262	2.7372408389941
saki1247	0.574585016239711	1.10082757876964	-1.47138603785792	2.87521936078705
saki1248	-0.0894344511884766	1.14003272797152	-2.38979931642613	2.1383293225212
samb1305	1.46037251726631	1.02827964851005	-0.461290399785724	3.57654462242453
samb1311	1.42423073069957	1.02553056103757	-0.531172196537265	3.50017709067466
samo1305	-0.934501494226929	1.1454991851834	-3.34812530352961	1.27863305112455
sana1295	-0.0547420685609691	1.23824961019858	-2.58155376747848	2.42526961280895
sanb1242	-0.85074480046673	1.11381278237414	-3.11230758766494	1.2333064070692
sand1278	0.749716341118251	1.15665644619286	-1.43622508990228	3.16328354456129
sang1330	-0.274481312122856	1.18117617661699	-2.64559982902379	2.01435830882823
sang1331	-0.133387114847124	1.20111970988615	-2.54688716812354	2.17952945581087
sani1269	0.339042858336064	1.22692260419935	-2.025719756959	2.88607099047417
sanj1284	0.061042584439205	1.002510345703	-1.91617794089649	2.04351645517737
sanm1295	-0.0921770804741253	1.03751209234653	-2.14522802903324	1.99306392068077
sanm1301	-1.12230550943498	1.10985028091576	-3.45813529121055	0.970458537989098
sant1436	-0.0164302031810157	1.06069440174778	-2.08208764374196	2.09190906042679
sant1451	0.942724662318723	1.09654413791801	-1.10353580368078	3.21361734594006
sapo1253	-1.33454388954261	0.951822050993067	-3.26308644547343	0.430853724349104
sapu1248	0.374975742429924	1.19193094350419	-1.90167593164601	2.86564723874539
sara1321	0.804435430686298	1.13652263851189	-1.26617683938911	3.15757649751838
sara1327	0.109909582597189	1.1396754704461	-2.06818563236085	2.38226021854284
sars1236	0.465933265944153	1.17393859523859	-1.78406095140389	2.88394575103103
sasa1249	0.277702052951384	1.2391558770511	-2.04446585801173	2.8331950453453
sata1237	0.134111887362178	1.14891978788853	-2.12689413142279	2.50930980634077
saur1249	-0.874490131604993	1.18573911782287	-3.28791795410048	1.32692938086946
savo1255	0.753440372045807	1.0252920037675	-1.18638828971643	2.86679804975595
saya1246	0.893107389082361	1.06563449986462	-1.08644314167503	3.10894821584818
seda1262	0.366845929748727	1.22573655367621	-1.99044392494389	2.84939980557109
seim1238	0.292368022316049	1.18103665888947	-1.97945276129487	2.70676682488168
seke1241	0.122485976529694	0.843368464345787	-1.51161195628647	1.83444586722469
sekp1241	1.55509335844436	1.06548540634862	-0.375862793310209	3.78222257990977
sela1259	-0.957561752898082	1.18383325479986	-3.37010688288293	1.22597517911201
sela1260	0.47953281256351	1.16512687852055	-1.69325604608571	2.92396060913396
sele1249	1.58226479324173	1.05737582468071	-0.312435226595473	3.81564882862342
selk1253	0.527293788523413	1.1540580401877	-1.67157599619679	2.86890387520286
sema1265	-0.128116707110867	1.211969635237	-2.52521290720179	2.24134613953209
sema1266	-0.473014663208175	1.1907190820279	-2.90354623479347	1.77447154802637
seme1247	0.133095103486126	1.23462313559712	-2.32254167298028	2.66754169829041
seri1257	0.229254689544202	1.19597011877795	-2.09599453532152	2.63677700722769
seve1240	-0.385370408264067	1.12366693917696	-2.70079935390118	1.7754978607694
sgaw1245	0.177153460102626	1.22794991806701	-2.2005389945001	2.69390180549973
shab1252	-0.177386136415778	1.13365299275811	-2.40276092272552	2.1228111426988
sham1280	-0.414576925211199	1.22679642158209	-2.94355734731671	1.89540963032687
shan1283	0.485705405983003	1.20421535580053	-1.828107757289	2.96092878817101
shaw1249	-0.454596003895054	1.20462186264673	-2.96945882036065	1.83904045508783
shee1238	0.126938707972496	1.25937294526697	-2.30760698944691	2.67848430904668
shek1245	-0.21448383840878	1.09236024630652	-2.35613924097869	1.92428419452503
shil1265	0.508599599636037	1.1205366570006	-1.63233628406064	2.7864348471898
ship1254	0.608260352563598	1.18270588839174	-1.58521711990566	3.06512823503484
shix1238	0.352013120462731	1.21848064771119	-1.98489999750448	2.79088436189674
shol1240	0.787018304683718	1.17511961426162	-1.4040901003092	3.23892202702702
shon1251	-0.148432875115602	1.22688424481397	-2.64325349436338	2.23138658822837
shor1247	0.0577582929078527	1.27689834205413	-2.46239721816981	2.6401894821774
shos1248	-0.70208804959397	1.15849233006734	-3.20404081671371	1.46267019705631
shua1257	0.464427955316612	1.21946282950794	-1.85309472909918	2.91679606442018
shwe1236	0.280067761793564	1.16960458498363	-1.92872659480098	2.63936484650019
siam1242	-0.511165809407028	0.938630140923823	-2.36290383493472	1.37021995124568
sich1238	0.296938041059348	1.22932360597023	-2.06589529197621	2.87715425684398
sici1248	-0.123568836949068	1.21747559976752	-2.52499483461455	2.21367694797816
sici1249	-0.277013355397577	1.02444660448539	-2.26897019280647	1.76622719931981
sida1246	0.190986342763464	1.12770392524351	-2.05647606582685	2.44175565476606
siee1239	-0.966242826734626	0.972380452458273	-2.94968332997512	0.89042486446773
sier1250	-0.303173745334803	1.02456999380194	-2.3728950460296	1.63404368377359
sika1261	0.565309214330865	1.19255922973906	-1.66774615030446	2.98967958544809
siks1238	0.723882277214302	1.17135847976049	-1.49506019528559	3.18925955975052
siku1242	0.272693850659417	1.17809793409708	-1.9519953077326	2.65871014803763
sile1255	0.508181279371985	0.967684288084907	-1.39398185480233	2.42767444914048
sina1266	-1.74794709351338	0.948791250051718	-3.65308254854395	0.0157953028768018
sing1264	-1.21750691829113	1.1230573964179	-3.52635115805797	0.891238551478833
sini1242	0.103448148785781	1.16017839502689	-2.13244467282661	2.45272486808805
sioo1240	-0.751117105730341	0.88790765749413	-2.53603717985176	0.993079777301348
siri1273	0.625113660477438	1.18662873673357	-1.56876204938396	3.08733780364161
siri1274	-0.493509399652333	1.10427081487231	-2.74815951197687	1.61832041326592
situ1238	0.316847220182225	1.16551235334018	-1.89283506771968	2.73307067971774
siwi1239	-0.205753148488109	1.17193806110776	-2.66443024991845	1.99960267380021
siwu1238	1.60538623027924	1.0681106868364	-0.315648477920405	3.86001827956956
skol1241	0.491084948579773	1.14083611530768	-1.67316755539029	2.93852819294678
slov1268	-0.111879770093655	1.22145586456142	-2.56093296800818	2.27083433757723
sobe1238	-0.382159142536165	1.04458947191816	-2.45252510123814	1.61078808820367
soch1239	-0.609698799230032	1.04588830123539	-2.76966110151085	1.38798418712593
soga1242	-0.537809255651191	1.21464579198997	-3.0617442631027	1.77372800249169
soli1239	-0.169659497624304	1.23404165744061	-2.69769416578645	2.20523140316983
soni1259	0.154897859686115	1.18130570410908	-2.15314329721978	2.55483941644017
sons1242	0.308573340996614	1.18536423109724	-1.88334286922079	2.80172250611685
sooo1254	0.243747079894827	1.23342583165617	-2.10992296627453	2.71466870805509
sora1254	0.185887554485111	1.10708525935559	-1.95240974670491	2.44020663288754
sout1528	-0.104340088170173	1.19962280500289	-2.53362911023802	2.24988942821509
sout2649	-0.192825976024252	1.19533843020892	-2.56777224105632	2.10363233473745
sout2674	0.618838080483428	1.15128327195003	-1.54501327817917	3.01319945530096
sout2679	-0.879502120395782	1.12671654422627	-3.30979418121791	1.20095554937112
sout2728	0.269270236631948	1.19721819322662	-2.03349533964691	2.69679294725573
sout2729	0.380949754630147	1.21058064759104	-1.94776422690386	2.93808341373917
sout2730	0.432276219434435	1.22301364708258	-1.84825827582174	2.9120827826365
sout2782	1.41357989054468	1.03095570792502	-0.45313338594916	3.64180107315681
sout2797	-0.738954335847463	0.910063884759467	-2.61711258617064	0.971273798519499
sout2807	-0.102072933092091	1.25553591269623	-2.68553793798096	2.3163614178871
sout2856	-0.0598987420038737	1.04465050399875	-2.09704786671129	2.03295452909797
sout2857	-0.207090890892949	0.80717437264885	-1.80124256060104	1.35824923135669
sout2859	0.113904457180778	0.829313482544449	-1.49561781606711	1.79376642508148
sout2869	-0.917957465623621	0.880627048389775	-2.71800863503561	0.770074518484655
sout2896	0.967534816174022	1.10947575824801	-1.04605347013093	3.29326954422803
sout2912	-0.535739219117432	1.07893700851982	-2.66323568312755	1.57035344760956
sout2918	0.440705179558024	1.1850870843121	-1.81802869147541	2.88850274561586
sout2954	0.115799323719728	1.26454923459219	-2.40184602532806	2.64506378512948
sout2956	0.418474622307271	1.20170733875065	-1.91208651412234	2.93654090381313
sout2959	0.324582069483945	1.16751443515551	-1.86004373580815	2.78032142031824
sout2976	0.554872838468396	1.10519717523235	-1.53494188193582	2.85659902565562
sout2985	0.520725051021396	1.16933440671076	-1.71544878922826	2.86782343928573
sout2994	0.328246425626507	1.16633519675389	-1.87425416282665	2.67797578539308
sout2996	-0.756594426400276	1.20454418113193	-3.23369414786531	1.51376732461923
sout3236	-0.0600471189522503	1.20672793015411	-2.44111636161827	2.33147894647043
sout3261	-0.38450933080159	1.17802875339577	-2.74912585437146	1.91151033289106
stan1289	-0.0433620989428499	1.21047385759152	-2.46520189342011	2.30914592728994
stan1290	-0.0780330227253253	1.19032593481073	-2.44552306372793	2.22926131988486
stan1293	-0.148918432123881	1.23467944264416	-2.72830092480673	2.28317601155472
stan1306	0.0384650977878335	1.19240418372748	-2.29896071000252	2.49353241661601
stan1318	-0.0755365589792506	1.23375466798647	-2.55795645578041	2.32099767222266
suba1238	-0.763996041330441	1.14879748840845	-3.13295464013049	1.4526086292861
sude1239	-0.521277241112683	1.10935073163669	-2.76509274001807	1.63080115736526
suku1259	-0.181509097792978	1.2246085167061	-2.69124178992266	2.18918950682618
suku1261	-0.322536474932953	1.2242780008988	-2.83623507858308	2.01667473992556
sumi1235	-0.49835666404003	1.03694599381996	-2.53511178518915	1.57243534022161
sund1252	-1.05976977058926	1.2123928881256	-3.52241554178515	1.19227698805542
sunw1242	-0.306873467053767	0.966973532515073	-2.23889757716215	1.5636498134922
supy1237	-0.354888362307014	1.10622438647103	-2.55254339351977	1.77281957087088
surg1248	0.472294588144097	1.15353967690741	-1.73208792644283	2.82629126667349
surs1246	0.448782972573345	1.02994071073018	-1.53494059634612	2.56164500058805
swah1253	-0.296243815628547	1.23312408272321	-2.784604320799	2.08661079911272
swed1254	-0.0898025213403214	1.19396297835782	-2.55609326372681	2.29437732151735
taba1263	-0.0845367374169032	1.18604914752125	-2.47579589298575	2.2370795678246
tabo1241	-0.126893200821449	1.15906334853735	-2.45119228384521	2.137800095873
tafi1243	1.22146808158441	1.04861410937832	-0.739765854112575	3.38254474611643
taga1272	-0.091675754626338	1.02252766571034	-2.07831544896764	1.95809032660666
taga1273	0.690799567988451	1.22669932849258	-1.55603887530598	3.35978341060243
tagi1241	-0.166374948219123	1.14202636617604	-2.44440165781403	2.10008550554414
tago1246	-0.426391704608182	1.23962106871411	-2.94785327419109	1.94610608361876
tagw1240	-0.467682476987593	1.11232588156235	-2.79178304703557	1.63620446219141
taha1241	-0.190764482945972	1.18681300421376	-2.58928601919693	2.09159791940672
tahi1242	-0.967128438579581	1.147790531426	-3.37759447534374	1.17297492300445
taia1239	0.0369467255260874	1.0068667932583	-1.94951995126754	2.02892503707967
taji1246	0.461872989590153	1.18183282338241	-1.78269201861257	2.92028870294087
tali1259	0.879942693577868	1.10223489052219	-1.12173425034102	3.23442424805269
tama1331	-0.448443074096332	1.26660478908751	-3.07470447648668	1.98025320010803
tama1365	-0.392056413498986	1.10440548134043	-2.71246201936291	1.65779875664739
tamb1254	0.813165943901003	1.13196881342494	-1.30356326291548	3.14683852857093
tami1289	0.441783707791816	1.18579235710412	-1.80949769220076	2.85685259578058
tane1237	0.370151263698744	1.0749057630079	-1.64549061114817	2.62558616402953
tang1336	-0.536608101463112	1.0428118143571	-2.62849469470713	1.50582879406362
tang1347	0.519802252761616	0.867726295347604	-1.09354916197212	2.33360532588313
tang1348	0.321252547613153	1.0667930224502	-1.70836465439853	2.49841976643939
tang1373	0.414734016504496	1.17728281628361	-1.8380470631661	2.902021541543
tang1377	-0.00421821986857754	1.20462464073972	-2.37659140489383	2.38813734623457
tara1313	-0.193097812674581	1.04412455442776	-2.25903227926236	1.87355677413732
tari1256	-0.751500267701191	1.09224543895883	-3.01701204375318	1.3436602427439
tari1263	-0.313833941519375	1.1649086572507	-2.70224998391585	1.94509033043223
tata1255	0.592036656239901	1.18421375908061	-1.64115951123706	3.067238864267
tata1258	0.53218758021772	1.05890995754448	-1.49990901135188	2.68557215719968
taul1251	0.0259940676867051	0.993677995000285	-1.90750017198816	1.96831715373846
taus1251	0.519082873386133	1.17049771440469	-1.68547005216664	2.88738644114635
taus1253	0.250212855303859	1.14694499855544	-1.91735930300447	2.60538194013901
tawa1286	-0.201009492951045	1.21708649308169	-2.64634783009048	2.16259646491694
tbol1240	0.246498740097746	1.0649433997332	-1.78208589492717	2.48555438972608
tean1237	0.353922738433088	1.07647010642843	-1.69275426902676	2.62960969034905
teda1241	0.544713397978813	1.20490531787713	-1.7547360180579	3.0540491516241
tedi1235	0.174133201640751	1.14488669131917	-2.09861645210547	2.47863435531833
tega1236	-0.42441311504768	1.2366356376764	-2.89071475530271	1.89631635547468
teke1275	-0.0496985627822554	1.20028147599408	-2.50427697630289	2.25929766964283
tekt1235	0.978878347118227	1.04684684559789	-0.981910520952972	3.17177797430097
telu1262	0.226491676414132	1.15590889817467	-2.02200721048953	2.61727980833789
temb1272	-0.324006970365587	1.18016806758592	-2.69759190620933	1.88965952437557
temi1246	-1.01254274154708	1.21707672507874	-3.46365172316675	1.33855398256401
temp1235	0.755276278296841	1.13617771166771	-1.36547826437872	3.12966300656576
tene1248	0.320087236630884	1.19069749728562	-1.95862397245515	2.76196284285739
teng1272	0.26366991919309	1.18342845508285	-2.00856336916691	2.71135275971602
tenn1246	-0.0422618494994696	1.16715090950449	-2.32870456683837	2.18071335172033
teop1238	-1.55434827264784	0.964993743381314	-3.52172567523356	0.238553618362582
tera1251	-0.267855604463819	1.07938817761908	-2.43631758605749	1.76571904218988
tere1279	0.23225001192539	1.14131110621388	-1.99015090154536	2.55031290965298
teri1250	-0.00137079936207711	1.06422020528963	-2.05220590998894	2.10183097348431
tern1247	0.0568746283716809	1.16647610628563	-2.16263801938461	2.3444714340635
tezo1238	-0.397160377225576	1.08212257148302	-2.48237076729508	1.71692260438864
thad1238	0.0202619254941326	1.10094372200918	-2.10127643675114	2.28842708715472
thak1245	-0.416471472667227	1.09183590539164	-2.70644894299669	1.70335049931344
than1259	-0.0482555715522491	1.11561867357141	-2.24180557982368	2.24484126881923
thao1240	0.515594416926238	1.04019503827232	-1.43418371404781	2.6474494921834
thar1283	-0.361125570497918	1.22136587847206	-2.8454429026767	2.01211946622451
thul1246	-0.828309253136689	1.01757915013822	-2.8672127690207	1.11623311439235
tibe1272	0.112131566579782	1.16280826320564	-2.13561370754742	2.4310185880968
tibe1274	0.74589374227339	0.985445719893013	-1.13686421718192	2.78998809474179
tief1242	-0.886929698699187	0.924367173385614	-2.85200400828469	0.86511393592101
tief1244	-0.852040904295788	0.948553887443507	-2.79873214195877	0.942280688970711
tien1242	-0.192634217638905	1.22619277498592	-2.69167081665632	2.19363847557803
tiga1245	0.582207526765261	1.04507374238996	-1.34675752800155	2.75434355714499
tigo1236	0.751273342317497	0.910905557318451	-0.960492841491211	2.60414251830199
tika1246	0.569806901961684	0.997911881686552	-1.38700889493881	2.55367658336694
tiko1237	0.347249118151153	1.13662786101106	-1.8723886323189	2.62355255324749
tilu1238	-0.503659938900289	0.95939690244194	-2.42821835837211	1.35231031247608
timn1235	-0.331500034911113	1.15777867619095	-2.70356480113011	1.86111269120957
timu1262	0.770309041777511	1.17139626575131	-1.40924239063568	3.25928504689186
tina1248	-0.620744653826961	1.07665443773884	-2.78824199492967	1.49038948203
tira1254	-0.514037900492928	1.19794878787137	-3.02882858150373	1.74815512303541
tiri1258	0.996407872029084	1.12652943122834	-1.04751504359335	3.38351355739249
tiru1241	0.27507756839929	1.07829152880712	-1.71965479695685	2.4915446516197
tita1241	0.65339852630456	1.09399971440553	-1.42679324814884	2.88602994541666
toab1237	0.971254432780266	1.07086396228398	-0.970969025525833	3.18209381480998
toar1246	-0.909602901630238	1.0057286643051	-2.93887269503143	1.01748885903952
toba1268	-0.767649439057817	1.17597864827149	-3.22367196490488	1.42862612689266
tobe1252	-0.160055210533058	1.1852015094303	-2.53300233790156	2.21102269659203
toda1252	0.926071859526776	1.1402202397992	-1.15633265865861	3.23481666609021
toho1245	-0.604987470244934	1.13150009189725	-2.92032817721663	1.53400949198653
tojo1241	-0.00534900995503063	1.06277786406963	-2.20062778788646	2.09137615044528
toke1240	0.309677743387645	1.11704637320784	-1.83238609109553	2.62469248608621
tolo1255	0.329961864139966	0.929132629956716	-1.44525812489532	2.26913157972989
toma1245	0.138987532864191	1.14531661164789	-2.08294467302336	2.39996652661954
tomb1244	0.689605507505103	1.14658282377093	-1.44446903085553	3.06565893978279
tomm1242	0.312160691165935	1.193565309467	-1.96595984455843	2.73217305478584
tond1249	0.0832172522258903	1.18896260375336	-2.22797054566692	2.48335971146971
tong1308	0.0396206031480377	1.19621784532254	-2.32487110272928	2.43913266878575
tong1318	-0.179371745308929	1.2209126323367	-2.63481796625861	2.21990320532463
tong1325	-0.934383397747722	1.17331709032489	-3.34924654899207	1.26103410661623
toor1238	-0.466593702187943	1.17058033237835	-2.90548814553067	1.84063585456871
tosk1239	-0.255859247088398	1.200050151694	-2.72226340787044	2.09803910007738
tote1238	-0.140771052087894	1.17684789303686	-2.54529532113672	2.18425702335301
toto1302	-0.34724719874776	1.13138218834171	-2.53324832911553	1.86037207973486
trio1238	0.515174658071876	1.16665893678321	-1.68455545743366	3.01202006335851
trum1247	0.229006707421772	1.07265378551234	-1.8479517085231	2.39730775768204
tsam1247	0.433754565309611	1.0667816313381	-1.66072815642888	2.56490848796359
tsat1238	0.159415002203306	1.21758512827997	-2.18030641062663	2.7013285346174
tsha1245	0.137727699662756	1.16324226833209	-2.12219051612188	2.46637401752247
tsis1238	0.034627339949239	1.08082090693188	-2.07440366094547	2.16683349041729
tsix1234	-0.752427370594195	1.20815533317708	-3.20832898206697	1.55145448270541
tsog1243	0.226352740106	1.16714255782373	-2.034528795397	2.55944898831884
tson1249	-0.136766736612801	1.22739240690925	-2.66299417049176	2.27280396905878
tswa1253	0.134478428936361	1.24257932781668	-2.35665799469089	2.57071980927304
tswa1255	-0.123866579874978	1.23322863720091	-2.65383536582188	2.27914643815542
tuba1278	0.271613112854427	1.1476948241017	-1.93911572630273	2.64401085808586
tuge1241	-0.891241558321343	1.19453830589059	-3.42354944822815	1.33548436890525
tugu1245	0.713486083444753	1.16803621443292	-1.47195604706678	3.21282143159918
tuka1248	0.396419943653905	1.19128756382247	-1.82205563506783	2.91507577146705
tuki1240	0.405742199744712	1.02114624739061	-1.57807803575236	2.43108692774599
tula1252	0.0514276196370318	0.939327332582284	-1.8347676299029	1.89681376179065
tulu1258	0.514323366152271	1.19976007964912	-1.76495763991797	3.03280932933388
tune1261	0.627759160451531	1.00652456434569	-1.34267748602155	2.67764154402528
tung1290	0.494963311854282	1.13819334385277	-1.65323368894674	2.81814695396244
tunn1238	-0.0842290132201008	1.24096058830791	-2.5695361903106	2.33126699946195
turk1303	0.150571665214788	1.26956130828518	-2.36210608160621	2.70088493647784
turk1304	0.0519705502960164	1.23753895812339	-2.3516553714267	2.52984788863781
turk1308	-0.186064862343561	1.16189410813854	-2.56238098273032	2.0850495073468
tusc1257	0.475777358816526	1.16116052057216	-1.7443118593952	2.9038618781057
tutu1241	0.420520491069363	0.854914037109528	-1.2014084449821	2.17170734489518
tuva1244	-0.955203696704763	1.13374313436535	-3.32994045564172	1.19219468244448
tuvi1240	0.064201237490769	1.27143388596853	-2.47094989925004	2.61653540129333
tuwa1243	-0.32417143708095	0.918528728770772	-2.18698204407313	1.50066875919363
tuwu1238	1.59999685005273	1.08631079882325	-0.379496471594334	3.89364850089551
ubir1237	-1.74896634065298	0.9942162128827	-3.81214613116128	0.058388019017728
udih1248	-0.841341041439408	1.19329539559075	-3.36983999321265	1.403505141158
uduk1239	0.199890688453832	1.18969119088377	-2.11078016400976	2.60856118089737
ughe1237	-1.76593797625875	0.990847703343871	-3.76063395195971	0.0947017643594389
ukra1253	-0.101691050989847	1.21859236242311	-2.57279583659597	2.22754160018992
ulch1241	0.583933513326831	1.17938328226015	-1.65986833355965	2.96406590015235
ulit1238	0.35976539225717	1.21627296547502	-1.96235282322195	2.90472909019226
ulwa1239	-0.412511548865879	1.14297379949469	-2.75026722234037	1.81766246606627
umbu1257	-0.107085739095842	1.21518413330588	-2.55094994411752	2.23479344194306
umbu1258	1.33046596632327	1.09416696225379	-0.711812377732364	3.54932311944759
umes1235	0.478704472336429	1.09129665209361	-1.60802401195007	2.78135242440131
unua1237	-0.164697332360095	0.762112103654191	-1.69948875712262	1.30295046000209
uppe1275	-1.55341765082752	1.10160071326604	-3.88169374637184	0.435564014174841
urak1238	0.21867165887509	1.20849920760985	-2.09500089104342	2.68490080979604
urar1246	-0.169253152737125	1.12369261495723	-2.46714545908838	1.98948997342938
urav1235	-0.925417368527099	1.00036389326662	-2.94891975844207	0.977002800594924
urim1252	-0.183995318149077	1.04579516536094	-2.24493410122489	1.82917822258237
urip1239	0.275679084913196	0.774050284809079	-1.23746363321085	1.802507907326
urni1239	-0.651584437247603	1.18720213987057	-3.10373812298792	1.59691333208502
utes1238	0.503932086820348	1.1628190662124	-1.68204381312247	2.97841677036055
uuuu1243	0.432765747829222	1.20635365454783	-1.91547569134494	2.89093294793995
vano1237	0.328673160438751	1.07750378202353	-1.71316199845914	2.57292251597884
veps1250	-0.653752363108915	1.13855323460732	-3.02321088919962	1.49917934599871
vera1241	0.00106043826915716	0.966082808964466	-1.91249325356704	1.9134851861385
viem1243	-0.918776416800744	1.073528009775	-3.14781364604449	1.08614534119229
voti1245	-0.99093048164377	1.14611698424553	-3.42261237402031	1.08281504671568
vunj1238	-0.421571611324961	1.20588419402656	-2.86766217266988	1.86399512433877
vure1239	-0.00337496821908539	0.963747236921578	-1.91230366195238	1.89444830923342
vwan1235	-0.3086452303224	1.19154332006078	-2.73006948488953	1.97355946351763
wadj1254	-0.121150325098953	1.1110648820014	-2.30687977486175	2.11524509361577
waga1260	0.303559170527042	1.15745987666221	-1.92865992065514	2.65734465847277
wage1238	0.0229253893741474	1.13129813763737	-2.22290450636728	2.32016332244627
waig1244	-0.11203316294236	1.12959135661496	-2.31409175798483	2.1088995493636
waim1251	-1.43130549946706	0.991514407615325	-3.49815349866471	0.39196943018014
waim1252	0.793352182898985	1.17043903482383	-1.39211055775731	3.26790538876948
waim1253	0.432288763253999	1.19406303412324	-1.85638602671851	2.91746894429237
waiw1244	0.43044804544486	1.14665730958726	-1.73703844735161	2.78213647603169
waja1259	-0.0493014426491366	0.955697271876013	-2.01898598458894	1.79918114825428
wala1266	1.11979590092591	1.07231270275322	-0.861939914981983	3.36509073114035
wall1257	-0.873829821930118	1.15004579415472	-3.25090096189259	1.32491632633134
wamb1257	-0.527847955129886	0.964551634415076	-2.4324023823898	1.32518136103577
wand1267	-0.750947097211454	1.07715682355639	-2.91495025896886	1.34539186602168
wand1278	0.682671397801514	0.982854530928652	-1.25181730051405	2.68788847260393
wanm1242	-0.827228792542481	1.15618649864473	-3.262703770698	1.29975215494016
wann1242	0.365360961397828	1.09931604169548	-1.73179202662087	2.65301080475514
waor1240	-0.401561642960266	1.15990800980598	-2.83011589170582	1.81227481545832
wara1294	0.00360058600165142	1.17591319843448	-2.33913125977934	2.35013573910734
wara1303	0.240261895089678	1.19328791430831	-2.01867787671915	2.66557294049219
ward1246	-0.512104133415223	1.18306450164148	-2.96434111413491	1.7140428525659
ware1253	0.0898757778547423	1.11142388881647	-2.0915216154447	2.32465963904603
ware1255	0.293714123282563	1.14245441873911	-1.86698006607485	2.59425138370497
wari1268	-0.725536964939369	1.14889619983161	-3.14347714997536	1.42864007430999
warj1242	-1.03312203199448	1.1571263378528	-3.40599147902014	1.1456293060058
waru1265	0.274727146307253	1.17866988087641	-1.98074750663064	2.65508878956968
wawa1246	0.557826194374133	1.03459113132588	-1.43313455131009	2.62835238099889
waya1269	0.512802110016924	1.19029347339859	-1.79996575192076	2.92870045326285
wayu1241	-0.289186671873931	0.959734206385104	-2.23381858091985	1.58704782697667
wels1247	-0.137803300772692	1.25139174648904	-2.69458659480296	2.25116685369899
weri1253	-1.0297124778413	0.95657498612421	-2.97632401077248	0.768035583805009
west2354	-0.154865078097859	1.24561114031748	-2.69887582737832	2.28828127422416
west2369	1.02126478956608	1.17553402198425	-1.15360331353117	3.50029073033269
west2386	-0.332026215981594	1.14613343732264	-2.71392656697458	1.79861142240667
west2392	0.760296425192177	1.1241268921251	-1.31707415445831	3.10464447957888
west2396	0.291831926145144	1.19865371181127	-2.00975817442919	2.75914425998932
west2397	0.231790749614259	1.21713022298058	-2.11428469788555	2.75237030009756
west2415	-0.173140536372767	1.00484979304429	-2.11801142585572	1.80095775643875
west2418	-0.0520755183492355	1.06017486112825	-2.18475715651647	2.05393987596636
west2430	0.133283867313139	1.24573157701742	-2.23934864962846	2.55673155997427
west2441	-0.816026440396741	1.16124919828273	-3.22161090253239	1.37408309057694
west2466	-0.821773698106981	0.903824377450462	-2.67593058509448	0.8654927864426
west2516	0.781231653148808	1.10846818668533	-1.25532440938173	3.15880540841767
west2519	-0.306959103420953	1.0926804435676	-2.46464847510419	1.90925922260898
west2548	0.303525687877289	1.14555950774278	-1.92397629311053	2.63425506852391
west2557	-0.795309818675625	1.13149047162152	-3.13651300223276	1.33668154951435
west2560	0.783499343593144	1.14346169785558	-1.34608606058146	3.1741265480198
west2594	-0.601478220127724	1.12455131123642	-2.91565681163285	1.52563681734034
west2600	0.0158489528367126	1.15359208327914	-2.28024180557545	2.35158333907672
west2615	0.529807816630034	1.16313331556544	-1.63827622535371	3.02946946280098
west2618	0.497213996997032	1.19463162221513	-1.80024044167638	2.9787030147493
west2632	0.555083908117499	1.20482441056217	-1.71287254974827	2.99707013150469
west2635	0.773735922504132	1.04498142199093	-1.19205275643412	2.97110538392602
west2644	0.642875766071227	1.04566790519646	-1.37084135089748	2.78995509107955
west2650	0.263327390627937	1.22094286850215	-2.10416393963002	2.72700767982085
west2763	-0.146600118690386	1.22089983373983	-2.61083524245942	2.21264627074819
west2778	0.108662686616867	1.0488683377672	-1.97380412068085	2.19446052987897
whit1269	-0.986405615327274	0.882602548041249	-2.81532962475538	0.703140743833497
wikm1247	0.502745198881384	1.16096783997236	-1.69705742180842	2.9214980783236
wiru1244	1.32456048632554	1.10563666845689	-0.692165941547425	3.57284362430026
woii1237	0.164189160477099	1.12339825242718	-1.94053351879242	2.38882491802814
wola1242	0.443976426310142	1.10334002684461	-1.67021355599165	2.64041782387161
wola1253	0.0799272313168705	1.19965234638933	-2.35515731883961	2.45692668502967
woli1241	0.409069304089179	1.18768785039646	-1.77780208202339	2.84131688458649
wood1236	-0.465918665050555	1.14416599282549	-2.84117484393422	1.67548378243863
wotu1240	0.418635331250346	1.17228081072443	-1.86653418748507	2.91918573585685
woun1238	-0.622548844349894	1.0927529610025	-2.86417984147121	1.44567452490066
wuch1236	0.0892767611063855	1.21391017140596	-2.28716860871637	2.49196229547447
wudi1238	0.33776491643931	1.2248746887801	-2.03042863128973	2.81468021165017
wuna1249	-0.429502802829862	1.24486259440367	-2.9668630713257	1.95536729076979
wusa1235	0.320953576780727	1.22768584088822	-2.08308236039704	2.88682481865217
wutu1241	0.437757418464315	1.18340654058052	-1.8074712150293	2.88079927158325
wuvu1239	0.285770630195496	1.16739770645457	-1.93689368101225	2.72647817179275
xamt1239	-0.0442633316713043	1.21601777776272	-2.47331965824318	2.33489299398914
xara1244	1.0136630557457	1.12434838832288	-1.07435538500212	3.46440499979459
xava1240	0.15029880367573	1.1939834004668	-2.16587365607671	2.59956273895117
xhos1239	-0.112605103119299	1.25471859628836	-2.58555106633888	2.33925718441216
xish1235	0.412658669014005	1.23410663880352	-1.99677887709569	2.91532942967389
xokl1240	0.11317840767278	1.16969522269703	-2.14136053022604	2.50375929856088
yaak1241	-0.555749043989257	1.22415834937074	-3.08576143370648	1.84331309660506
yaey1239	0.247289800865397	1.25851955845431	-2.19674636200124	2.87587419910742
yagu1244	0.478242146416323	1.19084128860658	-1.73977070922347	2.86199795024505
yaka1269	-0.195806228040882	1.20972178254049	-2.66037089697566	2.16295230608214
yaka1272	0.314680775555253	1.16688483246854	-1.92910415952046	2.62365712542994
yaka1277	-0.00158736233221937	1.11962458580202	-2.15191212685149	2.29076081367485
yaki1237	-0.253229802290255	1.19342625009694	-2.68392524752789	2.09291121813784
yakk1236	-0.945061575812002	1.02711934180367	-3.03456902417433	1.01474234087266
yaku1245	0.0730728510573675	1.23755152269253	-2.32984116994488	2.52027615843711
yale1246	0.366958856439208	1.03277303922307	-1.67268166095095	2.43113519024897
yama1264	0.377963868715134	1.19744247664053	-1.90358710015094	2.82702842994903
yami1254	0.0390569196459423	1.16322587445088	-2.20607800305493	2.35397617751474
yami1256	0.117907932937642	1.1619006672765	-2.07261751128236	2.49075085218187
yano1261	0.327900669553205	1.1792033814632	-1.99076683296756	2.75813195167594
yaoo1241	-0.12709501348396	1.23442882940291	-2.69222266709712	2.2656631617775
yaou1238	0.454818502960365	1.15633176008675	-1.71611188615607	2.82492880707309
yape1248	0.341272381800602	1.16996133795092	-1.87233989271306	2.76100035943032
yapu1240	-0.19687556039053	1.03441926659466	-2.27900323478598	1.78746975280261
yaqu1251	-0.476091684847595	1.09674948803787	-2.72190071413904	1.61127047156174
yare1248	-1.96372942204578	1.0319013598794	-4.09199662447102	-0.0734065053199863
yasa1242	0.645667299794446	1.15159303727271	-1.56993596614941	2.96861611507195
yatz1235	0.172592566342221	1.00728142425473	-1.77338334811284	2.21108016519534
yaul1241	0.787679283637444	1.02430089336832	-1.13744114697783	2.92295724428535
yaum1237	-0.524440499455038	0.868493445507714	-2.31584341597532	1.16524137175716
yawu1244	0.340475335337805	1.21758209065701	-1.96801318191321	2.79836233813444
yecu1235	-1.23440742697873	1.18384304193176	-3.70062983338655	0.910846642023037
yele1255	-0.221844333666733	1.14843927829277	-2.53148302797146	2.02507914316402
yems1235	0.23444469097673	1.13889045553315	-2.01355781989691	2.49802753340469
yidi1250	0.435446624001595	1.18417785749419	-1.78990041377184	2.78484897539263
yind1247	-0.194088475310611	1.11502432719967	-2.47179565874437	2.05427309246502
yoga1237	0.0129711291818325	0.974785833815191	-1.89896689416096	2.01269056443339
yoku1256	-0.144873532953559	1.15488727272942	-2.49142555081233	2.13155094609147
yona1241	0.336677951556457	1.24300046387563	-2.06618967018949	2.94084388900589
yong1270	0.37065970534871	1.2116997788026	-1.92089645987073	2.91047025303169
yong1280	0.274679075558108	1.10976087921346	-1.86643806413879	2.54735869924801
youl1235	0.477786600787617	1.1807967633768	-1.75682967093002	2.9347053898773
youn1235	0.152497350906507	1.22571800915124	-2.25305449318518	2.60470698949393
yuca1254	-0.549776795925489	1.17222641107602	-2.97664979862389	1.66675069652781
yuch1247	0.390704278457791	1.21701166834721	-1.90874173338812	2.87928908104477
yuec1235	0.167365038590958	1.18333464747949	-2.11292698109803	2.58938732037177
yulu1243	-0.549316842068857	1.16567609302439	-2.97657495976426	1.70504311511546
yura1255	0.498573277670635	1.18267106309429	-1.71458348273944	3.02027984246843
zaba1237	-0.820745687223679	1.04832214158641	-2.94735426966851	1.14932524608928
zaca1241	-1.55355006984779	1.09468234166422	-3.88650470916955	0.424152670293016
zaca1242	0.715786128044004	1.06680197075651	-1.29237778181534	2.89834935823805
zagh1240	-0.584271724211803	1.19214976506959	-3.08580494313244	1.68371429118961
zaiw1241	0.333084300580825	1.17075659426942	-1.92382300864856	2.73391018641276
zakh1243	-0.0575214861563606	1.15367728814712	-2.29121034981805	2.24437528732453
zamb1245	-0.381999096502825	1.1581031293018	-2.82308390842322	1.83343099982009
zand1248	-0.118735851006214	1.08205578954338	-2.31794434948139	1.99385000778322
zani1235	0.300749860710927	1.03289596024843	-1.70189112561174	2.3684505230124
zarm1239	0.151853974056461	1.25548751049331	-2.25106156746287	2.69649029284025
zaye1235	0.276781528922705	1.21805298469857	-2.06522008526156	2.71474866157143
zays1235	0.470751300353712	1.06329226643788	-1.56424556344675	2.5703076831841
zeme1240	-0.495613790440293	1.03324013467425	-2.53358819698783	1.52816213007376
zhab1238	0.260875958723338	1.21648798007862	-2.09135841218575	2.73229893290966
zigu1244	-0.354414122603577	1.24709646130627	-2.91913835805922	2.05889011458849
zinz1238	-0.293116348119309	1.24504408142043	-2.91807944543287	2.10741487144699
zoog1238	0.118725601180127	1.00367968939162	-1.84135354184738	2.1116786433774
