Estimate	Est.Error	Q2.5	Q97.5
abad1241	-0.97883548545273	1.65292457793404	-4.61844330086495	2.0850165252821
abar1238	-2.15857245704163	1.61606583384641	-5.84465058133173	0.489554913078539
abau1245	-1.05144272203795	1.51039375942499	-4.36566780565604	1.68158840277823
abee1242	-0.256742894636744	1.74381307252391	-3.93474560996103	3.13167569176342
abkh1244	0.525695530268895	1.69291530229014	-2.74849573519535	4.10209008152751
abua1245	-0.500978646993858	1.52066155922142	-3.71420749964441	2.46608181582269
abui1241	-0.534621199111688	1.6859264024748	-4.24293292852412	2.59051521189248
abun1252	-0.61904637737719	1.6684600229346	-4.22805382340112	2.52332571889495
acha1249	-0.24186220940887	1.65890898400593	-3.65424130699616	3.06635875896145
acha1250	-0.300045994231836	1.69156034225581	-3.82619590569881	2.99277982569621
ache1245	0.725869360014467	1.74549258638064	-2.53376685000714	4.53975679324542
ache1246	-0.807802527706496	1.53707197735609	-4.18783717434318	1.98295887640707
achi1256	1.3029280159419	1.71390886830992	-1.65643290163051	5.1179737850774
achi1257	-0.118595391603861	1.69810120778024	-3.76580213380354	3.18540914335752
achu1248	-0.410013859284278	1.68810254955482	-4.06658127429009	2.82284869021769
acol1236	-0.207277569426899	1.6593600751936	-3.69762815886293	3.02912559321634
adan1251	-0.509818735479922	1.68127249202154	-4.26256796175818	2.57455995831633
adon1237	-0.241841013203809	1.63444248835665	-3.69762429469335	2.9495313737103
adze1240	1.1042073189311	1.42319191787247	-1.44147127337744	4.11935729006489
aeky1238	-0.563671726520855	1.54098852488976	-3.83109543268399	2.34985278763017
afar1241	-0.282904041401388	1.63046403349874	-3.76801413235779	2.92835511535092
aghe1239	-2.13406773396169	1.62202569868195	-5.89932935840868	0.46557524211362
aghu1255	-1.46471614850052	1.70183694582243	-5.20355860375792	1.42488405298724
agob1244	1.93159418264641	1.8094730023678	-1.08965614464316	5.87530306058795
agua1253	-0.349378658388615	1.70725898792679	-3.93315486367975	3.05422415711388
agus1235	0.546905064077146	1.46640482212209	-2.30139642918639	3.61254415458602
agut1237	-0.411781720103277	1.55205018599645	-3.73180811915543	2.47441459405563
aheu1239	-0.132972844178541	1.75743581862557	-3.75427422920532	3.36433400206207
ahin1234	1.47558087343678	1.4999723962127	-1.166515334333	4.72085453216173
aika1237	-0.190806781889831	1.44497614599751	-3.17242267860528	2.64284024263635
aime1238	-0.406739737372049	1.57373515453875	-3.78971538920019	2.57885654991408
ainu1240	0.508859518092464	1.7698036275773	-2.91033548700247	4.2643335436285
aito1238	-0.746604070843964	1.6994313252525	-4.35566211580886	2.49308929379736
ajab1235	-0.359465623413873	1.657378118962	-3.88726204538976	2.86528138063223
ajas1235	-0.188798558245856	1.72424804620201	-3.74836760538173	3.36986220481204
ajie1238	-0.290434803752418	1.6279255321565	-3.68203780494685	2.96493974262783
akei1237	-0.461783916291616	1.53221926446511	-3.74906273692387	2.38749383435259
akha1245	-0.43521666177563	1.6591779001178	-4.0819952530471	2.74795215531779
akoo1248	-1.29843373074807	1.53718083102493	-4.64311284718131	1.3985712843573
akun1241	-0.35960913482784	1.42227205384135	-3.38659917224594	2.39826200050398
alab1237	0.259361786456265	1.64295595235459	-3.00662339295477	3.75498298578487
alab1254	-0.642562820201271	1.60070358388179	-4.14812102464482	2.33782026582228
alac1244	-0.00488714803732856	1.59428116213524	-3.24025852757166	3.30281283618806
alag1248	1.4815007697343	1.55712545462906	-1.14147851624555	4.8811248072676
alam1246	-0.53333648706372	1.41656571441801	-3.47437359232921	2.1779769116033
alba1269	1.32707021180692	1.60771650001855	-1.52533340073627	4.85478453372805
aleu1260	-0.293100064734763	1.66095241931776	-3.80883502661596	2.87159609894749
alor1247	-0.473380940801368	1.66121771512958	-4.0362025698271	2.60449171763345
aluk1238	-0.14567831694807	1.6801485710137	-3.67943400073575	3.23578318394106
alya1239	-0.104775603452002	1.7311972094653	-3.65371488439915	3.35029558116035
amah1246	-0.462464610883489	1.67759185692452	-3.97704587122856	2.68963912180004
amam1246	-0.161403762189023	1.4602027862312	-3.22748312759423	2.64987375448523
amap1240	-0.639188129692879	1.43427534584773	-3.60572851993535	2.14879856874199
amar1272	-0.0146916251647521	1.50843309523846	-3.16023780113884	2.94032245985384
amas1236	0.176553495248898	1.75155223442714	-3.35433478690158	3.77199324186142
ambu1247	-0.373621310144823	1.507938224718	-3.49053916076607	2.60646805183539
amdo1237	0.112239055091214	1.68691394981333	-3.35232984659543	3.42572983542453
amha1245	-0.416041640282377	1.66809171691463	-3.89260035484061	2.83204331231367
amii1238	-0.181908669550072	1.62578325054636	-3.55224795957067	3.07026391970959
amri1238	-0.586077377499552	1.65878961708446	-4.14056458016502	2.6218862473632
anei1239	0.698477327785548	1.57890855638493	-2.35658945795292	4.03953082488542
anem1249	0.178580777975472	1.51059811042151	-2.87405186931587	3.21967348021019
anfi1235	-0.407808075735724	1.69958056029508	-4.03683697100569	2.80384812524918
anga1288	-0.889660555320947	1.47336442223565	-4.07938566867948	1.89302323007539
anga1290	0.731391905051382	1.43940278451303	-2.08111804115799	3.68961227123634
ango1257	-0.686505624258665	1.5397608127669	-4.07128665844413	2.17231322343438
anuf1239	-0.312692364441172	1.66790497431226	-3.77441391587463	2.8837014806262
anut1237	-0.0715933959354043	1.73515845842302	-3.57576171266569	3.53849071393266
anuu1241	0.301833458659311	1.54197837881276	-2.81972515284646	3.44959900360537
aona1235	-0.923678884577136	1.57626148518013	-4.29315721290973	2.03989399909475
aoua1234	-0.101840463143889	1.70608746973411	-3.55791671474952	3.37119051677207
apat1240	-0.834553441472335	1.6748013795101	-4.54443643968435	2.27737797196948
apin1244	0.875767997135872	1.6273037611134	-2.08489975324008	4.43532284069856
apma1240	-0.340247067869003	1.51868998658762	-3.56234011820225	2.52183769577554
apma1241	-1.24486678259827	1.50257656091959	-4.55860307636975	1.37835810753672
apur1254	0.523262779826582	1.53716377580555	-2.44964018401729	3.67337259269213
arak1252	-0.50743141838838	1.51354326898474	-3.72063494786189	2.35263059387881
aram1253	1.23305331423534	1.72966183079584	-1.84229181871919	5.12455745225915
arao1248	-0.656835695474609	1.63838340760779	-4.20975259939662	2.39144281928563
arap1274	-1.06697698668072	1.59184798729562	-4.60704693515382	1.81788094686259
araw1273	-0.753864599813987	1.56986780570465	-4.04475411741667	2.10987966550643
araw1276	0.031684273850329	1.56962409268425	-3.18056009175045	3.21636243381112
arbo1245	-0.225388284365513	1.55849638087422	-3.55978856604053	2.81860299241658
arch1244	0.958645134665679	1.65644693654029	-2.08891326747164	4.59779803547868
area1240	-0.351234794315615	1.63902744389729	-3.92867903633216	2.73437755400112
aree1239	-0.206444262569377	1.5309123863607	-3.40027908749699	2.84483742363329
argo1244	-0.355924346823056	1.68587339702464	-3.91795262540183	2.9660494506248
arhu1242	2.03598321228236	1.70458266839418	-0.776104449426117	5.81505557426993
arig1246	-0.988843053511238	1.60160687965499	-4.51916075630854	1.83054723183738
arom1237	-0.14768215335343	1.69371150921455	-3.66146015399195	3.19311986338741
arop1242	-0.947045256319615	1.58585279619622	-4.3518205834886	1.94319079097239
arop1243	0.180252396126826	1.47982731928609	-2.82283941392601	3.24445389446045
aros1241	-0.239109748003563	1.66876636405857	-3.71467708350265	3.03184721191955
arta1239	0.791353804501894	1.47264586772786	-1.93686270041969	3.90392721181097
asha1243	-0.23939792984587	1.6468838051611	-3.60137184955465	2.92081850107021
ashe1272	0.667078531470708	1.58357978296042	-2.33210783701252	3.94086916729273
asoa1238	0.0318992421005359	1.63651013926241	-3.34659064381828	3.27105208619985
assi1247	0.303734056746457	1.65747684506433	-2.88967326078042	3.81513623988885
asur1254	-0.0610521780182973	1.74663633156084	-3.64475174982448	3.49989464062237
asut1235	-0.638252020620376	1.41996041380418	-3.67666776977501	2.04849070083876
atam1240	1.47885175498876	1.55204266586939	-1.15430909226568	4.97456090808907
atay1247	-0.421963572478651	1.62909146832902	-3.86382862436558	2.75704202894712
athp1241	2.04032796883738	1.59952941633612	-0.564844630192098	5.66239289489822
aton1241	-0.333983796544775	1.68877875836391	-4.06603077847762	2.96008381474895
aulu1238	-0.219250304234751	1.43438313714912	-3.16934341654007	2.50706353766657
auuu1241	-1.01056019742773	1.52964881426882	-4.37503468906273	1.75014792763199
auye1238	0.816463124988652	1.51042839263084	-1.9842530234036	3.99952882292894
avac1239	0.808353839207721	1.6005770227338	-2.0417428770157	4.29190826433237
avat1244	-0.448628784556032	1.6283951618059	-3.98500075369347	2.77109530953756
awac1239	-0.273792205826461	1.65649812654258	-3.80045648915133	2.98577430516824
awad1243	-0.413453264100454	1.64424585123523	-3.77397624773245	2.84362768146365
awad1244	0.511507709319077	1.39826034506278	-2.27137931125127	3.38197366243186
awar1248	1.08331521372169	1.39274739625948	-1.46095927755931	4.09008791324789
awar1249	-0.897844939522586	1.49184949566831	-4.06497324171536	1.77905687845446
awet1244	0.690936337631689	1.46068477964632	-2.0359056604158	3.86655662918022
awji1241	-0.246999338683775	1.64097006146226	-3.71125616437881	2.91610677971195
awtu1239	-1.07266536126177	1.53366467835481	-4.46595807332475	1.70263464119221
axam1237	-0.106132064344282	1.43823407451245	-3.0286796868052	2.70271253502244
axiy1235	-0.301162175605733	1.65802473154398	-3.81672176167151	2.88675314857448
ayac1239	-0.230068472979036	1.69295155243714	-3.8386184880758	3.12730758151603
ayiw1239	-0.212201229300585	1.65623232095483	-3.71708651986299	3.0586299949295
azha1235	-0.292220295906841	1.62987684183995	-3.81536148666191	2.84604869029669
baba1264	-2.18892530623955	1.63269329319808	-5.79051633949853	0.477230813437701
baba1266	-2.16016929732067	1.64063362154815	-5.82577197737826	0.519437316414549
baba1268	-0.140714798149347	1.64257331829134	-3.43761586448703	3.04549551605482
babi1235	-0.0839514789874885	1.60975672719021	-3.39779147081413	3.2554246790249
bada1257	-0.142327579124592	1.6923770834528	-3.62312811800983	3.23028432322431
bafi1243	-1.61598749386335	1.38336407386991	-4.58895964102989	0.76631939245232
bafu1246	-2.14197103254021	1.63163386239375	-5.79215981742899	0.511589393551126
baga1272	0.944105886952947	1.54803860717729	-1.86830361376246	4.24208301446668
baga1273	0.341108833539121	1.56243131568822	-2.83000764905584	3.51925998440269
bagi1246	-0.893473799630016	1.72991270611123	-4.77370032123486	2.2163914818837
bagv1239	-0.202937042696917	1.53911608359161	-3.31024997940572	2.86717292019815
baha1259	1.23897852315096	1.61034183341632	-1.51527288053177	4.87073446887758
bahi1252	0.867648839196026	1.3830845866657	-1.71676024480101	3.80758119249012
bahn1262	-0.262041295554156	1.69843088032428	-3.76432126049843	3.04970596474392
baim1244	0.380469945990876	1.68139565102592	-3.00734111513485	3.70329925340124
baka1272	-0.971361009006887	1.73818752368734	-4.84911253246565	2.20867268888654
baka1274	-0.249082107565388	1.66388184601463	-3.83388066440799	3.00194585292615
baki1244	0.329426534024538	1.47456344553748	-2.66899680085278	3.313725884772
bala1311	-0.121094811041323	1.67581699559398	-3.57523039896756	3.22850227515955
bala1315	-0.160477361962022	1.749645588847	-3.74687200779092	3.29718421044402
bala1316	-0.230399916341736	1.64418048527773	-3.66989059945826	3.01432305152517
bali1278	-0.131761091884209	1.7021729465369	-3.69150520917294	3.14937487344122
balo1261	0.0330174421634584	1.42782669570619	-2.7852900175319	2.97756760537455
balu1257	-0.14771440645748	1.67737097840621	-3.69801494568923	3.11277724585965
bamb1269	-0.309259414862167	1.67706552482232	-3.80638796614681	2.88880027720012
bamb1270	1.84968746816183	1.75589471451776	-1.1197563235692	5.62342188067208
bamu1253	-1.93096233345233	1.61042615737553	-5.47678411138443	0.811760337316106
bamw1238	-0.307250194377212	1.4356583906637	-3.22872548982382	2.5321955663509
band1340	-0.420191322294825	1.54379030421383	-3.78509516908372	2.54727920142268
band1344	-0.129266437832709	1.73129169834926	-3.75027277601304	3.24245884527711
bang1354	0.155115654219385	1.5801048469564	-2.97985929409596	3.55952892887103
bang1363	-0.335352636385139	1.69786335181681	-3.87611996151632	3.01877833167695
bang1369	-0.66068976795469	1.65530160398037	-4.21433335463616	2.5087176802713
bani1255	-0.889278877838799	1.65990272087126	-4.49249142843195	2.16441725129455
bann1247	-0.767717847222431	1.64493742974525	-4.47563391473405	2.16726868245282
bant1281	1.91882962752536	1.54882332522905	-0.657750084248594	5.31787577641236
bant1288	-0.183121313895139	1.54682957134582	-3.38545554202024	2.80032004633706
bara1357	-0.556017944363766	1.58993342146194	-3.99669846101488	2.40219928775425
bara1361	-0.121064970140397	1.6856132185028	-3.65053565064046	3.18904641954135
bara1369	-0.0378078319886125	1.76058886374233	-3.64355813754698	3.50134115482274
bara1370	-0.243255673641305	1.72021519742837	-3.8561746675418	3.1176924861991
bard1255	-0.490013572496316	1.72163490080625	-4.08835603686746	2.84331629479934
bare1276	-1.05788390756223	1.64480483266166	-4.70977789621439	1.92108762041626
barg1252	-0.103227427896009	1.45000067558407	-3.18958012489633	2.72691780335343
bari1286	0.0103479124011349	1.51266742028712	-3.23351254717098	2.93947985381874
baro1253	-0.197448254815901	1.55983026188211	-3.42761711161471	2.81102867546767
basa1282	-0.843561405130051	1.63457660689098	-4.49292426762119	2.22610954599148
bash1264	-0.00764770664786085	1.76043738288339	-3.627459292193	3.57225380562511
basq1248	0.498198717714583	1.73575272525544	-2.88498133751232	4.21394534257468
bata1289	-0.0803023019342717	1.66541894016185	-3.42474456667226	3.22068211453571
bata1293	-0.120555130183977	1.6638374567218	-3.63298433812978	3.1571069925182
bats1242	-0.770412700232009	1.54992844378886	-4.1070697958433	2.16319609084435
baur1253	-0.364270285584702	1.63645283735065	-3.84370729752567	2.88427835744247
bauz1241	-0.288250071636145	1.56957142911922	-3.60753764869427	2.6578853964916
bayb1234	2.1833972284491	1.76963016891261	-0.666112066018878	6.12688740777996
bayo1255	-0.498138546964295	1.56800175770125	-3.85724264886387	2.45525967423332
bebe1248	-1.07483548371706	1.58782316062336	-4.43898924106595	1.8281874119381
beel1236	-0.839392379480685	1.6561258365345	-4.39520328285099	2.16115280863464
beem1239	0.446320224331299	1.60515453706082	-2.63500467369602	3.84302550434931
beja1238	-0.221243404926293	1.66890753085162	-3.71378586476272	3.07203169733829
beka1241	-0.162331064620182	1.74466416237647	-3.83066896055755	3.30022671332789
bekw1241	-1.25294254928235	1.62760027353684	-4.84475104135148	1.51467787682095
bekw1242	-1.05708074949263	1.68057281895842	-4.87620841835085	1.88147282219663
bela1254	-0.0444539548064526	1.73046073886741	-3.70155836429331	3.43170005296798
bela1256	-0.326637597138179	1.7292520040812	-3.95026132745075	3.00717639767724
bela1260	-0.336522238934918	1.69414170801034	-3.93734769817812	3.01037615038879
belh1239	2.02408746856983	1.58174144847527	-0.569059032930094	5.59016680068475
beli1257	-0.239666493824191	1.65372928585915	-3.66246001450002	2.95798419815917
bell1243	-0.765017050937081	1.63126695321773	-4.39265547544506	2.18059990085816
bemb1257	0.432540546532111	1.63931281015863	-2.69581543655294	3.95347756877399
bena1262	0.90733972563344	1.66846522652019	-2.13068339611113	4.55407960512944
benc1235	-0.473841112749501	1.7357794237958	-4.28928304625735	2.81113795757641
bent1238	-0.442317411894705	1.70631074665706	-4.06737528474629	2.94409891831647
bert1248	-0.239993459391845	1.70414348256987	-3.76330276521288	3.1319171456731
bezh1248	-0.401481211740305	1.52406829508721	-3.56512658421823	2.58763215549361
bhoj1244	-0.084308034206718	1.633212960289	-3.51834239328497	3.11208817842161
biaf1240	0.481931726084113	1.56223918238381	-2.66171447395123	3.70496171740869
biak1248	0.172201846136237	1.6754931189152	-3.19095759071691	3.53734366530198
bian1252	0.372318666872567	1.38277907850879	-2.44473812023975	3.17279161083133
biao1253	-0.133103918691253	1.71751706166083	-3.76175081773414	3.32630054037492
biao1254	-0.0783161601572408	1.73393206825958	-3.66752962740984	3.48756982257265
biao1256	-0.108918471611941	1.73635538258575	-3.73252698625207	3.3718895380902
biat1246	-0.176373217058462	1.70246085056247	-3.71983643391075	3.23522764717801
bidy1244	1.31087393320303	1.65107859560659	-1.55836072849258	4.98030316733632
bier1244	0.26778337199289	1.46770761334316	-2.71252850100415	3.25300601462687
bign1238	-0.435077765792648	1.48049146953953	-3.73609170517602	2.38023927656059
biha1246	-0.303218452027631	1.65477472237707	-3.83824014254245	2.934210164102
bila1255	1.15722111781289	1.66298457172811	-1.70468938789533	4.78561898665196
bilb1241	-0.0777216459025034	1.4117706908605	-3.0326046602909	2.67100334593807
bili1260	-0.171355220316528	1.66053486774069	-3.75818706811574	3.11497905729186
bilu1245	0.0839842565308281	1.5710857914042	-2.94085462211185	3.37359122257427
bimi1240	0.296094568407132	1.39437285527236	-2.4713105765517	3.18106330768789
bina1277	-1.20804141409871	1.61360734706656	-4.83695082374657	1.68462926000908
bine1240	1.87792017272782	1.80739031065343	-1.21889564951731	5.91613796054651
bini1246	-0.657348406761782	1.6644485524404	-4.28974385515737	2.45649617315035
binu1244	0.668943668196117	1.42939130188521	-2.07572113115705	3.64795082247425
bira1253	-0.476525074520634	1.5975170792419	-3.85953484325864	2.52199659795607
birr1240	-0.175408440521991	1.70476482226354	-3.74680850810625	3.23656529073526
bisu1244	-0.368694571209422	1.67075226079349	-3.86148177149976	2.82815454495084
bitt1240	-0.38958598400274	1.68028377396976	-3.92554193557523	2.83220563876115
biwa1243	-1.11122851910382	1.46491818327455	-4.37488265919978	1.4923280307754
blab1237	-0.17646597923214	1.58652375252225	-3.48976689881772	2.93988607494211
blan1242	-0.345753776204458	1.67042788663953	-3.8687320017186	2.82485273719126
bodo1267	-0.131249073765287	1.70249252632317	-3.67449112239852	3.25394097105523
bodo1269	-0.649340089779781	1.68388462472787	-4.24437477934194	2.5297438982334
boht1238	-0.788944649647389	1.55923568052656	-4.15963803425367	2.10102445585736
boka1249	-0.494953525573724	1.67820703516726	-4.12174004693073	2.81585755534775
bola1250	0.152893649787378	1.57407006449865	-3.01776391066996	3.34231459485588
bolg1251	-0.246084648515566	1.70608127627733	-3.80465038996467	3.08871178098325
bolo1262	0.228891344994235	1.43986445523122	-2.50078355284692	3.28039240471434
boly1239	-0.199484423264815	1.71313362971603	-3.75007283891154	3.16803870390652
bomb1262	-0.419054229624993	1.41736037208855	-3.30211451701978	2.34149673968601
bomk1234	0.426677893954203	1.52196198363408	-2.53078195058347	3.50701222091479
bona1250	-0.0214002955433585	1.69383191637507	-3.57519736166812	3.34660320218061
bond1245	-0.162787123038462	1.69324039226451	-3.70286111484401	3.19012404329953
bond1247	-0.492373086345719	1.44741480139129	-3.50623429419538	2.30459730244272
bong1285	-0.2651169402849	1.6760352816336	-3.69855580327198	2.90140394870198
bong1289	-0.314828672838089	1.68101536787533	-3.95079413053781	2.87710159578629
bora1263	0.180491930178878	1.55180466868723	-2.92553709013352	3.36936495568252
bora1271	-0.0531016468451728	1.56902581898371	-3.34230344363544	3.00488582697055
bord1248	0.596165783728875	1.482030521388	-2.30455338684767	3.67517108912099
bori1243	-0.712590564693794	1.63609823866858	-4.22136936058651	2.3967754941005
boro1277	-0.31268860338468	1.71256404952417	-3.96052131760605	3.06679733000348
boro1282	0.810471424911196	1.69394786428324	-2.26254313516619	4.54228971933811
boto1242	0.154689228728638	1.57171515638805	-3.02064301813095	3.35770306486961
boun1243	-0.308877010171984	1.78595534509429	-4.02930119137895	3.13735999487807
boun1245	-1.23190283459027	1.51485857869569	-4.59978055855643	1.44007279318783
bouy1240	-0.138734458515302	1.67344325439484	-3.60080004573804	3.16424760948699
brah1256	-0.0544549368660429	1.72947889974015	-3.56549757701331	3.43989127340781
bret1244	0.000159877580662052	1.69646208021134	-3.47955379875643	3.50645975257465
bube1242	-0.584171954525311	1.49815344079433	-3.80605609064536	2.30877268254093
budu1248	-0.701808915138959	1.58198160066429	-4.04052889993981	2.27552429363134
budu1265	-0.552946650061786	1.69325426836004	-4.23006922854984	2.69751352195879
budz1238	0.427859010974852	1.60741407092598	-2.64639737333564	3.82466085200125
buga1247	-0.245910318884581	1.68649430062887	-3.81034100786151	2.94444922913637
buga1250	0.425631036827868	1.40437865901622	-2.35293892122511	3.29977881882133
bugh1239	-0.233157784841824	1.58921405887947	-3.56989970539866	2.80060406611998
bugi1244	1.07218989303929	1.61511182420969	-1.84055074903574	4.54827978050731
bugl1243	-0.917925376630187	1.68290438657445	-4.7365919815604	2.09206422186631
buhu1237	0.0257422005294353	1.58438577710157	-3.20172471234186	3.25857008261846
bujh1238	-0.620746501346574	1.57162010869102	-4.00186679175726	2.31839120681613
buki1249	-0.325616582832628	1.52508018549302	-3.48989676471512	2.72635286575343
bull1247	0.370088955441164	1.56268354073099	-2.62582264223475	3.59443769392616
bulo1242	-0.207887190666389	1.68934636809884	-3.77142612387276	3.208836623974
bulu1251	-1.26378962510599	1.63367500643811	-4.8784446838053	1.58236157024195
bumt1240	-0.47213489130905	1.6870764680516	-4.08007388232283	2.70590037645058
buna1276	-0.0760446517802353	1.61214096632401	-3.4276929600999	3.11073453935392
buna1278	-0.506519202161173	1.72422592958457	-4.19768583013146	2.72358530639249
bund1253	-0.0908606759848698	1.70881065214363	-3.55863150366346	3.32630072246331
buol1237	-0.2873989592035	1.70453313497747	-4.03263321445021	3.01355105050489
bura1267	1.15291366920583	1.76378801745666	-1.85015259089655	5.18137822016322
bura1292	-1.135392767627	1.65197166531294	-4.71766054147104	1.81755290855751
bure1242	-0.801558690301801	1.64239592789713	-4.30131389806643	2.2291226020101
burj1242	-0.311799728753335	1.63214258367757	-3.74903930778194	2.87930403596984
burm1264	-0.493435296243644	1.61309541031831	-3.99385227054074	2.49801014537507
buru1296	0.401520653805299	1.67990695039473	-2.866488825099	4.01372441932219
buru1303	-0.116369489488923	1.73968975304486	-3.52867550289275	3.34590950223248
buru1320	0.933226928923868	1.55209921635407	-1.86477283922436	4.24377317276648
busa1253	-0.545296346835543	1.68044741162148	-4.30780090261023	2.56124628992565
bush1247	0.363517666295013	1.6405701674385	-2.75148887013899	3.86347568532682
buwa1243	-1.17911143096064	1.68879348391267	-4.95480431894164	1.84831154210919
bwai1242	-0.266025888385752	1.54866066930449	-3.42679859821692	2.82447394000952
bwat1240	-0.274526837312026	1.65118473806665	-3.67069365590984	3.04181728126763
byan1241	-0.325146286619218	1.67477543263924	-3.9543587797881	2.9213663685409
caac1237	-0.246005742234568	1.62441282964117	-3.60161589209061	2.95293222722661
cabe1245	-0.976848435973387	1.60766077742066	-4.549914148795	1.91584248549825
cacu1241	-1.09540207418532	1.65198197904738	-4.73666653959834	1.79273377789454
cahu1264	1.05106813697792	1.58083190379214	-1.80196380143889	4.47232869556913
cakf1236	-0.578166426101539	1.65593646700171	-3.95397129096202	2.52282205066297
cald1236	-0.502791214151	1.63679648579072	-4.08142602207276	2.58513024928801
caml1239	1.46305599043807	1.48522372852257	-1.1414952917872	4.7115336725782
camp1261	-0.102953414098173	1.75121209722086	-3.51281770512544	3.398474344267
cams1241	0.315410064929565	1.61148705265635	-2.78615958079081	3.70856740895016
cane1242	0.881101182578326	1.60186853229966	-2.10181858825651	4.33146170497103
caom1238	-0.0864462028402417	1.73362195486605	-3.65423042946696	3.39294081350029
carn1240	-0.139947921138876	1.69407623740223	-3.66430335519243	3.27315883048844
caro1242	-0.0653480882622945	1.73777395793774	-3.63825041759539	3.42847532726754
cash1251	-0.105791944970159	1.64684935534535	-3.51406920892408	3.19250138043848
casi1235	0.571058175535411	1.50423393625179	-2.29894193419642	3.75348354684109
cavi1250	-0.501575189775307	1.61339938204508	-3.95349206800381	2.49900466266946
cayu1262	-0.954936199500963	1.61344776088956	-4.49005391780549	1.95034022782679
cebu1242	0.130287850109561	1.46218710748812	-2.89962350617627	3.11353623213257
cemu1238	-0.270262037223258	1.63184740510978	-3.7884748809664	2.89563454759072
cent1989	-0.159107244424564	1.73822152794302	-3.72278532093293	3.32680268272639
cent1990	-0.0954036512497872	1.68566103691809	-3.63756725595644	3.21659692670547
cent1992	-0.258298536209359	1.69231337890906	-3.91384623929044	3.0778478219763
cent2004	0.0410660286094286	1.60140560605012	-3.19157661401683	3.27830550440403
cent2050	-1.59756933642516	1.70200227345728	-5.40331868820958	1.31212900256322
cent2084	-0.177797635372239	1.57658085880454	-3.4750088944729	2.88504767542165
cent2087	0.802915646733071	1.54656428420697	-2.07977773535188	4.05415564488537
cent2100	-0.477665387495349	1.65795126791677	-3.98121226852248	2.67456388052882
cent2126	-0.0792055858154167	1.7029217885312	-3.52054753525138	3.31419009442348
cent2127	-0.303812284999622	1.66624130744085	-3.97911621026852	2.9095972875696
cent2131	-0.123905155442192	1.48846076770462	-3.03939785887864	2.96359352081673
cent2140	-0.872436008109912	1.64158230793391	-4.43935153384164	2.13740522185604
cent2142	-0.0920202396176455	1.63169810666567	-3.46250956155479	3.14937918518683
cent2150	-0.670369106198609	1.55663631638486	-3.96620049497591	2.27034420371991
cent2292	0.703743541209253	1.40140786954894	-1.97024281964177	3.67325414775681
cent2314	-0.135571779071489	1.74225783468888	-3.81702565048711	3.44242121963463
cent2322	0.00601453006158175	1.74703931239569	-3.48573964267291	3.59307212495851
chac1251	-0.792525248034894	1.70166960237105	-4.55599259145947	2.38121776556387
chad1249	-0.254771157290045	1.68174895121599	-3.75861607658771	3.07362480941819
chak1270	0.319367470725284	1.5810258275943	-2.88560357171168	3.53726911526519
chak1271	-0.388506775302454	1.67165024571798	-3.95959566459631	2.83183310673916
cham1309	-0.262389953253862	1.54077761970055	-3.4213385276467	2.79238049052175
cham1312	-0.187379021038827	1.70045841690453	-3.88478210354435	3.16101634814529
cham1315	0.0732558530174974	1.63785638377889	-3.27852353421162	3.37968084211288
chan1313	-0.754443546909859	1.60037835189497	-4.18493108409184	2.38092882705122
char1269	-0.503063627655339	1.71198809786649	-4.1997683400769	2.7257611700812
chas1234	0.203380155423456	1.57272725084356	-3.00462831152873	3.42142772796584
chec1245	0.646333027951251	1.61378704759988	-2.36718031984857	4.23111828311092
chek1238	-0.203241676779428	1.59123059641493	-3.55308056970632	2.88814840772012
chen1255	-0.0460416588786187	1.68219082999481	-3.49194368928549	3.27806971469506
chep1245	-0.519084043299502	1.53347496409198	-3.8883693466956	2.31951330351154
cher1273	0.295695894084703	1.65523842443057	-2.93115986109887	3.75699069426754
chey1247	0.683283321854819	1.55277078625609	-2.2208399976635	4.05457676084384
chhi1245	2.11485063042352	1.60100045801887	-0.501927909979478	5.74198942429931
chic1270	0.364774400069778	1.62578461742464	-2.72516231686368	3.90501978725996
chig1238	0.678533189168298	1.62042793552487	-2.3397860102833	4.276012806321
chil1280	-0.242775568077244	1.63444261817963	-3.50423996345628	3.0334753723461
chim1302	-0.435051689691713	1.65080262094667	-3.95339237439399	2.69865340066498
chim1309	1.84717018840075	1.73237169815584	-1.02614931777322	5.75475491994783
chim1312	0.115265622163473	1.50753556126937	-2.87274957666419	3.25213271187377
chin1286	0.313057559905813	1.63419455505517	-2.80438291291988	3.85475641958322
chip1241	-1.17864324493227	1.61786369569504	-4.67353684631755	1.65142060402032
chip1261	0.132971582363883	1.69409247614343	-3.30059395630362	3.68592218388213
chiq1248	-0.179561556029202	1.65809917086232	-3.65349621938795	3.08144504810422
chir1283	-0.629137209096128	1.40221102855699	-3.49312233598429	2.1234195590024
choc1275	-0.563210186497194	1.69989005992052	-4.18009198119585	2.66296015376351
choc1276	0.36883334676054	1.65711020895515	-2.80806346029765	3.87714743265155
chon1284	-0.142450373983036	1.72465086314559	-3.74957691569287	3.32533055294474
chot1239	0.322775342029765	1.33753971285866	-2.25170352357965	3.15909399852305
chra1242	-0.16403980326082	1.72559193897357	-3.7657656233698	3.2583756074249
chug1252	-0.730398095022021	1.63866462288618	-4.13810716121158	2.33069752117414
chuj1250	1.2875089602274	1.6074720804699	-1.51029699601981	4.8893381425075
chuk1273	-0.172436578127907	1.72558772012433	-3.6703315804462	3.22966594125764
chuu1238	-0.0504381513097666	1.73107294000213	-3.61786549449057	3.36232123512869
chuv1255	-0.0476461835499628	1.7501769212622	-3.65968101104204	3.4769409340374
chuw1238	-1.43715371870978	1.63345718717122	-5.0038736302545	1.41270017278171
cici1237	-0.430171056648044	1.68124324259901	-4.03725036111252	2.76619772279174
coat1243	-0.642362807103	1.66043359438894	-4.23446597988857	2.54347936331665
coca1259	-0.944413850617861	1.53438663683582	-4.34342922079631	1.75536396514509
coeu1236	-0.0983922522938287	1.52679575862525	-3.21682642785733	2.90243436726662
cofa1242	-0.200103364251066	1.61719515138457	-3.52855874219078	3.04924249202871
colo1256	-0.421558171846664	1.5887950789738	-3.77753641047805	2.66560537652325
colu1241	-0.26823255203183	1.58973189640549	-3.56192229352676	2.83761080436369
coma1245	-0.401828542509926	1.57005176425728	-3.81054924967046	2.48031168703362
como1259	-0.832389272977756	1.67104015829942	-4.56409319710795	2.20304814875645
cong1236	0.407828249100449	1.63780728877007	-2.68882262316589	4.00825768123596
copa1237	0.0296793171666241	1.60254930163732	-3.17840864666411	3.33089711594429
cori1240	0.189169038748247	1.45697882841863	-2.71988188547682	3.15335814710743
cors1241	-0.128404034484297	1.65481377806981	-3.63002697511233	3.18161908457051
cosa1234	-0.425027877943388	1.65109241826277	-3.93238115053636	2.6887356833296
cota1241	1.1979724097486	1.49996846354784	-1.37690572515584	4.45807086667994
cree1270	0.361745856973592	1.65713802682695	-2.88459132163579	3.85652115203771
crim1257	0.00701370827813383	1.78212331491413	-3.56784311062297	3.63206372758974
crow1244	0.427343512640575	1.64820879394074	-2.80156706900094	3.90268271639544
cube1242	-0.781078327343389	1.70647926465791	-4.4293804217779	2.31268633273883
culi1244	-0.87169393482698	1.63237682338913	-4.42133692661406	2.20864423677909
curr1243	-1.05967210142539	1.65980760798602	-4.63265041888387	1.95012918359132
cusc1236	-0.229120833533523	1.66566680293847	-3.78773771451719	3.04839954170328
cypr1248	1.17146075297147	1.6170154032359	-1.69808920961902	4.70538632833785
czec1258	-0.0295864968315919	1.70125261892338	-3.49052352115522	3.37872304604716
daai1236	0.310554943791655	1.50282330194566	-2.66455630151193	3.53193087175854
daas1238	0.654922252922866	1.52459855874608	-2.22198410044516	3.81011205901471
dadi1250	-0.388812246614831	1.46548355902614	-3.423745599575	2.36797161529192
dagb1246	-0.344021124666506	1.71750076550757	-3.99973534892602	2.98186947325587
dagi1241	0.378182015119568	1.73001287776031	-3.01535426051964	3.96812555095115
daha1245	-0.116142609150423	1.59866482962004	-3.44828361331461	3.00558391930177
daka1243	-0.193888446065101	1.44182000386422	-3.13439573642839	2.54367909234519
damp1237	-0.23581148168725	1.6351319896129	-3.64881724293209	2.97683427982445
dana1252	-0.100610371379674	1.67143947715631	-3.58315288230937	3.20104433123439
dand1238	-0.0885794756744776	1.74475611403109	-3.65865178314314	3.39578767732351
dani1285	-0.0632544910380074	1.73018132953833	-3.67198278567068	3.40410070880014
dara1250	-0.58726920557634	1.58030854646222	-3.93345396162766	2.46481261577957
dard1243	-0.279135420697369	1.67347312155301	-3.89305593551394	2.98348137947898
darg1241	1.29233600742063	1.71643387368379	-1.67772661402066	5.21229552800284
darm1243	-0.326754242867757	1.68375529101194	-4.01308018218441	2.97612469779487
daur1238	0.0159030631247785	1.77773929952884	-3.63787998312616	3.65872372284497
dawr1236	-0.602448696537143	1.76376016689818	-4.49027297305893	2.63498087449848
daza1242	0.47459963918797	1.63918655414706	-2.58589701929395	4.01387981636141
defa1248	0.575532533056211	1.45072421094245	-2.23476573194378	3.64741472793553
dege1246	0.0570917370296931	1.50493336697652	-3.07220615071882	3.03113858339733
dehu1237	-0.000766452417168582	1.65283247641717	-3.37083535214395	3.29082090233829
dera1245	-1.13382669435537	1.59580165918973	-4.71009876208061	1.73726962845186
dera1248	-1.05983244766999	1.64814318489462	-4.58449197646804	1.90622332613419
desa1247	-1.05626118148228	1.63767903172914	-4.77110034146033	1.75542187474088
dhao1237	-0.184838066921704	1.66508794513607	-3.67321182912879	3.09091284065413
dhar1247	-0.0604240905398173	1.74631927566705	-3.60555434503759	3.49066532963413
dhim1246	0.445361617960169	1.4954074790227	-2.44118216805332	3.60234159292775
dibo1245	-0.804482712476797	1.5060791875728	-4.08935529346407	1.9737528377532
dido1241	-0.569713633717883	1.53605694726343	-3.8465981644084	2.35997088507301
dier1241	-0.0215623721397688	1.70950780654007	-3.4912605479702	3.39237832335061
diga1241	-0.19723726065804	1.63029462311534	-3.67749421516372	2.9484095315035
digo1243	-0.0246116654217122	1.50640658971289	-3.05261655983416	3.04545816182426
dima1251	-0.57756766489217	1.51171266993245	-3.76876822957289	2.3933513984737
dizi1235	-0.264190134526272	1.70720140368988	-3.82502858357277	3.12626080208172
djam1255	0.516762423756121	1.5554996568991	-2.40966854659268	3.83266667206456
djam1256	0.454404401769163	1.75466623854873	-2.93392554617037	4.20099607086081
djee1236	1.22283493635818	1.75676912496334	-1.8190128893815	5.18471746330817
djeo1235	-1.04948077110185	1.62442756164696	-4.54796061381264	1.91375463657654
djin1251	0.692953062376285	1.66255500076275	-2.39569653110969	4.2267611412223
dobe1238	-0.11378801427028	1.76326196398578	-3.69423663233223	3.26828276671938
dobu1241	-0.211386033247245	1.56581917039605	-3.48926341134071	2.89768258242521
doma1260	0.39434169417749	1.6734682414092	-2.84481023058366	4.01833135020987
domm1246	-0.558513829929605	1.41315293738696	-3.54312380439339	2.05546817318439
dong1285	-0.0383744675156961	1.68272893888359	-3.5726828345365	3.34775474064608
doro1266	-1.21373982038279	1.65176233766405	-4.81305351671708	1.64509573993588
drun1238	0.418435358557968	1.54662877063615	-2.52551438674848	3.59517016984282
dumb1241	-0.210802586483468	1.65046667274119	-3.56632416482174	3.04226794681316
dumi1241	1.30084256794523	1.4749991558026	-1.32029206463347	4.4782731248998
duna1248	-0.0205657120365736	1.42285204475398	-2.99104694360578	2.83614238139107
dupa1235	0.0163209638321567	1.55459056826305	-3.13534284997352	3.20706134636616
dusn1237	0.287590028943697	1.63400816186748	-3.07287452685084	3.64949247185597
dutc1256	-0.021468851359027	1.68676393928394	-3.49116529054973	3.36214197978731
dyir1250	-0.106170612158977	1.71008476023478	-3.66593544996895	3.35431404189181
dyul1238	-0.78025996972037	1.6413231798469	-4.35350316832747	2.17942973868844
dzao1238	-0.0941360119382103	1.70784192924474	-3.61307525145674	3.29216994488439
dzon1239	-0.287736303473324	1.59409582695799	-3.54879279226038	2.80455938930332
east1236	-0.188200589284403	1.66768898888185	-3.70412113450056	3.15794718419102
east2328	-0.0632606775142313	1.7480703179748	-3.66802012626727	3.50546879505056
east2332	-0.143371317165072	1.7661503366047	-3.68448175668435	3.32671520717993
east2333	-0.300342436917167	1.65184339926671	-3.7864070698947	2.94197276975453
east2342	-0.288712785056218	1.63208521602664	-3.79899426911174	2.91311807099598
east2379	-0.0440436372797229	1.70358158585962	-3.4865006376488	3.3478696590849
east2443	-0.487341686928474	1.54762291487433	-3.76035794432983	2.46000766184976
east2447	-0.0448413293971714	1.73155971231775	-3.55139325364648	3.42869906588621
east2485	-0.291134523736052	1.7144090280886	-3.90810300811613	3.06331527231621
east2516	-0.7727681703257	1.40932428602229	-3.8135707553047	1.8180703401773
east2555	1.03228739674915	1.56830966388675	-1.78112292161751	4.48211320593884
east2556	0.646394268894835	1.53499840542488	-2.30560630406582	3.88261668233039
east2563	-0.218716981373005	1.68373649354882	-3.69154240975674	3.22823239665719
east2690	-0.391419094744185	1.56910658126842	-3.70850563384768	2.63280220255383
east2694	-0.207029125769198	1.55199791025521	-3.49049963085372	2.78946280065456
east2773	0.207048915732762	1.42235628885323	-2.61048861345593	2.99597807910518
egaa1242	-0.254405996342702	1.70466469323785	-3.87161934057126	2.97893166964888
egyp1253	-0.209376592711399	1.65888908576999	-3.78126925158297	3.06807524431388
eipo1242	-1.19684064637911	1.5785789447478	-4.58479743150678	1.5980595121222
ekar1243	0.590568136352769	1.45623273590939	-2.20684395242582	3.64923448786844
elem1253	0.411597203824194	1.41032220373079	-2.39123430976639	3.24880854403947
elip1238	-1.53777432077466	1.38308779145856	-4.51693017642224	0.862305055686532
elna1235	0.881911825945176	1.59705916074378	-2.09851510320971	4.32021829623397
emae1237	0.944779961772322	1.54528539449568	-1.96506327686897	4.2366558843334
emai1241	-0.899159002430457	1.64517199335501	-4.52517912648011	2.06625407335112
embe1260	1.08461952492591	1.58323912574159	-1.76058885586792	4.55669538785895
embe1262	-0.683784430408602	1.59983246481992	-4.14879695436921	2.2397067236151
enap1235	0.135905422401025	1.64501514189086	-3.16068211036688	3.57832887303523
enuu1235	-0.389429386200182	1.71342291431723	-4.05943713172476	2.89116411774033
epen1239	-0.747085300142122	1.61724632063911	-4.14019702716155	2.25755754677917
ersu1241	-0.153327635188454	1.62671265150703	-3.52542649374713	3.05467314559152
erzy1239	-0.0205681116881607	1.74848655034567	-3.57950423124462	3.55344158835566
esan1238	-0.591687891448996	1.65612876207284	-4.21120008333143	2.51418205403792
esee1247	-1.25857630476014	1.66679862444564	-4.9259414287994	1.69997453463605
esee1248	-0.700262188933727	1.67391045341486	-4.18889878361597	2.42848517167062
esim1238	-1.98543071956047	1.6567665628874	-5.8269089593266	0.679520684903022
esto1258	-0.0392452406550316	1.7866859315448	-3.66020993163571	3.49080747491757
eton1253	-1.40644462671718	1.43955455646349	-4.50902278913851	1.09800081875228
even1259	0.000835132846080134	1.77412553895074	-3.56354960093307	3.64671821130673
even1260	-0.03917289728692	1.77423864528258	-3.68540741322055	3.58501310143393
ewee1241	-0.398184381795647	1.67739686356375	-3.94036308379321	2.8380796472574
fait1240	-0.126279897543009	1.33855008659418	-2.87991824488703	2.49787243384104
fala1243	0.635674523667303	1.52952860462753	-2.30700446821419	3.81681349258632
fare1241	-0.334614812679438	1.67727602799985	-3.8940307811042	2.93753368946602
faro1244	-0.0558937530445496	1.70993363908634	-3.59551708335443	3.38920868541927
fass1245	-1.00580055290613	1.55700055334836	-4.36036692785244	1.83022614148729
fasu1242	-0.447471012043425	1.49089704736123	-3.62493382956156	2.35766819556292
fiji1243	-0.0577850171694549	1.68452587508688	-3.49591503352366	3.39546513980606
fili1244	0.614245859474632	1.48046635202659	-2.28957321448058	3.74511681365122
filo1235	1.0386342676489	1.5501720042807	-1.70527699757957	4.48310282590094
fina1242	0.770251394615781	1.40756965314022	-1.93986598303691	3.74469254668635
finn1318	-0.0113658043663009	1.71504041407624	-3.44203079491594	3.4964876936071
foii1241	-0.532555656540266	1.43772883614412	-3.57358539420275	2.14698231470203
fonn1241	-0.357552868253356	1.65666380653034	-3.89860579254398	2.860769411241
fore1265	-0.0385540079258783	1.73717342219409	-3.57474255956758	3.56042913275547
fore1270	0.722727413855053	1.42922093982661	-1.94415639988253	3.7929547723588
fran1266	0.406412265271741	1.59953284479609	-2.64630132401229	3.82496209183037
fuln1247	-0.379755830451324	1.66918221198983	-3.88804813692959	2.78801571012775
furr1244	-0.162814010944614	1.75197771330612	-3.83315031041683	3.29691126729967
furu1242	-0.124950732251143	1.66125906779369	-3.54479045397578	3.24621817871491
futu1245	0.859842985320774	1.59020621909406	-2.0496503874866	4.22034306854486
fuyu1242	-1.17029917237499	1.61549564691116	-4.73905279401662	1.67019411137069
gaaa1244	-0.258842531844415	1.69594050551576	-3.90322701634286	3.00333982979126
gaam1241	-0.137380042802034	1.74771473517967	-3.78837205836964	3.38994949012953
gaan1243	-1.14305911382293	1.64751072851693	-4.75626976467131	1.7409305023475
gada1258	0.384719071455077	1.45326487008057	-2.43597479607197	3.42473761476718
gade1242	-0.530896514487614	1.58624593469844	-3.90122182456823	2.50099969294823
gaga1249	-0.0317009458088426	1.68304758722952	-3.4628072036449	3.4490716247971
gahr1239	-0.185823470081598	1.7001745977587	-3.78109458728171	3.09215269047078
gala1264	-0.785026553816362	1.66354174140805	-4.44272345259625	2.27396457932961
gale1259	0.950574984571228	1.70096518289862	-2.11443350550791	4.77979016365686
gali1258	-0.104567860302802	1.69189894867783	-3.66734322239678	3.22106674558964
gali1262	0.0658662535339015	1.55807981130332	-3.04439163788645	3.255345077972
galo1242	-0.614060319807556	1.64180787388638	-4.20615052111757	2.49309417281098
gami1243	-0.0571131337644817	1.72340534889753	-3.60401937439592	3.43939803815412
gamo1243	-0.596813293038794	1.72799125889252	-4.30061170041969	2.56512953993014
gand1255	0.241219775234728	1.56674866565197	-2.7680091204921	3.49907407428376
gang1266	0.225482860321255	1.33319511863507	-2.35827380625503	3.04345491214871
gang1267	-0.551220961827663	1.74956059503312	-4.36593180533273	2.71487862563872
gant1244	-1.26677088433089	1.52578753026846	-4.68769298233033	1.35573141884094
gapa1238	-0.177940176326761	1.52490680962132	-3.31199611546516	2.83905301866634
gara1269	-0.765931605455635	1.6915201972511	-4.52894897730126	2.35989605791228
gari1256	0.155973868761321	1.56560938399467	-3.09247242265862	3.33550074899715
garo1247	-0.291340465078555	1.67785429327811	-3.8977301306037	2.90379541475459
gata1239	-0.146931187996484	1.7066479412256	-3.6834639553901	3.23213310232274
gayo1244	-0.150030285969302	1.65402266904955	-3.6084928798952	3.11281728719126
gbay1288	-0.213109363891986	1.71353430909298	-3.85984637930944	3.20679133578294
geba1237	-0.132064918613034	1.66980809628654	-3.46665918295172	3.17079192108542
gebe1237	-0.258497741386416	1.71693916142957	-3.98371226331288	3.09844102296185
geda1237	-0.0961381392615554	1.41789392130823	-3.13594911981944	2.66356174837845
gela1263	-0.325801735944957	1.58332005821723	-3.6967261364289	2.68627707791104
geru1240	-0.55909629438124	1.68154431895501	-4.04316904273181	2.66635316061893
ghad1239	-0.313088383260075	1.65807047528684	-3.79720546850254	2.9212096822105
ghan1242	0.0779266480648086	1.58772258713262	-3.05159011652744	3.41528150225935
ghar1239	-0.251228062257532	1.59685512290528	-3.59590356923782	2.92864288357051
gheg1238	-0.109873794122512	1.75624805850638	-3.60588939609523	3.45411991563741
ghod1238	0.186875192869012	1.56643509486935	-2.90924280141366	3.46694454937258
ghom1257	2.02761118102363	1.76942950666249	-0.884550578760847	6.05758281636011
giiw1236	-0.824179371805692	1.64970676620139	-4.34294829616367	2.20175622923208
gilb1244	-0.0455604680452898	1.69649738124187	-3.42435863733432	3.52392721659505
gily1242	0.438889396191039	1.70387318593313	-2.81476016924691	4.08590154666415
gira1247	-0.311901068519591	1.39422436461303	-3.22304321427829	2.34705769576293
giry1241	0.200073433667729	1.52771084960604	-2.72906568377539	3.43404519385778
gizr1240	1.88990328761552	1.81121685982993	-1.14054541254438	6.03090966889172
glav1244	-1.29807774193673	1.70185189346468	-5.12008931957899	1.62709563821347
gofa1235	-0.598747417073929	1.75332177515235	-4.45899447173952	2.59467374077547
gogo1265	1.06181055481775	1.62748125957779	-1.89174751313336	4.45865029111214
gola1255	0.21925613280528	1.56647019974919	-3.1036984971484	3.26439794779526
goli1247	-0.491254010702295	1.42109209109981	-3.46911869362519	2.17728372043327
goon1238	0.406676434228062	1.71582923638805	-2.92570408176493	3.99786484647847
gras1249	-1.14181443275158	1.68220394229475	-4.86607208167125	1.86618528613112
guah1255	0.648367544730819	1.67843570207585	-2.47309949385235	4.32017787744506
guam1248	-0.274406172541996	1.65517468950071	-3.76645434632773	2.91417520259308
guan1266	2.15450682257963	1.74762274955131	-0.62829538379346	6.06256276000687
guan1269	-1.06266056174239	1.66270775335476	-4.7303840735871	1.9016757276609
guar1293	-1.10353656876044	1.63870890764349	-4.76801942092011	1.85706223408524
guat1253	0.726397429218959	1.65115525707712	-2.35806739054103	4.30455218909056
gube1234	-0.385294500424066	1.58602283105944	-3.83603861633712	2.61157311405728
gude1246	-1.12402539886984	1.68955942888669	-4.89680018298475	1.85373222406526
guer1243	0.340360388565789	1.56963410261113	-2.62741107512423	3.64702285821424
gugu1255	-0.0709744580815207	1.71610233843468	-3.61066298494344	3.27380793761689
guhu1244	-0.582081715688266	1.47934911948918	-3.83005324683302	2.17912189131432
guiq1238	0.548800793785434	1.58130954367063	-2.47853868821087	3.85454431814763
gulf1241	-0.314578499598925	1.54557395032632	-3.55113164754976	2.66087387605085
guma1254	-0.286141215399915	1.5530340345418	-3.69420371979399	2.72603727944101
gumu1244	-0.320989577813124	1.74187072090771	-3.97286269230829	3.09240404367979
gunw1252	1.37864603997928	1.81300159798704	-1.74627019902439	5.46254862432234
guny1241	-0.0802991277620163	1.72499464549966	-3.62522817593085	3.38163643468476
gura1251	-0.0726904244534499	1.72591060930104	-3.61491087359022	3.3665404355263
guro1248	-0.337430993870441	1.60095035849695	-3.69327612779854	2.78350582090952
guru1261	0.627256748452651	1.39176677514862	-2.04061096804375	3.47753591191859
guru1271	-0.770248683818962	1.6764494145584	-4.50022769105388	2.3220906671638
gusi1247	0.117787620887075	1.49768493958901	-2.81768586930058	3.1734430570752
gwen1239	-0.097544927886352	1.40490561525215	-2.94335675794589	2.70239613120224
gyel1242	-0.987658982259346	1.63953436370618	-4.6475031666173	1.91927933608819
haaa1252	0.261555942991227	1.62377088292377	-2.92813553351963	3.66311509125738
hadi1240	-0.655950346793239	1.6149850867627	-4.20176700485762	2.35869050302163
hadz1240	0.654357382559692	1.56508247953165	-2.39936966248834	3.95246254299066
haka1240	1.64445596018135	1.5498463770417	-1.00061403146482	4.99358713958269
hakk1236	-0.0907880737191172	1.71305137013597	-3.68473678494499	3.39039783292297
hala1252	-0.260215269784696	1.64432911390767	-3.74107668169683	2.97859540493987
halh1238	-0.0577884495462225	1.74671283512114	-3.49699698224075	3.51437496639296
hali1244	-0.648974201652847	1.68781076757171	-4.32223383831867	2.46771565432511
halk1245	-0.661407884833115	1.61004943185083	-4.29002559977077	2.34147110628967
hame1242	-0.133906375921722	1.56202329434579	-3.42235910035273	2.95097488878529
hang1263	-0.340386084540626	1.45792991457645	-3.42555843261841	2.50084127415891
hani1248	-0.346123359592065	1.71384859790341	-3.91163681443318	3.00208953742188
hano1246	-0.407007147518743	1.53923286118236	-3.67755693809922	2.59861427804322
haro1237	-0.269806755238602	1.69753574234111	-3.81012610042945	3.06878661983449
haru1245	-1.53993945930965	1.55945297834097	-5.10773926810218	1.07857372256306
hass1238	-0.208052780937966	1.61820854518031	-3.60465761479509	2.95709808463783
hata1243	-0.508839091483303	1.66825966889559	-4.1243582434107	2.71925288075745
hava1248	-0.990295601409316	1.63365609452051	-4.58814160640646	2.01518615831733
hawa1245	-0.0674595601702619	1.73758751216608	-3.69634652228591	3.48801151588008
hebr1245	0.827110966746864	1.60313800272525	-2.11844716057035	4.37283960422726
hehe1240	0.858198462413911	1.62143510731426	-2.09822129201147	4.38071459349935
heil1246	-0.813719092904644	1.62555720427915	-4.43883716992113	2.17091215515208
hela1238	-0.25431764848094	1.48403705043666	-3.40542741549661	2.56092652488547
here1253	0.384143001130874	1.64273470700039	-2.73369681642765	3.84171842505938
hida1246	0.292106941515537	1.65776574103698	-2.88603373748998	3.80390532873353
high1276	0.68683405944288	1.54648834094376	-2.13539656893593	4.18472141098171
high1278	1.04129394139432	1.55268548389331	-1.72009887762061	4.45297275634493
hind1269	-0.0763916291188191	1.7117441464012	-3.58317626592728	3.35679325052995
hinu1240	-0.460229918239664	1.54610324719251	-3.67609001115866	2.56550640803135
hixk1239	0.315443182394735	1.70371016727489	-2.85509576207619	3.94107313011127
hlai1239	-0.0900378040902262	1.73040102011109	-3.67131870191935	3.31229279777602
hoaa1235	0.252562373404698	1.63099082946866	-2.90540298316925	3.70522314416018
hoav1238	-0.214195993960503	1.54616763221039	-3.38424865119663	2.83387165134544
holo1240	0.354199618543207	1.58701132346472	-2.73430968768559	3.7099451238311
hone1235	-0.989663183619123	1.64316177341129	-4.65720511548541	1.90507919262572
honi1244	-0.378901926404973	1.70878012462779	-3.95113941531105	2.8459482431022
hooo1248	0.114895888388908	1.66273908549887	-3.21637182899793	3.50927341256781
hopi1249	-0.453572396437712	1.51396996486958	-3.70844735050832	2.39179769064177
horp1239	1.30223016860271	1.59208210586217	-1.4833298294655	4.74973679069241
hote1245	0.507771571850196	1.38337614413389	-2.25571166855537	3.34161482029101
hozo1236	-0.213258723215462	1.72011553944675	-3.70205002535425	3.21784501031655
hrus1242	-0.799842211810035	1.6479636128624	-4.3232142061471	2.26666124466074
huaa1248	0.0342022545782524	1.73447814049381	-3.42922697615495	3.56656604975585
hual1241	0.410912312854373	1.64905986165034	-2.82290990309117	3.90969260871802
huam1247	-0.381990659170481	1.71268307055665	-4.01014431063436	2.95666027683575
huar1255	-0.635619584580098	1.48266498104822	-3.64440333941314	2.28121714622473
huas1242	-0.0338321163259062	1.46202351153644	-2.98282765955619	2.90420651639966
huba1236	-1.18452221472511	1.70291731966836	-4.97852277083739	1.71035881366436
huic1243	0.744058329087713	1.59031396699821	-2.23366234827977	4.25065152171921
hula1239	-0.940053970944425	1.65298196800645	-4.50403253869504	2.09489640781134
hula1244	-0.598938439492694	1.62371695077058	-4.21296866604417	2.41136104260134
huli1244	-0.762298088469566	1.50617009876733	-4.01555122900217	2.0361871672336
humb1243	-0.305887605213368	1.70043580790494	-3.90431311984142	3.01030717297544
hung1274	-0.0160795385319527	1.75552233656603	-3.68958688882446	3.56217104444698
hung1275	-0.1088666985529	1.68917464063089	-3.59240681991428	3.17521831789826
hunz1247	-0.278831303037859	1.52737797612881	-3.47299094755926	2.83699490101066
hupd1244	-1.0016488833687	1.6395227503356	-4.62347298383075	1.89273866516532
huuu1240	-0.393514494326469	1.67402548831396	-3.9456611483242	2.81441875473679
hyam1245	0.193620041174386	1.44404353001506	-2.59064831391591	3.13221231438645
iaai1238	-0.0991683775293064	1.68536226098318	-3.53125812090514	3.25827431082489
iama1237	-0.276577575524511	1.55102232524706	-3.54012713019977	2.77153203338839
iatm1242	-0.516984894935168	1.44296963961866	-3.50986308477614	2.26268186965188
ibal1244	1.30278231517527	1.48549255041802	-1.29315451804496	4.51147666564023
iban1264	-0.146487125756648	1.72194905693846	-3.72285626872913	3.21217729955783
iban1267	0.0557783847488569	1.51909553117283	-2.97990648643588	3.1143906683826
ibat1238	-0.275119564869939	1.68453433645179	-3.82336658260973	2.98287255606906
ibib1240	0.724057265395841	1.48597711460796	-2.01419769628948	3.86917704083655
icel1247	0.00104364188613937	1.72376653225052	-3.57108815620557	3.59752666797789
idaa1241	-0.449189039235366	1.6673357749684	-4.052390397959	2.59964338883184
idii1243	1.84464860134	1.77160075802362	-1.04721019839973	5.77001713062701
idom1241	-0.869673961024989	1.69222300897152	-4.67229564346671	2.15119737127452
idum1241	-0.29639579847551	1.69275613186864	-3.76948949138232	3.08133665338609
idun1242	-0.317300955719535	1.54197225035201	-3.55984723472174	2.70016382273513
igna1246	0.18558247954942	1.56637030010184	-3.00867760816021	3.34225753334372
ikkk1242	0.157494220683023	1.69255446028059	-3.2593235763517	3.58334000958321
iliu1237	-0.320754647032799	1.65595360364009	-3.85378301773933	2.76982444774128
ilok1237	1.07075853916082	1.51374529544775	-1.71308604977809	4.29467628835471
ilon1239	0.916951166651121	1.46821428403462	-1.75284104206405	4.03910977617877
imba1240	-0.421258439696222	1.60973311294007	-3.89732878781806	2.68730813826364
imon1245	-1.15563422714126	1.58564573336309	-4.55617435237307	1.65268471523195
indo1316	-0.101646682116076	1.74603885172598	-3.77117297423386	3.33314748457662
ingr1248	-0.0089914045059928	1.75885444521708	-3.56038406091032	3.58665565750612
ingu1240	-0.027861411569039	1.56868697037369	-3.24733498399776	3.15616647405562
iqui1243	-0.623685263614999	1.66093210510105	-4.16701673849843	2.52365645447794
iraq1241	0.954129641268748	1.50560100177175	-1.78833527173508	4.15224025822797
irar1238	0.243917893147271	1.61139281697273	-3.02545195501356	3.58152200863607
iris1253	-0.0519728610756674	1.72529970037207	-3.67479572146364	3.51432077802654
irul1243	-0.0499638777009581	1.74975032481105	-3.57350757614813	3.4385024492459
isco1239	-0.414191000621173	1.65508623136673	-3.97181724460683	2.77898255898555
isin1239	1.39010596747302	1.48685541904691	-1.188196362257	4.5326208848716
isir1237	-0.567374357282821	1.68218781214269	-4.20697166377397	2.56306341053913
isna1241	-0.156511678315773	1.58636001114991	-3.44038249805262	2.9727117470652
isth1240	0.644893241770015	1.53451592715395	-2.08955006487596	4.00619324307087
isth1241	0.724763581816132	1.54306822343446	-2.10939796401499	4.15154798444613
ital1282	-0.107219644278985	1.72167243752341	-3.7048413726268	3.32477321582114
iton1250	-0.912660575819406	1.59343976281897	-4.38589716960341	1.98849009641681
itza1241	-0.368934523530628	1.60627728128938	-3.80071241399291	2.74198436077929
iumi1238	-0.391816463632021	1.68462606640351	-4.00267501978032	2.80008011051009
ivat1242	-0.28420518584127	1.66667223136701	-3.72763680277671	2.95313935844508
iwal1237	0.298233112291062	1.37877916396598	-2.49300385583523	3.09681782332267
iyoo1238	0.700498301058548	1.34356663972568	-1.88067474567502	3.52625602256757
jahh1242	1.99892145664128	1.89661696511738	-1.00519191553312	6.44195412101651
jalk1242	-0.722531145464666	1.66013890117961	-4.44266314320277	2.28345783419902
jama1261	0.960292768594711	1.55291922165384	-1.86944062074913	4.29872146965102
jamb1236	-0.0609215283459192	1.75037840384134	-3.71874853411305	3.41491410562988
jams1239	-0.510788828425574	1.65589042636195	-4.05609606923447	2.7291151002626
japh1234	2.2128703852845	1.76443225608325	-0.626993239109013	6.13399655487179
jaqa1244	-0.173836628098774	1.6505564234166	-3.71508709314538	3.05904433682418
jara1266	-0.2851478684484	1.65292653182988	-3.71123489583293	2.91220427174768
jede1239	0.316426936478035	1.67992597024685	-3.00212570519679	3.85788788928664
jeha1242	0.116219247047601	1.65293688814531	-3.32691854235789	3.53585380038958
jehh1245	-0.233880395609381	1.67852090731269	-3.73213407967164	3.08738220040102
jenn1240	-0.144388891171243	1.6940237223367	-3.64186709802871	3.18067737225818
jeru1240	0.763249088731476	1.37927704245829	-1.83173237530871	3.73867803477255
jiba1237	-1.03792407662362	1.64268526482562	-4.7264367923045	1.88700418449251
jina1244	-0.846914767375055	1.72256317448903	-4.63354735226754	2.25940666564723
jjuu1238	0.440146155558678	1.46823697929992	-2.32357103373442	3.47653677691276
juan1238	-0.0834012181972075	1.71610400394644	-3.67842413739519	3.43403077457907
juku1254	-1.77172228093973	1.65779701709758	-5.44970944381281	1.02991994078065
jurm1239	-0.251613986897993	1.68645764030114	-3.75393508182049	2.95270377063633
kaba1278	0.450763244807295	1.69085203326346	-2.89935346725063	4.08602262391409
kaba1281	-0.34184835855321	1.69654097286994	-3.95468553144413	2.92857490787511
kach1280	-0.0840785821467171	1.64618148740649	-3.41178289959374	3.1641392612951
kach1284	-0.580968214414238	1.67207782164605	-4.14218760245115	2.57368830296271
kada1242	-0.131968244079204	1.68988501277023	-3.64305671740522	3.20806121676697
kado1242	-0.387316140728147	1.62690586800907	-3.91212715430398	2.78443288118957
kafa1242	-0.506690862129707	1.75063394730202	-4.31401529475849	2.81374002809806
kaga1256	-0.435395462448957	1.56226388597536	-3.8119299553586	2.41719405226736
kagu1239	0.456344956721659	1.53916067458769	-2.47559391769883	3.80138524179625
kaik1246	-0.527018634516072	1.65645202857393	-4.05659048777902	2.60902367700611
kain1272	-0.687304459430943	1.62088478251349	-4.0940680351571	2.29605884346741
kair1263	-0.426241625025082	1.57025556791416	-3.6889318133469	2.60462483336789
kaki1249	0.0418942924683298	1.55536194202345	-3.13392596609471	3.14641051944278
kala1377	0.676982897432253	1.68797452304395	-2.59808479039592	4.17852723961354
kala1384	0.55341804517029	1.61093973109365	-2.51704718733743	3.9763287349051
kala1399	-0.262849703036841	1.66164069323052	-3.70054251318491	3.00684268193024
kali1308	1.22504909208373	1.61727927942936	-1.73077636390107	4.72821386571797
kalm1243	0.0787275898978437	1.72573121540304	-3.41184058138128	3.52351188751463
kalu1248	-0.565885793479064	1.537370447706	-3.89901645690386	2.29407780446201
kama1367	-0.84261931930366	1.5514274478295	-4.27007394750358	1.97726856812215
kamb1297	0.443793268164371	1.62690051676448	-2.62833623980282	3.98422113591978
kamb1299	-0.164459958601495	1.68904354455453	-3.65961764834997	3.14737278753964
kamb1316	-0.668254983881985	1.61332244114213	-4.27446547007603	2.40461365007619
kamm1249	-1.14703381006035	1.70957653733753	-4.93998077359315	1.87935058214354
kamo1255	0.0951087863393044	1.46200355859453	-2.83598304056859	2.9960347764865
kana1288	0.0153621277046144	1.53273607270763	-3.00881936418931	3.1242375780564
kana1291	-0.270999002903723	1.667302909954	-3.74054407421133	2.93849415922083
kani1286	0.741268604774311	1.39477245230367	-1.8862754707942	3.79925120263827
kank1243	0.934122441971933	1.42084280171079	-1.75234586010003	3.90888597737534
kaon1241	0.609382935197863	1.63074220667559	-2.38210463510102	4.14604659617277
kaqc1270	1.28356688629435	1.64105821850283	-1.53407098144953	4.88213716795652
kara1482	-0.0977400985375588	1.68622353973647	-3.65847479163549	3.24376528779725
kara1486	0.204143798304612	1.59023079548429	-2.92301093123947	3.50312643346048
kara1487	1.40550649137374	1.47193179419647	-1.20079020029327	4.5613897087446
kara1499	0.0852810482756042	1.62581422022373	-3.24081384997357	3.38138911815168
kara1500	-0.383275204963551	1.57507978721344	-3.6722486067387	2.60709573181387
karb1241	-0.731627533695101	1.56247264507727	-3.98846099246993	2.24842542334884
kare1335	-0.00562317662587118	1.7547913633219	-3.60499787166599	3.56191882047038
kare1338	-0.447828985825856	1.69575381113494	-4.06140927061777	2.82744020464868
kari1311	-0.879813164615773	1.60414711050773	-4.39470043067001	2.02284266091711
kark1258	-1.17205098084592	1.57244620153231	-4.63362752169947	1.61338467494379
karn1252	-0.302934964025357	1.43384753158828	-3.31363689112909	2.44407258507293
karo1304	0.413287435271875	1.69822729529656	-2.87875944363657	4.00480355148384
kash1277	-0.0147921879926713	1.74569799346396	-3.55946556426104	3.54288016331845
kask1239	0.129489329112295	1.64065237923057	-3.103615147624	3.54029142079992
katb1237	-0.32208550548692	1.44985191282518	-3.37808220398774	2.47047347557188
kats1235	-0.339753490489487	1.6475755710645	-3.81813192942179	2.8563242075767
kaur1271	-0.655494127764193	1.51526359183981	-3.9327123007229	2.2568750924638
kava1241	-0.389717063119334	1.62524144511886	-3.84161621130504	2.77838197445132
kaya1315	-0.203190489331703	1.67079139571564	-3.70671777372036	3.07755321069344
kaya1319	-0.581916782807418	1.72594162715903	-4.2177584564056	2.61485371207089
keap1239	-0.845613815641232	1.6422713546949	-4.32063750591299	2.19017395585276
keig1242	0.226289700827845	1.74307013420314	-3.33671212711682	3.85958652380174
kele1255	-0.762317271136915	1.55235460919809	-4.14876054046997	2.02893092084229
kele1258	-0.207103852813831	1.66068733023868	-3.75384726521661	2.97091383066201
kele1259	1.28472795375339	1.45337413218119	-1.36462496505215	4.34238015973657
kelo1247	-0.534372304966445	1.670738279105	-4.18581526493646	2.50720225887622
kemb1249	-0.160718847868835	1.68431564738783	-3.64130080218419	3.09784425205021
keme1240	-2.12150469012166	1.63248940384283	-5.76244393321072	0.583449236320967
keng1240	-0.310010381672472	1.67755441220114	-3.81606803440605	2.96714788695131
kens1248	-0.00865136889605296	1.66082716800961	-3.35008950955026	3.37493857704222
kenu1236	-0.154683034368377	1.69793797295196	-3.74004356752815	3.29430258982696
keoo1238	-0.156900972110439	1.65262038459701	-3.59454380348183	3.11333775302997
kera1248	-0.328747657656557	1.55010816548192	-3.66169931020509	2.58556363483634
kera1255	-0.759544529088816	1.65790704805173	-4.4090192638951	2.30170110114206
kesa1244	0.26701381083149	1.33066020514827	-2.4254467345731	2.92921753786628
kett1243	0.470054220112279	1.7813450762186	-3.13634025888062	4.28691593703713
kgal1244	0.364845277528195	1.62255898315185	-2.7786981978008	3.93528761921516
khak1248	-0.0247067433804431	1.72685330942793	-3.56244403136469	3.54769724777082
khal1275	0.991812064781508	1.45391133938503	-1.69048449626869	4.09015705606385
kham1282	-0.0975924209468862	1.70198636645853	-3.58925767979978	3.27633386160214
khan1274	-0.248566118894876	1.75384591107882	-3.94518628568308	3.23821956649939
khan1277	-0.876214424368923	1.45181328836749	-3.9118411683557	1.85633389424625
khan1278	0.615672369980768	1.43736537229471	-2.1323196643103	3.6622095555685
khar1288	-0.59383643428023	1.3878650856954	-3.46995622526653	2.07695010514557
khas1269	-0.229315762114144	1.60697175536895	-3.64132108994878	2.86525956233033
khez1235	-0.842090212747909	1.446219866791	-3.83777594144144	1.88947980967785
khin1240	-0.741255964874364	1.57182501327636	-4.14496438471681	2.19834629541454
khmu1256	-0.293746123667264	1.7059624654903	-3.97682437644394	3.09041502059955
khum1248	1.57687197634671	1.52587081195294	-1.02750762909228	4.89248933656774
khva1239	-0.39075214237852	1.52538348732442	-3.57035757546221	2.60237746342051
kich1262	1.20014338693852	1.61573653775585	-1.60597020285619	4.84178997136436
kiku1240	0.71389060077672	1.57759130403922	-2.1714846648036	4.09749379643347
kile1243	-0.044178981183012	1.73133388319279	-3.59478891006464	3.45823216353084
kili1267	-0.295094070844225	1.59977955920517	-3.65966185248952	2.88426823082104
kima1244	-0.418555178458495	1.64228671123397	-3.95424229406792	2.68565532853834
kimm1245	-0.231014235135182	1.68958433894664	-3.75040427860755	3.0533582505987
kimm1246	-0.621187482786648	1.69538907985727	-4.31192648143696	2.56084315632269
kina1250	-0.158798135152075	1.61514970085428	-3.60820216614871	2.95473189989217
kinn1249	-0.215578908132041	1.70422555833007	-3.85023837881855	3.16575110802758
kiow1266	0.534834714172138	1.67227045035065	-2.63790982798809	4.09233353455939
kips1239	0.0778097039006058	1.55315421372158	-3.10714102020614	3.24926167142215
kobo1249	-1.5238307637129	1.57048749298264	-5.05611500762338	1.10422428191045
koda1255	-0.10334043246004	1.7584477036955	-3.78883014111769	3.41024987130343
koho1244	-0.249282684377738	1.68539204537456	-3.75941949034656	3.02896442913075
koir1240	-0.540459003049873	1.39126047536762	-3.42411590202803	2.16898565180495
koit1244	-1.00019155696891	1.68097124278258	-4.72543051884675	1.98217701210637
koka1244	-0.0125178361918408	1.71635009085897	-3.51050380835951	3.52460225919786
koko1269	-0.153932991088874	1.57701371779501	-3.4611151700618	2.9105274912512
kola1285	-0.0689575668938631	1.72293903017263	-3.70762058083556	3.42063238553042
kolb1240	-0.700877086310969	1.68912238866178	-4.42129970829945	2.36637332143345
kolc1235	-1.24459697102245	1.62757123095393	-4.75674790151434	1.71071830047123
kolp1236	-0.752574470354762	1.64672333972852	-4.43968379335524	2.2612898157948
kolu1245	-0.285068710147977	1.5511752486289	-3.55168651074865	2.73760334075258
komb1274	-1.7179731131666	1.62268030277447	-5.30297103101729	1.00218510181401
komc1235	-2.21655425882969	1.62291170508853	-5.82188062258711	0.454165017882627
komi1268	-0.0107188939548575	1.74142234270942	-3.65717357938208	3.53681339516013
komi1269	-0.00270851344855135	1.78534204087743	-3.66729888489729	3.68569912021145
komi1270	0.17752759139914	1.41302242474507	-2.52068937911374	3.23634241065192
komo1260	0.445692158229626	1.57513072922199	-2.61989648232316	3.74408208994988
kona1242	-0.046519688753683	1.43100553544797	-2.95346954124418	2.78264086570026
konk1267	-0.0590529824198478	1.74708527515127	-3.77733080605939	3.37418065146982
kony1248	-0.714747811044929	1.61372109804843	-4.1094447381695	2.43964864572967
konz1239	1.49477058890045	1.73493002139461	-1.49296054316014	5.38753332647799
koon1244	0.542330043585653	1.58413590705457	-2.37983915543431	3.88386425186624
koon1245	-1.17106398883725	1.68912525440647	-4.95570076111943	1.76272726851895
koor1239	-0.526960563093693	1.68700253723381	-4.20558378167781	2.70272434466405
kora1294	-0.771459043515437	1.58476448150356	-4.15734619403589	2.09556427281355
kore1280	-0.166738934450631	1.73106450382893	-3.73255173007371	3.36386623467505
kork1243	-0.103827600142538	1.75149204142235	-3.76299005237585	3.46486629560578
koro1298	-0.49786621768928	1.64455826640432	-4.05862314657382	2.6877663403642
koro1312	-1.69423719522068	1.60535539917505	-5.13994596076021	1.05706804453979
koro1313	-0.650017177365217	1.67742081480051	-4.12710111255349	2.53042059597416
korr1238	-0.0702583700196736	1.72714281133981	-3.63485299474603	3.29494238198733
kosa1249	-0.798527551574595	1.51056350241343	-4.0591707781628	2.00729668409991
kosr1238	-0.0607245251986256	1.74158030551389	-3.7336390673418	3.45128278429375
kota1263	-0.159162715535263	1.6953244771087	-3.67627783821652	3.25994593015369
koti1238	0.355583674146946	1.63126828458526	-2.73844228333669	3.79251995534845
kova1243	-0.313766691002492	1.4352624517269	-3.30038559587833	2.41698907865509
kove1237	0.308719134685599	1.55707192832	-2.83437010634215	3.51953301273301
koya1251	-0.0660955293936843	1.75245184065601	-3.74520860162466	3.47995996933844
koyr1240	-0.155929762430841	1.70746840800801	-3.77142101621362	3.19071192805466
koyr1242	-0.0989829302817582	1.71485475685846	-3.62264091741925	3.33692680404979
kren1239	-0.485607692730211	1.62814014249009	-4.01521906143826	2.57890609652592
kris1246	-0.989181700230952	1.61879687169097	-4.52496848197159	1.99104914384467
kryt1240	-0.75447626979105	1.57339777544666	-4.13527079866666	2.1933974945257
kuan1247	0.475725547626309	1.61963525578295	-2.56524179942725	4.07806734218995
kuan1248	-0.613794181214624	1.62251073856485	-4.0851116296872	2.35348603866117
kuik1246	0.692645936118356	1.48943785757852	-2.11100819421998	3.88171085266999
kuku1273	-0.104578673414536	1.72268686200904	-3.77625753895797	3.45215356117104
kuku1280	-0.0656112338017016	1.71027394957319	-3.56405113795769	3.36156952455758
kulo1237	-0.482231593705643	1.6171732970889	-3.9642950901386	2.54659486422652
kulu1253	1.28939712285268	1.46651108498449	-1.34543232429951	4.43352080714806
kuma1276	-0.240326156145313	1.64431997589165	-3.63161576415146	2.94392037617224
kuma1280	-0.494450763368494	1.3921521422707	-3.43874795373473	2.13760995481076
kumb1268	-0.0487093375308032	1.77336672159589	-3.74593530326413	3.56518921734712
kumz1235	-0.0654206964806044	1.73908971953725	-3.62614751818986	3.54163987313735
kuna1268	0.191122786546901	1.70164973481882	-3.29732709893774	3.67892389890326
kunb1251	1.31739256130081	1.79582167152777	-1.7266721319793	5.34712002519481
kuni1267	-0.269621653453647	1.49074381618283	-3.3855357987794	2.59436536809702
kunj1245	-0.085827038666442	1.79360954522536	-3.75986609758136	3.56258309946232
kuot1243	0.20263240471392	1.53654484004648	-2.81991391440764	3.33901917742473
kurr1243	-0.0537122021542221	1.75786877022565	-3.8026696454395	3.40546674984998
kurt1248	-0.510252695857843	1.68988354110343	-4.15222113693371	2.70949129057455
kusa1251	-0.179781776396308	1.56616934476729	-3.44847006536927	2.91783980406404
kusu1250	-0.53536460305684	1.63340649136424	-4.07420215431767	2.5504722835502
kute1248	-1.82145157217359	1.65002980665674	-5.53989261591008	0.843066224345137
kute1249	0.157981202174004	1.60532745864444	-3.16748075136138	3.4351901070054
kuyy1240	-0.171913814244399	1.7274853940084	-3.79411705067681	3.28508744078673
kwai1243	-0.366599344428786	1.6188627333742	-3.80074743564099	2.68090857872598
kwam1249	-0.064687155804743	1.70339049843659	-3.60428437312012	3.44675206201784
kwam1252	1.41938068404827	1.55382370636277	-1.33640318377794	4.85563149291317
kwar1239	-0.360805993126341	1.63182357457597	-3.87201729679214	2.74579678668885
kwaz1243	-0.402884670600316	1.637731392726	-3.88369899461095	2.71132198790379
kweg1241	-0.125893998933639	1.58071945315028	-3.41546645825937	2.97200577962225
kwin1241	0.382172572079115	1.7266772453995	-3.00923424944408	4.04827561901538
kwom1262	-0.160390221695051	1.44498044203824	-3.14925542632233	2.80528544648005
kxoe1243	0.190863086498889	1.68277794020246	-3.10363295280534	3.62988850337139
kyer1238	-0.428909403192093	1.56946984088584	-3.80008810379782	2.61314119059695
laal1242	-0.379066298165952	1.71215897245195	-3.97683011957121	2.99540847337139
labo1244	-0.208849360658655	1.46794862534381	-3.28169351397766	2.62717761274803
labu1248	0.757968966361165	1.368340701861	-1.84312811675903	3.59371545120938
labu1249	-0.433877612322825	1.67718080630099	-4.00543062482627	2.79801056277124
lach1248	-0.243767928371395	1.68565785770342	-3.76717237381629	3.02325857585148
lagw1237	-0.808406202984257	1.72692091596118	-4.6652154411544	2.33073809725728
lahu1252	-0.4332553074035	1.6657535020804	-4.05029224999208	2.74404575863994
lahu1253	-0.399284552769554	1.63403974954059	-3.8355781914783	2.71758496856087
laiy1246	0.64846348081065	1.54620463744315	-2.30347058077002	3.88390099750418
lakk1252	1.07910714481836	1.67759475217944	-1.94594588933792	4.83074899122411
lala1264	0.397998303834995	1.62643278010112	-2.67475571808489	3.8859876317469
lala1268	-0.756056422296725	1.63464835355197	-4.2594387236213	2.25621575582687
lama1277	-0.195365793028592	1.64775876794825	-3.65003572419283	3.03907322643111
lama1288	-1.31621303532367	1.69777709688717	-5.09985324369107	1.62163546231093
lamb1269	-0.0722385887575974	1.77976129534397	-3.71195221854057	3.57953065388388
lamb1272	0.84341397903166	1.60705110314772	-2.04171603257251	4.35323227162755
lamb1273	-0.103531060722135	1.70858265175736	-3.63441946225664	3.24165548648337
lame1260	0.206315965782118	1.46215982115336	-2.76693478104231	3.220532440479
lamk1238	0.574702187427054	1.41844534594864	-2.08464919116736	3.60089221780274
lamo1244	0.0137867495870015	1.55600518078119	-3.22198905357421	3.11182992696978
land1256	0.323554531533612	1.45931880031691	-2.59706088294789	3.30373025455533
lang1320	1.3159851750743	1.55176273682517	-1.37411585083523	4.6648554635388
lang1324	-0.298542828403973	1.64378625553403	-3.81752624964682	2.88005999549082
laoo1244	-0.185716265669377	1.76848433561823	-3.86950665104508	3.29353175654475
lara1258	0.94270380023499	1.6974147322374	-2.17930072198618	4.69331777012686
lard1243	-0.521477174974845	1.7052999199267	-4.10292882970036	2.78249423771169
lash1243	0.213230968531011	1.59973512336351	-3.08778394770577	3.48348382913543
latv1249	-0.0505526427075403	1.73350691586848	-3.68336177902168	3.50490647718575
lave1248	-0.215389000488137	1.6964351946111	-3.69279853820674	3.09389386715521
lave1249	-0.242235220214153	1.68123418984079	-3.70299207378569	3.02065643162279
lavu1241	0.0492195772683548	1.53097620419219	-2.98380205630398	3.26369496276134
lazz1240	0.393565621204639	1.71618797121317	-2.93292068784546	3.95913661353087
lega1249	0.0236486748438155	1.60050862551267	-3.05998160896452	3.27207573559491
lega1250	-1.12415453403309	1.59510667440725	-4.6408244266246	1.66302463471986
lele1267	1.71413803285638	1.64553949726533	-1.08957124639054	5.30555218184419
lele1270	-0.193829845127189	1.67059670832195	-3.70087967136596	3.00786484334291
lele1276	-0.575508962618417	1.64816281604371	-4.20470694179722	2.54818887954685
lemb1266	-1.28662472296212	1.49047887781029	-4.56451931503958	1.35568974606261
leme1238	-0.364593630820071	1.70274323252091	-3.96762711311995	2.96265619431111
lena1238	1.63015742237012	1.59253150565776	-1.12788838150634	5.05796475082362
lend1245	0.754407320563071	1.61229815923993	-2.24950067623098	4.15697060801014
leng1259	-0.339597834887248	1.62712548848659	-3.80772656273623	2.80773824820513
lepc1244	0.101457651018225	1.47330999160593	-2.98817050860403	3.08756546239964
leti1246	-0.214808421613962	1.6621744152792	-3.71226997509909	3.12273809530888
lewo1242	0.480838067287051	1.51322527848151	-2.4557737392859	3.67909912175791
lewo1244	-0.213088555802479	1.65953860484478	-3.74410104367754	3.03449740799981
lezg1247	-0.205883733153313	1.59007465145385	-3.57074698161327	2.82722832395868
lian1251	-0.42536321314528	1.47755835189959	-3.45049406129553	2.5425093703316
libi1244	-0.583020144646369	1.43418896797259	-3.6784220348519	2.08014506127759
liby1240	-0.229775671224639	1.66458134030005	-3.77191056744953	2.9641474137217
lihi1237	-0.188563845723293	1.58911792731678	-3.3903429748796	2.90447017402111
lika1243	0.486779195577934	1.56858025101792	-2.4749128643542	3.74828567398527
liki1240	-0.351156939301348	1.42072152769843	-3.33858003480324	2.39418347321867
lill1248	-0.565802307484243	1.59936568173143	-3.99866360004061	2.51164262361585
limo1248	0.0534687207991204	1.48124618984282	-3.05565822287067	3.04499123664182
ling1265	-0.3710283367295	1.45127124562324	-3.47236829672925	2.40203179745438
lipo1242	-0.330689004476332	1.62398226339405	-3.80030656309579	2.82430087704561
lisu1250	0.808166799073537	1.54106013339077	-2.0053987608957	4.10166544342155
lith1251	-0.077692867864053	1.73206615074758	-3.60919531766944	3.41434597286087
lito1235	-0.11082268744916	1.44112880044255	-3.02014620128499	2.87133544473568
litz1237	-0.41740013539792	1.4603357382	-3.57011805169683	2.31460547284236
livv1243	-0.0149254493794919	1.72033599905413	-3.55658439246702	3.52847755079441
loba1239	-0.496284517376686	1.46234759646489	-3.54526356142974	2.33501848810274
logo1259	0.0283279546319316	1.69601268127965	-3.38801192035002	3.42165768185472
loka1252	-0.325574748230549	1.54220155060689	-3.55201939114681	2.72518856124277
lolo1259	-0.317570015062531	1.62025231408646	-3.70354907806038	2.77358185555547
loma1260	1.93924344149496	1.76554189842805	-0.962375476685667	5.92426328797888
lomb1257	-0.156105211393053	1.66978402347096	-3.69756411001653	3.19092596193284
long1395	-0.316084522513713	1.65040569787157	-3.84224559478646	2.83321963104982
loni1238	-0.176232850387911	1.69034492912648	-3.67862551235502	3.10596231223267
lonw1238	-0.221616652764871	1.44515628740821	-3.23156442705694	2.51658364930538
lote1237	-0.53155400179462	1.59589047843662	-3.87523815055965	2.46272888348643
loth1237	-0.956233240893303	1.52309214746269	-4.18455960089696	1.99130271186318
louu1245	-0.158454287802609	1.66955477119382	-3.64270154468127	3.03049624267304
lowl1260	-0.875776167643139	1.62767164465532	-4.37919261539332	2.18384514090973
lowl1265	-0.80069966100545	1.48810999303775	-3.98233382697919	1.96787066392095
lozi1239	0.656917261403364	1.60629988829803	-2.33870282667657	4.09354258949701
luan1263	-0.202472522515061	1.65067133865073	-3.59576549135434	3.07358384940448
lubu1243	0.321315836149659	1.42516642123446	-2.47944963798744	3.24380822670202
luch1239	0.557515618256343	1.62023099636164	-2.47442884880705	3.98869591080544
ludi1246	-0.0419834326113419	1.71722708556229	-3.56577336247571	3.35160083667513
lugb1240	0.0801973541463733	1.62515444569181	-3.24444263316867	3.30461080744027
lugu1238	0.425040328968386	1.57513184326559	-2.50533162091896	3.69717174597652
lule1254	-0.0192832999700827	1.7836257829382	-3.62108277168947	3.53931038220246
lumb1249	0.218991366881339	1.60695895581301	-2.97719755268052	3.56890958384394
lumu1239	0.693376128269267	1.7421963638646	-2.54174375129185	4.42401878898415
lund1266	0.489133750124285	1.63828133262443	-2.5887129984946	4.00382135162297
lund1271	-0.383766128185883	1.68988937578109	-3.86944475779064	2.87760487115733
luok1236	0.0972480972992226	1.50196736849883	-2.82061592370741	3.12473644655048
luse1252	0.355529013791734	1.55158006863343	-2.59677046443808	3.67206387111756
lush1249	1.55589645135101	1.57758872665369	-1.1168478198076	5.02137504142456
lush1252	-0.669019658659699	1.64999537331924	-4.20779798311643	2.38519031803577
lusi1240	0.257046226331522	1.51521944331712	-2.81709278794724	3.33734221714918
luva1239	0.585055247704013	1.60341851274046	-2.3531012453045	3.9510163701427
maan1238	-0.0769255143049927	1.70069623844591	-3.54286797468016	3.25318445868641
maas1239	-0.64084331452388	1.62703096879685	-4.16724823385707	2.41261715051555
maba1270	0.545599979057184	1.58343577398903	-2.5144451177212	3.91083151398993
maba1277	0.209568108210182	1.64646744886481	-3.08909908484306	3.62531672582088
mace1250	-0.121008566828662	1.70256180272543	-3.746760286891	3.25599009681096
mach1267	-0.382033564193819	1.668046111241	-3.78420750653054	2.8771603517793
maco1239	-0.4955383559519	1.63102044725569	-3.94359884792999	2.59258582249915
macu1260	-0.44715497353803	1.66429595492385	-3.95045821013452	2.77224113006358
mada1285	-0.065099126127625	1.55434394298277	-3.25339467988447	3.02521030235605
madn1237	0.123406618399151	1.62946007704113	-3.09466716753887	3.49222830938534
maee1241	-0.476361839930212	1.47215605219907	-3.72033315034645	2.27701619852771
mafe1237	-0.547117432369979	1.54155758396583	-3.86438797676655	2.40679722647579
maga1260	0.143832459875683	1.70411081847405	-3.2838704108088	3.57120265475947
maga1263	0.218358298172377	1.55257812260105	-2.93486392401329	3.37632642587143
magd1235	-0.205293008458354	1.60371965562929	-3.52533779990989	3.00640596172929
magu1243	0.747601200548528	1.40878950752007	-1.85651426997179	3.72457261374985
maia1253	-0.331144318710084	1.40539361775461	-3.26631092296972	2.40484479987825
maia1254	-0.519191723577518	1.39925874469167	-3.53030109519313	2.14004519848728
maib1239	-0.464473490353186	1.62740721759158	-3.93735431483026	2.56828930968643
mail1248	-0.0228130879765294	1.57404326520683	-3.27948136141915	3.16178894674291
mais1250	-1.04283409134179	1.62360854036439	-4.55192926351454	1.86594485853115
mait1250	0.931438606663918	1.58493436369359	-2.046618819221	4.3289038791167
maja1242	-0.451690447303859	1.69722786756647	-4.07367764483967	2.7707138536654
maka1311	1.70335841736156	1.69102977152647	-1.10496697971891	5.40359011164667
makc1235	-0.0882156461212141	1.68336434388952	-3.56839653858977	3.3832069215127
makh1264	0.538053867982031	1.59191571997812	-2.50124200596055	3.98206558814761
makh1266	0.64982426837598	1.60737042723047	-2.28034252650026	4.16750734101211
mako1251	0.601879350189552	1.64194997393745	-2.45989899171512	4.17857475725167
makw1236	0.600648608901458	1.64456429532424	-2.37832613134897	4.16308325256612
mala1463	-0.049348188961956	1.75542718560575	-3.75759499947182	3.52114143271879
mala1464	-0.0539183054872633	1.76317810826965	-3.58333977756954	3.49229562310881
mala1479	0.320245435775317	1.67329144647186	-2.99341342931096	3.82344577877493
mala1522	1.87833267585237	1.67025589234424	-0.875325803591886	5.56093855623902
mala1534	-0.0808245542071765	1.51764131575341	-3.22143973375773	2.97248050242112
male1284	-0.551849595602777	1.70359567332062	-4.23117227760659	2.61492729987208
male1289	-0.175236391498021	1.50082054775321	-3.41675268458463	2.71970339363335
malg1251	-1.4062523681391	1.70443518787392	-5.21703098601094	1.48618166566626
mali1284	-0.757691912769936	1.6567746505948	-4.39787073173135	2.3039533183842
mali1285	0.00523396335125178	1.59485112844205	-3.27536571663513	3.27482468726209
malo1243	-0.536618018829426	1.49439426133123	-3.72854326904552	2.24219564289265
malt1254	1.22482953973769	1.60047535674033	-1.5491392199692	4.89521906192071
malu1245	-0.476065258839531	1.47983628600293	-3.70085103007033	2.29071986660436
mama1275	0.510022957788849	1.49335732750037	-2.40460007285327	3.60486503317991
mamb1294	-0.859888964357286	1.67135751086635	-4.59942855866652	2.23338862358683
mamb1296	0.509133706339911	1.62773415671529	-2.53381560440803	4.00016948620005
mamb1306	-0.464176018427952	1.70603392450089	-4.17906846050085	2.80416571190418
mamm1241	0.671286820246325	1.52066946672393	-2.17267847962146	3.93518603400325
mamv1243	0.391677704267569	1.62447738754038	-2.80795855357784	3.74710303978286
mana1288	-0.612624232764918	1.62769282050133	-4.18540038639478	2.52225977814688
mana1295	-0.676534388590239	1.47151339627086	-3.777156432355	2.06253083229025
mana1298	-0.17596382941168	1.44863702469936	-3.20437434558495	2.73251833329928
mand1415	-0.0742845358010497	1.70403203535151	-3.66649086900546	3.34272482256558
mand1436	-0.408749742415881	1.57671188289688	-3.73638173238672	2.55819775262648
mand1440	0.0664698685717095	1.61381473764957	-3.13083229145211	3.36330726882623
mang1378	-0.365620067900374	1.68605849213535	-3.953109714636	2.83580172375551
mang1381	1.05072877160828	1.77058237270468	-2.1420073026068	4.99362423737762
mang1394	0.0823577150597398	1.61267986556066	-3.1831418508993	3.30010819696772
mang1401	-0.0642646271045402	1.69503101924893	-3.54469722080034	3.37773302752539
mang1403	-0.410010640397953	1.6047233998686	-3.79015292746947	2.64946890903136
mang1404	0.694105596180562	1.38133819209848	-2.02909299705421	3.56414029381848
mang1405	-0.0805890899815832	1.67289515293932	-3.49814170481309	3.27853867341908
manm1238	-0.391780967138779	1.67634087197883	-3.96160669050265	2.75353878096084
mans1260	-0.542446515656404	1.67805922806954	-4.25445610425729	2.63079590478749
mans1262	0.427759446539159	1.55271293746682	-2.59902103446897	3.64047001941479
manu1258	-0.204754174367997	1.66414113112508	-3.7724931001939	3.00435556092421
maon1241	-0.0711071204600838	1.71618999631995	-3.55901031725474	3.40241322381865
maor1246	-0.0661594525192817	1.71306660574824	-3.64644739959807	3.38503302030921
mapo1242	0.747900180858372	1.37074485161501	-1.85763620839481	3.60182624039002
mapu1245	-0.3620047279512	1.69635702936461	-3.95478630373775	2.92309677587588
mara1378	-0.083543261360431	1.75277101529202	-3.71257641186461	3.41490088745464
mara1379	-0.695032626274539	1.40018386004003	-3.62947415547551	2.02771938969489
mara1382	0.774103218504573	1.46644632068082	-1.98104604380284	3.82644548382487
mara1385	0.663358713469513	1.72222985383999	-2.6007752986557	4.42556916150055
mara1386	-0.139612359755991	1.61400999250646	-3.53057476907384	3.10075707023865
mara1396	-0.0124199436559573	1.70374957394298	-3.48094167738251	3.47122836983607
mara1399	-0.447289624524296	1.46771331607244	-3.68566025012051	2.3186165583127
mara1404	0.183327169272589	1.45497797234955	-2.78359559476893	3.1783632826364
marg1265	-1.3570683965551	1.69943159001012	-5.14291872673639	1.58022370896805
mari1414	-0.0303470551299561	1.73867288155379	-3.59399678961468	3.53166677176128
mari1416	0.589070558552132	1.38679841648294	-1.97772167041797	3.6075647718619
mari1424	0.0248484269746774	1.60399468167245	-3.1879037866587	3.28738912489693
mari1426	-0.422747121777415	1.62255974152434	-3.92231169934382	2.72660613784727
mari1428	-0.150006067981718	1.39913197685059	-3.10467819050859	2.52865774056486
mari1440	0.498609672566729	1.59308765502373	-2.62125057546735	3.97300763106744
maro1244	-0.22026365913232	1.54491626955522	-3.37704621304703	2.75548423122773
mars1254	-0.0436435135202398	1.71436510385191	-3.54519060283882	3.37797162621403
mart1255	-0.0351863585515697	1.70750383650647	-3.599082056463	3.36244790745568
maru1249	-0.248106417116152	1.66955178406246	-3.69041315642101	3.07300565847693
maru1252	-0.54745366309164	1.6879521878004	-4.23786684048694	2.65803987981692
masa1322	-0.716759859956992	1.67351446271831	-4.36650389836832	2.39883018935708
masb1238	0.734413008070834	1.49661126138826	-2.11149466484262	3.88306664738594
mask1242	-0.0468851770743344	1.4403700891291	-2.97772749921294	2.75967072881792
matb1237	-0.2023177385347	1.67434395406797	-3.65836555424173	3.16119876767609
mati1250	1.32094225781011	1.47575930973852	-1.23641589020942	4.47890228241866
mato1252	0.864570248724958	1.39774785531214	-1.71687356530437	3.82260897718594
mats1244	-0.594069024394851	1.66638733452589	-4.13991445819445	2.56367722769733
matu1259	0.589486988211162	1.62044556687568	-2.37504821885528	4.04269893894239
matu1261	-0.102098586986664	1.44921369460734	-3.16922962032407	2.69587596057118
maun1240	1.25057903030699	1.76157365043631	-1.85588075694095	5.12959179865444
mauw1238	-0.182780920655546	1.43169314854316	-3.14399994112957	2.67708800909659
maxa1247	-0.47570743230442	1.6533663174552	-3.99719462080074	2.63850319356875
maya1285	0.484215944598206	1.61648755029317	-2.61957871965427	3.89340958343634
mayo1261	0.212398687765463	1.55416925740904	-2.84271390998825	3.37494023361598
mayo1264	-1.07105790185245	1.54825381757479	-4.39742026417749	1.68108978567349
maza1304	-1.08214381467451	1.67539410726011	-4.81241494057958	1.92045676822877
mbaa1245	-0.387841798041095	1.66211395751653	-3.99912644186735	2.81493778981186
mbal1255	0.470943379074467	1.58688002156167	-2.52610476090278	3.89670636203345
mban1263	-0.194252655083156	1.60987597250339	-3.51911074196356	2.96177741808941
mbar1260	-0.681790824486108	1.6991513217962	-4.35437179568025	2.47511320764542
mbay1241	-0.518346352890516	1.65532691107905	-4.02906206026962	2.69947045867621
mber1257	-1.49694678282394	1.68012263929992	-5.22618717536902	1.30358683355853
mboc1235	-1.7331761687923	1.5808954292347	-5.17815558197277	0.943768329561761
mbol1247	0.125067710425626	1.53189043462094	-3.02511314729963	3.26056393154922
mbug1242	0.861814849179537	1.56179750798605	-2.00866464110313	4.16481742585623
mbul1263	-0.326765531172432	1.45296508257252	-3.37274373418213	2.39232120328435
meen1242	-0.399284403259078	1.75188311590598	-4.14871971127284	2.92078688044302
mehe1243	-0.69151846030008	1.47965253838697	-3.79434448047379	2.02069658181488
meke1243	-0.218984371463529	1.53277590323829	-3.35599216911074	2.83920089465147
melo1242	-0.564525454488394	1.74754943588435	-4.32460435251228	2.61070032978942
melp1238	-1.38569765225339	1.55744394827884	-4.88042644345692	1.23214251197093
mend1266	0.351731911665359	1.52517152141689	-2.64512236408044	3.58012211861253
mend1268	-0.614071043888921	1.48150939882611	-3.74165400239614	2.12675205890929
meng1267	-0.707078838846691	1.61256938402648	-4.21811546300157	2.25654834773097
meny1245	0.816451546869605	1.47090077811232	-1.99957807038938	3.9637322587945
mera1242	-0.680504930169941	1.64392586108973	-4.26019059217298	2.38538167656835
mere1242	-0.500929633342826	1.56819437509171	-3.82535268624178	2.49389049847437
meri1244	1.24515875045065	1.7308351302429	-1.82977089783884	5.06181453036129
meru1245	-0.174744981430922	1.40819966685268	-3.08397541735927	2.60837221501087
meta1238	-1.94256470087684	1.63169243332409	-5.5117266694672	0.712318970115227
meya1236	-0.596135167938603	1.68372741388552	-4.23392606239788	2.59045970580233
mezo1235	-0.0287226657886025	1.56859276749934	-3.27211254901547	3.08612490005943
mezq1235	0.0086095532485813	1.6256611839473	-3.33968167272582	3.30669436778096
mian1256	-0.029430712774076	1.41643368797124	-2.84649687055557	2.90496991616369
mich1245	0.268357663730924	1.59539043990385	-2.82305961945217	3.56298940620997
midd1327	0.908222387780852	1.40159338841116	-1.76477257091908	3.85352560406024
midd1357	-0.0757238839248573	1.76254895002876	-3.74251417914199	3.44709440744191
miga1249	-0.248063468662963	1.66238073008589	-3.81928832745113	2.95552177073164
miju1243	-0.157566110659035	1.62934879910882	-3.59960120620481	3.06291679157325
mika1239	0.273764487000036	1.73166394924574	-3.07661675110045	3.87633889465468
mikm1235	-1.00586399528254	1.61716930659017	-4.60593378791074	1.83218515936714
mila1245	-0.476228979527974	1.67949164270927	-4.08525487900678	2.82782901081657
mina1268	-0.0137798087846922	1.75782135274426	-3.6275545076566	3.50102093115094
mina1276	-1.13152325930527	1.69195208023944	-4.91713720892045	1.87733018306121
mini1251	-0.605521784059662	1.61927324611458	-4.1160586397638	2.33967278021985
mini1256	-0.184767288229404	1.61024786534463	-3.47593007335722	3.1406437221412
minn1241	-0.152978602166294	1.69664877766426	-3.60154376777259	3.15395216748198
miri1266	0.634908007832519	1.71009438364327	-2.61200507151335	4.32690967336909
misi1243	0.743174686429217	1.68532180999544	-2.48591063649603	4.29364754179901
misk1235	-0.321464224699407	1.58974529677145	-3.68495122011739	2.75613313962744
mixt1426	-0.819667729388129	1.67770476336498	-4.49584269690421	2.321507044767
miya1259	-0.133067620698442	1.7155591165008	-3.61661109384505	3.2782316931307
miya1266	-0.456552213170015	1.63401867874588	-3.80280529762198	2.71083272611683
mlab1235	-0.204756052493337	1.69614069920264	-3.80898508818701	3.14101029722594
moba1244	-0.307358198577477	1.66956178907784	-3.86959724480293	2.98769128810299
moch1257	0.840815094558477	1.50326097633425	-1.88963511157721	4.01749075842645
moco1246	0.511468028236219	1.64292234335526	-2.63021429508778	3.97686471473897
mode1248	-0.0867826419945471	1.67646335194221	-3.52557516954873	3.15913714581941
moha1258	0.325134882425313	1.71806153777194	-3.006531388095	4.01036861690678
moii1235	-0.45985376435223	1.66981043864663	-4.0650044230724	2.6837382585849
moke1242	-0.098690341428631	1.71098716728627	-3.6383282610656	3.2228003638131
moki1238	-0.0805938775543892	1.68850188427009	-3.55467612783702	3.28032315193154
mokl1243	-0.158894888964692	1.74472823910028	-3.81762016336467	3.23954908402788
mokp1239	-0.272115884541392	1.43969053751416	-3.27185905089751	2.5947784381382
moks1248	-0.000235156235586518	1.74584253878921	-3.60785192340222	3.59244304078367
molo1266	-1.1092990238301	1.70625449950748	-4.93132560880259	1.95036301328338
mong1338	0.418074722444554	1.66375560007784	-2.74141171086055	4.03692746370718
mono1270	-0.197887012106231	1.67338304178948	-3.73943180717929	3.14586312273075
mono1273	-0.427297764079693	1.67257065451043	-3.88669940798705	2.77721874030201
mono1275	-0.919750508697886	1.64458462645746	-4.58539764325715	2.04679430746908
mopa1243	-0.321174693083981	1.62330217603075	-3.81566558013638	2.78652108529792
more1259	0.38752390652156	1.55624503252094	-2.59967430813744	3.68732444219551
morm1235	0.672943633127259	1.5727225935854	-2.3404698149351	3.95867453668098
moro1289	0.997993080219532	1.70687227466168	-2.01516587247872	4.77704250084021
mort1237	-0.0602963707066626	1.7013448839858	-3.53070232174784	3.32675131082473
mose1249	0.455842495624197	1.56255973644994	-2.58894343512641	3.70691412573591
motl1237	-0.345361325958149	1.7103239764655	-3.96025213512085	3.08553177143532
motu1246	-1.05563019142297	1.6770839380649	-4.73266182109434	1.96199640222931
mouk1239	0.104011808020253	1.51440410692639	-3.08536804373865	3.13785017694389
moun1252	-1.25582786418844	1.66940961939242	-5.06027584125665	1.75452015665939
movi1243	-0.675808744267398	1.58671981646492	-4.0670813209451	2.27726501789834
moyo1238	0.214682710036323	1.35177027081246	-2.39070570359775	3.01003775920098
mpad1242	-0.74156529173257	1.70848038127154	-4.38947858211078	2.40106072414845
mpii1239	-0.171858123952749	1.66568834222139	-3.59696249663448	3.14891373600457
mpot1240	0.637520700237587	1.68292589685714	-2.43884223447275	4.24591416943333
mpur1239	-0.677355201011581	1.69356288306655	-4.37276641150952	2.50109021966197
mual1241	-0.127969013795144	1.67971960266981	-3.61432637009138	3.2702924138741
mudu1239	-0.132955711464539	1.69782371236031	-3.68132769238434	3.25772212011319
mudu1242	1.50180197840098	1.70012054511984	-1.40239856510945	5.26920326045635
mull1237	0.129954254303683	1.6054253186587	-3.12033154151266	3.38508910934419
muna1247	1.7529387170675	1.67584153809548	-1.02682890111203	5.47890042545911
munc1235	1.06319534849397	1.55416242634035	-1.64676747670306	4.65826631624949
mund1320	-0.00981758385823827	1.74528500419206	-3.56390914495209	3.51498216476116
mund1325	-0.856289674145066	1.68040008214485	-4.45142370340447	2.22178563700392
mund1326	-0.213889595270146	1.6326198639534	-3.70129415890893	2.99765763087308
mund1328	-2.16536397891079	1.61721294399149	-5.85037641041277	0.484583227821128
mund1330	0.923023979001735	1.62475909122886	-2.02118096915633	4.39853772624193
murl1244	-0.206540626843791	1.68657212501708	-3.91253403616521	3.09801757651051
murr1258	0.217531486659138	1.56113461464684	-2.7724719432175	3.54716280703685
muru1266	-0.0256329030302489	1.79429308054311	-3.69636773563745	3.57678569123175
muru1274	-0.308265033389912	1.67882521420904	-3.887827762312	2.95727670855324
musa1266	-0.57301659796762	1.41650294958306	-3.62165603556356	2.03339133726517
musg1254	-0.827318607296156	1.70193248239814	-4.55989410354468	2.1947984092767
muso1238	0.897442394148339	1.38159973248485	-1.64165307911825	3.78971751749514
muss1246	-0.0361676015648088	1.61986547040118	-3.41988936151646	3.2118086208078
muyu1244	0.0206989765874135	1.67329922518018	-3.34502209688661	3.48359153558835
mwag1236	-0.318659871449968	1.60865001632954	-3.62630867777247	2.86506471981155
mwan1247	0.571924457243909	1.6393107261996	-2.50348905902369	4.09875841645757
mwan1250	-0.447718122742413	1.62017484831539	-3.92524196281508	2.65051363038548
mwer1248	0.638338044462951	1.69869572225182	-2.53417026010956	4.27474114379528
naas1242	-0.668743078147826	1.69124944455713	-4.24820641291482	2.47047750612355
naba1256	0.930209685151117	1.38319958863178	-1.62064215939444	3.85090866036675
naka1262	-0.500906364906778	1.57478191447825	-3.84280669384907	2.48403100636253
nalc1240	-1.09367357094416	1.55984316706585	-4.42648366013612	1.78224473519069
nali1244	0.224719427420212	1.548870705696	-2.83256724428421	3.41625681223943
namb1293	1.74046603167278	1.75258835426347	-1.18401707853842	5.6021310097007
nami1256	-0.964010614689463	1.47288826996009	-4.11572399294489	1.7247678758944
namu1246	-0.301345040865876	1.60034844016607	-3.63641152806755	2.76490075577699
nana1257	-0.0347002584311049	1.76617926439362	-3.63853107204425	3.57532381827686
nand1266	-0.124423374731651	1.57670599521058	-3.37403866033077	3.02873019606779
nang1262	-0.225542429933438	1.6401324905828	-3.62684273925788	2.94835645047017
nara1262	-0.0255768733890963	1.69670605881002	-3.44365614344723	3.38984282036526
naru1238	-0.0305907693441746	1.7690847250904	-3.68246974522794	3.63485282565662
nati1244	-0.169099848940051	1.46071471711417	-3.18739015564932	2.67872290390139
natu1246	-0.220014503953056	1.64554151132479	-3.68974507118764	3.0071513318768
naue1237	-0.27847593053617	1.66075715057726	-3.79129922501	2.9213187742992
naur1243	-0.0245188470957692	1.69343202694249	-3.51780951807207	3.36460412279501
nava1243	0.0707953780938137	1.58371824902518	-3.08152931354936	3.37059090121263
nawu1242	-0.350197055705303	1.69542354093481	-3.91498345299962	2.92986763864539
naxi1245	0.132596592811951	1.61586195351986	-3.09389279676684	3.43911919284259
ncan1245	-2.18822919879094	1.62246460582133	-5.80784414606212	0.490523205449353
ndam1239	0.880700654758999	1.57713147603984	-1.98932321922224	4.34329206590264
nden1248	0.370437834155844	1.60405653188159	-2.73428097993119	3.8316872614372
ndog1248	-0.245901056911067	1.70861358608286	-3.82251258720152	3.00605917267219
ndun1249	0.499379984179716	1.57667341705642	-2.54095506073087	3.91175732140145
nege1240	0.906623867431355	1.6589591395731	-2.13801443411231	4.52267870765928
negi1245	0.228439535500314	1.72360480991481	-3.24330120076678	3.75375661393251
neha1247	-0.46399286029641	1.70492360330984	-4.13424068111369	2.75508997749429
nend1239	-1.13717591129177	1.49642028252554	-4.40760671755682	1.45039857337582
nene1249	-0.0177584896940087	1.77649065158393	-3.64468802953977	3.54212458733087
neng1238	0.0061434068944095	1.67494645565223	-3.49040234576716	3.30288296670591
nenn1238	1.71314197467684	1.74248969840067	-1.16598839706518	5.5480779937267
nepa1254	-0.56718672165372	1.53521299054279	-3.88026195840331	2.30473991105173
nese1235	-0.486753548519991	1.47615920823611	-3.67276903475111	2.2832593305432
newa1246	-0.34887338526394	1.48868735869911	-3.40451360983174	2.44418037508885
nezp1238	0.766580869787485	1.60799796534788	-2.27492353737217	4.15536092662875
ngaa1240	0.0174602391281223	1.72815570889152	-3.55847283271841	3.52185949101376
ngab1239	-1.14448133211992	1.67275180311455	-4.83210763846553	1.80581945388714
ngal1292	1.09315991792411	1.74593668725161	-2.00639830807196	5.01043508855986
ngam1268	-0.561547261572711	1.66226280536179	-4.25578175770465	2.61553695360408
ngan1291	0.0114072979027958	1.71661877887471	-3.52187442042293	3.47715844389417
ngan1295	1.00242201743276	1.7478774613846	-2.12714530063594	4.86727663138885
ngar1235	0.558525283134159	1.70753673417566	-2.69074050190598	4.07691594726599
ngar1284	0.487175995679373	1.7012118239007	-2.77946881381649	4.11137433926118
ngas1240	-0.598348942073902	1.63848393840924	-4.06989818417779	2.45401071595727
ngba1284	-0.633559947257623	1.62338640923564	-4.12382013153211	2.37116164815291
ngba1285	-0.245850766162952	1.48890301816661	-3.2260304243731	2.6983671589197
ngeq1245	-0.211068098753861	1.68938608216123	-3.78519343926799	3.10439080593518
ngge1241	-0.0171763307857592	1.51155647829712	-3.06398506972648	3.02151743598005
ngit1239	2.09635625351969	1.80075471138457	-0.795171281053904	6.16609911450728
ngom1268	0.402205065513784	1.58418976779259	-2.66086375155811	3.75409494474309
nhan1238	-0.0345668869719179	1.71523319670694	-3.56903413354476	3.48557302631318
nhen1239	-1.24323778517713	1.58530124138235	-4.80160197796815	1.48787346716383
nias1242	-0.129082069935947	1.69274774375638	-3.60957031937027	3.24033421479682
nige1253	-0.883486628788426	1.64298026516269	-4.44973083529629	2.22554442733282
niha1238	-0.158016560139215	1.70427332022278	-3.71837999067458	3.24279985112235
nila1242	0.793168469993735	1.5812845810299	-2.08825227950785	4.29648483346311
nisg1240	-0.545710256421447	1.62582153971152	-3.99141918738852	2.54691860826134
niua1240	-0.0578909203588837	1.71753263524861	-3.56002745828071	3.42784832307342
niue1239	-0.0770932072276209	1.69508141512506	-3.60946520018191	3.29188923210573
niva1238	0.901047289296505	1.67709622569146	-2.23999178936636	4.62397291639362
njan1240	-1.62497919461795	1.69671688803825	-5.40617106742974	1.3163422162148
nkon1248	-0.45723250384528	1.61712606628184	-3.99352145068884	2.665128096297
noct1238	-0.572622614284981	1.61421997312493	-3.95944866200628	2.49128203415873
noku1237	-0.414780953855197	1.64859455030019	-3.91633813334547	2.75344711505979
noma1260	-1.79349461921439	1.44344926003923	-4.86017328555106	0.667822500128868
noma1263	0.0469846668749718	1.5948182906176	-3.2995122752632	3.2604956248911
noon1242	-0.471359166967998	1.62162363011442	-3.99171752759122	2.51667041944403
noon1243	-2.19419311477253	1.62989083613793	-5.80428799270766	0.499379288133355
nopa1235	-0.424757873668324	1.65242679530349	-3.88234569930095	2.74928690941072
nort2671	-0.00951977874495533	1.77048822063103	-3.54842947320538	3.60010493647241
nort2684	-0.146009622089728	1.73919068903027	-3.84371099842096	3.31987398657529
nort2690	-0.0117034702814101	1.71451029451068	-3.48735688187936	3.43443051335896
nort2697	-0.496715549477198	1.61825883712557	-3.88608509330535	2.6689078180648
nort2702	-0.0896179842545178	1.74169749093849	-3.71394261626849	3.43442773873185
nort2722	1.13761681784043	1.58908054345531	-1.7264168505188	4.6035739652006
nort2723	-0.283609486371904	1.59494647171519	-3.64656119522163	2.76857773834632
nort2724	0.326169676017447	1.56159537642069	-2.76192713428918	3.5467312152123
nort2732	-0.133571041670867	1.66071754738688	-3.50349430362661	3.1615758029459
nort2745	-0.177283418046833	1.73749512899296	-3.79777673473401	3.28193102181244
nort2747	-0.093332417631728	1.70581426093958	-3.57260458327685	3.38931833012146
nort2774	0.322765354265798	1.57559835067325	-2.82431182101929	3.56934144470992
nort2775	-0.417148237552804	1.7034689860161	-3.98794099526467	2.90229561945094
nort2795	0.670181642980393	1.54554462834633	-2.20365315873104	4.07949511649468
nort2839	-0.21711913896397	1.4686137442125	-3.26438445558946	2.57229009279235
nort2845	-0.0612260696438383	1.6719042018907	-3.44395937198505	3.25104861598904
nort2847	1.72827167938831	1.61516666954903	-1.03259345132523	5.2237444978347
nort2864	-0.225951711924077	1.69488432161954	-3.78831826676958	3.12972565900685
nort2877	0.651466487356521	1.415731249174	-2.05972861994187	3.66653849292684
nort2885	-0.19216204491084	1.55174963533195	-3.44570760709748	2.87178444292978
nort2930	0.209163975758648	1.50614848108382	-2.86922478928115	3.25601294456515
nort2938	0.188430913066895	1.60791477650874	-2.89098184798766	3.55296418660473
nort2942	0.120204611116897	1.62005751997936	-3.09281539409024	3.56242183969716
nort2951	-0.74299159675452	1.70704843309647	-4.39165739333382	2.44670886966834
nort2954	-0.61802932697821	1.62686218725099	-4.15892258034501	2.37481204674328
nort2957	0.920739019782669	1.53153207334014	-1.87809105015186	4.32256163870642
nort2959	0.169430147240516	1.51808799757211	-2.72624622986637	3.42358720348149
nort2961	0.686613323153373	1.59051859406555	-2.27129917986901	4.17136416339434
nort2972	1.06553356276743	1.55156137592564	-1.63525221880688	4.51636403509145
nort2994	-0.269127086610049	1.64648182768145	-3.66076605230008	2.86230782666095
nort3047	-1.10348393092297	1.70605645372649	-4.85863175979713	1.92727115054215
nort3139	-0.803336777068175	1.50932723858701	-4.14768241467139	1.88761669523061
nsen1242	0.396089941374403	1.6439202530434	-2.80577233678673	4.02766856995992
nucl1235	-0.342778316530371	1.73371262045589	-3.97836584518088	3.02037303315875
nucl1240	-1.02323271729831	1.64526146575603	-4.69293901740435	1.91479960514939
nucl1301	0.0163790126222268	1.69793746400463	-3.53951211424107	3.37103483118932
nucl1302	-0.0425444806286577	1.654284457114	-3.29959874441709	3.25391631584864
nucl1305	-0.0828009898369347	1.68300083630347	-3.5461188854231	3.31799293457373
nucl1310	0.41801780732537	1.53452700312577	-2.61610161513192	3.67163509291997
nucl1327	1.25017551538995	1.76285360233276	-1.91686925974175	5.16651049074396
nucl1347	-0.424627820286892	1.6756209245453	-3.97211064929033	2.79909239004762
nucl1417	0.349988339242795	1.40929016824832	-2.41154238489344	3.25547773544848
nucl1452	-0.398029621102753	1.70570157003424	-3.94649845474421	2.93318009256504
nucl1454	0.570645055877129	1.61315770108184	-2.50995193778816	4.00142858773947
nucl1458	-0.759906519307745	1.44478542829137	-3.84570221949683	1.87735440982102
nucl1460	-0.141071788810236	1.70043916152392	-3.73667159209988	3.21773195958487
nucl1593	-1.19078872784205	1.52484264367409	-4.45657502105206	1.54415672386156
nucl1594	0.558968559294276	1.62039289963536	-2.51110690509282	4.06784607543415
nucl1595	-0.564416254864036	1.64290711018811	-4.19076129855745	2.3935764458066
nucl1630	-1.27025402466554	1.66166984082267	-4.9382399125084	1.60354886146334
nucl1632	-0.921642357604732	1.61359580994301	-4.41873532327958	2.02092334788251
nucl1633	-0.858389302663724	1.59935706965288	-4.36748682530393	2.08763783614369
nucl1643	-0.0499616681775247	1.74566286114203	-3.65181602963487	3.39634066292118
nucl1706	0.976305237850539	1.60922340488984	-1.96252103074502	4.56364792403244
nuer1246	-0.261434397383089	1.68367831541568	-3.72951312528019	3.05213702120934
nugu1242	-1.50159429637519	1.35255730403393	-4.37814404556123	0.839625484808185
nukn1238	0.890216391379978	1.39390386548579	-1.69007957736257	3.84561260742133
nuku1260	-0.0785832724722929	1.73244631868735	-3.66398105203148	3.36595378177258
nung1282	1.12602541679397	1.60037985558885	-1.64261423163503	4.71067785650849
nupe1254	-0.655098330689791	1.64978814886185	-4.18481638786734	2.40228201377961
nusu1239	0.675222105772693	1.54503893731679	-2.18423772906087	3.96961705655616
nuuc1236	-0.752048302910093	1.64975873167017	-4.2951840510705	2.33364087100262
nyah1249	-0.238187317105716	1.68699814276967	-3.70480549354291	3.07229643857728
nyah1250	-0.107884563224372	1.69957129672872	-3.5199738675388	3.304162686542
nyak1260	0.94630158699092	1.62750158037485	-1.91314124797907	4.53669979329748
nyal1254	-0.163342508025315	1.71959443985708	-3.85347365144197	3.27152204202429
nyam1285	-0.995868545741291	1.68500732275743	-4.76232025691151	1.99345728144181
nyan1307	0.941368191137697	1.66068040462677	-2.04287578357071	4.5369979004366
nyat1246	0.928746258125564	1.61944542682549	-1.98521907024408	4.50222441907002
nyaw1247	-0.0765611287474741	1.69149274791532	-3.54379121838983	3.2468938640678
nyis1236	-0.819103318009278	1.6773110648931	-4.56169747788294	2.30418237609626
nyor1246	1.03194323810968	1.63978841765423	-1.8399579350283	4.59612725736352
nzak1246	-0.468204346968701	1.63071166718941	-3.911326618751	2.64613517674703
nzak1247	-0.0323602863714097	1.66682901826467	-3.55840479313819	3.37650541688251
obok1239	-0.22141298295552	1.58071198086056	-3.55357378757184	2.86987653855479
obom1235	0.906859711242547	1.39555658659955	-1.62527487127891	3.92463138450518
occi1239	-0.143913411542974	1.67416984328025	-3.60383290039357	3.16355778640367
ocot1244	-0.610585891381803	1.6529666484721	-4.18499046439814	2.48382004226235
ofay1240	-0.48598489419543	1.60654039881213	-3.96345492622725	2.46329978254851
okan1243	0.805953379662176	1.58140903950706	-2.05826690399458	4.28249722636021
okin1246	-0.100806035378454	1.74810356993245	-3.73298183794908	3.34921445468768
okoe1238	-1.00258511816091	1.60517523091512	-4.53992952729906	1.82254264232265
oksa1245	0.380240508740457	1.39900111453995	-2.35619132070417	3.32437509564323
oloo1241	-1.01542571251645	1.54334285772209	-4.32530046280772	1.79505350695662
olut1240	0.585911472381456	1.54052073755652	-2.22803689529665	3.91910470905362
omah1247	0.217756232863998	1.68422348858952	-3.12178825780338	3.74537699132613
omie1241	-1.35498189217507	1.64835738633168	-5.02679337642255	1.46633618684884
onge1236	-0.191257612502781	1.7115483504363	-3.70660495127045	3.25311339254136
onon1246	0.440465774272314	1.69532540748506	-2.84411247587691	4.01784631898479
onto1237	-0.102916078394464	1.69732967579758	-3.57628096467991	3.27161588869344
oriy1255	-0.0994703253063814	1.73826124838496	-3.67611620129211	3.3389295990157
orma1241	-0.0853137976086234	1.55506992282821	-3.29046718779591	3.01776930356173
oroc1248	0.0117921042934985	1.72956346781434	-3.52325406871741	3.51301691586138
orok1265	-0.0162590831178533	1.7483961349517	-3.57982673654065	3.45319188179887
orok1267	0.125901444609178	1.52499507984237	-3.03186937438866	3.19804485797213
orok1269	-1.34985205171849	1.64670120195004	-4.95615158030679	1.53253534642376
orow1242	-0.290327463724018	1.64984746287675	-3.6958563796121	2.96807797239625
orya1242	-0.729039797981441	1.5697662256593	-4.13121898629415	2.22304419098567
osam1235	-1.36322286615685	1.65314408579044	-4.9666205117049	1.34335182898988
otor1240	0.818941774304672	1.75786374212018	-2.43848015621829	4.7955029986654
otta1242	0.681684433579269	1.60313828376984	-2.30815429866753	4.19239508417843
owaa1237	-0.160369620434412	1.72279879721752	-3.60005916846158	3.25612379432126
paaa1242	-0.281512517149207	1.61965705748862	-3.57500822689317	2.903045898923
paas1238	-0.40171050835587	1.63923352719151	-3.92701517382503	2.7521049157845
paco1243	-0.188797268272795	1.70552768203333	-3.7449033639561	3.22566933164276
pagi1243	0.499306292852412	1.50042385763798	-2.4104920270616	3.64457244219236
pagu1249	0.546179607769674	1.64818692987599	-2.6725230592234	4.12281421008821
pahn1237	-0.213474007177679	1.70903843114511	-3.8679621913072	3.15599507508524
pait1244	1.53933278243961	1.5958150996007	-1.19829452643815	5.0947108741226
paiw1248	-0.439088357632739	1.59662642478463	-3.75795105024923	2.6917557678218
pala1344	1.85072276409462	1.81333777315674	-1.16514082541229	5.9991480166906
pali1279	-0.156426583634764	1.6900033709078	-3.65628829352739	3.15945776180666
pamb1243	-0.184256428016519	1.70464359245403	-3.70783005903488	3.19352466942527
pamo1252	-0.0662872204636158	1.68112594581394	-3.59021015012422	3.2125030264955
pana1307	0.848214337149962	1.59253778467431	-2.00490074145838	4.34578717661059
pang1287	0.879712138079311	1.65087102118669	-2.17494815334987	4.51060505283211
pang1290	0.734084306584754	1.52053601783283	-2.09153415487084	3.9079898693365
pang1291	-0.222020031976181	1.653672489911	-3.69243563668527	2.98660681726732
panj1256	-0.0566774934986973	1.75119573243982	-3.7502950139251	3.49424257914893
pano1254	-0.698385528820825	1.66699562296329	-4.41100014804134	2.38452237238902
pany1241	-0.0343628708631989	1.73169614669232	-3.61000848966206	3.49499285764123
papa1238	0.924026698889957	1.584034906056	-2.02595739651891	4.33539871364596
papa1265	-0.768236591865539	1.65325662186879	-4.45632093134534	2.19799396161849
para1301	-0.2756879123396	1.75044256839099	-3.95502847744623	3.22988125754189
para1302	-0.641802764477263	1.58391392845488	-3.9532108532979	2.40007138745283
pare1266	-0.16009400508118	1.71064978279704	-3.77829552684518	3.19761869924399
pare1272	-0.1645967827815	1.63353118225359	-3.56417679768728	3.07324649780912
pate1247	0.779806316174717	1.37856502852514	-1.88815932431988	3.62658498151524
patp1243	-0.378886704041839	1.58876051670711	-3.75581084498602	2.69823680062329
patt1248	-0.169779178745817	1.67072177764669	-3.63707938072336	3.25649951888898
paul1238	-0.214343603306129	1.68576978200104	-3.71742848240964	3.09337159072172
paun1241	-0.088297943161066	1.63726999797327	-3.57274372853458	3.14928502195632
pawa1255	0.187252962061391	1.43745438830137	-2.72252025668947	3.07423313309298
pawn1254	0.627674473707884	1.71102626244198	-2.65296260479708	4.28734854316697
payn1244	-1.10560074956152	1.47985052069922	-4.31588955398568	1.51615096157227
pech1241	0.497721228540086	1.56347099730898	-2.44781956606688	3.89667580224201
peer1241	-0.988919488859661	1.67857682776298	-4.59477900279699	2.05741518005413
pela1242	-0.2596167350885	1.6391899083171	-3.60128656499438	2.99735035097652
pele1245	-0.604998907455688	1.57377865980226	-3.95273067403113	2.24766224619688
pemo1248	0.220621300959724	1.63598003200812	-3.00848540413065	3.71307632272751
pend1242	-0.192308166614129	1.65088229779573	-3.6443129298771	3.00577952740568
peng1244	-0.158759121366423	1.70674970903742	-3.66898124210274	3.21465265722343
penr1237	-0.0413790576994576	1.73421472204371	-3.60536370528084	3.41888245407291
peri1253	-0.0434249006511489	1.7380645689786	-3.62000410896102	3.43999732358123
phai1238	-0.227212296772349	1.69221654431316	-3.77769608934357	3.06090834947551
phak1238	-0.390527756269911	1.65638734253736	-3.96797155455579	2.82203324705787
phom1236	-0.825814417244434	1.59648279314163	-4.22979495411097	2.28988505940331
phon1246	-0.156157045406232	1.69980677087286	-3.65369384801205	3.15830423335939
pila1245	0.656001194272272	1.6725844790761	-2.51844539217635	4.23951483453815
pile1238	-0.205360993366321	1.66100876649343	-3.76545810912998	3.06248005056228
pima1248	-0.843478349561534	1.50235723837679	-4.1442694489905	1.91525483226804
pina1252	-1.49168570134628	1.53763889359462	-4.97699901870967	1.13780971289137
ping1243	-0.0765506013421084	1.75476562279083	-3.60839173590969	3.4515342686991
pint1250	-0.0140162748587474	1.7618520228472	-3.66770883094998	3.62218385002162
pipi1250	0.789342104204688	1.6568663802534	-2.25143622074177	4.35093743679218
pite1240	-0.0338304414288602	1.7909023091268	-3.60555483121188	3.57851033421194
plat1254	-0.0523400264651148	1.71136749992201	-3.64073876702628	3.41584170316567
pnar1238	-0.0926038814971406	1.5754231316471	-3.34000950998282	3.06349570591829
pohn1238	-0.0532481950586471	1.6873012532286	-3.45465799365968	3.37642458878033
poko1263	-0.16958909074857	1.66933928893978	-3.65913137754249	3.16725175192685
poli1260	-0.0506834504690411	1.75473581368462	-3.55273464917157	3.46488473691209
popt1235	1.44905209757288	1.63746353017632	-1.3397446295705	5.20965427508089
port1283	-0.0976732187650548	1.69872552793578	-3.63162477481798	3.28404607736332
port1285	-0.0727824397926021	1.4376555231554	-2.97705737572616	2.72694471181852
pras1239	-0.0132069091313878	1.70945650331867	-3.42806469093359	3.56472466275481
psik1239	-1.25762840024208	1.69197601350558	-5.12447087908642	1.66219626481484
puka1242	-0.0617701844815537	1.71353944805928	-3.52427944769249	3.47600969582232
pula1262	-0.311342842595169	1.64280483569393	-3.90679379599036	2.84314541063747
pulu1242	-0.0407486808787462	1.74413673252088	-3.60390643512997	3.47242393403266
puma1239	1.88194894973552	1.55303869412685	-0.699371657742706	5.27416460586595
puoc1238	-0.184487031771381	1.71264614214399	-3.80157756410438	3.11177793445403
pura1257	0.182884335531592	1.4944478777849	-2.82152752354862	3.22019459900431
pure1242	-0.417498495068832	1.65355201324929	-3.92532603613942	2.72020472459739
puri1258	-0.0739578126779924	1.73105558227772	-3.66844601858573	3.35777143409742
puyu1239	-0.493542081217453	1.57311091502158	-3.83695202264817	2.58061076537963
qanj1241	1.47377006338144	1.67854872490743	-1.37736539593463	5.22618148476518
qaqe1238	-0.583018018509522	1.62899437909872	-4.16207039370777	2.48749881063987
qaua1234	-0.117535268174434	1.71589258306385	-3.55539064678208	3.32288844875022
qawa1238	-0.38446687400518	1.6581796452625	-3.89580978188312	2.81946402809535
qima1242	-0.219503982496207	1.65525705198161	-3.68216510726724	3.08402455702228
quer1236	-0.147073564447233	1.61097077670821	-3.52938489559417	3.08099825262625
quio1240	-0.360344972925869	1.57099249603811	-3.65969546796373	2.77443127296143
rabh1238	-0.511255451993731	1.67195921694096	-4.09699042888492	2.62183485609095
rade1240	-0.319082591218706	1.68988890857267	-3.88747262639331	2.9894728500961
raji1240	-0.465305323202386	1.65070850461614	-3.93144168442599	2.63904935032605
ramo1244	-0.560800684505074	1.59236923073354	-3.98558508266944	2.46057784188966
rapa1244	-0.0431280269693096	1.69650775960278	-3.53699255525179	3.33338679171476
rapa1245	-0.0437148209057441	1.71181851984432	-3.58139595526579	3.44055408358223
rapo1238	-0.779370367343695	1.64862925743227	-4.44384155639694	2.28089737221287
raro1241	-0.0552001368633416	1.69259269430497	-3.50289423900905	3.31346812268498
rata1244	-0.190728131034351	1.65364913110773	-3.6933561990175	3.06510237627335
raut1239	-0.422906776960688	1.66452842410851	-4.03829897311538	2.70956404215834
rawa1267	0.596552197891012	1.3409394463778	-2.0062251524836	3.41381865949396
reja1241	-0.183830725027546	1.74126095096427	-3.8887815222009	3.34383386653579
remb1250	-0.0935264798000648	1.6379860792585	-3.53581917758574	3.07971327286658
remo1247	0.0422270339836528	1.58836128686879	-3.19716638006813	3.25588259899977
reng1252	-0.248588517292215	1.65567623739174	-3.67072366479774	2.94007285178735
rere1240	-0.277370669228735	1.43672094635645	-3.29316601310815	2.48385477795852
resi1247	1.44165828071687	1.67167665042485	-1.36465671647393	5.1078222083062
reye1240	1.17978975128813	1.61772651477743	-1.73843454659459	4.6458543679597
rian1263	-0.611589413008727	1.70871498931361	-4.21198983277855	2.5513133713623
rikb1245	1.08768188622626	1.64477768437658	-1.81602887787899	4.75885698491811
rita1239	0.599439931134118	1.71477835985695	-2.70648651817068	4.32521885212637
roma1326	-0.153658268881046	1.68724155353437	-3.70643366713506	3.18651963394328
romb1245	0.0340045226470246	1.50633932097009	-3.02615485117492	3.10088880617268
rong1264	-0.217939464303636	1.67896641828676	-3.7416799064346	3.01489232788155
rong1266	-0.384455912595086	1.41721641679571	-3.286957869264	2.36606447844057
ronn1241	-0.41311210809807	1.61432834780819	-3.80074666457379	2.67168747651208
roto1249	-0.794236352076178	1.64689205198247	-4.41105960631504	2.1316796526966
rotu1241	-0.0514789770668738	1.7382004202437	-3.60673078272966	3.34505234517466
rovi1238	-0.191205930137889	1.5424616646293	-3.37136764336812	2.82764003319802
ruch1235	-0.190943500780867	1.71523326689678	-3.77258302081639	3.31236840607665
ruka1240	-0.498490319491264	1.5548557850291	-3.752381998104	2.47097927522773
ruma1248	-0.161078168561509	1.70667990242372	-3.63638222121176	3.26913249799414
rung1258	0.193599900596376	1.67280887854289	-3.12170278987112	3.62419068510068
rung1259	-0.384203842265508	1.64966711859375	-3.90768637227761	2.73816509475515
russ1263	-0.0572403070243733	1.75429629734824	-3.59574155344306	3.47076802156383
russ1264	-0.0229784968165956	1.70188704399049	-3.51170465047542	3.44406257837685
saaa1240	-0.283041717737955	1.68712172063754	-3.97942357901429	2.93870985126461
saaa1241	-0.294619090342537	1.52125654612312	-3.51059498438467	2.54920167214255
saam1283	-0.610875941438966	1.49921292965332	-3.78679419179446	2.38663785948867
saar1237	-0.490064992872918	1.61686239962242	-3.97636817237339	2.63810596247593
saba1268	0.045752162955344	1.4780368086434	-2.92996488067373	3.07698101543224
sabu1255	-0.166227395262265	1.74086616090052	-3.73186490393044	3.30432471560217
sais1237	-0.409624572763266	1.64023226756719	-3.94707153639228	2.71612204189203
saka1289	-0.500517726094912	1.57403848542795	-3.86441259967811	2.52222911200138
saka1291	-0.0256374777500918	1.73154936624586	-3.55126728546599	3.41954398340686
saki1248	0.453073453541378	1.51421912812807	-2.53517885261526	3.56874682341841
salt1242	-0.19235017943844	1.38480575692488	-3.10530242107559	2.53322276968141
samb1311	-1.13888819012657	1.68382803158469	-4.87877374824772	1.81009604514493
samo1303	-0.474566334296335	1.52396118740805	-3.81795907062541	2.41547051577476
samo1305	-0.0635989343327957	1.74065554138987	-3.6363404741846	3.35207323909747
sana1295	-0.612270153887633	1.59206128830266	-4.06640924674841	2.31005552588837
sanb1241	-0.634871812183039	1.6566300797151	-4.22622350660939	2.53781209246076
sanb1242	-0.41238433138553	1.63211217377219	-3.92666871972089	2.63631662535187
sand1278	-0.515092291838875	1.61047447522888	-4.00774867499681	2.46722756192683
sang1321	-0.774555668880986	1.50014880438443	-3.92051717747263	2.15737292589822
sang1330	0.82465812152371	1.62395029801353	-2.13041470515391	4.42824683008171
sang1331	0.594311650073762	1.63150247623223	-2.45018808752073	4.0337285821171
sani1269	-0.303777760017405	1.655289748026	-3.76172240960784	2.94962328083432
sanj1284	-0.585397676033935	1.61245816277579	-4.09601152900955	2.50115422176109
sanm1289	-0.286310766932787	1.70093596108405	-3.9021777186854	3.01246901748496
sanm1295	-0.0673364409676446	1.59776694293242	-3.3877180972552	3.21093444290877
sanm1301	0.306597125164108	1.56148793376006	-2.73605574981342	3.54192462344226
sant1410	0.321090455265648	1.7006133333203	-3.06742540620625	3.83264733456552
sant1436	0.401078660797784	1.5567961689801	-2.59440676010446	3.63331904285692
sant1451	-0.851380939394429	1.660157498372	-4.45145986948071	2.16665442099974
sanu1240	-0.410368025190016	1.69027999134132	-3.9953743923109	2.83224383994623
sapo1253	-0.744056085369134	1.6421947457285	-4.34036928424715	2.34915827658276
sapu1248	-0.2323451132614	1.69165075458737	-3.72820593003934	3.10143536480033
sara1321	-0.125826356260329	1.72721406472689	-3.61345864724622	3.23875322227281
sars1236	0.265731787309859	1.65849754002205	-2.92291868808031	3.59679779855927
sasa1249	-0.0692249579320819	1.74220370215538	-3.6325042726843	3.3945745654157
sata1237	-0.0570818025733859	1.73228703176132	-3.49971503844164	3.45668463875143
sauk1252	1.09181405369623	1.39860927886415	-1.42786565213899	4.11346710025494
saur1249	0.260063602691598	1.6935181342909	-3.13626558476214	3.72488085217489
savo1255	-0.242405265825287	1.54674752908289	-3.46195706017952	2.82797443266911
seda1262	-0.238557437287874	1.65691218848878	-3.69335306188426	2.98721414590151
seim1238	-0.187296981656322	1.71769775985068	-3.6895579264865	3.27083248295674
seke1241	-0.32967071012144	1.51803393981265	-3.56468606469395	2.53954981968778
sela1259	-0.024276894387204	1.71622575884493	-3.60010176634702	3.3886221166831
sela1260	0.874641941763937	1.52595601492037	-1.94647528874945	4.10932813079991
sele1249	-0.46078303022458	1.61087519329737	-4.00183177694921	2.66514851966841
sele1250	0.642465424873675	1.40044876752283	-1.99944026820195	3.6081791498389
selk1253	-0.022489363732995	1.74329105061604	-3.63019409209315	3.54359535354481
sema1265	1.30947702892069	1.77288963907629	-1.78482778267998	5.2088190744113
sema1266	0.972289650114646	1.73117233433964	-2.16207849363834	4.79239135765871
seme1247	0.925787185709606	1.66522718903661	-2.14563224585174	4.51079551014346
sene1264	0.425596102566127	1.67262802473151	-2.78698040436858	4.0306059245907
seng1281	-0.160264649006703	1.60782115005132	-3.48502816807632	3.02052339358895
seri1257	0.569305540284072	1.68891368827506	-2.63970585942374	4.20285397918852
sgaw1245	-0.16129302039781	1.72281368548159	-3.67361855953661	3.26059624873883
shab1252	-0.476219431717087	1.7173955807495	-4.11497332469194	2.77809599101771
sham1280	-0.401567919834739	1.44381446095179	-3.39585277110774	2.33608032407172
shan1283	-0.460583657035021	1.74599821671695	-4.17692572726425	2.9030943882388
shaw1249	0.685186128124844	1.59459865601143	-2.27657099356878	4.20567291599536
shee1238	-0.092922474673409	1.77275899755481	-3.77479597856995	3.49130888173769
shek1245	-0.428834043688683	1.74005292061147	-4.07065269015679	2.98572700392849
shil1265	0.0452688545161983	1.67866636026559	-3.4197609903106	3.33939724911923
ship1254	-0.464434588449661	1.6409038441263	-3.94145028963134	2.58602934400002
shix1238	-0.142254545229727	1.58313412891982	-3.52467929382461	2.99567440669823
shol1240	-0.118392135230727	1.69652807666195	-3.62145451979884	3.30642724007479
shon1251	0.42307675985124	1.61444810740656	-2.62135894484481	3.91501773713143
shor1247	-0.0233475142520726	1.72893080894533	-3.56548375005906	3.53733875123008
shos1248	-0.567829624347308	1.58249109437152	-3.91933607566491	2.4880640121626
shua1257	-0.383673013840893	1.69229211249325	-3.97202913039802	2.88089278280188
shwe1236	-0.226845872912176	1.69181413957732	-3.73577920785104	3.15989212786164
siam1242	-0.737064935298873	1.59682803392908	-4.1501740125011	2.17711137112634
siar1238	-0.609113132178815	1.65177601796806	-4.19986233477267	2.44184366870618
siaw1243	-0.947011508589365	1.48640671700675	-4.22714437308053	1.75971586817195
sich1238	-0.302690272416551	1.64027007966066	-3.7734191722469	2.83330715457567
sici1248	0.24611246342033	1.70085935801835	-3.14515672541981	3.7172489533575
sici1249	-0.648167632498423	1.63440876288266	-4.14766860074148	2.41621861060597
sida1246	-0.570723435149558	1.62348966555363	-4.0093750564902	2.55132854101771
siee1239	1.63941342918891	1.64362914710822	-1.2364365455437	5.22349529457962
sier1248	0.243059526925599	1.55717936241553	-2.79983910619778	3.43038600092091
sier1250	-0.435108508373341	1.57354997301428	-3.79531783076571	2.5758743786681
sika1261	-0.1635919899424	1.75244737727506	-3.87986148584887	3.32690191963327
siks1238	0.786768231845765	1.55386053842821	-2.11356091029461	4.13241651455844
sile1255	-0.602123354626447	1.44247419423756	-3.64054099183356	2.10424096321759
simb1256	0.0439194989436514	1.60627266574331	-3.11962017964221	3.35143862180807
sina1266	-1.07811327211238	1.64004264010252	-4.64745540419258	1.85864500542857
sing1264	-0.486963132233824	1.61919414605502	-3.94983819685028	2.67453471418287
sini1242	-0.401703557435996	1.66000050379261	-3.86059395973081	2.69611346751055
sioo1240	0.439250252182113	1.38544968114146	-2.27905309848323	3.31003192394086
siri1274	-0.744990750348618	1.66933838728247	-4.29832391450886	2.44221349210604
siro1249	0.232024869122961	1.37154199023847	-2.55036004297563	2.90352389434839
sisi1250	-0.210315354299624	1.64613120997223	-3.62993284126768	3.02089524997825
situ1238	1.59805958770143	1.61269986731345	-1.14227791678587	5.0830989769348
siwa1245	-0.649694056238758	1.68985213385249	-4.34318079544597	2.4718738969359
siwi1239	-0.232862089617952	1.6474138581845	-3.74180124031285	2.95915637648066
siwu1238	-0.458889188180642	1.6101949840847	-3.9471748176374	2.62763360845284
skol1241	0.010372321573122	1.76481123102892	-3.63030081495069	3.59874213208777
slov1268	-0.0624046776927759	1.71334541381732	-3.58953724111598	3.31966032967296
sobe1238	-0.570963376489823	1.68616944928303	-4.22049989316206	2.55501825364403
soch1239	-0.209647748168372	1.56315492402727	-3.41209850299073	2.9259762696144
soga1242	-1.11747395670348	1.54774651366763	-4.40616405983297	1.731667828491
soni1259	-0.370147285672334	1.67245161693534	-4.01098744840315	2.84437896518466
sons1242	0.13704260313979	1.73505221651685	-3.29201310811661	3.67469170865428
sooo1254	-0.156692690597703	1.77080509718403	-3.77635735977141	3.39750130970727
sora1254	-0.164912579354254	1.70962759828349	-3.69868764319174	3.1275662496795
sout1528	-0.0890268624671067	1.70458804748371	-3.5761488735306	3.38751459101462
sout2649	-0.0599244840816653	1.76456680563547	-3.72504841127132	3.40439089264797
sout2674	-0.0191245343589564	1.76206281381115	-3.65082085845236	3.62971603819079
sout2679	-0.0237127243158938	1.74949111391141	-3.59245436561801	3.47795438157888
sout2715	-0.604911479290541	1.5517297331127	-3.89440776247386	2.29000695087866
sout2728	0.818951954698093	1.58543707244617	-2.15940829941151	4.2294839840274
sout2729	-0.173048075029109	1.58724465004581	-3.45683521753181	2.81269771980269
sout2730	-0.227554808254523	1.61802697241519	-3.66250652144239	2.95265101154218
sout2741	-0.0933297748113421	1.75299827103477	-3.72494073817104	3.51440607745167
sout2782	-0.885360094815292	1.68508904088722	-4.52102966017526	2.20606397677112
sout2807	0.428413627278465	1.60769612660587	-2.72305581897477	3.76656658087127
sout2826	-0.0972582920750823	1.67424169112061	-3.60850670358415	3.3033970913009
sout2856	1.94394301972276	1.6980745893672	-0.868402500095348	5.58988225984377
sout2857	-0.13488369226574	1.46932358021034	-3.15805489182847	2.76041354907503
sout2859	-0.0981551025600028	1.46425678045046	-3.10412484167187	2.71519509819
sout2869	1.47741186551982	1.55606986818261	-1.26304849357766	4.86479521851664
sout2895	-0.218137740070382	1.67015492165585	-3.72394181238983	2.98981870559188
sout2896	-0.333548153621295	1.64168698050414	-3.78138650654395	2.84194449859467
sout2918	-0.346606129099669	1.65986990022401	-3.89347979769026	2.71445028536276
sout2949	1.54503102385686	1.75116094606722	-1.42704667840674	5.45947972656301
sout2954	-0.0647201297050211	1.76536226990162	-3.71082626178538	3.47847981884623
sout2956	-0.432396459862419	1.62936674560442	-3.87663133820757	2.71169552564543
sout2959	0.135806035686763	1.65533426486272	-3.06357315281511	3.57586814983558
sout2976	0.920074727006293	1.58356950680153	-1.88998734782229	4.43452400342378
sout2985	-0.858168889114416	1.66981727708508	-4.53745994161114	2.27270868307324
sout2994	-0.633934828038049	1.62576438938251	-4.04622825888786	2.46818998596682
sout2996	-0.239591171811541	1.66375828212671	-3.71431170482287	2.97881245188788
sout3236	-0.33062199139178	1.76002976461108	-4.11138385893146	3.12125787154728
sout3261	0.890519039584116	1.66213246107011	-2.11589585408955	4.60679480673028
stan1289	-0.0437568464693869	1.66153579325305	-3.56987272026193	3.1714285745334
stan1290	2.29847218399436	1.95997584476935	-0.869417853889087	6.63349643229283
stan1293	-0.067745094545776	1.71917396995549	-3.56035724793177	3.45437779413481
stan1306	1.11655907442879	1.72112760483482	-1.90403024159601	4.85955899894353
stan1318	-0.647462346215214	1.62139540397833	-4.20908545508609	2.30212083356911
suab1238	0.155493116761669	1.61359636703916	-3.051725351215	3.4930495789409
suba1238	0.0474406028932972	1.54170709072234	-3.06825210035576	3.30348380527905
sude1239	1.90019030096195	1.76022922623453	-1.08216389117159	5.71268816649698
suen1241	-0.664821025793602	1.51497794149148	-3.99780866774023	2.10699850161582
suku1272	-1.30764077029904	1.69644436969969	-5.06638953593413	1.61993078481465
sulk1246	-0.792787895505362	1.67956747301325	-4.48744145499092	2.29775129304706
sumi1235	-0.888421482309931	1.51984492474552	-4.12290344266911	1.96266567059049
sunw1242	0.490590872604927	1.40306688655562	-2.22024254978891	3.32015638839394
supy1237	-0.462513025417622	1.66695834499624	-3.9094721680004	2.69602925091194
surg1248	-0.00519396494455063	1.76143119585192	-3.56640201817326	3.63056385710123
surs1246	-0.473799122772521	1.60800628811279	-3.88121684700645	2.5285735445678
swah1253	0.684422805038239	1.60412865341798	-2.3165193501281	4.14545068246604
swed1254	-0.066162473020787	1.77504973843502	-3.65977341905539	3.48633499078542
taba1263	0.696424636657964	1.65324353862324	-2.4022999201905	4.31832956774558
tabo1241	1.05974326373066	1.68045833037655	-1.94625615881507	4.61430982514992
taga1270	-0.0750519229653812	1.59899135073597	-3.42964924734903	3.03882582794094
taga1272	0.723940529702768	1.39261160477027	-1.91794733114451	3.65309458542183
taga1273	-0.367648206133359	1.68165294446484	-3.9450340407447	2.86756934486058
tago1246	0.72194395482482	1.75371979826418	-2.57346569860487	4.47655242516396
tagw1240	-0.445333414252433	1.70415224293414	-3.94583627209766	2.86970084895577
taha1241	-0.22424106157076	1.62524647266705	-3.6510444053652	2.99918856610255
tahi1242	-0.0413288063384412	1.73237956724406	-3.69421238202239	3.40841842738978
taia1239	-1.09502899718036	1.54577168175085	-4.41116955508125	1.65463768508661
tain1253	0.400674208783504	1.47879656847459	-2.48681661907241	3.43122491661555
taji1246	-0.182371279453417	1.62906289886523	-3.6074749957439	2.97883162505887
taki1248	-0.139748297076801	1.48221046504761	-3.28406515958634	2.73717189457345
taku1257	-0.196687247291062	1.73054826120266	-3.84052646115172	3.3123902042284
tali1259	-0.296747581140615	1.66608350558224	-3.85321605345879	2.91743482216703
tama1331	-0.0350482896821927	1.72417018054583	-3.52917304475155	3.52303808965171
tama1365	-0.52240112532678	1.64375211811204	-4.09091319075841	2.56546467295233
tamb1254	-0.481238054726962	1.64232003368861	-3.98821982592643	2.68072447850053
tami1289	-0.0345919410626438	1.75830477572336	-3.59703437680864	3.53332893794888
tami1290	0.00759735264228579	1.50023955837644	-3.11496693572636	3.00684215419013
tane1237	-0.251634840944305	1.68327408070205	-3.80786479836497	3.03397236483795
tang1336	-0.136711556583847	1.39044812027031	-2.91649288776739	2.73390366782467
tang1347	-0.513067603609126	1.52177871569616	-3.73024379549265	2.34386196719003
tang1373	-0.0427335604824133	1.69054690483934	-3.53272107652135	3.29286830242195
tang1377	-0.433828886461265	1.68877164957808	-3.99067435618476	2.8045051197797
tara1313	0.337052157493276	1.33493090264327	-2.21012883802997	3.16344173869683
tari1256	-0.962134788557025	1.66444519808087	-4.59988150247686	2.00087674367529
tari1263	2.03386406746062	1.8374558109714	-0.959831358367469	6.15683707204103
tata1255	-0.0547792486165672	1.73720239611852	-3.60460085976917	3.39218747171982
tata1257	-0.39540810396427	1.63911454246166	-3.89740212090672	2.70570246735698
tata1258	-0.0611138793221496	1.6198453558605	-3.36272554939831	3.18398344338911
taul1251	-0.669245707385654	1.62214190918466	-4.13662091081593	2.28902716818615
taus1251	-0.441843676900088	1.62405620374441	-3.9966533941172	2.48223473457693
taus1253	0.170974332089535	1.60275930399121	-2.97765374847412	3.54625908755944
tauy1241	0.0993250292602911	1.32279768664212	-2.63164895532451	2.71856806341133
tawa1275	-0.0420724982061333	1.60252100432161	-3.26628058140718	3.24181795286305
taya1257	-0.266677639542075	1.66329195018766	-3.89531191778824	2.88785996675761
tbol1240	0.998820089820562	1.50952892597493	-1.73803222155708	4.22409074813995
tean1237	-0.258859630566896	1.68055246700787	-3.76896168281354	2.9743387059063
teda1241	0.521044071872953	1.64970370744182	-2.583057945298	4.0593238739322
tedi1235	1.79099485163397	1.67774477006168	-0.974604483334555	5.56110444814821
tega1236	0.730663360571192	1.75767803847784	-2.46005423651575	4.62120354178678
tehu1242	-0.371587570528052	1.63014634511184	-3.84874534893023	2.74267180853668
teke1275	-1.08371888874844	1.59159433672674	-4.64295450072766	1.74477088325955
tekt1235	0.921036530776021	1.51145927697379	-1.84058624255972	4.16048937220779
tele1256	0.325139096524762	1.4324300008041	-2.45211236602679	3.25524534385541
temb1272	0.482607125260559	1.59441169945853	-2.55552473775784	3.96181514254125
temi1246	0.410569911314064	1.67724889041676	-2.75630717833733	4.02992136702726
temo1245	0.0446295450088347	1.58037555940408	-3.13274434541685	3.2676716252161
temp1235	-0.438049296456777	1.62651186921711	-3.78464373971328	2.60720474399531
tene1248	-0.423277566508622	1.70523515087137	-4.01960323141898	2.97862298434849
teng1272	-0.14915420367857	1.70097153890879	-3.78715376937385	3.11150462238097
tenn1246	-0.128571146867252	1.73047150458402	-3.77980323417703	3.31211985127963
teop1238	-0.759622104839606	1.64297382283691	-4.41783441899423	2.32182731726607
tera1251	-1.04240290219208	1.70458002155568	-4.73130718414813	2.09862629520166
tere1278	-0.5723101284283	1.69181286865978	-4.11774562352126	2.65106454006483
tere1279	-0.0631567996782233	1.65763910702103	-3.53735305979893	3.20616454787818
teri1250	-1.18036080674632	1.67978124098343	-5.02136926630722	1.81150410569654
term1237	-0.216742256135378	1.64572509331586	-3.58448470290777	3.01713950325914
tern1247	-0.449011084094403	1.63662442120987	-3.8441184825491	2.72186265892176
tete1251	0.431536245091522	1.57248115666108	-2.53731263003076	3.75600830881433
tezo1238	-0.155651200964663	1.60780842503381	-3.53795016668967	2.95621805416013
thad1238	1.38385928737729	1.55677544195933	-1.27318809737148	4.89886259789597
thai1261	-0.139995838045898	1.65561724826404	-3.56190470713123	3.04592563681618
thak1245	-0.595442566219632	1.62961967631732	-4.10367194702905	2.49412622916596
than1259	-0.31982106911791	1.62835617895316	-3.82157977216522	2.83926458261415
thao1240	-0.473615453645456	1.63054111333502	-4.02237974609946	2.72737245952555
thar1283	-0.0157041200266665	1.45390865986185	-2.905014691939	2.93665297764914
thay1249	-0.0945153325662281	1.74749361662033	-3.77773065319686	3.46192981039861
thul1246	0.664890116169807	1.44429479813589	-2.12590933129384	3.70088052832545
tibe1272	-0.295913784502449	1.74828706907787	-4.07180502975224	3.05204631599896
ticu1245	0.874345555265184	1.68333590348962	-2.23174622700092	4.54547046906788
tido1248	-0.942188779393726	1.67642391801583	-4.6656586809328	2.12973447419569
tief1242	-0.78964345410359	1.59676672321067	-4.29116872351135	2.15943644498611
tief1244	-0.77900887288463	1.59365257786449	-4.29571663090435	2.15279257931637
tien1242	0.378708867945685	1.57164077850495	-2.5239452890599	3.80376002474875
tiga1245	0.171619909343752	1.61392718607874	-2.96922054132806	3.46256777749358
tigo1236	-1.88911537414614	1.68312827290717	-5.77169296627007	0.85956184498955
tika1246	-1.51623009753687	1.64560504605035	-5.09018515117727	1.31959052918045
tiko1237	-0.150119213899569	1.69346132755026	-3.68278948952118	3.21959569255141
tilu1238	1.09654965107017	1.40613527671192	-1.45614747129124	4.17070533962957
timn1235	0.992534292574859	1.55308757836067	-1.79116964668693	4.39239470092585
timu1262	-0.423392965766615	1.63400646887433	-3.96233219840895	2.69444862677391
tina1248	0.318638807389889	1.55590038797833	-2.82692606853852	3.50589894129571
tira1254	0.806049175944741	1.74954442173124	-2.41163745271731	4.63514571001327
tiri1258	-0.286463175160044	1.65552188236034	-3.7687053609595	3.06726167173068
tiru1241	0.880271061668848	1.46454112432962	-1.79178109106289	4.03447103444336
tita1241	-0.209265440259934	1.67119698521666	-3.75299316701288	2.98035906409733
tiwi1244	0.937574437505299	1.72413178422989	-2.21231572033593	4.78969070290895
toab1237	-0.324488912065502	1.66722948781776	-3.9080099949014	2.89283014553231
toar1246	-0.00583267797444151	1.56961482223652	-3.19671099478835	3.14106551635039
toba1268	0.574501524137758	1.58452030834859	-2.38750803411071	3.87953626430247
tobe1252	0.560232508607743	1.64868058805956	-2.57584305866585	3.98883624871776
toda1252	-0.15119072195345	1.69600443691168	-3.62154719826507	3.24725583235146
toho1245	-0.653654429179062	1.50867630599638	-3.93446533409011	2.11332728913989
tojo1241	0.664900928723386	1.55778452454863	-2.25457288806389	3.88096176617017
toke1240	-0.0480675322338555	1.71003435791427	-3.53285007243153	3.35779937686473
toll1241	0.474050827254303	1.62769853357278	-2.6782503614916	3.9152876537893
toma1245	2.03632463687286	1.74555732677373	-0.789909644441413	5.99754326034669
tomm1242	-0.402687991059005	1.69103941405533	-3.99122578657102	2.93434098873412
tond1249	-0.355259616153784	1.73715872298116	-3.97984691854866	3.04143816354145
tong1308	-0.117864773025127	1.65910301201423	-3.54769958359406	3.08537091974562
tong1318	0.505970172713653	1.58879436235363	-2.45596322041308	3.97505206354203
tong1325	-0.0432486019370139	1.66419672661965	-3.40654594399919	3.2884823630163
toor1238	1.55057524285285	1.73249954700225	-1.367987209701	5.47723812250206
tora1259	-0.723849468603503	1.67416237694738	-4.27677964946401	2.41453059867688
tosk1239	-0.140812639853044	1.75477181077563	-3.75333374067955	3.32403990560592
tote1238	0.616720116117592	1.60962997234746	-2.40249246823889	4.13819534762328
toto1302	-0.0201211383530401	1.57660616836053	-3.22606375629082	3.14560752540963
touo1238	-0.220853463564855	1.5656227320211	-3.56523330459439	2.87842284615946
trin1274	0.325562912492865	1.5610898238824	-2.82392029129449	3.5182584795448
trio1238	0.314191306110806	1.66340112839646	-2.82196818241257	3.82093427594824
trum1247	0.546202409370955	1.56253254658623	-2.4481230648194	3.86090170039224
tsam1247	-0.454989013767052	1.59521359811674	-3.86248247652391	2.51879439918065
tsat1238	-0.115355478534611	1.70831069097905	-3.54396419037916	3.33282274312541
tsha1245	-0.655495089440619	1.64678654154768	-4.18663492958013	2.37757010181678
tsis1238	-0.578879866673941	1.64796526748956	-4.2123374531436	2.52556655228963
tsix1234	0.488189348921916	1.59532365405973	-2.6448343863065	3.85292739816466
tsog1243	-0.812402291463634	1.58572594603677	-4.22489806881349	2.10326912455952
tson1249	-1.81364029093443	1.64891140174165	-5.55120365868029	0.921524652676178
tsou1248	-0.501620078505153	1.60703426051176	-3.97798702553049	2.56287898183021
tswa1253	0.322150597907511	1.62191182139019	-2.80998760776479	3.7239345490374
tswa1255	-1.8110845436284	1.63298171233903	-5.40982254896551	0.911904197237809
tuba1278	-0.565692898178386	1.57751150375794	-3.89483584854725	2.37586140116144
tuge1241	0.172559871680439	1.60802781028106	-3.08750303948787	3.45598864672576
tugu1245	-0.273309755155027	1.64502622815596	-3.73284002428857	2.94104126240144
tuka1248	0.916097516960263	1.65256176761222	-2.27526248031056	4.37699993665167
tuki1240	-1.15005636413457	1.36246892078993	-4.07272733922614	1.31114403050615
tula1252	-1.03014701445302	1.63532137642022	-4.59480203666502	1.90193223712571
tulu1258	-0.0763813595704399	1.7279638952541	-3.6920489611891	3.28233622872896
tuml1238	-0.898917820748166	1.5796037168768	-4.2185608069803	2.01628205976379
tune1261	-1.92782708856066	1.52379252244624	-5.16920010104551	0.65311905723575
tung1290	0.153964017078609	1.6922250014694	-3.30941213307361	3.57666223880032
tunn1238	0.0600124399409655	1.51615466012468	-3.02892865576235	3.20295364720574
turk1303	0.0383816594092274	1.68685351222792	-3.30824067378831	3.48584154856399
turk1304	0.000327162750510977	1.72665807448802	-3.51921007430726	3.55116182882552
turk1308	1.0958448013516	1.62508483831405	-1.77581893658936	4.61123983196773
tusc1257	0.375962704072583	1.67758199111977	-2.84932174991175	3.9940226256003
tutu1241	-0.549782524210899	1.50772687135988	-3.76936859992537	2.29274042315862
tuva1244	-0.0628225425756435	1.70492781094807	-3.55539603405635	3.33562301163877
tuvi1240	-0.0359846601395155	1.74044010504075	-3.64071898909404	3.53433715137465
tuwa1243	1.33612210368247	1.46741259443359	-1.30174309370427	4.49271500836875
tuwu1238	-0.452254708225924	1.61067880566174	-3.98501714786992	2.6861795948099
ubir1237	-0.435979236124631	1.54637926888199	-3.74612134847146	2.5237726546844
udih1248	-0.0317298534121293	1.74109573645965	-3.52850330124146	3.57356834069909
udii1243	-0.797576073558845	1.61332084158648	-4.29253682854043	2.20363066820073
uduk1239	-0.290715806305331	1.71592523893187	-3.73192639608461	3.17556911121829
ughe1237	-0.218913268232873	1.54259463094327	-3.41666197741339	2.74399292772249
ugon1239	-0.124822764904881	1.67886309852184	-3.65602089348173	3.23473226784247
ukaa1243	-1.00924592464328	1.59706147120003	-4.53484567684792	1.78592039018751
ukra1253	-0.0564281588489364	1.74631483667811	-3.54612130696393	3.38195551613659
ulch1241	0.254255147664533	1.76161475803566	-3.2441999575849	3.93985788055086
ulit1238	-0.0297160686458981	1.69959014275596	-3.50571349725893	3.38167768986496
ulwa1239	0.706915787585969	1.64020856820327	-2.43654133861962	4.22623775158705
umaa1242	0.30772943848438	1.58548331227821	-2.85592849631621	3.56035969017275
uman1240	-0.10698506835157	1.52400582737033	-3.15687003387083	2.91668350451769
umbu1257	0.346938541798397	1.63893346070779	-2.75070710782828	3.84665399470189
umbu1258	-1.12504723019942	1.479072320549	-4.32771871321755	1.55125496986928
umes1235	-0.0177952362725025	1.71362299277739	-3.41492365551253	3.40389649176542
unaa1239	-1.39820443334127	1.60660016754079	-4.93749942779587	1.45314420788639
unua1237	-0.309457960250393	1.43884090834991	-3.35346795085171	2.43224769112857
uppe1275	0.97778623544323	1.53703705957509	-1.78759496898195	4.378199896755
uppe1427	-0.4565395842581	1.68471787359786	-4.03624722791062	2.72823241032808
urak1238	-0.173924930819865	1.69560089612746	-3.81038137602987	3.27233136419694
urar1246	-0.467450121276451	1.65150352947391	-4.04705826447149	2.70974477011232
urav1235	1.62414844559324	1.65646526879556	-1.23928673298664	5.26728790242511
urim1252	-0.691771432950073	1.49534485886838	-3.88343128886875	2.06779928401565
urip1239	-0.471651158301835	1.46797333310534	-3.7037450189454	2.26203633579823
urni1239	1.31642394724044	1.83765042500089	-1.88411490733315	5.56335855755612
usan1239	-0.310941909935012	1.42880886852036	-3.27048236877523	2.43970269712428
utes1238	-0.580323724915023	1.62896909649182	-4.11219061959769	2.32972800186835
uuuu1243	-0.389169629543405	1.70761753328258	-4.01544773364055	2.86285904462873
vano1237	-0.261740882278615	1.67160773125301	-3.79467426052101	2.92507793914495
veps1250	-0.0344822778243357	1.7740438104205	-3.61709964911611	3.53006548488936
vera1241	-0.382243472921826	1.6914553329132	-4.00829025126548	2.78278353371834
viem1243	-0.676702687878045	1.64742780848028	-4.28761353052893	2.37234336246042
viet1252	-0.123605123446083	1.66749066750147	-3.57193004707039	3.14888367540329
vinm1237	-0.359176379071958	1.45977683155012	-3.51753391362805	2.40308090334063
voti1245	-0.0226647014677229	1.75715954052228	-3.59764927979456	3.58055188784054
vunj1238	0.129518236875047	1.43447357315027	-2.60160597934443	3.11099249131638
vure1239	-0.383994863453602	1.69081196024979	-3.96396016520235	2.79069844692324
vwan1235	0.96538427578947	1.63143629125528	-1.91494023562669	4.48219325919251
wadj1254	0.593319874797043	1.66471005129664	-2.5388838693462	4.15826884119769
wage1238	0.95944649480942	1.76917093862836	-2.21569391986836	4.8515105639248
waig1244	-0.317270337013447	1.64682851366689	-3.86641447364367	2.8570437671442
waim1251	-0.499220356068078	1.5892552263029	-3.83997387388865	2.47540741524532
waim1252	-0.339401031957618	1.62906494960723	-3.88486999412101	2.85687702084082
waim1253	0.260169450027605	1.70183677267735	-2.91430739665251	3.89868550830266
waiw1244	0.230645713253549	1.71149718933682	-3.10718423121598	3.71390222457359
waja1259	-1.03800693825489	1.61726257176981	-4.57068430507542	1.83976598925609
waka1274	-0.0348672529805307	1.7434063379053	-3.66862815113966	3.42377588175904
wala1266	-0.36609873923783	1.61812262013009	-3.79958027934084	2.69150247224734
wall1257	-0.0429550177900328	1.671077998447	-3.58630427932962	3.21389339334657
wamb1257	1.17243099947329	1.41890974009642	-1.36203781484796	4.26671888425019
wamb1258	-0.759995079672068	1.71126575633114	-4.47417655338812	2.39762111417565
wamb1259	-1.52408683579992	1.62317094806793	-4.95440717383535	1.31158701807516
wand1267	-0.0323793964084109	1.62722039087411	-3.4391175534121	3.16027521776964
wand1278	-1.29904005467883	1.69956107561474	-5.03896991896752	1.56538664871651
wanm1242	-0.0210666482397983	1.72307707645253	-3.59048347138123	3.46381097995004
wann1242	-0.460664635182027	1.64707633170122	-4.01736344309002	2.71957825602781
waor1240	-0.586202239163993	1.64279545083958	-4.05409746560296	2.52254821294699
wapi1253	-0.0235050840481186	1.62256630847125	-3.38216165184293	3.22180431431206
wara1294	1.51355084095925	1.75787977313858	-1.49589086242352	5.42622165773104
wara1300	2.30247307141098	1.78497746537566	-0.576795636262305	6.31031933786871
wara1303	0.711997619800211	1.68332205147318	-2.46098881373277	4.34804814815702
ward1246	0.920543788226607	1.74362525750917	-2.27176721197839	4.78299899425303
ware1253	-0.205567366659312	1.63905364054361	-3.6225272203205	2.98837220281153
ware1255	-0.73544238379007	1.62713302185632	-4.22995792893715	2.24495405721844
wari1268	-0.913099840473046	1.64752308682581	-4.46856311629947	2.09092302117231
warj1242	-0.31518907070271	1.63919680903971	-3.8208825422619	2.8046423015407
warl1254	0.00760277386484122	1.73491110409566	-3.53631588051115	3.49652390672671
warl1256	-0.022541378146097	1.71421476575018	-3.40825200042763	3.47765948576297
waro1242	0.397291829247453	1.6039522238564	-2.77197020886419	3.71144298879993
waru1265	-0.0458737327754367	1.68588641493447	-3.44356613112427	3.38370612409636
wash1253	-0.399279131030667	1.55109315169559	-3.64003604526174	2.59639198650114
wask1241	-0.175174850538282	1.48715842026433	-3.32071248895418	2.65673462973631
waur1244	0.274920628924182	1.64928577232206	-3.02943132323962	3.63637611858183
wawa1246	-1.4241906078429	1.6980044278103	-5.24706286819478	1.54713043012107
waya1269	0.244057241376818	1.66747676752884	-2.9507394147551	3.76420923203976
wayu1241	0.472913774557166	1.38298448527527	-2.21962757274624	3.29533721876179
wayu1243	0.511104599008671	1.59754889213342	-2.5648010635768	3.78822308002503
weda1241	-0.045110076431375	1.55198988444667	-3.16362269305407	3.135503948584
wels1247	-0.0756227847021409	1.69950543388902	-3.56736916749262	3.25255112832979
weri1253	-0.108036874974358	1.4312007854024	-3.11368403478574	2.66106090066302
west2354	-0.0533468559967622	1.68657365856812	-3.46976865970986	3.34172319681956
west2369	0.00177075629543597	1.71044332782314	-3.49690855037775	3.55342795604925
west2392	-0.0507920156101724	1.74443446206777	-3.68331352862674	3.47408138592873
west2396	-0.266219185368811	1.67082819776989	-3.78717950325021	3.0401575835535
west2397	-0.159762613224227	1.77437836132349	-3.83957912085425	3.34934160699047
west2415	-0.554926370235919	1.53544892676651	-3.86845734301612	2.31962565062584
west2418	-0.618294113599341	1.61067729142726	-3.99689811595241	2.44082602038124
west2430	-0.114330093943663	1.67441529883858	-3.55785486274874	3.23729607756323
west2441	-0.0256861628697445	1.71479728366913	-3.63530326725499	3.47610909259907
west2466	-0.792552696263704	1.61412137571503	-4.30874558059748	2.18050045538877
west2516	-0.0386995537533347	1.68816186557722	-3.51025259123167	3.4009320385457
west2519	-0.0600638297353921	1.66239470438369	-3.38793404653686	3.34710253837869
west2548	-0.14208716225427	1.69176651901389	-3.5502081064971	3.12800490002234
west2555	0.813860680020181	1.40707151915156	-1.84305034255008	3.80136583496686
west2557	-0.259344930479378	1.61513652444542	-3.59360767092848	2.92060243365168
west2560	-0.445466794072915	1.63588201254371	-3.96681999498421	2.64518846536237
west2564	-0.272814018102483	1.7163417940467	-3.89072283354905	3.09323268299867
west2594	0.273303921501812	1.55291157908193	-2.80074121327728	3.45433378277334
west2599	-0.644831757533196	1.3970530979309	-3.58924423773538	1.96434944944516
west2600	-0.744175283424877	1.64352748068787	-4.26337783379464	2.27087038482866
west2615	0.361170000826801	1.59852516079325	-2.6659722975799	3.82119304433309
west2618	-0.249946866565946	1.66460289520515	-3.69790946026168	3.04784273019265
west2624	0.0777899743283069	1.46373428798122	-2.86311803528701	3.09834971220838
west2632	0.688376293033092	1.64915619775299	-2.3577973362001	4.22453724370463
west2635	1.31097209638381	1.59470649815774	-1.42350844046919	4.93593345316814
west2644	-0.264771552070152	1.64626693665094	-3.66523185720902	2.99806780694771
west2650	-0.17838248440288	1.69918787666242	-3.74971396811269	3.22990185650367
west2763	-0.837235347606735	1.54092004340007	-4.26124367633055	1.85184136273414
whit1269	1.5603638358172	1.56987219823145	-1.22771224564716	4.95020497797081
wikm1247	-0.0554838187204166	1.71672895719974	-3.56450376831099	3.34852529856829
wiru1244	-0.801597647096394	1.4410438491368	-3.82948770734059	1.85282148993872
woii1237	0.26671946562287	1.67465538766662	-3.11910263511776	3.7834734844271
wola1242	-0.583914304853597	1.69116583709248	-4.13547652760232	2.57935762079955
wola1253	-0.534734709664978	1.63614518912791	-4.14701829070868	2.60664242896583
wole1240	-0.0352399049700178	1.7577085890908	-3.61037727725404	3.50084482077193
woli1241	1.81426215463087	1.69274896806094	-0.990155671893388	5.5505093465611
wotu1240	0.305211798882918	1.61619862773386	-2.96778479708926	3.6112410679064
woun1238	-0.296790886688439	1.55577107027175	-3.59710968487425	2.73213321828205
wuch1236	-0.0670435819882064	1.69970841461362	-3.61896510634963	3.3516859472817
wudi1238	-0.328308178457386	1.65165399624628	-3.76745832159058	2.90252798186444
wusa1235	-0.299651537160424	1.62906483962859	-3.68364692272495	2.84486478033058
wutu1241	0.00393642464750583	1.6668512656806	-3.47618136292442	3.33569707645693
wuvu1239	-0.342127507179325	1.67367232436995	-3.85649174121395	2.94689786834027
wyan1247	0.374995006589915	1.74910770233736	-3.06655066367426	4.12362942228031
xamt1239	-0.357483190052249	1.66722799208279	-3.88699176775948	2.79450440568897
xara1244	-0.291015891673797	1.66292217782428	-3.8001559954293	3.00941333280871
xhos1239	0.521018442444485	1.59775031672978	-2.50852691999992	3.98223559080949
xish1235	-0.326912311814589	1.65436139908328	-3.69748913630817	2.8617063021732
xokl1240	-0.682275283156497	1.62133518177676	-4.16280734839732	2.30095392430598
yaak1241	0.897336741950738	1.49707138379521	-1.88415071504278	4.05731772463639
yabe1254	-0.049719868798913	1.51336493541805	-3.17233140909239	2.98334985362489
yaey1239	-0.218872970927478	1.7184384111954	-3.83758468953679	3.17249440940747
yaga1260	0.496008938042914	1.37070496422405	-2.13978717271251	3.43549410363563
yagu1244	-0.451282216042677	1.60931253620595	-3.80771187077197	2.63510057908645
yaka1269	0.496996669197208	1.61846366380955	-2.47792326679715	4.08788172378204
yaka1272	-1.10054169584783	1.61176111647348	-4.62248962128282	1.7532198607839
yaka1277	-0.0971254223762092	1.65271386906588	-3.47817434721545	3.18577699049681
yaki1237	-0.68920120082111	1.61159248391046	-4.20948262382253	2.30585530815034
yakk1236	0.489113004698477	1.38944685210132	-2.23323189400528	3.33888858592684
yako1252	0.11219952926805	1.67857604811343	-3.24020448662865	3.53005433327794
yaku1245	-0.0336246598641485	1.75398273509077	-3.58289934113985	3.60396659241485
yale1246	-1.1050758733028	1.50132957443796	-4.27040997203513	1.61051692963449
yami1254	-0.38778068937201	1.60098386383015	-3.80323180790183	2.68508855970892
yami1256	-0.554696414544939	1.68882230970149	-4.18647795188379	2.64581889666477
yamp1242	0.995846053652019	1.46962978875499	-1.75084344176072	4.17789489476511
yane1238	1.18418325680609	1.61770871943555	-1.7334429637075	4.76854871515543
yano1261	-0.547482380173018	1.73180734616972	-4.29577121724696	2.81798787097204
yaoo1241	0.336478284879552	1.58953731827623	-2.62646537095324	3.72612992454531
yaou1238	-0.416201442629515	1.68203809519747	-4.03298662534338	2.78494639570837
yape1248	-0.000553675909464111	1.65134677674095	-3.35623162306109	3.29970949368553
yapu1240	-0.881884439407775	1.53381283649065	-4.22264134073092	1.8597846177609
yaqu1251	0.612352936272372	1.58713687580014	-2.30279171594567	4.0371879927787
yare1248	-1.01753845363847	1.6241500664926	-4.55615243301679	1.87861335558553
yatz1235	-0.530305619934236	1.60524671786521	-3.92366589991313	2.59244581506314
yaul1241	-1.21021453666971	1.49464798680266	-4.54150203172094	1.43832338368191
yaum1237	1.00555599130264	1.39319921630882	-1.52049857171936	4.00900456901324
yawa1260	-0.659332533252867	1.70720157122911	-4.34937598512747	2.45639742048958
yawu1244	-0.502706410548346	1.71068664788327	-4.17700926060946	2.80247372829836
yecu1235	0.938391806536208	1.64197697906663	-2.04569773873835	4.57180983214661
yele1255	1.16158295077658	1.71065888429909	-1.88355863596373	4.9138505166924
yems1235	-0.598236279521062	1.65557909517793	-4.17258558823482	2.54918988917936
yess1239	-0.136769069916645	1.43909988386682	-3.11180961122108	2.82140251219358
yeyi1239	0.567101654586005	1.54875854164212	-2.37822373192056	3.88939848196082
yidi1250	-0.110414629786453	1.69932110658546	-3.69506844094127	3.2821505743913
yima1243	-0.778980952550855	1.41866472692531	-3.87778361483042	1.83993885442498
yinc1238	-0.26434095348476	1.65973342776963	-3.75380720299186	2.99543122083401
yind1247	-0.0402815143081315	1.73765229764401	-3.75886028309769	3.41825106240618
yine1238	-0.262915253875292	1.65895485582093	-3.68932310556524	2.94959152477218
yoga1237	0.658367522209738	1.48605753415712	-2.10459839200056	3.79443496764474
yoku1256	-0.891534502852644	1.66091085258014	-4.47129049528353	2.1160520528908
yona1241	-0.259831194437269	1.74272251522976	-3.91335636150255	3.23317944178433
yong1270	-0.231362120312399	1.60546398595398	-3.68323699528702	2.80600486349197
yong1276	-0.057258857498899	1.75638645685634	-3.67920889594124	3.50689959721453
yong1280	-1.04309552700914	1.57447673174988	-4.42306382077572	1.71621589514538
yora1241	-0.391382540812462	1.69121292673344	-3.97841611098425	2.87021622274078
youl1235	-0.395171105981339	1.67888344652122	-3.9394089929571	2.80080717350736
youn1235	-0.0778561982447863	1.7321178112846	-3.67646514537355	3.31785802522291
yuca1254	-0.567417737346051	1.62873930336368	-4.10019742172096	2.59689203665287
yuch1247	0.531910814524499	1.66422939700148	-2.65975283395561	4.20448016597107
yuec1235	-0.129978500942261	1.67811323707682	-3.5841388931268	3.14431688050389
yukp1241	1.11903121351808	1.67812989382899	-1.99786066047448	4.66167791351918
yulp1239	-0.260314953483171	1.72984121780774	-3.91371265011076	3.09073759193116
yulu1243	-0.166844078006082	1.6771059985107	-3.66191186613574	3.10259907432593
yuqu1240	1.27973860318121	1.56763305965818	-1.52097417227068	4.72973169732154
yura1255	1.27927468052012	1.55950150875093	-1.49679477716215	4.72006201591888
zaba1237	-0.186857989867752	1.59841696081751	-3.49865796383344	2.9989372919641
zaca1241	0.964729879930194	1.53599181516937	-1.81206961969756	4.41068966703601
zaca1242	-0.296546909397462	1.63804880380365	-3.71898484929059	2.91695613723725
zagh1240	0.492319508812647	1.69154868871605	-2.83358297784083	4.1176541124781
zaiw1241	-0.264906734196074	1.64107186349614	-3.6778234011074	2.99141329773468
zamb1245	-0.0615983271097114	1.39629530246477	-2.83494042996668	2.81538862010266
zand1248	-0.215268649611263	1.67337161741604	-3.75134348250853	3.12804317467689
zani1235	-0.260985723851006	1.64204224389411	-3.74034485486041	2.99066511253853
zapa1253	-0.44758474864692	1.64556568013344	-3.85417664560196	2.62426402565627
zarm1239	-0.133463202229001	1.76136582126279	-3.80278387033569	3.36957473228184
zaye1235	-0.106756614440679	1.68844183408262	-3.61597457005598	3.22970851462497
zays1235	-0.577784115801081	1.68302842543403	-4.23333216065525	2.63125405106398
zeme1240	-0.652280349625032	1.4533741353546	-3.67746473481315	2.12990584073175
zenz1235	-0.0948674319054002	1.62176055870552	-3.35879310015351	3.19540026506199
zhab1238	0.559021917516388	1.58663079628604	-2.57717082446095	3.803576498382
zigu1244	-0.933723572744733	1.4814038617627	-4.07465316024711	1.76133675403379
zinz1238	0.448631774646167	1.61002152556878	-2.64716431487876	3.90901827170053
zoog1238	-0.533332250117752	1.59786828105824	-3.91183774521805	2.5739338865129
zulg1242	-1.17891484588648	1.71448052193165	-5.02115841805456	1.80916728395814
zuni1245	0.623032396662725	1.61311360634386	-2.44732235883869	4.0838635535358
