Estimate	Est.Error	Q2.5	Q97.5
abad1241	-0.319772999201606	0.747345496734074	-2.23951783900875	0.77158100657895
abar1238	0.0653206241295063	0.633868508452964	-1.19832089945037	1.56018372701281
abee1242	-0.0810591905341336	0.670382057537434	-1.63735301312488	1.26390319612701
abkh1244	-0.0340109756644418	0.677815439750795	-1.54390524231173	1.37492246100611
abua1245	-0.0143766309615004	0.657173992048045	-1.47421981445806	1.41332583218624
abun1252	-0.128597301207625	0.69261994205132	-1.89006198419111	1.17951272434342
acha1249	0.0130163977286517	0.676775558352644	-1.41581064169385	1.51088549206095
acha1250	-0.0224287728323239	0.692310893551435	-1.6373593441057	1.41822674135316
ache1245	0.116777976601492	0.655630248182154	-1.12540510045273	1.62347527252494
ache1246	-0.0109340348634192	0.676284990664562	-1.5250287187163	1.3823868549017
achi1256	0.0513013456020837	0.66482315910329	-1.30594739176896	1.54280310244223
achi1257	0.118191848448259	0.663019892423531	-1.14371245234005	1.68372982628633
achu1247	-0.0736792834424691	0.671292215452721	-1.68745504821111	1.24880549946464
achu1248	-0.0680873707823808	0.679591637988124	-1.6713079919936	1.30121868543039
acol1236	-0.0769965473570969	0.656053116869067	-1.56367463478047	1.26122416123095
adan1251	-0.345738383401776	0.758774815220294	-2.37868267471264	0.761240036353047
adon1237	-0.296202765586177	0.711927173929762	-2.1968314987485	0.825416150810489
adze1240	-0.215348269947037	0.664370140481855	-1.87335434628454	0.95247466476074
aeky1238	-0.175818924889717	0.693402946124151	-1.92864188282254	1.04438361024126
afad1236	-0.0534715258929577	0.633542999286038	-1.47921371183734	1.26442860052766
afar1241	-0.147864185890032	0.672220450402109	-1.76969068347506	1.11407411266895
aghe1239	0.0349644035794473	0.627811101048588	-1.28368652657803	1.44353561138659
aghu1255	-0.0972187589314148	0.668278446532856	-1.71892439950134	1.17587665267288
agob1244	-0.0201737124838811	0.683141902588717	-1.54086651289853	1.43797169470754
agua1253	-0.0361674129539596	0.680380877700168	-1.55959548049478	1.41224346352061
agus1235	0.216005839994625	0.684187897162625	-0.986668475016346	1.92975437548034
agut1237	-0.383958164417988	0.749959190607099	-2.34314454293828	0.700611251222001
aheu1239	0.0822453313207543	0.665146939040451	-1.22257573080256	1.6228218893694
aika1237	-0.061203356822701	0.666955059902552	-1.58767779637901	1.31117047415653
aime1238	-0.0754868989111194	0.668133038912353	-1.66441258053468	1.31166043977419
ainu1240	-0.0141620675448985	0.682049959548764	-1.47921016336952	1.45690865249954
ajab1235	-0.0146771268337335	0.639444047205779	-1.41274964906855	1.36793761388004
ajas1235	0.0846818857372872	0.696540319159042	-1.28430490309795	1.70347065108716
ajie1238	0.108188842375397	0.610421521377807	-1.05834254763549	1.59581244944081
ajyi1238	0.135771642868733	0.669151174998982	-1.12009885360727	1.76004701870613
akei1237	0.202577044210417	0.614277755727473	-0.849895885812568	1.69308417713927
akha1245	0.0387634306245595	0.641587347145041	-1.27664206258326	1.49051230267091
akoo1248	-0.140165900190731	0.652827675399065	-1.73586549834495	1.09912594846083
akun1241	-0.0583010886247676	0.660236803370469	-1.61045950560807	1.31708455842638
alab1237	-0.00868876573146341	0.671951792804527	-1.44749227341034	1.47511340293221
alab1254	-0.101708003789094	0.628393785304641	-1.58348443522962	1.15333037671869
alac1244	0.178400712370064	0.700590057851983	-1.09120627006008	1.89903098901794
alag1248	0.187144758198883	0.672423669516372	-1.0375665688027	1.81228496814174
alba1269	-0.0887504646642158	0.656365763274466	-1.65559232382285	1.19151881853389
aleu1260	-0.0605701907963089	0.702975331187845	-1.70337392208122	1.36205132349365
alor1247	-0.349140322494822	0.752047976076251	-2.34869566340549	0.740013856808336
aluk1238	-0.0152192363374117	0.683658228406338	-1.4795204761883	1.42237898644659
alya1239	0.0624386934866894	0.640117315310808	-1.25330046418988	1.55348721523925
amah1246	-0.0257596904697115	0.683600014319864	-1.59545140837015	1.44005694219359
amam1246	-0.35540264937027	0.782946532989705	-2.39594273610413	0.82490273678403
amap1240	-0.0200180729009142	0.638148545598777	-1.43595434251299	1.37409103182578
amar1272	-0.302769862274208	0.709919980469227	-2.1795316428639	0.774823205289767
amar1274	-0.0830094446850652	0.659631492455778	-1.62242685584794	1.2596216703087
amas1236	0.0636292284743792	0.66938274452695	-1.34384822355681	1.62876219155869
amdo1237	-0.00433688516885726	0.69324637715911	-1.47657559831696	1.52409645626269
amii1238	0.0612616980967251	0.64893449029583	-1.19597333504633	1.55307233699914
amis1246	0.104040820926848	0.647579564586622	-1.18366141902506	1.64874028049127
amri1238	-0.0380263556079619	0.650032245617018	-1.52342678395125	1.29569889366926
anei1239	0.118178109931768	0.639204501860964	-1.09547489049529	1.62821961734413
anfi1235	-0.00546154356218168	0.692807001512019	-1.51983372324248	1.50861364142565
anga1288	0.0653094033457751	0.643483792277289	-1.28662212721486	1.54386451588255
anga1290	-0.291585108165836	0.70499790613582	-2.13470583376303	0.839066749273851
ango1257	0.0759954194585691	0.643584437941989	-1.24194633451971	1.6252245992281
anta1255	0.0527795865298506	0.662858820211638	-1.28327684211262	1.58050725326344
anua1242	-0.00388633275112322	0.679635289447737	-1.47253261952319	1.47428541420771
anuf1239	-0.17969015543943	0.726362120073541	-2.0912013242321	1.09123705965532
anut1237	-0.042113108970815	0.625521829399685	-1.45867897283195	1.27285045042938
anuu1241	-0.0644101000625776	0.658075791580136	-1.59060211851279	1.27437128672053
aoua1234	-0.116890996121453	0.665862537995762	-1.71884213237705	1.18432859435444
apat1240	-0.058794413302734	0.655242927649347	-1.56948541506406	1.32710955359236
apin1244	-0.0161296860593561	0.679232627154661	-1.53025356004848	1.49626637839284
apma1240	0.167472135042859	0.594784059603886	-0.907632745308698	1.62839867843797
apma1241	-0.127060030899043	0.662585005425518	-1.75329069287559	1.13605321528152
arak1252	0.232749799659403	0.62166079972247	-0.831739473121664	1.78226385993107
arao1248	0.0233233217831951	0.653425041876451	-1.35928284778818	1.53108620068303
arap1274	-0.0221970142496231	0.662826281769299	-1.49098678144298	1.43022350654711
araw1273	-0.0138950052407828	0.673121740975377	-1.52553329450947	1.40331198267259
araw1276	-0.09213527970705	0.664833995337817	-1.65042589982478	1.18151794536372
arbo1245	0.0295721179962932	0.62840047211888	-1.27095657161807	1.4409225392188
arch1244	-0.0134345107632689	0.673575675114183	-1.5276899577985	1.42871503263738
area1240	0.0633172753580831	0.616211153890835	-1.20453150242047	1.48310577507341
aree1239	-0.363950840012945	0.768493912190867	-2.35785154629216	0.749843274752456
argo1244	-0.137459735804007	0.664457919566387	-1.71410443363371	1.10076553721448
arhu1242	0.167167909318192	0.670501252917255	-1.07282941719925	1.81985427053264
arig1246	-0.144158352780375	0.66262682163434	-1.72429374758949	1.09292284424618
arom1237	0.185822288695525	0.678719844820718	-0.979179870030158	1.83400473347445
arop1242	0.0325428475792727	0.640211881384531	-1.28957576028001	1.47565027532626
arop1243	-0.221409093001172	0.661524114660382	-1.90927264057214	0.89520124295165
aros1241	0.0282233189429566	0.627969442382494	-1.30474797661229	1.44545248900246
arta1239	0.195387919462321	0.680592206779287	-1.00228207439257	1.93839960348847
ashe1272	0.0993636070059262	0.650518830073496	-1.20401935664247	1.69354983806374
asoa1238	0.050715225984612	0.625192305608005	-1.16477140740461	1.48445070116068
assi1247	-0.104999126365606	0.672716858501123	-1.68096628168175	1.18124152331149
asur1254	-0.113763655778191	0.682038579281272	-1.79975348714261	1.13587692289021
asut1235	0.0518238139496395	0.655598568997989	-1.38079337448698	1.51125862910754
atam1240	0.127815997519857	0.63112994978167	-1.05270572793297	1.64756493050469
atay1247	0.104543413979092	0.659110847495984	-1.22931236593267	1.6956695936761
athp1241	-0.109302793104722	0.667225765020074	-1.73514587870281	1.20321396321541
aton1241	-0.0379297077372263	0.65942500013664	-1.54061553992534	1.33136563995287
aulu1238	0.201398742397969	0.603670124422721	-0.839772135164333	1.66507475011672
auuu1241	0.0438145837931811	0.64671525334815	-1.28521188147729	1.53760424473217
auye1238	-0.10884294394421	0.674653425005403	-1.70369620991553	1.23935259447946
avac1239	0.00986937835970369	0.680867135371693	-1.48946286365549	1.53942440455483
avat1244	-0.260064673832238	0.700903208922937	-2.06931059654088	0.854452890277049
avok1242	0.024578472147591	0.61599137938383	-1.2463657692882	1.38759070439265
awac1239	-0.0495387317813887	0.697279191529379	-1.65010634434406	1.34604249523141
awad1243	0.0465184938833661	0.658830127844388	-1.39655977046542	1.52693865512811
awad1244	-0.14380722206716	0.633370484162447	-1.69299589028973	1.03701945360002
awap1236	-0.1474133691933	0.642136837451979	-1.7458090953864	1.08933639866731
awar1248	-0.192711495395017	0.644229701163767	-1.78116116475982	0.948049442749707
awar1249	-0.183798633178715	0.673967728053081	-1.80080461935756	0.967049217538619
awet1244	-0.0706634659600341	0.673657393492074	-1.63422535570054	1.31001357517489
awji1241	0.0272378108607334	0.676599616225184	-1.39064921833645	1.51167425639853
awtu1239	0.0397573911497148	0.631108766008971	-1.26001210129808	1.50242840187527
axam1237	0.188233463429377	0.600013947411502	-0.87662864251319	1.65736750996771
axiy1235	0.0319299241096693	0.662270545023225	-1.34620373967476	1.4780504355378
ayac1239	-0.0449859383753191	0.71840432974765	-1.61542703659298	1.43527406553451
ayiw1239	0.218615821600871	0.653325827087323	-0.912055493194946	1.87664980836552
azha1235	0.0912663625554967	0.663055359704491	-1.24076642935639	1.59519466554327
baba1264	0.0997042398853791	0.626176757025302	-1.1025074714748	1.55060989268257
baba1266	0.0643295905157557	0.633010192079119	-1.23611449083692	1.53170988708345
baba1268	-0.0206317876458199	0.654486574884626	-1.51883424613586	1.33874021472655
babi1235	0.045794531350481	0.726242342355247	-1.44916526869893	1.67003683514574
bada1257	-0.0181501600993426	0.69370000996926	-1.54233676921548	1.42914007715053
bafa1247	-0.129634832958367	0.651845992735998	-1.73498931360716	1.08802946542437
bafi1243	0.125680882358666	0.661086660356563	-1.1416334228197	1.84137134620763
bafu1246	0.0404530899672442	0.627383360637834	-1.28162779433855	1.48308340050971
baga1272	0.0336275100740742	0.646522820835421	-1.35814427117223	1.52421653179411
baga1273	0.0962797988420395	0.657512891543277	-1.23261158129853	1.6268044557822
bagi1246	0.039673417138316	0.635917066095906	-1.27730328247998	1.47694752314229
bagv1239	-0.0200717042382772	0.653084385717695	-1.52006189263008	1.36225139428731
bahi1252	-0.114860732343708	0.657385600497367	-1.68945979185872	1.21295710491798
bahn1262	0.17190304250465	0.674485992789178	-1.09948706619159	1.83313292846726
baik1238	-0.285291292705333	0.72139002629512	-2.18618776599146	0.844765094363055
baim1244	0.0077457023444902	0.684872057425693	-1.52585065300735	1.49745583525297
baka1272	0.140034797786459	0.67857873906277	-1.10455296416178	1.84608279328366
baka1274	0.0605215300395331	0.618543657131717	-1.19341751541252	1.48157752790379
baki1244	0.112835543691323	0.572290013352872	-1.00360226759291	1.45433103990373
bala1311	0.100644766192609	0.661273468722842	-1.21743577513244	1.67535084124404
bala1315	0.0764758816430844	0.681193850775494	-1.33026018319871	1.64741661955004
bala1316	0.106008329689955	0.626740288494276	-1.0941329490331	1.63868928915453
bali1278	0.0687126159432723	0.6600449369124	-1.23658966176834	1.59420504343419
balo1261	0.119620814782125	0.674927106104305	-1.19766504919014	1.72474831885331
balu1257	-0.158977097334672	0.651376237625952	-1.76841526838352	1.06823882438304
bamb1262	0.0224924091573206	0.704471817864482	-1.46121199213969	1.54846094131491
bamb1269	-0.0348450581650765	0.693723626030213	-1.66169894465377	1.42930539577572
bamb1270	0.0812830145880934	0.664170375928919	-1.25863393893431	1.64505219130449
bamu1253	0.126384960835541	0.659521896870607	-1.11363133830661	1.76643065644369
bamw1238	0.175082920165717	0.67646813550235	-1.04787898743862	1.86858264941985
band1344	0.181847244801666	0.674468950695492	-1.03492136388728	1.89025748165594
bang1354	0.0554776312956313	0.654094481280941	-1.26811420734529	1.58017167288697
bang1363	-0.0701402135797307	0.686834730563574	-1.6634200582761	1.30633065681339
bang1369	-0.0638239639272322	0.67702345932547	-1.65951268810259	1.34297358137387
bank1256	-0.11070632696047	0.650336312161742	-1.70321465887716	1.14256700259514
bant1281	-0.111489255927653	0.663099416674157	-1.71678686971378	1.16532761449457
bant1288	0.052140851835224	0.604888596508782	-1.18034998793949	1.47633252776888
bara1357	-0.0891656670952538	0.669742111059579	-1.65433929896671	1.23439988592941
bara1361	-0.0145861140214001	0.625828721555152	-1.39925562166475	1.33839402537115
bara1369	0.0603558809063759	0.67989050653178	-1.39703837944112	1.6314056274733
bara1370	0.170934148570516	0.695531179963576	-1.08475775500939	1.89505580827647
bara1380	0.00235786121148952	0.666593198660775	-1.46512809458835	1.45711891450921
bare1276	-0.0536243630795958	0.668222249483362	-1.57463694381376	1.34917300658131
bare1279	0.0932624272329653	0.663210012335371	-1.21319408967069	1.72372356877062
barg1252	-0.177578483527025	0.669762497653954	-1.84708681590629	0.979109608732601
bari1286	-0.301782568733413	0.709098509549679	-2.15438388176983	0.781552556085596
baro1253	0.121529796831205	0.620555221541389	-1.04879124272971	1.57556270328455
basa1282	-0.00909302615864515	0.653856407414955	-1.44747707187755	1.37735654275147
bash1264	-0.0148796091131451	0.697171732355601	-1.61437863186254	1.48154857805438
basq1248	-0.0414283353114544	0.676703984075125	-1.56850203580467	1.39254738798047
bata1285	0.081758091588996	0.672869661843405	-1.31451073306816	1.64349151846551
bata1289	0.081758016165825	0.647352858060599	-1.23228580110547	1.57999855370779
bats1242	-0.0291404304141851	0.672802336093857	-1.5084148705314	1.3358437756059
baur1253	0.183977929827655	0.707720326335719	-1.04804179509975	1.97890655372757
bawm1236	-0.0661452008340973	0.673316628825514	-1.69058053144102	1.29728226257592
bayb1234	-0.0967768321393822	0.65894483419655	-1.70109838953015	1.1621866397716
bebe1248	0.112491721729486	0.666135619966245	-1.16343343760672	1.74583708304764
beja1238	-0.158107434951625	0.693237523656655	-1.86393590419949	1.10642506240903
beka1241	0.115066573822238	0.650049644174538	-1.15141524078652	1.68713558194779
bekw1241	0.0887209088258616	0.677142737321555	-1.26726637160925	1.71367433330716
bekw1242	0.119405318921821	0.697071437536762	-1.22189355747754	1.76602473690986
bela1254	-0.0240790468701257	0.660117599552633	-1.50044062808093	1.37823907696009
bela1256	0.12484526950967	0.67761875721792	-1.12594408096834	1.80898911708329
belh1239	-0.110255972102175	0.667058117083026	-1.71502226605454	1.16697097364741
beli1257	0.120356367129446	0.673927139374932	-1.13516331643602	1.70508722205477
bell1243	0.122197154502121	0.692512497101789	-1.18706643678702	1.78654607901931
belu1239	-0.067267434540133	0.640180463778931	-1.54695068342572	1.23259028648871
bemb1257	-0.0319644466174573	0.66881887723092	-1.55772106338546	1.33888569083496
benc1235	-0.0859916969619069	0.661771346361499	-1.68523815325769	1.24730357725446
beng1282	0.0779553140447856	0.681108075947161	-1.30444029354067	1.67316249718427
bent1238	-0.0775788749803215	0.692741981540886	-1.72610733041055	1.36881231854006
bert1248	0.0215492889704257	0.688110963361898	-1.46696212284333	1.53159734424626
bezh1248	-0.0241587876771183	0.656822711380562	-1.52303557224172	1.37374546700411
bhoj1244	-0.0856832030830173	0.701311290751032	-1.76345646602754	1.33993694814497
biaf1240	0.0911248067740767	0.669204239945544	-1.22319844326084	1.67145373491948
bian1252	-0.352560104016525	0.754011753622996	-2.38181190178806	0.763706388638071
biao1253	-0.0961692207139621	0.659300892075527	-1.63661057071985	1.19140582886737
biao1254	0.00986924413229541	0.68826757818635	-1.42702934323897	1.53106562574239
biao1256	-0.0622457710486131	0.654169353318921	-1.52829527299161	1.30937082704635
bidy1244	0.0714950591005628	0.668760048220009	-1.30657655519566	1.59682247041082
bier1244	0.117131407409185	0.570082195583521	-1.00137618390653	1.46471885490719
bign1238	0.250460000942294	0.634431860390431	-0.840184828347338	1.8650945779212
biha1246	0.221791391613366	0.707632771507098	-0.989625479733008	2.03952678469213
bila1255	-0.0510099465831775	0.647494385394206	-1.55515686246953	1.28495692055882
bilb1241	-0.140187204295301	0.643957044039381	-1.70337368285872	1.0913364858494
bili1260	-0.218304553188853	0.708774294929009	-2.0159205061759	0.990606054448446
bimi1240	-0.149825783867021	0.699244305896462	-1.90014850366278	1.11346933271864
bina1277	-0.332313544886826	0.749868425410875	-2.27066935805675	0.776374802054333
bini1246	-0.242883062635284	0.711530510079052	-2.12513672024354	0.908971747734314
bira1253	0.0662052731020384	0.641381682389611	-1.19695892852688	1.60325839551064
birr1240	-0.084788130975991	0.673457188845407	-1.72001644228218	1.23001752123829
bisu1244	0.0064062554543058	0.650381070344026	-1.40368757728966	1.46815863045305
bitt1240	0.0646733980091035	0.658912185281578	-1.29478003235452	1.5863295783446
biwa1243	-0.11931263308194	0.665264634031378	-1.73821834667311	1.18132116964121
blab1237	0.148678555016614	0.598490464866874	-0.995122847856821	1.60290787015528
bodo1267	-0.130887463250583	0.679126081235935	-1.82749777217587	1.17188382114828
bodo1269	-0.0319868846585258	0.659190694232868	-1.48772870568298	1.36001556907291
bodo1272	-0.0235704948214135	0.653028009946246	-1.46671655019557	1.33901712329857
boka1249	-0.0583026800356694	0.683980392869078	-1.62083547736065	1.35290036033693
bola1250	-0.0706498694496587	0.617842567688946	-1.49310596665832	1.22480811661309
bolg1251	0.0199683179176672	0.648112381556047	-1.32674782389965	1.45579381542904
bolo1262	0.112141520318249	0.657655428375075	-1.18467201995137	1.67164620282213
boly1239	0.0443995633864427	0.666591751715451	-1.32175374843383	1.53894101157267
bomb1262	0.211020868871813	0.677924947540954	-0.966903958080297	1.96821834182862
bomk1234	-0.239955381552411	0.694734862386493	-2.03041000691113	0.910536098830419
bona1250	0.0703950798263946	0.667470633103129	-1.23636640231221	1.59620479928037
bond1245	-0.165485546509026	0.664275219338054	-1.80340796866869	1.0653451869706
bond1247	-0.111544123065596	0.663499035479102	-1.74483040499479	1.16915216881854
bong1284	0.0767157731493315	0.666081927676234	-1.24784847624415	1.65228895190072
bong1285	0.183516273285939	0.695743328352815	-1.02303110200773	1.99597102733576
bong1289	0.152529749312815	0.697635848542769	-1.12697256773094	1.88504311895866
bora1263	0.0427578193707274	0.723478128081095	-1.45030682068666	1.65013802914901
bora1271	0.128613630429897	0.66801825499552	-1.14604094638085	1.80594328601901
bord1248	-0.0504924232721793	0.656822732780121	-1.55791767274083	1.3022777459884
bori1243	-0.0684814403061209	0.653991138045222	-1.60492824618196	1.30552680340815
boro1277	0.0137223528443362	0.691959403109777	-1.42668155347353	1.6027285248512
boro1282	-0.00539282287976295	0.67614484053723	-1.52493058145015	1.4751529065098
boto1242	0.0276545713946826	0.624560402570336	-1.29555796086209	1.44193387427384
boun1243	-0.146555744711463	0.679784134824404	-1.82176909981883	1.14735269130037
boun1245	-0.142861484071441	0.665542853214262	-1.74265944938956	1.11358680905055
brah1256	-0.0128728381938596	0.706946428842771	-1.56421545453932	1.53352079547682
bret1244	0.140605647051422	0.676406941582646	-1.12958374378954	1.77607194057088
brib1243	0.0926650020945359	0.648869991358108	-1.18247182352552	1.61094475173261
budu1248	-0.00799318899902419	0.636685635368266	-1.40348035551295	1.41987844343861
budu1265	0.0226773088903428	0.628429783684405	-1.31300681450773	1.48257926755247
budz1238	-0.0450848667265359	0.668490825566088	-1.57712260731479	1.37214175050607
buga1247	0.113719919289226	0.643779981889139	-1.11588722653855	1.64531435729221
buga1250	-0.337480922016631	0.727772382686738	-2.28744906168193	0.735954985526619
bugh1239	0.107518900061239	0.601374349067825	-1.10235851677292	1.52669993404454
bugi1244	0.120340485800842	0.682294951954597	-1.15740911542756	1.75569160072698
bugl1243	-0.0634139552492936	0.68208340143563	-1.6065911202955	1.30755775719503
buhu1237	-0.287835840657574	0.738285208528762	-2.20290886992224	0.868491792710737
bujh1238	-0.0849358032671307	0.66145343752932	-1.65195309878306	1.26348094135798
buku1249	-0.0433042002570167	0.668703340434644	-1.62790393931334	1.3522768567959
bull1247	0.0191026379540742	0.676788386402257	-1.40804582727796	1.53939230218455
bulo1242	0.13790255901727	0.709146432007245	-1.20170902850975	1.87298060276075
bumt1240	-0.0562721934076103	0.64564449392762	-1.53789093732345	1.30802078762067
buna1276	-0.268786558519012	0.734574776361226	-2.15031712297909	0.901566776588749
bund1253	-0.0335177708806805	0.68117632134858	-1.53965116161314	1.43526896692378
bura1292	0.16967256480747	0.661622913608069	-1.04964106020096	1.76408282445002
bure1242	0.204193968026116	0.674709263604625	-0.927952413655626	1.85135039520771
burj1242	-0.0710755302749906	0.632257411703483	-1.57122473904387	1.21481255286729
burm1264	-0.066072591434204	0.675989142143747	-1.67768347150212	1.30716692924558
buru1296	-0.050969958954755	0.681621092019007	-1.61863276687882	1.33443948760104
buru1320	0.166487819537934	0.67275681517939	-1.10247752512278	1.82143677935801
busa1253	0.0229570593732975	0.661160471266982	-1.46662523364551	1.52430243639503
bush1247	0.0308849205247139	0.665804686592188	-1.34428738397917	1.48507307431055
buwa1243	0.138090199216728	0.632021666290255	-1.09268527566863	1.66396078693037
bwai1242	-0.356925897848016	0.758995049088104	-2.34205291673725	0.746779162702882
bwat1240	0.0684168980721443	0.625853250846168	-1.20286893171237	1.49562246090745
byan1241	0.0556861851922093	0.665138748107198	-1.36104478602304	1.5499450370608
caac1237	0.151381037893003	0.635003174144665	-1.02933126633281	1.71644734839247
cabe1245	0.172845915570026	0.681685549193008	-1.09368002250417	1.90645387694987
cahu1264	-0.0503681917013943	0.639500992040134	-1.50283876044216	1.31074304129619
cakf1236	0.00020970671294617	0.614502821683486	-1.33011419500015	1.35404778684055
cald1236	-0.0572636117676796	0.685694918063475	-1.65163600582404	1.36013280201497
camp1261	-0.0913998386790701	0.657639505874399	-1.61722849106174	1.20483879368136
cane1242	-0.0131645554930774	0.681787601800948	-1.50696034617766	1.44863580504864
caom1238	0.147235508299073	0.680679222445292	-1.08316050733457	1.8412710637501
capa1241	-0.0103823302932165	0.685266347839213	-1.53369434716615	1.41974651816659
carn1240	0.0584053471371071	0.669499792303131	-1.33017751533175	1.62009775497545
caro1242	-0.112489974779134	0.647780089109683	-1.64449001557159	1.15089265307365
cash1251	0.0457778309338323	0.670032374427511	-1.37443087842929	1.58441905135942
casi1235	0.168481687595045	0.673758432335277	-1.08330582916971	1.86395147510774
cavi1250	0.142256083417049	0.670334165679891	-1.07430925725682	1.85209769972891
cayu1262	0.278163660416956	0.723060479948966	-0.864500327363621	2.19209753976132
cemu1238	0.158739035087222	0.640739425636408	-1.03862170305356	1.70275073901213
cent1989	0.0969458512513113	0.688378856073947	-1.26631712864612	1.71824479911379
cent1990	0.0435695476912912	0.670874751018939	-1.3364257892458	1.56125690847228
cent1992	0.196988445875361	0.718191431111341	-1.06820394624238	2.03103169774709
cent2004	-0.05179987345336	0.670238044455509	-1.6325507000166	1.31643569096867
cent2050	0.119710631173434	0.664218015319044	-1.15204179816701	1.6473398122871
cent2058	0.114837579354106	0.613800428648956	-1.09450746178564	1.58081422621121
cent2084	0.168316035075412	0.694468797950646	-1.05008904816989	1.93697540131625
cent2087	-0.0154331054490928	0.639535099235363	-1.39331397729226	1.35102816115005
cent2090	-0.359434051157458	0.735206278457741	-2.26130517148871	0.708626706145487
cent2091	0.116117703278412	0.67004843831705	-1.19017183582546	1.7082117644706
cent2126	-0.00556801445451656	0.665781007108692	-1.49729317087649	1.44538473682904
cent2127	-0.0398473260007424	0.67768988818972	-1.61338517271368	1.38316444693156
cent2131	-0.0703278832432907	0.649822885308023	-1.55644474927443	1.25158252898684
cent2140	-0.0767624846708193	0.681054072704379	-1.60696244907244	1.25903751592728
cent2142	0.234309150285138	0.726189381518199	-1.01080613059634	2.1448295794199
cent2150	0.0502569038059074	0.648964506776681	-1.30438190828885	1.52225452801269
cent2292	0.12674257879417	0.632797449836398	-1.08267070258182	1.66065896420244
cent2314	0.0945516602217162	0.671916816573788	-1.20759456191155	1.72489900867543
cent2322	0.00757460714694273	0.671971937229202	-1.36222340604268	1.52255217081502
chac1251	0.0750791840064456	0.672543479108907	-1.35068282911907	1.63988112146571
chad1249	0.049147062217051	0.671636765785709	-1.30444530676231	1.60118726244708
chak1270	-0.0637940207686909	0.662743816826696	-1.59378725375421	1.29670905746111
chak1271	-0.222251002990684	0.714759659356055	-2.06587512720148	0.99258781173562
chal1275	0.0717513314076338	0.638841022505153	-1.22547458420132	1.58843395594956
cham1309	-0.0185598996489135	0.653741895659936	-1.48303629522565	1.37878156807871
cham1312	0.0725949797252772	0.670849652500345	-1.2622110524018	1.62605668410925
cham1315	-0.0105413078735122	0.657003499579551	-1.44821342137478	1.41888885521621
chan1313	0.0046768456442362	0.665975519190379	-1.49673862487009	1.49990715225367
char1269	-0.0911836685722708	0.67947641914467	-1.70317434505506	1.31857206591117
chas1234	-0.0572419736264314	0.66726267775825	-1.67273280133296	1.29217324138883
chec1245	-0.020070516057004	0.705846868634452	-1.55895918054028	1.44220243379859
chek1238	0.118661889043235	0.595567865135065	-1.0558788183161	1.47792230709901
chen1255	-0.0265170967324486	0.665700818726348	-1.51632528349999	1.38059256806939
chep1245	-0.100188281014675	0.670480055219534	-1.71554597220933	1.22170488174804
cher1273	-0.00241601040322896	0.680277946222539	-1.49059445635793	1.4850574344362
chey1247	-0.0518580909970218	0.661128644850654	-1.56999749834966	1.31366193561952
chhi1245	-0.109264081752176	0.666120742533862	-1.71556398636553	1.18076479156447
chic1270	-0.0281074752615849	0.651881666497894	-1.43082209832762	1.31549618721255
chil1280	0.079858028591624	0.672381356283786	-1.25610380718972	1.57782203894514
chim1302	-0.0387467345726977	0.670086913983719	-1.59488949236451	1.33897318123122
chim1309	0.292884498468782	0.735275559586968	-0.844656282282234	2.21627423846374
chin1286	-0.0528347621793465	0.702506775941133	-1.63079438696655	1.38588674847888
chip1241	-0.00157077246637356	0.665225639060153	-1.44877785695801	1.437285775797
chip1261	-0.036409645862784	0.678257043997183	-1.51329178722454	1.36768534556279
chiq1248	-0.0168521883543054	0.686714754748283	-1.54548568620925	1.4264387056494
chir1283	0.139561870639796	0.648569058134529	-1.05201392072685	1.75437205573415
choc1276	-0.040287173911122	0.684996622116802	-1.59103978267296	1.40220890055425
chon1284	0.101080888061876	0.671876041494636	-1.17270679282136	1.73847901073672
chot1239	0.275160763843432	0.719951811464638	-0.840730935798177	2.23576237147227
chra1242	0.0964799452276431	0.663632913752659	-1.20481063871427	1.70598928176797
chug1252	-0.0668484808084757	0.685542187977423	-1.65797219010402	1.33724923267101
chuj1250	0.217604501829982	0.704623380761311	-0.997254370847974	2.02431490089207
chuk1273	-0.0158221589271209	0.692862363085709	-1.60045076179328	1.46963019742814
chuu1238	-0.0887541621091166	0.668493123640664	-1.65323898417839	1.21059679900722
chuv1255	-0.00940479573959864	0.673474729528208	-1.50576421307658	1.42763588479015
chuw1238	0.0110535894781982	0.639604747483913	-1.3556119306383	1.41991357458476
cici1237	0.0558158484690643	0.685642529352004	-1.27656083245303	1.60877853948262
coat1243	0.165355620667992	0.669744571660344	-1.04975970733252	1.81690752441179
coca1259	-0.0351048513863279	0.675385051364526	-1.56318640058113	1.37813970218156
cofa1242	-0.0798605804495112	0.677594772515615	-1.62486822686596	1.21906121671517
cogu1240	0.147430105768356	0.674950505822783	-1.10262638105662	1.79786948559792
colo1256	-0.0433274769288912	0.668080922948958	-1.57604434574512	1.313163596598
colu1241	-0.210467004660894	0.703856922273667	-2.02869473679073	1.00439451477721
coma1245	-0.0462490456832459	0.685722115037151	-1.62164207520017	1.39208230591964
como1259	0.143871527899424	0.67932518442572	-1.14308889975026	1.80357272161503
cong1236	0.00837064220359303	0.663513329567577	-1.42025650929993	1.51878255696636
copa1237	0.170521558763784	0.67793116072693	-1.11717690840343	1.84358841828227
cori1240	0.0600619994775591	0.630268478692846	-1.19886686613699	1.53714795776196
cors1241	-0.112314955351121	0.646445216096692	-1.68284432421386	1.18035967770816
cosa1234	0.0565662955857114	0.656332241592268	-1.37790896683702	1.48530391049686
cota1241	-0.192507669093245	0.667839817490361	-1.83721193073299	0.976381963788231
cree1270	-0.0105238984780823	0.660387374170779	-1.51706887337041	1.42316889631916
crim1257	-0.0044321056861679	0.727279482210728	-1.59448760732254	1.63627176680926
cros1244	0.0677594044588345	0.669025904381669	-1.26161436252416	1.60839525167886
crow1244	-0.0602192711417513	0.68328406919502	-1.66595687151364	1.37953535356062
cube1242	-0.105065411029811	0.698477335306784	-1.78201084585182	1.22746260991163
culi1244	-0.0277840037349517	0.649374442232005	-1.4964135998232	1.37895486321449
cusc1236	-0.0697302756900669	0.654014675818006	-1.57626000189045	1.23932736250384
czec1258	-0.0329220214136142	0.686777633424666	-1.59578090811892	1.38048956080327
daai1236	-0.05071979932045	0.655287693432689	-1.53571914012955	1.29323643697861
daas1238	-0.26310852634625	0.69215767881974	-2.0831058964004	0.833024189555392
dadi1250	-0.10887618145785	0.643386324096363	-1.66682030470699	1.15298379855859
dagb1246	-0.236031393897716	0.721573567991423	-2.12578712499137	0.992607115164669
dagi1241	0.110488281322293	0.668187842286906	-1.16986814192613	1.72397178886547
daka1243	0.163029361790725	0.581261533597516	-0.890278415154542	1.58763637869805
damp1237	0.125660524911409	0.667032132701245	-1.13309600867738	1.71842810597342
dana1252	-0.0040683448840167	0.649864289097114	-1.43797208460615	1.40489880899501
dand1238	-0.0658808038674838	0.689966036602936	-1.63981302750469	1.38595069478744
dani1285	-0.0852410698828991	0.671435558078091	-1.73103692119306	1.24407674024933
dara1250	-0.0669754116949475	0.638429279980937	-1.49923102187194	1.26350516818453
darg1241	-0.0106616187160751	0.677993681518639	-1.52701784203932	1.45705340849684
darl1243	-0.0682593127940122	0.694340581290447	-1.68071517230856	1.36497106231265
darm1243	0.0553282161107259	0.664763569800055	-1.37964200608327	1.53636240666078
daur1238	-0.00129978608441969	0.663616884673456	-1.45910141304765	1.48491074823378
dawr1236	-0.0754961985688089	0.66025129724501	-1.66874325211399	1.22190377191509
daww1239	0.190555574666077	0.69408788571308	-1.05109301697439	1.89933471005735
daza1242	0.0252784918070638	0.679462380602833	-1.4419154323657	1.52418328893731
dege1246	0.0708477166503283	0.65289600450124	-1.29904763450082	1.59240088431997
dehu1237	0.232456721379584	0.65844412600044	-0.876766059477369	1.91520220644825
dera1248	0.13833344630591	0.62165379720151	-1.03340857160374	1.61998237299355
desa1247	-0.0684810359356471	0.643230070757959	-1.57772659618909	1.22803244209687
dhao1237	0.0559871664782687	0.636130108783572	-1.2906944979511	1.46499742451853
dhar1247	-0.0607845799699584	0.672797079488876	-1.62927451346032	1.32358794194369
dhim1246	-0.0898926086961401	0.659543232826194	-1.63429131790246	1.24053456861966
dhuw1249	-0.0585027546646925	0.691403076692749	-1.64721150624586	1.28029440574319
dibo1245	0.111723501542847	0.698358027205104	-1.25036542285835	1.80828655966931
dido1241	-0.0236327415097868	0.659094233838569	-1.50798194277195	1.38750199081578
dier1241	-0.100202880507301	0.651949337818988	-1.69580055361931	1.17800453374518
diga1241	-0.0568714607892986	0.641668525792196	-1.51942209844867	1.27533341231389
digo1243	-0.0283831657002241	0.643195898090151	-1.47166127537235	1.33091877899957
dima1251	0.0521261853402696	0.638944741583401	-1.24437770662959	1.48950477097968
dime1235	-0.0953476440044082	0.655678440202413	-1.66483729421997	1.23677368281574
diri1252	0.0395470076417944	0.680652452354383	-1.41727522873032	1.55625777346116
djam1255	0.0090242139239363	0.684851946200271	-1.46828770892732	1.50671856533475
djee1236	-0.0679339589440031	0.707257086712222	-1.71526483348291	1.36722266349615
djeo1235	0.108972278633154	0.675455638731839	-1.25071440108162	1.69752286945367
djin1251	-0.0433804612801236	0.690800568116715	-1.60730531779721	1.46304458935505
djin1253	-0.0777342649613829	0.668106853911303	-1.68474366037854	1.25135370563033
dobu1241	-0.318740117925965	0.748134026624144	-2.27514870970412	0.838835880071146
doma1260	-0.0507770936161564	0.689407952350283	-1.6456171954355	1.34969987057829
domm1246	-0.0564126003834912	0.639506330735925	-1.51607929700157	1.2715641192817
dong1285	0.244086582863089	0.717435045358637	-0.88571031282901	2.1067286157732
doro1266	-0.341624167726854	0.77092595991053	-2.38283716969933	0.809095129055515
drun1238	-0.0415904414355882	0.688499540338426	-1.66561071236666	1.34476286563987
dumb1241	0.0844106996445074	0.634874790247309	-1.1553421759868	1.65278999791008
dumi1241	-0.111737910148848	0.666847933893089	-1.72797737150058	1.14926053738771
dupa1235	0.152578998983644	0.660382955061703	-1.02521534407098	1.82659980191954
duru1236	-0.122868105327574	0.693732329073157	-1.76851565408739	1.22428516767479
dusn1237	0.0290051484866786	0.638446931845084	-1.31420825389313	1.44999404020854
dutc1256	-0.0576206296673014	0.667295748455324	-1.57442099409992	1.28173537387522
dyir1250	-0.162721175752157	0.6947333659738	-1.89954093078779	1.20224705869502
dyul1238	-0.293247762768634	0.719837808380549	-2.16599103509464	0.817866467219779
dzao1238	-0.0407233560720476	0.662970830800991	-1.53318304280518	1.37943552931366
dzon1239	-0.0668001575883392	0.676742144314772	-1.63461624616255	1.27095804853368
east1236	0.110919869545379	0.663527904906062	-1.17303722448807	1.67081520385722
east2328	-0.00375094342057106	0.666889539436995	-1.4769259675359	1.44236988965157
east2332	0.0778789705304228	0.680296404762363	-1.31339676439609	1.68337810169295
east2342	-0.0149527691410896	0.67365672484083	-1.5236324060224	1.39822457386894
east2379	0.112405283633546	0.659735947190288	-1.15387617630299	1.69185991332358
east2443	0.192881124843489	0.633632554193217	-0.924434655682752	1.82623608843264
east2485	0.206795891646108	0.716114465838888	-1.02730145036525	2.04243577181558
east2516	-0.13671232339533	0.673877880262995	-1.75030135886034	1.1287377849286
east2555	-0.0128874669445471	0.668490006656742	-1.49596947648977	1.48836684758131
east2556	0.329352027897626	0.712026822233627	-0.762859179907509	2.19278437850236
east2690	0.0319492167813932	0.66967086007714	-1.40445914801121	1.55904410611566
east2773	-0.112103360798449	0.662751131531828	-1.70331796146334	1.21072864518025
east2782	-0.034569581487488	0.66821867051363	-1.52649678767218	1.35895488748955
egyp1253	0.0134996148314775	0.671153966970384	-1.47829306611492	1.51166302243773
eipo1242	-0.0819350120353925	0.70093801083233	-1.70387424797019	1.27494744723291
ekar1243	-0.088926374611996	0.673458867770861	-1.70004322386834	1.28130194138883
elem1253	0.0891434582968454	0.650379272202923	-1.22741501657354	1.65037196639513
elip1238	0.12465873545396	0.662411904678632	-1.1480452664863	1.71316336896576
elna1235	0.0388938252132576	0.624018020249379	-1.23697450600704	1.54651773003006
emae1237	0.0864557002377182	0.585223980005551	-1.08977221008782	1.47226331977422
emai1241	-0.179597741445084	0.669731949494072	-1.87765796447849	1.04615876735038
embe1260	-0.0305514055030362	0.653485800959281	-1.47824209543696	1.33353726507946
embe1262	-0.0338586478155393	0.69041854625743	-1.5794807179124	1.45518538038079
enap1235	-0.0368018707114456	0.677938444245857	-1.56431579575666	1.41878345973533
enuu1235	0.0393210373147595	0.668295022952018	-1.39983035536768	1.60792655443625
epen1239	-0.0390828891882939	0.671985568893342	-1.6204459444404	1.38219532693072
ersu1241	-0.038590788796899	0.655487666041805	-1.48865652237801	1.34977215628568
erzy1239	0.0017236028698308	0.669641329541753	-1.47897339755796	1.53499702888498
esan1238	-0.11506105527199	0.659960797004369	-1.68763854566054	1.13942527074583
esee1248	0.0168783246651097	0.673812522684964	-1.42580323687921	1.4779548957935
esim1238	0.0393166787154679	0.636544841883058	-1.32562307621563	1.48731315157003
esto1258	-0.00990170446601572	0.675462009886952	-1.485913429863	1.46725399793835
eton1253	0.130018612843582	0.673862282678111	-1.14628203406076	1.73596495483491
even1259	-0.0020450581950819	0.672716378659599	-1.44872551547377	1.50201748468385
even1260	0.00652656411067309	0.683071684442347	-1.45412141105563	1.50430420278231
ewee1241	-0.193496274788491	0.667005391861179	-1.86743197389842	1.01114869947433
fait1240	-0.0827258800576477	0.639193528827011	-1.5936354858768	1.22546857934887
fala1243	0.00645874315753693	0.675626015381612	-1.41471026738839	1.44087368917868
fare1241	-0.211710091495393	0.710424333076687	-1.99103729581871	1.01112080698535
faro1244	-0.0895795653109232	0.644935659397535	-1.60158960634668	1.20376069122207
fass1245	0.018470016319891	0.645146570997315	-1.39240499041011	1.4660748105203
fasu1242	-0.11023219740859	0.680602143872307	-1.74042324779978	1.21908239039581
fefe1239	-0.0495997777660055	0.626216867817946	-1.45486429903072	1.25925785219084
fiji1243	0.106262642460195	0.642860732703929	-1.18736535922067	1.62810484742263
fili1244	-0.0624725324405663	0.629546711650699	-1.47821119419834	1.21321815112533
fina1242	0.104520176282723	0.62293326437478	-1.09660062694916	1.56401563321635
finn1318	0.00663362471999812	0.690243631159309	-1.46388940810729	1.51258527280234
fipa1238	0.0105307495320588	0.669390852051454	-1.40003672579905	1.50228223185138
foii1241	-0.131097166232713	0.678744314121136	-1.80023386194077	1.14049774828444
fonn1241	-0.00928494151786534	0.637330523461303	-1.37326282987541	1.43548162098223
fore1265	-0.00476753201248211	0.657290902587439	-1.45423765354694	1.40366119527802
fran1266	0.103550128826868	0.652684864438308	-1.21816165975975	1.62170670170593
fuln1247	-0.0433813372642343	0.675898612256149	-1.61806495587761	1.3960056727476
furr1244	0.000604091754216669	0.682735931692877	-1.46815638384701	1.49734035850797
furu1242	0.233391709751801	0.708421296616646	-0.936182730618907	2.0356499740784
futu1245	0.0248841112381808	0.623746365598565	-1.32542236990803	1.47551271239713
fuyu1242	-0.340114679872903	0.761204906704073	-2.39485449853032	0.780790649383808
gaaa1244	-0.162699874148283	0.702754418971354	-1.91563157898565	1.15435900171542
gaam1241	0.00538315995436747	0.675802062601825	-1.41547836021833	1.49974781950193
gaan1243	0.170564756171007	0.657525580695395	-1.08968627666165	1.73657499018052
gada1258	0.10252695085673	0.62810846158505	-1.14556897481376	1.64627974654295
gade1242	0.0570088861038771	0.645054491043891	-1.26922593697731	1.55112333687921
gaga1249	-0.000860701963464078	0.687690751194579	-1.47353395470453	1.46919638591754
gahr1239	-0.0023305118918865	0.68866220814487	-1.56981174885344	1.49724966873323
gale1259	-0.0422508920284663	0.70097696788879	-1.68438542551328	1.3795454980034
gali1258	-0.0986769777453621	0.659158319835857	-1.65786244444713	1.19483955969429
gali1262	-0.090839044651451	0.651789129774866	-1.6094486092188	1.20359959447601
galo1242	-0.0616305001454282	0.66285323633883	-1.62203190789849	1.38496393178376
gami1243	0.205541967329985	0.712766159896019	-1.00115295246237	2.08492914376506
gamo1243	-0.0347389645720706	0.655121945133104	-1.48932286065241	1.32629397015488
gand1255	-0.0478514754066364	0.668514509389886	-1.5441549533179	1.3674845504781
gang1266	0.275737682374419	0.717869524246654	-0.807201509377043	2.17603642560782
gant1244	-0.122784400771209	0.64677433197103	-1.67992456610331	1.10699926680824
gapa1238	-0.358712713986976	0.770686396212393	-2.42186606341492	0.73980746043383
garo1247	-0.0401841454917504	0.662205139831062	-1.50626139793399	1.34102942779857
gata1239	-0.146263830991158	0.692041116223212	-1.85347439570136	1.16057508658974
gayo1244	0.100824724826453	0.674480620174843	-1.21272861998281	1.70544879055241
gbay1278	0.156848484273863	0.673831394999991	-1.0907575467344	1.76716285762032
gbay1288	0.0728965633917977	0.691018214923971	-1.36020870397626	1.63676392955483
geba1237	-0.025088604477316	0.680619716554433	-1.54614914958797	1.3963161169782
gebe1237	-0.18438765136557	0.710651539107896	-1.93645354511854	1.0747715325596
geda1237	-0.149185726277483	0.651271801003472	-1.72524985764354	1.0741918814165
gela1263	0.18369420701557	0.639129377760534	-0.964894658776767	1.7794989876783
gese1240	-0.185222203866408	0.682238376407983	-1.93588591500064	1.01508926064485
ghad1239	0.0403793986730902	0.679734172390463	-1.41276343278947	1.57135013467811
ghan1242	0.0444610260264646	0.640745072216969	-1.35105697449169	1.48878374009287
ghar1239	0.192114428051059	0.645140537070331	-0.956677058995115	1.80182333717803
gheg1238	-0.00966825680941906	0.674520601789279	-1.54432247242762	1.43081131901818
ghod1238	-0.0150464601906023	0.670497969611135	-1.49848036436493	1.44743671386745
ghom1257	0.0403334066941656	0.674354610656713	-1.36580164121612	1.58114303808237
gida1247	0.22975163422225	0.672219711342431	-0.917142343462938	1.95039597319704
gilb1244	-0.135007717555167	0.648421132876384	-1.67522209052491	1.0965267229643
gily1242	-0.018428720115055	0.679511493177913	-1.51704082603439	1.41068021964211
gira1247	-0.122686865216263	0.64539894426964	-1.69056357657722	1.09542785500142
glav1244	0.126559810852328	0.63124974385061	-1.10607265644698	1.66389427335576
gobu1238	0.255471128768404	0.704932800557014	-0.859612023826963	2.1021673722905
goem1240	0.0480345790583071	0.637700799516357	-1.31153696915109	1.54689544680848
gofa1235	-0.0633624888578674	0.667230113364096	-1.64223344207829	1.29706728070652
gogo1265	-0.011061056204351	0.671945788527717	-1.50027750962866	1.49327387269146
gola1255	0.0316712424421587	0.653449469441996	-1.33512182290552	1.53521330281705
guah1255	-0.140733048667733	0.68233860735399	-1.84000550424154	1.14973002183609
guam1248	-0.048151940900836	0.686686935419164	-1.62801446353502	1.3970098814737
guan1266	-0.0320040873778262	0.681257872671616	-1.60257764577455	1.45466594529943
guan1269	-0.103640585701076	0.647118429085126	-1.65396112173925	1.17958630667384
guat1253	0.151845774217365	0.706943276404685	-1.15178127582886	1.86582104704433
gube1234	-0.10638160487394	0.650965683190754	-1.61777251363085	1.15738995362306
gude1246	0.211863963945786	0.661888678523403	-0.942196862666224	1.85052378837485
guer1243	0.158590563580003	0.681060164165388	-1.09756325106826	1.89078542356157
gugu1255	0.141119764224088	0.679212233599454	-1.09602669334281	1.76686038218822
guhu1244	-0.354409471755345	0.788328563923995	-2.41128967657549	0.781357906555052
guiq1238	-0.0378620603925645	0.698537510772908	-1.59858045468139	1.41785342161103
gulf1241	0.0557867451541989	0.684366882454473	-1.35919352810071	1.64493532384227
guma1254	-0.308266857331187	0.737819176348203	-2.25921963902254	0.829996410145326
gumu1244	0.0136850576370844	0.687283506096362	-1.39983833648778	1.49142122311621
gunw1252	-0.0318226288827914	0.697976058052386	-1.59350543598346	1.50243893461104
guny1241	-0.05237358323546	0.674120429493439	-1.63507776748509	1.3560698826117
gura1251	0.093053596353822	0.630679079494833	-1.15504198867692	1.57487474146635
guri1248	0.0256554114119499	0.639533401015762	-1.31101139971234	1.48999461465426
guro1248	-0.0554713038587725	0.693406587959322	-1.69303651580865	1.35525910422161
guru1261	-0.112433388867371	0.653163977703317	-1.68317669746614	1.17841826671866
guru1271	0.131071845915755	0.651062120721195	-1.10728717026563	1.68659728288251
gusi1247	0.0198505377518093	0.673693765026857	-1.39451818676457	1.65092308236447
gwen1239	0.0849483044185356	0.640504671359791	-1.22780060229518	1.5977799556939
gyel1242	0.0909442757296944	0.681577448377911	-1.2131605502281	1.68403501114816
haaa1252	0.0467881056949811	0.660891404119751	-1.30829341950126	1.5805032789772
hadi1240	-0.0932207370802016	0.636323308394575	-1.59817641076706	1.19069916418591
hadz1240	0.120380198830293	0.680063642565427	-1.20835442407324	1.71806450377956
haka1240	-0.0525236686304579	0.682399558512805	-1.65624980746399	1.38485524423224
hala1252	0.163136553020122	0.66716524646265	-1.07200692444276	1.83628287455366
halh1238	-0.00705954947135495	0.711207635106078	-1.58977643731338	1.5458964929033
hali1244	-0.0642429914775039	0.657532159806503	-1.56916271040658	1.28218321550623
halk1245	0.146471420012989	0.701021142577754	-1.20476180193872	1.84294774272397
hame1242	-0.0181152367940498	0.625265234625618	-1.42914255181242	1.30303276526039
hang1263	-0.0233375482934736	0.650343404297997	-1.48944956291164	1.35580765428675
hani1248	0.057153797499645	0.661403502691019	-1.29604022752033	1.57701652303332
hano1246	0.170281215156775	0.613419555390253	-0.96340432226437	1.70141541199802
haru1245	-0.153715358999859	0.655524159065392	-1.81000729078332	1.03338320331043
hass1238	0.0287038166778702	0.656152825106133	-1.35756189268491	1.48986329070175
haus1257	0.173271015852207	0.681316035190963	-1.06100583781224	1.8344233209027
hava1248	0.17117986557238	0.692417884027777	-1.0901969687378	1.93310395915669
hawa1245	0.211491780934909	0.686121287376661	-0.989351754897801	1.96221990304914
hdii1240	0.143857737199036	0.638107609565085	-1.08234380851592	1.69451964102818
hebr1245	0.0618440970285259	0.688407928389049	-1.34190947620988	1.60617152138316
hehe1240	0.0275541314331201	0.670424054223619	-1.38226483916774	1.55024078139221
hela1238	-0.108688249550655	0.680511225968495	-1.72268895770205	1.25546401561911
here1253	0.0435754461821348	0.672450045634789	-1.39049120486038	1.61939923623705
hida1246	-0.0564948851377598	0.708331714239629	-1.67650201449692	1.40190204176201
high1276	0.13426225493745	0.651011756038799	-1.12332364152584	1.73297598264052
hind1269	-0.0326044803871072	0.678553937092682	-1.55963319431544	1.36856210582361
hixk1239	-0.0355846170819125	0.666535323253437	-1.55397007150143	1.35589564658093
hoaa1235	-0.0232305257177907	0.674517525824079	-1.55376126705363	1.38510428907157
hoav1238	0.227630728277672	0.679669536002112	-0.893572745041105	2.00565065778004
holo1240	0.0185543080363921	0.662913550472518	-1.38669340992971	1.51719276757864
hone1235	0.198791495968092	0.655682011405896	-0.918965100743183	1.83976197889965
honi1244	0.0350673592645022	0.676767880969313	-1.40726973727004	1.54242415848943
hooo1248	-0.101020355035661	0.667046030058328	-1.69383544771237	1.20396958065816
hopi1249	-0.053513872318184	0.646936676583735	-1.51978757753132	1.29260079489453
horp1239	-0.0390602103596046	0.691648782688104	-1.6468792616051	1.36576731534868
hote1245	-0.358595312961285	0.747828730066982	-2.37936306034698	0.685712302142109
hozo1236	0.0199115329973998	0.701403616459098	-1.49522179524965	1.54784559958323
hrus1242	-0.0693873395102585	0.668203423021555	-1.62893064398895	1.27650456690246
huaa1248	-0.0167204665756599	0.691141796678506	-1.60791675791156	1.43720943741981
hual1241	0.0637959154876301	0.699754667185899	-1.38363979768801	1.66806997683928
huam1247	-0.0449849621314377	0.679199932541126	-1.60454551476947	1.37256679489422
huar1255	-0.0390042270920838	0.66272491788807	-1.4936520845373	1.3981036109765
huas1242	0.0162153683119144	0.651282721857038	-1.41606260312502	1.51390317059418
huba1236	0.19913371479571	0.657251702183825	-0.977292030368684	1.86282989651304
huic1243	-0.0276804450480817	0.636492258009773	-1.42988658962181	1.36048666670582
hula1239	-0.294822852703524	0.740823832253979	-2.18582019344251	0.896651746136037
hula1244	0.135808615223366	0.678334665727898	-1.17292513259968	1.7970309573935
huli1244	-0.146199734996171	0.674427276193835	-1.81600898086525	1.12167601463009
humb1243	-0.0531938750193288	0.665900321625683	-1.56728960566095	1.31390837535488
hung1274	-0.00140323283198523	0.663833312919439	-1.39142936074227	1.46424366580341
hung1275	0.0367201783627241	0.665496475679008	-1.34422989217015	1.51129622334133
hunz1247	-0.0243773524735135	0.65568253773441	-1.49844527886414	1.3874546394303
hupd1244	-0.0669834667629643	0.649283152989838	-1.52675112559986	1.23883348845756
huuu1240	0.0377165373528364	0.638546891229517	-1.34180612796607	1.50796447983424
hyam1245	0.0664892398889955	0.637280384216101	-1.18382311289477	1.57048822838263
iaai1238	0.176231761184094	0.615047962664851	-0.920305111787805	1.7205084030222
iatm1242	-0.088644056382418	0.657625577870957	-1.62275831048473	1.24007836901717
ibal1244	0.202351497328988	0.697358464600298	-1.00360805794534	2.03457119708555
iban1264	0.107653931958956	0.693171159921497	-1.19939238672508	1.7885357704087
iban1267	0.147836379550949	0.657284596086782	-1.04635777958848	1.77435089550954
ibat1238	0.166779430277901	0.700159236882232	-1.12389542391817	1.97973281869497
ibib1240	0.0745499724788287	0.664387587104352	-1.28750604291479	1.66855466596798
icel1247	0.297092928666542	0.735695981113692	-0.817998460065345	2.18967603066689
idii1243	-0.0213275715487529	0.68269591559057	-1.54790770159111	1.48909917879769
idum1241	-0.0405292711525188	0.668603326865915	-1.55764398030412	1.37244601815346
idun1242	-0.346047689146912	0.75680013781463	-2.31240168251537	0.777371763698028
ikkk1242	-0.175461689257932	0.708930101699385	-1.93556575390958	1.11634272626898
ilaa1246	0.0238332382522357	0.652070582520193	-1.38449442262953	1.50524357945747
iliu1237	-0.262641619623826	0.720371984668521	-2.08170499670206	0.928059094772199
ilon1239	0.198536902083825	0.674072192213605	-0.952448811583301	1.92333546679691
imba1240	-0.05222540509197	0.683983234010896	-1.6256171695421	1.34044912888458
indo1316	0.089730066906454	0.652384885627415	-1.1994390336735	1.66899563323404
inga1252	-0.0727380302661716	0.688412760213357	-1.66308915054632	1.30942057604842
ingr1248	-0.00824691207512252	0.707463211339948	-1.53828442098808	1.52768054012021
ingu1240	-0.027682747065059	0.67679470199648	-1.57466944760272	1.37840071776
iqui1243	-0.0252775483192692	0.675057023668654	-1.53209770102132	1.41148997355693
iraq1241	0.162854216088173	0.684913637845811	-1.11096618737191	1.85996552131008
irar1238	-0.0429368150798821	0.641934220239768	-1.51561227338077	1.30550150687277
iris1253	0.118326712557133	0.650706519310907	-1.15466087013155	1.6907853991764
irul1243	-0.0184709989742086	0.699534554580471	-1.53845945160451	1.47671444772972
isco1239	0.00888042309925342	0.65787030041588	-1.42900978732032	1.47703917006835
isin1239	0.200494035111454	0.670106275200042	-0.950404291098774	1.92892185826758
isir1237	-0.0956742544212594	0.652815163694486	-1.68559357779576	1.14391390387854
isna1241	0.149851275433123	0.672498519022334	-1.07760623084855	1.80630807054275
isth1240	0.108938919623177	0.636921425982019	-1.13019856052238	1.61553067102087
isth1241	0.142973261902664	0.65242753341383	-1.06504501591523	1.6947879670044
ital1282	0.2378612779739	0.702490853773131	-0.892922379362856	2.07123616579735
iton1250	0.149586655691632	0.684621558557471	-1.13942289921395	1.89681951064722
itza1241	0.132797652221348	0.668473548512811	-1.06649095430057	1.73859820566136
iumi1238	0.0330808589213251	0.652521055865526	-1.38152785827505	1.43667931124388
ivat1242	0.104326925457158	0.666894640428303	-1.19833587719442	1.64960164815689
iwal1237	-0.36585893286964	0.765787550527729	-2.42938394390618	0.694694122141473
iwam1256	-0.0264770843978466	0.635268533231153	-1.43329919128655	1.32504659178599
iyoo1238	-0.108922822073043	0.624904493628889	-1.55123515551745	1.14745915093182
jahh1242	0.0336535494140201	0.666429690252373	-1.38299576609878	1.56490376490608
jalk1242	-0.316512985431514	0.732010060640842	-2.20545401386373	0.77364534841797
jama1261	-0.000311701172127191	0.676759091609708	-1.50554786484601	1.51119570622987
jamb1236	0.0531097533256562	0.619003173376492	-1.2119027740675	1.51425158858881
jams1239	-0.0848825398831379	0.67359886125095	-1.70775552021499	1.28191407305063
japh1234	-0.0181262953496221	0.67677238867451	-1.51439055138035	1.4459531620458
jaqa1244	-0.0598263008755436	0.656231540091442	-1.62056872044501	1.33447442181161
jara1266	0.22114569528205	0.70991461038308	-0.979300965638536	1.99791381486897
java1254	0.0717855399866877	0.640873422752112	-1.24209436654012	1.52068720934204
jede1239	0.063969308289067	0.671636284851086	-1.297734774169	1.61037066260003
jeha1242	0.0651161673307736	0.693891783156149	-1.31871181056106	1.65420529583375
jiba1237	0.0641620433153685	0.63623804486122	-1.27118629231478	1.55397310961052
jina1244	0.0646383905979352	0.646508691566057	-1.23943314614571	1.56149919911034
jita1239	0.0465035919699448	0.683442461112354	-1.29425195314529	1.62294142606239
jjuu1238	0.0736112148585259	0.625082087054734	-1.20540137963762	1.5356113253539
juan1238	-0.108120447355532	0.673220177156438	-1.74749553612629	1.19329399845688
juku1254	0.071212312465278	0.63912197579434	-1.23044549701132	1.56551766121805
jurm1239	0.111924909899957	0.65758561588255	-1.15947053092725	1.67477484632818
kaba1278	-0.0445726454558821	0.670022536616768	-1.568267740731	1.39498539843243
kaba1281	0.136743557386234	0.658618115234937	-1.08661750486666	1.71517936575255
kach1280	-0.00451131933373443	0.668957273686794	-1.42415675457281	1.46932321217561
kach1284	-0.0603618347888362	0.678007244146788	-1.60957130652449	1.36012065342685
kada1242	-0.0158843104938858	0.690191004259837	-1.55029068908432	1.4761610421633
kado1242	0.0178519518261132	0.653242606581154	-1.43199181412806	1.43847467121474
kafa1242	-0.0779317287135682	0.658683262728561	-1.60798179112205	1.28946886422759
kaga1256	-0.366450986644239	0.740047131392736	-2.30254041811202	0.719735669442815
kagf1238	0.0477858380443779	0.696204281248846	-1.43556912014932	1.62817508056449
kagu1239	0.0494888931246813	0.65392277086288	-1.31513491178434	1.55019557011056
kaik1246	0.0338088931725449	0.670391849215863	-1.3528520357122	1.59283115100606
kaki1249	-0.195243668598884	0.696296988896623	-1.95285019471565	1.08273537448738
kala1384	0.0205096246127638	0.668888235062574	-1.37905706459132	1.58239543078557
kala1388	-0.103870060401469	0.621359512967724	-1.64567019552343	1.05218247193423
kala1399	0.235193876465654	0.737443094499727	-0.971212286340578	2.17618226735744
kalm1243	0.00754884581675832	0.673902738657955	-1.47402397996044	1.51539094664208
kama1370	-0.114554920448137	0.623397114622859	-1.60943920195104	1.12991509529658
kamb1297	0.0984859262532838	0.677515863927291	-1.24792482982898	1.69895219967609
kamb1299	0.218662796582269	0.690270787913531	-0.987445609462518	2.00882229993691
kamb1316	-0.0744746914435837	0.632102887638055	-1.5203168428613	1.25337953221274
kamm1249	-0.0379172387550227	0.624158164412085	-1.45811158938006	1.30765241596842
kamu1260	0.00817246540772601	0.665648049195858	-1.42373459356529	1.46435274838896
kana1286	0.101538292560766	0.663749836031049	-1.21449856889161	1.6903641580803
kana1291	0.1395303458068	0.714130912428829	-1.17894063058872	1.86027394522524
kani1286	-0.107435968455129	0.631204218721359	-1.6190094506222	1.17531097696423
kapi1249	-0.0720528072948962	0.633883550575599	-1.53235003944394	1.21737883433483
kaqc1270	-0.024506937045214	0.64249396430676	-1.4164224669721	1.351194796628
kara1476	0.35705763749726	0.744460091197476	-0.731107433065444	2.31016394340964
kara1482	0.0364864590073599	0.65882249224289	-1.30266611817059	1.56225368845568
kara1486	0.21889141479192	0.658148613399002	-0.965901361408799	1.86919947055687
kara1487	0.19704584946588	0.676985068825228	-0.98802890214209	1.9513316269109
kara1499	-0.00418722802706312	0.668135500005527	-1.45163619129389	1.4328497619023
kara1500	0.273397689121299	0.751048336848576	-0.919215061232359	2.18151123645782
kare1335	0.0105044778987299	0.664494337754347	-1.42876755173072	1.51198116938197
kare1338	0.187915797296325	0.669815811046434	-0.99247911589877	1.93252944982283
kari1306	-0.0976834649537951	0.670659252117579	-1.73234249587878	1.19365119275445
kari1311	0.040931529995684	0.672286437366639	-1.37862620635655	1.50791334543694
kark1258	-0.0181359237606162	0.639256087466488	-1.40825339193672	1.35403031816168
karn1252	-0.310846232997264	0.720782665844592	-2.20180543297235	0.744769241447727
karo1304	-0.0619327026580444	0.697534303411418	-1.66014635530423	1.34946779346861
kash1277	-0.0345551430415911	0.684504736849767	-1.51899480159076	1.41607165829356
kask1239	-0.0233193187757576	0.691314709481017	-1.55191688029149	1.4647750998564
katb1237	0.217343462659991	0.606549258043094	-0.809639635873525	1.71995574561497
kats1235	0.00294443182472756	0.66349011752239	-1.45471892877298	1.47810065264982
kava1241	0.114744400418932	0.668121716098236	-1.2299152690172	1.74538854471704
kaya1315	-0.0207792916195972	0.68561749207551	-1.54331052877725	1.39044639440322
keap1239	-0.287490916236179	0.726485064215419	-2.14899086533137	0.836968651460526
keda1252	-0.351964413344662	0.7472320203071	-2.33743869796281	0.731623433496534
keig1242	0.105970025366521	0.667215457189239	-1.14796148043291	1.70698135136703
kele1255	-0.0340501205520568	0.650836704309159	-1.53395845353257	1.31582370996715
kele1258	-0.230372418444733	0.700087407825574	-2.03808417090736	0.980707370071264
kele1259	0.175947674557866	0.656114911129546	-0.999578263543901	1.79047678913548
kemb1249	0.127563281447515	0.65718744813558	-1.08305412680628	1.68505701813622
keme1240	0.0790798507068462	0.648389066565844	-1.23012894734923	1.63800869045514
keng1240	0.0689255967237896	0.686452263609454	-1.32994212915898	1.70840360838585
kens1248	0.0510080622665104	0.702861627781157	-1.41263105222032	1.65896430485712
kenu1236	-0.0317819065260541	0.681579604891071	-1.61187119094603	1.45273143042624
keoo1238	0.181089131017608	0.701199343894947	-1.06004008159818	1.86837962483717
kera1248	-0.0433873924450872	0.652061785294399	-1.51956366504512	1.33948096964736
kera1255	0.120344647002207	0.630637325629203	-1.08183667166735	1.63256462198897
keri1250	0.0758413333653407	0.644094237860022	-1.25470914245818	1.61330275837869
kesa1244	-0.0835365091270403	0.638756035082081	-1.56247269448496	1.21864745586927
kett1243	-0.00944247441460621	0.659797584359209	-1.4519062328737	1.43774550305072
kgal1244	0.00490058695234402	0.678004804600293	-1.46410816053343	1.48491627939652
khak1248	-0.00640967483637961	0.667871585188642	-1.43663626458066	1.42390999651161
khal1275	-0.10235484164732	0.670780398284202	-1.6580274424967	1.20305148949644
kham1282	-0.0184868470453869	0.690180159940296	-1.55333666743393	1.46080731860024
khan1274	0.0640379672256403	0.648305981577537	-1.25067248279085	1.49441427349714
khan1277	0.0726297876460677	0.632879620034651	-1.17879671658934	1.55098311861675
khan1278	0.0880089103800204	0.66091733679348	-1.2521820341276	1.66063645168798
khar1287	-0.112340490514017	0.685253224101178	-1.73418111436368	1.2211719399964
khas1269	0.025076167531169	0.64729299866405	-1.40101280438197	1.515304589231
khez1235	0.0806366929892681	0.635316020207079	-1.15860904457527	1.56209930219591
khin1240	-0.00982868154753195	0.638165515184997	-1.43485496286773	1.38200364997369
khmu1256	0.029434438639704	0.644804778815009	-1.33258093454978	1.53019486664852
khum1248	-0.0488751757746361	0.677396997680981	-1.64120630240133	1.37757563908052
khva1239	-0.0216754528308718	0.653832842796792	-1.50601078725551	1.38570536706298
kich1262	0.00950525727702465	0.637746286516057	-1.37234556682834	1.42321348186068
kiku1240	0.120881450338792	0.686590212670549	-1.17792782318921	1.78813616761813
kile1243	-0.0138766891857183	0.667204533122478	-1.47169349457297	1.41197465316885
kima1246	-0.0854243664037727	0.679245840654258	-1.6780751960832	1.25960641964612
kimm1245	0.125736415346791	0.638390829132803	-1.09435488423409	1.71883950310996
kimm1246	-0.00670687265309011	0.631646179097105	-1.40907218236326	1.37000784332315
kina1250	0.0940936203904651	0.672693272250707	-1.28870077062125	1.72263467134187
kinn1249	-0.00808461546498143	0.6887085800503	-1.56262294531275	1.49971801989367
kiow1266	-0.072228865066593	0.704165657736113	-1.75208538083786	1.32411184848747
kips1239	0.0389963521562132	0.657951134319824	-1.32129589682636	1.54500395239741
koda1255	-0.0153838894877778	0.670744415047287	-1.51469856860889	1.43075117437398
koho1244	0.159935689834102	0.674479382765019	-1.07962966942594	1.86163894974758
koir1240	0.166459491215444	0.663952672389181	-1.01191021483071	1.86137233251588
koit1244	-0.301148374405787	0.73913648089431	-2.25720458910427	0.843719063165702
koka1244	-0.11981498996514	0.684541259568197	-1.7659465517225	1.26309375212919
koko1269	0.165868003377934	0.605475217261688	-0.975869578343608	1.65202486813353
kola1285	-0.106413082971549	0.65771692708443	-1.66773200237975	1.14249947572263
kolb1240	-0.0861480847915576	0.655140611229812	-1.63424095564352	1.21363026270249
kolc1235	0.121213538443469	0.692937278850597	-1.18747289425448	1.82406659515072
kolu1245	-0.344767556822655	0.748078866228205	-2.32875593552903	0.772807790030166
komb1274	-0.099831196701675	0.670224377566978	-1.72135015363619	1.16501406907337
komc1235	0.0725875813551453	0.621404026175271	-1.15330660179392	1.54185254138547
komi1268	-0.00302025228795385	0.669647877088478	-1.45760048362162	1.43819860604452
komi1269	-0.00574636180143057	0.661814774746542	-1.42021594236162	1.43018999386621
komi1270	0.304774243492154	0.743381103817365	-0.813790046789658	2.26788416521027
komo1260	0.00945394461057066	0.653021234974333	-1.35139625431751	1.43223974796723
kona1242	-0.162542599485092	0.707183647989253	-1.91973336154872	1.09970821374027
konk1267	-0.0481957231918549	0.670812679497628	-1.57458224911962	1.3905917454567
kons1243	0.0538974039120042	0.63863744168782	-1.25117615212468	1.51238411203812
kony1248	-0.0145182861002606	0.665751225198635	-1.5386909361501	1.46299204829142
konz1239	-0.0396829767878429	0.651465942791697	-1.48455776887725	1.34672005622995
koon1244	0.0135367198508058	0.663263368684899	-1.37564436428538	1.4779484747383
koor1239	-0.00809072479488548	0.656542646296279	-1.39054500014463	1.41945490931258
kore1280	-0.00685809164336732	0.69599603532681	-1.56505926725853	1.55034225672779
kore1283	-0.0889404567033148	0.650901919841033	-1.61099404648728	1.18118938338035
kork1243	-0.0447067499677537	0.643858459870939	-1.5335770878922	1.3124776268044
koro1298	-0.0960930400963649	0.672164536736554	-1.7400619492095	1.22736324723753
koro1313	-0.166431184716296	0.661908227021654	-1.83981151747141	1.05801805250147
korr1238	-0.0149391635111374	0.680049843043359	-1.5800731996607	1.40648066922131
kosa1249	-0.0755726670769818	0.698832159860752	-1.73148246965094	1.33257124909848
kosr1238	0.158460170983696	0.667410357904437	-1.0368393209412	1.76847259008774
kota1263	-0.0150914370542678	0.683484798964115	-1.48056338604296	1.46123985249343
koti1238	0.0134764867734367	0.682207219267375	-1.45465420834946	1.60142168244343
kova1243	-0.300961469817328	0.704347365322355	-2.15905055253553	0.773823800135932
kove1237	-0.17350816586545	0.640745128183464	-1.7835271394929	1.02535167979934
koya1251	-0.0507285594697638	0.698962231870584	-1.65995196955673	1.4069590454155
koyr1240	-0.0221155980681061	0.680874233396759	-1.62236976364634	1.45949528708603
koyr1242	-0.0230242732970794	0.703369939026398	-1.60441537679898	1.44997462913384
koys1242	0.0286520056065656	0.642280681939236	-1.31769346625332	1.48678434955982
kren1239	-0.0264748384363686	0.661741997008157	-1.52753771657077	1.42781308778344
kryt1240	-0.00909318804779041	0.636576252016533	-1.43210622970406	1.40569328987461
kuan1247	-0.187995642781501	0.687266601004342	-1.87805384308515	1.01304839031425
kuan1248	-0.0912726560787907	0.618550220205503	-1.53487178858003	1.16827308486543
kuii1252	-0.163919548692036	0.670090860429396	-1.85433694390671	1.07361998762097
kuik1246	-0.0673245597630934	0.67707998620035	-1.68484903967202	1.29759304632903
kuku1273	-0.0739714333110087	0.669172637679095	-1.68722824370234	1.29394501003339
kuku1280	0.234686172415623	0.709544036641367	-0.939655726748963	2.02198363446059
kulu1253	-0.107256379896208	0.668034851754468	-1.66410338421964	1.24026436781179
kuma1276	0.0914598621862621	0.617181304958693	-1.11413453820079	1.53181930185332
kuma1280	-0.0439377083073954	0.630535729135573	-1.47050386603495	1.31127253315956
kumb1268	-0.0688914676238266	0.685525576477748	-1.71134284695379	1.35134057359574
kumz1235	0.145045048021086	0.665609714039139	-1.09247304249301	1.78132632912486
kuna1268	-0.100882395346892	0.681689446461606	-1.68154828137433	1.23246531546537
kunb1251	-0.0530271975035415	0.705638007100346	-1.66296438433755	1.3902104604842
kuni1267	-0.350778374091558	0.777599413351946	-2.34916819476074	0.77214473807674
kunj1245	-0.108205678797006	0.658372891209725	-1.70278092555387	1.17844942198944
kuot1243	0.276167123000651	0.677635958537223	-0.825847330674258	2.06770462815478
kusa1251	0.185998388228084	0.662096299337634	-0.985572274169849	1.87300820308482
kusu1250	0.0824654967110297	0.663508161898171	-1.20339612569632	1.63335139240124
kute1248	0.0789977698484238	0.64112115975282	-1.21048130427638	1.58499257753847
kuvi1243	-0.155579686800112	0.655602977634965	-1.75474360412691	1.04034975602438
kuyy1240	0.109450207093063	0.673916990078147	-1.21471031438501	1.70072143719526
kwai1243	0.132594595005696	0.64148547723554	-1.06336989233765	1.67650656690072
kwam1249	0.0320823558076952	0.679922692933	-1.39713463934395	1.53506514799572
kwam1252	0.130267163991686	0.621720573941601	-1.04397488220907	1.6423502894838
kwar1239	0.177269304061042	0.642726117760341	-0.964970018079442	1.79135226458198
kwaz1243	-0.0412222446983389	0.6825590573444	-1.58375371116902	1.42174435963434
kweg1241	-0.0857814948120153	0.641113468946021	-1.58035150048219	1.19608936263194
kwin1241	-0.0148471961252944	0.694600243800766	-1.56179145400221	1.46827444678095
kwom1262	-0.0241738569097263	0.642177420248412	-1.50078926349848	1.3628811603886
kxoe1243	0.01220142521741	0.684281887053349	-1.46699363501601	1.50895556080922
kyer1238	-0.0943783617914467	0.682615022683772	-1.71711918026467	1.28044338582164
laal1242	0.0948160848613105	0.663806444903458	-1.2279561107793	1.67335705860034
labe1239	-0.161172231782402	0.657323501795314	-1.77740784781629	1.05157044142517
labo1244	0.200491631968156	0.606310224199032	-0.853339821282697	1.67749282962318
labu1248	-0.340288561551229	0.725651844863432	-2.23077693952152	0.681443991771087
labu1249	-0.0643907869056251	0.655766074420417	-1.58947478171428	1.24772603509597
lach1248	0.144972354098971	0.65489678229622	-1.0461455302615	1.74502267054051
lafo1243	0.0840717092136785	0.656597688685448	-1.23137605622561	1.58255541144408
lagw1237	0.0334958491207741	0.632499435645794	-1.29233624731884	1.47039653973338
lahu1252	0.0387272201301938	0.643554678946154	-1.30180842210894	1.48410845324467
laiy1246	0.144228566184555	0.648504755581315	-0.995170926659563	1.74464691027653
lakk1252	-0.0143875677815254	0.668806891087259	-1.51191528536444	1.32746512905542
lala1268	-0.310178604118345	0.738579466637045	-2.18721574689158	0.803381310329697
lama1277	-0.230970982990934	0.698658742228506	-2.02852388574438	0.944220434309545
lama1288	0.138988342794398	0.63225424035365	-1.06517267171708	1.65041950462211
lamb1269	-0.052541274881052	0.679524205982487	-1.64498455668411	1.32491233147486
lamb1272	-0.103127561570719	0.665741662677167	-1.6754354064468	1.15728552909047
lame1260	0.119124648187867	0.569316620729827	-0.978506253810307	1.45284772393447
lamo1244	-0.239882944556453	0.683708750829927	-1.94427819731949	0.903986013518728
land1256	0.100099341587801	0.647849783522271	-1.1385251408452	1.61449497386716
lang1320	0.179302467851747	0.66773200718935	-1.06727887273556	1.81086400140698
lang1324	-0.0487290233671847	0.695645336022141	-1.64614464721113	1.47888188576193
lara1258	0.112575705993099	0.665112830908212	-1.15271473174739	1.7548068559147
lash1243	-0.0535434649943299	0.674956666125555	-1.66606450129913	1.34991547927175
latv1249	-0.0405072788937851	0.681705024436621	-1.60607763343203	1.34638608057318
lauu1247	0.174933866543512	0.637525893879714	-1.00416696360567	1.78814808885308
lave1248	0.140000746778022	0.6706848278797	-1.12334153558105	1.8225182685247
lave1249	0.163234697581406	0.672407818955136	-1.05675217482642	1.79460990494839
lavu1241	0.149016187436518	0.632049668402796	-1.05211593940091	1.67870969342856
lazz1240	-0.00776275116716455	0.672529255434714	-1.5114272785722	1.44069119886586
lega1250	0.0341500357785599	0.671637848389734	-1.36948401005997	1.57751352156197
lele1267	0.112660302857256	0.588479422793025	-1.04805030243842	1.5482992828878
lele1270	-0.232456392191791	0.698883767759072	-2.04158495805276	0.93363820224255
lele1276	-0.0505990151167216	0.637770143976142	-1.49926936672403	1.29244094715892
lemb1266	-0.15191204471419	0.670462833356421	-1.79090562096662	1.09098782644439
leme1238	0.266262103120729	0.674949890063835	-0.792811099303439	2.01925302973983
lena1238	0.150184005255545	0.641181381495871	-1.01895343923704	1.76717827557497
lend1245	-0.16616753768532	0.666531267768517	-1.85600133504033	1.06043629806071
leng1259	0.140082948433393	0.630615051983427	-1.04968888642157	1.66048830206961
lepc1244	-0.0883370811046988	0.661039680233138	-1.61997878575843	1.20826243763271
lese1243	-0.101058286521907	0.640856896108918	-1.61571177194955	1.20521176119925
leti1246	-0.0568323916068905	0.62670632329387	-1.49770945421198	1.27341398673557
lewo1242	0.0872925334535531	0.569181818434559	-1.0481216919933	1.42079684738165
lewo1244	-0.2117083674349	0.691468836761573	-1.92330008987464	0.976879140821402
lezg1247	-0.0173140324188284	0.658791473773164	-1.485609516395	1.40264212274622
libi1244	0.168399586136416	0.665033683682158	-1.06269496481044	1.803568194179
liby1240	0.0435705361500658	0.660622482670396	-1.29698223380714	1.59755734577995
lihi1237	0.0439869150516622	0.632393051374928	-1.32760291822649	1.45231051610448
liji1238	0.0529598643333304	0.639137321130287	-1.26238118816011	1.57345117313543
lika1243	0.0123213145565981	0.631961182431972	-1.38134754687087	1.41417882121841
liki1240	0.149830446700914	0.662255091204587	-1.11232085249231	1.76941094462983
lill1248	0.160362978573702	0.69549458061119	-1.13792173028127	1.82026743337145
limb1266	-0.09327064889131	0.660080302550376	-1.61321724389729	1.18879856193751
limo1248	0.123147865086986	0.620233035751694	-1.06676466182706	1.6286528416839
ling1265	0.226238736024443	0.611193971487619	-0.781512441624221	1.72241147326377
lipo1242	-0.0287648469803779	0.66987496409125	-1.50730380821819	1.37536084949094
lish1245	-0.0224749651265454	0.641502200768533	-1.44853917066532	1.33627415839848
lisu1250	-0.0661093895611143	0.661366440628318	-1.66109216659953	1.24505040902927
lith1251	-0.041776363456321	0.687738492159052	-1.6003483471378	1.36830531004201
lito1235	0.222707223844451	0.704163156209204	-0.979032546402801	2.05057863229278
litz1237	0.23792717984305	0.618821847354363	-0.779275591616239	1.78278367543832
livv1243	0.00865225305219366	0.688456333038121	-1.45111980251463	1.56496660922925
loba1239	0.18241957194668	0.670980664893891	-0.996930248141873	1.87613066237575
logo1259	-0.0939201942262084	0.64274029235434	-1.60433368995249	1.16354108148308
loka1252	0.0624428243560952	0.670570292064959	-1.27171027151483	1.59063563854798
lolo1259	-0.0267747875943392	0.683485860996077	-1.56330788178841	1.39469584878323
loma1260	-0.0265419358077423	0.658797660971612	-1.48380604766628	1.40316325761231
lomb1257	-0.129872562676008	0.653258719459273	-1.71583966454532	1.10556557566883
long1395	0.11737315303155	0.635752389595066	-1.1357847336972	1.62775072901881
loni1238	-0.225191783776886	0.691329816230516	-2.01593153498131	0.921299392107379
lote1237	-0.0300733479263272	0.629680103789267	-1.46936350509927	1.28279222451045
loth1237	0.0308975549470032	0.648956704056267	-1.34421147273183	1.50659915275687
louu1245	-0.191190294031884	0.664336252399083	-1.87788439413487	1.01224089355773
lowe1412	0.0883801317688144	0.621257210155762	-1.16027927400398	1.62617701233955
lowl1260	0.145649169128482	0.67345389494636	-1.07388723950587	1.76560119491495
lowl1265	-0.0801800456122881	0.656581152251613	-1.61550058804151	1.25135277104504
lozi1239	0.0275340525322319	0.671643061676595	-1.38195819615575	1.60020320519707
luan1263	-0.0673398135721437	0.628418260359047	-1.55743803601486	1.21612984337149
lubu1243	0.106725245937669	0.629077337880296	-1.10088224882791	1.60596320916074
luch1239	0.0705836113635001	0.704040791909194	-1.35173382387049	1.72945737906459
ludi1246	0.0110342928456923	0.701975044999947	-1.54350740843363	1.53550653161581
lugb1240	-0.150079449778271	0.675679706708136	-1.85085610173307	1.07261668640412
lugu1238	0.0356346213000398	0.649897112384729	-1.39135967533719	1.51041959085109
lule1254	0.000180859166047137	0.744997398588069	-1.62183724161659	1.67135898176669
lumb1249	0.0433981390024077	0.642397515075111	-1.27027951790396	1.5240158966395
lumu1239	0.117132007639165	0.661834405471494	-1.13833579532541	1.67689130745608
lund1266	0.0206305690837328	0.665846223948254	-1.43060338144013	1.50664508608822
lund1271	0.170931087026052	0.680576508509735	-1.04526256620639	1.91995914164969
luok1236	0.019015052553689	0.661193647830243	-1.33530208692084	1.57347179915242
luse1252	0.082747999344301	0.6542597451798	-1.17514294661089	1.5894995705214
lush1249	-0.0654021904337592	0.689869484072883	-1.71489405787223	1.37386813842519
lush1252	0.112050186138636	0.693382046266066	-1.25840978220895	1.74220226373587
lusi1240	-0.263027799485132	0.689388615198579	-2.089018395413	0.897524221946098
luva1239	0.058239500093804	0.707733830675801	-1.40338120950183	1.75789822525079
luya1241	0.0560201318402914	0.684539657841463	-1.35428153270779	1.64958449693344
maan1238	0.0413898459072499	0.680317475970017	-1.36952117131954	1.54245331410798
maas1239	-0.0540981070148862	0.638470968034142	-1.43726671283361	1.32529177388291
maba1270	-0.00624342272924311	0.641566623323735	-1.42377119594505	1.36980390755616
maba1277	0.114077445197249	0.681359802494591	-1.21938177649312	1.74166985354072
maca1259	0.143811442484338	0.660196173591179	-1.10350217905795	1.70350800107553
mace1250	0.0550595550120318	0.669343763733144	-1.32956196354939	1.59214787890824
maco1239	-0.10786999131481	0.6624941839689	-1.69508502959196	1.18960934085014
macu1259	-0.0108951072972858	0.668363347783993	-1.51109659412794	1.43927474251427
macu1260	0.0980202265609184	0.675075896128228	-1.22662828824445	1.68374704135123
mada1285	0.204413039953387	0.651782527515436	-0.935755758931764	1.82306144734906
madi1260	-0.0983455056357173	0.660172106135051	-1.65324779279446	1.18147075813787
madn1237	0.110331021292497	0.658845857061627	-1.18995288012338	1.70160932057093
maee1241	0.261464876106462	0.635386255575888	-0.780628462819441	1.87259361171525
mafe1237	0.260113406378402	0.646100695822651	-0.778102241552924	1.94073193624497
maga1260	-0.0866510666142092	0.686626767234939	-1.65757436926556	1.30845797629184
magd1235	0.1784964903697	0.674671522799254	-1.05266880657299	1.81523042273991
magu1243	-0.143448433777126	0.639333798694441	-1.70999186947178	1.04030345990099
maia1253	-0.196129388591591	0.677422286982868	-1.87696049946041	0.96346211573532
maia1254	-0.195652780848271	0.674166512135859	-1.91493772650255	0.980382411850633
maib1239	-0.103864021518448	0.675630860688197	-1.75662262357886	1.19830694526999
mail1248	-0.295261123089482	0.736824403826049	-2.23026030769616	0.831457371503962
mais1250	-0.339179136612106	0.759298646471845	-2.38077454401372	0.761197148104415
mait1250	-0.105044232830113	0.661206386691614	-1.68921248424341	1.18464772250483
maja1242	-0.0385624067825651	0.663385469773097	-1.55348961600239	1.38750942799681
maka1304	0.117785344289206	0.690242310784336	-1.2365681356162	1.77742195066517
makc1235	-0.0914090413933101	0.674733415450105	-1.69040306505602	1.26262688349518
makh1264	0.012699804304682	0.668645959122544	-1.40651583911689	1.51167094319839
makh1266	0.0238095106520535	0.678444212552905	-1.46752334071857	1.46806295424353
mako1251	0.0368170366295534	0.672135022048836	-1.37673620138685	1.60857683348362
maku1277	-0.123699944708642	0.651625157947797	-1.75435272822112	1.11864572568701
makw1236	0.0358492588617998	0.691083164798	-1.40497209777788	1.60105901167563
mala1463	0.00129108759643101	0.673832106761812	-1.42493558618681	1.43932674345143
mala1464	0.000357713650958512	0.68091938198254	-1.47333061720262	1.47985978749504
mala1479	-0.280723158251443	0.722854594171248	-2.18843008226264	0.872436764542067
mala1522	0.149137249750703	0.67573114688982	-1.11041378673659	1.79014655249047
mala1534	0.146290078427962	0.648638597106984	-1.037450076436	1.76992149846781
male1284	-0.00489197817315222	0.640861795115941	-1.384495349451	1.36338109356576
male1289	-0.312510312303902	0.726342311995576	-2.24850075689236	0.767642514464956
male1297	0.00899961088771126	0.648615967026575	-1.40024710934364	1.4628677187165
malg1251	0.0877978618113527	0.642763115554005	-1.23614651081717	1.57303682957345
mali1285	0.174556326424414	0.700414963829757	-1.11622295600419	1.88854689601907
malo1243	0.251348881714285	0.636829069902537	-0.803298955431369	1.8870327655676
malt1254	-0.0158718688678563	0.669141725276037	-1.5018234470763	1.41491311421118
malu1245	0.258760704433825	0.639428350158402	-0.784805040052664	1.92012792641772
mama1275	0.209765138907178	0.674960887854211	-0.951843185765527	1.87430019238794
mamb1294	0.23207955849615	0.657195785647777	-0.864745067453445	1.92283002207205
mamb1296	-0.0095217555495993	0.674031608025955	-1.47655328809203	1.4110195960621
mamb1306	-0.274058266006909	0.706338740094451	-2.16791916694057	0.797088332433119
mamm1241	0.120438099091195	0.675581429222373	-1.19301730739358	1.76682070823213
mamv1243	-0.0909967845340884	0.640717173868174	-1.6042892672695	1.14510064973174
mana1288	-0.0405468928647873	0.655188205349656	-1.55583369967104	1.34786119326305
mana1295	-0.190664701623851	0.676967398077939	-1.88990641273835	0.995948362680567
mana1298	-0.0494296412615305	0.650442838900197	-1.53050304716999	1.29189570375888
mand1415	-0.0627195015624057	0.674929730463134	-1.60510056490311	1.32834902264151
mand1436	0.00778141009542029	0.683058092179277	-1.43722583174017	1.48003480975331
mand1440	0.285187535482628	0.70472074930083	-0.831620269611664	2.10946729456009
mang1378	0.0654946814399121	0.653137546195996	-1.24373143110044	1.52262360987408
mang1381	-0.0434461652318653	0.690835877753989	-1.61469200667482	1.41423289911611
mang1394	0.00450667493339915	0.614912951753585	-1.32446149901121	1.32573472136667
mang1401	-0.127844626861842	0.65735085859425	-1.74457133693759	1.16334850808384
mang1403	-0.0349017059619006	0.618691097465518	-1.46232337339512	1.31791695784083
mang1404	-0.340658377221546	0.726956467829667	-2.25434420458654	0.722146218147034
mang1405	0.234058455919903	0.703691403476244	-0.935555889369224	2.00664253097059
mani1235	-0.0240858107483919	0.657544823534213	-1.49003675748554	1.40657288338873
manm1238	0.0363666074416402	0.641240928648384	-1.34961175176627	1.49257683599343
mann1248	-0.014767140844664	0.671022386490204	-1.47173024320657	1.41716234215881
mans1260	0.00699527763576069	0.665211498499305	-1.4568277834577	1.4912721776079
mans1262	-0.122287668915966	0.64445050428936	-1.76098518784607	1.08580685185794
manu1258	-0.278052692053805	0.720326927639486	-2.13771854897897	0.872727145422517
maor1246	-0.129986552292639	0.679552740122596	-1.71176178229481	1.15052619489259
mapo1242	-0.342150855031559	0.727609246067405	-2.231019929107	0.718683619365884
mapu1245	-0.0279230125499019	0.671806983923652	-1.52463278308098	1.43401952619232
maqu1238	-0.0547294021953636	0.675359817309712	-1.57436105164755	1.35206004895908
mara1378	-0.0447466599654566	0.659004812398953	-1.56669835242575	1.32541984028778
mara1379	0.131470123497235	0.646425281023708	-1.06125432371099	1.72640652943118
mara1382	-0.0652193436800404	0.672027869929768	-1.60027157489175	1.29674428747179
mara1386	0.0752646984125952	0.651002667905631	-1.22783517845733	1.57655299056814
mara1399	0.251805554094919	0.628257022814774	-0.801412710656862	1.85464461981453
marg1253	-0.0407443157598944	0.657566529443816	-1.54289651158191	1.34662479533313
marg1265	0.171722224486753	0.662286433816107	-1.0781001542256	1.81205753796003
mari1414	-0.0247206898892517	0.701588936538574	-1.58245546922471	1.49779535043341
mari1416	0.226939748697103	0.69708484844574	-0.929605281179722	2.05417243688208
mari1424	0.101239314502578	0.655976560053274	-1.16343059855654	1.67031265506843
mari1426	0.117239708141282	0.611001316220252	-1.04707341775546	1.57380907185544
mari1428	-0.129144092424491	0.643870539798103	-1.68506595945022	1.10122738755179
mari1440	-0.162090951710343	0.678898198407848	-1.79087055751694	1.03181189436617
maro1244	0.2523456294919	0.702018872968023	-0.89674293069703	2.06500576475945
mars1254	0.181531432343821	0.682944532452057	-1.07680255713352	1.84449698671512
mart1255	0.186110068667288	0.662693715910374	-0.967731675467245	1.91486572793079
maru1249	-0.039803144325013	0.66750531575996	-1.52957907512498	1.35055582386008
masa1322	0.0845805570885781	0.642364526467369	-1.15980233795047	1.61048590329824
masb1238	-0.0911617246089632	0.633224662100788	-1.55215165782434	1.15788735524961
mask1242	0.175517726777441	0.594605893286985	-0.896710677165374	1.6370911205925
matb1237	-0.228667071784724	0.72177435242949	-2.05348818664561	0.950554279345162
mati1250	0.125788975250337	0.625584490803828	-1.01183699974434	1.63956249827474
mato1252	-0.216860736484347	0.631706123020343	-1.80768654034387	0.864198969665431
mats1244	-0.0170644528304138	0.673881789029273	-1.51555951548763	1.4376645032402
matu1259	0.041151666727267	0.667205198393517	-1.33523781123015	1.58658046909572
matu1261	-0.174708906135736	0.66798930267024	-1.81763742087793	0.989840523934541
maun1240	-0.0291408041112989	0.707607409703216	-1.66567361861567	1.44348385598354
maxa1247	-0.0312751488170725	0.675899230683329	-1.56582051050654	1.43634485154322
maya1285	-0.0319435926764166	0.671605780301465	-1.53868253681662	1.38974661634363
mayo1261	0.0107029034716793	0.633733101827227	-1.34805003000017	1.40404360480339
mayo1264	-0.082424576580745	0.689610812766733	-1.73900812940461	1.24851950122511
maza1304	0.215137122805904	0.652282662143152	-0.894793081279956	1.86591247422561
mbaa1245	-0.109027915436138	0.65317587650307	-1.6652555005938	1.16765921474539
mbal1255	-0.276173851953423	0.716864567837845	-2.18490273153224	0.859818634526071
mban1263	0.29057137569902	0.737797588932142	-0.911286016820232	2.20353020222714
mbar1260	0.0905046663529917	0.653009622919535	-1.27649610036581	1.65240383559858
mbay1241	0.095187524274639	0.626907655398733	-1.11477023651088	1.60204366962669
mboc1235	-0.10287976106231	0.638911572531222	-1.61249910586513	1.15877969671603
mbol1247	0.000556136366861206	0.642201731671145	-1.41940985291375	1.3849239582841
mbug1242	0.131069258367028	0.661111405296851	-1.14513756022152	1.75192416645918
mbul1263	-0.310626665296552	0.719343364593835	-2.24121929631917	0.745635102281022
mbya1239	-0.00616268335120558	0.685694159241361	-1.56186199794784	1.51703304717005
meen1242	-0.0918527671367011	0.674695073167491	-1.6447565305817	1.29450812484158
mehe1243	0.0140313528965776	0.646911906706019	-1.41310689455862	1.44233409211772
meke1243	-0.325386724446781	0.754005374612189	-2.30302723093251	0.81568532397583
mele1250	0.110365358543531	0.585647746900913	-1.02800385563578	1.52069821769198
melo1242	-0.0695771998602958	0.658135192492957	-1.6224313896783	1.26586277645149
melp1238	-0.12767236644771	0.64965525440176	-1.73214620264829	1.08943458037745
mend1266	-0.0581613395493076	0.664833663634795	-1.53096056797509	1.29719102256266
mere1242	0.236821649667563	0.630800173729593	-0.810680032204327	1.84894116688635
mesc1238	-0.00994242446458279	0.680986122320634	-1.55380109976927	1.46146839424299
meta1238	0.0105515892154248	0.628684760268154	-1.33454284393686	1.45936857981561
mezo1235	0.23736422197255	0.703452765997911	-0.947837919015315	2.01317698468653
mezq1235	-0.120297093091874	0.655679862725706	-1.70274230324171	1.15021087744027
midd1327	-0.286773927751944	0.695119517711833	-2.06639502410538	0.799886226313296
mids1243	0.11082008777844	0.647182590248409	-1.15683696141058	1.63611293160169
miju1243	-0.0543982639098578	0.654011483624131	-1.53733378546783	1.29952012726093
mika1239	-0.025856427993135	0.674770729596025	-1.56159459628802	1.39549665982825
mikm1235	-0.00304359148604562	0.68075552807772	-1.44609227767777	1.47562704217266
mila1245	-0.0525866754866977	0.660727682164273	-1.57074802000939	1.36885900937308
mina1268	0.0620061151336818	0.668724563897347	-1.33520090972458	1.62866780147184
mina1276	0.176934864078452	0.641500527961893	-0.973834081498841	1.77103868095343
mini1251	-0.0739721429998994	0.6196887422507	-1.52870041086938	1.18938775946814
mini1256	0.101555094209748	0.672458469514969	-1.2480815501617	1.65032318778362
minn1241	0.282021026357497	0.732948767602028	-0.893169855513622	2.26780960951909
misi1243	-0.149967990101903	0.70577665907993	-1.92146189844245	1.1683613016833
misk1235	-0.0508807456244569	0.689065818950478	-1.62656870567103	1.3547203095928
mixt1426	0.170562519695794	0.686451331721954	-1.08681426635046	1.87007664954903
miya1259	0.00351159896500337	0.682619031218882	-1.46842438217665	1.52111225207253
miya1266	0.191746783580882	0.684112136552124	-0.990988585896947	1.9785582406099
mlab1235	-0.240111170095225	0.697082359704716	-1.99987072811704	0.877318558496156
moba1244	-0.197507173432662	0.714256813846466	-1.94793060049129	1.02205834902362
moch1257	0.207300744080981	0.694793805491746	-1.02281078279188	1.93505222031294
moco1246	-0.0282885259882402	0.666172834458549	-1.57045687208905	1.4061983841282
mode1248	0.21622530902167	0.715750051989173	-0.988649770991396	2.0603207226805
moha1258	-0.0113622454028173	0.664894484115895	-1.52851537869926	1.47411835978486
moii1235	-0.171611685722248	0.703339397323524	-1.98167716987828	1.13384469498433
moke1242	0.0783751354881945	0.65199207642048	-1.20065429785736	1.57858460092164
moki1238	-0.197926605712513	0.695675919980666	-1.97762552486495	1.01728927946932
mokl1243	-0.163511901273103	0.676008074303351	-1.85100120503667	1.04827095945882
mokp1239	-0.0756052698516513	0.623270426661724	-1.52293372875812	1.17863158575988
moks1248	0.0109661905375047	0.65538568953341	-1.42830173743481	1.47535005590117
mong1338	0.0133676107343542	0.676374008506681	-1.41120360688133	1.49449589825456
moni1237	0.0135965469629403	0.673997277437398	-1.44284537756937	1.5235320652526
mono1270	0.274851978013642	0.709125599199255	-0.832680624818953	2.14492634965422
mono1273	-0.139549297102002	0.677988608339765	-1.78411491225774	1.13081369126542
mono1275	-0.0405467972768424	0.659652922146211	-1.56008810906961	1.31354354738653
monz1249	0.270286690643948	0.714146075318703	-0.879572861333863	2.15587772510469
mopa1243	0.0898992060767215	0.700411229036089	-1.30395420546592	1.73921033421351
morm1235	-0.118813023201975	0.675204197160607	-1.77545709368727	1.18178624384811
moro1285	0.119126727338827	0.656989490591002	-1.12615917290853	1.65236370751587
mort1237	0.203533949261567	0.663815255118878	-0.950889430826967	1.91594831930539
mose1249	0.0533208934542728	0.673209432047475	-1.3759804876494	1.61542202313354
mota1237	0.26095566756908	0.679263941786505	-0.820847053737939	1.99783392460195
motl1237	0.276198065036374	0.689104100002373	-0.807924020192261	2.0668535325741
motu1246	-0.304420323470708	0.759535900783281	-2.32476610221955	0.901022505819808
mouk1239	-0.265964842545735	0.693255038914412	-2.08910142415159	0.879395426912141
moun1252	-0.330787617717069	0.769732634568414	-2.36515545261394	0.795813800438483
movi1243	0.295748422503612	0.744342834392954	-0.896809217927634	2.24140968488423
moyo1238	0.307863689179643	0.742187398875839	-0.778142988192052	2.30843782610074
mpad1242	-0.0039328356556462	0.634062925155589	-1.42040689740599	1.44278471803505
mpii1239	-0.138550589725161	0.699247351412418	-1.85391693410389	1.19961915312321
mpot1240	-0.00164268358913326	0.648715030568062	-1.42026087778781	1.42415697988093
mpur1239	-0.0688871031657305	0.664529904235739	-1.66120182255703	1.30680120438031
mual1241	0.109130313835796	0.646422743139736	-1.15927110675219	1.65801596835754
mudu1239	-0.0157231987070891	0.692162554977373	-1.53922023897648	1.45995192252307
mudu1242	-0.191649279333536	0.6844210791131	-1.90595380549578	1.01638879718294
mull1237	0.0956349612638777	0.665402164669796	-1.20640632493754	1.70920327105595
munc1235	-0.0307935640893019	0.661403190949466	-1.52418716139781	1.36133057915554
mund1320	-0.108751052893571	0.701055102778316	-1.7992691852223	1.24641501270923
mund1325	0.204117233495067	0.666990669294672	-0.969263975407125	1.93362130995092
mund1326	0.0112443159572216	0.620525367353591	-1.29076685346834	1.41758414523103
mund1328	0.070433918263398	0.634629735776594	-1.19591605383151	1.57191098421327
mund1330	0.00124881400646866	0.717773187412768	-1.57365575121535	1.54393572392801
murl1244	-0.0219193396997722	0.685975330685681	-1.60109671630223	1.42851090601855
muru1266	-0.0513586910701717	0.668798891296258	-1.59838756634994	1.33374430762256
muru1274	-0.0438336026311186	0.664993620722415	-1.52080191905526	1.36885636869344
musa1266	-0.111246983853052	0.646811605458956	-1.66744295851499	1.1682141243386
musg1254	0.103691252212849	0.644192064111064	-1.18354246512567	1.66242812504903
muso1238	-0.31452954160671	0.709556533585268	-2.1149417832834	0.70575078819893
muyu1244	-0.140776617555772	0.665717676665322	-1.75066453361823	1.1316542261556
mwag1236	-0.0200885120527145	0.619630408791088	-1.3819696855038	1.33102063458041
mwan1247	0.0222860734560905	0.687859197239272	-1.49893683944105	1.56854008544285
mwan1250	-0.0764397922484621	0.674235409555546	-1.64586442002707	1.25861029977724
mwer1248	0.0384041184518881	0.691577475961762	-1.39906943091522	1.67050671652409
nade1244	0.0247628039315501	0.653458768397179	-1.39164087622942	1.50304326256125
naka1262	0.00814924769032312	0.630344119578295	-1.38359173672707	1.40909671327968
nali1244	0.267365086071787	0.67378277105941	-0.854997342795973	2.01278004725669
nama1264	-0.0172960406000697	0.680072333029543	-1.48600144169879	1.44727544897655
nama1268	0.0615038590048776	0.58493940059706	-1.13151535409398	1.42225261834638
namb1293	-0.0251063235162636	0.690300580919549	-1.51927830119917	1.4282994022875
namu1246	-0.0345407720189668	0.676049006505302	-1.57647464044802	1.39322514149612
nana1257	-0.016127278540396	0.687747081803221	-1.59165879114546	1.46043856042747
nand1266	0.064551041660285	0.677089408240012	-1.34915891102432	1.61380340159253
nang1262	0.282881857887784	0.687747950994748	-0.799753648028919	2.04600264290794
nant1250	-0.184929414045354	0.675051649687495	-1.86463672150857	1.02914178984559
nara1262	-0.163022498086186	0.70686344328113	-1.87144553164849	1.18303408622338
naro1251	0.179183378593561	0.694135005449028	-1.08214636322253	1.90338861577023
naru1238	-0.0911454843411965	0.65989618503411	-1.66842720677133	1.22559331879259
nati1243	-0.32981341197977	0.724692634896317	-2.17058901832189	0.741721475456061
nati1244	0.194726200215194	0.604190125996101	-0.862156280495865	1.67076221026683
natu1246	0.275032576835265	0.685849577076181	-0.822912144408978	2.03131431053316
naue1237	-0.20254351991719	0.682639215299271	-1.97928505247111	0.945883083092155
naur1243	0.147750389498266	0.680048026568531	-1.14577260812879	1.79604522867094
nava1243	-0.0233667226945828	0.666006387406749	-1.52888941060434	1.39209213418527
nawu1242	-0.206288709893463	0.708083806866913	-2.02104548977777	1.04675703615703
naxi1245	-0.0519788510831396	0.668475298918292	-1.57870981995077	1.3230683829779
ndam1239	0.0180923637883582	0.652918774228915	-1.33831771915549	1.47006351297415
ndam1251	0.0818056901890304	0.650558830758974	-1.25312096676668	1.59126392450519
nden1248	0.00252005400279094	0.641180691565579	-1.35374691598101	1.39602952368149
ndob1238	0.130120755936655	0.649198348697504	-1.11053512056177	1.70160936863302
ndog1248	0.177622447025758	0.70157560461263	-1.02157364429617	1.95069924059384
ndom1245	-0.0803828574379389	0.692628761954633	-1.72655826663609	1.32087515615089
ndun1249	-0.101378749209003	0.653465861327413	-1.6428212144777	1.17569489456887
nege1240	-0.0527646681503323	0.643930549838513	-1.53835780493352	1.30307639149359
negi1245	-0.0122647358429491	0.678959641088804	-1.51556628618745	1.52720064348072
neha1247	-0.149828431427645	0.660832219457212	-1.76182830233092	1.10047327366437
nend1239	-0.151955773677076	0.660948669461108	-1.75394083823632	1.05001580149046
nene1249	0.0058975312363768	0.675679878103175	-1.449687639288	1.4825491997477
neng1238	0.232008216054766	0.702584128694943	-0.942669471829697	2.06569832210358
nenn1238	-0.020763834026556	0.684660884299286	-1.48120803919513	1.44355987005341
nepa1254	-0.102073327484194	0.672230800893899	-1.67423671290723	1.20958389783834
nese1235	0.261247247061616	0.640034581733597	-0.783729321229675	1.90347281187296
newa1246	-0.108588299861259	0.67580900995236	-1.71836193862522	1.25042813303492
nezp1238	-0.0528012980634105	0.668694656674752	-1.56485132106581	1.33773787292501
ngaa1240	-0.0992717520645783	0.660238501828465	-1.71932373483146	1.17777066181554
ngab1239	-0.0141701598703037	0.635417045704436	-1.39584360269054	1.30841828027122
ngal1292	-0.0462260782435837	0.686063900889283	-1.63981292478277	1.3767401144301
ngam1268	0.0578507292207294	0.638428126742498	-1.29355492029059	1.498448981864
ngan1291	0.00238619600247742	0.693677613000627	-1.51492279043313	1.5079286259176
ngar1235	-0.0202965598405515	0.661805779018815	-1.51734485540894	1.40183850124426
ngar1283	-0.0365595270956709	0.681027870525853	-1.54933388875514	1.40484718571989
ngar1284	-0.0217927964047335	0.643544114638519	-1.42650047268483	1.33946749373606
ngas1240	-0.00168803696526632	0.619147091311977	-1.33966121269528	1.36485308992814
ngba1284	0.238190192234477	0.694367453364573	-0.933905376310077	2.03845132134525
ngba1285	0.261419260463775	0.704165563223317	-0.915862998616824	2.05434244287026
ngit1239	-0.133092665534691	0.681427447596629	-1.81971066783661	1.14511086961395
ngom1268	0.0470137807161914	0.670800485121887	-1.34880024862224	1.57549221290613
nhan1238	-0.054520430113834	0.669298277548098	-1.60894837634675	1.30529424116349
nhen1239	0.0353065922479774	0.671160146362561	-1.32993985384407	1.54320461095361
nige1253	0.212423305239029	0.686005119007645	-0.926016153564417	1.98066691152867
niha1238	-0.0242768543697948	0.676303250879996	-1.5515576098863	1.45827435363787
nila1242	0.0997957072382247	0.683715473393474	-1.27387804125878	1.66219180509504
nina1238	-0.0467448452157255	0.699910642706618	-1.63838188108495	1.48005962082777
nisg1240	0.118062720880634	0.685330108826237	-1.18908471712196	1.81795316983109
niua1240	-0.108934084266965	0.666813202807603	-1.70294754062259	1.14570389135157
niue1239	-0.144666089777779	0.650904610742234	-1.75119021227565	1.06242753758413
niva1238	-0.0424096528272166	0.68795884334598	-1.62403270095698	1.43659876516965
njan1240	0.0517133213563627	0.653199935646283	-1.28035610778872	1.52327882996131
nkon1248	-0.262672132225321	0.710780170606741	-2.12812996122037	0.878400054471488
noct1238	-0.0347012304410618	0.664989036957987	-1.55686917930925	1.36893330158097
noku1237	0.24300669189926	0.659150888027171	-0.84354030591036	1.92031881815035
noon1242	-0.0107157325581313	0.674074510464792	-1.52392843274706	1.37947315373598
noon1243	0.093534071037287	0.626260441997484	-1.10719812519621	1.58063894628352
nopa1235	0.15348777772819	0.66707829122703	-1.04794125194071	1.80344131324807
nort2671	-0.00862895957875739	0.668722624105641	-1.44166351762376	1.42436274296698
nort2684	0.0732750805149843	0.667210633744939	-1.26008814150217	1.67948985247946
nort2690	-0.00125288357954787	0.68838423440386	-1.53807363093532	1.51016006021424
nort2697	-0.025711501046847	0.683212811666806	-1.55060008303911	1.47089350169858
nort2699	-0.0221687109377206	0.677694262534457	-1.54359306286874	1.42579763299033
nort2702	-0.0641052482400404	0.677802190791021	-1.68552359149139	1.36786829920355
nort2722	-0.00723828612056157	0.680998615750764	-1.48737100648503	1.45896670380345
nort2723	-0.0419358356502773	0.69435516709723	-1.62928146065757	1.41175008508589
nort2724	-0.0607736906910707	0.667296851628981	-1.6291885213169	1.31126108310162
nort2732	-0.0109626921303226	0.659672572526345	-1.50115645434698	1.38687140174574
nort2745	-0.0150610326330318	0.667868606022613	-1.48971562324691	1.4063737330571
nort2747	-0.0140365303304685	0.634704773921274	-1.41453459019611	1.39237706670629
nort2774	0.0930320459868652	0.668699729563716	-1.28314752614003	1.62442752210885
nort2775	0.188658006560564	0.688916692773778	-1.02306926759122	1.90428868243707
nort2836	0.0939006164323076	0.581680371879738	-1.06617104424545	1.49757495456877
nort2839	0.158262938359365	0.577278355291918	-0.867433891035556	1.55289466616671
nort2845	-0.0782424945147094	0.668297835104888	-1.66587769382276	1.26467620934853
nort2847	0.147614343128362	0.638037593890289	-1.03913074413195	1.7902683702259
nort2864	-0.256689388845833	0.699072082781754	-2.05080113821496	0.893678909009472
nort2877	0.13877411992537	0.642152653550457	-1.05774681215161	1.70342820868265
nort2885	0.151482676708685	0.656174985829956	-1.05219163126458	1.72127192502069
nort2930	-0.0780526389472909	0.664315218710858	-1.64004565986318	1.2736965421542
nort2938	-0.0312645843378217	0.663559985307673	-1.54158619912332	1.36783149436945
nort2942	0.0039227905579275	0.654902420005196	-1.44360497413513	1.43269494498232
nort2954	-0.085307598568695	0.668910318107786	-1.66171430442303	1.28090384174098
nort2957	0.401132627207594	0.759982149177645	-0.674649253897357	2.40616193464547
nort2961	0.0117273480276676	0.666792117106149	-1.49220330064622	1.52278751417784
nort2972	-0.0449135522206513	0.677867310813499	-1.60019343512018	1.39659523098495
nort2980	0.0265632247500019	0.664152339611954	-1.39813105500987	1.51569528779398
nort2994	0.188889557226385	0.670528909273057	-0.948899347351611	1.87063036724705
nort3047	0.137116350081944	0.638804713351373	-1.14258169682182	1.65448020039282
nort3139	-0.127887827244608	0.655839865155291	-1.78105185982289	1.12615697503139
nots1237	0.278255748872105	0.681644739466601	-0.847359334504622	2.0402144220223
nsen1242	0.0100703438377231	0.685607631035908	-1.46912577252148	1.50762642797588
nucl1235	-0.0607966570619159	0.676494836984046	-1.60365358498968	1.31591095698086
nucl1240	-0.0590810104618674	0.624716234039144	-1.51110001310674	1.23737816781875
nucl1301	-0.00621413807703422	0.681250379046593	-1.47681416879424	1.38948897971362
nucl1302	-0.0356876174328122	0.692101999103896	-1.5611928207788	1.41001812394057
nucl1305	-0.00765906468475998	0.682050928552507	-1.51948183872014	1.46672507931787
nucl1310	-0.0484792200148844	0.667308254410926	-1.57011459307722	1.33979477587138
nucl1327	0.0978915776679675	0.677861086104261	-1.22472429697449	1.69136231893431
nucl1347	-0.152153595516462	0.675522845286547	-1.81594223676384	1.02957848647383
nucl1417	0.0889043473331626	0.654320017860286	-1.22580907496933	1.63069751663164
nucl1452	-0.0827150905842008	0.669643870814425	-1.65237853148138	1.26032074989801
nucl1454	-0.063825169480371	0.653129568973047	-1.60090870603878	1.27184423565125
nucl1458	-0.195378850034123	0.676154612049556	-1.9148036710534	0.959360012743566
nucl1593	0.0195076359186418	0.646228608454431	-1.31850349690143	1.42266303889776
nucl1595	-0.0819196971588051	0.670344163780971	-1.65339220429909	1.2578568622708
nucl1622	-0.0699764668708281	0.678420147647137	-1.67073358334005	1.32094599386783
nucl1630	-0.342561548638612	0.778424336144665	-2.40644960431094	0.811194064159269
nucl1632	-0.0396865154211924	0.669586476167932	-1.5494573885985	1.32977539651916
nucl1633	-0.0601489824778335	0.672500772943889	-1.55495379082836	1.28682328829852
nucl1643	-0.0137831708188958	0.693536443707925	-1.56722581760808	1.50409148645022
nucl1706	0.0943611347321318	0.673835750984938	-1.28696446208712	1.72658825132248
nuer1246	0.0442614488563662	0.676009933812232	-1.33481900364303	1.57499886313314
nukn1238	-0.240139641716427	0.645805571718623	-1.91072664542501	0.820886217427792
nuku1260	-0.0605507750558351	0.691330252013421	-1.70151670623163	1.34064494533524
nung1282	-0.0632927663657388	0.66435338616571	-1.63787040012812	1.27486305172042
nupe1254	0.017520582925285	0.661913884685461	-1.40803630513505	1.51258294856768
nusu1239	-0.0616530789235669	0.6579159271658	-1.59882538442745	1.27235017455373
nyah1249	0.151121241380769	0.663850678391995	-1.06214560325496	1.78881811861075
nyah1250	0.0146297522506546	0.682067086627481	-1.43719223367381	1.56193428611278
nyak1260	-0.134385907838809	0.664132416953914	-1.72928747497641	1.09116690835869
nyal1250	-0.148318700532559	0.655835849866202	-1.78817202765687	1.0889679644766
nyam1285	0.109743866768828	0.649550489077049	-1.14273020873316	1.67810132130623
nyan1301	0.0118667880376979	0.651168885527231	-1.44266074186702	1.39158126415487
nyan1307	0.0130140894912996	0.643249788770231	-1.36172165129883	1.42663891523173
nyat1246	0.115818769871023	0.659766229037064	-1.20398226239292	1.68451253095245
nyig1240	0.0457690018328037	0.692371298910272	-1.42130733614162	1.5656148961523
nyis1236	-0.0609394281391316	0.662197417808488	-1.5981650977781	1.35320104798473
nyor1246	-0.05725172913711	0.675688956910956	-1.49179346891369	1.34353814689515
nyun1247	-0.0944294687088188	0.674200111233388	-1.67575609107641	1.23096331971098
nzad1234	0.0344855386484206	0.67964597770919	-1.3904475479625	1.54782439847039
nzak1246	0.159631195891058	0.658172894375759	-1.04621111500588	1.82194770801384
nzak1247	-0.0249325029960538	0.663406220088897	-1.60338244001211	1.42216730128542
obok1239	-0.0273959288568995	0.657459361853807	-1.54183527204918	1.38998768660549
occi1239	-0.0961825505283189	0.670696961503083	-1.71059860043804	1.22713441217033
ocot1244	0.199595546575183	0.685317317659766	-0.971418178634268	1.87364028857674
ofay1240	-0.00331139026578488	0.681395014676428	-1.51385931754573	1.47729567764681
okan1243	-0.163253343179716	0.67339221070752	-1.88265924688188	1.0306954526307
okin1246	-0.0124066508886399	0.681289981543185	-1.5808441364932	1.45920204846209
okoe1238	-0.156156342694237	0.671913062929288	-1.77412191698869	1.10784080875575
oksa1245	-0.136537893545838	0.693395609245135	-1.83179628027851	1.11326719999472
okuu1243	0.0969194322048313	0.623883876775287	-1.10460660896493	1.60748449235564
oloo1241	0.0386853617648113	0.641835398838555	-1.27872590051676	1.51325320795043
olut1240	0.109909388800679	0.637966666536163	-1.13611622041034	1.59874454558092
omah1247	0.213950505682444	0.710259757165912	-1.01275444061786	2.07037994823391
omie1241	-0.342146454988583	0.76602711678676	-2.39605583456256	0.787159090160194
onto1237	-0.0833659685297637	0.653763614186247	-1.61292870894122	1.21273770043206
oriy1255	-0.119989064147671	0.676714305506996	-1.74886042578526	1.15422737349068
orma1241	0.0990891058539862	0.65548396866173	-1.19683563392476	1.68067736643587
oroc1248	-0.00458409039609179	0.678818903589552	-1.49091017161571	1.4984255601951
oroh1237	0.0648337715586425	0.629148229833945	-1.21148302961076	1.51120613342524
orok1265	0.0035411257091499	0.666798632661479	-1.39761317439774	1.45552363948987
orok1266	-0.0831668954370102	0.639582899419481	-1.61686795183871	1.16150299235866
orok1267	-0.0880534119768087	0.673013215070983	-1.71199716218474	1.30671415094494
orok1269	-0.337721725551005	0.749971257008307	-2.39849746889985	0.75502040855496
orow1242	0.0573744455879149	0.612436407430572	-1.19559623231485	1.42648786311812
otor1240	0.118765319176678	0.657320524558854	-1.13285798058234	1.68044547727314
otta1242	-0.00510502490470066	0.691689508108261	-1.47185133262431	1.51092854968587
owaa1237	0.138412194446621	0.672067379513772	-1.10190589377009	1.81455294994823
paaa1242	0.18700190071663	0.687725064869499	-1.03253134805083	1.95140524524733
paam1238	0.12340155552662	0.563919392022119	-0.952693059889588	1.50855169365886
paas1238	-0.234369239381206	0.710932832989404	-2.0999035007354	0.979166535017341
paco1243	0.0924761539115101	0.66763251667911	-1.24014313879733	1.62429447997434
pagi1243	0.019765425329413	0.661686775145038	-1.4223236959277	1.44096323771698
pagu1249	-0.0723055872231025	0.67717865924362	-1.68587542422629	1.27108491318769
pahn1237	0.103694159122772	0.650170658786921	-1.15143141327222	1.66247327049351
pait1244	0.116904884790148	0.665634003811857	-1.14423650607495	1.7091281469561
pala1344	0.10547802792949	0.685009227701198	-1.22535501465625	1.7571337800854
pali1279	-0.0649578078629008	0.668168709863459	-1.64435249034138	1.31525724540507
pamb1243	-0.104692361410236	0.642633472470221	-1.61562752181742	1.14029885309021
pamo1252	0.119920989112314	0.661386861908763	-1.11200138722737	1.69944166242531
pamp1243	-0.0824865555070479	0.620185698476987	-1.49819191562965	1.14700196801096
pana1305	0.110896624696916	0.658647873620364	-1.17805792841085	1.71968604787192
pana1307	-0.0109652351173418	0.685913803322969	-1.50540029392093	1.40369394440623
pang1287	-0.0483929360293194	0.645104558147755	-1.51955613472991	1.27127290440752
pang1290	0.16194695223417	0.657445586241497	-1.01931871041626	1.78583832658253
pang1291	0.134844135508256	0.69548182810219	-1.20617893677002	1.79692467846122
panj1256	-0.0509961311737036	0.662929531445493	-1.57050945048321	1.34136637841883
pano1254	-0.00709674295331997	0.689004014550764	-1.47183548710629	1.5272862099515
pany1241	-0.0707456410514432	0.641232973854808	-1.57633931470742	1.22085662796062
papa1238	0.292017840915672	0.699357633766408	-0.813244557497785	2.103294497683
papa1265	-0.0991829925382782	0.622950062136292	-1.57574418544275	1.11237391080709
para1301	0.0202388395523638	0.674370785165613	-1.46405150557264	1.55050498188331
para1302	0.0221346728555486	0.653786946265739	-1.40789624817938	1.52485986037398
para1311	-0.00564339663302672	0.65865976520814	-1.45133480521002	1.39654756743285
pare1266	-0.162449795726949	0.658528332831676	-1.79200152723622	1.03841307952722
pare1272	-0.0800741820196077	0.670567235114585	-1.66190514631264	1.24498053294814
pate1247	-0.330425875739001	0.720704838163958	-2.19203482428381	0.739739112372552
patp1243	-0.0344863119694334	0.620504322083803	-1.39483956870341	1.27885422970387
patt1248	-0.00735857078660155	0.659744452974943	-1.46304602368659	1.41726197646866
paul1238	-0.251321614676851	0.691371358052735	-2.03812277765932	0.910372769844074
pawa1255	-0.105485551210435	0.666727299600246	-1.72838902643326	1.2812597312087
pawn1254	-0.0640836402532062	0.677148281162915	-1.68565998980124	1.33650141765081
payn1244	-0.160771001401677	0.660428753135271	-1.76911650621558	1.04272996790054
pech1241	-0.0534576984223788	0.67217145589734	-1.59957623316843	1.33906181010676
peer1241	-0.238501230126402	0.695290657655153	-2.00826306147216	0.944237209293011
pela1242	0.0133782484632509	0.677970743003674	-1.40829258113178	1.51491601233966
pemo1248	-0.0292775393684878	0.676280945379152	-1.5422094740918	1.41198473865816
pend1242	0.11596589004076	0.658301330906276	-1.20385597251291	1.71750203531493
peng1244	-0.159451550586277	0.671853568568993	-1.80281662592647	1.06842069744694
penr1237	0.260141072222139	0.71606682193004	-0.886647242260236	2.06545688646256
peri1253	-0.000332098802808565	0.680191760665933	-1.48151865726291	1.49402845816222
phai1238	-0.159021870383479	0.664868217991996	-1.74914322077258	1.06724959358897
phom1236	-0.000362039969272377	0.660732877883023	-1.49229158765363	1.48733119173493
piap1246	-0.110636355500954	0.65200169863089	-1.656601795229	1.12865698813051
pila1245	-0.0290359317096347	0.672385523403574	-1.51858028932414	1.40527552969932
pile1238	0.199502243226677	0.644921069224804	-0.92134664912338	1.82018617169171
pima1248	0.0911515890582394	0.650688672581795	-1.20313273756153	1.66543629516649
pina1252	-0.155763812367063	0.661573620996533	-1.80990116921817	1.04838596965615
ping1243	-0.160921591136254	0.677310054316788	-1.85225837599442	1.08362741771325
pipi1250	-0.105217848369409	0.662352996406841	-1.68129546925156	1.14355976552481
pite1240	-5.57725284704308e-05	0.684637178522163	-1.49596402616674	1.52949622857006
plai1258	-0.00773249488115909	0.684392311341991	-1.54903876670881	1.52952422275459
pnar1238	0.0332615341748966	0.657704118368973	-1.352958644839	1.50682542290866
pohn1238	-0.142759650612716	0.661348272323277	-1.7991321184256	1.0853990031298
poko1263	0.0683629452084448	0.681503571932417	-1.31272039509356	1.66449060314669
poli1260	-0.032214164462381	0.670983100519383	-1.5884734067889	1.38085025524165
popt1235	0.209346196499524	0.701603409567111	-1.00308392650914	1.90823511599645
port1283	-0.0797679094174536	0.680725632827433	-1.66647436177986	1.30847297587994
port1285	0.181056439720012	0.596476089734602	-0.89496504203164	1.65256468015382
psik1239	0.162017936784267	0.637852018431086	-1.04267249459521	1.70921326483676
puin1248	-0.11103784501877	0.680272032079406	-1.76532979161623	1.20197544692003
puka1242	-0.109698622359736	0.627400111641449	-1.58398717665799	1.06305060468644
pula1262	0.0731537054597309	0.666513986599245	-1.31201608557663	1.65522597008003
pula1263	0.0395392436518733	0.648568769640026	-1.32197544900538	1.49536103202727
pulu1242	-0.180011912989665	0.666464859115256	-1.86245966885706	1.02856972733332
puma1239	-0.111237800306519	0.653722998322689	-1.70653404754542	1.16103514450148
pume1238	-0.0702608753668085	0.698175530569538	-1.6370543008106	1.36984657533488
puoc1238	0.0309399767205793	0.6298272644981	-1.34944557029421	1.45927333788312
pura1257	-0.0731068022364999	0.672709927923452	-1.6439603630983	1.29092949633845
pure1242	-0.0744465692534993	0.660585791525009	-1.63793276417608	1.26505454883592
puri1258	-0.0226961155709559	0.677285145090705	-1.62908102520409	1.37032051433767
qawa1238	-0.0436599657496762	0.680516203319774	-1.57699644220479	1.3631978791025
qima1242	0.110378415715979	0.663264553101921	-1.18375912978562	1.69673681042742
quer1236	-0.194274878326619	0.671526121248746	-1.92029939407952	0.956621442320128
quio1240	0.239423511926253	0.721322987173359	-0.967869758666132	2.04338739597773
rabh1238	-0.0401321497335837	0.650566654057833	-1.53741616018925	1.33737428731975
rade1240	0.228590660864314	0.681425886067132	-0.892721751648621	1.92460389197783
raji1240	0.234285616049781	0.71639185020794	-0.972332351736004	2.06194312604673
rama1270	-0.0118459368946513	0.641476094527091	-1.41988332123709	1.39809316787142
rapa1244	-0.124542946470306	0.663877683865502	-1.77235959288773	1.10529574587194
rapa1245	0.210752884991069	0.684942345776646	-0.980913026169597	1.93802850054931
rapo1238	-0.0124214324920301	0.614686477404494	-1.29957201111337	1.30753370054987
raro1241	-0.139149885702443	0.649482975482926	-1.72713936292699	1.05475499845719
rata1244	-0.157456162730381	0.684178371972475	-1.88365839623553	1.05865146396872
raut1239	0.171568383153819	0.671258817381124	-1.04770487087379	1.91038804144021
remo1247	-0.154523186755779	0.627153586701963	-1.72777386275507	0.999124999010588
reng1252	0.167745811728504	0.675484518498856	-1.06042837666217	1.80840090767664
renn1242	0.191947402387555	0.673215500697233	-0.993854387495293	1.88156904407377
reye1240	0.0946790173088192	0.679054839082639	-1.29288945484317	1.73288288276706
rian1263	-0.0875683345164539	0.685346197527059	-1.71914418101547	1.25095308807902
rikb1245	-0.0465378822336973	0.673619739548777	-1.62092441718374	1.37534769760452
roma1326	-0.132076114313405	0.63831611772301	-1.64349885099115	1.07032310018148
romb1245	-0.0113292174930406	0.620145047265143	-1.38515496904403	1.39712853571206
rong1264	0.00790653912185773	0.67595391588912	-1.49745199524038	1.5377192571564
rong1266	0.154119358709751	0.66362892817989	-1.05773548391405	1.78288855369657
ronn1241	-0.0281390213615508	0.615510241342444	-1.39846760998321	1.27804828452256
roto1249	-0.0768705567592675	0.617312004022235	-1.48365405421832	1.16585343771534
rotu1241	-0.122009438589868	0.692974291099467	-1.79793641929705	1.21159361420815
rovi1238	0.193207144462001	0.660027616454518	-0.981878078984213	1.81351702921638
ruch1235	0.0194508432527689	0.657037173531205	-1.41126773691282	1.46893579029665
ruka1240	0.0633932603174927	0.650215810857072	-1.29281770135955	1.56576001388243
ruma1248	0.0457886457587658	0.691212380156641	-1.37083767991704	1.66314511144553
rung1258	-0.0765497074868191	0.696475507113006	-1.57874036351759	1.27524333258526
russ1263	-0.0190586807473951	0.678600935803291	-1.51512126338246	1.43790141793534
russ1264	-0.00845989279160921	0.673245340707234	-1.47432095339308	1.45731578477923
rutu1240	-0.0142968749002891	0.659055222318126	-1.50888678040516	1.36790573175393
saaa1240	0.0650650981626194	0.634835762212101	-1.21607119287667	1.52519496355957
saaa1241	0.154682618631429	0.583119409941561	-0.890836301648174	1.62637701893055
saam1283	-0.198141480335639	0.677729440086984	-1.97661141201622	0.990362728408717
saar1237	0.0967306938249049	0.677720356590874	-1.20631533579804	1.71567033245705
saba1268	-0.0655630174280529	0.668824574647063	-1.61286726540203	1.31908587861756
saga1262	0.061047561073367	0.657210565520017	-1.32213051867209	1.56898877221036
sais1237	0.0723591113710263	0.647131679880479	-1.27464288397471	1.60224765387434
saka1289	0.255636696238093	0.653143961200654	-0.773594152040658	1.92023587344066
saka1291	0.0468430149816192	0.695430936903185	-1.34136646985425	1.69852967982529
saki1248	0.011103879628435	0.674364075227219	-1.41890774745646	1.51819140756301
samb1305	-0.220732399394923	0.670588463542941	-1.98597120800284	0.940732753059554
samb1311	-0.227352080552545	0.673108591834407	-1.95075395246254	0.950798542924625
samo1305	0.173362089024437	0.6819551765144	-1.01203997833268	1.88226581903151
sana1295	0.0258533746078958	0.660972112459331	-1.3522445328037	1.52216682437245
sanb1242	-0.0588078787773527	0.667405273557435	-1.6110980455826	1.29431880247899
sand1278	0.188157315948603	0.702077559199531	-1.10817123035445	1.89756310114533
sang1321	0.0700190412509752	0.646145586045565	-1.24897667719042	1.58949005311665
sang1330	-0.146818232616016	0.662219656814601	-1.78380374318363	1.06644655470254
sang1331	-0.262474991969556	0.719610773566055	-2.21782409747329	0.867844665111712
sani1269	0.0520730647502372	0.66647871460958	-1.32925925840085	1.52054677198013
sanj1284	0.216327243123334	0.695348191888662	-0.997466183074302	1.92150459053732
sanm1289	-0.0143569746339276	0.65881862015445	-1.49619159722138	1.42060068618382
sanm1295	0.142744878611225	0.657949738920493	-1.11531062029323	1.75666214166605
sanm1301	0.26377431212923	0.722096317534522	-0.908016226391	2.09880423622279
sant1410	-0.101609404336365	0.649761045286796	-1.63873021265976	1.15553830668108
sant1436	0.150606086769238	0.670213504094082	-1.10189418769158	1.83523821010335
sant1451	0.155181278449609	0.67724053398938	-1.11606487947225	1.78522703574547
sanu1240	-0.0589887256345325	0.676872668164389	-1.61668697899322	1.37491926984433
sapo1253	-0.0054813434483991	0.630210241451296	-1.3946353777039	1.4086698309012
sapu1248	0.154016097129226	0.683637674645857	-1.12131872073079	1.86219544121457
sara1321	0.040884004357227	0.687824534603935	-1.31508418435324	1.61477019914269
sara1327	-0.0497269452645142	0.639099035865732	-1.52530665375402	1.2980315334669
sars1236	-0.0203612907353464	0.680864461105435	-1.53467008626755	1.38196171012386
sasa1249	0.0796501935709576	0.666952926184105	-1.25045814965069	1.69909966232906
sata1237	-0.138445583969875	0.64684690985775	-1.70013729085064	1.10381587849279
sauk1252	-0.259001578147493	0.66239202567896	-1.94145888835744	0.816600802836268
saur1249	-0.102077242344596	0.657988561622713	-1.65057354229015	1.14631722709663
savo1255	0.169281844159787	0.64256017810209	-0.998424793383247	1.75344179049141
saya1246	0.0237437372001148	0.628182702595666	-1.28681798980131	1.42138014583977
seda1262	0.145989476693388	0.680161866893976	-1.11462843773562	1.77258692657011
seim1238	0.15021854025461	0.665973580874816	-1.07884992646537	1.77861221406632
seke1241	0.164580921708508	0.593400613025109	-0.917543721079955	1.66250938361756
sekp1241	-0.241779631358661	0.693091351779417	-2.04702998539941	0.921457520627869
sela1259	-0.119678964844811	0.671237453493676	-1.72393221274646	1.16721366832637
sela1260	0.133890472846938	0.648466114907397	-1.05418046075269	1.72615268442423
sele1249	-0.258936707823023	0.705207081341685	-2.09559647980835	0.860475072138639
selk1253	-0.0060916333613139	0.668486600065846	-1.4505809708588	1.48714200681724
sema1265	0.0193782573827175	0.643446111305319	-1.32458422391143	1.41033643807386
seme1247	-0.084669482037484	0.665853092987284	-1.67100821056241	1.23440550525948
seng1281	-0.153837776325126	0.663987708989924	-1.78711397381369	1.06968710658108
seri1257	-0.0819547306944254	0.675580165722182	-1.68039225020345	1.29467244575547
seve1240	0.0168680481620336	0.667114309743039	-1.38997453247381	1.48263494036643
sgaw1245	-0.0159775409572082	0.686349877242606	-1.62850084347723	1.45413406777371
shab1252	-0.050769546203251	0.672062825303003	-1.61195525233132	1.3849492267994
sham1280	-0.0475365430693569	0.639600990997695	-1.51206328763953	1.23349435424229
shan1283	0.0143389307549772	0.68690161766557	-1.4518996839018	1.54170825153787
shaw1249	-0.00435198215906726	0.672661608663075	-1.48861512513293	1.49469316364634
shee1238	-0.029085403592962	0.662511518922347	-1.48341113663694	1.43083893075084
shek1245	-0.0760168530792969	0.688364347664685	-1.68475535451451	1.32864293164059
shil1265	0.0564656562047883	0.667284428909561	-1.33367271871911	1.63367967171694
ship1254	-0.00236605920455557	0.677748519206561	-1.47654332070245	1.45668999205338
shix1238	-0.0499283265917843	0.667908110376403	-1.64355171881989	1.31211664111993
shol1240	-0.00289156719083635	0.683164336923693	-1.503037319734	1.51537849162734
shon1251	0.0213542721407033	0.691172188555241	-1.45534286589275	1.59429331548733
shor1247	0.0047887994492434	0.708028021957847	-1.49481751524972	1.54853829231871
shos1248	-0.041400283082614	0.658123431113509	-1.61969444402248	1.366348454488
shua1257	-0.0511049097302791	0.681923798586506	-1.70537958133223	1.34886283878364
shwe1236	0.0313707296347494	0.683236109615755	-1.40761078181663	1.55566251531422
siam1242	-0.321880938516702	0.717875353764336	-2.2201016472249	0.739618487644648
siaw1243	-0.012856648180647	0.637846448966664	-1.40849710442936	1.33439827656365
sich1238	-0.0269536468723222	0.661413535972769	-1.56158278882769	1.36943724427853
sici1248	-0.110336759286928	0.652743546331209	-1.73767485392615	1.15238636665967
sici1249	-0.299764022625102	0.712457795798106	-2.14818333743954	0.809731025758092
sida1246	-0.107666514644033	0.657038745313291	-1.69820526664585	1.1894641702303
siee1239	0.171671310053434	0.642021822838079	-0.978392917942831	1.74381274227329
sier1250	0.235321290549298	0.706151050643613	-0.962807735955043	2.02794808942796
sika1261	-0.0557838063699473	0.647462033074651	-1.51167589684494	1.2829904505468
siks1238	-0.00689628341413066	0.680409443773293	-1.549610585207	1.51158774156041
siku1242	0.0943415672605008	0.664043867043566	-1.22447573608031	1.70031877059362
sile1255	-0.166215864663313	0.670249476519045	-1.81052709676768	1.03956060520518
simb1256	0.0910217768699431	0.64076527486398	-1.24012575615823	1.59472046841988
sina1266	-0.323555325653958	0.760677899550188	-2.31743858438877	0.83167907919765
sing1264	-0.0413659052651917	0.664190746192701	-1.52857888007426	1.33668090275225
sini1242	-0.0685636395751649	0.672645628783011	-1.59696309555948	1.3046738938604
sion1247	-0.0931747250525773	0.653350187283439	-1.6666430130387	1.15270746025342
sioo1240	-0.278792179041884	0.678728271700417	-2.03908079170099	0.758301067125006
siri1273	0.0877306206876558	0.683869638857747	-1.32608467403569	1.69519729695061
siri1274	-0.032461801178575	0.66842890352439	-1.54461662302715	1.35706610122072
situ1238	-0.0331182733933032	0.6776053863665	-1.61702255001116	1.39487659533986
siwi1239	0.026213382225474	0.674948306915969	-1.46088928068099	1.56943811962225
siwu1238	-0.256672667378982	0.705960349082248	-2.09363038658022	0.865796079915354
siyi1240	0.0982504482333626	0.665297489067234	-1.22116392545554	1.68425554504338
skol1241	-0.000191393043271109	0.692783797759796	-1.53013052947016	1.50687252826734
slov1268	-0.00441752583232748	0.679573618167564	-1.5093165787964	1.50503933552986
sobe1238	-0.0965782149129204	0.65157680606776	-1.6544009549268	1.15946849323421
soch1239	0.237592039221657	0.727884715731697	-0.971545741012766	2.04663413291225
soga1242	-0.132728373329778	0.667812908626603	-1.76377659467639	1.14133871128938
soli1239	0.0282825860849784	0.662259564311464	-1.43488005156163	1.52086483681868
soma1255	0.0960531813001891	0.653067566317968	-1.19217109203985	1.65954308828699
soni1259	0.0318585459015058	0.684766066319949	-1.40364395052104	1.58518059236357
sons1242	-0.141831578038237	0.647876820665118	-1.6976333116281	1.09117455144228
sooo1254	0.0946966631499973	0.673727079885354	-1.23753679838133	1.73328837819581
sooo1256	0.0154916339926446	0.656296500842123	-1.42487073414248	1.47019259199425
sora1254	-0.148933629797373	0.655427201132176	-1.77273827901716	1.06373090752906
sout1528	-0.0171735128760304	0.664370405452368	-1.53691349793197	1.41936122370281
sout1549	-0.0274791061446363	0.686996162952653	-1.55508134597685	1.47776167000404
sout2649	-0.080773489549889	0.689590317745385	-1.69505917595312	1.30721941129424
sout2674	-0.00972078816877646	0.686234792279792	-1.53071741016783	1.51183487382764
sout2679	-0.0107892546036267	0.711699164845606	-1.54532451971284	1.52536856010707
sout2728	-0.0208117397902348	0.682831882937698	-1.58598718966961	1.38586473641808
sout2729	-0.0522622232102599	0.656903107624373	-1.62512638049177	1.29858438581099
sout2730	-0.0477357547769863	0.688831297600423	-1.66486673471375	1.39333931949307
sout2782	0.220410119928916	0.671150262388905	-0.927550938460094	1.91286505689043
sout2797	-0.301735067000115	0.705655727949791	-2.17012526293727	0.793799480946306
sout2807	0.022790331985794	0.672871141808764	-1.40513093960041	1.48925291943974
sout2826	-0.0652301502105729	0.649654052984989	-1.60739959889944	1.27750871865231
sout2856	0.104832724396974	0.5841515180629	-1.01108094517467	1.50920134276436
sout2857	0.189175052091615	0.606152699950172	-0.884420954850061	1.65146053473928
sout2859	0.142867580509106	0.572185222855129	-0.923821006132365	1.54163879812094
sout2869	0.140383956650165	0.631168854475645	-1.00722497618658	1.68754562111774
sout2896	-0.335942890178659	0.73482117635162	-2.28186545074711	0.737413092616285
sout2912	-0.141761883097587	0.667211785739984	-1.75978903857057	1.12033988595438
sout2918	0.120598508070974	0.693505619282536	-1.22200750889706	1.85588109778986
sout2954	-0.0200358854822825	0.667798978094288	-1.53074330404399	1.34990351327435
sout2956	-0.0387154294836388	0.671113290078459	-1.57249766465295	1.34403853656754
sout2959	-0.00393858366571871	0.695516089001527	-1.55849616189642	1.57661172428717
sout2976	0.11522191879781	0.632252710675781	-1.12066466876004	1.67050317653769
sout2985	-0.0795364993158551	0.690260124670924	-1.64730893496439	1.27995942555401
sout2994	-0.0505035121533003	0.653723602419427	-1.56863363527137	1.32768707799578
sout2996	-0.044106595573987	0.678834765023747	-1.60985348304711	1.38282575233771
sout3236	-0.0105730263312801	0.681268627027848	-1.52652040706873	1.48242967986481
sout3261	-0.0112987096465174	0.662095888058942	-1.51297773193789	1.35856967437734
stan1289	-0.0736928575106271	0.665699544520253	-1.6072738328459	1.30841636430259
stan1290	0.267908142535687	0.722663648139194	-0.878940778516473	2.16873460200703
stan1293	-0.0299492428900235	0.673790702647271	-1.57397166069648	1.36507296951619
stan1306	0.0491167040033274	0.655028860660894	-1.2661284800889	1.55937551408174
stan1318	0.0323694430099908	0.674517719734872	-1.40613822399425	1.52403131816711
suba1238	0.00226993150944724	0.660057371543562	-1.39619658955974	1.45649788845219
sude1239	-0.108484979135877	0.657085462026854	-1.71809645319184	1.14216578435121
suku1259	-0.0732720656433425	0.654607987369935	-1.63470231592637	1.30128972805887
suku1261	0.0637886610460966	0.673857984137608	-1.31336209562924	1.63487387264119
sumi1235	0.0438113756178003	0.647955992824197	-1.33142539942405	1.54854689117913
sund1252	-0.198945353792979	0.690931148111486	-1.88943385748823	0.964163326886848
sunw1242	-0.112714684795248	0.651404741013489	-1.69923121405003	1.18976873671587
supy1237	-0.205428451417005	0.691255441751902	-1.97324733934745	1.00394920431935
surg1248	0.00905801347360925	0.671808014065917	-1.43390347335434	1.53027386277207
surs1246	-0.132018735708075	0.63941068546932	-1.66163652425623	1.08460965720599
suru1262	-0.0288148060687024	0.702934459535942	-1.57257197112559	1.45335106026814
susu1250	0.0773168379817268	0.697348187319626	-1.33276639812004	1.69234975789006
swah1253	0.0420361791512445	0.667691974215667	-1.38419758368297	1.58620314835672
swed1254	-0.0515824533739353	0.693921241240176	-1.59738029683635	1.40292450052097
taba1263	-0.0658936746997809	0.681386308328161	-1.62717531273394	1.33366075912199
tabo1241	-0.0272315835165706	0.657288268616599	-1.55424307508535	1.40239335722289
tafi1243	-0.25793792503232	0.699876962501063	-2.03998685348488	0.85546363723035
taga1272	-0.0788767242308212	0.610738158082801	-1.5216125961431	1.16010448926205
tagi1241	-0.0696565604741335	0.668967519081795	-1.58992666910665	1.33338758721177
tago1246	0.0966502470265974	0.677544958159424	-1.23652319749658	1.71970507527445
tagw1240	-0.145286805866943	0.679341717686641	-1.81310919723431	1.09101888301086
taha1241	0.0127974147036734	0.670915983860898	-1.47219116305942	1.50767036603179
tahi1242	-0.135508102994358	0.674243958186019	-1.80248346879423	1.14274761708315
taia1239	-0.150766059194143	0.665068288449508	-1.76958001829662	1.0954804694484
taji1246	0.106456743495152	0.657209089350335	-1.18209938873788	1.62931865166085
taku1257	-0.140443393738769	0.676524660759414	-1.8907769183461	1.0899085391487
tali1259	0.166521878930495	0.650630045123428	-1.00710127728926	1.76991584847871
tama1331	-0.00189252103354212	0.686019990517756	-1.48118262958053	1.45698388282841
tama1365	-0.0857840248826589	0.669015812693746	-1.70014165479249	1.28765905305373
tami1289	-0.00986609428309177	0.689447100638214	-1.52469490386989	1.47721351094739
tane1237	0.348067521294481	0.739215817317374	-0.748424991303205	2.28167901988901
tang1336	0.246932178106595	0.703166368172792	-0.869019165861289	2.0600239709243
tang1347	0.23416078105072	0.619368238049527	-0.784833842322601	1.79097611021789
tang1348	-0.177708946542054	0.67844766018738	-1.87610892959547	1.03507500212389
tang1373	0.261604663094325	0.726731759083967	-0.864601129773426	2.1437600988993
tang1377	-0.0465837740167908	0.658509078006236	-1.55867830322568	1.32694297494008
tani1257	0.0711763443780202	0.669768556399814	-1.23737637214602	1.67884114572148
tara1313	0.264705714470195	0.71351267054458	-0.85668887750677	2.2301160772789
tari1256	-0.0160496458086217	0.641271362363127	-1.43629954044082	1.34133552004892
tari1263	0.0292014226388398	0.689792671472659	-1.45261930669993	1.591335652832
tata1255	-0.0103385046691335	0.660326869671366	-1.45379943438115	1.42846347872723
tata1257	0.195494710634705	0.686474211560334	-0.950909994461792	1.88421769788605
tata1258	0.144189151620372	0.673323048715084	-1.08709462336101	1.7885321873352
taul1251	-0.101995077808173	0.621797652128156	-1.55952613421173	1.13123397210275
taus1251	0.114090509390273	0.648871325088081	-1.13616407261369	1.67942251009699
taus1253	-0.0558337373398396	0.689979254788382	-1.69016499754558	1.37068584581319
tawa1286	0.0231388039393255	0.681181509356893	-1.46848271586117	1.4906944814171
taya1257	0.0337393052088676	0.660131480257066	-1.39685828175942	1.48368548944156
tbol1240	-0.154014043238796	0.657292472868388	-1.74250386795443	1.05296248787647
tean1237	0.352164267316991	0.744944870142532	-0.732734053354367	2.2956920735483
teda1241	0.0229302570593392	0.685527651669351	-1.44329273194653	1.5419164571604
tedi1235	0.0546665461127163	0.655757480311411	-1.29494089110699	1.57541597344953
tega1236	0.0986512950069822	0.680072510826666	-1.29651841998429	1.73238128102195
teke1275	0.0428233594888257	0.679492424808297	-1.35492624908588	1.59803856305919
tekt1235	0.209457994953017	0.692170970509848	-1.00569969789904	1.96165527318742
telu1262	-0.029789258310516	0.682565504826344	-1.49405095458044	1.42834032478133
temb1272	0.0555561640892804	0.660194989660512	-1.31840305013199	1.60210882439843
temi1246	0.0609849301555636	0.669781854836525	-1.27591549371439	1.60597789864749
temp1235	0.165853809856237	0.678722566859441	-1.05765365379903	1.86494654586413
tene1248	-0.0782293511980447	0.696480666946659	-1.67499648208381	1.33856696978264
tenn1246	-0.0368839904333135	0.67529975140334	-1.57361574865599	1.38184120738533
teop1238	-0.020911776454424	0.609978600735008	-1.34775377024069	1.30675823709194
tera1251	0.190076682564316	0.663800339152539	-0.998173483058235	1.79214823884982
tere1279	0.1136032870578	0.674592112562099	-1.16520870972002	1.73205148712881
teri1250	0.0497335907247604	0.648722314736806	-1.28530160942875	1.5057361832047
term1237	-0.0359643037568877	0.648750812998169	-1.5224493459476	1.30282844428918
tern1247	-0.0699300580971641	0.659728339677123	-1.65102324649508	1.26644442016877
tete1251	0.202337111572419	0.672004321783596	-0.948595383188486	1.91635509778314
teun1241	-0.156323645600585	0.670220082341883	-1.86457866842541	1.06786452930607
tezo1238	0.205831135892983	0.680755139441458	-1.03015042303776	1.96790168002398
thad1238	0.139874848564101	0.671312088559195	-1.07981413038366	1.7733922513458
thak1245	-0.0116067066694952	0.654326990084227	-1.4670777717575	1.45388671466262
than1259	-0.070216519333556	0.675588166202589	-1.64686864054171	1.28922752210683
thao1240	0.0740455252544223	0.651318385268267	-1.2806791882357	1.60478073152631
thul1246	-0.0958750649924143	0.667163516520972	-1.66990500196882	1.22306784325227
tibe1272	-0.0453308739856065	0.685592782671582	-1.62205020226709	1.46509288221098
tibe1274	0.157463974038786	0.666265039869434	-1.03523362790381	1.84120735854112
tief1242	-0.277142531980457	0.694422446997016	-2.09843537984506	0.868984845259524
tief1244	-0.252966580744824	0.676242920308347	-1.97279977159511	0.874903478901172
tien1242	0.0262712462296213	0.690570573365573	-1.41389401068826	1.56944851978154
tiga1245	0.145178049422774	0.635308681799061	-1.08524538777717	1.66377709079215
tigo1236	0.0532895653056384	0.646756660245789	-1.2926153866044	1.51476808639684
tika1246	0.132689208733468	0.666224259749656	-1.10330683512975	1.74423122821655
tiko1237	0.195850670722326	0.658600597555773	-0.940817268865621	1.85716251940131
tilu1238	-0.111700969308161	0.6568809528083	-1.71000150309742	1.20115756725234
tima1241	0.0827827938921868	0.670317283446929	-1.23268820246309	1.63924825039827
timn1235	-0.177388441372917	0.67675206377297	-1.85644160841626	0.997422323907099
timu1262	0.185262313819438	0.69427788539248	-0.973296020810436	1.90969090286442
tina1248	0.105026063563468	0.629385609925853	-1.10547378255275	1.67004659659618
tira1254	0.112233647382348	0.669152618719497	-1.14251306042921	1.70270975790788
tiri1258	0.0184718248116681	0.617089025610436	-1.28660591686955	1.36082377704417
tita1241	-0.215184903239852	0.694329459126538	-2.01571326039781	0.997680892680611
tivv1240	0.0897210164472262	0.667142311948777	-1.2585850835647	1.66214591610627
toab1237	0.183579411021369	0.637849988736511	-0.934605978868483	1.74649032819044
toar1246	-0.278738330607513	0.74044187959119	-2.23457321777653	0.897673239005667
toba1268	-0.0287031805503496	0.674141171588415	-1.50116738380047	1.42042659420391
tobe1252	-0.0838886095696747	0.690946977747615	-1.70159148293396	1.31790235046792
toda1252	-0.0140462261216961	0.685833438120931	-1.48838134211872	1.49260742795072
toho1245	-0.198549144345279	0.652966392766277	-1.83522370301916	0.970335744601683
tojo1241	0.199857909385666	0.708396508244166	-1.06114584016694	1.97612650931339
toke1240	0.244094181647921	0.688953948156872	-0.900203926492723	2.0169529435774
toll1241	-0.0574282319473679	0.659451096870798	-1.62152063428237	1.32244447815265
tolo1255	0.241345134801607	0.644846603717376	-0.818466225121444	1.8888052567106
toma1245	-0.040328801866366	0.658275871466198	-1.54307563238245	1.31317617077127
tomb1244	0.0837523652785413	0.638620475333004	-1.22473260624413	1.56827570239405
tomm1242	-0.0785784857167577	0.692339709172511	-1.68989798301488	1.35243303715012
tond1249	-0.0615780350818772	0.693409285233154	-1.66705455515061	1.37925109036533
tong1308	0.0372880766916015	0.674806022297298	-1.38109846057615	1.60241541515127
tong1318	0.0182752817856918	0.672634976744046	-1.48483183961384	1.50836636028339
tong1325	0.271176315632022	0.736870848069436	-0.900814156994317	2.24556517918429
toor1238	-0.044581619335543	0.652346374604431	-1.52502009730948	1.31938750024423
tora1259	-0.150755676612167	0.640522288204446	-1.70830201390003	1.03138885988856
tosk1239	0.0612520948510064	0.65854572628954	-1.29326138146931	1.5432228984424
tote1238	0.0221003762268872	0.671256347333884	-1.39725093717648	1.51882484046354
toto1302	-0.0823213667871351	0.680366682267434	-1.68125297819789	1.27452902756122
touo1238	0.201438426487139	0.661342444808077	-0.992298437574735	1.86429050848897
trin1274	0.196295443160704	0.694969185987125	-1.0173327186487	1.93704247298374
trio1238	-0.013383145483272	0.689557572950181	-1.48868887563116	1.45449609375671
trum1247	-0.0544153103015642	0.682891903340251	-1.65652101719579	1.38345623674987
tsam1247	0.0572085146674262	0.640829604506948	-1.20371233431534	1.59288413194811
tsat1238	-0.260269417284587	0.70387314116973	-2.1193778501931	0.880136157356684
tsha1245	-0.0546881864702283	0.66921273813481	-1.61390530913445	1.33514899887198
tsis1238	0.0498362705533537	0.65974050796705	-1.32517390020477	1.565182606013
tsix1234	0.00536546661168174	0.662825076759702	-1.51109946482547	1.46829893823804
tsog1243	0.0323459278373519	0.667651819759579	-1.37546182767868	1.53713552614389
tson1249	0.0136851854947508	0.69002257763367	-1.41313267528416	1.54151357687421
tswa1253	-0.0190704654725323	0.677463059015562	-1.51087525860592	1.39694765719206
tswa1255	0.0100371967225927	0.690305181769259	-1.54022458952246	1.50001824457322
tuba1278	0.252340516872802	0.691887527949415	-0.917369811556167	2.05700086971992
tuca1252	-0.069329769515008	0.643960840122484	-1.57182402587278	1.23913926397978
tuge1241	0.106393158582621	0.671985047089563	-1.17496244844135	1.6885839050754
tugu1245	-0.186099118312305	0.683810628000488	-1.91987252299436	1.00232457626163
tuka1248	-0.0957362012448301	0.648788110517217	-1.64871389670308	1.18739482765945
tuki1240	0.153928455575814	0.65948636743296	-1.04870390236459	1.81835620167755
tula1252	0.199202790455452	0.641356688042918	-0.930563412501586	1.80607695524876
tulu1258	-0.0134591971066435	0.678404616101364	-1.53882759328078	1.40887624616435
tumu1242	-0.208469409769997	0.704512728650421	-2.02901495190857	1.05156301227361
tune1261	0.0590813533851068	0.657710098230522	-1.28282217917609	1.5887328795932
tung1290	-0.0205686929583235	0.65171973596786	-1.55653741083542	1.30567473655534
tunn1238	-0.200127603700277	0.684448005163169	-1.9898370071919	0.944313130799004
turk1303	0.0297857097402391	0.6800575151618	-1.43759375864351	1.54023379868123
turk1304	-0.00283900541753861	0.661169804410055	-1.45533702760222	1.47839533990937
turk1308	-0.320409600017283	0.741227544461081	-2.28199017440964	0.7998707660881
tusc1257	-0.00476361223598379	0.663384261205629	-1.45667324615401	1.45813832620084
tutu1241	0.261725106020707	0.645727218179242	-0.787216449177815	1.91735577681433
tuva1244	-0.107703049338558	0.637025155386714	-1.60567528532066	1.1202232864189
tuvi1240	-0.00291672106124197	0.700928892447814	-1.52333198293494	1.52867217673615
tuwa1243	0.18223297178035	0.659332834241967	-0.983349424472806	1.85760515830581
tuwu1238	-0.256562397408387	0.706218413107921	-2.11768590237673	0.869082324104436
ubir1237	-0.344893429055427	0.77321446402741	-2.35995275372024	0.786128828968288
udih1248	-0.015091659735174	0.67243711278646	-1.48714442953946	1.47796722239521
udii1243	-0.00775248211905227	0.651377520935437	-1.50640378290003	1.41575753771807
uduk1239	0.0293855058042103	0.675077756088167	-1.37790278301944	1.5124282634215
ughe1237	0.206777865481503	0.660341258662615	-0.950632321771526	1.88858790523367
ugon1239	0.0142170453111844	0.684502872940916	-1.46694944559716	1.47223488688555
ukaa1243	-0.145863901613568	0.665841489944542	-1.77542324787847	1.11244871286229
ukra1253	-0.00523404927720554	0.690036045237339	-1.4790604166999	1.4637425575413
ulch1241	-0.00983195713833845	0.678499445906006	-1.52766008528204	1.48292773825314
ulit1238	0.272779945011064	0.704641927503104	-0.859340694055349	2.04610572654009
ulwa1239	-0.0202108331203253	0.664297920717281	-1.52363665859951	1.4342061805628
umaa1242	-0.0374576795763654	0.642381880436979	-1.43768992735015	1.2942578409517
umbu1257	0.0372813046704688	0.655399218592052	-1.31523852030406	1.58490092526812
umbu1258	-0.148988811070826	0.676616186642195	-1.8281152574972	1.12104632326829
umes1235	-0.00167849124910548	0.657571335391859	-1.45629469623657	1.41310425110004
unua1237	0.21583353938225	0.60713332998991	-0.793973555271703	1.72087514943324
uppe1275	0.404423241311581	0.760808320411894	-0.681412532209022	2.40532305429376
urak1238	-0.025086570626538	0.646759726167302	-1.46712713373012	1.32766260785922
urar1246	-0.0504311952362051	0.689392097815051	-1.57775771557497	1.4150261413658
urav1235	0.168979696943652	0.640618008957844	-0.960542824931372	1.76719821088016
urim1252	0.00947056565139669	0.651757675973294	-1.43079663045661	1.44659179017835
urip1239	0.258846368475175	0.63042299287703	-0.785241551468336	1.84904563045106
urni1239	-0.0180843610909263	0.675984960355656	-1.52234841328983	1.45898239349937
utes1238	-0.0605868261713965	0.672934443414538	-1.67694593439116	1.30435634220177
uuuu1243	0.0393840469816207	0.654443457824799	-1.36121610180229	1.56913492467169
vano1237	0.351692639964065	0.742960395795883	-0.715936182094458	2.31685377898449
veps1250	-0.00227029058414819	0.664618353896591	-1.4543352884151	1.49221044529804
vera1241	0.252555229331978	0.669488308137246	-0.79522577479319	1.92761848915215
viem1243	-0.0830676463593898	0.642342984621359	-1.59826297900568	1.20298500296826
viet1252	-0.244011296118689	0.712894119976602	-2.07096259506677	0.917091546839425
vinm1237	0.225317209304913	0.611034642135462	-0.798631800663391	1.71701262129167
voti1245	0.000491161914276372	0.716084515464718	-1.56205700358482	1.50376187611933
vunj1238	0.0899440257619722	0.64234224982231	-1.22146274183374	1.62428349725164
vure1239	0.251344548201757	0.669838596465321	-0.802824647628864	1.93879293386907
vwan1235	-0.251102908059236	0.692465594559337	-2.03239995592814	0.82968841476649
wadj1254	0.0948742390479221	0.665668163185685	-1.1827142813923	1.6812252461501
waga1260	-0.0153795501615873	0.638957199076841	-1.40033256944879	1.36245468050518
wage1238	0.0389611463962846	0.656453969934981	-1.3420346030946	1.49677923378493
waig1244	-0.183942282071781	0.708980568815741	-1.94931977296258	1.08340347095959
waim1251	-0.305436046473171	0.749848465084771	-2.27960007604347	0.85731033883899
waim1252	-0.246716398523528	0.700928608205049	-2.12527150570997	0.879948045019743
waim1253	-0.0219788753833587	0.682775294562976	-1.55940459411335	1.45192974491864
waiw1244	-0.0282708274452899	0.660586457755068	-1.56349086295751	1.33567527010006
waja1257	0.16887889187936	0.678657893205581	-1.04911736783951	1.85811485053315
waja1259	0.176651041374365	0.625229061196253	-0.953521078747999	1.72510480048562
waka1274	-0.062463298319109	0.676318099775752	-1.64581934678036	1.40534878360536
wala1266	0.177911219748062	0.643804921587562	-0.970347770896537	1.78382584654094
wall1257	-0.0845961118527643	0.675190202191967	-1.72015978267964	1.21278866399016
walm1241	-0.0369473278004637	0.654340955627756	-1.51968263292063	1.31083558295456
wamb1257	-0.110397342898234	0.653693845064881	-1.70412782953302	1.20185467633187
wand1267	-0.031653206904249	0.626907011715723	-1.43848123644877	1.31843021810383
wand1278	0.11001932961291	0.639592093443151	-1.18493310076343	1.66977973049575
wann1242	-0.0800008138399914	0.673297451737344	-1.66384639551027	1.22779795001659
waor1240	-0.081531221319929	0.654100263710051	-1.61965577347167	1.2258598638268
wara1292	-0.318377679319385	0.723740653343868	-2.20006245857359	0.78416517396805
wara1294	-0.0253941629925026	0.693189171689288	-1.57325326716017	1.40391614935952
wara1300	-0.182198760746568	0.677920946114765	-1.91182752573301	1.08439708882646
wara1303	-0.0532185899642426	0.679644747112021	-1.62511264343795	1.33820146325339
ward1246	-0.0266828055877569	0.667141779575545	-1.52986200969084	1.41467741253825
ware1253	-0.121772635716363	0.652941312016757	-1.69457017829203	1.13612769476888
ware1255	-0.0815601105537355	0.670607475436694	-1.62343823591263	1.27034519238666
wari1268	0.137613293345647	0.695691087545317	-1.15971025564601	1.84905318068549
warj1242	0.00241289730313074	0.661430060063464	-1.41874654037738	1.50232056205288
waro1242	-0.114674342795603	0.666238190473839	-1.72309883482125	1.12652098486445
warr1255	-0.0952066139966866	0.668400453685656	-1.70068142379206	1.21404138899035
waru1265	-0.0369753503906594	0.669235663175525	-1.55036414826691	1.3803568424879
wash1253	-0.08908910148123	0.668371316399868	-1.66766824877549	1.22381788706797
wawa1246	-0.0593518460029227	0.649544524065881	-1.48888839442108	1.30771170202937
waya1269	-0.0287453347133097	0.686016272891998	-1.5969113918754	1.44461501719523
wayu1241	-0.107700636825079	0.654288490701122	-1.67166990286248	1.19717929357718
wayu1243	0.262089224102809	0.708066223869639	-0.875715623869705	2.08718759203999
wels1247	0.133438558596692	0.681693576278007	-1.13349383380398	1.80601725454908
weri1253	-0.35560287431065	0.783290432087693	-2.41447714448514	0.785984970729942
west2354	-0.0787360312792371	0.681510252161999	-1.61766476880855	1.26444319496337
west2369	0.142159765824555	0.677491817682478	-1.14724021774593	1.83818711238145
west2386	-0.0441697727024478	0.669135120961874	-1.50871703177009	1.29563792257273
west2392	-0.0112980246498305	0.677929033795745	-1.58615418686979	1.44027910772386
west2396	-0.0251236029178326	0.640161947756136	-1.47704726519542	1.35371342462589
west2397	0.0910394188917405	0.68548609581379	-1.29736951592296	1.68234870697207
west2415	-0.10333487415049	0.673014122809981	-1.70166316082076	1.23049759493983
west2418	-0.0151230650512635	0.646177925708059	-1.46421555429729	1.37499249829255
west2441	0.103735840037995	0.642792197448221	-1.14288346811663	1.6741887176381
west2466	-0.315642956259995	0.718021384421151	-2.20448593331702	0.767648376154912
west2516	0.195414122369399	0.623012532647981	-0.872393157215901	1.78543185270499
west2519	0.0127949370192365	0.630568031746669	-1.36301199855113	1.43724372183814
west2548	-0.158139714969445	0.655937346863199	-1.80991856992561	1.0415352016988
west2555	0.0949956889645102	0.619221419603279	-1.1284513718557	1.54755711628032
west2557	0.128021832380285	0.678766375486221	-1.09255164224237	1.74970962099862
west2560	0.175432254553678	0.678100876849357	-1.03715586704424	1.8833541065286
west2564	0.201001337346498	0.679144471719859	-0.983411230646128	1.99624730678209
west2594	-0.0384937655276013	0.675006894960236	-1.62890033951767	1.39034378815724
west2600	-0.0806913035040809	0.685432301175025	-1.67659107104625	1.32696426243308
west2615	-0.0701178959155744	0.664624772212005	-1.61019526904598	1.2971632063126
west2618	-0.103297453769367	0.663672664242451	-1.67289540022739	1.20084250905087
west2632	0.104964445414626	0.697562120557336	-1.25545890095554	1.81511460782277
west2635	0.21471897394388	0.701767957431576	-1.01943184992605	1.97560237576251
west2644	0.149899217180363	0.671010949903498	-1.06749854404419	1.81136907942494
west2650	0.110090088684671	0.680008367798985	-1.22487678484272	1.75316740163698
west2763	-0.181163566454763	0.69157337153761	-1.96312271565998	1.0340953973062
west2778	0.0880661092547509	0.634666511528288	-1.11640238148856	1.60512398449456
whit1269	0.134895519260857	0.628756820009334	-1.02532119836631	1.68117890636298
wikm1247	0.237061972197918	0.716928055432034	-0.935631267114543	2.05724397693943
wiru1244	-0.124757366787054	0.663302329884001	-1.70240847388749	1.1412359608308
woii1237	-0.0749314445103355	0.657668256362973	-1.62316633030646	1.26470623875279
wola1242	-0.0474665197245381	0.669403234871737	-1.62904223243764	1.34448572337984
wola1253	-0.139069994132943	0.659736240671475	-1.78192656067262	1.12930952473543
wole1240	0.200487210742008	0.674261797087661	-0.900937030574574	1.91985990581054
woli1241	-0.200771511535256	0.679809216888954	-1.94748339681701	0.950790228671435
wood1236	-0.0019075475530797	0.679763272395097	-1.48952375792671	1.51642979818028
wotu1240	0.142018703783542	0.665381540100011	-1.09898356139442	1.71305642056642
woun1238	-0.071407275181555	0.664837137010785	-1.5706887201741	1.30660080254582
wuch1236	-0.0395472235296754	0.658160090623899	-1.52033291171087	1.34971256859808
wudi1238	-0.00734510589902522	0.685246303282843	-1.57737890419261	1.49358879108855
wuna1249	-0.0242910318735768	0.679387367219549	-1.55338676072477	1.43530644839948
wusa1235	-0.00975571309021181	0.683800824709845	-1.46883907171514	1.50722208530714
wutu1241	0.0533982079845249	0.662412898117108	-1.33051514795132	1.5734878815887
wuvu1239	0.185235641397446	0.678608131105616	-1.02719960713049	1.91485449295044
wyan1247	-0.0129336312600173	0.663089687673867	-1.46665928179082	1.4060543899852
xamt1239	-0.134387459360908	0.654407845084252	-1.70664354886186	1.07534689891749
xara1244	0.0335508707045304	0.612101640284624	-1.22595628900015	1.36330591886891
xava1240	-0.0287678079906909	0.704116033380556	-1.58551723668672	1.45355926678885
xhos1239	0.0409637615010495	0.67802377347144	-1.38698239343488	1.54063615060205
xish1235	-0.0287391955012869	0.674652357553783	-1.51985005885135	1.39340189337034
xokl1240	-0.025866367845556	0.670823852437754	-1.55212531894467	1.39508261738549
yaak1241	0.156730632523218	0.674157686073404	-1.04107356115956	1.85139808948252
yaey1239	0.0172153817234905	0.687460091672305	-1.51827449569228	1.45888455675842
yagu1244	-0.00246185564587827	0.668514619159035	-1.51605532901816	1.45039193780216
yaka1269	-0.212441948900852	0.692800321303086	-1.93359145840849	0.95615201024555
yaka1272	0.157098503036902	0.684282648807098	-1.1124588406222	1.81304525391079
yaka1277	0.0992572212196203	0.662060587745863	-1.24138709032482	1.65874519218751
yaki1237	-0.0605591421200967	0.691784398830296	-1.65957554798388	1.35129888562201
yakk1236	-0.0894379733943513	0.656357490595053	-1.63073339657045	1.21638726779578
yako1252	0.0935467061571014	0.648657797196762	-1.22916508412116	1.62959331680131
yaku1245	-0.00728559257299372	0.708281889135826	-1.57562906926574	1.52620728221078
yala1266	-0.271550419249042	0.715911837724959	-2.13829746669383	0.887729816248791
yale1246	0.0188506739508187	0.637386976646232	-1.33619769691996	1.39263552426699
yama1264	-0.0166807529127113	0.693002892691535	-1.55064859504193	1.43632046747389
yami1254	0.0893735672637841	0.659526319915554	-1.18480393039558	1.67398911827699
yami1256	-0.0366683456771818	0.690234185782889	-1.60971829552916	1.38599107061379
yand1253	0.163683079188595	0.6814133428347	-1.05902542050872	1.84998344700316
yane1238	0.0684083049807823	0.654900235307171	-1.25986555064903	1.55592406707238
yank1247	-0.0681247883116756	0.682730214420648	-1.65295431393016	1.28715769953852
yano1261	-0.0255461175443435	0.663946176372896	-1.53268355500898	1.34795909437099
yano1262	-0.0378159061888151	0.668484493898429	-1.6072101295584	1.39998955927871
yaoo1241	0.0130348012844431	0.683163729712609	-1.49201286927595	1.55426923009638
yaou1238	-0.0554147659173559	0.677444288017641	-1.66646985998077	1.33635599984469
yape1248	0.251050691285704	0.73086837302133	-0.947473781643281	2.16822462490652
yapu1240	0.0262342633729093	0.652891384421399	-1.39207112960748	1.4964877388074
yaqu1251	-0.091366394249408	0.654005042023205	-1.62424705251023	1.23529879899671
yare1248	-0.341444684482713	0.765883073100082	-2.42218183379312	0.757509775650309
yasa1242	0.102363835717114	0.677766398091357	-1.23233453084531	1.71105295750966
yatz1235	0.213547488579589	0.69236384125362	-0.980309662242108	1.9238254286948
yaul1241	-0.124889651453979	0.66503136773667	-1.73038618589641	1.1715280318065
yaum1237	-0.225817700053252	0.639043868940733	-1.86749875740992	0.848261024684281
yawa1261	-0.0694266896936914	0.674050443142788	-1.65252939445643	1.32376150510927
yawu1244	0.219591441868914	0.710402155438699	-0.994059977947396	2.00887968381164
yecu1235	0.192943606582366	0.675828316347241	-1.04992043442482	1.86624666072085
yele1255	-0.0744252792360229	0.683239431754212	-1.65591164335029	1.31383191629163
yems1235	-0.0943577321047529	0.646371423240708	-1.64583731760478	1.19200381720251
yidi1250	-0.162752558691774	0.689973205228207	-1.87196885138804	1.11547946701839
yinc1238	-0.0100247493587643	0.665831899477606	-1.44478232749951	1.38531595836811
yind1247	0.0627229471464354	0.63262859559261	-1.22704971210606	1.53899716098644
yoga1237	0.176622784146926	0.667164210210113	-1.02160025011813	1.85128696477451
yoku1256	-0.0235638948743977	0.691466680630609	-1.53882786579276	1.42208589244203
yona1241	0.0611953362627463	0.676581642447282	-1.38812745157082	1.60585553892335
yong1270	-0.0537288287582611	0.658502906870192	-1.6109865754674	1.32862268738191
yong1280	-0.130623730500126	0.665493908228015	-1.70636066919985	1.14415610963514
yora1241	-0.111980135664507	0.670095233473622	-1.73364243634384	1.19418394598226
youl1235	0.0418248919865895	0.642905272927825	-1.32914326660002	1.50280328188601
youn1235	0.081505287941176	0.69634226225684	-1.3743492485355	1.68148668615248
yuca1254	0.0732022319327927	0.67198859040254	-1.33437237744407	1.65668135819433
yuch1247	-0.0298330126532746	0.667130365041958	-1.59704476797161	1.33142276181662
yucu1253	0.0146934419873488	0.641774389726767	-1.33645162706046	1.4849463256791
yuec1235	-0.0837265072679202	0.656754892419533	-1.61646876793176	1.22481261387992
yukp1241	0.130346488235944	0.699150160967131	-1.26625571290908	1.85410770128813
yulp1239	0.358374606526307	0.737055871879198	-0.698151447811875	2.27221184332979
yulu1243	0.0669514446129447	0.660687894394352	-1.31208587475967	1.59577611918825
yuqu1240	0.0289534747686872	0.656363127490322	-1.36092256050766	1.51572927962781
yura1255	0.0370733873817569	0.664291097374689	-1.34217591287322	1.52736133483618
zaba1237	0.248259548046827	0.65572882861515	-0.858684668542811	1.92091966006326
zaca1241	0.40362695025495	0.762165803378563	-0.65253137188482	2.40247463592836
zaca1242	0.142014269344291	0.664288499988153	-1.05000290343613	1.77120340630046
zagh1240	0.013819947278713	0.694678062145345	-1.4869681105031	1.57382060376925
zaiw1241	-7.1952111837322e-05	0.663983679746445	-1.44937605670501	1.44938136970235
zakh1243	-0.057454730058852	0.656449578364705	-1.57600207089182	1.22835708154079
zamb1245	0.135813103841369	0.661304160642658	-1.13698566682761	1.73757018857408
zand1248	-0.139544081159802	0.674893146649389	-1.78245453257867	1.05898257025941
zani1235	0.163902498190276	0.673335867810989	-1.08011307876677	1.7904600847666
zapa1253	-0.081125018344243	0.679048310601095	-1.67175850816457	1.27010017340076
zarm1239	-0.0155755200259661	0.669465092842167	-1.58228582731678	1.44797558844181
zaye1235	-0.0121914544875149	0.660643417732847	-1.46757465776527	1.38957614142051
zays1235	0.0203748333500214	0.653354916229974	-1.34909521875133	1.4590202796641
zeme1240	0.103076930461292	0.644756088549127	-1.15957244137502	1.65227958601458
zenz1235	0.152380235001385	0.672887937782794	-1.10337091242236	1.78079984396638
zhab1238	-0.0212657944243274	0.668869614613857	-1.48486055802273	1.42004086018558
zigu1244	-0.199201559343971	0.694331742034655	-1.98937952217921	0.985302675329005
zinz1238	0.0528801970780083	0.665313043635389	-1.33243928751633	1.5975264777563
zoog1238	0.216690363659788	0.695213152979849	-0.963269559496379	1.95107330077498
zulg1242	0.128918769993392	0.628514962698068	-1.10176281504788	1.64693120759624
zuni1245	0.000597487526838337	0.675192800140803	-1.51111047169835	1.43832175094351
