Steppingstone sampler:
        No Stones:                  100
        Start It:                   30300001
        It Per Stone:               10000
        Sample Freq:                1
        Dist:                       Beta(0.400000,1.000000)
Stone No	Power	N	Stone MLh	Running MLh
0	0.975187	7500	-57.297819	-57.297819
1	0.950747	7500	-56.437343	-113.735161
2	0.926679	7500	-55.582794	-169.317955
3	0.902980	7500	-54.729159	-224.047115
4	0.879648	7500	-53.882782	-277.929897
5	0.856682	7500	-53.040086	-330.969983
6	0.834079	7500	-52.201734	-383.171717
7	0.811838	7500	-51.366319	-434.538036
8	0.789957	7500	-50.542631	-485.080667
9	0.768433	7500	-49.713637	-534.794305
10	0.747266	7500	-48.894987	-583.689292
11	0.726452	7500	-48.076481	-631.765773
12	0.705989	7500	-47.265874	-679.031647
13	0.685877	7500	-46.461125	-725.492771
14	0.666112	7500	-45.655271	-771.148042
15	0.646693	7500	-44.859246	-816.007288
16	0.627618	7500	-44.072620	-860.079909
17	0.608884	7500	-43.282826	-903.362735
18	0.590490	7500	-42.499443	-945.862177
19	0.572433	7500	-41.725365	-987.587542
20	0.554712	7500	-40.948664	-1028.536206
21	0.537324	7500	-40.179146	-1068.715352
22	0.520268	7500	-39.416579	-1108.131931
23	0.503540	7500	-38.658552	-1146.790483
24	0.487139	7500	-37.900903	-1184.691385
25	0.471063	7500	-37.157734	-1221.849120
26	0.455310	7500	-36.414077	-1258.263197
27	0.439877	7500	-35.679589	-1293.942786
28	0.424762	7500	-34.936598	-1328.879384
29	0.409963	7500	-34.211727	-1363.091111
30	0.395478	7500	-33.493681	-1396.584791
31	0.381305	7500	-32.773151	-1429.357942
32	0.367440	7500	-32.062668	-1461.420610
33	0.353883	7500	-31.359528	-1492.780137
34	0.340630	7500	-30.654952	-1523.435089
35	0.327680	7500	-29.955544	-1553.390633
36	0.315030	7500	-29.265422	-1582.656055
37	0.302677	7500	-28.584484	-1611.240539
38	0.290619	7500	-27.902378	-1639.142917
39	0.278855	7500	-27.227702	-1666.370619
40	0.267381	7500	-26.558336	-1692.928955
41	0.256195	7500	-25.890451	-1718.819406
42	0.245294	7500	-25.235147	-1744.054553
43	0.234677	7500	-24.586632	-1768.641185
44	0.224340	7500	-23.943402	-1792.584588
45	0.214281	7500	-23.295188	-1815.879776
46	0.204498	7500	-22.667692	-1838.547468
47	0.194988	7500	-22.036260	-1860.583728
48	0.185749	7500	-21.418096	-1882.001824
49	0.176777	7500	-20.800572	-1902.802395
50	0.168070	7500	-20.198790	-1923.001186
51	0.159626	7500	-19.604615	-1942.605801
52	0.151441	7500	-18.996440	-1961.602240
53	0.143514	7500	-18.407460	-1980.009701
54	0.135841	7500	-17.814391	-1997.824092
55	0.128420	7500	-17.239175	-2015.063267
56	0.121247	7500	-16.680257	-2031.743524
57	0.114320	7500	-16.104702	-2047.848226
58	0.107637	7500	-15.550076	-2063.398302
59	0.101193	7500	-14.987486	-2078.385788
60	0.094986	7500	-14.453539	-2092.839327
61	0.089014	7500	-13.910508	-2106.749835
62	0.083273	7500	-13.385105	-2120.134939
63	0.077760	7500	-12.856247	-2132.991186
64	0.072472	7500	-12.347238	-2145.338424
65	0.067406	7500	-11.859775	-2157.198199
66	0.062558	7500	-11.349356	-2168.547555
67	0.057926	7500	-10.858446	-2179.406002
68	0.053506	7500	-10.381404	-2189.787405
69	0.049295	7500	-9.898059	-2199.685464
70	0.045289	7500	-9.771863	-2209.457327
71	0.041485	7500	-9.590299	-2219.047626
72	0.037880	7500	-8.612126	-2227.659752
73	0.034469	7500	-8.099544	-2235.759296
74	0.031250	7500	-7.695382	-2243.454678
75	0.028218	7500	-7.410742	-2250.865420
76	0.025370	7500	-7.720379	-2258.585799
77	0.022702	7500	-6.899252	-2265.485051
78	0.020209	7500	-6.677362	-2272.162413
79	0.017889	7500	-6.360943	-2278.523356
80	0.015736	7500	-5.871943	-2284.395298
81	0.013746	7500	-5.585558	-2289.980856
82	0.011916	7500	-5.109736	-2295.090593
83	0.010240	7500	-4.707382	-2299.797975
84	0.008714	7500	-4.323759	-2304.121734
85	0.007334	7500	-3.900076	-2308.021811
86	0.006093	7500	-3.576725	-2311.598535
87	0.004988	7500	-3.172354	-2314.770889
88	0.004013	7500	-2.869710	-2317.640599
89	0.003162	7500	-2.513558	-2320.154157
90	0.002430	7500	-2.197781	-2322.351939
91	0.001810	7500	-1.898019	-2324.249958
92	0.001296	7500	-1.655268	-2325.905226
93	0.000882	7500	-1.403207	-2327.308433
94	0.000559	7500	-1.086188	-2328.394621
95	0.000320	7500	-0.821899	-2329.216519
96	0.000156	7500	-0.574931	-2329.791450
97	0.000057	7500	-0.445235	-2330.236685
98	0.000010	7500	-0.192845	-2330.429530
99	0.000000	7500	-0.044741	-2330.474270
Log marginal likelihood:	-2330.474270
0	0.975187	7500	-56.296386	-56.296386
1	0.950747	7500	-55.449173	-111.745560
2	0.926679	7500	-54.612135	-166.357695
3	0.902980	7500	-53.775567	-220.133262
4	0.879648	7500	-52.944258	-273.077520
5	0.856682	7500	-52.115709	-325.193229
6	0.834079	7500	-51.292111	-376.485340
7	0.811838	7500	-50.472387	-426.957727
8	0.789957	7500	-49.655214	-476.612941
9	0.768433	7500	-48.847278	-525.460219
10	0.747266	7500	-48.041476	-573.501696
11	0.726452	7500	-47.240815	-620.742510
12	0.705989	7500	-46.442056	-667.184567
13	0.685877	7500	-45.646581	-712.831148
14	0.666112	7500	-44.862837	-757.693986
15	0.646693	7500	-44.077742	-801.771728
16	0.627618	7500	-43.299874	-845.071601
17	0.608884	7500	-42.526292	-887.597893
18	0.590490	7500	-41.760994	-929.358887
19	0.572433	7500	-40.992906	-970.351793
20	0.554712	7500	-40.233519	-1010.585312
21	0.537324	7500	-39.477903	-1050.063214
22	0.520268	7500	-38.735016	-1088.798231
23	0.503540	7500	-37.987074	-1126.785304
24	0.487139	7500	-37.243808	-1164.029113
25	0.471063	7500	-36.505420	-1200.534533
26	0.455310	7500	-35.777511	-1236.312044
27	0.439877	7500	-35.050727	-1271.362771
28	0.424762	7500	-34.333716	-1305.696487
29	0.409963	7500	-33.617377	-1339.313863
30	0.395478	7500	-32.909389	-1372.223252
31	0.381305	7500	-32.200491	-1404.423743
32	0.367440	7500	-31.499778	-1435.923521
33	0.353883	7500	-30.802564	-1466.726085
34	0.340630	7500	-30.120644	-1496.846729
35	0.327680	7500	-29.437167	-1526.283896
36	0.315030	7500	-28.755242	-1555.039138
37	0.302677	7500	-28.086753	-1583.125890
38	0.290619	7500	-27.412832	-1610.538722
39	0.278855	7500	-26.753942	-1637.292665
40	0.267381	7500	-26.093787	-1663.386451
41	0.256195	7500	-25.441159	-1688.827610
42	0.245294	7500	-24.798413	-1713.626023
43	0.234677	7500	-24.166395	-1737.792418
44	0.224340	7500	-23.523382	-1761.315800
45	0.214281	7500	-22.893573	-1784.209373
46	0.204498	7500	-22.271952	-1806.481325
47	0.194988	7500	-21.655293	-1828.136618
48	0.185749	7500	-21.044015	-1849.180633
49	0.176777	7500	-20.438160	-1869.618793
50	0.168070	7500	-19.836395	-1889.455188
51	0.159626	7500	-19.246391	-1908.701579
52	0.151441	7500	-18.661714	-1927.363293
53	0.143514	7500	-18.080987	-1945.444280
54	0.135841	7500	-17.515493	-1962.959773
55	0.128420	7500	-16.939704	-1979.899478
56	0.121247	7500	-16.377361	-1996.276839
57	0.114320	7500	-15.822207	-2012.099046
58	0.107637	7500	-15.273305	-2027.372350
59	0.101193	7500	-14.729328	-2042.101678
60	0.094986	7500	-14.187378	-2056.289056
61	0.089014	7500	-13.664576	-2069.953633
62	0.083273	7500	-13.158170	-2083.111803
63	0.077760	7500	-12.659368	-2095.771171
64	0.072472	7500	-12.146600	-2107.917770
65	0.067406	7500	-11.631109	-2119.548880
66	0.062558	7500	-11.154014	-2130.702893
67	0.057926	7500	-10.656047	-2141.358940
68	0.053506	7500	-10.200480	-2151.559420
69	0.049295	7500	-9.719416	-2161.278836
70	0.045289	7500	-9.271439	-2170.550275
71	0.041485	7500	-8.840628	-2179.390903
72	0.037880	7500	-8.695097	-2188.086000
73	0.034469	7500	-8.633362	-2196.719362
74	0.031250	7500	-8.461211	-2205.180573
75	0.028218	7500	-7.562517	-2212.743090
76	0.025370	7500	-7.163716	-2219.906805
77	0.022702	7500	-7.365972	-2227.272778
78	0.020209	7500	-6.939095	-2234.211873
79	0.017889	7500	-6.476097	-2240.687970
80	0.015736	7500	-5.971739	-2246.659709
81	0.013746	7500	-5.359981	-2252.019690
82	0.011916	7500	-5.125979	-2257.145669
83	0.010240	7500	-4.701386	-2261.847054
84	0.008714	7500	-4.325721	-2266.172775
85	0.007334	7500	-3.906846	-2270.079622
86	0.006093	7500	-3.550272	-2273.629894
87	0.004988	7500	-3.187475	-2276.817369
88	0.004013	7500	-2.831929	-2279.649298
89	0.003162	7500	-2.522644	-2282.171942
90	0.002430	7500	-2.209867	-2284.381809
91	0.001810	7500	-1.913017	-2286.294826
92	0.001296	7500	-1.600869	-2287.895696
93	0.000882	7500	-1.327897	-2289.223592
94	0.000559	7500	-1.145319	-2290.368911
95	0.000320	7500	-0.850450	-2291.219361
96	0.000156	7500	-0.577229	-2291.796591
97	0.000057	7500	-0.385224	-2292.181815
98	0.000010	7500	-0.167802	-2292.349617
99	0.000000	7500	-0.041699	-2292.391316
Log marginal likelihood:	-2292.391316
0	0.975187	7500	-56.589732	-56.589732
1	0.950747	7500	-55.737953	-112.327685
2	0.926679	7500	-54.894597	-167.222282
3	0.902980	7500	-54.056260	-221.278542
4	0.879648	7500	-53.218511	-274.497053
5	0.856682	7500	-52.386131	-326.883184
6	0.834079	7500	-51.558414	-378.441598
7	0.811838	7500	-50.733329	-429.174927
8	0.789957	7500	-49.912997	-479.087924
9	0.768433	7500	-49.101577	-528.189501
10	0.747266	7500	-48.290919	-576.480420
11	0.726452	7500	-47.487359	-623.967780
12	0.705989	7500	-46.683957	-670.651736
13	0.685877	7500	-45.883629	-716.535365
14	0.666112	7500	-45.093024	-761.628389
15	0.646693	7500	-44.308759	-805.937148
16	0.627618	7500	-43.525909	-849.463057
17	0.608884	7500	-42.751979	-892.215037
18	0.590490	7500	-41.974140	-934.189177
19	0.572433	7500	-41.206134	-975.395311
20	0.554712	7500	-40.443293	-1015.838604
21	0.537324	7500	-39.682497	-1055.521101
22	0.520268	7500	-38.931191	-1094.452293
23	0.503540	7500	-38.183967	-1132.636259
24	0.487139	7500	-37.440425	-1170.076684
25	0.471063	7500	-36.699863	-1206.776546
26	0.455310	7500	-35.966648	-1242.743195
27	0.439877	7500	-35.235732	-1277.978927
28	0.424762	7500	-34.510794	-1312.489721
29	0.409963	7500	-33.793147	-1346.282868
30	0.395478	7500	-33.078138	-1379.361006
31	0.381305	7500	-32.370766	-1411.731771
32	0.367440	7500	-31.666522	-1443.398293
33	0.353883	7500	-30.969479	-1474.367772
34	0.340630	7500	-30.278634	-1504.646407
35	0.327680	7500	-29.594678	-1534.241085
36	0.315030	7500	-28.906825	-1563.147910
37	0.302677	7500	-28.228968	-1591.376878
38	0.290619	7500	-27.561654	-1618.938531
39	0.278855	7500	-26.890633	-1645.829165
40	0.267381	7500	-26.229572	-1672.058737
41	0.256195	7500	-25.578456	-1697.637192
42	0.245294	7500	-24.924928	-1722.562121
43	0.234677	7500	-24.275538	-1746.837659
44	0.224340	7500	-23.640293	-1770.477952
45	0.214281	7500	-23.011400	-1793.489352
46	0.204498	7500	-22.389961	-1815.879312
47	0.194988	7500	-21.768146	-1837.647458
48	0.185749	7500	-21.149095	-1858.796553
49	0.176777	7500	-20.549817	-1879.346370
50	0.168070	7500	-19.940228	-1899.286598
51	0.159626	7500	-19.343571	-1918.630169
52	0.151441	7500	-18.754669	-1937.384838
53	0.143514	7500	-18.176510	-1955.561348
54	0.135841	7500	-17.598018	-1973.159366
55	0.128420	7500	-17.025247	-1990.184613
56	0.121247	7500	-16.466222	-2006.650835
57	0.114320	7500	-15.911069	-2022.561904
58	0.107637	7500	-15.355830	-2037.917733
59	0.101193	7500	-14.801685	-2052.719418
60	0.094986	7500	-14.269540	-2066.988958
61	0.089014	7500	-13.737352	-2080.726310
62	0.083273	7500	-13.227392	-2093.953701
63	0.077760	7500	-12.701161	-2106.654863
64	0.072472	7500	-12.193681	-2118.848544
65	0.067406	7500	-11.715814	-2130.564357
66	0.062558	7500	-11.215054	-2141.779412
67	0.057926	7500	-10.718749	-2152.498161
68	0.053506	7500	-10.238200	-2162.736361
69	0.049295	7500	-9.772990	-2172.509351
70	0.045289	7500	-9.317975	-2181.827326
71	0.041485	7500	-8.879600	-2190.706926
72	0.037880	7500	-8.445428	-2199.152354
73	0.034469	7500	-7.990512	-2207.142867
74	0.031250	7500	-7.669545	-2214.812412
75	0.028218	7500	-7.489174	-2222.301586
76	0.025370	7500	-7.589415	-2229.891001
77	0.022702	7500	-7.262174	-2237.153175
78	0.020209	7500	-6.927593	-2244.080768
79	0.017889	7500	-6.433088	-2250.513856
80	0.015736	7500	-5.966149	-2256.480004
81	0.013746	7500	-5.422803	-2261.902808
82	0.011916	7500	-5.155575	-2267.058383
83	0.010240	7500	-4.717070	-2271.775452
84	0.008714	7500	-4.320674	-2276.096126
85	0.007334	7500	-3.962111	-2280.058237
86	0.006093	7500	-3.541996	-2283.600233
87	0.004988	7500	-3.229908	-2286.830141
88	0.004013	7500	-2.839525	-2289.669666
89	0.003162	7500	-2.561146	-2292.230812
90	0.002430	7500	-2.188753	-2294.419566
91	0.001810	7500	-1.911554	-2296.331120
92	0.001296	7500	-1.666890	-2297.998010
93	0.000882	7500	-1.372418	-2299.370428
94	0.000559	7500	-1.105377	-2300.475805
95	0.000320	7500	-0.888165	-2301.363969
96	0.000156	7500	-0.639178	-2302.003148
97	0.000057	7500	-0.381514	-2302.384662
98	0.000010	7500	-0.185939	-2302.570601
99	0.000000	7500	-0.045816	-2302.616417
Log marginal likelihood:	-2302.616417
0	0.975187	7500	-56.108846	-56.108846
1	0.950747	7500	-55.265349	-111.374195
2	0.926679	7500	-54.428062	-165.802257
3	0.902980	7500	-53.596848	-219.399105
4	0.879648	7500	-52.762519	-272.161625
5	0.856682	7500	-51.939831	-324.101456
6	0.834079	7500	-51.118815	-375.220271
7	0.811838	7500	-50.302382	-425.522652
8	0.789957	7500	-49.490332	-475.012984
9	0.768433	7500	-48.685204	-523.698188
10	0.747266	7500	-47.878438	-571.576626
11	0.726452	7500	-47.082430	-618.659056
12	0.705989	7500	-46.288813	-664.947868
13	0.685877	7500	-45.502610	-710.450478
14	0.666112	7500	-44.713286	-755.163764
15	0.646693	7500	-43.934521	-799.098286
16	0.627618	7500	-43.156159	-842.254444
17	0.608884	7500	-42.382654	-884.637098
18	0.590490	7500	-41.616155	-926.253253
19	0.572433	7500	-40.857424	-967.110677
20	0.554712	7500	-40.102802	-1007.213479
21	0.537324	7500	-39.346854	-1046.560333
22	0.520268	7500	-38.603648	-1085.163982
23	0.503540	7500	-37.856751	-1123.020733
24	0.487139	7500	-37.120386	-1160.141118
25	0.471063	7500	-36.386442	-1196.527561
26	0.455310	7500	-35.658931	-1232.186492
27	0.439877	7500	-34.941253	-1267.127745
28	0.424762	7500	-34.218452	-1301.346197
29	0.409963	7500	-33.507997	-1334.854194
30	0.395478	7500	-32.795661	-1367.649855
31	0.381305	7500	-32.090833	-1399.740688
32	0.367440	7500	-31.398102	-1431.138790
33	0.353883	7500	-30.706962	-1461.845752
34	0.340630	7500	-30.018682	-1491.864435
35	0.327680	7500	-29.335844	-1521.200279
36	0.315030	7500	-28.661584	-1549.861863
37	0.302677	7500	-27.990064	-1577.851926
38	0.290619	7500	-27.324991	-1605.176917
39	0.278855	7500	-26.665154	-1631.842071
40	0.267381	7500	-26.011235	-1657.853305
41	0.256195	7500	-25.361618	-1683.214923
42	0.245294	7500	-24.718603	-1707.933526
43	0.234677	7500	-24.079988	-1732.013514
44	0.224340	7500	-23.442379	-1755.455893
45	0.214281	7500	-22.820670	-1778.276563
46	0.204498	7500	-22.202958	-1800.479521
47	0.194988	7500	-21.587725	-1822.067246
48	0.185749	7500	-20.975785	-1843.043031
49	0.176777	7500	-20.379730	-1863.422761
50	0.168070	7500	-19.786277	-1883.209038
51	0.159626	7500	-19.189918	-1902.398956
52	0.151441	7500	-18.592269	-1920.991225
53	0.143514	7500	-18.020128	-1939.011353
54	0.135841	7500	-17.447785	-1956.459138
55	0.128420	7500	-16.881597	-1973.340735
56	0.121247	7500	-16.324880	-1989.665615
57	0.114320	7500	-15.761206	-2005.426821
58	0.107637	7500	-15.214210	-2020.641031
59	0.101193	7500	-14.694349	-2035.335380
60	0.094986	7500	-14.164681	-2049.500061
61	0.089014	7500	-13.649741	-2063.149802
62	0.083273	7500	-13.113217	-2076.263019
63	0.077760	7500	-12.591555	-2088.854574
64	0.072472	7500	-12.096465	-2100.951039
65	0.067406	7500	-11.603544	-2112.554583
66	0.062558	7500	-11.109060	-2123.663643
67	0.057926	7500	-10.622248	-2134.285890
68	0.053506	7500	-10.144770	-2144.430661
69	0.049295	7500	-9.693835	-2154.124496
70	0.045289	7500	-9.264970	-2163.389466
71	0.041485	7500	-8.781186	-2172.170652
72	0.037880	7500	-8.339875	-2180.510527
73	0.034469	7500	-7.958376	-2188.468903
74	0.031250	7500	-7.914912	-2196.383816
75	0.028218	7500	-7.124367	-2203.508182
76	0.025370	7500	-6.954611	-2210.462794
77	0.022702	7500	-7.301305	-2217.764098
78	0.020209	7500	-6.965788	-2224.729886
79	0.017889	7500	-6.506090	-2231.235977
80	0.015736	7500	-6.027490	-2237.263467
81	0.013746	7500	-5.603872	-2242.867339
82	0.011916	7500	-5.172181	-2248.039519
83	0.010240	7500	-4.725689	-2252.765208
84	0.008714	7500	-4.338659	-2257.103867
85	0.007334	7500	-3.971582	-2261.075449
86	0.006093	7500	-3.572282	-2264.647731
87	0.004988	7500	-3.133895	-2267.781625
88	0.004013	7500	-2.867077	-2270.648703
89	0.003162	7500	-2.551771	-2273.200474
90	0.002430	7500	-2.249582	-2275.450056
91	0.001810	7500	-1.891237	-2277.341293
92	0.001296	7500	-1.630616	-2278.971910
93	0.000882	7500	-1.407902	-2280.379812
94	0.000559	7500	-1.043304	-2281.423116
95	0.000320	7500	-0.822678	-2282.245794
96	0.000156	7500	-0.634197	-2282.879991
97	0.000057	7500	-0.399518	-2283.279509
98	0.000010	7500	-0.179449	-2283.458958
99	0.000000	7500	-0.039948	-2283.498905
Log marginal likelihood:	-2283.498905
0	0.975187	7500	-56.070805	-56.070805
1	0.950747	7500	-55.224787	-111.295592
2	0.926679	7500	-54.389470	-165.685062
3	0.902980	7500	-53.558108	-219.243170
4	0.879648	7500	-52.732085	-271.975255
5	0.856682	7500	-51.902119	-323.877374
6	0.834079	7500	-51.083440	-374.960814
7	0.811838	7500	-50.269939	-425.230754
8	0.789957	7500	-49.452221	-474.682975
9	0.768433	7500	-48.651127	-523.334102
10	0.747266	7500	-47.846725	-571.180827
11	0.726452	7500	-47.048167	-618.228995
12	0.705989	7500	-46.256834	-664.485829
13	0.685877	7500	-45.464649	-709.950478
14	0.666112	7500	-44.679389	-754.629866
15	0.646693	7500	-43.900778	-798.530644
16	0.627618	7500	-43.125750	-841.656394
17	0.608884	7500	-42.357377	-884.013771
18	0.590490	7500	-41.594825	-925.608596
19	0.572433	7500	-40.830865	-966.439461
20	0.554712	7500	-40.074628	-1006.514089
21	0.537324	7500	-39.321470	-1045.835558
22	0.520268	7500	-38.576801	-1084.412359
23	0.503540	7500	-37.832114	-1122.244473
24	0.487139	7500	-37.093809	-1159.338282
25	0.471063	7500	-36.362786	-1195.701068
26	0.455310	7500	-35.635774	-1231.336842
27	0.439877	7500	-34.914273	-1266.251115
28	0.424762	7500	-34.197335	-1300.448450
29	0.409963	7500	-33.482737	-1333.931187
30	0.395478	7500	-32.774344	-1366.705531
31	0.381305	7500	-32.073308	-1398.778839
32	0.367440	7500	-31.380205	-1430.159043
33	0.353883	7500	-30.683150	-1460.842194
34	0.340630	7500	-29.994506	-1490.836700
35	0.327680	7500	-29.314981	-1520.151681
36	0.315030	7500	-28.637662	-1548.789343
37	0.302677	7500	-27.968772	-1576.758115
38	0.290619	7500	-27.309193	-1604.067308
39	0.278855	7500	-26.646770	-1630.714078
40	0.267381	7500	-25.992545	-1656.706623
41	0.256195	7500	-25.341092	-1682.047715
42	0.245294	7500	-24.695312	-1706.743027
43	0.234677	7500	-24.059434	-1730.802461
44	0.224340	7500	-23.430102	-1754.232563
45	0.214281	7500	-22.805401	-1777.037964
46	0.204498	7500	-22.182695	-1799.220659
47	0.194988	7500	-21.562466	-1820.783125
48	0.185749	7500	-20.956515	-1841.739640
49	0.176777	7500	-20.355747	-1862.095387
50	0.168070	7500	-19.757704	-1881.853091
51	0.159626	7500	-19.162337	-1901.015429
52	0.151441	7500	-18.587894	-1919.603323
53	0.143514	7500	-18.005143	-1937.608466
54	0.135841	7500	-17.436265	-1955.044731
55	0.128420	7500	-16.878107	-1971.922839
56	0.121247	7500	-16.310352	-1988.233191
57	0.114320	7500	-15.756877	-2003.990067
58	0.107637	7500	-15.206824	-2019.196891
59	0.101193	7500	-14.677490	-2033.874382
60	0.094986	7500	-14.143103	-2048.017485
61	0.089014	7500	-13.615653	-2061.633138
62	0.083273	7500	-13.116122	-2074.749260
63	0.077760	7500	-12.595765	-2087.345025
64	0.072472	7500	-12.082245	-2099.427270
65	0.067406	7500	-11.585096	-2111.012366
66	0.062558	7500	-11.100307	-2122.112672
67	0.057926	7500	-10.623167	-2132.735840
68	0.053506	7500	-10.148126	-2142.883966
69	0.049295	7500	-9.676036	-2152.560002
70	0.045289	7500	-9.218921	-2161.778923
71	0.041485	7500	-8.759675	-2170.538598
72	0.037880	7500	-8.344256	-2178.882854
73	0.034469	7500	-7.940975	-2186.823828
74	0.031250	7500	-7.690961	-2194.514790
75	0.028218	7500	-7.902083	-2202.416873
76	0.025370	7500	-7.920209	-2210.337082
77	0.022702	7500	-7.403186	-2217.740268
78	0.020209	7500	-6.936418	-2224.676686
79	0.017889	7500	-6.475655	-2231.152342
80	0.015736	7500	-6.037835	-2237.190177
81	0.013746	7500	-5.430806	-2242.620983
82	0.011916	7500	-5.134093	-2247.755076
83	0.010240	7500	-4.701315	-2252.456391
84	0.008714	7500	-4.319506	-2256.775896
85	0.007334	7500	-3.891477	-2260.667373
86	0.006093	7500	-3.546864	-2264.214237
87	0.004988	7500	-3.203911	-2267.418148
88	0.004013	7500	-2.841946	-2270.260094
89	0.003162	7500	-2.508392	-2272.768485
90	0.002430	7500	-2.200921	-2274.969407
91	0.001810	7500	-1.900281	-2276.869687
92	0.001296	7500	-1.592911	-2278.462598
93	0.000882	7500	-1.370216	-2279.832814
94	0.000559	7500	-1.095670	-2280.928484
95	0.000320	7500	-0.899807	-2281.828290
96	0.000156	7500	-0.624421	-2282.452711
97	0.000057	7500	-0.390493	-2282.843204
98	0.000010	7500	-0.181757	-2283.024961
99	0.000000	7500	-0.040672	-2283.065633
Log marginal likelihood:	-2283.065633
0	0.975187	7500	-56.633985	-56.633985
1	0.950747	7500	-55.780989	-112.414974
2	0.926679	7500	-54.933793	-167.348767
3	0.902980	7500	-54.092373	-221.441140
4	0.879648	7500	-53.251859	-274.692999
5	0.856682	7500	-52.420664	-327.113664
6	0.834079	7500	-51.595026	-378.708689
7	0.811838	7500	-50.769992	-429.478682
8	0.789957	7500	-49.951439	-479.430121
9	0.768433	7500	-49.134713	-528.564834
10	0.747266	7500	-48.326114	-576.890948
11	0.726452	7500	-47.515334	-624.406283
12	0.705989	7500	-46.717606	-671.123888
13	0.685877	7500	-45.919156	-717.043044
14	0.666112	7500	-45.124957	-762.168001
15	0.646693	7500	-44.337050	-806.505051
16	0.627618	7500	-43.559303	-850.064354
17	0.608884	7500	-42.774821	-892.839174
18	0.590490	7500	-42.002796	-934.841971
19	0.572433	7500	-41.234130	-976.076101
20	0.554712	7500	-40.473431	-1016.549533
21	0.537324	7500	-39.715667	-1056.265199
22	0.520268	7500	-38.961797	-1095.226996
23	0.503540	7500	-38.207952	-1133.434948
24	0.487139	7500	-37.467504	-1170.902452
25	0.471063	7500	-36.724014	-1207.626466
26	0.455310	7500	-35.992857	-1243.619323
27	0.439877	7500	-35.262313	-1278.881636
28	0.424762	7500	-34.537825	-1313.419461
29	0.409963	7500	-33.819988	-1347.239448
30	0.395478	7500	-33.102107	-1380.341556
31	0.381305	7500	-32.397339	-1412.738895
32	0.367440	7500	-31.689079	-1444.427974
33	0.353883	7500	-30.991671	-1475.419645
34	0.340630	7500	-30.297514	-1505.717159
35	0.327680	7500	-29.609411	-1535.326570
36	0.315030	7500	-28.922597	-1564.249167
37	0.302677	7500	-28.248065	-1592.497233
38	0.290619	7500	-27.579532	-1620.076765
39	0.278855	7500	-26.911427	-1646.988192
40	0.267381	7500	-26.249481	-1673.237672
41	0.256195	7500	-25.601273	-1698.838945
42	0.245294	7500	-24.945513	-1723.784458
43	0.234677	7500	-24.300439	-1748.084897
44	0.224340	7500	-23.661970	-1771.746867
45	0.214281	7500	-23.026476	-1794.773343
46	0.204498	7500	-22.400573	-1817.173916
47	0.194988	7500	-21.785407	-1838.959323
48	0.185749	7500	-21.168887	-1860.128210
49	0.176777	7500	-20.560587	-1880.688797
50	0.168070	7500	-19.954581	-1900.643378
51	0.159626	7500	-19.364100	-1920.007478
52	0.151441	7500	-18.775421	-1938.782899
53	0.143514	7500	-18.185434	-1956.968333
54	0.135841	7500	-17.622536	-1974.590870
55	0.128420	7500	-17.038193	-1991.629062
56	0.121247	7500	-16.467758	-2008.096820
57	0.114320	7500	-15.910572	-2024.007392
58	0.107637	7500	-15.361798	-2039.369190
59	0.101193	7500	-14.838070	-2054.207260
60	0.094986	7500	-14.286369	-2068.493629
61	0.089014	7500	-13.756906	-2082.250535
62	0.083273	7500	-13.239587	-2095.490122
63	0.077760	7500	-12.720023	-2108.210145
64	0.072472	7500	-12.201611	-2120.411756
65	0.067406	7500	-11.713622	-2132.125378
66	0.062558	7500	-11.218381	-2143.343759
67	0.057926	7500	-10.728104	-2154.071864
68	0.053506	7500	-10.232723	-2164.304587
69	0.049295	7500	-9.780343	-2174.084930
70	0.045289	7500	-9.302415	-2183.387345
71	0.041485	7500	-8.890142	-2192.277486
72	0.037880	7500	-8.642120	-2200.919606
73	0.034469	7500	-8.738429	-2209.658035
74	0.031250	7500	-8.342314	-2218.000349
75	0.028218	7500	-7.734041	-2225.734390
76	0.025370	7500	-7.881965	-2233.616355
77	0.022702	7500	-7.012765	-2240.629120
78	0.020209	7500	-6.409749	-2247.038870
79	0.017889	7500	-6.400654	-2253.439524
80	0.015736	7500	-5.740643	-2259.180167
81	0.013746	7500	-5.528564	-2264.708731
82	0.011916	7500	-5.114991	-2269.823722
83	0.010240	7500	-4.739746	-2274.563468
84	0.008714	7500	-4.330811	-2278.894279
85	0.007334	7500	-3.929821	-2282.824100
86	0.006093	7500	-3.560478	-2286.384578
87	0.004988	7500	-3.208095	-2289.592673
88	0.004013	7500	-2.862398	-2292.455071
89	0.003162	7500	-2.516036	-2294.971107
90	0.002430	7500	-2.181670	-2297.152777
91	0.001810	7500	-1.928869	-2299.081647
92	0.001296	7500	-1.653105	-2300.734752
93	0.000882	7500	-1.314750	-2302.049502
94	0.000559	7500	-1.166851	-2303.216353
95	0.000320	7500	-0.919460	-2304.135814
96	0.000156	7500	-0.656455	-2304.792269
97	0.000057	7500	-0.433322	-2305.225590
98	0.000010	7500	-0.183100	-2305.408691
99	0.000000	7500	-0.041013	-2305.449703
Log marginal likelihood:	-2305.449703
0	0.975187	7500	-55.670252	-55.670252
1	0.950747	7500	-54.833325	-110.503576
2	0.926679	7500	-54.002712	-164.506289
3	0.902980	7500	-53.177381	-217.683669
4	0.879648	7500	-52.351526	-270.035195
5	0.856682	7500	-51.535652	-321.570847
6	0.834079	7500	-50.722718	-372.293565
7	0.811838	7500	-49.912489	-422.206054
8	0.789957	7500	-49.104307	-471.310361
9	0.768433	7500	-48.300343	-519.610704
10	0.747266	7500	-47.506000	-567.116704
11	0.726452	7500	-46.715891	-613.832596
12	0.705989	7500	-45.925346	-659.757942
13	0.685877	7500	-45.144258	-704.902200
14	0.666112	7500	-44.363998	-749.266198
15	0.646693	7500	-43.586945	-792.853144
16	0.627618	7500	-42.820583	-835.673726
17	0.608884	7500	-42.054746	-877.728472
18	0.590490	7500	-41.289619	-919.018091
19	0.572433	7500	-40.538755	-959.556846
20	0.554712	7500	-39.790897	-999.347744
21	0.537324	7500	-39.040438	-1038.388182
22	0.520268	7500	-38.300308	-1076.688490
23	0.503540	7500	-37.562221	-1114.250710
24	0.487139	7500	-36.832258	-1151.082968
25	0.471063	7500	-36.103537	-1187.186505
26	0.455310	7500	-35.385174	-1222.571679
27	0.439877	7500	-34.660438	-1257.232118
28	0.424762	7500	-33.950076	-1291.182193
29	0.409963	7500	-33.244954	-1324.427147
30	0.395478	7500	-32.540118	-1356.967265
31	0.381305	7500	-31.843764	-1388.811029
32	0.367440	7500	-31.150543	-1419.961572
33	0.353883	7500	-30.462321	-1450.423894
34	0.340630	7500	-29.778907	-1480.202800
35	0.327680	7500	-29.106303	-1509.309103
36	0.315030	7500	-28.437338	-1537.746441
37	0.302677	7500	-27.772984	-1565.519425
38	0.290619	7500	-27.114504	-1592.633929
39	0.278855	7500	-26.453230	-1619.087159
40	0.267381	7500	-25.804100	-1644.891259
41	0.256195	7500	-25.160743	-1670.052002
42	0.245294	7500	-24.521208	-1694.573210
43	0.234677	7500	-23.887045	-1718.460254
44	0.224340	7500	-23.265349	-1741.725603
45	0.214281	7500	-22.632800	-1764.358403
46	0.204498	7500	-22.031889	-1786.390292
47	0.194988	7500	-21.412332	-1807.802624
48	0.185749	7500	-20.806715	-1828.609339
49	0.176777	7500	-20.214149	-1848.823488
50	0.168070	7500	-19.615789	-1868.439277
51	0.159626	7500	-19.025861	-1887.465138
52	0.151441	7500	-18.457264	-1905.922401
53	0.143514	7500	-17.883591	-1923.805993
54	0.135841	7500	-17.308347	-1941.114340
55	0.128420	7500	-16.748746	-1957.863086
56	0.121247	7500	-16.205500	-1974.068586
57	0.114320	7500	-15.641152	-1989.709738
58	0.107637	7500	-15.109529	-2004.819268
59	0.101193	7500	-14.575747	-2019.395015
60	0.094986	7500	-14.048301	-2033.443316
61	0.089014	7500	-13.520128	-2046.963444
62	0.083273	7500	-13.014474	-2059.977918
63	0.077760	7500	-12.503390	-2072.481309
64	0.072472	7500	-11.994942	-2084.476250
65	0.067406	7500	-11.501340	-2095.977590
66	0.062558	7500	-11.026427	-2107.004017
67	0.057926	7500	-10.555882	-2117.559900
68	0.053506	7500	-10.076603	-2127.636503
69	0.049295	7500	-9.626732	-2137.263235
70	0.045289	7500	-10.101704	-2147.364939
71	0.041485	7500	-8.880128	-2156.245066
72	0.037880	7500	-8.696114	-2164.941180
73	0.034469	7500	-8.689830	-2173.631010
74	0.031250	7500	-8.200627	-2181.831637
75	0.028218	7500	-7.293936	-2189.125573
76	0.025370	7500	-6.948522	-2196.074095
77	0.022702	7500	-7.254677	-2203.328771
78	0.020209	7500	-6.674737	-2210.003508
79	0.017889	7500	-6.151216	-2216.154725
80	0.015736	7500	-5.974994	-2222.129719
81	0.013746	7500	-5.557305	-2227.687024
82	0.011916	7500	-5.013015	-2232.700039
83	0.010240	7500	-4.729936	-2237.429974
84	0.008714	7500	-4.327066	-2241.757041
85	0.007334	7500	-3.943975	-2245.701016
86	0.006093	7500	-3.519355	-2249.220371
87	0.004988	7500	-3.176719	-2252.397090
88	0.004013	7500	-2.839178	-2255.236268
89	0.003162	7500	-2.525418	-2257.761686
90	0.002430	7500	-2.183398	-2259.945084
91	0.001810	7500	-1.900240	-2261.845324
92	0.001296	7500	-1.649307	-2263.494632
93	0.000882	7500	-1.397667	-2264.892298
94	0.000559	7500	-1.166088	-2266.058386
95	0.000320	7500	-0.819685	-2266.878072
96	0.000156	7500	-0.681204	-2267.559275
97	0.000057	7500	-0.411355	-2267.970630
98	0.000010	7500	-0.168385	-2268.139015
99	0.000000	7500	-0.044063	-2268.183078
Log marginal likelihood:	-2268.183078
0	0.975187	7500	-55.830688	-55.830688
1	0.950747	7500	-54.987673	-110.818361
2	0.926679	7500	-54.154211	-164.972572
3	0.902980	7500	-53.329167	-218.301739
4	0.879648	7500	-52.499388	-270.801127
5	0.856682	7500	-51.682912	-322.484040
6	0.834079	7500	-50.860505	-373.344545
7	0.811838	7500	-50.052780	-423.397325
8	0.789957	7500	-49.246533	-472.643858
9	0.768433	7500	-48.442028	-521.085887
10	0.747266	7500	-47.639929	-568.725816
11	0.726452	7500	-46.843406	-615.569222
12	0.705989	7500	-46.053428	-661.622649
13	0.685877	7500	-45.264649	-706.887299
14	0.666112	7500	-44.493141	-751.380439
15	0.646693	7500	-43.711331	-795.091770
16	0.627618	7500	-42.935856	-838.027626
17	0.608884	7500	-42.172759	-880.200385
18	0.590490	7500	-41.411075	-921.611460
19	0.572433	7500	-40.657051	-962.268511
20	0.554712	7500	-39.901548	-1002.170060
21	0.537324	7500	-39.147360	-1041.317419
22	0.520268	7500	-38.407310	-1079.724729
23	0.503540	7500	-37.668823	-1117.393552
24	0.487139	7500	-36.930367	-1154.323920
25	0.471063	7500	-36.203460	-1190.527380
26	0.455310	7500	-35.481603	-1226.008983
27	0.439877	7500	-34.762387	-1260.771370
28	0.424762	7500	-34.048345	-1294.819715
29	0.409963	7500	-33.338525	-1328.158240
30	0.395478	7500	-32.636684	-1360.794924
31	0.381305	7500	-31.932003	-1392.726926
32	0.367440	7500	-31.245409	-1423.972336
33	0.353883	7500	-30.551270	-1454.523606
34	0.340630	7500	-29.871654	-1484.395260
35	0.327680	7500	-29.193545	-1513.588805
36	0.315030	7500	-28.521802	-1542.110607
37	0.302677	7500	-27.848803	-1569.959410
38	0.290619	7500	-27.189935	-1597.149345
39	0.278855	7500	-26.529144	-1623.678489
40	0.267381	7500	-25.884382	-1649.562871
41	0.256195	7500	-25.236498	-1674.799370
42	0.245294	7500	-24.587238	-1699.386608
43	0.234677	7500	-23.957234	-1723.343842
44	0.224340	7500	-23.330533	-1746.674375
45	0.214281	7500	-22.701300	-1769.375675
46	0.204498	7500	-22.086585	-1791.462260
47	0.194988	7500	-21.470610	-1812.932869
48	0.185749	7500	-20.864052	-1833.796921
49	0.176777	7500	-20.264819	-1854.061741
50	0.168070	7500	-19.672988	-1873.734729
51	0.159626	7500	-19.089447	-1892.824176
52	0.151441	7500	-18.514407	-1911.338583
53	0.143514	7500	-17.929557	-1929.268140
54	0.135841	7500	-17.366754	-1946.634894
55	0.128420	7500	-16.795169	-1963.430063
56	0.121247	7500	-16.245340	-1979.675403
57	0.114320	7500	-15.696744	-1995.372147
58	0.107637	7500	-15.155213	-2010.527360
59	0.101193	7500	-14.614973	-2025.142333
60	0.094986	7500	-14.074912	-2039.217245
61	0.089014	7500	-13.567667	-2052.784912
62	0.083273	7500	-13.038435	-2065.823347
63	0.077760	7500	-12.531195	-2078.354542
64	0.072472	7500	-12.042128	-2090.396670
65	0.067406	7500	-11.531333	-2101.928003
66	0.062558	7500	-11.044412	-2112.972415
67	0.057926	7500	-10.583616	-2123.556031
68	0.053506	7500	-10.115631	-2133.671662
69	0.049295	7500	-9.606337	-2143.277999
70	0.045289	7500	-9.193623	-2152.471622
71	0.041485	7500	-8.795545	-2161.267167
72	0.037880	7500	-8.351051	-2169.618217
73	0.034469	7500	-8.016389	-2177.634606
74	0.031250	7500	-7.453614	-2185.088220
75	0.028218	7500	-7.569701	-2192.657921
76	0.025370	7500	-6.743294	-2199.401215
77	0.022702	7500	-6.854982	-2206.256197
78	0.020209	7500	-6.924524	-2213.180720
79	0.017889	7500	-6.221546	-2219.402266
80	0.015736	7500	-5.955604	-2225.357871
81	0.013746	7500	-5.584823	-2230.942694
82	0.011916	7500	-5.065964	-2236.008658
83	0.010240	7500	-4.731556	-2240.740214
84	0.008714	7500	-4.338691	-2245.078905
85	0.007334	7500	-3.927937	-2249.006842
86	0.006093	7500	-3.564318	-2252.571160
87	0.004988	7500	-3.199917	-2255.771077
88	0.004013	7500	-2.864523	-2258.635600
89	0.003162	7500	-2.509995	-2261.145595
90	0.002430	7500	-2.196726	-2263.342321
91	0.001810	7500	-1.897852	-2265.240174
92	0.001296	7500	-1.601178	-2266.841352
93	0.000882	7500	-1.351527	-2268.192878
94	0.000559	7500	-1.076765	-2269.269643
95	0.000320	7500	-0.913193	-2270.182836
96	0.000156	7500	-0.624809	-2270.807645
97	0.000057	7500	-0.379328	-2271.186974
98	0.000010	7500	-0.192900	-2271.379873
99	0.000000	7500	-0.043620	-2271.423493
Log marginal likelihood:	-2271.423493
0	0.975187	7500	-55.826622	-55.826622
1	0.950747	7500	-54.987075	-110.813697
2	0.926679	7500	-54.156472	-164.970169
3	0.902980	7500	-53.326727	-218.296896
4	0.879648	7500	-52.500519	-270.797416
5	0.856682	7500	-51.682758	-322.480173
6	0.834079	7500	-50.864154	-373.344327
7	0.811838	7500	-50.051194	-423.395521
8	0.789957	7500	-49.240784	-472.636306
9	0.768433	7500	-48.441617	-521.077922
10	0.747266	7500	-47.641207	-568.719129
11	0.726452	7500	-46.847837	-615.566966
12	0.705989	7500	-46.054354	-661.621320
13	0.685877	7500	-45.270909	-706.892229
14	0.666112	7500	-44.492074	-751.384303
15	0.646693	7500	-43.710002	-795.094306
16	0.627618	7500	-42.937256	-838.031562
17	0.608884	7500	-42.172446	-880.204008
18	0.590490	7500	-41.408905	-921.612912
19	0.572433	7500	-40.650389	-962.263301
20	0.554712	7500	-39.898225	-1002.161526
21	0.537324	7500	-39.152687	-1041.314212
22	0.520268	7500	-38.403048	-1079.717260
23	0.503540	7500	-37.669467	-1117.386726
24	0.487139	7500	-36.934933	-1154.321659
25	0.471063	7500	-36.205904	-1190.527563
26	0.455310	7500	-35.483557	-1226.011120
27	0.439877	7500	-34.764260	-1260.775380
28	0.424762	7500	-34.050070	-1294.825450
29	0.409963	7500	-33.338723	-1328.164172
30	0.395478	7500	-32.636423	-1360.800595
31	0.381305	7500	-31.929927	-1392.730522
32	0.367440	7500	-31.240403	-1423.970925
33	0.353883	7500	-30.554551	-1454.525476
34	0.340630	7500	-29.868941	-1484.394416
35	0.327680	7500	-29.190071	-1513.584487
36	0.315030	7500	-28.516439	-1542.100926
37	0.302677	7500	-27.849577	-1569.950503
38	0.290619	7500	-27.190321	-1597.140824
39	0.278855	7500	-26.526324	-1623.667148
40	0.267381	7500	-25.880357	-1649.547505
41	0.256195	7500	-25.234401	-1674.781905
42	0.245294	7500	-24.586540	-1699.368445
43	0.234677	7500	-23.965897	-1723.334342
44	0.224340	7500	-23.325347	-1746.659689
45	0.214281	7500	-22.709614	-1769.369303
46	0.204498	7500	-22.079752	-1791.449055
47	0.194988	7500	-21.469939	-1812.918994
48	0.185749	7500	-20.863856	-1833.782849
49	0.176777	7500	-20.267827	-1854.050676
50	0.168070	7500	-19.671562	-1873.722238
51	0.159626	7500	-19.094965	-1892.817203
52	0.151441	7500	-18.503535	-1911.320738
53	0.143514	7500	-17.929043	-1929.249781
54	0.135841	7500	-17.370953	-1946.620734
55	0.128420	7500	-16.794732	-1963.415465
56	0.121247	7500	-16.241159	-1979.656625
57	0.114320	7500	-15.698769	-1995.355393
58	0.107637	7500	-15.147855	-2010.503248
59	0.101193	7500	-14.609249	-2025.112498
60	0.094986	7500	-14.083514	-2039.196012
61	0.089014	7500	-13.562259	-2052.758271
62	0.083273	7500	-13.041988	-2065.800259
63	0.077760	7500	-12.536486	-2078.336745
64	0.072472	7500	-12.037119	-2090.373864
65	0.067406	7500	-11.540246	-2101.914111
66	0.062558	7500	-11.058774	-2112.972885
67	0.057926	7500	-10.581600	-2123.554485
68	0.053506	7500	-10.128566	-2133.683050
69	0.049295	7500	-9.665954	-2143.349004
70	0.045289	7500	-9.183235	-2152.532239
71	0.041485	7500	-8.752945	-2161.285184
72	0.037880	7500	-8.299739	-2169.584923
73	0.034469	7500	-7.890139	-2177.475062
74	0.031250	7500	-8.005697	-2185.480759
75	0.028218	7500	-7.122787	-2192.603546
76	0.025370	7500	-6.774296	-2199.377842
77	0.022702	7500	-7.431043	-2206.808886
78	0.020209	7500	-6.772557	-2213.581442
79	0.017889	7500	-6.490634	-2220.072077
80	0.015736	7500	-6.029264	-2226.101341
81	0.013746	7500	-5.604156	-2231.705497
82	0.011916	7500	-5.150668	-2236.856165
83	0.010240	7500	-4.738073	-2241.594238
84	0.008714	7500	-4.307680	-2245.901919
85	0.007334	7500	-3.917357	-2249.819276
86	0.006093	7500	-3.569276	-2253.388552
87	0.004988	7500	-3.210415	-2256.598967
88	0.004013	7500	-2.859620	-2259.458586
89	0.003162	7500	-2.513795	-2261.972381
90	0.002430	7500	-2.201784	-2264.174165
91	0.001810	7500	-1.866525	-2266.040690
92	0.001296	7500	-1.620017	-2267.660707
93	0.000882	7500	-1.386867	-2269.047573
94	0.000559	7500	-1.128645	-2270.176219
95	0.000320	7500	-0.836814	-2271.013033
96	0.000156	7500	-0.645659	-2271.658692
97	0.000057	7500	-0.444661	-2272.103353
98	0.000010	7500	-0.174108	-2272.277461
99	0.000000	7500	-0.043460	-2272.320921
Log marginal likelihood:	-2272.320921
0	0.975187	7500	-55.454033	-55.454033
1	0.950747	7500	-54.622029	-110.076062
2	0.926679	7500	-53.793933	-163.869995
3	0.902980	7500	-52.968827	-216.838822
4	0.879648	7500	-52.148358	-268.987181
5	0.856682	7500	-51.333689	-320.320870
6	0.834079	7500	-50.521487	-370.842357
7	0.811838	7500	-49.714597	-420.556954
8	0.789957	7500	-48.914208	-469.471163
9	0.768433	7500	-48.114678	-517.585840
10	0.747266	7500	-47.321663	-564.907503
11	0.726452	7500	-46.531944	-611.439447
12	0.705989	7500	-45.746357	-657.185804
13	0.685877	7500	-44.967405	-702.153209
14	0.666112	7500	-44.190066	-746.343275
15	0.646693	7500	-43.417157	-789.760432
16	0.627618	7500	-42.650716	-832.411148
17	0.608884	7500	-41.887783	-874.298931
18	0.590490	7500	-41.134147	-915.433078
19	0.572433	7500	-40.378522	-955.811600
20	0.554712	7500	-39.630263	-995.441863
21	0.537324	7500	-38.892448	-1034.334311
22	0.520268	7500	-38.152618	-1072.486929
23	0.503540	7500	-37.416753	-1109.903682
24	0.487139	7500	-36.686497	-1146.590179
25	0.471063	7500	-35.964144	-1182.554323
26	0.455310	7500	-35.242569	-1217.796892
27	0.439877	7500	-34.530730	-1252.327622
28	0.424762	7500	-33.817926	-1286.145548
29	0.409963	7500	-33.116225	-1319.261773
30	0.395478	7500	-32.414801	-1351.676574
31	0.381305	7500	-31.721852	-1383.398426
32	0.367440	7500	-31.031377	-1414.429803
33	0.353883	7500	-30.350837	-1444.780640
34	0.340630	7500	-29.665771	-1474.446411
35	0.327680	7500	-28.997926	-1503.444337
36	0.315030	7500	-28.326214	-1531.770551
37	0.302677	7500	-27.660843	-1559.431394
38	0.290619	7500	-27.006004	-1586.437398
39	0.278855	7500	-26.352202	-1612.789600
40	0.267381	7500	-25.708196	-1638.497796
41	0.256195	7500	-25.062091	-1663.559888
42	0.245294	7500	-24.429166	-1687.989054
43	0.234677	7500	-23.800589	-1711.789643
44	0.224340	7500	-23.174619	-1734.964262
45	0.214281	7500	-22.552068	-1757.516330
46	0.204498	7500	-21.935615	-1779.451944
47	0.194988	7500	-21.331980	-1800.783924
48	0.185749	7500	-20.727932	-1821.511856
49	0.176777	7500	-20.129498	-1841.641354
50	0.168070	7500	-19.536002	-1861.177355
51	0.159626	7500	-18.957542	-1880.134898
52	0.151441	7500	-18.386301	-1898.521199
53	0.143514	7500	-17.804027	-1916.325226
54	0.135841	7500	-17.242798	-1933.568024
55	0.128420	7500	-16.682140	-1950.250165
56	0.121247	7500	-16.137142	-1966.387306
57	0.114320	7500	-15.585077	-1981.972383
58	0.107637	7500	-15.049618	-1997.022001
59	0.101193	7500	-14.514303	-2011.536303
60	0.094986	7500	-13.990572	-2025.526875
61	0.089014	7500	-13.474549	-2039.001425
62	0.083273	7500	-12.947143	-2051.948568
63	0.077760	7500	-12.447389	-2064.395957
64	0.072472	7500	-11.933131	-2076.329089
65	0.067406	7500	-11.453797	-2087.782885
66	0.062558	7500	-10.989379	-2098.772264
67	0.057926	7500	-10.501480	-2109.273744
68	0.053506	7500	-10.032211	-2119.305956
69	0.049295	7500	-9.588786	-2128.894742
70	0.045289	7500	-9.131846	-2138.026588
71	0.041485	7500	-8.707142	-2146.733730
72	0.037880	7500	-8.254687	-2154.988417
73	0.034469	7500	-8.636024	-2163.624441
74	0.031250	7500	-7.441112	-2171.065553
75	0.028218	7500	-7.274446	-2178.339999
76	0.025370	7500	-7.284083	-2185.624082
77	0.022702	7500	-7.401484	-2193.025566
78	0.020209	7500	-6.600096	-2199.625662
79	0.017889	7500	-6.331537	-2205.957198
80	0.015736	7500	-6.015991	-2211.973190
81	0.013746	7500	-5.461362	-2217.434551
82	0.011916	7500	-5.133175	-2222.567726
83	0.010240	7500	-4.715229	-2227.282955
84	0.008714	7500	-4.310644	-2231.593599
85	0.007334	7500	-3.920374	-2235.513973
86	0.006093	7500	-3.550149	-2239.064122
87	0.004988	7500	-3.213171	-2242.277294
88	0.004013	7500	-2.862472	-2245.139766
89	0.003162	7500	-2.543035	-2247.682800
90	0.002430	7500	-2.209610	-2249.892411
91	0.001810	7500	-1.888041	-2251.780452
92	0.001296	7500	-1.611878	-2253.392330
93	0.000882	7500	-1.353689	-2254.746019
94	0.000559	7500	-1.093785	-2255.839804
95	0.000320	7500	-0.893940	-2256.733744
96	0.000156	7500	-0.601343	-2257.335087
97	0.000057	7500	-0.375645	-2257.710733
98	0.000010	7500	-0.208807	-2257.919540
99	0.000000	7500	-0.045377	-2257.964916
Log marginal likelihood:	-2257.964916
0	0.975187	7500	-55.720995	-55.720995
1	0.950747	7500	-54.883689	-110.604684
2	0.926679	7500	-54.052192	-164.656876
3	0.902980	7500	-53.225037	-217.881914
4	0.879648	7500	-52.401584	-270.283498
5	0.856682	7500	-51.580248	-321.863746
6	0.834079	7500	-50.764994	-372.628740
7	0.811838	7500	-49.955741	-422.584481
8	0.789957	7500	-49.149783	-471.734264
9	0.768433	7500	-48.343713	-520.077977
10	0.747266	7500	-47.550005	-567.627982
11	0.726452	7500	-46.759238	-614.387220
12	0.705989	7500	-45.968054	-660.355274
13	0.685877	7500	-45.182470	-705.537744
14	0.666112	7500	-44.401593	-749.939337
15	0.646693	7500	-43.630871	-793.570208
16	0.627618	7500	-42.859952	-836.430159
17	0.608884	7500	-42.092950	-878.523110
18	0.590490	7500	-41.334424	-919.857533
19	0.572433	7500	-40.574229	-960.431763
20	0.554712	7500	-39.822137	-1000.253900
21	0.537324	7500	-39.078503	-1039.332403
22	0.520268	7500	-38.329243	-1077.661645
23	0.503540	7500	-37.594094	-1115.255739
24	0.487139	7500	-36.866182	-1152.121922
25	0.471063	7500	-36.137124	-1188.259046
26	0.455310	7500	-35.416768	-1223.675814
27	0.439877	7500	-34.692086	-1258.367900
28	0.424762	7500	-33.979818	-1292.347718
29	0.409963	7500	-33.279018	-1325.626735
30	0.395478	7500	-32.566948	-1358.193683
31	0.381305	7500	-31.872958	-1390.066641
32	0.367440	7500	-31.179247	-1421.245888
33	0.353883	7500	-30.489991	-1451.735880
34	0.340630	7500	-29.813539	-1481.549418
35	0.327680	7500	-29.133400	-1510.682818
36	0.315030	7500	-28.458851	-1539.141669
37	0.302677	7500	-27.792790	-1566.934459
38	0.290619	7500	-27.133278	-1594.067737
39	0.278855	7500	-26.477581	-1620.545318
40	0.267381	7500	-25.831615	-1646.376933
41	0.256195	7500	-25.187184	-1671.564117
42	0.245294	7500	-24.546445	-1696.110562
43	0.234677	7500	-23.909210	-1720.019772
44	0.224340	7500	-23.281524	-1743.301296
45	0.214281	7500	-22.659206	-1765.960502
46	0.204498	7500	-22.037885	-1787.998387
47	0.194988	7500	-21.428451	-1809.426838
48	0.185749	7500	-20.821812	-1830.248650
49	0.176777	7500	-20.233931	-1850.482581
50	0.168070	7500	-19.631897	-1870.114478
51	0.159626	7500	-19.045845	-1889.160323
52	0.151441	7500	-18.464938	-1907.625261
53	0.143514	7500	-17.889628	-1925.514889
54	0.135841	7500	-17.319193	-1942.834083
55	0.128420	7500	-16.762595	-1959.596678
56	0.121247	7500	-16.208018	-1975.804695
57	0.114320	7500	-15.659594	-1991.464289
58	0.107637	7500	-15.122351	-2006.586640
59	0.101193	7500	-14.585824	-2021.172464
60	0.094986	7500	-14.048246	-2035.220710
61	0.089014	7500	-13.538084	-2048.758794
62	0.083273	7500	-13.023651	-2061.782445
63	0.077760	7500	-12.505323	-2074.287768
64	0.072472	7500	-12.008407	-2086.296175
65	0.067406	7500	-11.511591	-2097.807766
66	0.062558	7500	-11.045735	-2108.853500
67	0.057926	7500	-10.563053	-2119.416554
68	0.053506	7500	-10.091046	-2129.507600
69	0.049295	7500	-9.623377	-2139.130977
70	0.045289	7500	-9.166966	-2148.297944
71	0.041485	7500	-8.722482	-2157.020426
72	0.037880	7500	-8.315673	-2165.336099
73	0.034469	7500	-7.880132	-2173.216230
74	0.031250	7500	-8.165654	-2181.381885
75	0.028218	7500	-7.756521	-2189.138406
76	0.025370	7500	-7.231917	-2196.370323
77	0.022702	7500	-7.199237	-2203.569560
78	0.020209	7500	-6.959553	-2210.529113
79	0.017889	7500	-6.384827	-2216.913939
80	0.015736	7500	-6.018638	-2222.932578
81	0.013746	7500	-5.507143	-2228.439721
82	0.011916	7500	-5.121471	-2233.561192
83	0.010240	7500	-4.713082	-2238.274274
84	0.008714	7500	-4.334057	-2242.608330
85	0.007334	7500	-3.960894	-2246.569224
86	0.006093	7500	-3.548863	-2250.118087
87	0.004988	7500	-3.202657	-2253.320744
88	0.004013	7500	-2.866897	-2256.187641
89	0.003162	7500	-2.531348	-2258.718988
90	0.002430	7500	-2.221333	-2260.940322
91	0.001810	7500	-1.901294	-2262.841616
92	0.001296	7500	-1.610314	-2264.451930
93	0.000882	7500	-1.370823	-2265.822754
94	0.000559	7500	-1.133382	-2266.956136
95	0.000320	7500	-0.928274	-2267.884410
96	0.000156	7500	-0.574432	-2268.458842
97	0.000057	7500	-0.359301	-2268.818143
98	0.000010	7500	-0.172224	-2268.990367
99	0.000000	7500	-0.043647	-2269.034014
Log marginal likelihood:	-2269.034014
0	0.975187	7500	-56.142224	-56.142224
1	0.950747	7500	-55.298050	-111.440274
2	0.926679	7500	-54.458493	-165.898767
3	0.902980	7500	-53.624679	-219.523446
4	0.879648	7500	-52.796393	-272.319839
5	0.856682	7500	-51.969748	-324.289587
6	0.834079	7500	-51.151724	-375.441311
7	0.811838	7500	-50.331266	-425.772577
8	0.789957	7500	-49.524877	-475.297454
9	0.768433	7500	-48.713943	-524.011397
10	0.747266	7500	-47.906780	-571.918177
11	0.726452	7500	-47.110188	-619.028365
12	0.705989	7500	-46.316117	-665.344483
13	0.685877	7500	-45.527195	-710.871678
14	0.666112	7500	-44.740437	-755.612115
15	0.646693	7500	-43.957583	-799.569698
16	0.627618	7500	-43.185142	-842.754840
17	0.608884	7500	-42.412297	-885.167137
18	0.590490	7500	-41.646214	-926.813351
19	0.572433	7500	-40.882169	-967.695521
20	0.554712	7500	-40.121964	-1007.817485
21	0.537324	7500	-39.374160	-1047.191645
22	0.520268	7500	-38.621122	-1085.812767
23	0.503540	7500	-37.879783	-1123.692550
24	0.487139	7500	-37.142570	-1160.835120
25	0.471063	7500	-36.409312	-1197.244432
26	0.455310	7500	-35.680049	-1232.924481
27	0.439877	7500	-34.957750	-1267.882231
28	0.424762	7500	-34.238885	-1302.121115
29	0.409963	7500	-33.525715	-1335.646830
30	0.395478	7500	-32.822883	-1368.469713
31	0.381305	7500	-32.113744	-1400.583457
32	0.367440	7500	-31.413393	-1431.996850
33	0.353883	7500	-30.722170	-1462.719020
34	0.340630	7500	-30.037588	-1492.756607
35	0.327680	7500	-29.355223	-1522.111830
36	0.315030	7500	-28.679503	-1550.791333
37	0.302677	7500	-28.005507	-1578.796840
38	0.290619	7500	-27.340554	-1606.137394
39	0.278855	7500	-26.681863	-1632.819257
40	0.267381	7500	-26.020985	-1658.840242
41	0.256195	7500	-25.373880	-1684.214122
42	0.245294	7500	-24.724493	-1708.938615
43	0.234677	7500	-24.097125	-1733.035740
44	0.224340	7500	-23.460778	-1756.496518
45	0.214281	7500	-22.829279	-1779.325797
46	0.204498	7500	-22.211148	-1801.536945
47	0.194988	7500	-21.595228	-1823.132172
48	0.185749	7500	-20.991740	-1844.123913
49	0.176777	7500	-20.380172	-1864.504084
50	0.168070	7500	-19.782839	-1884.286923
51	0.159626	7500	-19.189847	-1903.476769
52	0.151441	7500	-18.600569	-1922.077339
53	0.143514	7500	-18.027782	-1940.105121
54	0.135841	7500	-17.455839	-1957.560960
55	0.128420	7500	-16.891161	-1974.452121
56	0.121247	7500	-16.330626	-1990.782747
57	0.114320	7500	-15.780463	-2006.563210
58	0.107637	7500	-15.231900	-2021.795110
59	0.101193	7500	-14.703007	-2036.498118
60	0.094986	7500	-14.163485	-2050.661603
61	0.089014	7500	-13.639024	-2064.300627
62	0.083273	7500	-13.125464	-2077.426091
63	0.077760	7500	-12.615092	-2090.041184
64	0.072472	7500	-12.099342	-2102.140526
65	0.067406	7500	-11.609820	-2113.750346
66	0.062558	7500	-11.113597	-2124.863942
67	0.057926	7500	-10.632664	-2135.496606
68	0.053506	7500	-10.175280	-2145.671887
69	0.049295	7500	-9.684936	-2155.356823
70	0.045289	7500	-9.240685	-2164.597508
71	0.041485	7500	-8.780035	-2173.377543
72	0.037880	7500	-8.302910	-2181.680453
73	0.034469	7500	-7.999452	-2189.679905
74	0.031250	7500	-7.506101	-2197.186006
75	0.028218	7500	-7.234127	-2204.420132
76	0.025370	7500	-7.392057	-2211.812189
77	0.022702	7500	-7.008042	-2218.820231
78	0.020209	7500	-6.480158	-2225.300389
79	0.017889	7500	-6.202338	-2231.502727
80	0.015736	7500	-5.824970	-2237.327697
81	0.013746	7500	-5.597200	-2242.924896
82	0.011916	7500	-5.154118	-2248.079014
83	0.010240	7500	-4.739847	-2252.818861
84	0.008714	7500	-4.344492	-2257.163353
85	0.007334	7500	-3.938302	-2261.101655
86	0.006093	7500	-3.579705	-2264.681360
87	0.004988	7500	-3.201975	-2267.883336
88	0.004013	7500	-2.842541	-2270.725877
89	0.003162	7500	-2.515284	-2273.241161
90	0.002430	7500	-2.201702	-2275.442863
91	0.001810	7500	-1.907566	-2277.350429
92	0.001296	7500	-1.614857	-2278.965286
93	0.000882	7500	-1.375428	-2280.340714
94	0.000559	7500	-1.123605	-2281.464319
95	0.000320	7500	-0.843016	-2282.307335
96	0.000156	7500	-0.669874	-2282.977209
97	0.000057	7500	-0.381555	-2283.358764
98	0.000010	7500	-0.179471	-2283.538235
99	0.000000	7500	-0.040102	-2283.578337
Log marginal likelihood:	-2283.578337
0	0.975187	7500	-56.163677	-56.163677
1	0.950747	7500	-55.320467	-111.484144
2	0.926679	7500	-54.480026	-165.964170
3	0.902980	7500	-53.650218	-219.614387
4	0.879648	7500	-52.818191	-272.432579
5	0.856682	7500	-51.990580	-324.423159
6	0.834079	7500	-51.168313	-375.591472
7	0.811838	7500	-50.349805	-425.941276
8	0.789957	7500	-49.539715	-475.480991
9	0.768433	7500	-48.733888	-524.214879
10	0.747266	7500	-47.923934	-572.138813
11	0.726452	7500	-47.127327	-619.266140
12	0.705989	7500	-46.331977	-665.598118
13	0.685877	7500	-45.540383	-711.138501
14	0.666112	7500	-44.759093	-755.897594
15	0.646693	7500	-43.973591	-799.871185
16	0.627618	7500	-43.199051	-843.070235
17	0.608884	7500	-42.426642	-885.496877
18	0.590490	7500	-41.656461	-927.153338
19	0.572433	7500	-40.898699	-968.052036
20	0.554712	7500	-40.138392	-1008.190428
21	0.537324	7500	-39.388834	-1047.579263
22	0.520268	7500	-38.637817	-1086.217080
23	0.503540	7500	-37.892045	-1124.109125
24	0.487139	7500	-37.153180	-1161.262305
25	0.471063	7500	-36.422459	-1197.684764
26	0.455310	7500	-35.698475	-1233.383239
27	0.439877	7500	-34.970748	-1268.353987
28	0.424762	7500	-34.252740	-1302.606727
29	0.409963	7500	-33.542291	-1336.149018
30	0.395478	7500	-32.832199	-1368.981217
31	0.381305	7500	-32.126177	-1401.107393
32	0.367440	7500	-31.431054	-1432.538447
33	0.353883	7500	-30.737746	-1463.276194
34	0.340630	7500	-30.048887	-1493.325081
35	0.327680	7500	-29.366290	-1522.691371
36	0.315030	7500	-28.685399	-1551.376769
37	0.302677	7500	-28.016261	-1579.393031
38	0.290619	7500	-27.354013	-1606.747043
39	0.278855	7500	-26.689841	-1633.436885
40	0.267381	7500	-26.032326	-1659.469210
41	0.256195	7500	-25.380693	-1684.849904
42	0.245294	7500	-24.735442	-1709.585346
43	0.234677	7500	-24.102328	-1733.687674
44	0.224340	7500	-23.464214	-1757.151888
45	0.214281	7500	-22.840445	-1779.992333
46	0.204498	7500	-22.222606	-1802.214939
47	0.194988	7500	-21.603059	-1823.817998
48	0.185749	7500	-20.992469	-1844.810467
49	0.176777	7500	-20.389695	-1865.200162
50	0.168070	7500	-19.780617	-1884.980780
51	0.159626	7500	-19.199442	-1904.180222
52	0.151441	7500	-18.613847	-1922.794068
53	0.143514	7500	-18.034228	-1940.828297
54	0.135841	7500	-17.459953	-1958.288250
55	0.128420	7500	-16.906070	-1975.194320
56	0.121247	7500	-16.337015	-1991.531335
57	0.114320	7500	-15.788955	-2007.320290
58	0.107637	7500	-15.243375	-2022.563665
59	0.101193	7500	-14.706287	-2037.269953
60	0.094986	7500	-14.167548	-2051.437501
61	0.089014	7500	-13.644592	-2065.082093
62	0.083273	7500	-13.122912	-2078.205005
63	0.077760	7500	-12.612925	-2090.817930
64	0.072472	7500	-12.095495	-2102.913425
65	0.067406	7500	-11.611256	-2114.524681
66	0.062558	7500	-11.124586	-2125.649268
67	0.057926	7500	-10.670183	-2136.319451
68	0.053506	7500	-10.203099	-2146.522550
69	0.049295	7500	-9.713996	-2156.236546
70	0.045289	7500	-9.275437	-2165.511984
71	0.041485	7500	-8.790132	-2174.302116
72	0.037880	7500	-8.350862	-2182.652978
73	0.034469	7500	-7.937183	-2190.590161
74	0.031250	7500	-7.561364	-2198.151525
75	0.028218	7500	-7.119971	-2205.271496
76	0.025370	7500	-6.616420	-2211.887916
77	0.022702	7500	-6.641656	-2218.529573
78	0.020209	7500	-6.393639	-2224.923211
79	0.017889	7500	-6.177925	-2231.101136
80	0.015736	7500	-5.994006	-2237.095142
81	0.013746	7500	-5.603047	-2242.698189
82	0.011916	7500	-5.092974	-2247.791163
83	0.010240	7500	-4.739475	-2252.530638
84	0.008714	7500	-4.339791	-2256.870428
85	0.007334	7500	-3.942208	-2260.812636
86	0.006093	7500	-3.555314	-2264.367950
87	0.004988	7500	-3.193432	-2267.561382
88	0.004013	7500	-2.857861	-2270.419243
89	0.003162	7500	-2.530341	-2272.949584
90	0.002430	7500	-2.191739	-2275.141323
91	0.001810	7500	-1.926775	-2277.068098
92	0.001296	7500	-1.598447	-2278.666545
93	0.000882	7500	-1.479124	-2280.145669
94	0.000559	7500	-1.100233	-2281.245902
95	0.000320	7500	-0.879654	-2282.125556
96	0.000156	7500	-0.622872	-2282.748428
97	0.000057	7500	-0.390726	-2283.139154
98	0.000010	7500	-0.190141	-2283.329295
99	0.000000	7500	-0.048183	-2283.377478
Log marginal likelihood:	-2283.377478
0	0.975187	7500	-55.947623	-55.947623
1	0.950747	7500	-55.110575	-111.058198
2	0.926679	7500	-54.272781	-165.330980
3	0.902980	7500	-53.441106	-218.772086
4	0.879648	7500	-52.609722	-271.381808
5	0.856682	7500	-51.784967	-323.166775
6	0.834079	7500	-50.973198	-374.139973
7	0.811838	7500	-50.154568	-424.294540
8	0.789957	7500	-49.342779	-473.637319
9	0.768433	7500	-48.543386	-522.180705
10	0.747266	7500	-47.738272	-569.918977
11	0.726452	7500	-46.944772	-616.863749
12	0.705989	7500	-46.152371	-663.016120
13	0.685877	7500	-45.366826	-708.382945
14	0.666112	7500	-44.581678	-752.964623
15	0.646693	7500	-43.806256	-796.770879
16	0.627618	7500	-43.029575	-839.800454
17	0.608884	7500	-42.262967	-882.063421
18	0.590490	7500	-41.496959	-923.560381
19	0.572433	7500	-40.740666	-964.301046
20	0.554712	7500	-39.983052	-1004.284098
21	0.537324	7500	-39.234881	-1043.518979
22	0.520268	7500	-38.483913	-1082.002892
23	0.503540	7500	-37.749750	-1119.752641
24	0.487139	7500	-37.009684	-1156.762326
25	0.471063	7500	-36.281990	-1193.044315
26	0.455310	7500	-35.553136	-1228.597451
27	0.439877	7500	-34.833045	-1263.430496
28	0.424762	7500	-34.116677	-1297.547173
29	0.409963	7500	-33.407053	-1330.954226
30	0.395478	7500	-32.702249	-1363.656475
31	0.381305	7500	-32.004342	-1395.660817
32	0.367440	7500	-31.301730	-1426.962547
33	0.353883	7500	-30.611599	-1457.574146
34	0.340630	7500	-29.930742	-1487.504888
35	0.327680	7500	-29.255280	-1516.760168
36	0.315030	7500	-28.572953	-1545.333121
37	0.302677	7500	-27.908203	-1573.241324
38	0.290619	7500	-27.248567	-1600.489891
39	0.278855	7500	-26.583660	-1627.073551
40	0.267381	7500	-25.932209	-1653.005760
41	0.256195	7500	-25.285229	-1678.290989
42	0.245294	7500	-24.643266	-1702.934255
43	0.234677	7500	-24.007118	-1726.941373
44	0.224340	7500	-23.380149	-1750.321522
45	0.214281	7500	-22.749540	-1773.071062
46	0.204498	7500	-22.140000	-1795.211062
47	0.194988	7500	-21.521095	-1816.732157
48	0.185749	7500	-20.913851	-1837.646008
49	0.176777	7500	-20.312059	-1857.958067
50	0.168070	7500	-19.715464	-1877.673531
51	0.159626	7500	-19.132470	-1896.806001
52	0.151441	7500	-18.545628	-1915.351628
53	0.143514	7500	-17.965694	-1933.317322
54	0.135841	7500	-17.396761	-1950.714084
55	0.128420	7500	-16.833391	-1967.547475
56	0.121247	7500	-16.274316	-1983.821791
57	0.114320	7500	-15.718905	-1999.540696
58	0.107637	7500	-15.182913	-2014.723608
59	0.101193	7500	-14.635914	-2029.359522
60	0.094986	7500	-14.112908	-2043.472430
61	0.089014	7500	-13.587780	-2057.060210
62	0.083273	7500	-13.068998	-2070.129208
63	0.077760	7500	-12.564334	-2082.693542
64	0.072472	7500	-12.068332	-2094.761874
65	0.067406	7500	-11.572644	-2106.334519
66	0.062558	7500	-11.075021	-2117.409539
67	0.057926	7500	-10.601330	-2128.010870
68	0.053506	7500	-10.128650	-2138.139520
69	0.049295	7500	-9.672343	-2147.811863
70	0.045289	7500	-9.209704	-2157.021567
71	0.041485	7500	-8.768236	-2165.789803
72	0.037880	7500	-8.316543	-2174.106346
73	0.034469	7500	-7.918682	-2182.025028
74	0.031250	7500	-7.480083	-2189.505111
75	0.028218	7500	-7.056218	-2196.561329
76	0.025370	7500	-7.242122	-2203.803450
77	0.022702	7500	-6.792687	-2210.596137
78	0.020209	7500	-6.762925	-2217.359062
79	0.017889	7500	-6.459249	-2223.818311
80	0.015736	7500	-6.018243	-2229.836554
81	0.013746	7500	-5.577990	-2235.414543
82	0.011916	7500	-5.154514	-2240.569058
83	0.010240	7500	-4.732519	-2245.301576
84	0.008714	7500	-4.333718	-2249.635294
85	0.007334	7500	-3.929337	-2253.564632
86	0.006093	7500	-3.545114	-2257.109746
87	0.004988	7500	-3.187335	-2260.297081
88	0.004013	7500	-2.838409	-2263.135490
89	0.003162	7500	-2.519844	-2265.655334
90	0.002430	7500	-2.211011	-2267.866345
91	0.001810	7500	-1.925344	-2269.791689
92	0.001296	7500	-1.624345	-2271.416034
93	0.000882	7500	-1.315413	-2272.731446
94	0.000559	7500	-1.227725	-2273.959171
95	0.000320	7500	-0.889571	-2274.848742
96	0.000156	7500	-0.641673	-2275.490415
97	0.000057	7500	-0.404608	-2275.895023
98	0.000010	7500	-0.191840	-2276.086863
99	0.000000	7500	-0.042395	-2276.129258
Log marginal likelihood:	-2276.129258
0	0.975187	7500	-56.119003	-56.119003
1	0.950747	7500	-55.272620	-111.391624
2	0.926679	7500	-54.438948	-165.830571
3	0.902980	7500	-53.603292	-219.433864
4	0.879648	7500	-52.771578	-272.205441
5	0.856682	7500	-51.947496	-324.152937
6	0.834079	7500	-51.126229	-375.279167
7	0.811838	7500	-50.313780	-425.592947
8	0.789957	7500	-49.494861	-475.087808
9	0.768433	7500	-48.690558	-523.778366
10	0.747266	7500	-47.887862	-571.666227
11	0.726452	7500	-47.088188	-618.754415
12	0.705989	7500	-46.295080	-665.049495
13	0.685877	7500	-45.505118	-710.554613
14	0.666112	7500	-44.720945	-755.275558
15	0.646693	7500	-43.938654	-799.214212
16	0.627618	7500	-43.159774	-842.373987
17	0.608884	7500	-42.390844	-884.764831
18	0.590490	7500	-41.627068	-926.391899
19	0.572433	7500	-40.866814	-967.258713
20	0.554712	7500	-40.107171	-1007.365884
21	0.537324	7500	-39.359458	-1046.725342
22	0.520268	7500	-38.603357	-1085.328699
23	0.503540	7500	-37.861475	-1123.190174
24	0.487139	7500	-37.124475	-1160.314649
25	0.471063	7500	-36.392842	-1196.707490
26	0.455310	7500	-35.662610	-1232.370100
27	0.439877	7500	-34.939984	-1267.310084
28	0.424762	7500	-34.220234	-1301.530318
29	0.409963	7500	-33.508406	-1335.038724
30	0.395478	7500	-32.798171	-1367.836895
31	0.381305	7500	-32.098425	-1399.935320
32	0.367440	7500	-31.401812	-1431.337132
33	0.353883	7500	-30.710334	-1462.047466
34	0.340630	7500	-30.021484	-1492.068950
35	0.327680	7500	-29.341451	-1521.410401
36	0.315030	7500	-28.660935	-1550.071337
37	0.302677	7500	-27.990130	-1578.061467
38	0.290619	7500	-27.328078	-1605.389545
39	0.278855	7500	-26.669730	-1632.059275
40	0.267381	7500	-26.013025	-1658.072299
41	0.256195	7500	-25.365543	-1683.437842
42	0.245294	7500	-24.723334	-1708.161176
43	0.234677	7500	-24.089832	-1732.251007
44	0.224340	7500	-23.453885	-1755.704893
45	0.214281	7500	-22.815492	-1778.520385
46	0.204498	7500	-22.206502	-1800.726887
47	0.194988	7500	-21.582951	-1822.309838
48	0.185749	7500	-20.973229	-1843.283067
49	0.176777	7500	-20.378151	-1863.661217
50	0.168070	7500	-19.774818	-1883.436035
51	0.159626	7500	-19.190802	-1902.626838
52	0.151441	7500	-18.596174	-1921.223011
53	0.143514	7500	-18.027753	-1939.250765
54	0.135841	7500	-17.443976	-1956.694741
55	0.128420	7500	-16.888251	-1973.582992
56	0.121247	7500	-16.326986	-1989.909978
57	0.114320	7500	-15.781156	-2005.691134
58	0.107637	7500	-15.226969	-2020.918103
59	0.101193	7500	-14.687482	-2035.605586
60	0.094986	7500	-14.143455	-2049.749041
61	0.089014	7500	-13.630311	-2063.379352
62	0.083273	7500	-13.113653	-2076.493005
63	0.077760	7500	-12.593356	-2089.086361
64	0.072472	7500	-12.108582	-2101.194943
65	0.067406	7500	-11.587391	-2112.782333
66	0.062558	7500	-11.112642	-2123.894975
67	0.057926	7500	-10.618749	-2134.513724
68	0.053506	7500	-10.161976	-2144.675700
69	0.049295	7500	-9.693184	-2154.368884
70	0.045289	7500	-9.241446	-2163.610330
71	0.041485	7500	-8.790161	-2172.400490
72	0.037880	7500	-8.376498	-2180.776988
73	0.034469	7500	-7.927237	-2188.704226
74	0.031250	7500	-7.701849	-2196.406075
75	0.028218	7500	-7.202355	-2203.608430
76	0.025370	7500	-7.632276	-2211.240706
77	0.022702	7500	-7.076196	-2218.316902
78	0.020209	7500	-6.913184	-2225.230086
79	0.017889	7500	-6.486278	-2231.716364
80	0.015736	7500	-6.036727	-2237.753091
81	0.013746	7500	-5.583428	-2243.336519
82	0.011916	7500	-5.144647	-2248.481166
83	0.010240	7500	-4.747288	-2253.228454
84	0.008714	7500	-4.323579	-2257.552033
85	0.007334	7500	-3.952471	-2261.504503
86	0.006093	7500	-3.554402	-2265.058905
87	0.004988	7500	-3.217104	-2268.276010
88	0.004013	7500	-2.831653	-2271.107662
89	0.003162	7500	-2.542907	-2273.650570
90	0.002430	7500	-2.216941	-2275.867511
91	0.001810	7500	-1.858461	-2277.725971
92	0.001296	7500	-1.641454	-2279.367425
93	0.000882	7500	-1.355933	-2280.723358
94	0.000559	7500	-1.148926	-2281.872283
95	0.000320	7500	-0.874625	-2282.746909
96	0.000156	7500	-0.610636	-2283.357545
97	0.000057	7500	-0.435669	-2283.793214
98	0.000010	7500	-0.182128	-2283.975342
99	0.000000	7500	-0.044406	-2284.019748
Log marginal likelihood:	-2284.019748
0	0.975187	7500	-55.349033	-55.349033
1	0.950747	7500	-54.520624	-109.869658
2	0.926679	7500	-53.694401	-163.564059
3	0.902980	7500	-52.869037	-216.433096
4	0.879648	7500	-52.052513	-268.485609
5	0.856682	7500	-51.236464	-319.722073
6	0.834079	7500	-50.428588	-370.150660
7	0.811838	7500	-49.621268	-419.771928
8	0.789957	7500	-48.821179	-468.593107
9	0.768433	7500	-48.027318	-516.620425
10	0.747266	7500	-47.233429	-563.853854
11	0.726452	7500	-46.443916	-610.297769
12	0.705989	7500	-45.658516	-655.956286
13	0.685877	7500	-44.883496	-700.839782
14	0.666112	7500	-44.111307	-744.951089
15	0.646693	7500	-43.336143	-788.287231
16	0.627618	7500	-42.574280	-830.861512
17	0.608884	7500	-41.814714	-872.676226
18	0.590490	7500	-41.053179	-913.729405
19	0.572433	7500	-40.305457	-954.034862
20	0.554712	7500	-39.558873	-993.593735
21	0.537324	7500	-38.814260	-1032.407995
22	0.520268	7500	-38.077460	-1070.485455
23	0.503540	7500	-37.343469	-1107.828924
24	0.487139	7500	-36.617018	-1144.445942
25	0.471063	7500	-35.893832	-1180.339774
26	0.455310	7500	-35.180557	-1215.520331
27	0.439877	7500	-34.462075	-1249.982407
28	0.424762	7500	-33.759382	-1283.741788
29	0.409963	7500	-33.051024	-1316.792813
30	0.395478	7500	-32.355352	-1349.148165
31	0.381305	7500	-31.654887	-1380.803052
32	0.367440	7500	-30.972112	-1411.775164
33	0.353883	7500	-30.285774	-1442.060937
34	0.340630	7500	-29.614627	-1471.675564
35	0.327680	7500	-28.942414	-1500.617979
36	0.315030	7500	-28.271611	-1528.889590
37	0.302677	7500	-27.608941	-1556.498531
38	0.290619	7500	-26.952443	-1583.450974
39	0.278855	7500	-26.299193	-1609.750167
40	0.267381	7500	-25.656101	-1635.406268
41	0.256195	7500	-25.009818	-1660.416086
42	0.245294	7500	-24.376622	-1684.792708
43	0.234677	7500	-23.749051	-1708.541759
44	0.224340	7500	-23.129502	-1731.671261
45	0.214281	7500	-22.512951	-1754.184212
46	0.204498	7500	-21.900709	-1776.084921
47	0.194988	7500	-21.292211	-1797.377132
48	0.185749	7500	-20.694731	-1818.071862
49	0.176777	7500	-20.094617	-1838.166480
50	0.168070	7500	-19.502094	-1857.668574
51	0.159626	7500	-18.922880	-1876.591455
52	0.151441	7500	-18.346709	-1894.938164
53	0.143514	7500	-17.776456	-1912.714620
54	0.135841	7500	-17.207787	-1929.922407
55	0.128420	7500	-16.659724	-1946.582131
56	0.121247	7500	-16.100641	-1962.682771
57	0.114320	7500	-15.562138	-1978.244910
58	0.107637	7500	-15.023219	-1993.268129
59	0.101193	7500	-14.490337	-2007.758465
60	0.094986	7500	-13.969574	-2021.728039
61	0.089014	7500	-13.446270	-2035.174309
62	0.083273	7500	-12.934327	-2048.108636
63	0.077760	7500	-12.423406	-2060.532042
64	0.072472	7500	-11.934283	-2072.466325
65	0.067406	7500	-11.434598	-2083.900923
66	0.062558	7500	-10.957015	-2094.857938
67	0.057926	7500	-10.490027	-2105.347964
68	0.053506	7500	-9.999163	-2115.347127
69	0.049295	7500	-9.567185	-2124.914312
70	0.045289	7500	-9.104188	-2134.018500
71	0.041485	7500	-8.653357	-2142.671857
72	0.037880	7500	-8.234946	-2150.906803
73	0.034469	7500	-7.817375	-2158.724178
74	0.031250	7500	-7.502261	-2166.226439
75	0.028218	7500	-7.082290	-2173.308729
76	0.025370	7500	-7.118574	-2180.427303
77	0.022702	7500	-6.694810	-2187.122113
78	0.020209	7500	-6.901419	-2194.023533
79	0.017889	7500	-6.135706	-2200.159238
80	0.015736	7500	-5.776429	-2205.935667
81	0.013746	7500	-5.464420	-2211.400087
82	0.011916	7500	-5.095431	-2216.495518
83	0.010240	7500	-4.703884	-2221.199402
84	0.008714	7500	-4.333174	-2225.532576
85	0.007334	7500	-3.952207	-2229.484783
86	0.006093	7500	-3.571118	-2233.055901
87	0.004988	7500	-3.215860	-2236.271762
88	0.004013	7500	-2.838793	-2239.110555
89	0.003162	7500	-2.510490	-2241.621045
90	0.002430	7500	-2.191158	-2243.812202
91	0.001810	7500	-1.882364	-2245.694567
92	0.001296	7500	-1.645156	-2247.339723
93	0.000882	7500	-1.427654	-2248.767377
94	0.000559	7500	-1.098131	-2249.865508
95	0.000320	7500	-0.867965	-2250.733473
96	0.000156	7500	-0.768918	-2251.502391
97	0.000057	7500	-0.365899	-2251.868291
98	0.000010	7500	-0.212298	-2252.080589
99	0.000000	7500	-0.040371	-2252.120959
Log marginal likelihood:	-2252.120959
0	0.975187	7500	-56.239175	-56.239175
1	0.950747	7500	-55.396169	-111.635344
2	0.926679	7500	-54.557271	-166.192615
3	0.902980	7500	-53.719866	-219.912481
4	0.879648	7500	-52.890277	-272.802757
5	0.856682	7500	-52.063980	-324.866738
6	0.834079	7500	-51.238827	-376.105565
7	0.811838	7500	-50.417338	-426.522903
8	0.789957	7500	-49.604738	-476.127641
9	0.768433	7500	-48.795930	-524.923571
10	0.747266	7500	-47.992601	-572.916172
11	0.726452	7500	-47.188532	-620.104704
12	0.705989	7500	-46.393451	-666.498155
13	0.685877	7500	-45.602118	-712.100273
14	0.666112	7500	-44.818021	-756.918294
15	0.646693	7500	-44.034881	-800.953176
16	0.627618	7500	-43.252990	-844.206166
17	0.608884	7500	-42.484132	-886.690298
18	0.590490	7500	-41.715413	-928.405712
19	0.572433	7500	-40.953856	-969.359568
20	0.554712	7500	-40.194716	-1009.554284
21	0.537324	7500	-39.439151	-1048.993436
22	0.520268	7500	-38.691712	-1087.685148
23	0.503540	7500	-37.944653	-1125.629801
24	0.487139	7500	-37.205763	-1162.835564
25	0.471063	7500	-36.472954	-1199.308518
26	0.455310	7500	-35.746347	-1235.054865
27	0.439877	7500	-35.020109	-1270.074974
28	0.424762	7500	-34.305037	-1304.380012
29	0.409963	7500	-33.581380	-1337.961392
30	0.395478	7500	-32.874478	-1370.835870
31	0.381305	7500	-32.170487	-1403.006357
32	0.367440	7500	-31.473398	-1434.479756
33	0.353883	7500	-30.776997	-1465.256753
34	0.340630	7500	-30.089864	-1495.346617
35	0.327680	7500	-29.408018	-1524.754634
36	0.315030	7500	-28.726496	-1553.481130
37	0.302677	7500	-28.050994	-1581.532124
38	0.290619	7500	-27.389107	-1608.921232
39	0.278855	7500	-26.719505	-1635.640737
40	0.267381	7500	-26.071009	-1661.711746
41	0.256195	7500	-25.419096	-1687.130842
42	0.245294	7500	-24.772207	-1711.903049
43	0.234677	7500	-24.132591	-1736.035640
44	0.224340	7500	-23.497432	-1759.533073
45	0.214281	7500	-22.873503	-1782.406576
46	0.204498	7500	-22.250322	-1804.656898
47	0.194988	7500	-21.635371	-1826.292269
48	0.185749	7500	-21.025051	-1847.317320
49	0.176777	7500	-20.422932	-1867.740252
50	0.168070	7500	-19.828098	-1887.568350
51	0.159626	7500	-19.229544	-1906.797894
52	0.151441	7500	-18.643919	-1925.441812
53	0.143514	7500	-18.057882	-1943.499695
54	0.135841	7500	-17.484457	-1960.984152
55	0.128420	7500	-16.919666	-1977.903818
56	0.121247	7500	-16.363052	-1994.266870
57	0.114320	7500	-15.810523	-2010.077393
58	0.107637	7500	-15.264214	-2025.341607
59	0.101193	7500	-14.719479	-2040.061086
60	0.094986	7500	-14.180659	-2054.241746
61	0.089014	7500	-13.664161	-2067.905907
62	0.083273	7500	-13.128370	-2081.034277
63	0.077760	7500	-12.631399	-2093.665676
64	0.072472	7500	-12.130806	-2105.796482
65	0.067406	7500	-11.623261	-2117.419743
66	0.062558	7500	-11.144210	-2128.563953
67	0.057926	7500	-10.652898	-2139.216851
68	0.053506	7500	-10.188306	-2149.405157
69	0.049295	7500	-9.692149	-2159.097306
70	0.045289	7500	-9.263566	-2168.360871
71	0.041485	7500	-8.792312	-2177.153184
72	0.037880	7500	-8.390093	-2185.543277
73	0.034469	7500	-7.963539	-2193.506816
74	0.031250	7500	-7.649697	-2201.156513
75	0.028218	7500	-7.381922	-2208.538435
76	0.025370	7500	-7.785577	-2216.324012
77	0.022702	7500	-7.234024	-2223.558036
78	0.020209	7500	-6.881643	-2230.439679
79	0.017889	7500	-6.311720	-2236.751398
80	0.015736	7500	-5.568094	-2242.319492
81	0.013746	7500	-5.576763	-2247.896255
82	0.011916	7500	-5.135013	-2253.031268
83	0.010240	7500	-4.717338	-2257.748607
84	0.008714	7500	-4.296850	-2262.045457
85	0.007334	7500	-3.943559	-2265.989015
86	0.006093	7500	-3.560766	-2269.549781
87	0.004988	7500	-3.193694	-2272.743475
88	0.004013	7500	-2.837426	-2275.580901
89	0.003162	7500	-2.530628	-2278.111529
90	0.002430	7500	-2.203577	-2280.315107
91	0.001810	7500	-1.917698	-2282.232804
92	0.001296	7500	-1.660612	-2283.893417
93	0.000882	7500	-1.356099	-2285.249515
94	0.000559	7500	-1.100856	-2286.350371
95	0.000320	7500	-0.954167	-2287.304537
96	0.000156	7500	-0.559650	-2287.864188
97	0.000057	7500	-0.444073	-2288.308260
98	0.000010	7500	-0.204570	-2288.512830
99	0.000000	7500	-0.038302	-2288.551132
Log marginal likelihood:	-2288.551132
0	0.975187	7500	-56.674654	-56.674654
1	0.950747	7500	-55.828647	-112.503301
2	0.926679	7500	-54.982229	-167.485530
3	0.902980	7500	-54.132787	-221.618317
4	0.879648	7500	-53.298431	-274.916748
5	0.856682	7500	-52.465328	-327.382076
6	0.834079	7500	-51.635096	-379.017172
7	0.811838	7500	-50.810650	-429.827822
8	0.789957	7500	-49.991962	-479.819784
9	0.768433	7500	-49.175240	-528.995024
10	0.747266	7500	-48.363367	-577.358391
11	0.726452	7500	-47.558034	-624.916425
12	0.705989	7500	-46.753775	-671.670200
13	0.685877	7500	-45.955502	-717.625702
14	0.666112	7500	-45.163359	-762.789060
15	0.646693	7500	-44.381377	-807.170437
16	0.627618	7500	-43.592087	-850.762525
17	0.608884	7500	-42.812187	-893.574711
18	0.590490	7500	-42.036889	-935.611600
19	0.572433	7500	-41.269348	-976.880948
20	0.554712	7500	-40.507440	-1017.388388
21	0.537324	7500	-39.745678	-1057.134065
22	0.520268	7500	-38.990714	-1096.124779
23	0.503540	7500	-38.240159	-1134.364939
24	0.487139	7500	-37.496151	-1171.861089
25	0.471063	7500	-36.755748	-1208.616838
26	0.455310	7500	-36.022070	-1244.638907
27	0.439877	7500	-35.291491	-1279.930398
28	0.424762	7500	-34.563677	-1314.494075
29	0.409963	7500	-33.844129	-1348.338204
30	0.395478	7500	-33.131787	-1381.469990
31	0.381305	7500	-32.417364	-1413.887355
32	0.367440	7500	-31.716448	-1445.603802
33	0.353883	7500	-31.014929	-1476.618732
34	0.340630	7500	-30.319243	-1506.937975
35	0.327680	7500	-29.632838	-1536.570812
36	0.315030	7500	-28.951499	-1565.522311
37	0.302677	7500	-28.269951	-1593.792263
38	0.290619	7500	-27.601190	-1621.393453
39	0.278855	7500	-26.932885	-1648.326338
40	0.267381	7500	-26.271928	-1674.598266
41	0.256195	7500	-25.609155	-1700.207422
42	0.245294	7500	-24.967832	-1725.175253
43	0.234677	7500	-24.318746	-1749.493999
44	0.224340	7500	-23.678236	-1773.172236
45	0.214281	7500	-23.048678	-1796.220913
46	0.204498	7500	-22.418881	-1818.639794
47	0.194988	7500	-21.799112	-1840.438906
48	0.185749	7500	-21.184176	-1861.623082
49	0.176777	7500	-20.576250	-1882.199332
50	0.168070	7500	-19.977404	-1902.176736
51	0.159626	7500	-19.382334	-1921.559069
52	0.151441	7500	-18.784972	-1940.344042
53	0.143514	7500	-18.201165	-1958.545207
54	0.135841	7500	-17.619585	-1976.164792
55	0.128420	7500	-17.054497	-1993.219288
56	0.121247	7500	-16.476242	-2009.695531
57	0.114320	7500	-15.936976	-2025.632507
58	0.107637	7500	-15.382988	-2041.015495
59	0.101193	7500	-14.829766	-2055.845261
60	0.094986	7500	-14.298240	-2070.143501
61	0.089014	7500	-13.769693	-2083.913194
62	0.083273	7500	-13.253222	-2097.166416
63	0.077760	7500	-12.734426	-2109.900842
64	0.072472	7500	-12.220224	-2122.121066
65	0.067406	7500	-11.718764	-2133.839830
66	0.062558	7500	-11.219424	-2145.059255
67	0.057926	7500	-10.752746	-2155.812000
68	0.053506	7500	-10.347534	-2166.159534
69	0.049295	7500	-9.964844	-2176.124378
70	0.045289	7500	-9.358725	-2185.483103
71	0.041485	7500	-8.896217	-2194.379320
72	0.037880	7500	-8.437360	-2202.816680
73	0.034469	7500	-7.982995	-2210.799675
74	0.031250	7500	-7.565729	-2218.365404
75	0.028218	7500	-7.714491	-2226.079896
76	0.025370	7500	-7.351020	-2233.430916
77	0.022702	7500	-7.428245	-2240.859161
78	0.020209	7500	-6.776348	-2247.635509
79	0.017889	7500	-6.375927	-2254.011435
80	0.015736	7500	-6.025687	-2260.037123
81	0.013746	7500	-5.583274	-2265.620397
82	0.011916	7500	-5.145936	-2270.766333
83	0.010240	7500	-4.713037	-2275.479370
84	0.008714	7500	-4.272255	-2279.751625
85	0.007334	7500	-3.920646	-2283.672271
86	0.006093	7500	-3.551789	-2287.224060
87	0.004988	7500	-3.217676	-2290.441735
88	0.004013	7500	-2.861523	-2293.303259
89	0.003162	7500	-2.506082	-2295.809340
90	0.002430	7500	-2.224197	-2298.033537
91	0.001810	7500	-1.897231	-2299.930768
92	0.001296	7500	-1.616925	-2301.547694
93	0.000882	7500	-1.333643	-2302.881336
94	0.000559	7500	-1.114973	-2303.996310
95	0.000320	7500	-0.861554	-2304.857864
96	0.000156	7500	-0.633082	-2305.490946
97	0.000057	7500	-0.402786	-2305.893732
98	0.000010	7500	-0.189025	-2306.082757
99	0.000000	7500	-0.052169	-2306.134926
Log marginal likelihood:	-2306.134926
0	0.975187	7500	-55.646229	-55.646229
1	0.950747	7500	-54.812782	-110.459011
2	0.926679	7500	-53.980072	-164.439083
3	0.902980	7500	-53.153684	-217.592767
4	0.879648	7500	-52.332265	-269.925032
5	0.856682	7500	-51.515093	-321.440124
6	0.834079	7500	-50.700199	-372.140324
7	0.811838	7500	-49.891696	-422.032020
8	0.789957	7500	-49.085622	-471.117642
9	0.768433	7500	-48.283669	-519.401311
10	0.747266	7500	-47.485400	-566.886712
11	0.726452	7500	-46.693799	-613.580511
12	0.705989	7500	-45.904002	-659.484513
13	0.685877	7500	-45.123968	-704.608481
14	0.666112	7500	-44.339804	-748.948285
15	0.646693	7500	-43.569122	-792.517408
16	0.627618	7500	-42.800047	-835.317455
17	0.608884	7500	-42.038205	-877.355660
18	0.590490	7500	-41.274046	-918.629705
19	0.572433	7500	-40.525613	-959.155318
20	0.554712	7500	-39.767762	-998.923080
21	0.537324	7500	-39.028521	-1037.951601
22	0.520268	7500	-38.282741	-1076.234342
23	0.503540	7500	-37.547447	-1113.781789
24	0.487139	7500	-36.813565	-1150.595354
25	0.471063	7500	-36.088305	-1186.683659
26	0.455310	7500	-35.370960	-1222.054619
27	0.439877	7500	-34.650554	-1256.705172
28	0.424762	7500	-33.936947	-1290.642119
29	0.409963	7500	-33.235589	-1323.877708
30	0.395478	7500	-32.526659	-1356.404367
31	0.381305	7500	-31.833823	-1388.238190
32	0.367440	7500	-31.137082	-1419.375272
33	0.353883	7500	-30.453875	-1449.829148
34	0.340630	7500	-29.774479	-1479.603626
35	0.327680	7500	-29.093874	-1508.697500
36	0.315030	7500	-28.425389	-1537.122889
37	0.302677	7500	-27.763550	-1564.886439
38	0.290619	7500	-27.102497	-1591.988936
39	0.278855	7500	-26.444497	-1618.433433
40	0.267381	7500	-25.800175	-1644.233608
41	0.256195	7500	-25.154228	-1669.387836
42	0.245294	7500	-24.513288	-1693.901124
43	0.234677	7500	-23.874487	-1717.775611
44	0.224340	7500	-23.250993	-1741.026604
45	0.214281	7500	-22.630861	-1763.657465
46	0.204498	7500	-22.019910	-1785.677375
47	0.194988	7500	-21.411038	-1807.088413
48	0.185749	7500	-20.796496	-1827.884908
49	0.176777	7500	-20.212371	-1848.097279
50	0.168070	7500	-19.610451	-1867.707730
51	0.159626	7500	-19.030767	-1886.738497
52	0.151441	7500	-18.446892	-1905.185389
53	0.143514	7500	-17.868850	-1923.054239
54	0.135841	7500	-17.308333	-1940.362571
55	0.128420	7500	-16.741239	-1957.103810
56	0.121247	7500	-16.195418	-1973.299228
57	0.114320	7500	-15.647414	-1988.946642
58	0.107637	7500	-15.097445	-2004.044087
59	0.101193	7500	-14.573340	-2018.617427
60	0.094986	7500	-14.032162	-2032.649589
61	0.089014	7500	-13.524845	-2046.174434
62	0.083273	7500	-12.999944	-2059.174378
63	0.077760	7500	-12.499546	-2071.673924
64	0.072472	7500	-11.988029	-2083.661953
65	0.067406	7500	-11.506313	-2095.168266
66	0.062558	7500	-11.025330	-2106.193597
67	0.057926	7500	-10.537987	-2116.731583
68	0.053506	7500	-10.069581	-2126.801164
69	0.049295	7500	-9.613266	-2136.414430
70	0.045289	7500	-9.827691	-2146.242121
71	0.041485	7500	-9.638846	-2155.880967
72	0.037880	7500	-8.301908	-2164.182875
73	0.034469	7500	-7.923979	-2172.106854
74	0.031250	7500	-7.450959	-2179.557813
75	0.028218	7500	-7.438327	-2186.996140
76	0.025370	7500	-7.839295	-2194.835434
77	0.022702	7500	-7.017951	-2201.853386
78	0.020209	7500	-6.573116	-2208.426502
79	0.017889	7500	-6.479281	-2214.905783
80	0.015736	7500	-6.026893	-2220.932676
81	0.013746	7500	-5.533285	-2226.465961
82	0.011916	7500	-5.068035	-2231.533996
83	0.010240	7500	-4.736183	-2236.270179
84	0.008714	7500	-4.311861	-2240.582040
85	0.007334	7500	-3.943537	-2244.525577
86	0.006093	7500	-3.535422	-2248.060999
87	0.004988	7500	-3.192133	-2251.253133
88	0.004013	7500	-2.866485	-2254.119618
89	0.003162	7500	-2.498090	-2256.617707
90	0.002430	7500	-2.209512	-2258.827220
91	0.001810	7500	-1.977298	-2260.804517
92	0.001296	7500	-1.645225	-2262.449742
93	0.000882	7500	-1.370514	-2263.820257
94	0.000559	7500	-1.096429	-2264.916686
95	0.000320	7500	-0.837396	-2265.754083
96	0.000156	7500	-0.574217	-2266.328299
97	0.000057	7500	-0.402433	-2266.730732
98	0.000010	7500	-0.168846	-2266.899578
99	0.000000	7500	-0.039692	-2266.939270
Log marginal likelihood:	-2266.939270
0	0.975187	7500	-55.638096	-55.638096
1	0.950747	7500	-54.801373	-110.439469
2	0.926679	7500	-53.971049	-164.410518
3	0.902980	7500	-53.141680	-217.552198
4	0.879648	7500	-52.317396	-269.869595
5	0.856682	7500	-51.503352	-321.372947
6	0.834079	7500	-50.688530	-372.061476
7	0.811838	7500	-49.879498	-421.940974
8	0.789957	7500	-49.074422	-471.015396
9	0.768433	7500	-48.271474	-519.286870
10	0.747266	7500	-47.475023	-566.761893
11	0.726452	7500	-46.688557	-613.450450
12	0.705989	7500	-45.896567	-659.347016
13	0.685877	7500	-45.112421	-704.459437
14	0.666112	7500	-44.338807	-748.798244
15	0.646693	7500	-43.558646	-792.356890
16	0.627618	7500	-42.790780	-835.147670
17	0.608884	7500	-42.028715	-877.176385
18	0.590490	7500	-41.270879	-918.447264
19	0.572433	7500	-40.511814	-958.959078
20	0.554712	7500	-39.763560	-998.722639
21	0.537324	7500	-39.019304	-1037.741943
22	0.520268	7500	-38.273039	-1076.014981
23	0.503540	7500	-37.541498	-1113.556479
24	0.487139	7500	-36.802043	-1150.358522
25	0.471063	7500	-36.080422	-1186.438943
26	0.455310	7500	-35.363663	-1221.802607
27	0.439877	7500	-34.641320	-1256.443927
28	0.424762	7500	-33.928283	-1290.372210
29	0.409963	7500	-33.219842	-1323.592052
30	0.395478	7500	-32.521145	-1356.113197
31	0.381305	7500	-31.827352	-1387.940549
32	0.367440	7500	-31.130124	-1419.070673
33	0.353883	7500	-30.446563	-1449.517236
34	0.340630	7500	-29.763651	-1479.280887
35	0.327680	7500	-29.094195	-1508.375082
36	0.315030	7500	-28.423322	-1536.798405
37	0.302677	7500	-27.747146	-1564.545551
38	0.290619	7500	-27.096665	-1591.642216
39	0.278855	7500	-26.436613	-1618.078829
40	0.267381	7500	-25.790597	-1643.869426
41	0.256195	7500	-25.150107	-1669.019533
42	0.245294	7500	-24.509285	-1693.528819
43	0.234677	7500	-23.874082	-1717.402901
44	0.224340	7500	-23.243555	-1740.646456
45	0.214281	7500	-22.626031	-1763.272487
46	0.204498	7500	-22.005548	-1785.278035
47	0.194988	7500	-21.405236	-1806.683271
48	0.185749	7500	-20.802939	-1827.486210
49	0.176777	7500	-20.196210	-1847.682420
50	0.168070	7500	-19.610383	-1867.292803
51	0.159626	7500	-19.018700	-1886.311503
52	0.151441	7500	-18.442244	-1904.753747
53	0.143514	7500	-17.867368	-1922.621115
54	0.135841	7500	-17.297069	-1939.918184
55	0.128420	7500	-16.734323	-1956.652507
56	0.121247	7500	-16.191749	-1972.844256
57	0.114320	7500	-15.639469	-1988.483725
58	0.107637	7500	-15.091465	-2003.575190
59	0.101193	7500	-14.560090	-2018.135280
60	0.094986	7500	-14.039648	-2032.174928
61	0.089014	7500	-13.522684	-2045.697612
62	0.083273	7500	-12.991312	-2058.688925
63	0.077760	7500	-12.497489	-2071.186414
64	0.072472	7500	-11.996255	-2083.182669
65	0.067406	7500	-11.498275	-2094.680943
66	0.062558	7500	-11.017417	-2105.698360
67	0.057926	7500	-10.537129	-2116.235489
68	0.053506	7500	-10.078012	-2126.313501
69	0.049295	7500	-9.597733	-2135.911234
70	0.045289	7500	-9.149336	-2145.060570
71	0.041485	7500	-8.711557	-2153.772127
72	0.037880	7500	-8.301139	-2162.073266
73	0.034469	7500	-7.862323	-2169.935589
74	0.031250	7500	-7.440473	-2177.376062
75	0.028218	7500	-7.045428	-2184.421490
76	0.025370	7500	-6.661903	-2191.083393
77	0.022702	7500	-6.330777	-2197.414170
78	0.020209	7500	-6.954379	-2204.368549
79	0.017889	7500	-6.421468	-2210.790017
80	0.015736	7500	-6.021350	-2216.811368
81	0.013746	7500	-5.583806	-2222.395173
82	0.011916	7500	-5.076453	-2227.471627
83	0.010240	7500	-4.735370	-2232.206996
84	0.008714	7500	-4.330272	-2236.537269
85	0.007334	7500	-3.946960	-2240.484228
86	0.006093	7500	-3.565000	-2244.049229
87	0.004988	7500	-3.221798	-2247.271027
88	0.004013	7500	-2.871186	-2250.142213
89	0.003162	7500	-2.529360	-2252.671573
90	0.002430	7500	-2.230107	-2254.901680
91	0.001810	7500	-1.905967	-2256.807647
92	0.001296	7500	-1.668188	-2258.475835
93	0.000882	7500	-1.366613	-2259.842449
94	0.000559	7500	-1.084259	-2260.926708
95	0.000320	7500	-0.817220	-2261.743929
96	0.000156	7500	-0.589308	-2262.333237
97	0.000057	7500	-0.384304	-2262.717540
98	0.000010	7500	-0.180417	-2262.897957
99	0.000000	7500	-0.049416	-2262.947373
Log marginal likelihood:	-2262.947373
0	0.975187	7500	-56.995167	-56.995167
1	0.950747	7500	-56.139645	-113.134812
2	0.926679	7500	-55.286786	-168.421598
3	0.902980	7500	-54.438106	-222.859703
4	0.879648	7500	-53.596964	-276.456668
5	0.856682	7500	-52.762598	-329.219266
6	0.834079	7500	-51.921820	-381.141086
7	0.811838	7500	-51.094051	-432.235137
8	0.789957	7500	-50.268352	-482.503489
9	0.768433	7500	-49.448357	-531.951845
10	0.747266	7500	-48.637597	-580.589443
11	0.726452	7500	-47.823705	-628.413147
12	0.705989	7500	-47.014845	-675.427992
13	0.685877	7500	-46.210890	-721.638883
14	0.666112	7500	-45.413507	-767.052390
15	0.646693	7500	-44.625350	-811.677740
16	0.627618	7500	-43.836180	-855.513919
17	0.608884	7500	-43.054113	-898.568033
18	0.590490	7500	-42.276616	-940.844649
19	0.572433	7500	-41.496961	-982.341610
20	0.554712	7500	-40.734593	-1023.076204
21	0.537324	7500	-39.969533	-1063.045737
22	0.520268	7500	-39.207980	-1102.253716
23	0.503540	7500	-38.453472	-1140.707188
24	0.487139	7500	-37.704746	-1178.411935
25	0.471063	7500	-36.964657	-1215.376592
26	0.455310	7500	-36.221922	-1251.598514
27	0.439877	7500	-35.486445	-1287.084959
28	0.424762	7500	-34.756971	-1321.841930
29	0.409963	7500	-34.036521	-1355.878451
30	0.395478	7500	-33.312936	-1389.191387
31	0.381305	7500	-32.600843	-1421.792230
32	0.367440	7500	-31.894957	-1453.687187
33	0.353883	7500	-31.190062	-1484.877249
34	0.340630	7500	-30.489266	-1515.366515
35	0.327680	7500	-29.801292	-1545.167807
36	0.315030	7500	-29.116010	-1574.283817
37	0.302677	7500	-28.426755	-1602.710572
38	0.290619	7500	-27.754292	-1630.464864
39	0.278855	7500	-27.079146	-1657.544011
40	0.267381	7500	-26.417388	-1683.961399
41	0.256195	7500	-25.760113	-1709.721511
42	0.245294	7500	-25.108302	-1734.829813
43	0.234677	7500	-24.453940	-1759.283753
44	0.224340	7500	-23.813880	-1783.097633
45	0.214281	7500	-23.177537	-1806.275171
46	0.204498	7500	-22.546968	-1828.822139
47	0.194988	7500	-21.926143	-1850.748282
48	0.185749	7500	-21.300693	-1872.048976
49	0.176777	7500	-20.688104	-1892.737079
50	0.168070	7500	-20.082237	-1912.819317
51	0.159626	7500	-19.488380	-1932.307697
52	0.151441	7500	-18.897283	-1951.204979
53	0.143514	7500	-18.298682	-1969.503661
54	0.135841	7500	-17.721050	-1987.224711
55	0.128420	7500	-17.147411	-2004.372122
56	0.121247	7500	-16.575280	-2020.947402
57	0.114320	7500	-16.017590	-2036.964993
58	0.107637	7500	-15.458747	-2052.423740
59	0.101193	7500	-14.911966	-2067.335705
60	0.094986	7500	-14.383852	-2081.719557
61	0.089014	7500	-13.848430	-2095.567986
62	0.083273	7500	-13.312063	-2108.880049
63	0.077760	7500	-12.797712	-2121.677761
64	0.072472	7500	-12.285495	-2133.963256
65	0.067406	7500	-11.780203	-2145.743459
66	0.062558	7500	-11.276709	-2157.020167
67	0.057926	7500	-10.780210	-2167.800377
68	0.053506	7500	-10.317138	-2178.117515
69	0.049295	7500	-9.819634	-2187.937149
70	0.045289	7500	-10.014075	-2197.951225
71	0.041485	7500	-9.813939	-2207.765163
72	0.037880	7500	-8.495105	-2216.260268
73	0.034469	7500	-8.086110	-2224.346378
74	0.031250	7500	-7.793552	-2232.139930
75	0.028218	7500	-7.164698	-2239.304628
76	0.025370	7500	-7.293110	-2246.597738
77	0.022702	7500	-7.411202	-2254.008940
78	0.020209	7500	-6.960806	-2260.969746
79	0.017889	7500	-6.294817	-2267.264563
80	0.015736	7500	-6.042798	-2273.307360
81	0.013746	7500	-5.508848	-2278.816209
82	0.011916	7500	-5.172457	-2283.988666
83	0.010240	7500	-4.741838	-2288.730503
84	0.008714	7500	-4.224861	-2292.955364
85	0.007334	7500	-3.951290	-2296.906655
86	0.006093	7500	-3.562761	-2300.469416
87	0.004988	7500	-3.223767	-2303.693183
88	0.004013	7500	-2.860090	-2306.553273
89	0.003162	7500	-2.521152	-2309.074424
90	0.002430	7500	-2.214979	-2311.289403
91	0.001810	7500	-1.899270	-2313.188673
92	0.001296	7500	-1.630644	-2314.819317
93	0.000882	7500	-1.358064	-2316.177381
94	0.000559	7500	-1.163271	-2317.340652
95	0.000320	7500	-0.817507	-2318.158159
96	0.000156	7500	-0.608916	-2318.767075
97	0.000057	7500	-0.400994	-2319.168068
98	0.000010	7500	-0.198988	-2319.367056
99	0.000000	7500	-0.037074	-2319.404130
Log marginal likelihood:	-2319.404130
0	0.975187	7500	-55.512576	-55.512576
1	0.950747	7500	-54.678555	-110.191131
2	0.926679	7500	-53.849388	-164.040519
3	0.902980	7500	-53.023265	-217.063785
4	0.879648	7500	-52.206932	-269.270716
5	0.856682	7500	-51.387156	-320.657873
6	0.834079	7500	-50.576081	-371.233954
7	0.811838	7500	-49.765883	-420.999837
8	0.789957	7500	-48.964907	-469.964744
9	0.768433	7500	-48.165894	-518.130637
10	0.747266	7500	-47.371128	-565.501765
11	0.726452	7500	-46.576336	-612.078101
12	0.705989	7500	-45.796878	-657.874979
13	0.685877	7500	-45.018266	-702.893245
14	0.666112	7500	-44.235017	-747.128262
15	0.646693	7500	-43.466294	-790.594556
16	0.627618	7500	-42.698280	-833.292836
17	0.608884	7500	-41.935302	-875.228138
18	0.590490	7500	-41.177216	-916.405353
19	0.572433	7500	-40.422108	-956.827461
20	0.554712	7500	-39.676062	-996.503524
21	0.537324	7500	-38.929922	-1035.433445
22	0.520268	7500	-38.189751	-1073.623197
23	0.503540	7500	-37.453355	-1111.076551
24	0.487139	7500	-36.730740	-1147.807292
25	0.471063	7500	-36.002302	-1183.809594
26	0.455310	7500	-35.280004	-1219.089598
27	0.439877	7500	-34.563233	-1253.652831
28	0.424762	7500	-33.858178	-1287.511009
29	0.409963	7500	-33.152310	-1320.663319
30	0.395478	7500	-32.450650	-1353.113969
31	0.381305	7500	-31.755276	-1384.869245
32	0.367440	7500	-31.064024	-1415.933270
33	0.353883	7500	-30.379106	-1446.312376
34	0.340630	7500	-29.702720	-1476.015096
35	0.327680	7500	-29.024335	-1505.039431
36	0.315030	7500	-28.359916	-1533.399348
37	0.302677	7500	-27.694866	-1561.094214
38	0.290619	7500	-27.037914	-1588.132128
39	0.278855	7500	-26.380696	-1614.512824
40	0.267381	7500	-25.727027	-1640.239851
41	0.256195	7500	-25.096624	-1665.336474
42	0.245294	7500	-24.450375	-1689.786849
43	0.234677	7500	-23.825568	-1713.612417
44	0.224340	7500	-23.195762	-1736.808179
45	0.214281	7500	-22.576117	-1759.384296
46	0.204498	7500	-21.968016	-1781.352312
47	0.194988	7500	-21.350384	-1802.702696
48	0.185749	7500	-20.743916	-1823.446612
49	0.176777	7500	-20.151784	-1843.598397
50	0.168070	7500	-19.567462	-1863.165859
51	0.159626	7500	-18.986577	-1882.152436
52	0.151441	7500	-18.396439	-1900.548874
53	0.143514	7500	-17.835689	-1918.384564
54	0.135841	7500	-17.256628	-1935.641192
55	0.128420	7500	-16.699988	-1952.341181
56	0.121247	7500	-16.155926	-1968.497106
57	0.114320	7500	-15.610291	-1984.107397
58	0.107637	7500	-15.071317	-1999.178714
59	0.101193	7500	-14.536383	-2013.715097
60	0.094986	7500	-13.995948	-2027.711045
61	0.089014	7500	-13.488384	-2041.199428
62	0.083273	7500	-12.964447	-2054.163875
63	0.077760	7500	-12.465035	-2066.628910
64	0.072472	7500	-11.968308	-2078.597218
65	0.067406	7500	-11.478184	-2090.075402
66	0.062558	7500	-11.000198	-2101.075600
67	0.057926	7500	-10.505703	-2111.581303
68	0.053506	7500	-10.053966	-2121.635269
69	0.049295	7500	-9.607301	-2131.242570
70	0.045289	7500	-9.142897	-2140.385467
71	0.041485	7500	-8.685724	-2149.071191
72	0.037880	7500	-8.440608	-2157.511799
73	0.034469	7500	-7.831383	-2165.343182
74	0.031250	7500	-7.803189	-2173.146371
75	0.028218	7500	-7.677801	-2180.824171
76	0.025370	7500	-7.226938	-2188.051109
77	0.022702	7500	-7.161419	-2195.212528
78	0.020209	7500	-6.940942	-2202.153470
79	0.017889	7500	-6.221378	-2208.374849
80	0.015736	7500	-5.995821	-2214.370670
81	0.013746	7500	-5.579674	-2219.950344
82	0.011916	7500	-5.153986	-2225.104330
83	0.010240	7500	-4.717469	-2229.821798
84	0.008714	7500	-4.335949	-2234.157747
85	0.007334	7500	-3.931492	-2238.089239
86	0.006093	7500	-3.562838	-2241.652077
87	0.004988	7500	-3.177165	-2244.829241
88	0.004013	7500	-2.846702	-2247.675943
89	0.003162	7500	-2.540123	-2250.216066
90	0.002430	7500	-2.203954	-2252.420020
91	0.001810	7500	-1.894662	-2254.314682
92	0.001296	7500	-1.606384	-2255.921066
93	0.000882	7500	-1.362109	-2257.283175
94	0.000559	7500	-1.070239	-2258.353414
95	0.000320	7500	-0.924687	-2259.278101
96	0.000156	7500	-0.621215	-2259.899316
97	0.000057	7500	-0.374539	-2260.273854
98	0.000010	7500	-0.195447	-2260.469301
99	0.000000	7500	-0.043680	-2260.512981
Log marginal likelihood:	-2260.512981
0	0.975187	7500	-56.021550	-56.021550
1	0.950747	7500	-55.177666	-111.199216
2	0.926679	7500	-54.342048	-165.541264
3	0.902980	7500	-53.512225	-219.053489
4	0.879648	7500	-52.685396	-271.738885
5	0.856682	7500	-51.859811	-323.598696
6	0.834079	7500	-51.040356	-374.639052
7	0.811838	7500	-50.227099	-424.866151
8	0.789957	7500	-49.415468	-474.281619
9	0.768433	7500	-48.604325	-522.885944
10	0.747266	7500	-47.805027	-570.690971
11	0.726452	7500	-47.009392	-617.700363
12	0.705989	7500	-46.213698	-663.914061
13	0.685877	7500	-45.427892	-709.341953
14	0.666112	7500	-44.641605	-753.983558
15	0.646693	7500	-43.860928	-797.844486
16	0.627618	7500	-43.090682	-840.935168
17	0.608884	7500	-42.319810	-883.254978
18	0.590490	7500	-41.552193	-924.807172
19	0.572433	7500	-40.795077	-965.602249
20	0.554712	7500	-40.044988	-1005.647236
21	0.537324	7500	-39.286634	-1044.933870
22	0.520268	7500	-38.542051	-1083.475921
23	0.503540	7500	-37.802466	-1121.278388
24	0.487139	7500	-37.060498	-1158.338885
25	0.471063	7500	-36.334001	-1194.672887
26	0.455310	7500	-35.600332	-1230.273218
27	0.439877	7500	-34.881112	-1265.154331
28	0.424762	7500	-34.174664	-1299.328994
29	0.409963	7500	-33.456892	-1332.785886
30	0.395478	7500	-32.745143	-1365.531029
31	0.381305	7500	-32.043345	-1397.574374
32	0.367440	7500	-31.349000	-1428.923374
33	0.353883	7500	-30.656166	-1459.579540
34	0.340630	7500	-29.974319	-1489.553859
35	0.327680	7500	-29.294377	-1518.848235
36	0.315030	7500	-28.615058	-1547.463293
37	0.302677	7500	-27.947224	-1575.410518
38	0.290619	7500	-27.279039	-1602.689557
39	0.278855	7500	-26.620173	-1629.309730
40	0.267381	7500	-25.971208	-1655.280937
41	0.256195	7500	-25.321655	-1680.602593
42	0.245294	7500	-24.673383	-1705.275975
43	0.234677	7500	-24.044152	-1729.320127
44	0.224340	7500	-23.407230	-1752.727357
45	0.214281	7500	-22.788616	-1775.515974
46	0.204498	7500	-22.157954	-1797.673927
47	0.194988	7500	-21.551651	-1819.225578
48	0.185749	7500	-20.936913	-1840.162491
49	0.176777	7500	-20.342815	-1860.505306
50	0.168070	7500	-19.740125	-1880.245430
51	0.159626	7500	-19.150840	-1899.396270
52	0.151441	7500	-18.573451	-1917.969721
53	0.143514	7500	-17.986612	-1935.956333
54	0.135841	7500	-17.415883	-1953.372215
55	0.128420	7500	-16.851099	-1970.223315
56	0.121247	7500	-16.307250	-1986.530564
57	0.114320	7500	-15.741322	-2002.271886
58	0.107637	7500	-15.202588	-2017.474474
59	0.101193	7500	-14.673761	-2032.148235
60	0.094986	7500	-14.141598	-2046.289834
61	0.089014	7500	-13.617253	-2059.907087
62	0.083273	7500	-13.093789	-2073.000876
63	0.077760	7500	-12.578780	-2085.579656
64	0.072472	7500	-12.090515	-2097.670171
65	0.067406	7500	-11.575057	-2109.245227
66	0.062558	7500	-11.102527	-2120.347754
67	0.057926	7500	-10.612198	-2130.959952
68	0.053506	7500	-10.140102	-2141.100054
69	0.049295	7500	-9.670720	-2150.770774
70	0.045289	7500	-9.228884	-2159.999658
71	0.041485	7500	-8.764277	-2168.763935
72	0.037880	7500	-8.389312	-2177.153247
73	0.034469	7500	-7.922703	-2185.075950
74	0.031250	7500	-7.777278	-2192.853228
75	0.028218	7500	-7.242223	-2200.095451
76	0.025370	7500	-7.243663	-2207.339114
77	0.022702	7500	-7.418823	-2214.757937
78	0.020209	7500	-6.922489	-2221.680426
79	0.017889	7500	-6.472713	-2228.153139
80	0.015736	7500	-6.022992	-2234.176131
81	0.013746	7500	-5.578911	-2239.755042
82	0.011916	7500	-5.144247	-2244.899289
83	0.010240	7500	-4.733454	-2249.632744
84	0.008714	7500	-4.321015	-2253.953759
85	0.007334	7500	-3.924148	-2257.877907
86	0.006093	7500	-3.514710	-2261.392618
87	0.004988	7500	-3.199381	-2264.591999
88	0.004013	7500	-2.864770	-2267.456768
89	0.003162	7500	-2.521647	-2269.978416
90	0.002430	7500	-2.216290	-2272.194705
91	0.001810	7500	-1.898788	-2274.093493
92	0.001296	7500	-1.682474	-2275.775967
93	0.000882	7500	-1.422870	-2277.198837
94	0.000559	7500	-1.113154	-2278.311991
95	0.000320	7500	-0.847175	-2279.159166
96	0.000156	7500	-0.630114	-2279.789280
97	0.000057	7500	-0.427251	-2280.216531
98	0.000010	7500	-0.221244	-2280.437776
99	0.000000	7500	-0.050944	-2280.488720
Log marginal likelihood:	-2280.488720
0	0.975187	7500	-55.956501	-55.956501
1	0.950747	7500	-55.118320	-111.074821
2	0.926679	7500	-54.284242	-165.359063
3	0.902980	7500	-53.450853	-218.809916
4	0.879648	7500	-52.621877	-271.431793
5	0.856682	7500	-51.799530	-323.231323
6	0.834079	7500	-50.978368	-374.209690
7	0.811838	7500	-50.167222	-424.376912
8	0.789957	7500	-49.356217	-473.733129
9	0.768433	7500	-48.550233	-522.283363
10	0.747266	7500	-47.752293	-570.035656
11	0.726452	7500	-46.954467	-616.990123
12	0.705989	7500	-46.164572	-663.154695
13	0.685877	7500	-45.372319	-708.527015
14	0.666112	7500	-44.596136	-753.123151
15	0.646693	7500	-43.814712	-796.937863
16	0.627618	7500	-43.043110	-839.980973
17	0.608884	7500	-42.275105	-882.256078
18	0.590490	7500	-41.506508	-923.762585
19	0.572433	7500	-40.746080	-964.508665
20	0.554712	7500	-39.997453	-1004.506118
21	0.537324	7500	-39.244373	-1043.750491
22	0.520268	7500	-38.493713	-1082.244205
23	0.503540	7500	-37.759652	-1120.003856
24	0.487139	7500	-37.022444	-1157.026300
25	0.471063	7500	-36.289781	-1193.316081
26	0.455310	7500	-35.563620	-1228.879701
27	0.439877	7500	-34.841684	-1263.721385
28	0.424762	7500	-34.127969	-1297.849354
29	0.409963	7500	-33.413604	-1331.262958
30	0.395478	7500	-32.709787	-1363.972745
31	0.381305	7500	-32.008404	-1395.981149
32	0.367440	7500	-31.313143	-1427.294292
33	0.353883	7500	-30.622133	-1457.916425
34	0.340630	7500	-29.936423	-1487.852849
35	0.327680	7500	-29.258628	-1517.111477
36	0.315030	7500	-28.585129	-1545.696606
37	0.302677	7500	-27.916305	-1573.612911
38	0.290619	7500	-27.249312	-1600.862223
39	0.278855	7500	-26.595510	-1627.457732
40	0.267381	7500	-25.938273	-1653.396005
41	0.256195	7500	-25.286773	-1678.682779
42	0.245294	7500	-24.645880	-1703.328658
43	0.234677	7500	-24.016135	-1727.344793
44	0.224340	7500	-23.381216	-1750.726009
45	0.214281	7500	-22.756976	-1773.482985
46	0.204498	7500	-22.139518	-1795.622502
47	0.194988	7500	-21.521602	-1817.144104
48	0.185749	7500	-20.919678	-1838.063782
49	0.176777	7500	-20.310304	-1858.374086
50	0.168070	7500	-19.724708	-1878.098794
51	0.159626	7500	-19.133287	-1897.232081
52	0.151441	7500	-18.557122	-1915.789203
53	0.143514	7500	-17.975071	-1933.764274
54	0.135841	7500	-17.399847	-1951.164120
55	0.128420	7500	-16.831874	-1967.995995
56	0.121247	7500	-16.272628	-1984.268623
57	0.114320	7500	-15.727682	-1999.996304
58	0.107637	7500	-15.193899	-2015.190204
59	0.101193	7500	-14.663686	-2029.853889
60	0.094986	7500	-14.156472	-2044.010361
61	0.089014	7500	-13.584127	-2057.594488
62	0.083273	7500	-13.059385	-2070.653873
63	0.077760	7500	-12.545272	-2083.199145
64	0.072472	7500	-12.058661	-2095.257806
65	0.067406	7500	-11.590561	-2106.848367
66	0.062558	7500	-11.095232	-2117.943599
67	0.057926	7500	-10.629354	-2128.572953
68	0.053506	7500	-10.155583	-2138.728536
69	0.049295	7500	-9.666815	-2148.395350
70	0.045289	7500	-9.174859	-2157.570209
71	0.041485	7500	-8.772079	-2166.342289
72	0.037880	7500	-8.299173	-2174.641462
73	0.034469	7500	-7.851898	-2182.493359
74	0.031250	7500	-7.427492	-2189.920851
75	0.028218	7500	-7.001350	-2196.922201
76	0.025370	7500	-6.636944	-2203.559145
77	0.022702	7500	-6.200524	-2209.759669
78	0.020209	7500	-6.282496	-2216.042165
79	0.017889	7500	-6.474924	-2222.517088
80	0.015736	7500	-6.026855	-2228.543943
81	0.013746	7500	-5.544043	-2234.087986
82	0.011916	7500	-5.038177	-2239.126163
83	0.010240	7500	-4.695226	-2243.821389
84	0.008714	7500	-4.316860	-2248.138249
85	0.007334	7500	-3.938956	-2252.077204
86	0.006093	7500	-3.528329	-2255.605534
87	0.004988	7500	-3.203990	-2258.809524
88	0.004013	7500	-2.851824	-2261.661348
89	0.003162	7500	-2.529399	-2264.190747
90	0.002430	7500	-2.191894	-2266.382642
91	0.001810	7500	-1.911198	-2268.293840
92	0.001296	7500	-1.642525	-2269.936364
93	0.000882	7500	-1.384188	-2271.320552
94	0.000559	7500	-1.106645	-2272.427197
95	0.000320	7500	-0.810949	-2273.238146
96	0.000156	7500	-0.611714	-2273.849861
97	0.000057	7500	-0.403057	-2274.252917
98	0.000010	7500	-0.201003	-2274.453921
99	0.000000	7500	-0.040340	-2274.494261
Log marginal likelihood:	-2274.494261
0	0.975187	7500	-55.587920	-55.587920
1	0.950747	7500	-54.752024	-110.339945
2	0.926679	7500	-53.924632	-164.264577
3	0.902980	7500	-53.097507	-217.362084
4	0.879648	7500	-52.277017	-269.639100
5	0.856682	7500	-51.459838	-321.098939
6	0.834079	7500	-50.643279	-371.742218
7	0.811838	7500	-49.834348	-421.576566
8	0.789957	7500	-49.029838	-470.606404
9	0.768433	7500	-48.230923	-518.837327
10	0.747266	7500	-47.437586	-566.274913
11	0.726452	7500	-46.648422	-612.923334
12	0.705989	7500	-45.859286	-658.782620
13	0.685877	7500	-45.075356	-703.857976
14	0.666112	7500	-44.297450	-748.155426
15	0.646693	7500	-43.521411	-791.676837
16	0.627618	7500	-42.754076	-834.430912
17	0.608884	7500	-41.992647	-876.423559
18	0.590490	7500	-41.237074	-917.660633
19	0.572433	7500	-40.483387	-958.144020
20	0.554712	7500	-39.726643	-997.870663
21	0.537324	7500	-38.983381	-1036.854044
22	0.520268	7500	-38.237484	-1075.091528
23	0.503540	7500	-37.505569	-1112.597097
24	0.487139	7500	-36.776013	-1149.373110
25	0.471063	7500	-36.049591	-1185.422701
26	0.455310	7500	-35.325451	-1220.748152
27	0.439877	7500	-34.612392	-1255.360545
28	0.424762	7500	-33.902269	-1289.262814
29	0.409963	7500	-33.198785	-1322.461599
30	0.395478	7500	-32.494219	-1354.955818
31	0.381305	7500	-31.793710	-1386.749528
32	0.367440	7500	-31.109605	-1417.859134
33	0.353883	7500	-30.422796	-1448.281929
34	0.340630	7500	-29.737756	-1478.019685
35	0.327680	7500	-29.063476	-1507.083161
36	0.315030	7500	-28.393229	-1535.476391
37	0.302677	7500	-27.732944	-1563.209335
38	0.290619	7500	-27.063939	-1590.273274
39	0.278855	7500	-26.415052	-1616.688327
40	0.267381	7500	-25.767539	-1642.455865
41	0.256195	7500	-25.122909	-1667.578774
42	0.245294	7500	-24.477940	-1692.056714
43	0.234677	7500	-23.859712	-1715.916426
44	0.224340	7500	-23.222503	-1739.138930
45	0.214281	7500	-22.609383	-1761.748313
46	0.204498	7500	-21.988559	-1783.736872
47	0.194988	7500	-21.380968	-1805.117839
48	0.185749	7500	-20.779527	-1825.897366
49	0.176777	7500	-20.185914	-1846.083280
50	0.168070	7500	-19.593211	-1865.676491
51	0.159626	7500	-19.003855	-1884.680345
52	0.151441	7500	-18.425221	-1903.105566
53	0.143514	7500	-17.856287	-1920.961854
54	0.135841	7500	-17.289938	-1938.251792
55	0.128420	7500	-16.720047	-1954.971839
56	0.121247	7500	-16.181245	-1971.153084
57	0.114320	7500	-15.639307	-1986.792391
58	0.107637	7500	-15.075625	-2001.868016
59	0.101193	7500	-14.546608	-2016.414624
60	0.094986	7500	-14.013909	-2030.428533
61	0.089014	7500	-13.517146	-2043.945679
62	0.083273	7500	-12.989297	-2056.934975
63	0.077760	7500	-12.482014	-2069.416989
64	0.072472	7500	-11.976378	-2081.393366
65	0.067406	7500	-11.503797	-2092.897163
66	0.062558	7500	-11.010619	-2103.907782
67	0.057926	7500	-10.528630	-2114.436412
68	0.053506	7500	-10.057636	-2124.494049
69	0.049295	7500	-9.605470	-2134.099519
70	0.045289	7500	-9.152154	-2143.251673
71	0.041485	7500	-8.706948	-2151.958620
72	0.037880	7500	-8.418941	-2160.377562
73	0.034469	7500	-8.605039	-2168.982601
74	0.031250	7500	-8.165140	-2177.147741
75	0.028218	7500	-7.470111	-2184.617852
76	0.025370	7500	-6.987257	-2191.605109
77	0.022702	7500	-7.029405	-2198.634513
78	0.020209	7500	-6.454245	-2205.088759
79	0.017889	7500	-5.710592	-2210.799351
80	0.015736	7500	-6.022285	-2216.821636
81	0.013746	7500	-5.461165	-2222.282801
82	0.011916	7500	-5.151326	-2227.434127
83	0.010240	7500	-4.723083	-2232.157210
84	0.008714	7500	-4.294328	-2236.451539
85	0.007334	7500	-3.933280	-2240.384819
86	0.006093	7500	-3.546002	-2243.930821
87	0.004988	7500	-3.192074	-2247.122895
88	0.004013	7500	-2.865017	-2249.987912
89	0.003162	7500	-2.520591	-2252.508503
90	0.002430	7500	-2.206669	-2254.715172
91	0.001810	7500	-1.936763	-2256.651935
92	0.001296	7500	-1.604397	-2258.256332
93	0.000882	7500	-1.359572	-2259.615904
94	0.000559	7500	-1.101841	-2260.717746
95	0.000320	7500	-0.825685	-2261.543431
96	0.000156	7500	-0.614815	-2262.158245
97	0.000057	7500	-0.354272	-2262.512518
98	0.000010	7500	-0.188190	-2262.700708
99	0.000000	7500	-0.041427	-2262.742135
Log marginal likelihood:	-2262.742135
0	0.975187	7500	-55.349346	-55.349346
1	0.950747	7500	-54.518460	-109.867806
2	0.926679	7500	-53.690370	-163.558175
3	0.902980	7500	-52.869578	-216.427754
4	0.879648	7500	-52.052351	-268.480105
5	0.856682	7500	-51.235419	-319.715524
6	0.834079	7500	-50.429177	-370.144701
7	0.811838	7500	-49.623181	-419.767882
8	0.789957	7500	-48.821880	-468.589762
9	0.768433	7500	-48.023103	-516.612865
10	0.747266	7500	-47.230788	-563.843654
11	0.726452	7500	-46.446268	-610.289921
12	0.705989	7500	-45.661439	-655.951361
13	0.685877	7500	-44.884280	-700.835641
14	0.666112	7500	-44.108877	-744.944518
15	0.646693	7500	-43.336882	-788.281400
16	0.627618	7500	-42.571904	-830.853304
17	0.608884	7500	-41.812870	-872.666175
18	0.590490	7500	-41.055375	-913.721550
19	0.572433	7500	-40.300518	-954.022068
20	0.554712	7500	-39.560941	-993.583010
21	0.537324	7500	-38.814428	-1032.397437
22	0.520268	7500	-38.076789	-1070.474226
23	0.503540	7500	-37.344531	-1107.818756
24	0.487139	7500	-36.614451	-1144.433207
25	0.471063	7500	-35.894178	-1180.327385
26	0.455310	7500	-35.180005	-1215.507390
27	0.439877	7500	-34.467930	-1249.975321
28	0.424762	7500	-33.754052	-1283.729373
29	0.409963	7500	-33.051265	-1316.780638
30	0.395478	7500	-32.356881	-1349.137519
31	0.381305	7500	-31.660723	-1380.798241
32	0.367440	7500	-30.968899	-1411.767141
33	0.353883	7500	-30.289420	-1442.056560
34	0.340630	7500	-29.620036	-1471.676597
35	0.327680	7500	-28.943404	-1500.620000
36	0.315030	7500	-28.270519	-1528.890520
37	0.302677	7500	-27.609081	-1556.499600
38	0.290619	7500	-26.955506	-1583.455106
39	0.278855	7500	-26.305131	-1609.760237
40	0.267381	7500	-25.660899	-1635.421137
41	0.256195	7500	-25.017818	-1660.438954
42	0.245294	7500	-24.379970	-1684.818925
43	0.234677	7500	-23.750809	-1708.569734
44	0.224340	7500	-23.130677	-1731.700410
45	0.214281	7500	-22.507045	-1754.207455
46	0.204498	7500	-21.897649	-1776.105105
47	0.194988	7500	-21.293091	-1797.398196
48	0.185749	7500	-20.689913	-1818.088109
49	0.176777	7500	-20.095944	-1838.184053
50	0.168070	7500	-19.509740	-1857.693792
51	0.159626	7500	-18.918896	-1876.612688
52	0.151441	7500	-18.344860	-1894.957548
53	0.143514	7500	-17.778938	-1912.736486
54	0.135841	7500	-17.212953	-1929.949439
55	0.128420	7500	-16.650661	-1946.600099
56	0.121247	7500	-16.102935	-1962.703034
57	0.114320	7500	-15.556067	-1978.259101
58	0.107637	7500	-15.020827	-1993.279927
59	0.101193	7500	-14.487295	-2007.767222
60	0.094986	7500	-13.957651	-2021.724874
61	0.089014	7500	-13.437819	-2035.162693
62	0.083273	7500	-12.935742	-2048.098435
63	0.077760	7500	-12.440680	-2060.539115
64	0.072472	7500	-11.937095	-2072.476210
65	0.067406	7500	-11.439000	-2083.915210
66	0.062558	7500	-10.954156	-2094.869367
67	0.057926	7500	-10.485737	-2105.355103
68	0.053506	7500	-10.022197	-2115.377300
69	0.049295	7500	-9.570156	-2124.947457
70	0.045289	7500	-9.118366	-2134.065823
71	0.041485	7500	-8.664176	-2142.729999
72	0.037880	7500	-8.252306	-2150.982305
73	0.034469	7500	-7.832259	-2158.814564
74	0.031250	7500	-7.652047	-2166.466612
75	0.028218	7500	-7.008861	-2173.475472
76	0.025370	7500	-7.168105	-2180.643577
77	0.022702	7500	-6.903491	-2187.547069
78	0.020209	7500	-6.547886	-2194.094955
79	0.017889	7500	-6.083556	-2200.178511
80	0.015736	7500	-5.893728	-2206.072239
81	0.013746	7500	-5.511132	-2211.583371
82	0.011916	7500	-5.090464	-2216.673834
83	0.010240	7500	-4.721119	-2221.394954
84	0.008714	7500	-4.313254	-2225.708207
85	0.007334	7500	-3.917004	-2229.625212
86	0.006093	7500	-3.461181	-2233.086393
87	0.004988	7500	-3.182952	-2236.269345
88	0.004013	7500	-2.874801	-2239.144146
89	0.003162	7500	-2.494096	-2241.638242
90	0.002430	7500	-2.212945	-2243.851187
91	0.001810	7500	-1.908326	-2245.759513
92	0.001296	7500	-1.616887	-2247.376400
93	0.000882	7500	-1.368374	-2248.744774
94	0.000559	7500	-1.184738	-2249.929512
95	0.000320	7500	-0.864957	-2250.794469
96	0.000156	7500	-0.559969	-2251.354438
97	0.000057	7500	-0.407627	-2251.762065
98	0.000010	7500	-0.180062	-2251.942127
99	0.000000	7500	-0.047612	-2251.989739
Log marginal likelihood:	-2251.989739
0	0.975187	7500	-56.629124	-56.629124
1	0.950747	7500	-55.781152	-112.410276
2	0.926679	7500	-54.933691	-167.343966
3	0.902980	7500	-54.094970	-221.438937
4	0.879648	7500	-53.253589	-274.692526
5	0.856682	7500	-52.427554	-327.120080
6	0.834079	7500	-51.597771	-378.717851
7	0.811838	7500	-50.766831	-429.484682
8	0.789957	7500	-49.947938	-479.432621
9	0.768433	7500	-49.135143	-528.567764
10	0.747266	7500	-48.325465	-576.893229
11	0.726452	7500	-47.519849	-624.413078
12	0.705989	7500	-46.720246	-671.133323
13	0.685877	7500	-45.925795	-717.059119
14	0.666112	7500	-45.126639	-762.185758
15	0.646693	7500	-44.340787	-806.526544
16	0.627618	7500	-43.555500	-850.082045
17	0.608884	7500	-42.780879	-892.862924
18	0.590490	7500	-42.009147	-934.872071
19	0.572433	7500	-41.241294	-976.113364
20	0.554712	7500	-40.475240	-1016.588604
21	0.537324	7500	-39.716897	-1056.305501
22	0.520268	7500	-38.960817	-1095.266318
23	0.503540	7500	-38.212769	-1133.479087
24	0.487139	7500	-37.464893	-1170.943980
25	0.471063	7500	-36.724657	-1207.668637
26	0.455310	7500	-35.991332	-1243.659969
27	0.439877	7500	-35.260554	-1278.920523
28	0.424762	7500	-34.531679	-1313.452202
29	0.409963	7500	-33.816296	-1347.268498
30	0.395478	7500	-33.101090	-1380.369588
31	0.381305	7500	-32.392185	-1412.761773
32	0.367440	7500	-31.689414	-1444.451187
33	0.353883	7500	-30.991711	-1475.442898
34	0.340630	7500	-30.299081	-1505.741979
35	0.327680	7500	-29.608115	-1535.350094
36	0.315030	7500	-28.925986	-1564.276080
37	0.302677	7500	-28.245678	-1592.521759
38	0.290619	7500	-27.579061	-1620.100820
39	0.278855	7500	-26.908790	-1647.009610
40	0.267381	7500	-26.249223	-1673.258833
41	0.256195	7500	-25.597518	-1698.856351
42	0.245294	7500	-24.950458	-1723.806809
43	0.234677	7500	-24.301500	-1748.108309
44	0.224340	7500	-23.661279	-1771.769587
45	0.214281	7500	-23.033568	-1794.803156
46	0.204498	7500	-22.407646	-1817.210802
47	0.194988	7500	-21.780723	-1838.991525
48	0.185749	7500	-21.168536	-1860.160060
49	0.176777	7500	-20.563219	-1880.723280
50	0.168070	7500	-19.959465	-1900.682745
51	0.159626	7500	-19.359180	-1920.041925
52	0.151441	7500	-18.777762	-1938.819687
53	0.143514	7500	-18.185274	-1957.004960
54	0.135841	7500	-17.604869	-1974.609829
55	0.128420	7500	-17.034408	-1991.644238
56	0.121247	7500	-16.475799	-2008.120036
57	0.114320	7500	-15.920241	-2024.040277
58	0.107637	7500	-15.370318	-2039.410595
59	0.101193	7500	-14.822335	-2054.232930
60	0.094986	7500	-14.287536	-2068.520466
61	0.089014	7500	-13.769974	-2082.290439
62	0.083273	7500	-13.227953	-2095.518392
63	0.077760	7500	-12.712209	-2108.230601
64	0.072472	7500	-12.207445	-2120.438047
65	0.067406	7500	-11.713166	-2132.151213
66	0.062558	7500	-11.203387	-2143.354600
67	0.057926	7500	-10.736159	-2154.090759
68	0.053506	7500	-10.251202	-2164.341961
69	0.049295	7500	-9.752369	-2174.094330
70	0.045289	7500	-9.306283	-2183.400613
71	0.041485	7500	-8.911389	-2192.312002
72	0.037880	7500	-8.460625	-2200.772626
73	0.034469	7500	-8.279494	-2209.052121
74	0.031250	7500	-8.349404	-2217.401525
75	0.028218	7500	-8.310132	-2225.711656
76	0.025370	7500	-7.619091	-2233.330747
77	0.022702	7500	-7.430102	-2240.760849
78	0.020209	7500	-6.914593	-2247.675442
79	0.017889	7500	-6.439410	-2254.114852
80	0.015736	7500	-6.030900	-2260.145752
81	0.013746	7500	-5.579787	-2265.725539
82	0.011916	7500	-5.081062	-2270.806601
83	0.010240	7500	-4.735141	-2275.541743
84	0.008714	7500	-4.322376	-2279.864119
85	0.007334	7500	-3.937050	-2283.801170
86	0.006093	7500	-3.539363	-2287.340533
87	0.004988	7500	-3.194284	-2290.534817
88	0.004013	7500	-2.834626	-2293.369443
89	0.003162	7500	-2.530357	-2295.899800
90	0.002430	7500	-2.224440	-2298.124240
91	0.001810	7500	-1.888841	-2300.013081
92	0.001296	7500	-1.650726	-2301.663807
93	0.000882	7500	-1.355108	-2303.018915
94	0.000559	7500	-1.100789	-2304.119704
95	0.000320	7500	-0.843395	-2304.963099
96	0.000156	7500	-0.629761	-2305.592860
97	0.000057	7500	-0.381345	-2305.974206
98	0.000010	7500	-0.212231	-2306.186437
99	0.000000	7500	-0.046458	-2306.232895
Log marginal likelihood:	-2306.232895
0	0.975187	7500	-56.277806	-56.277806
1	0.950747	7500	-55.431852	-111.709658
2	0.926679	7500	-54.590257	-166.299914
3	0.902980	7500	-53.753595	-220.053510
4	0.879648	7500	-52.918304	-272.971814
5	0.856682	7500	-52.092859	-325.064673
6	0.834079	7500	-51.272802	-376.337475
7	0.811838	7500	-50.454227	-426.791702
8	0.789957	7500	-49.639210	-476.430912
9	0.768433	7500	-48.828924	-525.259837
10	0.747266	7500	-48.023065	-573.282902
11	0.726452	7500	-47.219154	-620.502056
12	0.705989	7500	-46.424910	-666.926965
13	0.685877	7500	-45.630281	-712.557246
14	0.666112	7500	-44.845380	-757.402627
15	0.646693	7500	-44.062130	-801.464757
16	0.627618	7500	-43.284113	-844.748869
17	0.608884	7500	-42.510855	-887.259724
18	0.590490	7500	-41.742503	-929.002227
19	0.572433	7500	-40.980114	-969.982341
20	0.554712	7500	-40.220217	-1010.202558
21	0.537324	7500	-39.469178	-1049.671736
22	0.520268	7500	-38.718317	-1088.390053
23	0.503540	7500	-37.970129	-1126.360182
24	0.487139	7500	-37.229723	-1163.589905
25	0.471063	7500	-36.495400	-1200.085305
26	0.455310	7500	-35.763529	-1235.848834
27	0.439877	7500	-35.039045	-1270.887879
28	0.424762	7500	-34.321786	-1305.209665
29	0.409963	7500	-33.611076	-1338.820741
30	0.395478	7500	-32.896853	-1371.717594
31	0.381305	7500	-32.198892	-1403.916487
32	0.367440	7500	-31.490017	-1435.406504
33	0.353883	7500	-30.800175	-1466.206679
34	0.340630	7500	-30.105834	-1496.312513
35	0.327680	7500	-29.419964	-1525.732477
36	0.315030	7500	-28.747635	-1554.480112
37	0.302677	7500	-28.078997	-1582.559109
38	0.290619	7500	-27.406043	-1609.965152
39	0.278855	7500	-26.741329	-1636.706481
40	0.267381	7500	-26.087798	-1662.794279
41	0.256195	7500	-25.437253	-1688.231532
42	0.245294	7500	-24.788845	-1713.020377
43	0.234677	7500	-24.148661	-1737.169038
44	0.224340	7500	-23.514621	-1760.683659
45	0.214281	7500	-22.883873	-1783.567532
46	0.204498	7500	-22.263630	-1805.831163
47	0.194988	7500	-21.647886	-1827.479048
48	0.185749	7500	-21.036837	-1848.515885
49	0.176777	7500	-20.431061	-1868.946947
50	0.168070	7500	-19.832826	-1888.779773
51	0.159626	7500	-19.244321	-1908.024094
52	0.151441	7500	-18.645966	-1926.670060
53	0.143514	7500	-18.073132	-1944.743191
54	0.135841	7500	-17.486765	-1962.229956
55	0.128420	7500	-16.929130	-1979.159086
56	0.121247	7500	-16.362963	-1995.522049
57	0.114320	7500	-15.824866	-2011.346915
58	0.107637	7500	-15.267941	-2026.614856
59	0.101193	7500	-14.727365	-2041.342221
60	0.094986	7500	-14.182975	-2055.525196
61	0.089014	7500	-13.660408	-2069.185605
62	0.083273	7500	-13.146936	-2082.332541
63	0.077760	7500	-12.632378	-2094.964919
64	0.072472	7500	-12.130815	-2107.095735
65	0.067406	7500	-11.635328	-2118.731063
66	0.062558	7500	-11.166219	-2129.897282
67	0.057926	7500	-10.662772	-2140.560054
68	0.053506	7500	-10.187889	-2150.747943
69	0.049295	7500	-9.710559	-2160.458502
70	0.045289	7500	-9.274276	-2169.732777
71	0.041485	7500	-8.812940	-2178.545717
72	0.037880	7500	-8.393220	-2186.938937
73	0.034469	7500	-7.998685	-2194.937622
74	0.031250	7500	-7.862289	-2202.799911
75	0.028218	7500	-7.645292	-2210.445203
76	0.025370	7500	-7.591125	-2218.036328
77	0.022702	7500	-7.325153	-2225.361481
78	0.020209	7500	-6.942793	-2232.304274
79	0.017889	7500	-6.466645	-2238.770919
80	0.015736	7500	-6.026935	-2244.797855
81	0.013746	7500	-5.583702	-2250.381557
82	0.011916	7500	-5.149308	-2255.530865
83	0.010240	7500	-4.743703	-2260.274567
84	0.008714	7500	-4.332834	-2264.607402
85	0.007334	7500	-3.941066	-2268.548467
86	0.006093	7500	-3.554556	-2272.103023
87	0.004988	7500	-3.184974	-2275.287997
88	0.004013	7500	-2.859980	-2278.147977
89	0.003162	7500	-2.513161	-2280.661138
90	0.002430	7500	-2.218188	-2282.879326
91	0.001810	7500	-1.889076	-2284.768402
92	0.001296	7500	-1.648612	-2286.417014
93	0.000882	7500	-1.354019	-2287.771033
94	0.000559	7500	-1.090319	-2288.861351
95	0.000320	7500	-0.798452	-2289.659804
96	0.000156	7500	-0.585846	-2290.245650
97	0.000057	7500	-0.401447	-2290.647097
98	0.000010	7500	-0.202163	-2290.849260
99	0.000000	7500	-0.042385	-2290.891645
Log marginal likelihood:	-2290.891645
0	0.975187	7500	-55.992803	-55.992803
1	0.950747	7500	-55.150393	-111.143197
2	0.926679	7500	-54.314196	-165.457393
3	0.902980	7500	-53.481143	-218.938536
4	0.879648	7500	-52.654143	-271.592679
5	0.856682	7500	-51.827689	-323.420367
6	0.834079	7500	-51.007977	-374.428344
7	0.811838	7500	-50.195652	-424.623996
8	0.789957	7500	-49.385702	-474.009699
9	0.768433	7500	-48.575167	-522.584865
10	0.747266	7500	-47.774678	-570.359543
11	0.726452	7500	-46.977758	-617.337302
12	0.705989	7500	-46.189219	-663.526520
13	0.685877	7500	-45.400889	-708.927409
14	0.666112	7500	-44.616642	-753.544052
15	0.646693	7500	-43.840109	-797.384161
16	0.627618	7500	-43.064386	-840.448547
17	0.608884	7500	-42.292797	-882.741344
18	0.590490	7500	-41.528700	-924.270044
19	0.572433	7500	-40.769140	-965.039184
20	0.554712	7500	-40.015215	-1005.054399
21	0.537324	7500	-39.261358	-1044.315757
22	0.520268	7500	-38.518356	-1082.834113
23	0.503540	7500	-37.776105	-1120.610218
24	0.487139	7500	-37.040276	-1157.650494
25	0.471063	7500	-36.310862	-1193.961356
26	0.455310	7500	-35.588373	-1229.549729
27	0.439877	7500	-34.860505	-1264.410234
28	0.424762	7500	-34.147757	-1298.557991
29	0.409963	7500	-33.435839	-1331.993830
30	0.395478	7500	-32.728637	-1364.722467
31	0.381305	7500	-32.027298	-1396.749765
32	0.367440	7500	-31.330330	-1428.080095
33	0.353883	7500	-30.638613	-1458.718708
34	0.340630	7500	-29.951904	-1488.670612
35	0.327680	7500	-29.273548	-1517.944160
36	0.315030	7500	-28.604642	-1546.548802
37	0.302677	7500	-27.928833	-1574.477635
38	0.290619	7500	-27.264885	-1601.742520
39	0.278855	7500	-26.604098	-1628.346618
40	0.267381	7500	-25.947742	-1654.294360
41	0.256195	7500	-25.304166	-1679.598526
42	0.245294	7500	-24.661172	-1704.259699
43	0.234677	7500	-24.026728	-1728.286427
44	0.224340	7500	-23.398813	-1751.685239
45	0.214281	7500	-22.771506	-1774.456745
46	0.204498	7500	-22.149156	-1796.605901
47	0.194988	7500	-21.548534	-1818.154435
48	0.185749	7500	-20.924997	-1839.079432
49	0.176777	7500	-20.322939	-1859.402371
50	0.168070	7500	-19.728240	-1879.130611
51	0.159626	7500	-19.134141	-1898.264752
52	0.151441	7500	-18.552866	-1916.817618
53	0.143514	7500	-17.977011	-1934.794630
54	0.135841	7500	-17.420249	-1952.214879
55	0.128420	7500	-16.847945	-1969.062824
56	0.121247	7500	-16.284240	-1985.347064
57	0.114320	7500	-15.738327	-2001.085390
58	0.107637	7500	-15.188580	-2016.273971
59	0.101193	7500	-14.648745	-2030.922716
60	0.094986	7500	-14.123457	-2045.046172
61	0.089014	7500	-13.591141	-2058.637313
62	0.083273	7500	-13.090405	-2071.727718
63	0.077760	7500	-12.565496	-2084.293214
64	0.072472	7500	-12.076265	-2096.369478
65	0.067406	7500	-11.582283	-2107.951761
66	0.062558	7500	-11.087903	-2119.039664
67	0.057926	7500	-10.610745	-2129.650410
68	0.053506	7500	-10.180653	-2139.831063
69	0.049295	7500	-9.677225	-2149.508287
70	0.045289	7500	-9.222539	-2158.730826
71	0.041485	7500	-8.771767	-2167.502593
72	0.037880	7500	-8.954873	-2176.457466
73	0.034469	7500	-8.641428	-2185.098895
74	0.031250	7500	-7.917135	-2193.016029
75	0.028218	7500	-7.100157	-2200.116186
76	0.025370	7500	-7.291715	-2207.407901
77	0.022702	7500	-6.919895	-2214.327796
78	0.020209	7500	-6.437316	-2220.765112
79	0.017889	7500	-6.450104	-2227.215216
80	0.015736	7500	-5.979114	-2233.194330
81	0.013746	7500	-5.579784	-2238.774114
82	0.011916	7500	-5.126609	-2243.900722
83	0.010240	7500	-4.686715	-2248.587438
84	0.008714	7500	-4.326324	-2252.913762
85	0.007334	7500	-3.948547	-2256.862309
86	0.006093	7500	-3.549281	-2260.411590
87	0.004988	7500	-3.208823	-2263.620413
88	0.004013	7500	-2.839570	-2266.459983
89	0.003162	7500	-2.506873	-2268.966856
90	0.002430	7500	-2.224328	-2271.191185
91	0.001810	7500	-1.869808	-2273.060993
92	0.001296	7500	-1.644948	-2274.705940
93	0.000882	7500	-1.333403	-2276.039344
94	0.000559	7500	-1.155027	-2277.194371
95	0.000320	7500	-0.826622	-2278.020993
96	0.000156	7500	-0.658758	-2278.679751
97	0.000057	7500	-0.367896	-2279.047647
98	0.000010	7500	-0.177025	-2279.224671
99	0.000000	7500	-0.035469	-2279.260140
Log marginal likelihood:	-2279.260140
0	0.975187	7500	-56.580474	-56.580474
1	0.950747	7500	-55.732120	-112.312594
2	0.926679	7500	-54.886874	-167.199468
3	0.902980	7500	-54.044760	-221.244228
4	0.879648	7500	-53.206992	-274.451220
5	0.856682	7500	-52.377482	-326.828702
6	0.834079	7500	-51.549191	-378.377893
7	0.811838	7500	-50.728877	-429.106770
8	0.789957	7500	-49.907752	-479.014523
9	0.768433	7500	-49.096380	-528.110903
10	0.747266	7500	-48.280473	-576.391375
11	0.726452	7500	-47.478283	-623.869658
12	0.705989	7500	-46.678869	-670.548527
13	0.685877	7500	-45.879927	-716.428454
14	0.666112	7500	-45.088476	-761.516930
15	0.646693	7500	-44.305522	-805.822452
16	0.627618	7500	-43.521481	-849.343934
17	0.608884	7500	-42.741014	-892.084948
18	0.590490	7500	-41.969815	-934.054763
19	0.572433	7500	-41.201306	-975.256070
20	0.554712	7500	-40.436041	-1015.692111
21	0.537324	7500	-39.677880	-1055.369990
22	0.520268	7500	-38.924837	-1094.294828
23	0.503540	7500	-38.177784	-1132.472612
24	0.487139	7500	-37.429028	-1169.901640
25	0.471063	7500	-36.697597	-1206.599237
26	0.455310	7500	-35.958864	-1242.558100
27	0.439877	7500	-35.228078	-1277.786178
28	0.424762	7500	-34.505961	-1312.292139
29	0.409963	7500	-33.784642	-1346.076781
30	0.395478	7500	-33.071522	-1379.148303
31	0.381305	7500	-32.364689	-1411.512992
32	0.367440	7500	-31.661728	-1443.174720
33	0.353883	7500	-30.964398	-1474.139117
34	0.340630	7500	-30.270154	-1504.409271
35	0.327680	7500	-29.582494	-1533.991765
36	0.315030	7500	-28.905838	-1562.897602
37	0.302677	7500	-28.223954	-1591.121556
38	0.290619	7500	-27.555485	-1618.677042
39	0.278855	7500	-26.888039	-1645.565081
40	0.267381	7500	-26.225722	-1671.790803
41	0.256195	7500	-25.569298	-1697.360100
42	0.245294	7500	-24.929060	-1722.289161
43	0.234677	7500	-24.276741	-1746.565902
44	0.224340	7500	-23.643114	-1770.209017
45	0.214281	7500	-23.010458	-1793.219474
46	0.204498	7500	-22.381738	-1815.601212
47	0.194988	7500	-21.762423	-1837.363635
48	0.185749	7500	-21.150205	-1858.513840
49	0.176777	7500	-20.537168	-1879.051008
50	0.168070	7500	-19.940166	-1898.991174
51	0.159626	7500	-19.344616	-1918.335790
52	0.151441	7500	-18.756179	-1937.091969
53	0.143514	7500	-18.169908	-1955.261877
54	0.135841	7500	-17.602076	-1972.863953
55	0.128420	7500	-17.018754	-1989.882707
56	0.121247	7500	-16.460527	-2006.343234
57	0.114320	7500	-15.896526	-2022.239760
58	0.107637	7500	-15.358225	-2037.597985
59	0.101193	7500	-14.816615	-2052.414599
60	0.094986	7500	-14.286147	-2066.700746
61	0.089014	7500	-13.736954	-2080.437700
62	0.083273	7500	-13.218487	-2093.656187
63	0.077760	7500	-12.702594	-2106.358781
64	0.072472	7500	-12.196558	-2118.555339
65	0.067406	7500	-11.692023	-2130.247362
66	0.062558	7500	-11.215073	-2141.462435
67	0.057926	7500	-10.727256	-2152.189690
68	0.053506	7500	-10.238277	-2162.427967
69	0.049295	7500	-9.784389	-2172.212356
70	0.045289	7500	-9.311342	-2181.523698
71	0.041485	7500	-8.870038	-2190.393736
72	0.037880	7500	-8.441377	-2198.835113
73	0.034469	7500	-7.966902	-2206.802015
74	0.031250	7500	-7.689286	-2214.491301
75	0.028218	7500	-8.094146	-2222.585447
76	0.025370	7500	-7.596366	-2230.181813
77	0.022702	7500	-7.352530	-2237.534344
78	0.020209	7500	-6.574443	-2244.108786
79	0.017889	7500	-6.150603	-2250.259389
80	0.015736	7500	-6.038115	-2256.297504
81	0.013746	7500	-5.591760	-2261.889264
82	0.011916	7500	-5.014835	-2266.904100
83	0.010240	7500	-4.744498	-2271.648597
84	0.008714	7500	-4.340254	-2275.988851
85	0.007334	7500	-3.938847	-2279.927698
86	0.006093	7500	-3.559231	-2283.486929
87	0.004988	7500	-3.200782	-2286.687711
88	0.004013	7500	-2.828487	-2289.516198
89	0.003162	7500	-2.523355	-2292.039552
90	0.002430	7500	-2.194399	-2294.233951
91	0.001810	7500	-1.907190	-2296.141141
92	0.001296	7500	-1.644624	-2297.785765
93	0.000882	7500	-1.368749	-2299.154514
94	0.000559	7500	-1.128760	-2300.283273
95	0.000320	7500	-0.877479	-2301.160752
96	0.000156	7500	-0.621617	-2301.782369
97	0.000057	7500	-0.388900	-2302.171269
98	0.000010	7500	-0.184259	-2302.355528
99	0.000000	7500	-0.052959	-2302.408487
Log marginal likelihood:	-2302.408487
0	0.975187	7500	-55.929471	-55.929471
1	0.950747	7500	-55.085567	-111.015038
2	0.926679	7500	-54.251687	-165.266725
3	0.902980	7500	-53.419015	-218.685740
4	0.879648	7500	-52.595074	-271.280814
5	0.856682	7500	-51.768289	-323.049104
6	0.834079	7500	-50.954690	-374.003794
7	0.811838	7500	-50.137060	-424.140855
8	0.789957	7500	-49.331676	-473.472531
9	0.768433	7500	-48.525254	-521.997785
10	0.747266	7500	-47.721794	-569.719579
11	0.726452	7500	-46.926846	-616.646425
12	0.705989	7500	-46.136286	-662.782711
13	0.685877	7500	-45.352354	-708.135066
14	0.666112	7500	-44.569308	-752.704373
15	0.646693	7500	-43.786980	-796.491353
16	0.627618	7500	-43.015862	-839.507215
17	0.608884	7500	-42.247250	-881.754465
18	0.590490	7500	-41.483723	-923.238188
19	0.572433	7500	-40.724867	-963.963055
20	0.554712	7500	-39.970491	-1003.933546
21	0.537324	7500	-39.215942	-1043.149487
22	0.520268	7500	-38.475438	-1081.624926
23	0.503540	7500	-37.735562	-1119.360487
24	0.487139	7500	-36.998913	-1156.359400
25	0.471063	7500	-36.265230	-1192.624631
26	0.455310	7500	-35.539376	-1228.164007
27	0.439877	7500	-34.824445	-1262.988451
28	0.424762	7500	-34.109954	-1297.098406
29	0.409963	7500	-33.399436	-1330.497842
30	0.395478	7500	-32.693141	-1363.190983
31	0.381305	7500	-31.990623	-1395.181607
32	0.367440	7500	-31.301983	-1426.483589
33	0.353883	7500	-30.599299	-1457.082888
34	0.340630	7500	-29.919418	-1487.002306
35	0.327680	7500	-29.235442	-1516.237748
36	0.315030	7500	-28.563516	-1544.801264
37	0.302677	7500	-27.897607	-1572.698871
38	0.290619	7500	-27.228056	-1599.926927
39	0.278855	7500	-26.572854	-1626.499781
40	0.267381	7500	-25.924874	-1652.424655
41	0.256195	7500	-25.274933	-1677.699588
42	0.245294	7500	-24.637915	-1702.337503
43	0.234677	7500	-23.997130	-1726.334634
44	0.224340	7500	-23.363920	-1749.698554
45	0.214281	7500	-22.744477	-1772.443031
46	0.204498	7500	-22.121164	-1794.564195
47	0.194988	7500	-21.512935	-1816.077130
48	0.185749	7500	-20.908589	-1836.985719
49	0.176777	7500	-20.300825	-1857.286544
50	0.168070	7500	-19.708672	-1876.995215
51	0.159626	7500	-19.121064	-1896.116279
52	0.151441	7500	-18.563833	-1914.680112
53	0.143514	7500	-17.982573	-1932.662685
54	0.135841	7500	-17.429776	-1950.092461
55	0.128420	7500	-16.833620	-1966.926082
56	0.121247	7500	-16.276760	-1983.202842
57	0.114320	7500	-15.728340	-1998.931182
58	0.107637	7500	-15.179448	-2014.110631
59	0.101193	7500	-14.652390	-2028.763020
60	0.094986	7500	-14.112727	-2042.875747
61	0.089014	7500	-13.578631	-2056.454378
62	0.083273	7500	-13.061478	-2069.515856
63	0.077760	7500	-12.559820	-2082.075676
64	0.072472	7500	-12.048979	-2094.124655
65	0.067406	7500	-11.566917	-2105.691573
66	0.062558	7500	-11.069537	-2116.761110
67	0.057926	7500	-10.595619	-2127.356729
68	0.053506	7500	-10.113285	-2137.470014
69	0.049295	7500	-9.651059	-2147.121073
70	0.045289	7500	-9.201257	-2156.322330
71	0.041485	7500	-8.948401	-2165.270730
72	0.037880	7500	-9.161881	-2174.432612
73	0.034469	7500	-8.067336	-2182.499948
74	0.031250	7500	-7.560815	-2190.060763
75	0.028218	7500	-7.720928	-2197.781691
76	0.025370	7500	-7.281877	-2205.063568
77	0.022702	7500	-6.648864	-2211.712432
78	0.020209	7500	-6.219029	-2217.931461
79	0.017889	7500	-6.394025	-2224.325486
80	0.015736	7500	-5.912006	-2230.237492
81	0.013746	7500	-5.576161	-2235.813653
82	0.011916	7500	-5.125516	-2240.939168
83	0.010240	7500	-4.727359	-2245.666528
84	0.008714	7500	-4.335977	-2250.002505
85	0.007334	7500	-3.942939	-2253.945444
86	0.006093	7500	-3.548439	-2257.493883
87	0.004988	7500	-3.205268	-2260.699151
88	0.004013	7500	-2.856691	-2263.555841
89	0.003162	7500	-2.524428	-2266.080270
90	0.002430	7500	-2.209249	-2268.289519
91	0.001810	7500	-1.915892	-2270.205411
92	0.001296	7500	-1.621771	-2271.827182
93	0.000882	7500	-1.367781	-2273.194963
94	0.000559	7500	-1.070801	-2274.265764
95	0.000320	7500	-0.915296	-2275.181060
96	0.000156	7500	-0.623926	-2275.804986
97	0.000057	7500	-0.395610	-2276.200597
98	0.000010	7500	-0.194926	-2276.395523
99	0.000000	7500	-0.037540	-2276.433063
Log marginal likelihood:	-2276.433063
0	0.975187	7500	-55.781505	-55.781505
1	0.950747	7500	-54.943330	-110.724835
2	0.926679	7500	-54.112524	-164.837359
3	0.902980	7500	-53.280812	-218.118171
4	0.879648	7500	-52.457781	-270.575952
5	0.856682	7500	-51.636440	-322.212392
6	0.834079	7500	-50.821299	-373.033691
7	0.811838	7500	-50.010547	-423.044238
8	0.789957	7500	-49.200462	-472.244700
9	0.768433	7500	-48.399419	-520.644118
10	0.747266	7500	-47.600485	-568.244604
11	0.726452	7500	-46.804530	-615.049134
12	0.705989	7500	-46.020026	-661.069159
13	0.685877	7500	-45.231888	-706.301047
14	0.666112	7500	-44.450246	-750.751293
15	0.646693	7500	-43.675632	-794.426925
16	0.627618	7500	-42.908172	-837.335097
17	0.608884	7500	-42.135719	-879.470815
18	0.590490	7500	-41.376387	-920.847202
19	0.572433	7500	-40.618463	-961.465666
20	0.554712	7500	-39.862544	-1001.328209
21	0.537324	7500	-39.119588	-1040.447797
22	0.520268	7500	-38.376837	-1078.824634
23	0.503540	7500	-37.636858	-1116.461492
24	0.487139	7500	-36.901795	-1153.363287
25	0.471063	7500	-36.177217	-1189.540504
26	0.455310	7500	-35.452054	-1224.992558
27	0.439877	7500	-34.733123	-1259.725680
28	0.424762	7500	-34.020558	-1293.746239
29	0.409963	7500	-33.309361	-1327.055600
30	0.395478	7500	-32.609994	-1359.665594
31	0.381305	7500	-31.911247	-1391.576841
32	0.367440	7500	-31.219291	-1422.796132
33	0.353883	7500	-30.518818	-1453.314951
34	0.340630	7500	-29.842601	-1483.157552
35	0.327680	7500	-29.165293	-1512.322846
36	0.315030	7500	-28.492506	-1540.815351
37	0.302677	7500	-27.826492	-1568.641843
38	0.290619	7500	-27.161492	-1595.803336
39	0.278855	7500	-26.508048	-1622.311383
40	0.267381	7500	-25.856489	-1648.167872
41	0.256195	7500	-25.210196	-1673.378069
42	0.245294	7500	-24.571198	-1697.949266
43	0.234677	7500	-23.933762	-1721.883028
44	0.224340	7500	-23.310040	-1745.193068
45	0.214281	7500	-22.685333	-1767.878402
46	0.204498	7500	-22.067876	-1789.946278
47	0.194988	7500	-21.455654	-1811.401932
48	0.185749	7500	-20.853194	-1832.255125
49	0.176777	7500	-20.259260	-1852.514385
50	0.168070	7500	-19.659729	-1872.174114
51	0.159626	7500	-19.074112	-1891.248226
52	0.151441	7500	-18.495278	-1909.743504
53	0.143514	7500	-17.917946	-1927.661450
54	0.135841	7500	-17.345908	-1945.007358
55	0.128420	7500	-16.782151	-1961.789509
56	0.121247	7500	-16.225813	-1978.015322
57	0.114320	7500	-15.677210	-1993.692532
58	0.107637	7500	-15.136028	-2008.828560
59	0.101193	7500	-14.596439	-2023.424999
60	0.094986	7500	-14.074614	-2037.499613
61	0.089014	7500	-13.554646	-2051.054259
62	0.083273	7500	-13.053293	-2064.107552
63	0.077760	7500	-12.524096	-2076.631648
64	0.072472	7500	-12.036230	-2088.667878
65	0.067406	7500	-11.552800	-2100.220679
66	0.062558	7500	-11.040207	-2111.260885
67	0.057926	7500	-10.574165	-2121.835050
68	0.053506	7500	-10.114565	-2131.949615
69	0.049295	7500	-9.657599	-2141.607214
70	0.045289	7500	-9.194901	-2150.802116
71	0.041485	7500	-8.732339	-2159.534455
72	0.037880	7500	-8.309607	-2167.844062
73	0.034469	7500	-7.880478	-2175.724540
74	0.031250	7500	-7.475854	-2183.200394
75	0.028218	7500	-7.097383	-2190.297776
76	0.025370	7500	-7.752668	-2198.050444
77	0.022702	7500	-6.854746	-2204.905190
78	0.020209	7500	-6.780603	-2211.685793
79	0.017889	7500	-6.374980	-2218.060773
80	0.015736	7500	-5.969405	-2224.030177
81	0.013746	7500	-5.570411	-2229.600588
82	0.011916	7500	-5.126054	-2234.726643
83	0.010240	7500	-4.732955	-2239.459598
84	0.008714	7500	-4.307197	-2243.766794
85	0.007334	7500	-3.934263	-2247.701058
86	0.006093	7500	-3.522957	-2251.224015
87	0.004988	7500	-3.199384	-2254.423399
88	0.004013	7500	-2.855783	-2257.279182
89	0.003162	7500	-2.509657	-2259.788840
90	0.002430	7500	-2.208578	-2261.997417
91	0.001810	7500	-1.869027	-2263.866444
92	0.001296	7500	-1.601064	-2265.467508
93	0.000882	7500	-1.379831	-2266.847339
94	0.000559	7500	-1.058159	-2267.905498
95	0.000320	7500	-0.903534	-2268.809032
96	0.000156	7500	-0.563708	-2269.372740
97	0.000057	7500	-0.377539	-2269.750279
98	0.000010	7500	-0.172780	-2269.923059
99	0.000000	7500	-0.039858	-2269.962916
Log marginal likelihood:	-2269.962916
0	0.975187	7500	-56.148253	-56.148253
1	0.950747	7500	-55.303406	-111.451659
2	0.926679	7500	-54.463169	-165.914829
3	0.902980	7500	-53.633911	-219.548740
4	0.879648	7500	-52.800270	-272.349010
5	0.856682	7500	-51.976795	-324.325806
6	0.834079	7500	-51.156952	-375.482758
7	0.811838	7500	-50.334196	-425.816954
8	0.789957	7500	-49.525808	-475.342762
9	0.768433	7500	-48.717073	-524.059836
10	0.747266	7500	-47.909418	-571.969254
11	0.726452	7500	-47.113688	-619.082942
12	0.705989	7500	-46.314087	-665.397029
13	0.685877	7500	-45.527940	-710.924969
14	0.666112	7500	-44.743678	-755.668647
15	0.646693	7500	-43.960867	-799.629513
16	0.627618	7500	-43.190945	-842.820458
17	0.608884	7500	-42.413658	-885.234116
18	0.590490	7500	-41.647311	-926.881427
19	0.572433	7500	-40.885026	-967.766454
20	0.554712	7500	-40.126122	-1007.892575
21	0.537324	7500	-39.375837	-1047.268412
22	0.520268	7500	-38.627627	-1085.896039
23	0.503540	7500	-37.880033	-1123.776072
24	0.487139	7500	-37.143830	-1160.919902
25	0.471063	7500	-36.410563	-1197.330466
26	0.455310	7500	-35.685434	-1233.015899
27	0.439877	7500	-34.964310	-1267.980209
28	0.424762	7500	-34.243352	-1302.223562
29	0.409963	7500	-33.526689	-1335.750251
30	0.395478	7500	-32.821630	-1368.571881
31	0.381305	7500	-32.116800	-1400.688681
32	0.367440	7500	-31.422476	-1432.111156
33	0.353883	7500	-30.736540	-1462.847697
34	0.340630	7500	-30.036066	-1492.883763
35	0.327680	7500	-29.359418	-1522.243181
36	0.315030	7500	-28.680073	-1550.923253
37	0.302677	7500	-28.010345	-1578.933599
38	0.290619	7500	-27.339684	-1606.273282
39	0.278855	7500	-26.683168	-1632.956451
40	0.267381	7500	-26.022028	-1658.978478
41	0.256195	7500	-25.376042	-1684.354520
42	0.245294	7500	-24.731584	-1709.086104
43	0.234677	7500	-24.091212	-1733.177316
44	0.224340	7500	-23.459536	-1756.636852
45	0.214281	7500	-22.835540	-1779.472392
46	0.204498	7500	-22.214445	-1801.686838
47	0.194988	7500	-21.595835	-1823.282673
48	0.185749	7500	-20.995885	-1844.278558
49	0.176777	7500	-20.383321	-1864.661878
50	0.168070	7500	-19.790219	-1884.452097
51	0.159626	7500	-19.203875	-1903.655972
52	0.151441	7500	-18.614629	-1922.270601
53	0.143514	7500	-18.024250	-1940.294852
54	0.135841	7500	-17.457267	-1957.752119
55	0.128420	7500	-16.897784	-1974.649903
56	0.121247	7500	-16.339322	-1990.989224
57	0.114320	7500	-15.788366	-2006.777590
58	0.107637	7500	-15.231880	-2022.009470
59	0.101193	7500	-14.683740	-2036.693210
60	0.094986	7500	-14.162841	-2050.856051
61	0.089014	7500	-13.643607	-2064.499657
62	0.083273	7500	-13.113609	-2077.613267
63	0.077760	7500	-12.611270	-2090.224537
64	0.072472	7500	-12.105625	-2102.330162
65	0.067406	7500	-11.614998	-2113.945160
66	0.062558	7500	-11.122100	-2125.067261
67	0.057926	7500	-10.635892	-2135.703153
68	0.053506	7500	-10.166185	-2145.869338
69	0.049295	7500	-9.705106	-2155.574444
70	0.045289	7500	-9.249595	-2164.824039
71	0.041485	7500	-8.778087	-2173.602126
72	0.037880	7500	-8.332501	-2181.934628
73	0.034469	7500	-8.517713	-2190.452341
74	0.031250	7500	-8.187671	-2198.640012
75	0.028218	7500	-7.901937	-2206.541949
76	0.025370	7500	-7.434634	-2213.976582
77	0.022702	7500	-7.113171	-2221.089753
78	0.020209	7500	-6.944696	-2228.034449
79	0.017889	7500	-6.369103	-2234.403552
80	0.015736	7500	-5.685458	-2240.089010
81	0.013746	7500	-5.572430	-2245.661439
82	0.011916	7500	-5.123690	-2250.785129
83	0.010240	7500	-4.652909	-2255.438038
84	0.008714	7500	-4.285254	-2259.723292
85	0.007334	7500	-3.939166	-2263.662458
86	0.006093	7500	-3.561119	-2267.223577
87	0.004988	7500	-3.163048	-2270.386625
88	0.004013	7500	-2.835148	-2273.221773
89	0.003162	7500	-2.529019	-2275.750792
90	0.002430	7500	-2.215591	-2277.966383
91	0.001810	7500	-1.910057	-2279.876440
92	0.001296	7500	-1.613468	-2281.489908
93	0.000882	7500	-1.323895	-2282.813802
94	0.000559	7500	-1.032013	-2283.845815
95	0.000320	7500	-0.846579	-2284.692394
96	0.000156	7500	-0.648842	-2285.341236
97	0.000057	7500	-0.388240	-2285.729476
98	0.000010	7500	-0.182014	-2285.911490
99	0.000000	7500	-0.034751	-2285.946241
Log marginal likelihood:	-2285.946241
0	0.975187	7500	-56.254672	-56.254672
1	0.950747	7500	-55.410634	-111.665307
2	0.926679	7500	-54.569128	-166.234434
3	0.902980	7500	-53.737842	-219.972276
4	0.879648	7500	-52.903582	-272.875858
5	0.856682	7500	-52.076213	-324.952071
6	0.834079	7500	-51.252270	-376.204341
7	0.811838	7500	-50.431591	-426.635933
8	0.789957	7500	-49.621209	-476.257142
9	0.768433	7500	-48.814643	-525.071785
10	0.747266	7500	-48.002716	-573.074502
11	0.726452	7500	-47.205524	-620.280025
12	0.705989	7500	-46.410897	-666.690922
13	0.685877	7500	-45.615668	-712.306590
14	0.666112	7500	-44.827255	-757.133845
15	0.646693	7500	-44.046200	-801.180045
16	0.627618	7500	-43.269988	-844.450033
17	0.608884	7500	-42.495175	-886.945208
18	0.590490	7500	-41.727002	-928.672210
19	0.572433	7500	-40.965864	-969.638074
20	0.554712	7500	-40.206195	-1009.844269
21	0.537324	7500	-39.447514	-1049.291783
22	0.520268	7500	-38.703089	-1087.994872
23	0.503540	7500	-37.958506	-1125.953379
24	0.487139	7500	-37.217082	-1163.170460
25	0.471063	7500	-36.482670	-1199.653130
26	0.455310	7500	-35.751731	-1235.404861
27	0.439877	7500	-35.024812	-1270.429673
28	0.424762	7500	-34.307485	-1304.737158
29	0.409963	7500	-33.596058	-1338.333216
30	0.395478	7500	-32.887426	-1371.220642
31	0.381305	7500	-32.178661	-1403.399303
32	0.367440	7500	-31.483890	-1434.883192
33	0.353883	7500	-30.787279	-1465.670472
34	0.340630	7500	-30.100069	-1495.770540
35	0.327680	7500	-29.416044	-1525.186585
36	0.315030	7500	-28.736109	-1553.922693
37	0.302677	7500	-28.061130	-1581.983823
38	0.290619	7500	-27.398701	-1609.382524
39	0.278855	7500	-26.730804	-1636.113329
40	0.267381	7500	-26.073901	-1662.187229
41	0.256195	7500	-25.424088	-1687.611317
42	0.245294	7500	-24.780481	-1712.391798
43	0.234677	7500	-24.137130	-1736.528928
44	0.224340	7500	-23.506051	-1760.034979
45	0.214281	7500	-22.877120	-1782.912099
46	0.204498	7500	-22.251486	-1805.163585
47	0.194988	7500	-21.643874	-1826.807460
48	0.185749	7500	-21.031275	-1847.838735
49	0.176777	7500	-20.427082	-1868.265816
50	0.168070	7500	-19.827196	-1888.093012
51	0.159626	7500	-19.227783	-1907.320795
52	0.151441	7500	-18.649289	-1925.970085
53	0.143514	7500	-18.059457	-1944.029542
54	0.135841	7500	-17.500498	-1961.530040
55	0.128420	7500	-16.919010	-1978.449050
56	0.121247	7500	-16.361032	-1994.810083
57	0.114320	7500	-15.812906	-2010.622989
58	0.107637	7500	-15.261867	-2025.884856
59	0.101193	7500	-14.726507	-2040.611363
60	0.094986	7500	-14.193696	-2054.805059
61	0.089014	7500	-13.658634	-2068.463693
62	0.083273	7500	-13.144531	-2081.608224
63	0.077760	7500	-12.636871	-2094.245095
64	0.072472	7500	-12.113618	-2106.358714
65	0.067406	7500	-11.636160	-2117.994874
66	0.062558	7500	-11.147162	-2129.142036
67	0.057926	7500	-10.651237	-2139.793273
68	0.053506	7500	-10.206517	-2149.999790
69	0.049295	7500	-9.720138	-2159.719928
70	0.045289	7500	-9.815300	-2169.535228
71	0.041485	7500	-10.522556	-2180.057784
72	0.037880	7500	-9.132211	-2189.189994
73	0.034469	7500	-8.663045	-2197.853039
74	0.031250	7500	-8.190271	-2206.043310
75	0.028218	7500	-8.102719	-2214.146029
76	0.025370	7500	-7.567731	-2221.713760
77	0.022702	7500	-6.812913	-2228.526673
78	0.020209	7500	-6.902740	-2235.429413
79	0.017889	7500	-6.482269	-2241.911682
80	0.015736	7500	-5.897527	-2247.809209
81	0.013746	7500	-5.579519	-2253.388728
82	0.011916	7500	-5.146638	-2258.535365
83	0.010240	7500	-4.724447	-2263.259812
84	0.008714	7500	-4.336729	-2267.596541
85	0.007334	7500	-3.901431	-2271.497972
86	0.006093	7500	-3.560112	-2275.058084
87	0.004988	7500	-3.190646	-2278.248731
88	0.004013	7500	-2.845365	-2281.094096
89	0.003162	7500	-2.513245	-2283.607340
90	0.002430	7500	-2.203094	-2285.810435
91	0.001810	7500	-1.921209	-2287.731644
92	0.001296	7500	-1.626539	-2289.358183
93	0.000882	7500	-1.352132	-2290.710314
94	0.000559	7500	-1.128714	-2291.839028
95	0.000320	7500	-0.826619	-2292.665648
96	0.000156	7500	-0.590768	-2293.256416
97	0.000057	7500	-0.371102	-2293.627519
98	0.000010	7500	-0.179635	-2293.807154
99	0.000000	7500	-0.058203	-2293.865357
Log marginal likelihood:	-2293.865357
0	0.975187	7500	-55.553330	-55.553330
1	0.950747	7500	-54.717339	-110.270669
2	0.926679	7500	-53.885848	-164.156516
3	0.902980	7500	-53.062844	-217.219361
4	0.879648	7500	-52.238691	-269.458052
5	0.856682	7500	-51.421197	-320.879249
6	0.834079	7500	-50.609494	-371.488743
7	0.811838	7500	-49.803509	-421.292252
8	0.789957	7500	-49.001014	-470.293266
9	0.768433	7500	-48.199786	-518.493052
10	0.747266	7500	-47.403870	-565.896922
11	0.726452	7500	-46.613535	-612.510456
12	0.705989	7500	-45.829261	-658.339717
13	0.685877	7500	-45.044526	-703.384244
14	0.666112	7500	-44.267005	-747.651249
15	0.646693	7500	-43.495224	-791.146473
16	0.627618	7500	-42.723156	-833.869629
17	0.608884	7500	-41.960409	-875.830037
18	0.590490	7500	-41.202383	-917.032421
19	0.572433	7500	-40.449531	-957.481952
20	0.554712	7500	-39.701725	-997.183677
21	0.537324	7500	-38.954604	-1036.138281
22	0.520268	7500	-38.218933	-1074.357213
23	0.503540	7500	-37.486632	-1111.843845
24	0.487139	7500	-36.751227	-1148.595072
25	0.471063	7500	-36.026413	-1184.621485
26	0.455310	7500	-35.307634	-1219.929119
27	0.439877	7500	-34.587258	-1254.516377
28	0.424762	7500	-33.880317	-1288.396694
29	0.409963	7500	-33.174345	-1321.571039
30	0.395478	7500	-32.471591	-1354.042630
31	0.381305	7500	-31.774599	-1385.817229
32	0.367440	7500	-31.084135	-1416.901364
33	0.353883	7500	-30.399120	-1447.300484
34	0.340630	7500	-29.718356	-1477.018840
35	0.327680	7500	-29.052862	-1506.071702
36	0.315030	7500	-28.370774	-1534.442476
37	0.302677	7500	-27.707645	-1562.150121
38	0.290619	7500	-27.053642	-1589.203763
39	0.278855	7500	-26.400706	-1615.604469
40	0.267381	7500	-25.747171	-1641.351640
41	0.256195	7500	-25.109220	-1666.460861
42	0.245294	7500	-24.470847	-1690.931707
43	0.234677	7500	-23.838580	-1714.770287
44	0.224340	7500	-23.212247	-1737.982535
45	0.214281	7500	-22.589575	-1760.572109
46	0.204498	7500	-21.977764	-1782.549873
47	0.194988	7500	-21.364391	-1803.914264
48	0.185749	7500	-20.762343	-1824.676608
49	0.176777	7500	-20.171623	-1844.848230
50	0.168070	7500	-19.578793	-1864.427023
51	0.159626	7500	-18.989779	-1883.416803
52	0.151441	7500	-18.411822	-1901.828625
53	0.143514	7500	-17.847078	-1919.675703
54	0.135841	7500	-17.277302	-1936.953005
55	0.128420	7500	-16.714991	-1953.667996
56	0.121247	7500	-16.160930	-1969.828926
57	0.114320	7500	-15.611184	-1985.440110
58	0.107637	7500	-15.076267	-2000.516377
59	0.101193	7500	-14.544221	-2015.060598
60	0.094986	7500	-14.011794	-2029.072392
61	0.089014	7500	-13.491595	-2042.563987
62	0.083273	7500	-12.975874	-2055.539861
63	0.077760	7500	-12.476043	-2068.015905
64	0.072472	7500	-11.976486	-2079.992391
65	0.067406	7500	-11.480537	-2091.472929
66	0.062558	7500	-10.995763	-2102.468691
67	0.057926	7500	-10.528284	-2112.996976
68	0.053506	7500	-10.066812	-2123.063787
69	0.049295	7500	-9.604968	-2132.668756
70	0.045289	7500	-9.112217	-2141.780972
71	0.041485	7500	-8.714765	-2150.495738
72	0.037880	7500	-8.263081	-2158.758819
73	0.034469	7500	-7.875433	-2166.634252
74	0.031250	7500	-7.431298	-2174.065550
75	0.028218	7500	-7.130195	-2181.195745
76	0.025370	7500	-7.084723	-2188.280468
77	0.022702	7500	-7.418776	-2195.699243
78	0.020209	7500	-6.918500	-2202.617744
79	0.017889	7500	-6.362102	-2208.979846
80	0.015736	7500	-6.017054	-2214.996900
81	0.013746	7500	-5.581508	-2220.578408
82	0.011916	7500	-5.087383	-2225.665791
83	0.010240	7500	-4.727197	-2230.392988
84	0.008714	7500	-4.327281	-2234.720269
85	0.007334	7500	-3.932476	-2238.652746
86	0.006093	7500	-3.567453	-2242.220198
87	0.004988	7500	-3.193108	-2245.413306
88	0.004013	7500	-2.852383	-2248.265689
89	0.003162	7500	-2.511814	-2250.777503
90	0.002430	7500	-2.224421	-2253.001924
91	0.001810	7500	-1.912672	-2254.914595
92	0.001296	7500	-1.629172	-2256.543767
93	0.000882	7500	-1.453915	-2257.997682
94	0.000559	7500	-1.123280	-2259.120962
95	0.000320	7500	-0.808465	-2259.929427
96	0.000156	7500	-0.629134	-2260.558561
97	0.000057	7500	-0.372248	-2260.930809
98	0.000010	7500	-0.188257	-2261.119066
99	0.000000	7500	-0.037880	-2261.156947
Log marginal likelihood:	-2261.156947
0	0.975187	7500	-55.984605	-55.984605
1	0.950747	7500	-55.144912	-111.129517
2	0.926679	7500	-54.311050	-165.440567
3	0.902980	7500	-53.481871	-218.922438
4	0.879648	7500	-52.649779	-271.572218
5	0.856682	7500	-51.827635	-323.399852
6	0.834079	7500	-51.005259	-374.405111
7	0.811838	7500	-50.193094	-424.598205
8	0.789957	7500	-49.380880	-473.979085
9	0.768433	7500	-48.578947	-522.558031
10	0.747266	7500	-47.774106	-570.332137
11	0.726452	7500	-46.978128	-617.310266
12	0.705989	7500	-46.182494	-663.492759
13	0.685877	7500	-45.398549	-708.891308
14	0.666112	7500	-44.617191	-753.508500
15	0.646693	7500	-43.835515	-797.344015
16	0.627618	7500	-43.059404	-840.403419
17	0.608884	7500	-42.295907	-882.699326
18	0.590490	7500	-41.527936	-924.227262
19	0.572433	7500	-40.769587	-964.996849
20	0.554712	7500	-40.013728	-1005.010577
21	0.537324	7500	-39.265157	-1044.275734
22	0.520268	7500	-38.514115	-1082.789849
23	0.503540	7500	-37.776518	-1120.566366
24	0.487139	7500	-37.032962	-1157.599329
25	0.471063	7500	-36.310212	-1193.909540
26	0.455310	7500	-35.576331	-1229.485871
27	0.439877	7500	-34.861044	-1264.346915
28	0.424762	7500	-34.144003	-1298.490918
29	0.409963	7500	-33.434291	-1331.925209
30	0.395478	7500	-32.730460	-1364.655669
31	0.381305	7500	-32.022688	-1396.678356
32	0.367440	7500	-31.334073	-1428.012429
33	0.353883	7500	-30.633944	-1458.646373
34	0.340630	7500	-29.954344	-1488.600718
35	0.327680	7500	-29.269673	-1517.870390
36	0.315030	7500	-28.600131	-1546.470521
37	0.302677	7500	-27.930804	-1574.401326
38	0.290619	7500	-27.262118	-1601.663444
39	0.278855	7500	-26.603661	-1628.267104
40	0.267381	7500	-25.947463	-1654.214568
41	0.256195	7500	-25.303210	-1679.517778
42	0.245294	7500	-24.659335	-1704.177113
43	0.234677	7500	-24.027143	-1728.204256
44	0.224340	7500	-23.389316	-1751.593572
45	0.214281	7500	-22.766070	-1774.359642
46	0.204498	7500	-22.148458	-1796.508100
47	0.194988	7500	-21.531982	-1818.040081
48	0.185749	7500	-20.928832	-1838.968913
49	0.176777	7500	-20.327928	-1859.296841
50	0.168070	7500	-19.723506	-1879.020348
51	0.159626	7500	-19.146363	-1898.166711
52	0.151441	7500	-18.556762	-1916.723473
53	0.143514	7500	-17.984320	-1934.707793
54	0.135841	7500	-17.409109	-1952.116902
55	0.128420	7500	-16.849084	-1968.965986
56	0.121247	7500	-16.281985	-1985.247971
57	0.114320	7500	-15.737711	-2000.985681
58	0.107637	7500	-15.195702	-2016.181383
59	0.101193	7500	-14.657360	-2030.838743
60	0.094986	7500	-14.113622	-2044.952365
61	0.089014	7500	-13.600213	-2058.552578
62	0.083273	7500	-13.083944	-2071.636522
63	0.077760	7500	-12.567976	-2084.204498
64	0.072472	7500	-12.056926	-2096.261423
65	0.067406	7500	-11.566573	-2107.827997
66	0.062558	7500	-11.084477	-2118.912474
67	0.057926	7500	-10.624828	-2129.537302
68	0.053506	7500	-10.140703	-2139.678005
69	0.049295	7500	-9.694913	-2149.372918
70	0.045289	7500	-9.206000	-2158.578918
71	0.041485	7500	-9.487782	-2168.066700
72	0.037880	7500	-9.086575	-2177.153275
73	0.034469	7500	-8.605378	-2185.758653
74	0.031250	7500	-7.510166	-2193.268820
75	0.028218	7500	-7.422309	-2200.691129
76	0.025370	7500	-7.269848	-2207.960977
77	0.022702	7500	-7.119469	-2215.080445
78	0.020209	7500	-6.773910	-2221.854355
79	0.017889	7500	-6.383947	-2228.238302
80	0.015736	7500	-5.891386	-2234.129688
81	0.013746	7500	-5.444851	-2239.574539
82	0.011916	7500	-5.107940	-2244.682478
83	0.010240	7500	-4.615944	-2249.298423
84	0.008714	7500	-4.335430	-2253.633853
85	0.007334	7500	-3.938838	-2257.572691
86	0.006093	7500	-3.555194	-2261.127885
87	0.004988	7500	-3.190802	-2264.318687
88	0.004013	7500	-2.814031	-2267.132719
89	0.003162	7500	-2.505001	-2269.637719
90	0.002430	7500	-2.172537	-2271.810256
91	0.001810	7500	-1.885413	-2273.695669
92	0.001296	7500	-1.642437	-2275.338106
93	0.000882	7500	-1.414957	-2276.753063
94	0.000559	7500	-1.129313	-2277.882376
95	0.000320	7500	-0.858884	-2278.741260
96	0.000156	7500	-0.588286	-2279.329546
97	0.000057	7500	-0.391524	-2279.721070
98	0.000010	7500	-0.194235	-2279.915305
99	0.000000	7500	-0.038315	-2279.953620
Log marginal likelihood:	-2279.953620
0	0.975187	7500	-56.226224	-56.226224
1	0.950747	7500	-55.381155	-111.607379
2	0.926679	7500	-54.539040	-166.146419
3	0.902980	7500	-53.706148	-219.852567
4	0.879648	7500	-52.871704	-272.724272
5	0.856682	7500	-52.047510	-324.771781
6	0.834079	7500	-51.221900	-375.993681
7	0.811838	7500	-50.404906	-426.398588
8	0.789957	7500	-49.592716	-475.991303
9	0.768433	7500	-48.780651	-524.771955
10	0.747266	7500	-47.980029	-572.751984
11	0.726452	7500	-47.177452	-619.929436
12	0.705989	7500	-46.382836	-666.312272
13	0.685877	7500	-45.591681	-711.903953
14	0.666112	7500	-44.804968	-756.708921
15	0.646693	7500	-44.020885	-800.729805
16	0.627618	7500	-43.246514	-843.976319
17	0.608884	7500	-42.470577	-886.446896
18	0.590490	7500	-41.704586	-928.151482
19	0.572433	7500	-40.942130	-969.093612
20	0.554712	7500	-40.184982	-1009.278594
21	0.537324	7500	-39.429267	-1048.707861
22	0.520268	7500	-38.680379	-1087.388239
23	0.503540	7500	-37.931655	-1125.319894
24	0.487139	7500	-37.200801	-1162.520696
25	0.471063	7500	-36.460526	-1198.981222
26	0.455310	7500	-35.730891	-1234.712113
27	0.439877	7500	-35.006193	-1269.718306
28	0.424762	7500	-34.290746	-1304.009052
29	0.409963	7500	-33.575771	-1337.584824
30	0.395478	7500	-32.866137	-1370.450960
31	0.381305	7500	-32.158478	-1402.609438
32	0.367440	7500	-31.459685	-1434.069123
33	0.353883	7500	-30.767638	-1464.836761
34	0.340630	7500	-30.076299	-1494.913060
35	0.327680	7500	-29.398480	-1524.311540
36	0.315030	7500	-28.720290	-1553.031829
37	0.302677	7500	-28.042547	-1581.074377
38	0.290619	7500	-27.386006	-1608.460383
39	0.278855	7500	-26.721642	-1635.182025
40	0.267381	7500	-26.059416	-1661.241441
41	0.256195	7500	-25.413057	-1686.654498
42	0.245294	7500	-24.766187	-1711.420685
43	0.234677	7500	-24.131210	-1735.551896
44	0.224340	7500	-23.504348	-1759.056244
45	0.214281	7500	-22.862314	-1781.918558
46	0.204498	7500	-22.248146	-1804.166704
47	0.194988	7500	-21.630498	-1825.797201
48	0.185749	7500	-21.017727	-1846.814928
49	0.176777	7500	-20.416404	-1867.231332
50	0.168070	7500	-19.815686	-1887.047017
51	0.159626	7500	-19.234434	-1906.281451
52	0.151441	7500	-18.648098	-1924.929550
53	0.143514	7500	-18.057494	-1942.987044
54	0.135841	7500	-17.487507	-1960.474551
55	0.128420	7500	-16.922901	-1977.397452
56	0.121247	7500	-16.353715	-1993.751166
57	0.114320	7500	-15.804899	-2009.556065
58	0.107637	7500	-15.243552	-2024.799617
59	0.101193	7500	-14.699182	-2039.498799
60	0.094986	7500	-14.160168	-2053.658967
61	0.089014	7500	-13.633811	-2067.292778
62	0.083273	7500	-13.106111	-2080.398889
63	0.077760	7500	-12.598441	-2092.997330
64	0.072472	7500	-12.088518	-2105.085848
65	0.067406	7500	-11.590794	-2116.676643
66	0.062558	7500	-11.148285	-2127.824927
67	0.057926	7500	-10.638940	-2138.463867
68	0.053506	7500	-10.196183	-2148.660050
69	0.049295	7500	-9.702862	-2158.362911
70	0.045289	7500	-9.238293	-2167.601204
71	0.041485	7500	-9.017260	-2176.618464
72	0.037880	7500	-8.574476	-2185.192940
73	0.034469	7500	-8.153166	-2193.346106
74	0.031250	7500	-7.730029	-2201.076135
75	0.028218	7500	-7.302192	-2208.378327
76	0.025370	7500	-7.526441	-2215.904767
77	0.022702	7500	-7.438124	-2223.342891
78	0.020209	7500	-6.920789	-2230.263680
79	0.017889	7500	-6.311208	-2236.574889
80	0.015736	7500	-6.006057	-2242.580946
81	0.013746	7500	-5.444748	-2248.025693
82	0.011916	7500	-5.154095	-2253.179788
83	0.010240	7500	-4.725486	-2257.905274
84	0.008714	7500	-4.330815	-2262.236090
85	0.007334	7500	-3.912249	-2266.148339
86	0.006093	7500	-3.573628	-2269.721966
87	0.004988	7500	-3.215100	-2272.937066
88	0.004013	7500	-2.839029	-2275.776096
89	0.003162	7500	-2.529093	-2278.305188
90	0.002430	7500	-2.207313	-2280.512502
91	0.001810	7500	-1.934754	-2282.447255
92	0.001296	7500	-1.595209	-2284.042465
93	0.000882	7500	-1.340061	-2285.382526
94	0.000559	7500	-1.122269	-2286.504795
95	0.000320	7500	-0.859836	-2287.364630
96	0.000156	7500	-0.593583	-2287.958214
97	0.000057	7500	-0.413957	-2288.372171
98	0.000010	7500	-0.201317	-2288.573488
99	0.000000	7500	-0.046327	-2288.619814
Log marginal likelihood:	-2288.619814
0	0.975187	7500	-55.953224	-55.953224
1	0.950747	7500	-55.114990	-111.068214
2	0.926679	7500	-54.276571	-165.344785
3	0.902980	7500	-53.444665	-218.789450
4	0.879648	7500	-52.618292	-271.407742
5	0.856682	7500	-51.795876	-323.203618
6	0.834079	7500	-50.975748	-374.179366
7	0.811838	7500	-50.168392	-424.347758
8	0.789957	7500	-49.358200	-473.705958
9	0.768433	7500	-48.548652	-522.254611
10	0.747266	7500	-47.748914	-570.003525
11	0.726452	7500	-46.951592	-616.955116
12	0.705989	7500	-46.158956	-663.114072
13	0.685877	7500	-45.375194	-708.489267
14	0.666112	7500	-44.589579	-753.078845
15	0.646693	7500	-43.810180	-796.889025
16	0.627618	7500	-43.036065	-839.925090
17	0.608884	7500	-42.269370	-882.194461
18	0.590490	7500	-41.501313	-923.695773
19	0.572433	7500	-40.747811	-964.443584
20	0.554712	7500	-39.990491	-1004.434075
21	0.537324	7500	-39.238190	-1043.672265
22	0.520268	7500	-38.496015	-1082.168280
23	0.503540	7500	-37.752141	-1119.920421
24	0.487139	7500	-37.013180	-1156.933601
25	0.471063	7500	-36.288357	-1193.221958
26	0.455310	7500	-35.561079	-1228.783037
27	0.439877	7500	-34.839376	-1263.622413
28	0.424762	7500	-34.125493	-1297.747906
29	0.409963	7500	-33.409775	-1331.157681
30	0.395478	7500	-32.704208	-1363.861889
31	0.381305	7500	-32.004739	-1395.866628
32	0.367440	7500	-31.311526	-1427.178154
33	0.353883	7500	-30.624176	-1457.802330
34	0.340630	7500	-29.929887	-1487.732217
35	0.327680	7500	-29.254859	-1516.987076
36	0.315030	7500	-28.581145	-1545.568222
37	0.302677	7500	-27.911428	-1573.479650
38	0.290619	7500	-27.248459	-1600.728109
39	0.278855	7500	-26.586889	-1627.314998
40	0.267381	7500	-25.932816	-1653.247814
41	0.256195	7500	-25.289104	-1678.536919
42	0.245294	7500	-24.644585	-1703.181504
43	0.234677	7500	-24.007366	-1727.188870
44	0.224340	7500	-23.379790	-1750.568660
45	0.214281	7500	-22.760891	-1773.329551
46	0.204498	7500	-22.135783	-1795.465334
47	0.194988	7500	-21.526764	-1816.992098
48	0.185749	7500	-20.921403	-1837.913502
49	0.176777	7500	-20.317005	-1858.230507
50	0.168070	7500	-19.719936	-1877.950443
51	0.159626	7500	-19.128131	-1897.078574
52	0.151441	7500	-18.547583	-1915.626156
53	0.143514	7500	-17.971584	-1933.597740
54	0.135841	7500	-17.394577	-1950.992318
55	0.128420	7500	-16.836075	-1967.828392
56	0.121247	7500	-16.271455	-1984.099847
57	0.114320	7500	-15.740020	-1999.839867
58	0.107637	7500	-15.174830	-2015.014697
59	0.101193	7500	-14.643286	-2029.657983
60	0.094986	7500	-14.111095	-2043.769078
61	0.089014	7500	-13.588677	-2057.357755
62	0.083273	7500	-13.072761	-2070.430516
63	0.077760	7500	-12.558231	-2082.988747
64	0.072472	7500	-12.060545	-2095.049292
65	0.067406	7500	-11.566399	-2106.615691
66	0.062558	7500	-11.084602	-2117.700293
67	0.057926	7500	-10.593965	-2128.294259
68	0.053506	7500	-10.121391	-2138.415650
69	0.049295	7500	-9.662446	-2148.078096
70	0.045289	7500	-9.188822	-2157.266918
71	0.041485	7500	-8.773953	-2166.040871
72	0.037880	7500	-8.582727	-2174.623598
73	0.034469	7500	-7.906863	-2182.530461
74	0.031250	7500	-7.993269	-2190.523730
75	0.028218	7500	-7.945352	-2198.469082
76	0.025370	7500	-7.723447	-2206.192529
77	0.022702	7500	-6.879894	-2213.072423
78	0.020209	7500	-6.930172	-2220.002594
79	0.017889	7500	-6.423792	-2226.426387
80	0.015736	7500	-6.026594	-2232.452981
81	0.013746	7500	-5.601530	-2238.054510
82	0.011916	7500	-5.101194	-2243.155704
83	0.010240	7500	-4.727819	-2247.883523
84	0.008714	7500	-4.322601	-2252.206124
85	0.007334	7500	-3.840721	-2256.046846
86	0.006093	7500	-3.532001	-2259.578847
87	0.004988	7500	-3.225786	-2262.804632
88	0.004013	7500	-2.881487	-2265.686120
89	0.003162	7500	-2.539932	-2268.226052
90	0.002430	7500	-2.193693	-2270.419744
91	0.001810	7500	-1.956486	-2272.376230
92	0.001296	7500	-1.583680	-2273.959910
93	0.000882	7500	-1.347798	-2275.307708
94	0.000559	7500	-1.165369	-2276.473077
95	0.000320	7500	-0.860325	-2277.333403
96	0.000156	7500	-0.575007	-2277.908409
97	0.000057	7500	-0.465183	-2278.373592
98	0.000010	7500	-0.167518	-2278.541110
99	0.000000	7500	-0.044722	-2278.585833
Log marginal likelihood:	-2278.585833
0	0.975187	7500	-56.333131	-56.333131
1	0.950747	7500	-55.490002	-111.823133
2	0.926679	7500	-54.647457	-166.470590
3	0.902980	7500	-53.810032	-220.280622
4	0.879648	7500	-52.978798	-273.259421
5	0.856682	7500	-52.149520	-325.408940
6	0.834079	7500	-51.321796	-376.730736
7	0.811838	7500	-50.502300	-427.233036
8	0.789957	7500	-49.689152	-476.922188
9	0.768433	7500	-48.876514	-525.798702
10	0.747266	7500	-48.069746	-573.868448
11	0.726452	7500	-47.269072	-621.137520
12	0.705989	7500	-46.472503	-667.610023
13	0.685877	7500	-45.678366	-713.288388
14	0.666112	7500	-44.889952	-758.178340
15	0.646693	7500	-44.107460	-802.285800
16	0.627618	7500	-43.328861	-845.614661
17	0.608884	7500	-42.551642	-888.166304
18	0.590490	7500	-41.786626	-929.952929
19	0.572433	7500	-41.020423	-970.973352
20	0.554712	7500	-40.260525	-1011.233877
21	0.537324	7500	-39.500998	-1050.734875
22	0.520268	7500	-38.751140	-1089.486015
23	0.503540	7500	-38.007847	-1127.493862
24	0.487139	7500	-37.265406	-1164.759267
25	0.471063	7500	-36.532332	-1201.291599
26	0.455310	7500	-35.798986	-1237.090586
27	0.439877	7500	-35.075555	-1272.166140
28	0.424762	7500	-34.354238	-1306.520378
29	0.409963	7500	-33.642688	-1340.163067
30	0.395478	7500	-32.926159	-1373.089226
31	0.381305	7500	-32.221051	-1405.310277
32	0.367440	7500	-31.523127	-1436.833404
33	0.353883	7500	-30.825901	-1467.659305
34	0.340630	7500	-30.137411	-1497.796716
35	0.327680	7500	-29.452052	-1527.248768
36	0.315030	7500	-28.777829	-1556.026596
37	0.302677	7500	-28.097089	-1584.123685
38	0.290619	7500	-27.432184	-1611.555870
39	0.278855	7500	-26.767555	-1638.323425
40	0.267381	7500	-26.107112	-1664.430537
41	0.256195	7500	-25.459254	-1689.889791
42	0.245294	7500	-24.810130	-1714.699922
43	0.234677	7500	-24.173406	-1738.873328
44	0.224340	7500	-23.540788	-1762.414116
45	0.214281	7500	-22.910955	-1785.325071
46	0.204498	7500	-22.287317	-1807.612389
47	0.194988	7500	-21.672306	-1829.284694
48	0.185749	7500	-21.058995	-1850.343689
49	0.176777	7500	-20.450596	-1870.794285
50	0.168070	7500	-19.848701	-1890.642986
51	0.159626	7500	-19.258641	-1909.901628
52	0.151441	7500	-18.670505	-1928.572133
53	0.143514	7500	-18.094399	-1946.666532
54	0.135841	7500	-17.520895	-1964.187427
55	0.128420	7500	-16.951167	-1981.138594
56	0.121247	7500	-16.380160	-1997.518754
57	0.114320	7500	-15.829447	-2013.348200
58	0.107637	7500	-15.285116	-2028.633317
59	0.101193	7500	-14.752365	-2043.385682
60	0.094986	7500	-14.213667	-2057.599349
61	0.089014	7500	-13.679730	-2071.279078
62	0.083273	7500	-13.169934	-2084.449012
63	0.077760	7500	-12.639747	-2097.088760
64	0.072472	7500	-12.149880	-2109.238639
65	0.067406	7500	-11.643935	-2120.882575
66	0.062558	7500	-11.161250	-2132.043824
67	0.057926	7500	-10.689367	-2142.733192
68	0.053506	7500	-10.205579	-2152.938771
69	0.049295	7500	-9.734146	-2162.672918
70	0.045289	7500	-9.281527	-2171.954445
71	0.041485	7500	-9.120401	-2181.074846
72	0.037880	7500	-8.386034	-2189.460880
73	0.034469	7500	-7.948893	-2197.409773
74	0.031250	7500	-8.035597	-2205.445370
75	0.028218	7500	-7.434450	-2212.879820
76	0.025370	7500	-7.784204	-2220.664024
77	0.022702	7500	-7.431125	-2228.095150
78	0.020209	7500	-6.957231	-2235.052381
79	0.017889	7500	-6.389732	-2241.442113
80	0.015736	7500	-6.006388	-2247.448501
81	0.013746	7500	-5.574027	-2253.022528
82	0.011916	7500	-5.150227	-2258.172755
83	0.010240	7500	-4.741103	-2262.913858
84	0.008714	7500	-4.293264	-2267.207122
85	0.007334	7500	-3.954543	-2271.161665
86	0.006093	7500	-3.559155	-2274.720820
87	0.004988	7500	-3.203466	-2277.924286
88	0.004013	7500	-2.867202	-2280.791488
89	0.003162	7500	-2.520821	-2283.312308
90	0.002430	7500	-2.245096	-2285.557404
91	0.001810	7500	-1.902943	-2287.460347
92	0.001296	7500	-1.644586	-2289.104933
93	0.000882	7500	-1.382064	-2290.486997
94	0.000559	7500	-1.097262	-2291.584259
95	0.000320	7500	-0.768446	-2292.352705
96	0.000156	7500	-0.651930	-2293.004635
97	0.000057	7500	-0.429740	-2293.434375
98	0.000010	7500	-0.191188	-2293.625563
99	0.000000	7500	-0.040727	-2293.666290
Log marginal likelihood:	-2293.666290
0	0.975187	7500	-55.935070	-55.935070
1	0.950747	7500	-55.092548	-111.027618
2	0.926679	7500	-54.258442	-165.286060
3	0.902980	7500	-53.426218	-218.712278
4	0.879648	7500	-52.599960	-271.312238
5	0.856682	7500	-51.775374	-323.087612
6	0.834079	7500	-50.957840	-374.045452
7	0.811838	7500	-50.144592	-424.190044
8	0.789957	7500	-49.337321	-473.527365
9	0.768433	7500	-48.532566	-522.059931
10	0.747266	7500	-47.729030	-569.788961
11	0.726452	7500	-46.934269	-616.723230
12	0.705989	7500	-46.140981	-662.864211
13	0.685877	7500	-45.354694	-708.218905
14	0.666112	7500	-44.573142	-752.792047
15	0.646693	7500	-43.796633	-796.588680
16	0.627618	7500	-43.023156	-839.611836
17	0.608884	7500	-42.251255	-881.863092
18	0.590490	7500	-41.488949	-923.352040
19	0.572433	7500	-40.732840	-964.084880
20	0.554712	7500	-39.973301	-1004.058180
21	0.537324	7500	-39.223610	-1043.281790
22	0.520268	7500	-38.477240	-1081.759030
23	0.503540	7500	-37.739717	-1119.498748
24	0.487139	7500	-37.007573	-1156.506320
25	0.471063	7500	-36.276485	-1192.782805
26	0.455310	7500	-35.547240	-1228.330046
27	0.439877	7500	-34.830159	-1263.160205
28	0.424762	7500	-34.112667	-1297.272872
29	0.409963	7500	-33.397015	-1330.669887
30	0.395478	7500	-32.697822	-1363.367709
31	0.381305	7500	-31.993213	-1395.360923
32	0.367440	7500	-31.295299	-1426.656222
33	0.353883	7500	-30.609854	-1457.266076
34	0.340630	7500	-29.927474	-1487.193550
35	0.327680	7500	-29.250748	-1516.444297
36	0.315030	7500	-28.571583	-1545.015880
37	0.302677	7500	-27.907704	-1572.923584
38	0.290619	7500	-27.234126	-1600.157710
39	0.278855	7500	-26.579453	-1626.737163
40	0.267381	7500	-25.932355	-1652.669518
41	0.256195	7500	-25.277851	-1677.947370
42	0.245294	7500	-24.638162	-1702.585531
43	0.234677	7500	-24.001524	-1726.587055
44	0.224340	7500	-23.368417	-1749.955473
45	0.214281	7500	-22.748256	-1772.703729
46	0.204498	7500	-22.127354	-1794.831083
47	0.194988	7500	-21.514973	-1816.346056
48	0.185749	7500	-20.908393	-1837.254449
49	0.176777	7500	-20.303249	-1857.557698
50	0.168070	7500	-19.716423	-1877.274121
51	0.159626	7500	-19.123712	-1896.397833
52	0.151441	7500	-18.537268	-1914.935101
53	0.143514	7500	-17.964404	-1932.899504
54	0.135841	7500	-17.396249	-1950.295754
55	0.128420	7500	-16.839989	-1967.135742
56	0.121247	7500	-16.267279	-1983.403022
57	0.114320	7500	-15.719789	-1999.122810
58	0.107637	7500	-15.175098	-2014.297908
59	0.101193	7500	-14.632985	-2028.930893
60	0.094986	7500	-14.117026	-2043.047919
61	0.089014	7500	-13.614331	-2056.662250
62	0.083273	7500	-13.078820	-2069.741070
63	0.077760	7500	-12.569374	-2082.310444
64	0.072472	7500	-12.062818	-2094.373263
65	0.067406	7500	-11.565462	-2105.938724
66	0.062558	7500	-11.070150	-2117.008874
67	0.057926	7500	-10.594570	-2127.603444
68	0.053506	7500	-10.119603	-2137.723047
69	0.049295	7500	-9.677055	-2147.400102
70	0.045289	7500	-9.156061	-2156.556162
71	0.041485	7500	-8.702800	-2165.258963
72	0.037880	7500	-8.264936	-2173.523899
73	0.034469	7500	-7.840016	-2181.363914
74	0.031250	7500	-7.538383	-2188.902298
75	0.028218	7500	-7.676105	-2196.578403
76	0.025370	7500	-7.920396	-2204.498799
77	0.022702	7500	-7.088431	-2211.587230
78	0.020209	7500	-6.532902	-2218.120132
79	0.017889	7500	-6.445472	-2224.565603
80	0.015736	7500	-6.030290	-2230.595894
81	0.013746	7500	-5.567565	-2236.163459
82	0.011916	7500	-5.093415	-2241.256874
83	0.010240	7500	-4.737812	-2245.994686
84	0.008714	7500	-4.273559	-2250.268244
85	0.007334	7500	-3.951916	-2254.220161
86	0.006093	7500	-3.550238	-2257.770399
87	0.004988	7500	-3.226774	-2260.997173
88	0.004013	7500	-2.820044	-2263.817217
89	0.003162	7500	-2.528396	-2266.345613
90	0.002430	7500	-2.223821	-2268.569434
91	0.001810	7500	-1.922474	-2270.491907
92	0.001296	7500	-1.641275	-2272.133182
93	0.000882	7500	-1.321107	-2273.454289
94	0.000559	7500	-1.109319	-2274.563609
95	0.000320	7500	-0.879087	-2275.442696
96	0.000156	7500	-0.623108	-2276.065804
97	0.000057	7500	-0.390726	-2276.456530
98	0.000010	7500	-0.183888	-2276.640418
99	0.000000	7500	-0.040387	-2276.680805
Log marginal likelihood:	-2276.680805
0	0.975187	7500	-55.418429	-55.418429
1	0.950747	7500	-54.586902	-110.005331
2	0.926679	7500	-53.756756	-163.762086
3	0.902980	7500	-52.932294	-216.694380
4	0.879648	7500	-52.114326	-268.808707
5	0.856682	7500	-51.300491	-320.109198
6	0.834079	7500	-50.490980	-370.600178
7	0.811838	7500	-49.682135	-420.282313
8	0.789957	7500	-48.880081	-469.162395
9	0.768433	7500	-48.083869	-517.246264
10	0.747266	7500	-47.286333	-564.532597
11	0.726452	7500	-46.500650	-611.033247
12	0.705989	7500	-45.716653	-656.749901
13	0.685877	7500	-44.932106	-701.682006
14	0.666112	7500	-44.161676	-745.843683
15	0.646693	7500	-43.388445	-789.232127
16	0.627618	7500	-42.623214	-831.855341
17	0.608884	7500	-41.861850	-873.717191
18	0.590490	7500	-41.104179	-914.821370
19	0.572433	7500	-40.351302	-955.172672
20	0.554712	7500	-39.609103	-994.781775
21	0.537324	7500	-38.860830	-1033.642604
22	0.520268	7500	-38.125378	-1071.767982
23	0.503540	7500	-37.389380	-1109.157361
24	0.487139	7500	-36.663257	-1145.820618
25	0.471063	7500	-35.936388	-1181.757006
26	0.455310	7500	-35.215841	-1216.972847
27	0.439877	7500	-34.506543	-1251.479390
28	0.424762	7500	-33.799125	-1285.278515
29	0.409963	7500	-33.091885	-1318.370400
30	0.395478	7500	-32.394983	-1350.765383
31	0.381305	7500	-31.695823	-1382.461207
32	0.367440	7500	-31.011600	-1413.472807
33	0.353883	7500	-30.323542	-1443.796348
34	0.340630	7500	-29.648787	-1473.445136
35	0.327680	7500	-28.975693	-1502.420829
36	0.315030	7500	-28.302060	-1530.722889
37	0.302677	7500	-27.646802	-1558.369691
38	0.290619	7500	-26.989458	-1585.359149
39	0.278855	7500	-26.335166	-1611.694314
40	0.267381	7500	-25.689541	-1637.383856
41	0.256195	7500	-25.051948	-1662.435804
42	0.245294	7500	-24.410490	-1686.846295
43	0.234677	7500	-23.779726	-1710.626020
44	0.224340	7500	-23.153111	-1733.779131
45	0.214281	7500	-22.532788	-1756.311919
46	0.204498	7500	-21.923107	-1778.235026
47	0.194988	7500	-21.318667	-1799.553692
48	0.185749	7500	-20.711024	-1820.264716
49	0.176777	7500	-20.126218	-1840.390934
50	0.168070	7500	-19.532426	-1859.923360
51	0.159626	7500	-18.950887	-1878.874247
52	0.151441	7500	-18.370915	-1897.245162
53	0.143514	7500	-17.801236	-1915.046398
54	0.135841	7500	-17.230471	-1932.276869
55	0.128420	7500	-16.666786	-1948.943655
56	0.121247	7500	-16.133639	-1965.077294
57	0.114320	7500	-15.569238	-1980.646532
58	0.107637	7500	-15.035479	-1995.682011
59	0.101193	7500	-14.498838	-2010.180849
60	0.094986	7500	-13.983852	-2024.164701
61	0.089014	7500	-13.462043	-2037.626744
62	0.083273	7500	-12.964248	-2050.590992
63	0.077760	7500	-12.444786	-2063.035778
64	0.072472	7500	-11.941970	-2074.977748
65	0.067406	7500	-11.446895	-2086.424643
66	0.062558	7500	-10.976893	-2097.401536
67	0.057926	7500	-10.501705	-2107.903241
68	0.053506	7500	-10.030600	-2117.933842
69	0.049295	7500	-9.586970	-2127.520811
70	0.045289	7500	-9.120872	-2136.641683
71	0.041485	7500	-8.689399	-2145.331082
72	0.037880	7500	-8.265800	-2153.596882
73	0.034469	7500	-7.798370	-2161.395252
74	0.031250	7500	-7.361316	-2168.756568
75	0.028218	7500	-7.029447	-2175.786015
76	0.025370	7500	-7.341123	-2183.127138
77	0.022702	7500	-6.852176	-2189.979314
78	0.020209	7500	-6.503091	-2196.482405
79	0.017889	7500	-6.222675	-2202.705080
80	0.015736	7500	-5.930177	-2208.635257
81	0.013746	7500	-5.326968	-2213.962225
82	0.011916	7500	-5.152179	-2219.114404
83	0.010240	7500	-4.671587	-2223.785991
84	0.008714	7500	-4.325430	-2228.111421
85	0.007334	7500	-3.933906	-2232.045327
86	0.006093	7500	-3.507557	-2235.552884
87	0.004988	7500	-3.195218	-2238.748102
88	0.004013	7500	-2.864060	-2241.612162
89	0.003162	7500	-2.510760	-2244.122922
90	0.002430	7500	-2.199746	-2246.322668
91	0.001810	7500	-1.918291	-2248.240959
92	0.001296	7500	-1.644982	-2249.885940
93	0.000882	7500	-1.370089	-2251.256029
94	0.000559	7500	-1.120938	-2252.376967
95	0.000320	7500	-0.819602	-2253.196570
96	0.000156	7500	-0.586792	-2253.783361
97	0.000057	7500	-0.368961	-2254.152322
98	0.000010	7500	-0.200919	-2254.353241
99	0.000000	7500	-0.043128	-2254.396369
Log marginal likelihood:	-2254.396369
0	0.975187	7500	-55.823723	-55.823723
1	0.950747	7500	-54.982337	-110.806060
2	0.926679	7500	-54.148873	-164.954933
3	0.902980	7500	-53.317484	-218.272417
4	0.879648	7500	-52.492033	-270.764450
5	0.856682	7500	-51.675349	-322.439799
6	0.834079	7500	-50.856921	-373.296720
7	0.811838	7500	-50.041785	-423.338505
8	0.789957	7500	-49.238547	-472.577052
9	0.768433	7500	-48.430610	-521.007662
10	0.747266	7500	-47.633239	-568.640900
11	0.726452	7500	-46.840751	-615.481651
12	0.705989	7500	-46.053795	-661.535446
13	0.685877	7500	-45.260530	-706.795976
14	0.666112	7500	-44.481319	-751.277295
15	0.646693	7500	-43.706383	-794.983678
16	0.627618	7500	-42.930421	-837.914099
17	0.608884	7500	-42.164123	-880.078222
18	0.590490	7500	-41.406876	-921.485098
19	0.572433	7500	-40.647149	-962.132246
20	0.554712	7500	-39.896073	-1002.028319
21	0.537324	7500	-39.145336	-1041.173654
22	0.520268	7500	-38.402471	-1079.576125
23	0.503540	7500	-37.661726	-1117.237851
24	0.487139	7500	-36.929689	-1154.167540
25	0.471063	7500	-36.202508	-1190.370048
26	0.455310	7500	-35.475938	-1225.845986
27	0.439877	7500	-34.756591	-1260.602577
28	0.424762	7500	-34.047570	-1294.650146
29	0.409963	7500	-33.334058	-1327.984204
30	0.395478	7500	-32.628083	-1360.612287
31	0.381305	7500	-31.928829	-1392.541116
32	0.367440	7500	-31.240849	-1423.781965
33	0.353883	7500	-30.546383	-1454.328349
34	0.340630	7500	-29.862134	-1484.190482
35	0.327680	7500	-29.187770	-1513.378252
36	0.315030	7500	-28.517575	-1541.895827
37	0.302677	7500	-27.845507	-1569.741334
38	0.290619	7500	-27.180720	-1596.922054
39	0.278855	7500	-26.529577	-1623.451631
40	0.267381	7500	-25.882800	-1649.334431
41	0.256195	7500	-25.235103	-1674.569534
42	0.245294	7500	-24.598317	-1699.167851
43	0.234677	7500	-23.963254	-1723.131105
44	0.224340	7500	-23.331988	-1746.463093
45	0.214281	7500	-22.698797	-1769.161889
46	0.204498	7500	-22.088425	-1791.250314
47	0.194988	7500	-21.477051	-1812.727365
48	0.185749	7500	-20.866399	-1833.593763
49	0.176777	7500	-20.267115	-1853.860879
50	0.168070	7500	-19.668546	-1873.529425
51	0.159626	7500	-19.083234	-1892.612659
52	0.151441	7500	-18.500710	-1911.113369
53	0.143514	7500	-17.931325	-1929.044694
54	0.135841	7500	-17.366482	-1946.411176
55	0.128420	7500	-16.800285	-1963.211462
56	0.121247	7500	-16.256043	-1979.467504
57	0.114320	7500	-15.691148	-1995.158653
58	0.107637	7500	-15.150433	-2010.309086
59	0.101193	7500	-14.615552	-2024.924637
60	0.094986	7500	-14.072611	-2038.997248
61	0.089014	7500	-13.557618	-2052.554866
62	0.083273	7500	-13.044723	-2065.599589
63	0.077760	7500	-12.540267	-2078.139856
64	0.072472	7500	-12.028372	-2090.168229
65	0.067406	7500	-11.547464	-2101.715693
66	0.062558	7500	-11.042390	-2112.758083
67	0.057926	7500	-10.573790	-2123.331873
68	0.053506	7500	-10.112964	-2133.444837
69	0.049295	7500	-9.653790	-2143.098627
70	0.045289	7500	-9.195962	-2152.294589
71	0.041485	7500	-8.732185	-2161.026773
72	0.037880	7500	-8.309816	-2169.336589
73	0.034469	7500	-7.882127	-2177.218716
74	0.031250	7500	-8.324221	-2185.542937
75	0.028218	7500	-7.598199	-2193.141136
76	0.025370	7500	-7.095361	-2200.236497
77	0.022702	7500	-6.439090	-2206.675587
78	0.020209	7500	-6.476745	-2213.152333
79	0.017889	7500	-6.364881	-2219.517213
80	0.015736	7500	-5.992960	-2225.510173
81	0.013746	7500	-5.563783	-2231.073956
82	0.011916	7500	-5.064187	-2236.138143
83	0.010240	7500	-4.671196	-2240.809338
84	0.008714	7500	-4.296259	-2245.105597
85	0.007334	7500	-3.923342	-2249.028939
86	0.006093	7500	-3.566676	-2252.595615
87	0.004988	7500	-3.206849	-2255.802465
88	0.004013	7500	-2.865219	-2258.667683
89	0.003162	7500	-2.532153	-2261.199836
90	0.002430	7500	-2.230484	-2263.430320
91	0.001810	7500	-1.908678	-2265.338998
92	0.001296	7500	-1.605391	-2266.944389
93	0.000882	7500	-1.367252	-2268.311641
94	0.000559	7500	-1.104605	-2269.416246
95	0.000320	7500	-0.881487	-2270.297733
96	0.000156	7500	-0.562664	-2270.860397
97	0.000057	7500	-0.398225	-2271.258622
98	0.000010	7500	-0.199439	-2271.458061
99	0.000000	7500	-0.042864	-2271.500924
Log marginal likelihood:	-2271.500924
0	0.975187	7500	-56.443633	-56.443633
1	0.950747	7500	-55.595999	-112.039632
2	0.926679	7500	-54.752853	-166.792485
3	0.902980	7500	-53.915457	-220.707942
4	0.879648	7500	-53.075368	-273.783311
5	0.856682	7500	-52.250159	-326.033470
6	0.834079	7500	-51.422443	-377.455913
7	0.811838	7500	-50.601590	-428.057502
8	0.789957	7500	-49.786044	-477.843547
9	0.768433	7500	-48.972604	-526.816151
10	0.747266	7500	-48.164518	-574.980669
11	0.726452	7500	-47.363571	-622.344240
12	0.705989	7500	-46.560417	-668.904657
13	0.685877	7500	-45.771548	-714.676205
14	0.666112	7500	-44.978225	-759.654430
15	0.646693	7500	-44.194566	-803.848996
16	0.627618	7500	-43.417867	-847.266863
17	0.608884	7500	-42.637582	-889.904445
18	0.590490	7500	-41.866553	-931.770998
19	0.572433	7500	-41.104495	-972.875492
20	0.554712	7500	-40.341123	-1013.216615
21	0.537324	7500	-39.587481	-1052.804096
22	0.520268	7500	-38.830303	-1091.634399
23	0.503540	7500	-38.086788	-1129.721187
24	0.487139	7500	-37.344554	-1167.065741
25	0.471063	7500	-36.602149	-1203.667889
26	0.455310	7500	-35.871965	-1239.539854
27	0.439877	7500	-35.146463	-1274.686317
28	0.424762	7500	-34.425134	-1309.111451
29	0.409963	7500	-33.703191	-1342.814642
30	0.395478	7500	-32.991887	-1375.806529
31	0.381305	7500	-32.283408	-1408.089937
32	0.367440	7500	-31.586230	-1439.676167
33	0.353883	7500	-30.888387	-1470.564554
34	0.340630	7500	-30.196869	-1500.761424
35	0.327680	7500	-29.512196	-1530.273620
36	0.315030	7500	-28.835772	-1559.109392
37	0.302677	7500	-28.158683	-1587.268075
38	0.290619	7500	-27.484530	-1614.752605
39	0.278855	7500	-26.823123	-1641.575729
40	0.267381	7500	-26.159699	-1667.735428
41	0.256195	7500	-25.512682	-1693.248110
42	0.245294	7500	-24.862296	-1718.110406
43	0.234677	7500	-24.216578	-1742.326985
44	0.224340	7500	-23.579980	-1765.906965
45	0.214281	7500	-22.953335	-1788.860300
46	0.204498	7500	-22.332079	-1811.192379
47	0.194988	7500	-21.715393	-1832.907772
48	0.185749	7500	-21.102643	-1854.010415
49	0.176777	7500	-20.494479	-1874.504894
50	0.168070	7500	-19.889014	-1894.393908
51	0.159626	7500	-19.298406	-1913.692314
52	0.151441	7500	-18.711448	-1932.403763
53	0.143514	7500	-18.128384	-1950.532147
54	0.135841	7500	-17.555280	-1968.087428
55	0.128420	7500	-16.977168	-1985.064595
56	0.121247	7500	-16.419250	-2001.483846
57	0.114320	7500	-15.861271	-2017.345116
58	0.107637	7500	-15.312209	-2032.657325
59	0.101193	7500	-14.770303	-2047.427628
60	0.094986	7500	-14.236838	-2061.664466
61	0.089014	7500	-13.717267	-2075.381734
62	0.083273	7500	-13.194481	-2088.576214
63	0.077760	7500	-12.669538	-2101.245752
64	0.072472	7500	-12.173921	-2113.419673
65	0.067406	7500	-11.673396	-2125.093069
66	0.062558	7500	-11.165947	-2136.259016
67	0.057926	7500	-10.695005	-2146.954020
68	0.053506	7500	-10.226617	-2157.180637
69	0.049295	7500	-9.740644	-2166.921281
70	0.045289	7500	-9.289097	-2176.210378
71	0.041485	7500	-8.829486	-2185.039864
72	0.037880	7500	-8.401093	-2193.440956
73	0.034469	7500	-7.966803	-2201.407759
74	0.031250	7500	-7.519379	-2208.927138
75	0.028218	7500	-7.625919	-2216.553057
76	0.025370	7500	-7.912243	-2224.465300
77	0.022702	7500	-7.292980	-2231.758280
78	0.020209	7500	-6.730237	-2238.488517
79	0.017889	7500	-6.292030	-2244.780547
80	0.015736	7500	-6.024319	-2250.804866
81	0.013746	7500	-5.572703	-2256.377569
82	0.011916	7500	-5.074698	-2261.452267
83	0.010240	7500	-4.728373	-2266.180640
84	0.008714	7500	-4.342864	-2270.523504
85	0.007334	7500	-3.942571	-2274.466074
86	0.006093	7500	-3.574325	-2278.040400
87	0.004988	7500	-3.213924	-2281.254324
88	0.004013	7500	-2.841894	-2284.096218
89	0.003162	7500	-2.525186	-2286.621404
90	0.002430	7500	-2.190780	-2288.812184
91	0.001810	7500	-1.919978	-2290.732161
92	0.001296	7500	-1.604514	-2292.336676
93	0.000882	7500	-1.353117	-2293.689793
94	0.000559	7500	-1.100291	-2294.790084
95	0.000320	7500	-0.920243	-2295.710327
96	0.000156	7500	-0.631557	-2296.341884
97	0.000057	7500	-0.382688	-2296.724572
98	0.000010	7500	-0.228796	-2296.953368
99	0.000000	7500	-0.042025	-2296.995393
Log marginal likelihood:	-2296.995393
0	0.975187	7500	-56.387875	-56.387875
1	0.950747	7500	-55.539155	-111.927030
2	0.926679	7500	-54.700236	-166.627266
3	0.902980	7500	-53.860600	-220.487867
4	0.879648	7500	-53.027810	-273.515676
5	0.856682	7500	-52.197009	-325.712685
6	0.834079	7500	-51.370299	-377.082984
7	0.811838	7500	-50.551694	-427.634678
8	0.789957	7500	-49.735086	-477.369764
9	0.768433	7500	-48.925120	-526.294884
10	0.747266	7500	-48.118141	-574.413025
11	0.726452	7500	-47.314665	-621.727689
12	0.705989	7500	-46.516051	-668.243740
13	0.685877	7500	-45.722633	-713.966373
14	0.666112	7500	-44.936805	-758.903179
15	0.646693	7500	-44.151401	-803.054580
16	0.627618	7500	-43.369542	-846.424122
17	0.608884	7500	-42.597196	-889.021318
18	0.590490	7500	-41.825255	-930.846573
19	0.572433	7500	-41.057338	-971.903911
20	0.554712	7500	-40.298325	-1012.202236
21	0.537324	7500	-39.538427	-1051.740663
22	0.520268	7500	-38.791970	-1090.532633
23	0.503540	7500	-38.049551	-1128.582184
24	0.487139	7500	-37.306222	-1165.888406
25	0.471063	7500	-36.565397	-1202.453803
26	0.455310	7500	-35.839969	-1238.293772
27	0.439877	7500	-35.108005	-1273.401777
28	0.424762	7500	-34.392278	-1307.794055
29	0.409963	7500	-33.670683	-1341.464737
30	0.395478	7500	-32.959564	-1374.424302
31	0.381305	7500	-32.257377	-1406.681679
32	0.367440	7500	-31.554472	-1438.236150
33	0.353883	7500	-30.857341	-1469.093491
34	0.340630	7500	-30.173883	-1499.267374
35	0.327680	7500	-29.480656	-1528.748030
36	0.315030	7500	-28.802543	-1557.550573
37	0.302677	7500	-28.128061	-1585.678634
38	0.290619	7500	-27.451433	-1613.130067
39	0.278855	7500	-26.790887	-1639.920954
40	0.267381	7500	-26.138343	-1666.059297
41	0.256195	7500	-25.479475	-1691.538772
42	0.245294	7500	-24.842662	-1716.381434
43	0.234677	7500	-24.194206	-1740.575640
44	0.224340	7500	-23.562578	-1764.138219
45	0.214281	7500	-22.928403	-1787.066622
46	0.204498	7500	-22.311408	-1809.378030
47	0.194988	7500	-21.695684	-1831.073714
48	0.185749	7500	-21.076773	-1852.150487
49	0.176777	7500	-20.474338	-1872.624825
50	0.168070	7500	-19.875462	-1892.500287
51	0.159626	7500	-19.280088	-1911.780375
52	0.151441	7500	-18.685718	-1930.466094
53	0.143514	7500	-18.108171	-1948.574264
54	0.135841	7500	-17.531143	-1966.105407
55	0.128420	7500	-16.966922	-1983.072329
56	0.121247	7500	-16.400596	-1999.472925
57	0.114320	7500	-15.850390	-2015.323315
58	0.107637	7500	-15.303570	-2030.626886
59	0.101193	7500	-14.761207	-2045.388092
60	0.094986	7500	-14.219420	-2059.607513
61	0.089014	7500	-13.691728	-2073.299240
62	0.083273	7500	-13.178073	-2086.477313
63	0.077760	7500	-12.663504	-2099.140817
64	0.072472	7500	-12.155043	-2111.295861
65	0.067406	7500	-11.670449	-2122.966310
66	0.062558	7500	-11.168992	-2134.135302
67	0.057926	7500	-10.677707	-2144.813009
68	0.053506	7500	-10.217217	-2155.030226
69	0.049295	7500	-9.742496	-2164.772722
70	0.045289	7500	-9.282631	-2174.055353
71	0.041485	7500	-8.845375	-2182.900728
72	0.037880	7500	-8.398048	-2191.298776
73	0.034469	7500	-7.962358	-2199.261134
74	0.031250	7500	-7.895492	-2207.156626
75	0.028218	7500	-7.989165	-2215.145791
76	0.025370	7500	-7.417403	-2222.563194
77	0.022702	7500	-7.299834	-2229.863028
78	0.020209	7500	-6.730125	-2236.593153
79	0.017889	7500	-6.277414	-2242.870567
80	0.015736	7500	-6.036642	-2248.907209
81	0.013746	7500	-5.579786	-2254.486995
82	0.011916	7500	-5.102982	-2259.589976
83	0.010240	7500	-4.738192	-2264.328169
84	0.008714	7500	-4.339681	-2268.667850
85	0.007334	7500	-3.907566	-2272.575416
86	0.006093	7500	-3.556046	-2276.131462
87	0.004988	7500	-3.196952	-2279.328414
88	0.004013	7500	-2.868347	-2282.196761
89	0.003162	7500	-2.560346	-2284.757107
90	0.002430	7500	-2.196863	-2286.953970
91	0.001810	7500	-1.903675	-2288.857645
92	0.001296	7500	-1.661036	-2290.518680
93	0.000882	7500	-1.371120	-2291.889800
94	0.000559	7500	-1.078982	-2292.968782
95	0.000320	7500	-0.830631	-2293.799413
96	0.000156	7500	-0.587165	-2294.386578
97	0.000057	7500	-0.376186	-2294.762764
98	0.000010	7500	-0.175862	-2294.938625
99	0.000000	7500	-0.040280	-2294.978906
Log marginal likelihood:	-2294.978906
0	0.975187	7500	-55.154152	-55.154152
1	0.950747	7500	-54.324788	-109.478939
2	0.926679	7500	-53.501679	-162.980618
3	0.902980	7500	-52.680857	-215.661475
4	0.879648	7500	-51.867559	-267.529034
5	0.856682	7500	-51.054538	-318.583572
6	0.834079	7500	-50.252959	-368.836531
7	0.811838	7500	-49.445813	-418.282344
8	0.789957	7500	-48.649412	-466.931756
9	0.768433	7500	-47.851996	-514.783753
10	0.747266	7500	-47.063015	-561.846768
11	0.726452	7500	-46.280279	-608.127047
12	0.705989	7500	-45.495303	-653.622350
13	0.685877	7500	-44.728122	-698.350472
14	0.666112	7500	-43.950167	-742.300639
15	0.646693	7500	-43.183526	-785.484165
16	0.627618	7500	-42.419504	-827.903669
17	0.608884	7500	-41.664989	-869.568658
18	0.590490	7500	-40.909743	-910.478401
19	0.572433	7500	-40.162541	-950.640942
20	0.554712	7500	-39.419065	-990.060007
21	0.537324	7500	-38.678120	-1028.738127
22	0.520268	7500	-37.945545	-1066.683672
23	0.503540	7500	-37.217422	-1103.901094
24	0.487139	7500	-36.488020	-1140.389114
25	0.471063	7500	-35.764364	-1176.153479
26	0.455310	7500	-35.051469	-1211.204947
27	0.439877	7500	-34.341614	-1245.546561
28	0.424762	7500	-33.641015	-1279.187576
29	0.409963	7500	-32.936207	-1312.123783
30	0.395478	7500	-32.240657	-1344.364440
31	0.381305	7500	-31.551291	-1375.915731
32	0.367440	7500	-30.864204	-1406.779935
33	0.353883	7500	-30.183716	-1436.963651
34	0.340630	7500	-29.503737	-1466.467387
35	0.327680	7500	-28.840218	-1495.307606
36	0.315030	7500	-28.169202	-1523.476808
37	0.302677	7500	-27.515082	-1550.991889
38	0.290619	7500	-26.859784	-1577.851673
39	0.278855	7500	-26.207086	-1604.058758
40	0.267381	7500	-25.563779	-1629.622537
41	0.256195	7500	-24.928764	-1654.551301
42	0.245294	7500	-24.293949	-1678.845251
43	0.234677	7500	-23.676634	-1702.521885
44	0.224340	7500	-23.046077	-1725.567962
45	0.214281	7500	-22.432521	-1748.000483
46	0.204498	7500	-21.815959	-1769.816441
47	0.194988	7500	-21.215861	-1791.032302
48	0.185749	7500	-20.620362	-1811.652664
49	0.176777	7500	-20.036466	-1831.689129
50	0.168070	7500	-19.433875	-1851.123004
51	0.159626	7500	-18.855445	-1869.978449
52	0.151441	7500	-18.276542	-1888.254991
53	0.143514	7500	-17.709118	-1905.964109
54	0.135841	7500	-17.152581	-1923.116690
55	0.128420	7500	-16.602926	-1939.719616
56	0.121247	7500	-16.046348	-1955.765964
57	0.114320	7500	-15.504158	-1971.270121
58	0.107637	7500	-14.965984	-1986.236105
59	0.101193	7500	-14.437804	-2000.673910
60	0.094986	7500	-13.915969	-2014.589878
61	0.089014	7500	-13.389551	-2027.979430
62	0.083273	7500	-12.892700	-2040.872130
63	0.077760	7500	-12.384049	-2053.256179
64	0.072472	7500	-11.883325	-2065.139504
65	0.067406	7500	-11.398816	-2076.538320
66	0.062558	7500	-10.920379	-2087.458699
67	0.057926	7500	-10.459983	-2097.918682
68	0.053506	7500	-9.989606	-2107.908288
69	0.049295	7500	-9.544832	-2117.453119
70	0.045289	7500	-9.082113	-2126.535233
71	0.041485	7500	-8.646204	-2135.181437
72	0.037880	7500	-8.256478	-2143.437915
73	0.034469	7500	-8.153715	-2151.591630
74	0.031250	7500	-7.393410	-2158.985040
75	0.028218	7500	-6.991070	-2165.976110
76	0.025370	7500	-6.939156	-2172.915266
77	0.022702	7500	-7.212855	-2180.128121
78	0.020209	7500	-6.576555	-2186.704677
79	0.017889	7500	-6.491163	-2193.195839
80	0.015736	7500	-6.029556	-2199.225395
81	0.013746	7500	-5.574727	-2204.800122
82	0.011916	7500	-5.160758	-2209.960880
83	0.010240	7500	-4.742181	-2214.703061
84	0.008714	7500	-4.328870	-2219.031931
85	0.007334	7500	-3.953026	-2222.984956
86	0.006093	7500	-3.562109	-2226.547065
87	0.004988	7500	-3.144759	-2229.691824
88	0.004013	7500	-2.855767	-2232.547592
89	0.003162	7500	-2.522077	-2235.069669
90	0.002430	7500	-2.192435	-2237.262104
91	0.001810	7500	-1.881157	-2239.143261
92	0.001296	7500	-1.623823	-2240.767084
93	0.000882	7500	-1.350451	-2242.117535
94	0.000559	7500	-1.107267	-2243.224802
95	0.000320	7500	-0.935349	-2244.160151
96	0.000156	7500	-0.589108	-2244.749259
97	0.000057	7500	-0.402105	-2245.151364
98	0.000010	7500	-0.201201	-2245.352564
99	0.000000	7500	-0.046361	-2245.398926
Log marginal likelihood:	-2245.398926
0	0.975187	7500	-56.666658	-56.666658
1	0.950747	7500	-55.813284	-112.479942
2	0.926679	7500	-54.963488	-167.443430
3	0.902980	7500	-54.124314	-221.567744
4	0.879648	7500	-53.288263	-274.856007
5	0.856682	7500	-52.451230	-327.307237
6	0.834079	7500	-51.622532	-378.929769
7	0.811838	7500	-50.796385	-429.726155
8	0.789957	7500	-49.977375	-479.703530
9	0.768433	7500	-49.162839	-528.866369
10	0.747266	7500	-48.352882	-577.219251
11	0.726452	7500	-47.548690	-624.767940
12	0.705989	7500	-46.746362	-671.514302
13	0.685877	7500	-45.945605	-717.459906
14	0.666112	7500	-45.153675	-762.613581
15	0.646693	7500	-44.369418	-806.982999
16	0.627618	7500	-43.584842	-850.567841
17	0.608884	7500	-42.803130	-893.370971
18	0.590490	7500	-42.033535	-935.404506
19	0.572433	7500	-41.258848	-976.663354
20	0.554712	7500	-40.495082	-1017.158435
21	0.537324	7500	-39.738595	-1056.897030
22	0.520268	7500	-38.980164	-1095.877195
23	0.503540	7500	-38.229695	-1134.106890
24	0.487139	7500	-37.481976	-1171.588866
25	0.471063	7500	-36.746883	-1208.335748
26	0.455310	7500	-36.013198	-1244.348946
27	0.439877	7500	-35.280651	-1279.629597
28	0.424762	7500	-34.560304	-1314.189901
29	0.409963	7500	-33.835413	-1348.025314
30	0.395478	7500	-33.124767	-1381.150081
31	0.381305	7500	-32.414751	-1413.564832
32	0.367440	7500	-31.706678	-1445.271510
33	0.353883	7500	-31.011256	-1476.282766
34	0.340630	7500	-30.314426	-1506.597192
35	0.327680	7500	-29.625621	-1536.222813
36	0.315030	7500	-28.939284	-1565.162097
37	0.302677	7500	-28.259899	-1593.421996
38	0.290619	7500	-27.592021	-1621.014017
39	0.278855	7500	-26.930440	-1647.944457
40	0.267381	7500	-26.265113	-1674.209570
41	0.256195	7500	-25.608918	-1699.818488
42	0.245294	7500	-24.955648	-1724.774136
43	0.234677	7500	-24.315646	-1749.089782
44	0.224340	7500	-23.671980	-1772.761761
45	0.214281	7500	-23.051060	-1795.812821
46	0.204498	7500	-22.420332	-1818.233153
47	0.194988	7500	-21.798958	-1840.032111
48	0.185749	7500	-21.181962	-1861.214074
49	0.176777	7500	-20.570626	-1881.784700
50	0.168070	7500	-19.972573	-1901.757273
51	0.159626	7500	-19.376803	-1921.134076
52	0.151441	7500	-18.790479	-1939.924555
53	0.143514	7500	-18.189219	-1958.113774
54	0.135841	7500	-17.616469	-1975.730243
55	0.128420	7500	-17.046912	-1992.777155
56	0.121247	7500	-16.489330	-2009.266485
57	0.114320	7500	-15.930488	-2025.196973
58	0.107637	7500	-15.395408	-2040.592381
59	0.101193	7500	-14.833953	-2055.426334
60	0.094986	7500	-14.292559	-2069.718893
61	0.089014	7500	-13.760697	-2083.479590
62	0.083273	7500	-13.245180	-2096.724770
63	0.077760	7500	-12.730015	-2109.454785
64	0.072472	7500	-12.206047	-2121.660832
65	0.067406	7500	-11.701046	-2133.361878
66	0.062558	7500	-11.219547	-2144.581425
67	0.057926	7500	-10.726862	-2155.308287
68	0.053506	7500	-10.256525	-2165.564812
69	0.049295	7500	-9.783576	-2175.348387
70	0.045289	7500	-9.327235	-2184.675622
71	0.041485	7500	-8.867081	-2193.542703
72	0.037880	7500	-8.440888	-2201.983591
73	0.034469	7500	-7.989175	-2209.972767
74	0.031250	7500	-7.773708	-2217.746474
75	0.028218	7500	-7.131682	-2224.878157
76	0.025370	7500	-6.751645	-2231.629802
77	0.022702	7500	-7.341385	-2238.971187
78	0.020209	7500	-6.949857	-2245.921044
79	0.017889	7500	-6.148478	-2252.069522
80	0.015736	7500	-6.024261	-2258.093783
81	0.013746	7500	-5.469951	-2263.563734
82	0.011916	7500	-5.155213	-2268.718947
83	0.010240	7500	-4.669127	-2273.388073
84	0.008714	7500	-4.337564	-2277.725637
85	0.007334	7500	-3.943153	-2281.668790
86	0.006093	7500	-3.556842	-2285.225632
87	0.004988	7500	-3.173163	-2288.398794
88	0.004013	7500	-2.802225	-2291.201020
89	0.003162	7500	-2.525217	-2293.726236
90	0.002430	7500	-2.203894	-2295.930130
91	0.001810	7500	-1.927606	-2297.857736
92	0.001296	7500	-1.599629	-2299.457366
93	0.000882	7500	-1.352762	-2300.810128
94	0.000559	7500	-1.068560	-2301.878688
95	0.000320	7500	-0.858348	-2302.737036
96	0.000156	7500	-0.585991	-2303.323027
97	0.000057	7500	-0.378598	-2303.701626
98	0.000010	7500	-0.179340	-2303.880965
99	0.000000	7500	-0.043226	-2303.924192
Log marginal likelihood:	-2303.924192
0	0.975187	7500	-55.794133	-55.794133
1	0.950747	7500	-54.956213	-110.750345
2	0.926679	7500	-54.123249	-164.873595
3	0.902980	7500	-53.292293	-218.165888
4	0.879648	7500	-52.465569	-270.631456
5	0.856682	7500	-51.649643	-322.281099
6	0.834079	7500	-50.832388	-373.113487
7	0.811838	7500	-50.021377	-423.134864
8	0.789957	7500	-49.217826	-472.352690
9	0.768433	7500	-48.407397	-520.760086
10	0.747266	7500	-47.609687	-568.369773
11	0.726452	7500	-46.818271	-615.188044
12	0.705989	7500	-46.027766	-661.215810
13	0.685877	7500	-45.243796	-706.459606
14	0.666112	7500	-44.460041	-750.919647
15	0.646693	7500	-43.685539	-794.605186
16	0.627618	7500	-42.917620	-837.522806
17	0.608884	7500	-42.149920	-879.672726
18	0.590490	7500	-41.388466	-921.061192
19	0.572433	7500	-40.629053	-961.690244
20	0.554712	7500	-39.874259	-1001.564504
21	0.537324	7500	-39.124794	-1040.689298
22	0.520268	7500	-38.383663	-1079.072961
23	0.503540	7500	-37.647108	-1116.720069
24	0.487139	7500	-36.913323	-1153.633392
25	0.471063	7500	-36.179952	-1189.813345
26	0.455310	7500	-35.460238	-1225.273583
27	0.439877	7500	-34.741538	-1260.015121
28	0.424762	7500	-34.027295	-1294.042416
29	0.409963	7500	-33.317193	-1327.359608
30	0.395478	7500	-32.615209	-1359.974817
31	0.381305	7500	-31.913651	-1391.888468
32	0.367440	7500	-31.222480	-1423.110948
33	0.353883	7500	-30.535142	-1453.646089
34	0.340630	7500	-29.853750	-1483.499840
35	0.327680	7500	-29.173660	-1512.673499
36	0.315030	7500	-28.498132	-1541.171631
37	0.302677	7500	-27.832464	-1569.004095
38	0.290619	7500	-27.166739	-1596.170834
39	0.278855	7500	-26.512092	-1622.682926
40	0.267381	7500	-25.863687	-1648.546613
41	0.256195	7500	-25.220472	-1673.767085
42	0.245294	7500	-24.579367	-1698.346453
43	0.234677	7500	-23.943871	-1722.290324
44	0.224340	7500	-23.313550	-1745.603874
45	0.214281	7500	-22.692245	-1768.296119
46	0.204498	7500	-22.067748	-1790.363867
47	0.194988	7500	-21.457776	-1811.821642
48	0.185749	7500	-20.860928	-1832.682571
49	0.176777	7500	-20.255809	-1852.938380
50	0.168070	7500	-19.667377	-1872.605756
51	0.159626	7500	-19.078290	-1891.684046
52	0.151441	7500	-18.507277	-1910.191322
53	0.143514	7500	-17.927070	-1928.118392
54	0.135841	7500	-17.348262	-1945.466654
55	0.128420	7500	-16.787303	-1962.253958
56	0.121247	7500	-16.230703	-1978.484660
57	0.114320	7500	-15.677673	-1994.162334
58	0.107637	7500	-15.142862	-2009.305195
59	0.101193	7500	-14.605482	-2023.910677
60	0.094986	7500	-14.074002	-2037.984679
61	0.089014	7500	-13.553829	-2051.538509
62	0.083273	7500	-13.035687	-2064.574196
63	0.077760	7500	-12.515159	-2077.089355
64	0.072472	7500	-12.017254	-2089.106609
65	0.067406	7500	-11.541672	-2100.648281
66	0.062558	7500	-11.037588	-2111.685868
67	0.057926	7500	-10.570783	-2122.256652
68	0.053506	7500	-10.109854	-2132.366505
69	0.049295	7500	-9.648752	-2142.015258
70	0.045289	7500	-9.174422	-2151.189680
71	0.041485	7500	-8.737643	-2159.927323
72	0.037880	7500	-8.322019	-2168.249342
73	0.034469	7500	-7.865880	-2176.115222
74	0.031250	7500	-7.599100	-2183.714321
75	0.028218	7500	-7.963154	-2191.677475
76	0.025370	7500	-6.675343	-2198.352818
77	0.022702	7500	-6.624773	-2204.977590
78	0.020209	7500	-6.439730	-2211.417320
79	0.017889	7500	-6.166958	-2217.584278
80	0.015736	7500	-6.000616	-2223.584894
81	0.013746	7500	-5.517215	-2229.102110
82	0.011916	7500	-5.151310	-2234.253419
83	0.010240	7500	-4.728651	-2238.982070
84	0.008714	7500	-4.335857	-2243.317927
85	0.007334	7500	-3.947922	-2247.265849
86	0.006093	7500	-3.561767	-2250.827616
87	0.004988	7500	-3.214580	-2254.042195
88	0.004013	7500	-2.875916	-2256.918111
89	0.003162	7500	-2.529519	-2259.447631
90	0.002430	7500	-2.220769	-2261.668400
91	0.001810	7500	-1.940142	-2263.608542
92	0.001296	7500	-1.613354	-2265.221895
93	0.000882	7500	-1.350792	-2266.572687
94	0.000559	7500	-1.084416	-2267.657103
95	0.000320	7500	-0.828351	-2268.485454
96	0.000156	7500	-0.617504	-2269.102958
97	0.000057	7500	-0.435734	-2269.538693
98	0.000010	7500	-0.185088	-2269.723780
99	0.000000	7500	-0.040692	-2269.764473
Log marginal likelihood:	-2269.764473
0	0.975187	7500	-55.452303	-55.452303
1	0.950747	7500	-54.619302	-110.071604
2	0.926679	7500	-53.789471	-163.861076
3	0.902980	7500	-52.968210	-216.829285
4	0.879648	7500	-52.149842	-268.979127
5	0.856682	7500	-51.332058	-320.311185
6	0.834079	7500	-50.519630	-370.830815
7	0.811838	7500	-49.716877	-420.547692
8	0.789957	7500	-48.911399	-469.459091
9	0.768433	7500	-48.111574	-517.570665
10	0.747266	7500	-47.317514	-564.888179
11	0.726452	7500	-46.530792	-611.418971
12	0.705989	7500	-45.750370	-657.169341
13	0.685877	7500	-44.964097	-702.133438
14	0.666112	7500	-44.186683	-746.320121
15	0.646693	7500	-43.418954	-789.739076
16	0.627618	7500	-42.651929	-832.391005
17	0.608884	7500	-41.888932	-874.279937
18	0.590490	7500	-41.130856	-915.410793
19	0.572433	7500	-40.375845	-955.786638
20	0.554712	7500	-39.633970	-995.420608
21	0.537324	7500	-38.885596	-1034.306204
22	0.520268	7500	-38.147951	-1072.454155
23	0.503540	7500	-37.415814	-1109.869969
24	0.487139	7500	-36.683462	-1146.553432
25	0.471063	7500	-35.961648	-1182.515080
26	0.455310	7500	-35.241953	-1217.757033
27	0.439877	7500	-34.528635	-1252.285668
28	0.424762	7500	-33.814148	-1286.099816
29	0.409963	7500	-33.115444	-1319.215260
30	0.395478	7500	-32.415213	-1351.630473
31	0.381305	7500	-31.724226	-1383.354699
32	0.367440	7500	-31.033170	-1414.387869
33	0.353883	7500	-30.347654	-1444.735523
34	0.340630	7500	-29.668003	-1474.403526
35	0.327680	7500	-28.996397	-1503.399922
36	0.315030	7500	-28.325245	-1531.725167
37	0.302677	7500	-27.659893	-1559.385061
38	0.290619	7500	-27.005019	-1586.390079
39	0.278855	7500	-26.354201	-1612.744281
40	0.267381	7500	-25.707492	-1638.451773
41	0.256195	7500	-25.061809	-1663.513582
42	0.245294	7500	-24.429658	-1687.943240
43	0.234677	7500	-23.797745	-1711.740985
44	0.224340	7500	-23.168661	-1734.909646
45	0.214281	7500	-22.546632	-1757.456279
46	0.204498	7500	-21.937379	-1779.393658
47	0.194988	7500	-21.330112	-1800.723769
48	0.185749	7500	-20.734168	-1821.457938
49	0.176777	7500	-20.127070	-1841.585008
50	0.168070	7500	-19.540460	-1861.125468
51	0.159626	7500	-18.959357	-1880.084825
52	0.151441	7500	-18.379396	-1898.464221
53	0.143514	7500	-17.806952	-1916.271173
54	0.135841	7500	-17.238763	-1933.509936
55	0.128420	7500	-16.681780	-1950.191717
56	0.121247	7500	-16.136581	-1966.328298
57	0.114320	7500	-15.599006	-1981.927304
58	0.107637	7500	-15.052853	-1996.980156
59	0.101193	7500	-14.510425	-2011.490582
60	0.094986	7500	-13.984988	-2025.475570
61	0.089014	7500	-13.463504	-2038.939074
62	0.083273	7500	-12.983888	-2051.922962
63	0.077760	7500	-12.456056	-2064.379018
64	0.072472	7500	-11.957462	-2076.336480
65	0.067406	7500	-11.467418	-2087.803898
66	0.062558	7500	-10.989849	-2098.793747
67	0.057926	7500	-10.504684	-2109.298430
68	0.053506	7500	-10.047814	-2119.346245
69	0.049295	7500	-9.570165	-2128.916410
70	0.045289	7500	-9.144045	-2138.060454
71	0.041485	7500	-8.711517	-2146.771971
72	0.037880	7500	-8.274418	-2155.046389
73	0.034469	7500	-8.415581	-2163.461970
74	0.031250	7500	-7.713529	-2171.175500
75	0.028218	7500	-8.043768	-2179.219268
76	0.025370	7500	-7.480721	-2186.699989
77	0.022702	7500	-6.769548	-2193.469537
78	0.020209	7500	-6.954172	-2200.423709
79	0.017889	7500	-6.481780	-2206.905489
80	0.015736	7500	-6.032324	-2212.937813
81	0.013746	7500	-5.580213	-2218.518026
82	0.011916	7500	-5.160451	-2223.678477
83	0.010240	7500	-4.743468	-2228.421945
84	0.008714	7500	-4.173625	-2232.595570
85	0.007334	7500	-3.959271	-2236.554841
86	0.006093	7500	-3.561962	-2240.116803
87	0.004988	7500	-3.217592	-2243.334394
88	0.004013	7500	-2.862258	-2246.196653
89	0.003162	7500	-2.528981	-2248.725634
90	0.002430	7500	-2.219510	-2250.945144
91	0.001810	7500	-1.911736	-2252.856880
92	0.001296	7500	-1.624464	-2254.481344
93	0.000882	7500	-1.387766	-2255.869110
94	0.000559	7500	-1.130836	-2256.999946
95	0.000320	7500	-0.855047	-2257.854993
96	0.000156	7500	-0.599390	-2258.454383
97	0.000057	7500	-0.402767	-2258.857150
98	0.000010	7500	-0.190256	-2259.047406
99	0.000000	7500	-0.039575	-2259.086981
Log marginal likelihood:	-2259.086981
0	0.975187	7500	-56.504188	-56.504188
1	0.950747	7500	-55.657593	-112.161781
2	0.926679	7500	-54.813722	-166.975503
3	0.902980	7500	-53.973179	-220.948682
4	0.879648	7500	-53.138645	-274.087328
5	0.856682	7500	-52.308034	-326.395362
6	0.834079	7500	-51.482925	-377.878286
7	0.811838	7500	-50.659198	-428.537484
8	0.789957	7500	-49.841078	-478.378562
9	0.768433	7500	-49.029817	-527.408379
10	0.747266	7500	-48.219237	-575.627616
11	0.726452	7500	-47.416101	-623.043717
12	0.705989	7500	-46.613418	-669.657136
13	0.685877	7500	-45.820395	-715.477531
14	0.666112	7500	-45.026470	-760.504001
15	0.646693	7500	-44.244805	-804.748806
16	0.627618	7500	-43.462519	-848.211325
17	0.608884	7500	-42.687401	-890.898726
18	0.590490	7500	-41.916240	-932.814967
19	0.572433	7500	-41.143134	-973.958100
20	0.554712	7500	-40.382637	-1014.340737
21	0.537324	7500	-39.624751	-1053.965488
22	0.520268	7500	-38.870968	-1092.836456
23	0.503540	7500	-38.128429	-1130.964885
24	0.487139	7500	-37.383722	-1168.348606
25	0.471063	7500	-36.647498	-1204.996105
26	0.455310	7500	-35.910756	-1240.906861
27	0.439877	7500	-35.182135	-1276.088996
28	0.424762	7500	-34.459137	-1310.548132
29	0.409963	7500	-33.743994	-1344.292126
30	0.395478	7500	-33.031605	-1377.323731
31	0.381305	7500	-32.326213	-1409.649943
32	0.367440	7500	-31.622296	-1441.272239
33	0.353883	7500	-30.922335	-1472.194575
34	0.340630	7500	-30.230470	-1502.425045
35	0.327680	7500	-29.546494	-1531.971539
36	0.315030	7500	-28.858725	-1560.830264
37	0.302677	7500	-28.186042	-1589.016306
38	0.290619	7500	-27.514591	-1616.530897
39	0.278855	7500	-26.854069	-1643.384965
40	0.267381	7500	-26.196699	-1669.581664
41	0.256195	7500	-25.540355	-1695.122019
42	0.245294	7500	-24.886495	-1720.008515
43	0.234677	7500	-24.248476	-1744.256990
44	0.224340	7500	-23.613304	-1767.870295
45	0.214281	7500	-22.986978	-1790.857272
46	0.204498	7500	-22.350283	-1813.207556
47	0.194988	7500	-21.735325	-1834.942880
48	0.185749	7500	-21.120682	-1856.063562
49	0.176777	7500	-20.511761	-1876.575324
50	0.168070	7500	-19.915945	-1896.491269
51	0.159626	7500	-19.321460	-1915.812729
52	0.151441	7500	-18.729061	-1934.541790
53	0.143514	7500	-18.148800	-1952.690590
54	0.135841	7500	-17.570470	-1970.261060
55	0.128420	7500	-16.998921	-1987.259981
56	0.121247	7500	-16.440600	-2003.700581
57	0.114320	7500	-15.887740	-2019.588320
58	0.107637	7500	-15.320332	-2034.908652
59	0.101193	7500	-14.793043	-2049.701695
60	0.094986	7500	-14.258193	-2063.959888
61	0.089014	7500	-13.705643	-2077.665530
62	0.083273	7500	-13.204643	-2090.870174
63	0.077760	7500	-12.689273	-2103.559446
64	0.072472	7500	-12.187510	-2115.746956
65	0.067406	7500	-11.686553	-2127.433509
66	0.062558	7500	-11.199878	-2138.633387
67	0.057926	7500	-10.701998	-2149.335385
68	0.053506	7500	-10.240658	-2159.576043
69	0.049295	7500	-9.756631	-2169.332674
70	0.045289	7500	-9.318674	-2178.651348
71	0.041485	7500	-8.871159	-2187.522506
72	0.037880	7500	-8.449169	-2195.971675
73	0.034469	7500	-8.242615	-2204.214290
74	0.031250	7500	-7.731913	-2211.946204
75	0.028218	7500	-8.162861	-2220.109065
76	0.025370	7500	-7.352721	-2227.461786
77	0.022702	7500	-7.393620	-2234.855406
78	0.020209	7500	-6.832106	-2241.687513
79	0.017889	7500	-6.186077	-2247.873590
80	0.015736	7500	-5.881853	-2253.755443
81	0.013746	7500	-5.594838	-2259.350281
82	0.011916	7500	-5.074369	-2264.424650
83	0.010240	7500	-4.699869	-2269.124518
84	0.008714	7500	-4.334042	-2273.458560
85	0.007334	7500	-3.965950	-2277.424510
86	0.006093	7500	-3.555627	-2280.980137
87	0.004988	7500	-3.209792	-2284.189930
88	0.004013	7500	-2.841062	-2287.030991
89	0.003162	7500	-2.524686	-2289.555677
90	0.002430	7500	-2.206413	-2291.762091
91	0.001810	7500	-1.893786	-2293.655877
92	0.001296	7500	-1.614941	-2295.270818
93	0.000882	7500	-1.330134	-2296.600952
94	0.000559	7500	-1.117656	-2297.718608
95	0.000320	7500	-0.841440	-2298.560049
96	0.000156	7500	-0.596471	-2299.156520
97	0.000057	7500	-0.391617	-2299.548138
98	0.000010	7500	-0.180312	-2299.728450
99	0.000000	7500	-0.036305	-2299.764754
Log marginal likelihood:	-2299.764754
0	0.975187	7500	-56.307133	-56.307133
1	0.950747	7500	-55.462299	-111.769432
2	0.926679	7500	-54.623628	-166.393060
3	0.902980	7500	-53.782636	-220.175696
4	0.879648	7500	-52.948723	-273.124419
5	0.856682	7500	-52.123739	-325.248157
6	0.834079	7500	-51.303209	-376.551366
7	0.811838	7500	-50.478797	-427.030163
8	0.789957	7500	-49.666591	-476.696754
9	0.768433	7500	-48.854401	-525.551154
10	0.747266	7500	-48.048480	-573.599635
11	0.726452	7500	-47.244956	-620.844590
12	0.705989	7500	-46.449393	-667.293983
13	0.685877	7500	-45.657362	-712.951345
14	0.666112	7500	-44.867937	-757.819283
15	0.646693	7500	-44.084306	-801.903589
16	0.627618	7500	-43.308527	-845.212116
17	0.608884	7500	-42.535504	-887.747620
18	0.590490	7500	-41.767243	-929.514863
19	0.572433	7500	-40.998348	-970.513211
20	0.554712	7500	-40.241224	-1010.754434
21	0.537324	7500	-39.488676	-1050.243110
22	0.520268	7500	-38.739230	-1088.982341
23	0.503540	7500	-37.992392	-1126.974733
24	0.487139	7500	-37.253646	-1164.228379
25	0.471063	7500	-36.519335	-1200.747714
26	0.455310	7500	-35.786461	-1236.534175
27	0.439877	7500	-35.059939	-1271.594114
28	0.424762	7500	-34.336996	-1305.931110
29	0.409963	7500	-33.627021	-1339.558131
30	0.395478	7500	-32.913627	-1372.471758
31	0.381305	7500	-32.208957	-1404.680715
32	0.367440	7500	-31.509748	-1436.190464
33	0.353883	7500	-30.809948	-1467.000412
34	0.340630	7500	-30.126528	-1497.126940
35	0.327680	7500	-29.440481	-1526.567421
36	0.315030	7500	-28.760710	-1555.328130
37	0.302677	7500	-28.094233	-1583.422363
38	0.290619	7500	-27.417175	-1610.839538
39	0.278855	7500	-26.762387	-1637.601926
40	0.267381	7500	-26.103398	-1663.705324
41	0.256195	7500	-25.449424	-1689.154748
42	0.245294	7500	-24.804262	-1713.959010
43	0.234677	7500	-24.167817	-1738.126826
44	0.224340	7500	-23.528659	-1761.655485
45	0.214281	7500	-22.904014	-1784.559499
46	0.204498	7500	-22.274747	-1806.834245
47	0.194988	7500	-21.661185	-1828.495431
48	0.185749	7500	-21.044279	-1849.539710
49	0.176777	7500	-20.444231	-1869.983941
50	0.168070	7500	-19.846581	-1889.830522
51	0.159626	7500	-19.248913	-1909.079435
52	0.151441	7500	-18.664934	-1927.744369
53	0.143514	7500	-18.082047	-1945.826416
54	0.135841	7500	-17.513462	-1963.339878
55	0.128420	7500	-16.953826	-1980.293703
56	0.121247	7500	-16.377622	-1996.671325
57	0.114320	7500	-15.826503	-2012.497828
58	0.107637	7500	-15.289987	-2027.787816
59	0.101193	7500	-14.732806	-2042.520622
60	0.094986	7500	-14.203195	-2056.723817
61	0.089014	7500	-13.687555	-2070.411372
62	0.083273	7500	-13.153054	-2083.564426
63	0.077760	7500	-12.654447	-2096.218873
64	0.072472	7500	-12.137769	-2108.356642
65	0.067406	7500	-11.648430	-2120.005072
66	0.062558	7500	-11.149517	-2131.154589
67	0.057926	7500	-10.676256	-2141.830845
68	0.053506	7500	-10.196911	-2152.027756
69	0.049295	7500	-9.749735	-2161.777491
70	0.045289	7500	-9.286120	-2171.063611
71	0.041485	7500	-8.825227	-2179.888838
72	0.037880	7500	-8.405624	-2188.294462
73	0.034469	7500	-7.937490	-2196.231952
74	0.031250	7500	-7.624461	-2203.856412
75	0.028218	7500	-7.619750	-2211.476163
76	0.025370	7500	-7.386864	-2218.863027
77	0.022702	7500	-7.266018	-2226.129045
78	0.020209	7500	-6.835064	-2232.964109
79	0.017889	7500	-6.225413	-2239.189521
80	0.015736	7500	-6.037345	-2245.226867
81	0.013746	7500	-5.573015	-2250.799881
82	0.011916	7500	-5.165747	-2255.965628
83	0.010240	7500	-4.715875	-2260.681503
84	0.008714	7500	-4.323345	-2265.004848
85	0.007334	7500	-3.945463	-2268.950311
86	0.006093	7500	-3.589283	-2272.539593
87	0.004988	7500	-3.212613	-2275.752206
88	0.004013	7500	-2.857502	-2278.609708
89	0.003162	7500	-2.566110	-2281.175818
90	0.002430	7500	-2.222514	-2283.398332
91	0.001810	7500	-1.905733	-2285.304065
92	0.001296	7500	-1.620355	-2286.924419
93	0.000882	7500	-1.350112	-2288.274531
94	0.000559	7500	-1.127923	-2289.402454
95	0.000320	7500	-0.850453	-2290.252907
96	0.000156	7500	-0.631417	-2290.884324
97	0.000057	7500	-0.400551	-2291.284875
98	0.000010	7500	-0.212070	-2291.496946
99	0.000000	7500	-0.042173	-2291.539119
Log marginal likelihood:	-2291.539119
0	0.975187	7500	-56.967142	-56.967142
1	0.950747	7500	-56.109868	-113.077010
2	0.926679	7500	-55.261266	-168.338276
3	0.902980	7500	-54.418398	-222.756674
4	0.879648	7500	-53.567582	-276.324256
5	0.856682	7500	-52.730425	-329.054681
6	0.834079	7500	-51.904017	-380.958697
7	0.811838	7500	-51.071434	-432.030132
8	0.789957	7500	-50.247973	-482.278104
9	0.768433	7500	-49.426567	-531.704672
10	0.747266	7500	-48.609757	-580.314428
11	0.726452	7500	-47.796729	-628.111157
12	0.705989	7500	-46.994517	-675.105674
13	0.685877	7500	-46.189953	-721.295627
14	0.666112	7500	-45.394458	-766.690085
15	0.646693	7500	-44.600968	-811.291053
16	0.627618	7500	-43.815808	-855.106861
17	0.608884	7500	-43.031612	-898.138473
18	0.590490	7500	-42.252336	-940.390809
19	0.572433	7500	-41.478703	-981.869511
20	0.554712	7500	-40.711420	-1022.580932
21	0.537324	7500	-39.951822	-1062.532754
22	0.520268	7500	-39.190365	-1101.723119
23	0.503540	7500	-38.439118	-1140.162237
24	0.487139	7500	-37.685560	-1177.847797
25	0.471063	7500	-36.942353	-1214.790150
26	0.455310	7500	-36.203187	-1250.993337
27	0.439877	7500	-35.469176	-1286.462513
28	0.424762	7500	-34.737856	-1321.200369
29	0.409963	7500	-34.015286	-1355.215654
30	0.395478	7500	-33.300324	-1388.515978
31	0.381305	7500	-32.580903	-1421.096881
32	0.367440	7500	-31.880823	-1452.977704
33	0.353883	7500	-31.170976	-1484.148681
34	0.340630	7500	-30.474857	-1514.623538
35	0.327680	7500	-29.782024	-1544.405562
36	0.315030	7500	-29.096731	-1573.502293
37	0.302677	7500	-28.420307	-1601.922600
38	0.290619	7500	-27.740447	-1629.663047
39	0.278855	7500	-27.072134	-1656.735181
40	0.267381	7500	-26.407271	-1683.142453
41	0.256195	7500	-25.751175	-1708.893627
42	0.245294	7500	-25.095709	-1733.989336
43	0.234677	7500	-24.447343	-1758.436679
44	0.224340	7500	-23.806607	-1782.243286
45	0.214281	7500	-23.175382	-1805.418669
46	0.204498	7500	-22.539575	-1827.958243
47	0.194988	7500	-21.911789	-1849.870033
48	0.185749	7500	-21.301527	-1871.171559
49	0.176777	7500	-20.688620	-1891.860180
50	0.168070	7500	-20.077113	-1911.937293
51	0.159626	7500	-19.488417	-1931.425710
52	0.151441	7500	-18.882534	-1950.308243
53	0.143514	7500	-18.293948	-1968.602191
54	0.135841	7500	-17.707674	-1986.309865
55	0.128420	7500	-17.128693	-2003.438558
56	0.121247	7500	-16.562325	-2020.000883
57	0.114320	7500	-16.002350	-2036.003233
58	0.107637	7500	-15.444949	-2051.448182
59	0.101193	7500	-14.906818	-2066.355000
60	0.094986	7500	-14.355936	-2080.710936
61	0.089014	7500	-13.827855	-2094.538791
62	0.083273	7500	-13.284891	-2107.823682
63	0.077760	7500	-12.768564	-2120.592247
64	0.072472	7500	-12.260482	-2132.852729
65	0.067406	7500	-11.746133	-2144.598862
66	0.062558	7500	-11.251751	-2155.850613
67	0.057926	7500	-10.756587	-2166.607199
68	0.053506	7500	-10.278744	-2176.885943
69	0.049295	7500	-9.798804	-2186.684747
70	0.045289	7500	-9.395522	-2196.080269
71	0.041485	7500	-8.943828	-2205.024097
72	0.037880	7500	-8.449653	-2213.473750
73	0.034469	7500	-8.326001	-2221.799751
74	0.031250	7500	-8.110017	-2229.909768
75	0.028218	7500	-7.838709	-2237.748477
76	0.025370	7500	-7.635914	-2245.384391
77	0.022702	7500	-7.198552	-2252.582943
78	0.020209	7500	-6.907427	-2259.490370
79	0.017889	7500	-6.067603	-2265.557973
80	0.015736	7500	-5.971791	-2271.529763
81	0.013746	7500	-5.588913	-2277.118676
82	0.011916	7500	-5.162514	-2282.281190
83	0.010240	7500	-4.735718	-2287.016908
84	0.008714	7500	-4.312605	-2291.329513
85	0.007334	7500	-3.945473	-2295.274986
86	0.006093	7500	-3.570382	-2298.845368
87	0.004988	7500	-3.211350	-2302.056718
88	0.004013	7500	-2.853629	-2304.910347
89	0.003162	7500	-2.511708	-2307.422054
90	0.002430	7500	-2.225955	-2309.648009
91	0.001810	7500	-1.908322	-2311.556331
92	0.001296	7500	-1.648351	-2313.204682
93	0.000882	7500	-1.441505	-2314.646187
94	0.000559	7500	-1.144346	-2315.790533
95	0.000320	7500	-0.869580	-2316.660113
96	0.000156	7500	-0.573464	-2317.233577
97	0.000057	7500	-0.372611	-2317.606188
98	0.000010	7500	-0.195741	-2317.801929
99	0.000000	7500	-0.040002	-2317.841931
Log marginal likelihood:	-2317.841931
0	0.975187	7500	-56.065088	-56.065088
1	0.950747	7500	-55.220765	-111.285853
2	0.926679	7500	-54.384676	-165.670529
3	0.902980	7500	-53.554629	-219.225158
4	0.879648	7500	-52.718387	-271.943545
5	0.856682	7500	-51.899290	-323.842835
6	0.834079	7500	-51.074805	-374.917641
7	0.811838	7500	-50.258314	-425.175954
8	0.789957	7500	-49.447999	-474.623953
9	0.768433	7500	-48.644398	-523.268350
10	0.747266	7500	-47.838540	-571.106890
11	0.726452	7500	-47.043869	-618.150759
12	0.705989	7500	-46.247083	-664.397841
13	0.685877	7500	-45.463528	-709.861369
14	0.666112	7500	-44.676689	-754.538058
15	0.646693	7500	-43.895660	-798.433719
16	0.627618	7500	-43.121924	-841.555643
17	0.608884	7500	-42.347892	-883.903535
18	0.590490	7500	-41.582956	-925.486491
19	0.572433	7500	-40.820309	-966.306800
20	0.554712	7500	-40.068435	-1006.375234
21	0.537324	7500	-39.321974	-1045.697209
22	0.520268	7500	-38.568049	-1084.265258
23	0.503540	7500	-37.830029	-1122.095287
24	0.487139	7500	-37.088815	-1159.184102
25	0.471063	7500	-36.361864	-1195.545966
26	0.455310	7500	-35.629900	-1231.175867
27	0.439877	7500	-34.905038	-1266.080904
28	0.424762	7500	-34.192829	-1300.273733
29	0.409963	7500	-33.477077	-1333.750810
30	0.395478	7500	-32.771665	-1366.522475
31	0.381305	7500	-32.066504	-1398.588979
32	0.367440	7500	-31.375989	-1429.964968
33	0.353883	7500	-30.683810	-1460.648778
34	0.340630	7500	-29.991255	-1490.640033
35	0.327680	7500	-29.309273	-1519.949306
36	0.315030	7500	-28.636099	-1548.585406
37	0.302677	7500	-27.964871	-1576.550277
38	0.290619	7500	-27.297971	-1603.848247
39	0.278855	7500	-26.640455	-1630.488702
40	0.267381	7500	-25.984854	-1656.473557
41	0.256195	7500	-25.341298	-1681.814855
42	0.245294	7500	-24.696026	-1706.510880
43	0.234677	7500	-24.055992	-1730.566872
44	0.224340	7500	-23.424538	-1753.991410
45	0.214281	7500	-22.800148	-1776.791557
46	0.204498	7500	-22.178934	-1798.970491
47	0.194988	7500	-21.567041	-1820.537532
48	0.185749	7500	-20.953871	-1841.491402
49	0.176777	7500	-20.359724	-1861.851126
50	0.168070	7500	-19.760688	-1881.611815
51	0.159626	7500	-19.167232	-1900.779047
52	0.151441	7500	-18.592054	-1919.371101
53	0.143514	7500	-18.005330	-1937.376431
54	0.135841	7500	-17.432843	-1954.809273
55	0.128420	7500	-16.868482	-1971.677755
56	0.121247	7500	-16.315827	-1987.993582
57	0.114320	7500	-15.760970	-2003.754552
58	0.107637	7500	-15.206863	-2018.961415
59	0.101193	7500	-14.686090	-2033.647505
60	0.094986	7500	-14.156459	-2047.803964
61	0.089014	7500	-13.604673	-2061.408637
62	0.083273	7500	-13.101319	-2074.509956
63	0.077760	7500	-12.593442	-2087.103399
64	0.072472	7500	-12.086820	-2099.190219
65	0.067406	7500	-11.592610	-2110.782829
66	0.062558	7500	-11.094837	-2121.877666
67	0.057926	7500	-10.627861	-2132.505527
68	0.053506	7500	-10.155815	-2142.661341
69	0.049295	7500	-9.691603	-2152.352945
70	0.045289	7500	-9.238210	-2161.591154
71	0.041485	7500	-8.803119	-2170.394273
72	0.037880	7500	-8.879363	-2179.273636
73	0.034469	7500	-8.197453	-2187.471090
74	0.031250	7500	-8.137067	-2195.608157
75	0.028218	7500	-7.788476	-2203.396632
76	0.025370	7500	-7.908293	-2211.304925
77	0.022702	7500	-7.052613	-2218.357537
78	0.020209	7500	-6.432268	-2224.789805
79	0.017889	7500	-6.483847	-2231.273653
80	0.015736	7500	-6.025241	-2237.298893
81	0.013746	7500	-5.580335	-2242.879228
82	0.011916	7500	-5.107624	-2247.986853
83	0.010240	7500	-4.705911	-2252.692763
84	0.008714	7500	-4.317752	-2257.010515
85	0.007334	7500	-3.917702	-2260.928217
86	0.006093	7500	-3.554468	-2264.482685
87	0.004988	7500	-3.188712	-2267.671397
88	0.004013	7500	-2.866022	-2270.537419
89	0.003162	7500	-2.523747	-2273.061166
90	0.002430	7500	-2.201806	-2275.262971
91	0.001810	7500	-1.906565	-2277.169536
92	0.001296	7500	-1.615575	-2278.785111
93	0.000882	7500	-1.351645	-2280.136756
94	0.000559	7500	-1.076721	-2281.213477
95	0.000320	7500	-0.889550	-2282.103027
96	0.000156	7500	-0.606256	-2282.709283
97	0.000057	7500	-0.448062	-2283.157344
98	0.000010	7500	-0.193382	-2283.350726
99	0.000000	7500	-0.045610	-2283.396337
Log marginal likelihood:	-2283.396337
0	0.975187	7500	-56.665109	-56.665109
1	0.950747	7500	-55.815490	-112.480598
2	0.926679	7500	-54.966510	-167.447109
3	0.902980	7500	-54.126447	-221.573556
4	0.879648	7500	-53.285308	-274.858864
5	0.856682	7500	-52.454572	-327.313436
6	0.834079	7500	-51.625684	-378.939120
7	0.811838	7500	-50.804319	-429.743439
8	0.789957	7500	-49.980398	-479.723837
9	0.768433	7500	-49.164232	-528.888069
10	0.747266	7500	-48.354049	-577.242117
11	0.726452	7500	-47.547233	-624.789350
12	0.705989	7500	-46.741915	-671.531265
13	0.685877	7500	-45.947467	-717.478732
14	0.666112	7500	-45.153291	-762.632023
15	0.646693	7500	-44.367448	-806.999471
16	0.627618	7500	-43.581563	-850.581034
17	0.608884	7500	-42.805273	-893.386307
18	0.590490	7500	-42.033243	-935.419550
19	0.572433	7500	-41.261497	-976.681047
20	0.554712	7500	-40.497415	-1017.178462
21	0.537324	7500	-39.738533	-1056.916995
22	0.520268	7500	-38.981159	-1095.898154
23	0.503540	7500	-38.231925	-1134.130079
24	0.487139	7500	-37.489310	-1171.619390
25	0.471063	7500	-36.753219	-1208.372609
26	0.455310	7500	-36.013749	-1244.386358
27	0.439877	7500	-35.281354	-1279.667712
28	0.424762	7500	-34.559892	-1314.227604
29	0.409963	7500	-33.839261	-1348.066865
30	0.395478	7500	-33.122072	-1381.188937
31	0.381305	7500	-32.416191	-1413.605128
32	0.367440	7500	-31.709772	-1445.314900
33	0.353883	7500	-31.005481	-1476.320381
34	0.340630	7500	-30.313859	-1506.634241
35	0.327680	7500	-29.626327	-1536.260568
36	0.315030	7500	-28.941645	-1565.202213
37	0.302677	7500	-28.262461	-1593.464674
38	0.290619	7500	-27.591506	-1621.056180
39	0.278855	7500	-26.920290	-1647.976470
40	0.267381	7500	-26.263785	-1674.240254
41	0.256195	7500	-25.611897	-1699.852152
42	0.245294	7500	-24.959658	-1724.811810
43	0.234677	7500	-24.315982	-1749.127792
44	0.224340	7500	-23.680781	-1772.808574
45	0.214281	7500	-23.046986	-1795.855560
46	0.204498	7500	-22.423044	-1818.278604
47	0.194988	7500	-21.795373	-1840.073977
48	0.185749	7500	-21.176894	-1861.250871
49	0.176777	7500	-20.572523	-1881.823394
50	0.168070	7500	-19.966552	-1901.789946
51	0.159626	7500	-19.373634	-1921.163580
52	0.151441	7500	-18.782431	-1939.946011
53	0.143514	7500	-18.199324	-1958.145335
54	0.135841	7500	-17.622129	-1975.767464
55	0.128420	7500	-17.051463	-1992.818928
56	0.121247	7500	-16.464854	-2009.283781
57	0.114320	7500	-15.929484	-2025.213266
58	0.107637	7500	-15.379835	-2040.593101
59	0.101193	7500	-14.844477	-2055.437578
60	0.094986	7500	-14.302722	-2069.740300
61	0.089014	7500	-13.759605	-2083.499905
62	0.083273	7500	-13.240547	-2096.740452
63	0.077760	7500	-12.719209	-2109.459661
64	0.072472	7500	-12.211417	-2121.671078
65	0.067406	7500	-11.705781	-2133.376859
66	0.062558	7500	-11.210767	-2144.587627
67	0.057926	7500	-10.727841	-2155.315468
68	0.053506	7500	-10.237725	-2165.553193
69	0.049295	7500	-9.769268	-2175.322461
70	0.045289	7500	-9.331175	-2184.653636
71	0.041485	7500	-9.614780	-2194.268417
72	0.037880	7500	-9.127393	-2203.395810
73	0.034469	7500	-7.997070	-2211.392880
74	0.031250	7500	-7.712003	-2219.104883
75	0.028218	7500	-7.705996	-2226.810879
76	0.025370	7500	-7.645742	-2234.456621
77	0.022702	7500	-6.977129	-2241.433751
78	0.020209	7500	-6.853982	-2248.287733
79	0.017889	7500	-6.449301	-2254.737034
80	0.015736	7500	-5.806232	-2260.543266
81	0.013746	7500	-5.347857	-2265.891123
82	0.011916	7500	-5.156167	-2271.047290
83	0.010240	7500	-4.686404	-2275.733694
84	0.008714	7500	-4.323339	-2280.057033
85	0.007334	7500	-3.944430	-2284.001463
86	0.006093	7500	-3.575516	-2287.576979
87	0.004988	7500	-3.197404	-2290.774382
88	0.004013	7500	-2.850295	-2293.624678
89	0.003162	7500	-2.520215	-2296.144893
90	0.002430	7500	-2.214709	-2298.359602
91	0.001810	7500	-1.916087	-2300.275689
92	0.001296	7500	-1.646155	-2301.921844
93	0.000882	7500	-1.347154	-2303.268999
94	0.000559	7500	-1.137810	-2304.406809
95	0.000320	7500	-0.818664	-2305.225473
96	0.000156	7500	-0.697124	-2305.922597
97	0.000057	7500	-0.417437	-2306.340034
98	0.000010	7500	-0.194553	-2306.534588
99	0.000000	7500	-0.045870	-2306.580458
Log marginal likelihood:	-2306.580458
0	0.975187	7500	-56.665471	-56.665471
1	0.950747	7500	-55.811978	-112.477449
2	0.926679	7500	-54.972568	-167.450017
3	0.902980	7500	-54.123948	-221.573965
4	0.879648	7500	-53.287102	-274.861067
5	0.856682	7500	-52.456093	-327.317160
6	0.834079	7500	-51.627642	-378.944802
7	0.811838	7500	-50.804974	-429.749776
8	0.789957	7500	-49.977154	-479.726930
9	0.768433	7500	-49.165248	-528.892178
10	0.747266	7500	-48.353150	-577.245328
11	0.726452	7500	-47.547932	-624.793260
12	0.705989	7500	-46.747618	-671.540878
13	0.685877	7500	-45.950556	-717.491434
14	0.666112	7500	-45.157117	-762.648551
15	0.646693	7500	-44.363773	-807.012324
16	0.627618	7500	-43.587073	-850.599396
17	0.608884	7500	-42.809164	-893.408560
18	0.590490	7500	-42.032734	-935.441294
19	0.572433	7500	-41.266892	-976.708186
20	0.554712	7500	-40.496052	-1017.204238
21	0.537324	7500	-39.736938	-1056.941176
22	0.520268	7500	-38.982782	-1095.923958
23	0.503540	7500	-38.240981	-1134.164940
24	0.487139	7500	-37.488005	-1171.652945
25	0.471063	7500	-36.746047	-1208.398991
26	0.455310	7500	-36.009936	-1244.408927
27	0.439877	7500	-35.277806	-1279.686734
28	0.424762	7500	-34.557900	-1314.244633
29	0.409963	7500	-33.836298	-1348.080932
30	0.395478	7500	-33.123145	-1381.204077
31	0.381305	7500	-32.414181	-1413.618258
32	0.367440	7500	-31.707936	-1445.326194
33	0.353883	7500	-31.006924	-1476.333118
34	0.340630	7500	-30.310269	-1506.643388
35	0.327680	7500	-29.630544	-1536.273931
36	0.315030	7500	-28.941321	-1565.215252
37	0.302677	7500	-28.268072	-1593.483325
38	0.290619	7500	-27.597734	-1621.081058
39	0.278855	7500	-26.923367	-1648.004426
40	0.267381	7500	-26.272245	-1674.276670
41	0.256195	7500	-25.605677	-1699.882347
42	0.245294	7500	-24.962631	-1724.844978
43	0.234677	7500	-24.315338	-1749.160316
44	0.224340	7500	-23.679564	-1772.839880
45	0.214281	7500	-23.039659	-1795.879539
46	0.204498	7500	-22.421662	-1818.301201
47	0.194988	7500	-21.791232	-1840.092433
48	0.185749	7500	-21.182009	-1861.274442
49	0.176777	7500	-20.574783	-1881.849226
50	0.168070	7500	-19.966178	-1901.815404
51	0.159626	7500	-19.382254	-1921.197657
52	0.151441	7500	-18.782253	-1939.979910
53	0.143514	7500	-18.193580	-1958.173490
54	0.135841	7500	-17.619322	-1975.792812
55	0.128420	7500	-17.044210	-1992.837022
56	0.121247	7500	-16.510289	-2009.347311
57	0.114320	7500	-15.916387	-2025.263698
58	0.107637	7500	-15.368662	-2040.632361
59	0.101193	7500	-14.832412	-2055.464773
60	0.094986	7500	-14.283076	-2069.747848
61	0.089014	7500	-13.756616	-2083.504465
62	0.083273	7500	-13.240938	-2096.745402
63	0.077760	7500	-12.715374	-2109.460777
64	0.072472	7500	-12.212512	-2121.673289
65	0.067406	7500	-11.711826	-2133.385114
66	0.062558	7500	-11.225510	-2144.610624
67	0.057926	7500	-10.732978	-2155.343602
68	0.053506	7500	-10.247275	-2165.590877
69	0.049295	7500	-9.786735	-2175.377612
70	0.045289	7500	-9.324774	-2184.702386
71	0.041485	7500	-8.894300	-2193.596686
72	0.037880	7500	-8.440151	-2202.036837
73	0.034469	7500	-8.003006	-2210.039843
74	0.031250	7500	-7.601483	-2217.641327
75	0.028218	7500	-7.641515	-2225.282841
76	0.025370	7500	-7.470017	-2232.752858
77	0.022702	7500	-7.443263	-2240.196121
78	0.020209	7500	-6.399969	-2246.596090
79	0.017889	7500	-6.257805	-2252.853895
80	0.015736	7500	-5.979544	-2258.833440
81	0.013746	7500	-5.589932	-2264.423372
82	0.011916	7500	-5.157387	-2269.580759
83	0.010240	7500	-4.684574	-2274.265333
84	0.008714	7500	-4.270496	-2278.535830
85	0.007334	7500	-3.931781	-2282.467610
86	0.006093	7500	-3.555034	-2286.022644
87	0.004988	7500	-3.218774	-2289.241418
88	0.004013	7500	-2.871853	-2292.113271
89	0.003162	7500	-2.527324	-2294.640595
90	0.002430	7500	-2.189418	-2296.830013
91	0.001810	7500	-1.912263	-2298.742277
92	0.001296	7500	-1.590860	-2300.333137
93	0.000882	7500	-1.403441	-2301.736578
94	0.000559	7500	-1.092020	-2302.828597
95	0.000320	7500	-0.806614	-2303.635211
96	0.000156	7500	-0.629836	-2304.265047
97	0.000057	7500	-0.365872	-2304.630919
98	0.000010	7500	-0.186511	-2304.817430
99	0.000000	7500	-0.037714	-2304.855144
Log marginal likelihood:	-2304.855144
0	0.975187	7500	-55.992706	-55.992706
1	0.950747	7500	-55.152434	-111.145140
2	0.926679	7500	-54.315625	-165.460765
3	0.902980	7500	-53.484018	-218.944783
4	0.879648	7500	-52.659087	-271.603870
5	0.856682	7500	-51.834995	-323.438865
6	0.834079	7500	-51.012899	-374.451763
7	0.811838	7500	-50.201006	-424.652770
8	0.789957	7500	-49.389013	-474.041783
9	0.768433	7500	-48.582218	-522.624001
10	0.747266	7500	-47.778192	-570.402194
11	0.726452	7500	-46.983209	-617.385403
12	0.705989	7500	-46.189907	-663.575310
13	0.685877	7500	-45.402378	-708.977688
14	0.666112	7500	-44.621966	-753.599654
15	0.646693	7500	-43.841399	-797.441053
16	0.627618	7500	-43.066183	-840.507236
17	0.608884	7500	-42.296846	-882.804083
18	0.590490	7500	-41.536041	-924.340124
19	0.572433	7500	-40.774754	-965.114878
20	0.554712	7500	-40.017958	-1005.132836
21	0.537324	7500	-39.266007	-1044.398843
22	0.520268	7500	-38.521268	-1082.920111
23	0.503540	7500	-37.781604	-1120.701715
24	0.487139	7500	-37.040409	-1157.742124
25	0.471063	7500	-36.311561	-1194.053685
26	0.455310	7500	-35.588793	-1229.642478
27	0.439877	7500	-34.863555	-1264.506033
28	0.424762	7500	-34.148476	-1298.654509
29	0.409963	7500	-33.437086	-1332.091595
30	0.395478	7500	-32.733304	-1364.824899
31	0.381305	7500	-32.027827	-1396.852726
32	0.367440	7500	-31.333243	-1428.185969
33	0.353883	7500	-30.644291	-1458.830260
34	0.340630	7500	-29.953514	-1488.783774
35	0.327680	7500	-29.275483	-1518.059257
36	0.315030	7500	-28.601546	-1546.660803
37	0.302677	7500	-27.932550	-1574.593353
38	0.290619	7500	-27.272437	-1601.865790
39	0.278855	7500	-26.607623	-1628.473413
40	0.267381	7500	-25.957560	-1654.430973
41	0.256195	7500	-25.308124	-1679.739097
42	0.245294	7500	-24.659055	-1704.398152
43	0.234677	7500	-24.026113	-1728.424265
44	0.224340	7500	-23.398628	-1751.822893
45	0.214281	7500	-22.767455	-1774.590348
46	0.204498	7500	-22.155815	-1796.746163
47	0.194988	7500	-21.541263	-1818.287426
48	0.185749	7500	-20.932888	-1839.220314
49	0.176777	7500	-20.338620	-1859.558933
50	0.168070	7500	-19.732378	-1879.291311
51	0.159626	7500	-19.148658	-1898.439970
52	0.151441	7500	-18.562787	-1917.002757
53	0.143514	7500	-17.984452	-1934.987208
54	0.135841	7500	-17.411858	-1952.399066
55	0.128420	7500	-16.842962	-1969.242028
56	0.121247	7500	-16.282634	-1985.524662
57	0.114320	7500	-15.742178	-2001.266840
58	0.107637	7500	-15.193755	-2016.460595
59	0.101193	7500	-14.662523	-2031.123118
60	0.094986	7500	-14.138454	-2045.261572
61	0.089014	7500	-13.607050	-2058.868622
62	0.083273	7500	-13.076664	-2071.945286
63	0.077760	7500	-12.550793	-2084.496078
64	0.072472	7500	-12.051641	-2096.547719
65	0.067406	7500	-11.575983	-2108.123702
66	0.062558	7500	-11.077041	-2119.200743
67	0.057926	7500	-10.611261	-2129.812003
68	0.053506	7500	-10.142589	-2139.954593
69	0.049295	7500	-9.675872	-2149.630465
70	0.045289	7500	-9.230605	-2158.861070
71	0.041485	7500	-8.757508	-2167.618578
72	0.037880	7500	-8.310014	-2175.928593
73	0.034469	7500	-7.912756	-2183.841349
74	0.031250	7500	-8.000627	-2191.841976
75	0.028218	7500	-7.764702	-2199.606678
76	0.025370	7500	-7.222590	-2206.829267
77	0.022702	7500	-6.919994	-2213.749261
78	0.020209	7500	-6.670265	-2220.419526
79	0.017889	7500	-6.391865	-2226.811391
80	0.015736	7500	-6.029899	-2232.841290
81	0.013746	7500	-5.601800	-2238.443090
82	0.011916	7500	-5.124048	-2243.567138
83	0.010240	7500	-4.702688	-2248.269826
84	0.008714	7500	-4.338333	-2252.608159
85	0.007334	7500	-3.941411	-2256.549570
86	0.006093	7500	-3.569216	-2260.118786
87	0.004988	7500	-3.217496	-2263.336283
88	0.004013	7500	-2.881490	-2266.217772
89	0.003162	7500	-2.539110	-2268.756882
90	0.002430	7500	-2.191990	-2270.948873
91	0.001810	7500	-1.891216	-2272.840088
92	0.001296	7500	-1.628841	-2274.468929
93	0.000882	7500	-1.378291	-2275.847220
94	0.000559	7500	-1.115874	-2276.963094
95	0.000320	7500	-0.826167	-2277.789261
96	0.000156	7500	-0.668175	-2278.457436
97	0.000057	7500	-0.408233	-2278.865669
98	0.000010	7500	-0.247892	-2279.113561
99	0.000000	7500	-0.040259	-2279.153820
Log marginal likelihood:	-2279.153820
0	0.975187	7500	-56.441328	-56.441328
1	0.950747	7500	-55.597604	-112.038931
2	0.926679	7500	-54.752748	-166.791679
3	0.902980	7500	-53.915234	-220.706914
4	0.879648	7500	-53.079618	-273.786531
5	0.856682	7500	-52.247246	-326.033777
6	0.834079	7500	-51.421610	-377.455387
7	0.811838	7500	-50.602071	-428.057458
8	0.789957	7500	-49.786769	-477.844227
9	0.768433	7500	-48.972726	-526.816953
10	0.747266	7500	-48.163473	-574.980426
11	0.726452	7500	-47.364905	-622.345330
12	0.705989	7500	-46.566715	-668.912045
13	0.685877	7500	-45.773828	-714.685873
14	0.666112	7500	-44.979467	-759.665340
15	0.646693	7500	-44.195672	-803.861012
16	0.627618	7500	-43.413716	-847.274728
17	0.608884	7500	-42.635168	-889.909897
18	0.590490	7500	-41.866697	-931.776594
19	0.572433	7500	-41.098745	-972.875339
20	0.554712	7500	-40.343403	-1013.218741
21	0.537324	7500	-39.584538	-1052.803280
22	0.520268	7500	-38.829109	-1091.632389
23	0.503540	7500	-38.087961	-1129.720350
24	0.487139	7500	-37.341646	-1167.061996
25	0.471063	7500	-36.602529	-1203.664525
26	0.455310	7500	-35.870564	-1239.535089
27	0.439877	7500	-35.142626	-1274.677714
28	0.424762	7500	-34.421860	-1309.099575
29	0.409963	7500	-33.707088	-1342.806663
30	0.395478	7500	-32.992052	-1375.798715
31	0.381305	7500	-32.286563	-1408.085278
32	0.367440	7500	-31.583563	-1439.668841
33	0.353883	7500	-30.889540	-1470.558382
34	0.340630	7500	-30.197055	-1500.755437
35	0.327680	7500	-29.509056	-1530.264492
36	0.315030	7500	-28.834350	-1559.098843
37	0.302677	7500	-28.159309	-1587.258152
38	0.290619	7500	-27.493388	-1614.751540
39	0.278855	7500	-26.819237	-1641.570777
40	0.267381	7500	-26.166213	-1667.736989
41	0.256195	7500	-25.508781	-1693.245770
42	0.245294	7500	-24.860734	-1718.106504
43	0.234677	7500	-24.222301	-1742.328805
44	0.224340	7500	-23.585131	-1765.913936
45	0.214281	7500	-22.949668	-1788.863603
46	0.204498	7500	-22.327250	-1811.190853
47	0.194988	7500	-21.709362	-1832.900216
48	0.185749	7500	-21.105142	-1854.005357
49	0.176777	7500	-20.490469	-1874.495826
50	0.168070	7500	-19.896393	-1894.392219
51	0.159626	7500	-19.304031	-1913.696250
52	0.151441	7500	-18.710279	-1932.406529
53	0.143514	7500	-18.138924	-1950.545453
54	0.135841	7500	-17.552373	-1968.097826
55	0.128420	7500	-16.974339	-1985.072165
56	0.121247	7500	-16.431128	-2001.503293
57	0.114320	7500	-15.863330	-2017.366622
58	0.107637	7500	-15.318671	-2032.685293
59	0.101193	7500	-14.766700	-2047.451993
60	0.094986	7500	-14.234083	-2061.686076
61	0.089014	7500	-13.705553	-2075.391629
62	0.083273	7500	-13.199836	-2088.591465
63	0.077760	7500	-12.678728	-2101.270193
64	0.072472	7500	-12.177104	-2113.447296
65	0.067406	7500	-11.661154	-2125.108450
66	0.062558	7500	-11.169850	-2136.278300
67	0.057926	7500	-10.692344	-2146.970644
68	0.053506	7500	-10.218077	-2157.188721
69	0.049295	7500	-9.743852	-2166.932574
70	0.045289	7500	-9.288986	-2176.221560
71	0.041485	7500	-8.848795	-2185.070355
72	0.037880	7500	-8.566037	-2193.636392
73	0.034469	7500	-8.144857	-2201.781249
74	0.031250	7500	-7.785630	-2209.566878
75	0.028218	7500	-7.204945	-2216.771823
76	0.025370	7500	-7.619584	-2224.391407
77	0.022702	7500	-7.339782	-2231.731190
78	0.020209	7500	-6.966200	-2238.697390
79	0.017889	7500	-6.372321	-2245.069711
80	0.015736	7500	-6.024991	-2251.094702
81	0.013746	7500	-5.589540	-2256.684242
82	0.011916	7500	-5.153820	-2261.838062
83	0.010240	7500	-4.736929	-2266.574991
84	0.008714	7500	-4.317359	-2270.892349
85	0.007334	7500	-3.924377	-2274.816726
86	0.006093	7500	-3.536437	-2278.353163
87	0.004988	7500	-3.187791	-2281.540955
88	0.004013	7500	-2.845313	-2284.386268
89	0.003162	7500	-2.532427	-2286.918695
90	0.002430	7500	-2.205978	-2289.124673
91	0.001810	7500	-1.913697	-2291.038370
92	0.001296	7500	-1.626686	-2292.665056
93	0.000882	7500	-1.359370	-2294.024426
94	0.000559	7500	-1.145660	-2295.170086
95	0.000320	7500	-0.876592	-2296.046677
96	0.000156	7500	-0.691222	-2296.737899
97	0.000057	7500	-0.385812	-2297.123712
98	0.000010	7500	-0.182731	-2297.306443
99	0.000000	7500	-0.041830	-2297.348273
Log marginal likelihood:	-2297.348273
0	0.975187	7500	-56.358349	-56.358349
1	0.950747	7500	-55.511143	-111.869492
2	0.926679	7500	-54.669371	-166.538863
3	0.902980	7500	-53.833103	-220.371966
4	0.879648	7500	-53.000340	-273.372306
5	0.856682	7500	-52.169324	-325.541630
6	0.834079	7500	-51.345276	-376.886906
7	0.811838	7500	-50.525321	-427.412227
8	0.789957	7500	-49.710991	-477.123219
9	0.768433	7500	-48.902022	-526.025241
10	0.747266	7500	-48.093452	-574.118693
11	0.726452	7500	-47.288264	-621.406958
12	0.705989	7500	-46.490117	-667.897074
13	0.685877	7500	-45.701016	-713.598090
14	0.666112	7500	-44.917764	-758.515854
15	0.646693	7500	-44.124036	-802.639890
16	0.627618	7500	-43.347735	-845.987625
17	0.608884	7500	-42.570793	-888.558417
18	0.590490	7500	-41.804733	-930.363150
19	0.572433	7500	-41.036190	-971.399340
20	0.554712	7500	-40.277895	-1011.677235
21	0.537324	7500	-39.520509	-1051.197744
22	0.520268	7500	-38.769168	-1089.966912
23	0.503540	7500	-38.025618	-1127.992529
24	0.487139	7500	-37.283393	-1165.275923
25	0.471063	7500	-36.550966	-1201.826889
26	0.455310	7500	-35.820358	-1237.647246
27	0.439877	7500	-35.091909	-1272.739155
28	0.424762	7500	-34.367608	-1307.106763
29	0.409963	7500	-33.651530	-1340.758293
30	0.395478	7500	-32.943138	-1373.701431
31	0.381305	7500	-32.238610	-1405.940042
32	0.367440	7500	-31.538067	-1437.478109
33	0.353883	7500	-30.841031	-1468.319140
34	0.340630	7500	-30.149677	-1498.468816
35	0.327680	7500	-29.466011	-1527.934828
36	0.315030	7500	-28.782445	-1556.717273
37	0.302677	7500	-28.111431	-1584.828704
38	0.290619	7500	-27.441141	-1612.269844
39	0.278855	7500	-26.778957	-1639.048801
40	0.267381	7500	-26.126244	-1665.175045
41	0.256195	7500	-25.469840	-1690.644885
42	0.245294	7500	-24.820408	-1715.465293
43	0.234677	7500	-24.187344	-1739.652637
44	0.224340	7500	-23.548314	-1763.200951
45	0.214281	7500	-22.919098	-1786.120048
46	0.204498	7500	-22.293366	-1808.413414
47	0.194988	7500	-21.677148	-1830.090562
48	0.185749	7500	-21.066923	-1851.157485
49	0.176777	7500	-20.454570	-1871.612055
50	0.168070	7500	-19.861752	-1891.473807
51	0.159626	7500	-19.270475	-1910.744281
52	0.151441	7500	-18.677832	-1929.422113
53	0.143514	7500	-18.098805	-1947.520918
54	0.135841	7500	-17.523912	-1965.044830
55	0.128420	7500	-16.962431	-1982.007261
56	0.121247	7500	-16.381515	-1998.388776
57	0.114320	7500	-15.833928	-2014.222704
58	0.107637	7500	-15.296260	-2029.518964
59	0.101193	7500	-14.748683	-2044.267647
60	0.094986	7500	-14.221218	-2058.488865
61	0.089014	7500	-13.690952	-2072.179816
62	0.083273	7500	-13.167920	-2085.347736
63	0.077760	7500	-12.659860	-2098.007596
64	0.072472	7500	-12.141987	-2110.149583
65	0.067406	7500	-11.657944	-2121.807527
66	0.062558	7500	-11.163063	-2132.970590
67	0.057926	7500	-10.693211	-2143.663801
68	0.053506	7500	-10.199578	-2153.863379
69	0.049295	7500	-9.725987	-2163.589366
70	0.045289	7500	-9.269956	-2172.859323
71	0.041485	7500	-8.819428	-2181.678750
72	0.037880	7500	-8.364646	-2190.043396
73	0.034469	7500	-8.274531	-2198.317927
74	0.031250	7500	-7.595486	-2205.913413
75	0.028218	7500	-7.432289	-2213.345701
76	0.025370	7500	-7.855923	-2221.201624
77	0.022702	7500	-6.949114	-2228.150738
78	0.020209	7500	-6.946950	-2235.097688
79	0.017889	7500	-6.400864	-2241.498551
80	0.015736	7500	-6.036392	-2247.534943
81	0.013746	7500	-5.421599	-2252.956542
82	0.011916	7500	-5.152087	-2258.108628
83	0.010240	7500	-4.727465	-2262.836094
84	0.008714	7500	-4.334480	-2267.170574
85	0.007334	7500	-3.937366	-2271.107940
86	0.006093	7500	-3.555634	-2274.663574
87	0.004988	7500	-3.206685	-2277.870259
88	0.004013	7500	-2.858137	-2280.728396
89	0.003162	7500	-2.513046	-2283.241442
90	0.002430	7500	-2.206463	-2285.447905
91	0.001810	7500	-1.924046	-2287.371951
92	0.001296	7500	-1.634931	-2289.006882
93	0.000882	7500	-1.340439	-2290.347321
94	0.000559	7500	-1.145086	-2291.492407
95	0.000320	7500	-0.887508	-2292.379915
96	0.000156	7500	-0.601811	-2292.981725
97	0.000057	7500	-0.382017	-2293.363742
98	0.000010	7500	-0.199855	-2293.563597
99	0.000000	7500	-0.041825	-2293.605422
Log marginal likelihood:	-2293.605422
0	0.975187	7500	-55.933028	-55.933028
1	0.950747	7500	-55.096308	-111.029336
2	0.926679	7500	-54.259393	-165.288729
3	0.902980	7500	-53.426233	-218.714962
4	0.879648	7500	-52.600034	-271.314997
5	0.856682	7500	-51.777096	-323.092093
6	0.834079	7500	-50.958050	-374.050143
7	0.811838	7500	-50.143706	-424.193849
8	0.789957	7500	-49.336921	-473.530770
9	0.768433	7500	-48.536109	-522.066879
10	0.747266	7500	-47.732843	-569.799722
11	0.726452	7500	-46.935806	-616.735528
12	0.705989	7500	-46.140656	-662.876184
13	0.685877	7500	-45.356532	-708.232717
14	0.666112	7500	-44.570064	-752.802780
15	0.646693	7500	-43.797653	-796.600433
16	0.627618	7500	-43.018003	-839.618437
17	0.608884	7500	-42.253032	-881.871469
18	0.590490	7500	-41.489442	-923.360911
19	0.572433	7500	-40.730677	-964.091588
20	0.554712	7500	-39.974423	-1004.066011
21	0.537324	7500	-39.223102	-1043.289114
22	0.520268	7500	-38.477096	-1081.766210
23	0.503540	7500	-37.743653	-1119.509863
24	0.487139	7500	-37.004657	-1156.514520
25	0.471063	7500	-36.271988	-1192.786507
26	0.455310	7500	-35.543084	-1228.329591
27	0.439877	7500	-34.827242	-1263.156833
28	0.424762	7500	-34.108923	-1297.265756
29	0.409963	7500	-33.403185	-1330.668941
30	0.395478	7500	-32.696009	-1363.364950
31	0.381305	7500	-31.993455	-1395.358406
32	0.367440	7500	-31.298168	-1426.656574
33	0.353883	7500	-30.609372	-1457.265946
34	0.340630	7500	-29.926027	-1487.191973
35	0.327680	7500	-29.241207	-1516.433180
36	0.315030	7500	-28.571641	-1545.004821
37	0.302677	7500	-27.899054	-1572.903875
38	0.290619	7500	-27.236606	-1600.140481
39	0.278855	7500	-26.581547	-1626.722028
40	0.267381	7500	-25.926468	-1652.648496
41	0.256195	7500	-25.281532	-1677.930028
42	0.245294	7500	-24.633669	-1702.563697
43	0.234677	7500	-24.002524	-1726.566221
44	0.224340	7500	-23.372742	-1749.938964
45	0.214281	7500	-22.749021	-1772.687985
46	0.204498	7500	-22.126371	-1794.814356
47	0.194988	7500	-21.514759	-1816.329115
48	0.185749	7500	-20.907327	-1837.236442
49	0.176777	7500	-20.303969	-1857.540411
50	0.168070	7500	-19.716032	-1877.256442
51	0.159626	7500	-19.131278	-1896.387721
52	0.151441	7500	-18.546894	-1914.934615
53	0.143514	7500	-17.959392	-1932.894007
54	0.135841	7500	-17.396420	-1950.290427
55	0.128420	7500	-16.831901	-1967.122328
56	0.121247	7500	-16.268328	-1983.390656
57	0.114320	7500	-15.718890	-1999.109545
58	0.107637	7500	-15.166714	-2014.276259
59	0.101193	7500	-14.633566	-2028.909825
60	0.094986	7500	-14.114897	-2043.024722
61	0.089014	7500	-13.586822	-2056.611544
62	0.083273	7500	-13.073485	-2069.685029
63	0.077760	7500	-12.589913	-2082.274942
64	0.072472	7500	-12.079730	-2094.354672
65	0.067406	7500	-11.563580	-2105.918251
66	0.062558	7500	-11.087340	-2117.005592
67	0.057926	7500	-10.611112	-2127.616703
68	0.053506	7500	-10.133050	-2137.749753
69	0.049295	7500	-9.658517	-2147.408271
70	0.045289	7500	-9.214253	-2156.622524
71	0.041485	7500	-8.770410	-2165.392934
72	0.037880	7500	-9.046912	-2174.439846
73	0.034469	7500	-8.437836	-2182.877682
74	0.031250	7500	-8.189917	-2191.067599
75	0.028218	7500	-7.883335	-2198.950933
76	0.025370	7500	-7.319961	-2206.270894
77	0.022702	7500	-7.019182	-2213.290076
78	0.020209	7500	-6.948601	-2220.238678
79	0.017889	7500	-6.470882	-2226.709560
80	0.015736	7500	-6.031390	-2232.740950
81	0.013746	7500	-5.473730	-2238.214680
82	0.011916	7500	-5.144159	-2243.358838
83	0.010240	7500	-4.736131	-2248.094969
84	0.008714	7500	-4.306017	-2252.400986
85	0.007334	7500	-3.954047	-2256.355033
86	0.006093	7500	-3.583120	-2259.938152
87	0.004988	7500	-3.209916	-2263.148068
88	0.004013	7500	-2.847799	-2265.995867
89	0.003162	7500	-2.522991	-2268.518858
90	0.002430	7500	-2.214303	-2270.733162
91	0.001810	7500	-1.902860	-2272.636022
92	0.001296	7500	-1.594988	-2274.231010
93	0.000882	7500	-1.376702	-2275.607712
94	0.000559	7500	-1.112749	-2276.720462
95	0.000320	7500	-0.857032	-2277.577493
96	0.000156	7500	-0.609064	-2278.186558
97	0.000057	7500	-0.401134	-2278.587692
98	0.000010	7500	-0.204640	-2278.792331
99	0.000000	7500	-0.041195	-2278.833527
Log marginal likelihood:	-2278.833527
0	0.975187	7500	-55.176385	-55.176385
1	0.950747	7500	-54.345693	-109.522078
2	0.926679	7500	-53.522842	-163.044920
3	0.902980	7500	-52.698238	-215.743158
4	0.879648	7500	-51.884817	-267.627975
5	0.856682	7500	-51.072219	-318.700194
6	0.834079	7500	-50.268592	-368.968786
7	0.811838	7500	-49.461950	-418.430736
8	0.789957	7500	-48.666325	-467.097061
9	0.768433	7500	-47.868892	-514.965953
10	0.747266	7500	-47.080675	-562.046628
11	0.726452	7500	-46.298807	-608.345435
12	0.705989	7500	-45.515945	-653.861381
13	0.685877	7500	-44.740340	-698.601721
14	0.666112	7500	-43.970780	-742.572501
15	0.646693	7500	-43.197975	-785.770476
16	0.627618	7500	-42.438977	-828.209454
17	0.608884	7500	-41.680926	-869.890380
18	0.590490	7500	-40.924335	-910.814715
19	0.572433	7500	-40.175813	-950.990528
20	0.554712	7500	-39.433671	-990.424199
21	0.537324	7500	-38.692913	-1029.117112
22	0.520268	7500	-37.958823	-1067.075935
23	0.503540	7500	-37.224499	-1104.300434
24	0.487139	7500	-36.502347	-1140.802781
25	0.471063	7500	-35.777565	-1176.580346
26	0.455310	7500	-35.065592	-1211.645938
27	0.439877	7500	-34.356290	-1246.002227
28	0.424762	7500	-33.647905	-1279.650132
29	0.409963	7500	-32.949408	-1312.599541
30	0.395478	7500	-32.253192	-1344.852733
31	0.381305	7500	-31.558718	-1376.411451
32	0.367440	7500	-30.874418	-1407.285869
33	0.353883	7500	-30.194274	-1437.480144
34	0.340630	7500	-29.518887	-1466.999031
35	0.327680	7500	-28.845906	-1495.844937
36	0.315030	7500	-28.180341	-1524.025277
37	0.302677	7500	-27.512392	-1551.537669
38	0.290619	7500	-26.869959	-1578.407628
39	0.278855	7500	-26.219388	-1604.627016
40	0.267381	7500	-25.573143	-1630.200160
41	0.256195	7500	-24.937916	-1655.138076
42	0.245294	7500	-24.308874	-1679.446950
43	0.234677	7500	-23.680027	-1703.126977
44	0.224340	7500	-23.056004	-1726.182981
45	0.214281	7500	-22.439757	-1748.622737
46	0.204498	7500	-21.825405	-1770.448143
47	0.194988	7500	-21.223735	-1791.671878
48	0.185749	7500	-20.633429	-1812.305307
49	0.176777	7500	-20.032474	-1832.337781
50	0.168070	7500	-19.444721	-1851.782502
51	0.159626	7500	-18.862279	-1870.644781
52	0.151441	7500	-18.286983	-1888.931764
53	0.143514	7500	-17.720067	-1906.651831
54	0.135841	7500	-17.156872	-1923.808703
55	0.128420	7500	-16.612571	-1940.421275
56	0.121247	7500	-16.055788	-1956.477063
57	0.114320	7500	-15.505326	-1971.982388
58	0.107637	7500	-14.965564	-1986.947952
59	0.101193	7500	-14.443475	-2001.391427
60	0.094986	7500	-13.923116	-2015.314543
61	0.089014	7500	-13.410598	-2028.725141
62	0.083273	7500	-12.895802	-2041.620942
63	0.077760	7500	-12.398094	-2054.019036
64	0.072472	7500	-11.891757	-2065.910793
65	0.067406	7500	-11.409635	-2077.320428
66	0.062558	7500	-10.920325	-2088.240753
67	0.057926	7500	-10.460037	-2098.700790
68	0.053506	7500	-10.004770	-2108.705559
69	0.049295	7500	-9.566256	-2118.271815
70	0.045289	7500	-9.163438	-2127.435253
71	0.041485	7500	-8.646696	-2136.081950
72	0.037880	7500	-8.242063	-2144.324013
73	0.034469	7500	-7.808408	-2152.132421
74	0.031250	7500	-7.385658	-2159.518079
75	0.028218	7500	-7.181014	-2166.699093
76	0.025370	7500	-6.990393	-2173.689486
77	0.022702	7500	-7.315592	-2181.005078
78	0.020209	7500	-6.652234	-2187.657312
79	0.017889	7500	-6.198525	-2193.855837
80	0.015736	7500	-5.922781	-2199.778618
81	0.013746	7500	-5.424770	-2205.203388
82	0.011916	7500	-5.155625	-2210.359014
83	0.010240	7500	-4.722389	-2215.081402
84	0.008714	7500	-4.319573	-2219.400976
85	0.007334	7500	-3.925950	-2223.326925
86	0.006093	7500	-3.546682	-2226.873608
87	0.004988	7500	-3.234204	-2230.107812
88	0.004013	7500	-2.844763	-2232.952575
89	0.003162	7500	-2.522678	-2235.475252
90	0.002430	7500	-2.214969	-2237.690221
91	0.001810	7500	-1.927706	-2239.617927
92	0.001296	7500	-1.619929	-2241.237856
93	0.000882	7500	-1.360025	-2242.597882
94	0.000559	7500	-1.113745	-2243.711627
95	0.000320	7500	-0.878218	-2244.589845
96	0.000156	7500	-0.590740	-2245.180585
97	0.000057	7500	-0.392200	-2245.572785
98	0.000010	7500	-0.171167	-2245.743952
99	0.000000	7500	-0.041400	-2245.785352
Log marginal likelihood:	-2245.785352
0	0.975187	7500	-56.009006	-56.009006
1	0.950747	7500	-55.169753	-111.178759
2	0.926679	7500	-54.332654	-165.511413
3	0.902980	7500	-53.502365	-219.013778
4	0.879648	7500	-52.674448	-271.688226
5	0.856682	7500	-51.847685	-323.535911
6	0.834079	7500	-51.032653	-374.568564
7	0.811838	7500	-50.217214	-424.785778
8	0.789957	7500	-49.407037	-474.192815
9	0.768433	7500	-48.594973	-522.787788
10	0.747266	7500	-47.794609	-570.582397
11	0.726452	7500	-47.001107	-617.583504
12	0.705989	7500	-46.206403	-663.789907
13	0.685877	7500	-45.415304	-709.205211
14	0.666112	7500	-44.630448	-753.835659
15	0.646693	7500	-43.854350	-797.690010
16	0.627618	7500	-43.082019	-840.772029
17	0.608884	7500	-42.312340	-883.084368
18	0.590490	7500	-41.544105	-924.628473
19	0.572433	7500	-40.788876	-965.417350
20	0.554712	7500	-40.026406	-1005.443756
21	0.537324	7500	-39.281727	-1044.725483
22	0.520268	7500	-38.533944	-1083.259426
23	0.503540	7500	-37.794406	-1121.053832
24	0.487139	7500	-37.054112	-1158.107944
25	0.471063	7500	-36.320775	-1194.428719
26	0.455310	7500	-35.602223	-1230.030942
27	0.439877	7500	-34.873598	-1264.904540
28	0.424762	7500	-34.156108	-1299.060648
29	0.409963	7500	-33.451162	-1332.511810
30	0.395478	7500	-32.740998	-1365.252808
31	0.381305	7500	-32.043215	-1397.296023
32	0.367440	7500	-31.350096	-1428.646119
33	0.353883	7500	-30.658604	-1459.304723
34	0.340630	7500	-29.964553	-1489.269276
35	0.327680	7500	-29.286175	-1518.555451
36	0.315030	7500	-28.609853	-1547.165304
37	0.302677	7500	-27.933659	-1575.098963
38	0.290619	7500	-27.284092	-1602.383055
39	0.278855	7500	-26.612931	-1628.995986
40	0.267381	7500	-25.962519	-1654.958505
41	0.256195	7500	-25.312072	-1680.270578
42	0.245294	7500	-24.666527	-1704.937104
43	0.234677	7500	-24.037417	-1728.974522
44	0.224340	7500	-23.405846	-1752.380368
45	0.214281	7500	-22.783477	-1775.163845
46	0.204498	7500	-22.166906	-1797.330751
47	0.194988	7500	-21.541121	-1818.871871
48	0.185749	7500	-20.933675	-1839.805546
49	0.176777	7500	-20.339518	-1860.145064
50	0.168070	7500	-19.761509	-1879.906573
51	0.159626	7500	-19.147587	-1899.054160
52	0.151441	7500	-18.561943	-1917.616102
53	0.143514	7500	-17.988001	-1935.604103
54	0.135841	7500	-17.411722	-1953.015825
55	0.128420	7500	-16.850412	-1969.866237
56	0.121247	7500	-16.295726	-1986.161964
57	0.114320	7500	-15.740400	-2001.902363
58	0.107637	7500	-15.199199	-2017.101562
59	0.101193	7500	-14.662241	-2031.763803
60	0.094986	7500	-14.128498	-2045.892301
61	0.089014	7500	-13.605516	-2059.497817
62	0.083273	7500	-13.081530	-2072.579348
63	0.077760	7500	-12.576034	-2085.155382
64	0.072472	7500	-12.070771	-2097.226153
65	0.067406	7500	-11.581206	-2108.807359
66	0.062558	7500	-11.107345	-2119.914704
67	0.057926	7500	-10.601640	-2130.516344
68	0.053506	7500	-10.138422	-2140.654766
69	0.049295	7500	-9.665288	-2150.320054
70	0.045289	7500	-9.211707	-2159.531761
71	0.041485	7500	-8.778994	-2168.310755
72	0.037880	7500	-8.704934	-2177.015689
73	0.034469	7500	-8.036235	-2185.051924
74	0.031250	7500	-7.892986	-2192.944910
75	0.028218	7500	-8.413712	-2201.358622
76	0.025370	7500	-7.038028	-2208.396651
77	0.022702	7500	-7.414141	-2215.810791
78	0.020209	7500	-6.936746	-2222.747537
79	0.017889	7500	-6.481453	-2229.228990
80	0.015736	7500	-5.932535	-2235.161524
81	0.013746	7500	-5.488712	-2240.650237
82	0.011916	7500	-5.011456	-2245.661693
83	0.010240	7500	-4.718751	-2250.380444
84	0.008714	7500	-4.322275	-2254.702719
85	0.007334	7500	-3.829665	-2258.532384
86	0.006093	7500	-3.563241	-2262.095625
87	0.004988	7500	-3.165859	-2265.261484
88	0.004013	7500	-2.851966	-2268.113451
89	0.003162	7500	-2.517845	-2270.631296
90	0.002430	7500	-2.222380	-2272.853675
91	0.001810	7500	-1.925741	-2274.779417
92	0.001296	7500	-1.663633	-2276.443050
93	0.000882	7500	-1.339115	-2277.782165
94	0.000559	7500	-1.067249	-2278.849414
95	0.000320	7500	-0.884223	-2279.733637
96	0.000156	7500	-0.647754	-2280.381391
97	0.000057	7500	-0.390262	-2280.771653
98	0.000010	7500	-0.217764	-2280.989417
99	0.000000	7500	-0.037266	-2281.026682
Log marginal likelihood:	-2281.026682
0	0.975187	7500	-55.985724	-55.985724
1	0.950747	7500	-55.147751	-111.133475
2	0.926679	7500	-54.310443	-165.443918
3	0.902980	7500	-53.477026	-218.920944
4	0.879648	7500	-52.648497	-271.569440
5	0.856682	7500	-51.828458	-323.397899
6	0.834079	7500	-51.007823	-374.405722
7	0.811838	7500	-50.192637	-424.598358
8	0.789957	7500	-49.379048	-473.977406
9	0.768433	7500	-48.577060	-522.554467
10	0.747266	7500	-47.773506	-570.327973
11	0.726452	7500	-46.980123	-617.308096
12	0.705989	7500	-46.185151	-663.493246
13	0.685877	7500	-45.398277	-708.891523
14	0.666112	7500	-44.614922	-753.506446
15	0.646693	7500	-43.835179	-797.341625
16	0.627618	7500	-43.060889	-840.402514
17	0.608884	7500	-42.292561	-882.695075
18	0.590490	7500	-41.526309	-924.221384
19	0.572433	7500	-40.769214	-964.990599
20	0.554712	7500	-40.012483	-1005.003081
21	0.537324	7500	-39.262103	-1044.265184
22	0.520268	7500	-38.519211	-1082.784395
23	0.503540	7500	-37.778525	-1120.562920
24	0.487139	7500	-37.037645	-1157.600565
25	0.471063	7500	-36.307814	-1193.908379
26	0.455310	7500	-35.581300	-1229.489679
27	0.439877	7500	-34.860163	-1264.349843
28	0.424762	7500	-34.146618	-1298.496461
29	0.409963	7500	-33.438092	-1331.934553
30	0.395478	7500	-32.725560	-1364.660113
31	0.381305	7500	-32.027310	-1396.687423
32	0.367440	7500	-31.328682	-1428.016104
33	0.353883	7500	-30.633499	-1458.649603
34	0.340630	7500	-29.956202	-1488.605806
35	0.327680	7500	-29.272724	-1517.878530
36	0.315030	7500	-28.593665	-1546.472195
37	0.302677	7500	-27.928607	-1574.400803
38	0.290619	7500	-27.268739	-1601.669542
39	0.278855	7500	-26.604622	-1628.274164
40	0.267381	7500	-25.950245	-1654.224409
41	0.256195	7500	-25.301690	-1679.526099
42	0.245294	7500	-24.664873	-1704.190972
43	0.234677	7500	-24.026841	-1728.217813
44	0.224340	7500	-23.396074	-1751.613887
45	0.214281	7500	-22.771387	-1774.385274
46	0.204498	7500	-22.145584	-1796.530858
47	0.194988	7500	-21.537097	-1818.067955
48	0.185749	7500	-20.926175	-1838.994130
49	0.176777	7500	-20.324903	-1859.319033
50	0.168070	7500	-19.728643	-1879.047676
51	0.159626	7500	-19.143312	-1898.190988
52	0.151441	7500	-18.563788	-1916.754776
53	0.143514	7500	-17.985537	-1934.740313
54	0.135841	7500	-17.408429	-1952.148743
55	0.128420	7500	-16.842467	-1968.991210
56	0.121247	7500	-16.288565	-1985.279775
57	0.114320	7500	-15.738882	-2001.018657
58	0.107637	7500	-15.192594	-2016.211250
59	0.101193	7500	-14.651793	-2030.863043
60	0.094986	7500	-14.123586	-2044.986629
61	0.089014	7500	-13.594424	-2058.581053
62	0.083273	7500	-13.076297	-2071.657351
63	0.077760	7500	-12.573317	-2084.230668
64	0.072472	7500	-12.075344	-2096.306012
65	0.067406	7500	-11.579532	-2107.885544
66	0.062558	7500	-11.087744	-2118.973288
67	0.057926	7500	-10.619165	-2129.592453
68	0.053506	7500	-10.130143	-2139.722596
69	0.049295	7500	-9.676888	-2149.399484
70	0.045289	7500	-9.204417	-2158.603901
71	0.041485	7500	-8.789300	-2167.393201
72	0.037880	7500	-8.379845	-2175.773047
73	0.034469	7500	-8.251020	-2184.024066
74	0.031250	7500	-7.482004	-2191.506070
75	0.028218	7500	-7.772343	-2199.278413
76	0.025370	7500	-7.013945	-2206.292358
77	0.022702	7500	-7.258207	-2213.550565
78	0.020209	7500	-6.730246	-2220.280811
79	0.017889	7500	-6.471042	-2226.751853
80	0.015736	7500	-5.970849	-2232.722702
81	0.013746	7500	-5.517885	-2238.240588
82	0.011916	7500	-5.127639	-2243.368226
83	0.010240	7500	-4.737912	-2248.106138
84	0.008714	7500	-4.303285	-2252.409423
85	0.007334	7500	-3.929690	-2256.339113
86	0.006093	7500	-3.549356	-2259.888470
87	0.004988	7500	-3.180695	-2263.069165
88	0.004013	7500	-2.863544	-2265.932709
89	0.003162	7500	-2.539251	-2268.471960
90	0.002430	7500	-2.224714	-2270.696674
91	0.001810	7500	-1.876985	-2272.573660
92	0.001296	7500	-1.598296	-2274.171956
93	0.000882	7500	-1.366051	-2275.538006
94	0.000559	7500	-1.103726	-2276.641732
95	0.000320	7500	-0.939889	-2277.581621
96	0.000156	7500	-0.584233	-2278.165854
97	0.000057	7500	-0.418479	-2278.584334
98	0.000010	7500	-0.191203	-2278.775537
99	0.000000	7500	-0.039699	-2278.815236
Log marginal likelihood:	-2278.815236
0	0.975187	7500	-56.504340	-56.504340
1	0.950747	7500	-55.656758	-112.161098
2	0.926679	7500	-54.809034	-166.970132
3	0.902980	7500	-53.974303	-220.944435
4	0.879648	7500	-53.137972	-274.082406
5	0.856682	7500	-52.307089	-326.389495
6	0.834079	7500	-51.481545	-377.871040
7	0.811838	7500	-50.654888	-428.525928
8	0.789957	7500	-49.835379	-478.361307
9	0.768433	7500	-49.024165	-527.385472
10	0.747266	7500	-48.220188	-575.605660
11	0.726452	7500	-47.413252	-623.018912
12	0.705989	7500	-46.615352	-669.634265
13	0.685877	7500	-45.815411	-715.449675
14	0.666112	7500	-45.024195	-760.473871
15	0.646693	7500	-44.236100	-804.709971
16	0.627618	7500	-43.458734	-848.168705
17	0.608884	7500	-42.686913	-890.855617
18	0.590490	7500	-41.918305	-932.773923
19	0.572433	7500	-41.147186	-973.921109
20	0.554712	7500	-40.385008	-1014.306117
21	0.537324	7500	-39.623974	-1053.930091
22	0.520268	7500	-38.870427	-1092.800518
23	0.503540	7500	-38.123929	-1130.924447
24	0.487139	7500	-37.383343	-1168.307790
25	0.471063	7500	-36.641290	-1204.949080
26	0.455310	7500	-35.907496	-1240.856576
27	0.439877	7500	-35.183942	-1276.040518
28	0.424762	7500	-34.458424	-1310.498942
29	0.409963	7500	-33.741634	-1344.240576
30	0.395478	7500	-33.030080	-1377.270656
31	0.381305	7500	-32.324596	-1409.595252
32	0.367440	7500	-31.614365	-1441.209617
33	0.353883	7500	-30.915767	-1472.125384
34	0.340630	7500	-30.233021	-1502.358404
35	0.327680	7500	-29.536922	-1531.895326
36	0.315030	7500	-28.856187	-1560.751514
37	0.302677	7500	-28.184586	-1588.936099
38	0.290619	7500	-27.519662	-1616.455761
39	0.278855	7500	-26.849062	-1643.304822
40	0.267381	7500	-26.192186	-1669.497009
41	0.256195	7500	-25.537211	-1695.034220
42	0.245294	7500	-24.891240	-1719.925459
43	0.234677	7500	-24.241853	-1744.167312
44	0.224340	7500	-23.604730	-1767.772043
45	0.214281	7500	-22.975453	-1790.747496
46	0.204498	7500	-22.350050	-1813.097546
47	0.194988	7500	-21.731077	-1834.828623
48	0.185749	7500	-21.118921	-1855.947545
49	0.176777	7500	-20.506482	-1876.454027
50	0.168070	7500	-19.914160	-1896.368187
51	0.159626	7500	-19.318143	-1915.686330
52	0.151441	7500	-18.730906	-1934.417236
53	0.143514	7500	-18.145858	-1952.563094
54	0.135841	7500	-17.570547	-1970.133641
55	0.128420	7500	-16.996209	-1987.129850
56	0.121247	7500	-16.438659	-2003.568510
57	0.114320	7500	-15.876816	-2019.445325
58	0.107637	7500	-15.330822	-2034.776147
59	0.101193	7500	-14.783130	-2049.559277
60	0.094986	7500	-14.251643	-2063.810920
61	0.089014	7500	-13.720455	-2077.531375
62	0.083273	7500	-13.201236	-2090.732611
63	0.077760	7500	-12.683446	-2103.416057
64	0.072472	7500	-12.176213	-2115.592271
65	0.067406	7500	-11.675948	-2127.268218
66	0.062558	7500	-11.191981	-2138.460200
67	0.057926	7500	-10.727507	-2149.187706
68	0.053506	7500	-10.263972	-2159.451679
69	0.049295	7500	-9.751807	-2169.203485
70	0.045289	7500	-9.328715	-2178.532201
71	0.041485	7500	-8.848329	-2187.380530
72	0.037880	7500	-8.398678	-2195.779208
73	0.034469	7500	-8.399340	-2204.178548
74	0.031250	7500	-8.330844	-2212.509392
75	0.028218	7500	-7.445933	-2219.955325
76	0.025370	7500	-7.590183	-2227.545507
77	0.022702	7500	-7.367582	-2234.913089
78	0.020209	7500	-6.970378	-2241.883467
79	0.017889	7500	-6.491324	-2248.374791
80	0.015736	7500	-5.799395	-2254.174186
81	0.013746	7500	-5.427938	-2259.602124
82	0.011916	7500	-5.085735	-2264.687859
83	0.010240	7500	-4.734999	-2269.422858
84	0.008714	7500	-4.342852	-2273.765711
85	0.007334	7500	-3.952921	-2277.718632
86	0.006093	7500	-3.571100	-2281.289732
87	0.004988	7500	-3.191979	-2284.481710
88	0.004013	7500	-2.857991	-2287.339701
89	0.003162	7500	-2.534524	-2289.874225
90	0.002430	7500	-2.233550	-2292.107775
91	0.001810	7500	-1.861546	-2293.969322
92	0.001296	7500	-1.671730	-2295.641052
93	0.000882	7500	-1.336283	-2296.977335
94	0.000559	7500	-1.218753	-2298.196088
95	0.000320	7500	-0.829947	-2299.026035
96	0.000156	7500	-0.652946	-2299.678981
97	0.000057	7500	-0.365170	-2300.044151
98	0.000010	7500	-0.203451	-2300.247602
99	0.000000	7500	-0.040286	-2300.287888
Log marginal likelihood:	-2300.287888
0	0.975187	7500	-56.153927	-56.153927
1	0.950747	7500	-55.309535	-111.463462
2	0.926679	7500	-54.472361	-165.935823
3	0.902980	7500	-53.637073	-219.572897
4	0.879648	7500	-52.806098	-272.378995
5	0.856682	7500	-51.979355	-324.358350
6	0.834079	7500	-51.161659	-375.520009
7	0.811838	7500	-50.343228	-425.863236
8	0.789957	7500	-49.532811	-475.396048
9	0.768433	7500	-48.719344	-524.115392
10	0.747266	7500	-47.918875	-572.034267
11	0.726452	7500	-47.118054	-619.152322
12	0.705989	7500	-46.325326	-665.477647
13	0.685877	7500	-45.535724	-711.013372
14	0.666112	7500	-44.749106	-755.762477
15	0.646693	7500	-43.968855	-799.731333
16	0.627618	7500	-43.190563	-842.921895
17	0.608884	7500	-42.420525	-885.342420
18	0.590490	7500	-41.654739	-926.997159
19	0.572433	7500	-40.892149	-967.889308
20	0.554712	7500	-40.134383	-1008.023692
21	0.537324	7500	-39.379958	-1047.403649
22	0.520268	7500	-38.632209	-1086.035858
23	0.503540	7500	-37.894854	-1123.930712
24	0.487139	7500	-37.148941	-1161.079653
25	0.471063	7500	-36.421757	-1197.501410
26	0.455310	7500	-35.688359	-1233.189769
27	0.439877	7500	-34.967731	-1268.157500
28	0.424762	7500	-34.249209	-1302.406709
29	0.409963	7500	-33.531207	-1335.937917
30	0.395478	7500	-32.825012	-1368.762929
31	0.381305	7500	-32.123743	-1400.886672
32	0.367440	7500	-31.426061	-1432.312733
33	0.353883	7500	-30.734623	-1463.047356
34	0.340630	7500	-30.038100	-1493.085456
35	0.327680	7500	-29.363399	-1522.448855
36	0.315030	7500	-28.682539	-1551.131395
37	0.302677	7500	-28.008963	-1579.140358
38	0.290619	7500	-27.349895	-1606.490253
39	0.278855	7500	-26.686684	-1633.176936
40	0.267381	7500	-26.035694	-1659.212630
41	0.256195	7500	-25.378986	-1684.591616
42	0.245294	7500	-24.733131	-1709.324747
43	0.234677	7500	-24.104761	-1733.429508
44	0.224340	7500	-23.461412	-1756.890920
45	0.214281	7500	-22.840935	-1779.731855
46	0.204498	7500	-22.218346	-1801.950201
47	0.194988	7500	-21.609260	-1823.559462
48	0.185749	7500	-20.997468	-1844.556930
49	0.176777	7500	-20.392101	-1864.949030
50	0.168070	7500	-19.789866	-1884.738896
51	0.159626	7500	-19.195502	-1903.934398
52	0.151441	7500	-18.610545	-1922.544943
53	0.143514	7500	-18.034046	-1940.578990
54	0.135841	7500	-17.460117	-1958.039106
55	0.128420	7500	-16.901857	-1974.940963
56	0.121247	7500	-16.339460	-1991.280423
57	0.114320	7500	-15.779101	-2007.059524
58	0.107637	7500	-15.231131	-2022.290654
59	0.101193	7500	-14.693326	-2036.983981
60	0.094986	7500	-14.165476	-2051.149457
61	0.089014	7500	-13.644733	-2064.794190
62	0.083273	7500	-13.111828	-2077.906018
63	0.077760	7500	-12.615858	-2090.521876
64	0.072472	7500	-12.094678	-2102.616553
65	0.067406	7500	-11.601040	-2114.217593
66	0.062558	7500	-11.125180	-2125.342773
67	0.057926	7500	-10.641018	-2135.983792
68	0.053506	7500	-10.169028	-2146.152820
69	0.049295	7500	-9.703250	-2155.856070
70	0.045289	7500	-9.238441	-2165.094511
71	0.041485	7500	-8.806423	-2173.900934
72	0.037880	7500	-8.359690	-2182.260623
73	0.034469	7500	-7.928703	-2190.189326
74	0.031250	7500	-7.929838	-2198.119165
75	0.028218	7500	-7.723102	-2205.842267
76	0.025370	7500	-7.372657	-2213.214924
77	0.022702	7500	-7.056770	-2220.271694
78	0.020209	7500	-6.952332	-2227.224025
79	0.017889	7500	-6.049576	-2233.273601
80	0.015736	7500	-5.629789	-2238.903390
81	0.013746	7500	-5.572649	-2244.476039
82	0.011916	7500	-5.141409	-2249.617448
83	0.010240	7500	-4.735500	-2254.352948
84	0.008714	7500	-4.323955	-2258.676902
85	0.007334	7500	-3.934571	-2262.611473
86	0.006093	7500	-3.549807	-2266.161280
87	0.004988	7500	-3.192188	-2269.353468
88	0.004013	7500	-2.881203	-2272.234671
89	0.003162	7500	-2.501218	-2274.735890
90	0.002430	7500	-2.235168	-2276.971057
91	0.001810	7500	-1.912195	-2278.883252
92	0.001296	7500	-1.605964	-2280.489216
93	0.000882	7500	-1.370606	-2281.859822
94	0.000559	7500	-1.121009	-2282.980831
95	0.000320	7500	-0.818803	-2283.799634
96	0.000156	7500	-0.653013	-2284.452647
97	0.000057	7500	-0.413739	-2284.866387
98	0.000010	7500	-0.206956	-2285.073342
99	0.000000	7500	-0.039567	-2285.112910
Log marginal likelihood:	-2285.112910
0	0.975187	7500	-56.133317	-56.133317
1	0.950747	7500	-55.290368	-111.423685
2	0.926679	7500	-54.454294	-165.877979
3	0.902980	7500	-53.619789	-219.497768
4	0.879648	7500	-52.788123	-272.285891
5	0.856682	7500	-51.964690	-324.250581
6	0.834079	7500	-51.143537	-375.394118
7	0.811838	7500	-50.326959	-425.721077
8	0.789957	7500	-49.516035	-475.237112
9	0.768433	7500	-48.705278	-523.942389
10	0.747266	7500	-47.904177	-571.846567
11	0.726452	7500	-47.104675	-618.951242
12	0.705989	7500	-46.309685	-665.260927
13	0.685877	7500	-45.519248	-710.780175
14	0.666112	7500	-44.734646	-755.514821
15	0.646693	7500	-43.955194	-799.470015
16	0.627618	7500	-43.177834	-842.647849
17	0.608884	7500	-42.403733	-885.051583
18	0.590490	7500	-41.636337	-926.687920
19	0.572433	7500	-40.872835	-967.560755
20	0.554712	7500	-40.122976	-1007.683730
21	0.537324	7500	-39.366030	-1047.049760
22	0.520268	7500	-38.618391	-1085.668151
23	0.503540	7500	-37.876443	-1123.544594
24	0.487139	7500	-37.139258	-1160.683852
25	0.471063	7500	-36.403971	-1197.087823
26	0.455310	7500	-35.681566	-1232.769390
27	0.439877	7500	-34.950108	-1267.719497
28	0.424762	7500	-34.235252	-1301.954750
29	0.409963	7500	-33.520897	-1335.475647
30	0.395478	7500	-32.813061	-1368.288708
31	0.381305	7500	-32.109916	-1400.398624
32	0.367440	7500	-31.409932	-1431.808557
33	0.353883	7500	-30.716121	-1462.524677
34	0.340630	7500	-30.029787	-1492.554464
35	0.327680	7500	-29.351500	-1521.905964
36	0.315030	7500	-28.673152	-1550.579116
37	0.302677	7500	-27.999960	-1578.579076
38	0.290619	7500	-27.340313	-1605.919389
39	0.278855	7500	-26.674795	-1632.594184
40	0.267381	7500	-26.021457	-1658.615641
41	0.256195	7500	-25.370530	-1683.986171
42	0.245294	7500	-24.730821	-1708.716992
43	0.234677	7500	-24.087025	-1732.804017
44	0.224340	7500	-23.454892	-1756.258909
45	0.214281	7500	-22.833688	-1779.092597
46	0.204498	7500	-22.210504	-1801.303100
47	0.194988	7500	-21.586736	-1822.889836
48	0.185749	7500	-20.985580	-1843.875415
49	0.176777	7500	-20.383015	-1864.258430
50	0.168070	7500	-19.780984	-1884.039415
51	0.159626	7500	-19.192054	-1903.231468
52	0.151441	7500	-18.602805	-1921.834274
53	0.143514	7500	-18.024658	-1939.858931
54	0.135841	7500	-17.458894	-1957.317825
55	0.128420	7500	-16.876038	-1974.193863
56	0.121247	7500	-16.335319	-1990.529183
57	0.114320	7500	-15.777613	-2006.306796
58	0.107637	7500	-15.218718	-2021.525514
59	0.101193	7500	-14.699051	-2036.224564
60	0.094986	7500	-14.170053	-2050.394617
61	0.089014	7500	-13.652755	-2064.047373
62	0.083273	7500	-13.119084	-2077.166457
63	0.077760	7500	-12.608390	-2089.774846
64	0.072472	7500	-12.119416	-2101.894262
65	0.067406	7500	-11.606093	-2113.500355
66	0.062558	7500	-11.120274	-2124.620629
67	0.057926	7500	-10.646057	-2135.266686
68	0.053506	7500	-10.161632	-2145.428318
69	0.049295	7500	-9.691541	-2155.119858
70	0.045289	7500	-9.245254	-2164.365112
71	0.041485	7500	-8.889332	-2173.254444
72	0.037880	7500	-8.350814	-2181.605258
73	0.034469	7500	-7.956173	-2189.561431
74	0.031250	7500	-8.400092	-2197.961523
75	0.028218	7500	-8.410049	-2206.371573
76	0.025370	7500	-7.603133	-2213.974706
77	0.022702	7500	-7.430643	-2221.405349
78	0.020209	7500	-6.907870	-2228.313218
79	0.017889	7500	-6.331180	-2234.644398
80	0.015736	7500	-5.897331	-2240.541729
81	0.013746	7500	-5.579551	-2246.121280
82	0.011916	7500	-5.150751	-2251.272031
83	0.010240	7500	-4.731939	-2256.003969
84	0.008714	7500	-4.352233	-2260.356202
85	0.007334	7500	-3.939908	-2264.296111
86	0.006093	7500	-3.560560	-2267.856671
87	0.004988	7500	-3.207514	-2271.064185
88	0.004013	7500	-2.859792	-2273.923977
89	0.003162	7500	-2.528433	-2276.452411
90	0.002430	7500	-2.211692	-2278.664103
91	0.001810	7500	-1.924085	-2280.588187
92	0.001296	7500	-1.631021	-2282.219208
93	0.000882	7500	-1.376064	-2283.595272
94	0.000559	7500	-1.131717	-2284.726989
95	0.000320	7500	-0.872342	-2285.599331
96	0.000156	7500	-0.662746	-2286.262078
97	0.000057	7500	-0.360375	-2286.622453
98	0.000010	7500	-0.194640	-2286.817093
99	0.000000	7500	-0.040273	-2286.857366
Log marginal likelihood:	-2286.857366
0	0.975187	7500	-56.191261	-56.191261
1	0.950747	7500	-55.349099	-111.540361
2	0.926679	7500	-54.506759	-166.047120
3	0.902980	7500	-53.671807	-219.718927
4	0.879648	7500	-52.842942	-272.561869
5	0.856682	7500	-52.020355	-324.582223
6	0.834079	7500	-51.194097	-375.776321
7	0.811838	7500	-50.373898	-426.150218
8	0.789957	7500	-49.563490	-475.713708
9	0.768433	7500	-48.755654	-524.469362
10	0.747266	7500	-47.952249	-572.421611
11	0.726452	7500	-47.151154	-619.572766
12	0.705989	7500	-46.358504	-665.931270
13	0.685877	7500	-45.564512	-711.495782
14	0.666112	7500	-44.780841	-756.276623
15	0.646693	7500	-43.997531	-800.274155
16	0.627618	7500	-43.222137	-843.496292
17	0.608884	7500	-42.449010	-885.945302
18	0.590490	7500	-41.680673	-927.625975
19	0.572433	7500	-40.917985	-968.543960
20	0.554712	7500	-40.165636	-1008.709595
21	0.537324	7500	-39.408876	-1048.118471
22	0.520268	7500	-38.661032	-1086.779504
23	0.503540	7500	-37.906819	-1124.686323
24	0.487139	7500	-37.175467	-1161.861789
25	0.471063	7500	-36.442345	-1198.304135
26	0.455310	7500	-35.711172	-1234.015306
27	0.439877	7500	-34.985894	-1269.001201
28	0.424762	7500	-34.265021	-1303.266221
29	0.409963	7500	-33.549872	-1336.816094
30	0.395478	7500	-32.842886	-1369.658980
31	0.381305	7500	-32.144626	-1401.803606
32	0.367440	7500	-31.443529	-1433.247135
33	0.353883	7500	-30.749084	-1463.996219
34	0.340630	7500	-30.059885	-1494.056104
35	0.327680	7500	-29.381441	-1523.437545
36	0.315030	7500	-28.696257	-1552.133802
37	0.302677	7500	-28.031058	-1580.164860
38	0.290619	7500	-27.368735	-1607.533595
39	0.278855	7500	-26.699669	-1634.233264
40	0.267381	7500	-26.051298	-1660.284562
41	0.256195	7500	-25.398488	-1685.683051
42	0.245294	7500	-24.756851	-1710.439902
43	0.234677	7500	-24.113504	-1734.553406
44	0.224340	7500	-23.476211	-1758.029617
45	0.214281	7500	-22.854297	-1780.883914
46	0.204498	7500	-22.219849	-1803.103763
47	0.194988	7500	-21.614522	-1824.718285
48	0.185749	7500	-21.003389	-1845.721674
49	0.176777	7500	-20.402707	-1866.124381
50	0.168070	7500	-19.796701	-1885.921082
51	0.159626	7500	-19.212985	-1905.134067
52	0.151441	7500	-18.626623	-1923.760691
53	0.143514	7500	-18.047309	-1941.807999
54	0.135841	7500	-17.481437	-1959.289436
55	0.128420	7500	-16.907937	-1976.197373
56	0.121247	7500	-16.348312	-1992.545684
57	0.114320	7500	-15.792616	-2008.338301
58	0.107637	7500	-15.250367	-2023.588668
59	0.101193	7500	-14.704823	-2038.293491
60	0.094986	7500	-14.173893	-2052.467385
61	0.089014	7500	-13.653880	-2066.121265
62	0.083273	7500	-13.130694	-2079.251959
63	0.077760	7500	-12.612275	-2091.864234
64	0.072472	7500	-12.103398	-2103.967632
65	0.067406	7500	-11.622356	-2115.589987
66	0.062558	7500	-11.128328	-2126.718315
67	0.057926	7500	-10.646295	-2137.364610
68	0.053506	7500	-10.166857	-2147.531468
69	0.049295	7500	-9.709555	-2157.241022
70	0.045289	7500	-9.240324	-2166.481347
71	0.041485	7500	-8.775953	-2175.257299
72	0.037880	7500	-8.362913	-2183.620212
73	0.034469	7500	-8.217516	-2191.837728
74	0.031250	7500	-8.188206	-2200.025934
75	0.028218	7500	-7.279437	-2207.305371
76	0.025370	7500	-7.143327	-2214.448698
77	0.022702	7500	-6.836457	-2221.285155
78	0.020209	7500	-6.787356	-2228.072511
79	0.017889	7500	-6.445930	-2234.518442
80	0.015736	7500	-5.812623	-2240.331064
81	0.013746	7500	-5.532906	-2245.863970
82	0.011916	7500	-5.156987	-2251.020957
83	0.010240	7500	-4.738012	-2255.758969
84	0.008714	7500	-4.332680	-2260.091649
85	0.007334	7500	-3.954032	-2264.045681
86	0.006093	7500	-3.560086	-2267.605767
87	0.004988	7500	-3.198721	-2270.804487
88	0.004013	7500	-2.881873	-2273.686361
89	0.003162	7500	-2.518917	-2276.205278
90	0.002430	7500	-2.231076	-2278.436354
91	0.001810	7500	-1.930135	-2280.366488
92	0.001296	7500	-1.637629	-2282.004118
93	0.000882	7500	-1.344109	-2283.348227
94	0.000559	7500	-1.170503	-2284.518730
95	0.000320	7500	-0.833794	-2285.352525
96	0.000156	7500	-0.630105	-2285.982630
97	0.000057	7500	-0.475606	-2286.458236
98	0.000010	7500	-0.168258	-2286.626493
99	0.000000	7500	-0.038887	-2286.665381
Log marginal likelihood:	-2286.665381
0	0.975187	7500	-55.913073	-55.913073
1	0.950747	7500	-55.071999	-110.985072
2	0.926679	7500	-54.240214	-165.225286
3	0.902980	7500	-53.406427	-218.631713
4	0.879648	7500	-52.581288	-271.213000
5	0.856682	7500	-51.759710	-322.972711
6	0.834079	7500	-50.940223	-373.912934
7	0.811838	7500	-50.125833	-424.038768
8	0.789957	7500	-49.320483	-473.359251
9	0.768433	7500	-48.512895	-521.872146
10	0.747266	7500	-47.714554	-569.586700
11	0.726452	7500	-46.917138	-616.503838
12	0.705989	7500	-46.129633	-662.633471
13	0.685877	7500	-45.340530	-707.974001
14	0.666112	7500	-44.556210	-752.530211
15	0.646693	7500	-43.780463	-796.310675
16	0.627618	7500	-43.005730	-839.316405
17	0.608884	7500	-42.237144	-881.553549
18	0.590490	7500	-41.476931	-923.030480
19	0.572433	7500	-40.714403	-963.744882
20	0.554712	7500	-39.958788	-1003.703671
21	0.537324	7500	-39.212061	-1042.915732
22	0.520268	7500	-38.464943	-1081.380675
23	0.503540	7500	-37.723715	-1119.104390
24	0.487139	7500	-36.991701	-1156.096091
25	0.471063	7500	-36.260163	-1192.356254
26	0.455310	7500	-35.531868	-1227.888122
27	0.439877	7500	-34.816384	-1262.704505
28	0.424762	7500	-34.101422	-1296.805927
29	0.409963	7500	-33.390965	-1330.196892
30	0.395478	7500	-32.679960	-1362.876852
31	0.381305	7500	-31.982793	-1394.859645
32	0.367440	7500	-31.280128	-1426.139773
33	0.353883	7500	-30.598262	-1456.738035
34	0.340630	7500	-29.917627	-1486.655662
35	0.327680	7500	-29.237406	-1515.893068
36	0.315030	7500	-28.560008	-1544.453076
37	0.302677	7500	-27.894187	-1572.347263
38	0.290619	7500	-27.229719	-1599.576982
39	0.278855	7500	-26.570128	-1626.147110
40	0.267381	7500	-25.920288	-1652.067398
41	0.256195	7500	-25.268439	-1677.335837
42	0.245294	7500	-24.628782	-1701.964619
43	0.234677	7500	-23.990997	-1725.955616
44	0.224340	7500	-23.362055	-1749.317671
45	0.214281	7500	-22.736908	-1772.054579
46	0.204498	7500	-22.119948	-1794.174527
47	0.194988	7500	-21.513329	-1815.687856
48	0.185749	7500	-20.897491	-1836.585348
49	0.176777	7500	-20.301853	-1856.887200
50	0.168070	7500	-19.704727	-1876.591928
51	0.159626	7500	-19.116620	-1895.708548
52	0.151441	7500	-18.530273	-1914.238821
53	0.143514	7500	-17.959310	-1932.198131
54	0.135841	7500	-17.384900	-1949.583032
55	0.128420	7500	-16.823455	-1966.406487
56	0.121247	7500	-16.273672	-1982.680159
57	0.114320	7500	-15.710464	-1998.390623
58	0.107637	7500	-15.169812	-2013.560436
59	0.101193	7500	-14.638391	-2028.198826
60	0.094986	7500	-14.100353	-2042.299179
61	0.089014	7500	-13.586713	-2055.885892
62	0.083273	7500	-13.062064	-2068.947956
63	0.077760	7500	-12.563588	-2081.511544
64	0.072472	7500	-12.065014	-2093.576558
65	0.067406	7500	-11.562554	-2105.139112
66	0.062558	7500	-11.094671	-2116.233784
67	0.057926	7500	-10.599818	-2126.833601
68	0.053506	7500	-10.119764	-2136.953365
69	0.049295	7500	-9.655737	-2146.609102
70	0.045289	7500	-9.217235	-2155.826337
71	0.041485	7500	-8.743658	-2164.569995
72	0.037880	7500	-8.317208	-2172.887203
73	0.034469	7500	-7.904329	-2180.791532
74	0.031250	7500	-7.764219	-2188.555751
75	0.028218	7500	-8.409900	-2196.965651
76	0.025370	7500	-7.780648	-2204.746298
77	0.022702	7500	-7.422866	-2212.169164
78	0.020209	7500	-6.948725	-2219.117889
79	0.017889	7500	-6.473999	-2225.591888
80	0.015736	7500	-6.027832	-2231.619720
81	0.013746	7500	-5.566056	-2237.185776
82	0.011916	7500	-5.154678	-2242.340454
83	0.010240	7500	-4.736055	-2247.076509
84	0.008714	7500	-4.325590	-2251.402099
85	0.007334	7500	-3.904761	-2255.306861
86	0.006093	7500	-3.569300	-2258.876160
87	0.004988	7500	-3.200342	-2262.076502
88	0.004013	7500	-2.871990	-2264.948493
89	0.003162	7500	-2.522246	-2267.470739
90	0.002430	7500	-2.213673	-2269.684412
91	0.001810	7500	-1.910265	-2271.594678
92	0.001296	7500	-1.641862	-2273.236540
93	0.000882	7500	-1.347602	-2274.584142
94	0.000559	7500	-1.096644	-2275.680785
95	0.000320	7500	-0.832523	-2276.513308
96	0.000156	7500	-0.687932	-2277.201240
97	0.000057	7500	-0.404760	-2277.606000
98	0.000010	7500	-0.178431	-2277.784431
99	0.000000	7500	-0.036616	-2277.821046
Log marginal likelihood:	-2277.821046
0	0.975187	7500	-55.907835	-55.907835
1	0.950747	7500	-55.072324	-110.980159
2	0.926679	7500	-54.236537	-165.216696
3	0.902980	7500	-53.404572	-218.621268
4	0.879648	7500	-52.575301	-271.196569
5	0.856682	7500	-51.747567	-322.944136
6	0.834079	7500	-50.933737	-373.877872
7	0.811838	7500	-50.122675	-424.000548
8	0.789957	7500	-49.311991	-473.312539
9	0.768433	7500	-48.511045	-521.823584
10	0.747266	7500	-47.711712	-569.535296
11	0.726452	7500	-46.912620	-616.447916
12	0.705989	7500	-46.118956	-662.566871
13	0.685877	7500	-45.333448	-707.900320
14	0.666112	7500	-44.555034	-752.455354
15	0.646693	7500	-43.775161	-796.230515
16	0.627618	7500	-43.002636	-839.233152
17	0.608884	7500	-42.236940	-881.470092
18	0.590490	7500	-41.469096	-922.939188
19	0.572433	7500	-40.708805	-963.647993
20	0.554712	7500	-39.957887	-1003.605880
21	0.537324	7500	-39.203295	-1042.809176
22	0.520268	7500	-38.462062	-1081.271237
23	0.503540	7500	-37.721344	-1118.992581
24	0.487139	7500	-36.988949	-1155.981530
25	0.471063	7500	-36.256690	-1192.238220
26	0.455310	7500	-35.528311	-1227.766531
27	0.439877	7500	-34.811367	-1262.577898
28	0.424762	7500	-34.092539	-1296.670437
29	0.409963	7500	-33.386309	-1330.056746
30	0.395478	7500	-32.684276	-1362.741021
31	0.381305	7500	-31.982325	-1394.723347
32	0.367440	7500	-31.282366	-1426.005712
33	0.353883	7500	-30.592516	-1456.598228
34	0.340630	7500	-29.919985	-1486.518213
35	0.327680	7500	-29.232458	-1515.750671
36	0.315030	7500	-28.559546	-1544.310217
37	0.302677	7500	-27.893639	-1572.203856
38	0.290619	7500	-27.225937	-1599.429793
39	0.278855	7500	-26.572974	-1626.002767
40	0.267381	7500	-25.913650	-1651.916416
41	0.256195	7500	-25.261996	-1677.178412
42	0.245294	7500	-24.622734	-1701.801146
43	0.234677	7500	-23.992855	-1725.794001
44	0.224340	7500	-23.360550	-1749.154551
45	0.214281	7500	-22.736755	-1771.891306
46	0.204498	7500	-22.122796	-1794.014103
47	0.194988	7500	-21.507914	-1815.522016
48	0.185749	7500	-20.901587	-1836.423603
49	0.176777	7500	-20.296240	-1856.719843
50	0.168070	7500	-19.697634	-1876.417477
51	0.159626	7500	-19.109420	-1895.526897
52	0.151441	7500	-18.540649	-1914.067546
53	0.143514	7500	-17.956480	-1932.024027
54	0.135841	7500	-17.385895	-1949.409922
55	0.128420	7500	-16.828022	-1966.237944
56	0.121247	7500	-16.265994	-1982.503938
57	0.114320	7500	-15.718121	-1998.222059
58	0.107637	7500	-15.170409	-2013.392468
59	0.101193	7500	-14.628341	-2028.020809
60	0.094986	7500	-14.099698	-2042.120507
61	0.089014	7500	-13.580844	-2055.701352
62	0.083273	7500	-13.061959	-2068.763311
63	0.077760	7500	-12.551945	-2081.315255
64	0.072472	7500	-12.069477	-2093.384733
65	0.067406	7500	-11.556288	-2104.941020
66	0.062558	7500	-11.066831	-2116.007851
67	0.057926	7500	-10.590530	-2126.598382
68	0.053506	7500	-10.123678	-2136.722060
69	0.049295	7500	-9.665185	-2146.387245
70	0.045289	7500	-9.202169	-2155.589414
71	0.041485	7500	-8.760389	-2164.349803
72	0.037880	7500	-8.298795	-2172.648599
73	0.034469	7500	-7.910314	-2180.558912
74	0.031250	7500	-7.883389	-2188.442301
75	0.028218	7500	-8.082851	-2196.525152
76	0.025370	7500	-7.295346	-2203.820498
77	0.022702	7500	-7.037815	-2210.858313
78	0.020209	7500	-6.874719	-2217.733033
79	0.017889	7500	-6.241067	-2223.974100
80	0.015736	7500	-6.029022	-2230.003122
81	0.013746	7500	-5.573206	-2235.576328
82	0.011916	7500	-5.139258	-2240.715586
83	0.010240	7500	-4.717011	-2245.432597
84	0.008714	7500	-4.318020	-2249.750617
85	0.007334	7500	-3.931668	-2253.682285
86	0.006093	7500	-3.577565	-2257.259850
87	0.004988	7500	-3.205161	-2260.465011
88	0.004013	7500	-2.850624	-2263.315635
89	0.003162	7500	-2.525020	-2265.840655
90	0.002430	7500	-2.197664	-2268.038319
91	0.001810	7500	-1.915057	-2269.953377
92	0.001296	7500	-1.635533	-2271.588909
93	0.000882	7500	-1.351390	-2272.940299
94	0.000559	7500	-1.055153	-2273.995452
95	0.000320	7500	-0.825937	-2274.821389
96	0.000156	7500	-0.651750	-2275.473139
97	0.000057	7500	-0.387457	-2275.860596
98	0.000010	7500	-0.193163	-2276.053758
99	0.000000	7500	-0.037490	-2276.091248
Log marginal likelihood:	-2276.091248
0	0.975187	7500	-56.446955	-56.446955
1	0.950747	7500	-55.597795	-112.044751
2	0.926679	7500	-54.751582	-166.796333
3	0.902980	7500	-53.912606	-220.708939
4	0.879648	7500	-53.079870	-273.788809
5	0.856682	7500	-52.246881	-326.035690
6	0.834079	7500	-51.424722	-377.460412
7	0.811838	7500	-50.603344	-428.063756
8	0.789957	7500	-49.789129	-477.852885
9	0.768433	7500	-48.977830	-526.830715
10	0.747266	7500	-48.167222	-574.997937
11	0.726452	7500	-47.365465	-622.363402
12	0.705989	7500	-46.567261	-668.930663
13	0.685877	7500	-45.772754	-714.703417
14	0.666112	7500	-44.984027	-759.687444
15	0.646693	7500	-44.191831	-803.879275
16	0.627618	7500	-43.412970	-847.292245
17	0.608884	7500	-42.640908	-889.933154
18	0.590490	7500	-41.869479	-931.802633
19	0.572433	7500	-41.099439	-972.902072
20	0.554712	7500	-40.342017	-1013.244089
21	0.537324	7500	-39.581749	-1052.825837
22	0.520268	7500	-38.833176	-1091.659013
23	0.503540	7500	-38.084986	-1129.743999
24	0.487139	7500	-37.347021	-1167.091020
25	0.471063	7500	-36.610497	-1203.701517
26	0.455310	7500	-35.874281	-1239.575798
27	0.439877	7500	-35.145980	-1274.721778
28	0.424762	7500	-34.423751	-1309.145529
29	0.409963	7500	-33.702659	-1342.848188
30	0.395478	7500	-32.986740	-1375.834928
31	0.381305	7500	-32.287286	-1408.122214
32	0.367440	7500	-31.583791	-1439.706005
33	0.353883	7500	-30.891350	-1470.597355
34	0.340630	7500	-30.198695	-1500.796051
35	0.327680	7500	-29.510888	-1530.306938
36	0.315030	7500	-28.831872	-1559.138811
37	0.302677	7500	-28.152173	-1587.290983
38	0.290619	7500	-27.490578	-1614.781562
39	0.278855	7500	-26.820901	-1641.602462
40	0.267381	7500	-26.164048	-1667.766510
41	0.256195	7500	-25.509419	-1693.275929
42	0.245294	7500	-24.861814	-1718.137743
43	0.234677	7500	-24.221512	-1742.359256
44	0.224340	7500	-23.588300	-1765.947555
45	0.214281	7500	-22.951980	-1788.899535
46	0.204498	7500	-22.334766	-1811.234301
47	0.194988	7500	-21.706416	-1832.940717
48	0.185749	7500	-21.091893	-1854.032610
49	0.176777	7500	-20.493277	-1874.525888
50	0.168070	7500	-19.890760	-1894.416648
51	0.159626	7500	-19.297279	-1913.713927
52	0.151441	7500	-18.702125	-1932.416052
53	0.143514	7500	-18.123310	-1950.539361
54	0.135841	7500	-17.548974	-1968.088335
55	0.128420	7500	-16.984108	-1985.072444
56	0.121247	7500	-16.419922	-2001.492366
57	0.114320	7500	-15.865762	-2017.358128
58	0.107637	7500	-15.318216	-2032.676343
59	0.101193	7500	-14.768320	-2047.444663
60	0.094986	7500	-14.240462	-2061.685125
61	0.089014	7500	-13.714785	-2075.399909
62	0.083273	7500	-13.196081	-2088.595990
63	0.077760	7500	-12.681881	-2101.277870
64	0.072472	7500	-12.162982	-2113.440852
65	0.067406	7500	-11.677948	-2125.118800
66	0.062558	7500	-11.166918	-2136.285718
67	0.057926	7500	-10.682863	-2146.968580
68	0.053506	7500	-10.230403	-2157.198983
69	0.049295	7500	-9.734049	-2166.933033
70	0.045289	7500	-9.322188	-2176.255221
71	0.041485	7500	-8.842556	-2185.097777
72	0.037880	7500	-8.412015	-2193.509792
73	0.034469	7500	-8.432557	-2201.942348
74	0.031250	7500	-7.701302	-2209.643651
75	0.028218	7500	-7.179370	-2216.823021
76	0.025370	7500	-7.216525	-2224.039546
77	0.022702	7500	-7.144867	-2231.184413
78	0.020209	7500	-6.552859	-2237.737271
79	0.017889	7500	-6.486807	-2244.224078
80	0.015736	7500	-5.932153	-2250.156231
81	0.013746	7500	-5.383791	-2255.540022
82	0.011916	7500	-5.041442	-2260.581464
83	0.010240	7500	-4.635831	-2265.217295
84	0.008714	7500	-4.280028	-2269.497323
85	0.007334	7500	-3.925195	-2273.422518
86	0.006093	7500	-3.555208	-2276.977726
87	0.004988	7500	-3.201324	-2280.179050
88	0.004013	7500	-2.832635	-2283.011686
89	0.003162	7500	-2.496122	-2285.507808
90	0.002430	7500	-2.200885	-2287.708693
91	0.001810	7500	-1.930488	-2289.639180
92	0.001296	7500	-1.587354	-2291.226535
93	0.000882	7500	-1.387444	-2292.613979
94	0.000559	7500	-1.143689	-2293.757668
95	0.000320	7500	-0.820558	-2294.578226
96	0.000156	7500	-0.570111	-2295.148336
97	0.000057	7500	-0.386463	-2295.534800
98	0.000010	7500	-0.171284	-2295.706083
99	0.000000	7500	-0.047157	-2295.753240
Log marginal likelihood:	-2295.753240
0	0.975187	7500	-56.044609	-56.044609
1	0.950747	7500	-55.206163	-111.250771
2	0.926679	7500	-54.369389	-165.620160
3	0.902980	7500	-53.533049	-219.153209
4	0.879648	7500	-52.706954	-271.860163
5	0.856682	7500	-51.884465	-323.744627
6	0.834079	7500	-51.059370	-374.803997
7	0.811838	7500	-50.246418	-425.050416
8	0.789957	7500	-49.434380	-474.484796
9	0.768433	7500	-48.625841	-523.110637
10	0.747266	7500	-47.826128	-570.936764
11	0.726452	7500	-47.026890	-617.963654
12	0.705989	7500	-46.234663	-664.198317
13	0.685877	7500	-45.445242	-709.643559
14	0.666112	7500	-44.660440	-754.303999
15	0.646693	7500	-43.881981	-798.185980
16	0.627618	7500	-43.105804	-841.291784
17	0.608884	7500	-42.335371	-883.627155
18	0.590490	7500	-41.574368	-925.201523
19	0.572433	7500	-40.808422	-966.009945
20	0.554712	7500	-40.052823	-1006.062768
21	0.537324	7500	-39.303916	-1045.366684
22	0.520268	7500	-38.556779	-1083.923463
23	0.503540	7500	-37.814142	-1121.737605
24	0.487139	7500	-37.076452	-1158.814056
25	0.471063	7500	-36.345498	-1195.159554
26	0.455310	7500	-35.622943	-1230.782497
27	0.439877	7500	-34.902182	-1265.684680
28	0.424762	7500	-34.180623	-1299.865302
29	0.409963	7500	-33.468450	-1333.333753
30	0.395478	7500	-32.759093	-1366.092845
31	0.381305	7500	-32.062782	-1398.155627
32	0.367440	7500	-31.359737	-1429.515364
33	0.353883	7500	-30.671189	-1460.186554
34	0.340630	7500	-29.983505	-1490.170059
35	0.327680	7500	-29.302561	-1519.472620
36	0.315030	7500	-28.622028	-1548.094648
37	0.302677	7500	-27.955902	-1576.050551
38	0.290619	7500	-27.289407	-1603.339958
39	0.278855	7500	-26.628982	-1629.968940
40	0.267381	7500	-25.981742	-1655.950682
41	0.256195	7500	-25.328505	-1681.279186
42	0.245294	7500	-24.684551	-1705.963737
43	0.234677	7500	-24.047157	-1730.010894
44	0.224340	7500	-23.420692	-1753.431586
45	0.214281	7500	-22.794625	-1776.226211
46	0.204498	7500	-22.177029	-1798.403240
47	0.194988	7500	-21.558444	-1819.961684
48	0.185749	7500	-20.952281	-1840.913965
49	0.176777	7500	-20.348064	-1861.262029
50	0.168070	7500	-19.756034	-1881.018063
51	0.159626	7500	-19.158012	-1900.176075
52	0.151441	7500	-18.572811	-1918.748886
53	0.143514	7500	-18.003858	-1936.752743
54	0.135841	7500	-17.427074	-1954.179817
55	0.128420	7500	-16.866512	-1971.046329
56	0.121247	7500	-16.301565	-1987.347894
57	0.114320	7500	-15.743513	-2003.091407
58	0.107637	7500	-15.206954	-2018.298361
59	0.101193	7500	-14.665261	-2032.963622
60	0.094986	7500	-14.143095	-2047.106717
61	0.089014	7500	-13.625434	-2060.732151
62	0.083273	7500	-13.106930	-2073.839081
63	0.077760	7500	-12.588649	-2086.427731
64	0.072472	7500	-12.088597	-2098.516328
65	0.067406	7500	-11.581501	-2110.097829
66	0.062558	7500	-11.100470	-2121.198300
67	0.057926	7500	-10.609568	-2131.807868
68	0.053506	7500	-10.132004	-2141.939872
69	0.049295	7500	-10.349142	-2152.289014
70	0.045289	7500	-9.223820	-2161.512835
71	0.041485	7500	-8.795386	-2170.308221
72	0.037880	7500	-8.374525	-2178.682746
73	0.034469	7500	-7.954986	-2186.637732
74	0.031250	7500	-7.491968	-2194.129699
75	0.028218	7500	-7.103248	-2201.232947
76	0.025370	7500	-7.712307	-2208.945254
77	0.022702	7500	-7.019104	-2215.964358
78	0.020209	7500	-6.963521	-2222.927880
79	0.017889	7500	-6.302205	-2229.230084
80	0.015736	7500	-6.035616	-2235.265700
81	0.013746	7500	-5.597901	-2240.863602
82	0.011916	7500	-5.156589	-2246.020191
83	0.010240	7500	-4.744724	-2250.764915
84	0.008714	7500	-4.351346	-2255.116261
85	0.007334	7500	-3.944183	-2259.060444
86	0.006093	7500	-3.564546	-2262.624990
87	0.004988	7500	-3.196187	-2265.821177
88	0.004013	7500	-2.869882	-2268.691059
89	0.003162	7500	-2.517735	-2271.208793
90	0.002430	7500	-2.189056	-2273.397849
91	0.001810	7500	-1.901864	-2275.299713
92	0.001296	7500	-1.609966	-2276.909679
93	0.000882	7500	-1.387249	-2278.296928
94	0.000559	7500	-1.057449	-2279.354377
95	0.000320	7500	-0.960538	-2280.314914
96	0.000156	7500	-0.644868	-2280.959782
97	0.000057	7500	-0.403697	-2281.363479
98	0.000010	7500	-0.215941	-2281.579420
99	0.000000	7500	-0.042433	-2281.621853
Log marginal likelihood:	-2281.621853
0	0.975187	7500	-56.410841	-56.410841
1	0.950747	7500	-55.558968	-111.969809
2	0.926679	7500	-54.718698	-166.688507
3	0.902980	7500	-53.881391	-220.569898
4	0.879648	7500	-53.046122	-273.616020
5	0.856682	7500	-52.219916	-325.835936
6	0.834079	7500	-51.394260	-377.230195
7	0.811838	7500	-50.570235	-427.800430
8	0.789957	7500	-49.757133	-477.557563
9	0.768433	7500	-48.942708	-526.500271
10	0.747266	7500	-48.138565	-574.638836
11	0.726452	7500	-47.331867	-621.970703
12	0.705989	7500	-46.532877	-668.503581
13	0.685877	7500	-45.736121	-714.239702
14	0.666112	7500	-44.952734	-759.192436
15	0.646693	7500	-44.169921	-803.362357
16	0.627618	7500	-43.386651	-846.749008
17	0.608884	7500	-42.607696	-889.356703
18	0.590490	7500	-41.839017	-931.195721
19	0.572433	7500	-41.076671	-972.272391
20	0.554712	7500	-40.310050	-1012.582441
21	0.537324	7500	-39.564530	-1052.146971
22	0.520268	7500	-38.808991	-1090.955962
23	0.503540	7500	-38.061756	-1129.017718
24	0.487139	7500	-37.315482	-1166.333200
25	0.471063	7500	-36.583678	-1202.916878
26	0.455310	7500	-35.856715	-1238.773593
27	0.439877	7500	-35.128500	-1273.902093
28	0.424762	7500	-34.399557	-1308.301651
29	0.409963	7500	-33.687980	-1341.989630
30	0.395478	7500	-32.976221	-1374.965852
31	0.381305	7500	-32.265781	-1407.231632
32	0.367440	7500	-31.564780	-1438.796413
33	0.353883	7500	-30.874438	-1469.670851
34	0.340630	7500	-30.175352	-1499.846203
35	0.327680	7500	-29.490914	-1529.337116
36	0.315030	7500	-28.809643	-1558.146760
37	0.302677	7500	-28.142017	-1586.288776
38	0.290619	7500	-27.470202	-1613.758978
39	0.278855	7500	-26.798864	-1640.557842
40	0.267381	7500	-26.145533	-1666.703375
41	0.256195	7500	-25.494255	-1692.197631
42	0.245294	7500	-24.843234	-1717.040865
43	0.234677	7500	-24.208420	-1741.249285
44	0.224340	7500	-23.565622	-1764.814907
45	0.214281	7500	-22.935816	-1787.750723
46	0.204498	7500	-22.333691	-1810.084414
47	0.194988	7500	-21.687555	-1831.771969
48	0.185749	7500	-21.090617	-1852.862586
49	0.176777	7500	-20.471747	-1873.334333
50	0.168070	7500	-19.878853	-1893.213186
51	0.159626	7500	-19.286399	-1912.499584
52	0.151441	7500	-18.696357	-1931.195941
53	0.143514	7500	-18.117057	-1949.312997
54	0.135841	7500	-17.532214	-1966.845211
55	0.128420	7500	-16.978130	-1983.823341
56	0.121247	7500	-16.414651	-2000.237992
57	0.114320	7500	-15.857505	-2016.095498
58	0.107637	7500	-15.307193	-2031.402690
59	0.101193	7500	-14.763398	-2046.166089
60	0.094986	7500	-14.241935	-2060.408024
61	0.089014	7500	-13.711137	-2074.119160
62	0.083273	7500	-13.192871	-2087.312031
63	0.077760	7500	-12.661276	-2099.973308
64	0.072472	7500	-12.166133	-2112.139441
65	0.067406	7500	-11.664045	-2123.803486
66	0.062558	7500	-11.180219	-2134.983705
67	0.057926	7500	-10.706884	-2145.690590
68	0.053506	7500	-10.217948	-2155.908538
69	0.049295	7500	-9.733462	-2165.641999
70	0.045289	7500	-9.280122	-2174.922121
71	0.041485	7500	-8.825471	-2183.747592
72	0.037880	7500	-8.395296	-2192.142888
73	0.034469	7500	-8.006913	-2200.149801
74	0.031250	7500	-7.746884	-2207.896685
75	0.028218	7500	-7.856966	-2215.753651
76	0.025370	7500	-7.622729	-2223.376380
77	0.022702	7500	-6.961671	-2230.338052
78	0.020209	7500	-6.132264	-2236.470316
79	0.017889	7500	-6.505688	-2242.976004
80	0.015736	7500	-6.047110	-2249.023114
81	0.013746	7500	-5.564821	-2254.587935
82	0.011916	7500	-5.161049	-2259.748984
83	0.010240	7500	-4.671217	-2264.420200
84	0.008714	7500	-4.333527	-2268.753727
85	0.007334	7500	-3.900467	-2272.654193
86	0.006093	7500	-3.574667	-2276.228861
87	0.004988	7500	-3.203917	-2279.432777
88	0.004013	7500	-2.855273	-2282.288051
89	0.003162	7500	-2.509699	-2284.797749
90	0.002430	7500	-2.224823	-2287.022572
91	0.001810	7500	-1.905020	-2288.927592
92	0.001296	7500	-1.634402	-2290.561994
93	0.000882	7500	-1.355198	-2291.917192
94	0.000559	7500	-1.182253	-2293.099445
95	0.000320	7500	-0.798428	-2293.897874
96	0.000156	7500	-0.635214	-2294.533088
97	0.000057	7500	-0.349777	-2294.882865
98	0.000010	7500	-0.196697	-2295.079561
99	0.000000	7500	-0.045244	-2295.124805
Log marginal likelihood:	-2295.124805
0	0.975187	7500	-55.467796	-55.467796
1	0.950747	7500	-54.635005	-110.102801
2	0.926679	7500	-53.803764	-163.906566
3	0.902980	7500	-52.983070	-216.889636
4	0.879648	7500	-52.160573	-269.050209
5	0.856682	7500	-51.344421	-320.394630
6	0.834079	7500	-50.533438	-370.928068
7	0.811838	7500	-49.728114	-420.656182
8	0.789957	7500	-48.920987	-469.577169
9	0.768433	7500	-48.126806	-517.703975
10	0.747266	7500	-47.333355	-565.037331
11	0.726452	7500	-46.542443	-611.579774
12	0.705989	7500	-45.755943	-657.335717
13	0.685877	7500	-44.973864	-702.309581
14	0.666112	7500	-44.201255	-746.510836
15	0.646693	7500	-43.429359	-789.940195
16	0.627618	7500	-42.661302	-832.601496
17	0.608884	7500	-41.897829	-874.499325
18	0.590490	7500	-41.143606	-915.642931
19	0.572433	7500	-40.390441	-956.033372
20	0.554712	7500	-39.638109	-995.671481
21	0.537324	7500	-38.899952	-1034.571432
22	0.520268	7500	-38.158592	-1072.730024
23	0.503540	7500	-37.423163	-1110.153187
24	0.487139	7500	-36.691954	-1146.845140
25	0.471063	7500	-35.971900	-1182.817040
26	0.455310	7500	-35.250739	-1218.067779
27	0.439877	7500	-34.533891	-1252.601671
28	0.424762	7500	-33.829175	-1286.430846
29	0.409963	7500	-33.121375	-1319.552221
30	0.395478	7500	-32.422143	-1351.974364
31	0.381305	7500	-31.731825	-1383.706189
32	0.367440	7500	-31.034567	-1414.740756
33	0.353883	7500	-30.357280	-1445.098036
34	0.340630	7500	-29.673855	-1474.771890
35	0.327680	7500	-28.994364	-1503.766254
36	0.315030	7500	-28.331193	-1532.097447
37	0.302677	7500	-27.663640	-1559.761087
38	0.290619	7500	-27.007580	-1586.768667
39	0.278855	7500	-26.358432	-1613.127098
40	0.267381	7500	-25.710873	-1638.837972
41	0.256195	7500	-25.074015	-1663.911987
42	0.245294	7500	-24.428336	-1688.340323
43	0.234677	7500	-23.804182	-1712.144505
44	0.224340	7500	-23.182403	-1735.326908
45	0.214281	7500	-22.557598	-1757.884507
46	0.204498	7500	-21.944215	-1779.828722
47	0.194988	7500	-21.334574	-1801.163296
48	0.185749	7500	-20.734908	-1821.898204
49	0.176777	7500	-20.139424	-1842.037628
50	0.168070	7500	-19.542748	-1861.580376
51	0.159626	7500	-18.966453	-1880.546829
52	0.151441	7500	-18.391531	-1898.938359
53	0.143514	7500	-17.813120	-1916.751479
54	0.135841	7500	-17.253424	-1934.004902
55	0.128420	7500	-16.690871	-1950.695774
56	0.121247	7500	-16.134828	-1966.830602
57	0.114320	7500	-15.598880	-1982.429482
58	0.107637	7500	-15.055430	-1997.484911
59	0.101193	7500	-14.513391	-2011.998302
60	0.094986	7500	-14.000812	-2025.999114
61	0.089014	7500	-13.466686	-2039.465800
62	0.083273	7500	-12.953407	-2052.419207
63	0.077760	7500	-12.459281	-2064.878488
64	0.072472	7500	-11.954308	-2076.832796
65	0.067406	7500	-11.471064	-2088.303860
66	0.062558	7500	-10.980509	-2099.284369
67	0.057926	7500	-10.515688	-2109.800057
68	0.053506	7500	-10.043451	-2119.843507
69	0.049295	7500	-9.591503	-2129.435011
70	0.045289	7500	-9.138846	-2138.573857
71	0.041485	7500	-8.708657	-2147.282513
72	0.037880	7500	-8.391937	-2155.674450
73	0.034469	7500	-7.865172	-2163.539623
74	0.031250	7500	-7.512444	-2171.052067
75	0.028218	7500	-7.907511	-2178.959578
76	0.025370	7500	-7.268003	-2186.227581
77	0.022702	7500	-7.013949	-2193.241530
78	0.020209	7500	-6.465445	-2199.706975
79	0.017889	7500	-6.103538	-2205.810513
80	0.015736	7500	-5.877653	-2211.688166
81	0.013746	7500	-5.529884	-2217.218050
82	0.011916	7500	-5.155551	-2222.373601
83	0.010240	7500	-4.723789	-2227.097390
84	0.008714	7500	-4.287207	-2231.384598
85	0.007334	7500	-3.919166	-2235.303763
86	0.006093	7500	-3.562934	-2238.866698
87	0.004988	7500	-3.196825	-2242.063522
88	0.004013	7500	-2.873192	-2244.936714
89	0.003162	7500	-2.535430	-2247.472144
90	0.002430	7500	-2.214367	-2249.686511
91	0.001810	7500	-1.917923	-2251.604434
92	0.001296	7500	-1.605580	-2253.210014
93	0.000882	7500	-1.383240	-2254.593254
94	0.000559	7500	-1.098479	-2255.691734
95	0.000320	7500	-0.879985	-2256.571718
96	0.000156	7500	-0.603423	-2257.175141
97	0.000057	7500	-0.368396	-2257.543537
98	0.000010	7500	-0.179038	-2257.722575
99	0.000000	7500	-0.040759	-2257.763334
Log marginal likelihood:	-2257.763334
0	0.975187	7500	-56.279160	-56.279160
1	0.950747	7500	-55.430685	-111.709845
2	0.926679	7500	-54.588151	-166.297996
3	0.902980	7500	-53.752800	-220.050796
4	0.879648	7500	-52.918964	-272.969760
5	0.856682	7500	-52.091276	-325.061036
6	0.834079	7500	-51.267583	-376.328619
7	0.811838	7500	-50.446774	-426.775393
8	0.789957	7500	-49.637730	-476.413123
9	0.768433	7500	-48.825073	-525.238197
10	0.747266	7500	-48.019000	-573.257197
11	0.726452	7500	-47.217034	-620.474232
12	0.705989	7500	-46.422287	-666.896519
13	0.685877	7500	-45.629466	-712.525985
14	0.666112	7500	-44.842433	-757.368418
15	0.646693	7500	-44.059671	-801.428089
16	0.627618	7500	-43.286624	-844.714714
17	0.608884	7500	-42.507100	-887.221814
18	0.590490	7500	-41.738356	-928.960169
19	0.572433	7500	-40.975421	-969.935591
20	0.554712	7500	-40.213685	-1010.149276
21	0.537324	7500	-39.462851	-1049.612127
22	0.520268	7500	-38.716513	-1088.328640
23	0.503540	7500	-37.967698	-1126.296338
24	0.487139	7500	-37.225550	-1163.521887
25	0.471063	7500	-36.490107	-1200.011994
26	0.455310	7500	-35.764619	-1235.776613
27	0.439877	7500	-35.035999	-1270.812612
28	0.424762	7500	-34.321480	-1305.134091
29	0.409963	7500	-33.602476	-1338.736567
30	0.395478	7500	-32.896210	-1371.632777
31	0.381305	7500	-32.192210	-1403.824987
32	0.367440	7500	-31.495762	-1435.320748
33	0.353883	7500	-30.790180	-1466.110929
34	0.340630	7500	-30.108774	-1496.219703
35	0.327680	7500	-29.416693	-1525.636396
36	0.315030	7500	-28.748963	-1554.385358
37	0.302677	7500	-28.068423	-1582.453782
38	0.290619	7500	-27.401481	-1609.855263
39	0.278855	7500	-26.745674	-1636.600937
40	0.267381	7500	-26.084265	-1662.685202
41	0.256195	7500	-25.434193	-1688.119394
42	0.245294	7500	-24.777231	-1712.896626
43	0.234677	7500	-24.137843	-1737.034468
44	0.224340	7500	-23.513464	-1760.547932
45	0.214281	7500	-22.883576	-1783.431508
46	0.204498	7500	-22.262360	-1805.693867
47	0.194988	7500	-21.643706	-1827.337573
48	0.185749	7500	-21.034307	-1848.371881
49	0.176777	7500	-20.427084	-1868.798964
50	0.168070	7500	-19.831351	-1888.630315
51	0.159626	7500	-19.238840	-1907.869156
52	0.151441	7500	-18.648838	-1926.517994
53	0.143514	7500	-18.075603	-1944.593596
54	0.135841	7500	-17.500235	-1962.093832
55	0.128420	7500	-16.931559	-1979.025390
56	0.121247	7500	-16.366332	-1995.391722
57	0.114320	7500	-15.815970	-2011.207692
58	0.107637	7500	-15.269496	-2026.477189
59	0.101193	7500	-14.729038	-2041.206226
60	0.094986	7500	-14.194731	-2055.400958
61	0.089014	7500	-13.710555	-2069.111513
62	0.083273	7500	-13.153415	-2082.264927
63	0.077760	7500	-12.636074	-2094.901002
64	0.072472	7500	-12.138085	-2107.039087
65	0.067406	7500	-11.643303	-2118.682390
66	0.062558	7500	-11.137841	-2129.820230
67	0.057926	7500	-10.664143	-2140.484374
68	0.053506	7500	-10.198501	-2150.682875
69	0.049295	7500	-9.718821	-2160.401696
70	0.045289	7500	-9.267037	-2169.668733
71	0.041485	7500	-8.812453	-2178.481186
72	0.037880	7500	-8.376699	-2186.857884
73	0.034469	7500	-8.948570	-2195.806454
74	0.031250	7500	-8.215613	-2204.022067
75	0.028218	7500	-8.221423	-2212.243490
76	0.025370	7500	-6.995350	-2219.238841
77	0.022702	7500	-7.147840	-2226.386680
78	0.020209	7500	-6.473834	-2232.860514
79	0.017889	7500	-6.467679	-2239.328193
80	0.015736	7500	-5.881340	-2245.209533
81	0.013746	7500	-5.587759	-2250.797292
82	0.011916	7500	-5.156879	-2255.954171
83	0.010240	7500	-4.727944	-2260.682116
84	0.008714	7500	-4.337050	-2265.019166
85	0.007334	7500	-3.918653	-2268.937819
86	0.006093	7500	-3.566757	-2272.504576
87	0.004988	7500	-3.207891	-2275.712467
88	0.004013	7500	-2.853919	-2278.566386
89	0.003162	7500	-2.533994	-2281.100380
90	0.002430	7500	-2.215562	-2283.315942
91	0.001810	7500	-1.927584	-2285.243526
92	0.001296	7500	-1.659129	-2286.902655
93	0.000882	7500	-1.385646	-2288.288301
94	0.000559	7500	-1.106282	-2289.394583
95	0.000320	7500	-0.917158	-2290.311741
96	0.000156	7500	-0.641522	-2290.953262
97	0.000057	7500	-0.384938	-2291.338200
98	0.000010	7500	-0.180091	-2291.518292
99	0.000000	7500	-0.044668	-2291.562959
Log marginal likelihood:	-2291.562959
0	0.975187	7500	-56.041190	-56.041190
1	0.950747	7500	-55.200570	-111.241760
2	0.926679	7500	-54.363572	-165.605331
3	0.902980	7500	-53.528919	-219.134250
4	0.879648	7500	-52.701263	-271.835514
5	0.856682	7500	-51.878216	-323.713730
6	0.834079	7500	-51.057848	-374.771578
7	0.811838	7500	-50.242023	-425.013601
8	0.789957	7500	-49.434637	-474.448238
9	0.768433	7500	-48.623616	-523.071854
10	0.747266	7500	-47.818895	-570.890749
11	0.726452	7500	-47.021467	-617.912216
12	0.705989	7500	-46.231196	-664.143412
13	0.685877	7500	-45.442968	-709.586380
14	0.666112	7500	-44.659177	-754.245557
15	0.646693	7500	-43.876235	-798.121792
16	0.627618	7500	-43.102436	-841.224228
17	0.608884	7500	-42.335794	-883.560022
18	0.590490	7500	-41.568550	-925.128572
19	0.572433	7500	-40.807933	-965.936505
20	0.554712	7500	-40.052182	-1005.988687
21	0.537324	7500	-39.301492	-1045.290178
22	0.520268	7500	-38.553541	-1083.843720
23	0.503540	7500	-37.806739	-1121.650459
24	0.487139	7500	-37.073747	-1158.724206
25	0.471063	7500	-36.337640	-1195.061846
26	0.455310	7500	-35.616533	-1230.678379
27	0.439877	7500	-34.901160	-1265.579539
28	0.424762	7500	-34.175032	-1299.754571
29	0.409963	7500	-33.465341	-1333.219912
30	0.395478	7500	-32.756238	-1365.976150
31	0.381305	7500	-32.055968	-1398.032119
32	0.367440	7500	-31.360422	-1429.392540
33	0.353883	7500	-30.667415	-1460.059955
34	0.340630	7500	-29.977131	-1490.037086
35	0.327680	7500	-29.301767	-1519.338853
36	0.315030	7500	-28.620307	-1547.959160
37	0.302677	7500	-27.956442	-1575.915602
38	0.290619	7500	-27.286876	-1603.202478
39	0.278855	7500	-26.628659	-1629.831137
40	0.267381	7500	-25.976383	-1655.807520
41	0.256195	7500	-25.322269	-1681.129790
42	0.245294	7500	-24.686930	-1705.816719
43	0.234677	7500	-24.047632	-1729.864352
44	0.224340	7500	-23.416027	-1753.280378
45	0.214281	7500	-22.792166	-1776.072544
46	0.204498	7500	-22.176319	-1798.248864
47	0.194988	7500	-21.551466	-1819.800330
48	0.185749	7500	-20.954367	-1840.754696
49	0.176777	7500	-20.347907	-1861.102603
50	0.168070	7500	-19.748399	-1880.851003
51	0.159626	7500	-19.162278	-1900.013281
52	0.151441	7500	-18.572556	-1918.585837
53	0.143514	7500	-18.003833	-1936.589670
54	0.135841	7500	-17.425375	-1954.015046
55	0.128420	7500	-16.853933	-1970.868979
56	0.121247	7500	-16.295975	-1987.164954
57	0.114320	7500	-15.747931	-2002.912885
58	0.107637	7500	-15.216171	-2018.129057
59	0.101193	7500	-14.665151	-2032.794208
60	0.094986	7500	-14.144537	-2046.938745
61	0.089014	7500	-13.609610	-2060.548355
62	0.083273	7500	-13.095757	-2073.644113
63	0.077760	7500	-12.583538	-2086.227651
64	0.072472	7500	-12.076369	-2098.304020
65	0.067406	7500	-11.590090	-2109.894110
66	0.062558	7500	-11.093135	-2120.987245
67	0.057926	7500	-10.620871	-2131.608117
68	0.053506	7500	-10.155990	-2141.764107
69	0.049295	7500	-9.691418	-2151.455525
70	0.045289	7500	-9.214633	-2160.670158
71	0.041485	7500	-8.776654	-2169.446813
72	0.037880	7500	-8.398166	-2177.844979
73	0.034469	7500	-7.914343	-2185.759322
74	0.031250	7500	-7.633114	-2193.392436
75	0.028218	7500	-7.276414	-2200.668850
76	0.025370	7500	-7.323487	-2207.992337
77	0.022702	7500	-7.389761	-2215.382099
78	0.020209	7500	-6.674788	-2222.056887
79	0.017889	7500	-6.370416	-2228.427303
80	0.015736	7500	-6.025587	-2234.452891
81	0.013746	7500	-5.591990	-2240.044880
82	0.011916	7500	-5.140232	-2245.185112
83	0.010240	7500	-4.729569	-2249.914681
84	0.008714	7500	-4.322078	-2254.236759
85	0.007334	7500	-3.939291	-2258.176050
86	0.006093	7500	-3.545103	-2261.721152
87	0.004988	7500	-3.172216	-2264.893369
88	0.004013	7500	-2.849348	-2267.742717
89	0.003162	7500	-2.528746	-2270.271463
90	0.002430	7500	-2.202294	-2272.473758
91	0.001810	7500	-1.899447	-2274.373205
92	0.001296	7500	-1.603193	-2275.976397
93	0.000882	7500	-1.362230	-2277.338628
94	0.000559	7500	-1.125968	-2278.464595
95	0.000320	7500	-0.876167	-2279.340762
96	0.000156	7500	-0.612803	-2279.953565
97	0.000057	7500	-0.367301	-2280.320866
98	0.000010	7500	-0.210014	-2280.530880
99	0.000000	7500	-0.042511	-2280.573390
Log marginal likelihood:	-2280.573390
0	0.975187	7500	-56.280871	-56.280871
1	0.950747	7500	-55.437778	-111.718649
2	0.926679	7500	-54.594483	-166.313133
3	0.902980	7500	-53.759371	-220.072504
4	0.879648	7500	-52.922495	-272.994999
5	0.856682	7500	-52.101892	-325.096891
6	0.834079	7500	-51.274749	-376.371640
7	0.811838	7500	-50.455949	-426.827589
8	0.789957	7500	-49.644054	-476.471643
9	0.768433	7500	-48.830773	-525.302417
10	0.747266	7500	-48.024793	-573.327210
11	0.726452	7500	-47.228930	-620.556141
12	0.705989	7500	-46.426699	-666.982840
13	0.685877	7500	-45.638107	-712.620947
14	0.666112	7500	-44.849454	-757.470401
15	0.646693	7500	-44.068735	-801.539136
16	0.627618	7500	-43.291199	-844.830334
17	0.608884	7500	-42.514426	-887.344761
18	0.590490	7500	-41.745386	-929.090147
19	0.572433	7500	-40.979587	-970.069734
20	0.554712	7500	-40.220079	-1010.289813
21	0.537324	7500	-39.472814	-1049.762627
22	0.520268	7500	-38.719272	-1088.481899
23	0.503540	7500	-37.973744	-1126.455643
24	0.487139	7500	-37.232681	-1163.688324
25	0.471063	7500	-36.495784	-1200.184107
26	0.455310	7500	-35.768301	-1235.952409
27	0.439877	7500	-35.039904	-1270.992313
28	0.424762	7500	-34.326545	-1305.318857
29	0.409963	7500	-33.607828	-1338.926685
30	0.395478	7500	-32.897354	-1371.824039
31	0.381305	7500	-32.201179	-1404.025218
32	0.367440	7500	-31.492615	-1435.517833
33	0.353883	7500	-30.793179	-1466.311012
34	0.340630	7500	-30.107962	-1496.418974
35	0.327680	7500	-29.425595	-1525.844568
36	0.315030	7500	-28.746940	-1554.591509
37	0.302677	7500	-28.077671	-1582.669179
38	0.290619	7500	-27.405956	-1610.075135
39	0.278855	7500	-26.740858	-1636.815993
40	0.267381	7500	-26.090623	-1662.906616
41	0.256195	7500	-25.435889	-1688.342505
42	0.245294	7500	-24.793419	-1713.135924
43	0.234677	7500	-24.150886	-1737.286810
44	0.224340	7500	-23.515150	-1760.801960
45	0.214281	7500	-22.885524	-1783.687484
46	0.204498	7500	-22.265033	-1805.952517
47	0.194988	7500	-21.651989	-1827.604507
48	0.185749	7500	-21.043229	-1848.647736
49	0.176777	7500	-20.427973	-1869.075709
50	0.168070	7500	-19.838583	-1888.914292
51	0.159626	7500	-19.244249	-1908.158541
52	0.151441	7500	-18.658670	-1926.817211
53	0.143514	7500	-18.078298	-1944.895508
54	0.135841	7500	-17.509555	-1962.405063
55	0.128420	7500	-16.934737	-1979.339800
56	0.121247	7500	-16.374546	-1995.714346
57	0.114320	7500	-15.823001	-2011.537347
58	0.107637	7500	-15.269146	-2026.806493
59	0.101193	7500	-14.729239	-2041.535732
60	0.094986	7500	-14.189218	-2055.724949
61	0.089014	7500	-13.668052	-2069.393001
62	0.083273	7500	-13.152543	-2082.545544
63	0.077760	7500	-12.640010	-2095.185554
64	0.072472	7500	-12.148579	-2107.334133
65	0.067406	7500	-11.641002	-2118.975135
66	0.062558	7500	-11.141559	-2130.116694
67	0.057926	7500	-10.668919	-2140.785613
68	0.053506	7500	-10.144534	-2150.930147
69	0.049295	7500	-9.709872	-2160.640019
70	0.045289	7500	-9.277859	-2169.917878
71	0.041485	7500	-8.832453	-2178.750331
72	0.037880	7500	-8.383782	-2187.134114
73	0.034469	7500	-7.887292	-2195.021406
74	0.031250	7500	-7.510850	-2202.532255
75	0.028218	7500	-7.184460	-2209.716715
76	0.025370	7500	-7.491590	-2217.208305
77	0.022702	7500	-7.211562	-2224.419867
78	0.020209	7500	-6.942114	-2231.361981
79	0.017889	7500	-6.264541	-2237.626521
80	0.015736	7500	-5.949450	-2243.575971
81	0.013746	7500	-5.366426	-2248.942397
82	0.011916	7500	-5.156154	-2254.098551
83	0.010240	7500	-4.740596	-2258.839147
84	0.008714	7500	-4.307339	-2263.146486
85	0.007334	7500	-3.949773	-2267.096259
86	0.006093	7500	-3.554698	-2270.650957
87	0.004988	7500	-3.207555	-2273.858512
88	0.004013	7500	-2.880035	-2276.738547
89	0.003162	7500	-2.511612	-2279.250159
90	0.002430	7500	-2.195721	-2281.445880
91	0.001810	7500	-1.927687	-2283.373567
92	0.001296	7500	-1.639267	-2285.012834
93	0.000882	7500	-1.378460	-2286.391294
94	0.000559	7500	-1.133659	-2287.524953
95	0.000320	7500	-0.854999	-2288.379952
96	0.000156	7500	-0.620294	-2289.000246
97	0.000057	7500	-0.421750	-2289.421996
98	0.000010	7500	-0.170774	-2289.592769
99	0.000000	7500	-0.038576	-2289.631345
Log marginal likelihood:	-2289.631345
0	0.975187	7500	-55.670523	-55.670523
1	0.950747	7500	-54.833257	-110.503779
2	0.926679	7500	-54.004437	-164.508216
3	0.902980	7500	-53.176181	-217.684396
4	0.879648	7500	-52.352458	-270.036855
5	0.856682	7500	-51.533352	-321.570207
6	0.834079	7500	-50.721365	-372.291571
7	0.811838	7500	-49.911800	-422.203371
8	0.789957	7500	-49.102910	-471.306281
9	0.768433	7500	-48.304508	-519.610790
10	0.747266	7500	-47.506338	-567.117127
11	0.726452	7500	-46.715037	-613.832165
12	0.705989	7500	-45.922344	-659.754509
13	0.685877	7500	-45.144552	-704.899061
14	0.666112	7500	-44.363120	-749.262181
15	0.646693	7500	-43.588332	-792.850513
16	0.627618	7500	-42.823402	-835.673916
17	0.608884	7500	-42.053121	-877.727036
18	0.590490	7500	-41.296260	-919.023296
19	0.572433	7500	-40.539833	-959.563129
20	0.554712	7500	-39.785958	-999.349088
21	0.537324	7500	-39.042405	-1038.391493
22	0.520268	7500	-38.299198	-1076.690691
23	0.503540	7500	-37.561757	-1114.252448
24	0.487139	7500	-36.832849	-1151.085298
25	0.471063	7500	-36.100943	-1187.186240
26	0.455310	7500	-35.378844	-1222.565085
27	0.439877	7500	-34.668487	-1257.233572
28	0.424762	7500	-33.952944	-1291.186516
29	0.409963	7500	-33.245473	-1324.431989
30	0.395478	7500	-32.544557	-1356.976547
31	0.381305	7500	-31.847874	-1388.824421
32	0.367440	7500	-31.155939	-1419.980360
33	0.353883	7500	-30.466369	-1450.446729
34	0.340630	7500	-29.785886	-1480.232615
35	0.327680	7500	-29.110226	-1509.342841
36	0.315030	7500	-28.436780	-1537.779621
37	0.302677	7500	-27.773886	-1565.553507
38	0.290619	7500	-27.114009	-1592.667516
39	0.278855	7500	-26.458193	-1619.125709
40	0.267381	7500	-25.808180	-1644.933889
41	0.256195	7500	-25.162654	-1670.096543
42	0.245294	7500	-24.521546	-1694.618090
43	0.234677	7500	-23.888183	-1718.506273
44	0.224340	7500	-23.265338	-1741.771611
45	0.214281	7500	-22.640925	-1764.412536
46	0.204498	7500	-22.022406	-1786.434941
47	0.194988	7500	-21.411646	-1807.846588
48	0.185749	7500	-20.810895	-1828.657483
49	0.176777	7500	-20.213654	-1848.871137
50	0.168070	7500	-19.614615	-1868.485752
51	0.159626	7500	-19.031676	-1887.517428
52	0.151441	7500	-18.455186	-1905.972615
53	0.143514	7500	-17.880978	-1923.853593
54	0.135841	7500	-17.312748	-1941.166341
55	0.128420	7500	-16.757983	-1957.924324
56	0.121247	7500	-16.200713	-1974.125037
57	0.114320	7500	-15.649292	-1989.774329
58	0.107637	7500	-15.114235	-2004.888564
59	0.101193	7500	-14.587135	-2019.475700
60	0.094986	7500	-14.041744	-2033.517444
61	0.089014	7500	-13.519117	-2047.036560
62	0.083273	7500	-13.012142	-2060.048703
63	0.077760	7500	-12.495626	-2072.544329
64	0.072472	7500	-12.002671	-2084.547000
65	0.067406	7500	-11.513191	-2096.060191
66	0.062558	7500	-11.021611	-2107.081802
67	0.057926	7500	-10.551029	-2117.632832
68	0.053506	7500	-10.082094	-2127.714926
69	0.049295	7500	-9.615566	-2137.330492
70	0.045289	7500	-9.160737	-2146.491229
71	0.041485	7500	-8.729214	-2155.220442
72	0.037880	7500	-8.294788	-2163.515231
73	0.034469	7500	-7.873487	-2171.388718
74	0.031250	7500	-7.493061	-2178.881779
75	0.028218	7500	-7.306018	-2186.187797
76	0.025370	7500	-7.501451	-2193.689248
77	0.022702	7500	-7.077373	-2200.766621
78	0.020209	7500	-6.606998	-2207.373619
79	0.017889	7500	-6.146426	-2213.520045
80	0.015736	7500	-5.742524	-2219.262568
81	0.013746	7500	-5.563759	-2224.826327
82	0.011916	7500	-5.156667	-2229.982994
83	0.010240	7500	-4.689289	-2234.672283
84	0.008714	7500	-4.323725	-2238.996008
85	0.007334	7500	-3.938732	-2242.934740
86	0.006093	7500	-3.572682	-2246.507421
87	0.004988	7500	-3.169928	-2249.677349
88	0.004013	7500	-2.855094	-2252.532443
89	0.003162	7500	-2.502310	-2255.034752
90	0.002430	7500	-2.206756	-2257.241508
91	0.001810	7500	-1.910316	-2259.151824
92	0.001296	7500	-1.605222	-2260.757046
93	0.000882	7500	-1.412653	-2262.169699
94	0.000559	7500	-1.063357	-2263.233056
95	0.000320	7500	-0.853112	-2264.086168
96	0.000156	7500	-0.585114	-2264.671282
97	0.000057	7500	-0.429830	-2265.101111
98	0.000010	7500	-0.179913	-2265.281024
99	0.000000	7500	-0.039362	-2265.320386
Log marginal likelihood:	-2265.320386
0	0.975187	7500	-55.973540	-55.973540
1	0.950747	7500	-55.129070	-111.102610
2	0.926679	7500	-54.294433	-165.397043
3	0.902980	7500	-53.462526	-218.859569
4	0.879648	7500	-52.637606	-271.497175
5	0.856682	7500	-51.808465	-323.305640
6	0.834079	7500	-50.994879	-374.300519
7	0.811838	7500	-50.180456	-424.480975
8	0.789957	7500	-49.366621	-473.847596
9	0.768433	7500	-48.561290	-522.408886
10	0.747266	7500	-47.762308	-570.171194
11	0.726452	7500	-46.964099	-617.135293
12	0.705989	7500	-46.177718	-663.313011
13	0.685877	7500	-45.388130	-708.701141
14	0.666112	7500	-44.601141	-753.302282
15	0.646693	7500	-43.824815	-797.127096
16	0.627618	7500	-43.055587	-840.182683
17	0.608884	7500	-42.278732	-882.461415
18	0.590490	7500	-41.514568	-923.975983
19	0.572433	7500	-40.758145	-964.734128
20	0.554712	7500	-40.000706	-1004.734834
21	0.537324	7500	-39.252568	-1043.987403
22	0.520268	7500	-38.507892	-1082.495295
23	0.503540	7500	-37.762449	-1120.257744
24	0.487139	7500	-37.029051	-1157.286795
25	0.471063	7500	-36.297934	-1193.584729
26	0.455310	7500	-35.569478	-1229.154207
27	0.439877	7500	-34.855248	-1264.009456
28	0.424762	7500	-34.137017	-1298.146473
29	0.409963	7500	-33.426402	-1331.572875
30	0.395478	7500	-32.720382	-1364.293257
31	0.381305	7500	-32.018002	-1396.311259
32	0.367440	7500	-31.323655	-1427.634914
33	0.353883	7500	-30.624333	-1458.259247
34	0.340630	7500	-29.942794	-1488.202041
35	0.327680	7500	-29.269118	-1517.471159
36	0.315030	7500	-28.589088	-1546.060248
37	0.302677	7500	-27.919385	-1573.979633
38	0.290619	7500	-27.254770	-1601.234403
39	0.278855	7500	-26.597488	-1627.831891
40	0.267381	7500	-25.946481	-1653.778372
41	0.256195	7500	-25.296205	-1679.074577
42	0.245294	7500	-24.649856	-1703.724433
43	0.234677	7500	-24.019795	-1727.744227
44	0.224340	7500	-23.391070	-1751.135298
45	0.214281	7500	-22.768084	-1773.903382
46	0.204498	7500	-22.148927	-1796.052309
47	0.194988	7500	-21.531301	-1817.583610
48	0.185749	7500	-20.923999	-1838.507609
49	0.176777	7500	-20.323715	-1858.831324
50	0.168070	7500	-19.725217	-1878.556541
51	0.159626	7500	-19.139027	-1897.695568
52	0.151441	7500	-18.560528	-1916.256095
53	0.143514	7500	-17.971923	-1934.228019
54	0.135841	7500	-17.404400	-1951.632419
55	0.128420	7500	-16.844463	-1968.476882
56	0.121247	7500	-16.272012	-1984.748894
57	0.114320	7500	-15.737634	-2000.486528
58	0.107637	7500	-15.182608	-2015.669136
59	0.101193	7500	-14.642553	-2030.311688
60	0.094986	7500	-14.128304	-2044.439992
61	0.089014	7500	-13.592894	-2058.032886
62	0.083273	7500	-13.067083	-2071.099969
63	0.077760	7500	-12.571566	-2083.671535
64	0.072472	7500	-12.054727	-2095.726262
65	0.067406	7500	-11.586286	-2107.312548
66	0.062558	7500	-11.100599	-2118.413147
67	0.057926	7500	-10.607263	-2129.020410
68	0.053506	7500	-10.139421	-2139.159832
69	0.049295	7500	-9.662674	-2148.822505
70	0.045289	7500	-9.192559	-2158.015064
71	0.041485	7500	-8.769225	-2166.784290
72	0.037880	7500	-8.341732	-2175.126021
73	0.034469	7500	-8.091087	-2183.217109
74	0.031250	7500	-8.221130	-2191.438238
75	0.028218	7500	-7.760013	-2199.198251
76	0.025370	7500	-7.472593	-2206.670844
77	0.022702	7500	-7.058469	-2213.729313
78	0.020209	7500	-6.558668	-2220.287981
79	0.017889	7500	-6.374386	-2226.662367
80	0.015736	7500	-5.949226	-2232.611593
81	0.013746	7500	-5.422222	-2238.033815
82	0.011916	7500	-5.156872	-2243.190688
83	0.010240	7500	-4.729304	-2247.919992
84	0.008714	7500	-4.333069	-2252.253061
85	0.007334	7500	-3.938094	-2256.191155
86	0.006093	7500	-3.565217	-2259.756372
87	0.004988	7500	-3.192434	-2262.948807
88	0.004013	7500	-2.860859	-2265.809665
89	0.003162	7500	-2.519183	-2268.328848
90	0.002430	7500	-2.195521	-2270.524369
91	0.001810	7500	-1.934634	-2272.459003
92	0.001296	7500	-1.633325	-2274.092328
93	0.000882	7500	-1.335492	-2275.427821
94	0.000559	7500	-1.097663	-2276.525484
95	0.000320	7500	-0.876009	-2277.401492
96	0.000156	7500	-0.611937	-2278.013429
97	0.000057	7500	-0.433342	-2278.446771
98	0.000010	7500	-0.168182	-2278.614953
99	0.000000	7500	-0.039604	-2278.654557
Log marginal likelihood:	-2278.654557
0	0.975187	7500	-55.969926	-55.969926
1	0.950747	7500	-55.128910	-111.098836
2	0.926679	7500	-54.296454	-165.395290
3	0.902980	7500	-53.464408	-218.859698
4	0.879648	7500	-52.635895	-271.495592
5	0.856682	7500	-51.810127	-323.305720
6	0.834079	7500	-50.994359	-374.300079
7	0.811838	7500	-50.181079	-424.481158
8	0.789957	7500	-49.369785	-473.850943
9	0.768433	7500	-48.566852	-522.417796
10	0.747266	7500	-47.760868	-570.178664
11	0.726452	7500	-46.965899	-617.144562
12	0.705989	7500	-46.174677	-663.319239
13	0.685877	7500	-45.385822	-708.705061
14	0.666112	7500	-44.602828	-753.307889
15	0.646693	7500	-43.827401	-797.135291
16	0.627618	7500	-43.048053	-840.183344
17	0.608884	7500	-42.282378	-882.465722
18	0.590490	7500	-41.520213	-923.985934
19	0.572433	7500	-40.757375	-964.743310
20	0.554712	7500	-40.007954	-1004.751264
21	0.537324	7500	-39.250175	-1044.001439
22	0.520268	7500	-38.505869	-1082.507308
23	0.503540	7500	-37.761738	-1120.269046
24	0.487139	7500	-37.030528	-1157.299575
25	0.471063	7500	-36.299158	-1193.598732
26	0.455310	7500	-35.575571	-1229.174303
27	0.439877	7500	-34.852596	-1264.026899
28	0.424762	7500	-34.137912	-1298.164812
29	0.409963	7500	-33.425640	-1331.590451
30	0.395478	7500	-32.719225	-1364.309676
31	0.381305	7500	-32.014256	-1396.323932
32	0.367440	7500	-31.315944	-1427.639876
33	0.353883	7500	-30.630452	-1458.270328
34	0.340630	7500	-29.943465	-1488.213792
35	0.327680	7500	-29.265761	-1517.479554
36	0.315030	7500	-28.588915	-1546.068468
37	0.302677	7500	-27.916096	-1573.984564
38	0.290619	7500	-27.253825	-1601.238388
39	0.278855	7500	-26.598969	-1627.837357
40	0.267381	7500	-25.942674	-1653.780031
41	0.256195	7500	-25.293839	-1679.073870
42	0.245294	7500	-24.653666	-1703.727536
43	0.234677	7500	-24.012438	-1727.739974
44	0.224340	7500	-23.387174	-1751.127147
45	0.214281	7500	-22.770982	-1773.898129
46	0.204498	7500	-22.144504	-1796.042634
47	0.194988	7500	-21.527852	-1817.570486
48	0.185749	7500	-20.923338	-1838.493824
49	0.176777	7500	-20.322880	-1858.816704
50	0.168070	7500	-19.723573	-1878.540278
51	0.159626	7500	-19.132121	-1897.672398
52	0.151441	7500	-18.555544	-1916.227942
53	0.143514	7500	-17.976013	-1934.203955
54	0.135841	7500	-17.406749	-1951.610704
55	0.128420	7500	-16.843492	-1968.454196
56	0.121247	7500	-16.277182	-1984.731378
57	0.114320	7500	-15.784274	-2000.515652
58	0.107637	7500	-15.194091	-2015.709742
59	0.101193	7500	-14.667298	-2030.377040
60	0.094986	7500	-14.117934	-2044.494974
61	0.089014	7500	-13.614380	-2058.109354
62	0.083273	7500	-13.083439	-2071.192793
63	0.077760	7500	-12.569445	-2083.762238
64	0.072472	7500	-12.059048	-2095.821286
65	0.067406	7500	-11.572380	-2107.393666
66	0.062558	7500	-11.076085	-2118.469751
67	0.057926	7500	-10.607035	-2129.076786
68	0.053506	7500	-10.129998	-2139.206784
69	0.049295	7500	-9.659435	-2148.866219
70	0.045289	7500	-9.222589	-2158.088809
71	0.041485	7500	-8.768567	-2166.857376
72	0.037880	7500	-8.341221	-2175.198597
73	0.034469	7500	-7.903218	-2183.101815
74	0.031250	7500	-7.519906	-2190.621721
75	0.028218	7500	-7.174265	-2197.795986
76	0.025370	7500	-6.699245	-2204.495232
77	0.022702	7500	-7.370603	-2211.865835
78	0.020209	7500	-6.632637	-2218.498471
79	0.017889	7500	-6.415260	-2224.913731
80	0.015736	7500	-5.722886	-2230.636617
81	0.013746	7500	-5.483045	-2236.119662
82	0.011916	7500	-5.165470	-2241.285132
83	0.010240	7500	-4.738055	-2246.023188
84	0.008714	7500	-4.336087	-2250.359274
85	0.007334	7500	-3.947594	-2254.306868
86	0.006093	7500	-3.557207	-2257.864075
87	0.004988	7500	-3.199387	-2261.063462
88	0.004013	7500	-2.867350	-2263.930813
89	0.003162	7500	-2.545915	-2266.476727
90	0.002430	7500	-2.200467	-2268.677194
91	0.001810	7500	-1.895474	-2270.572668
92	0.001296	7500	-1.675540	-2272.248208
93	0.000882	7500	-1.420368	-2273.668576
94	0.000559	7500	-1.076134	-2274.744709
95	0.000320	7500	-0.812499	-2275.557208
96	0.000156	7500	-0.646734	-2276.203942
97	0.000057	7500	-0.428918	-2276.632859
98	0.000010	7500	-0.199367	-2276.832226
99	0.000000	7500	-0.042113	-2276.874339
Log marginal likelihood:	-2276.874339
0	0.975187	7500	-56.006517	-56.006517
1	0.950747	7500	-55.161579	-111.168097
2	0.926679	7500	-54.327212	-165.495309
3	0.902980	7500	-53.497033	-218.992342
4	0.879648	7500	-52.668607	-271.660948
5	0.856682	7500	-51.844080	-323.505029
6	0.834079	7500	-51.025526	-374.530554
7	0.811838	7500	-50.209822	-424.740377
8	0.789957	7500	-49.400612	-474.140989
9	0.768433	7500	-48.598885	-522.739874
10	0.747266	7500	-47.793569	-570.533443
11	0.726452	7500	-46.995586	-617.529028
12	0.705989	7500	-46.205697	-663.734726
13	0.685877	7500	-45.419025	-709.153751
14	0.666112	7500	-44.634283	-753.788033
15	0.646693	7500	-43.858447	-797.646481
16	0.627618	7500	-43.076187	-840.722668
17	0.608884	7500	-42.310009	-883.032676
18	0.590490	7500	-41.541599	-924.574276
19	0.572433	7500	-40.782810	-965.357085
20	0.554712	7500	-40.029879	-1005.386964
21	0.537324	7500	-39.274530	-1044.661494
22	0.520268	7500	-38.531295	-1083.192788
23	0.503540	7500	-37.788332	-1120.981120
24	0.487139	7500	-37.052583	-1158.033703
25	0.471063	7500	-36.319757	-1194.353460
26	0.455310	7500	-35.596403	-1229.949863
27	0.439877	7500	-34.870724	-1264.820587
28	0.424762	7500	-34.158700	-1298.979287
29	0.409963	7500	-33.443162	-1332.422449
30	0.395478	7500	-32.735973	-1365.158422
31	0.381305	7500	-32.035747	-1397.194169
32	0.367440	7500	-31.337940	-1428.532109
33	0.353883	7500	-30.646442	-1459.178551
34	0.340630	7500	-29.964483	-1489.143033
35	0.327680	7500	-29.285749	-1518.428782
36	0.315030	7500	-28.608768	-1547.037550
37	0.302677	7500	-27.936959	-1574.974510
38	0.290619	7500	-27.276782	-1602.251291
39	0.278855	7500	-26.614409	-1628.865700
40	0.267381	7500	-25.956409	-1654.822109
41	0.256195	7500	-25.315459	-1680.137568
42	0.245294	7500	-24.672979	-1704.810547
43	0.234677	7500	-24.030246	-1728.840793
44	0.224340	7500	-23.397223	-1752.238016
45	0.214281	7500	-22.775923	-1775.013939
46	0.204498	7500	-22.155733	-1797.169672
47	0.194988	7500	-21.545335	-1818.715007
48	0.185749	7500	-20.930729	-1839.645736
49	0.176777	7500	-20.327395	-1859.973131
50	0.168070	7500	-19.736598	-1879.709729
51	0.159626	7500	-19.143189	-1898.852918
52	0.151441	7500	-18.561650	-1917.414568
53	0.143514	7500	-17.990172	-1935.404740
54	0.135841	7500	-17.419503	-1952.824243
55	0.128420	7500	-16.847634	-1969.671877
56	0.121247	7500	-16.286201	-1985.958078
57	0.114320	7500	-15.749690	-2001.707768
58	0.107637	7500	-15.200937	-2016.908705
59	0.101193	7500	-14.655839	-2031.564544
60	0.094986	7500	-14.146319	-2045.710863
61	0.089014	7500	-13.611444	-2059.322308
62	0.083273	7500	-13.104935	-2072.427242
63	0.077760	7500	-12.581727	-2085.008969
64	0.072472	7500	-12.076489	-2097.085459
65	0.067406	7500	-11.585801	-2108.671259
66	0.062558	7500	-11.091924	-2119.763184
67	0.057926	7500	-10.615608	-2130.378792
68	0.053506	7500	-10.132281	-2140.511073
69	0.049295	7500	-9.663654	-2150.174727
70	0.045289	7500	-9.217319	-2159.392046
71	0.041485	7500	-8.765059	-2168.157105
72	0.037880	7500	-8.353832	-2176.510937
73	0.034469	7500	-7.920079	-2184.431015
74	0.031250	7500	-8.184012	-2192.615027
75	0.028218	7500	-7.765525	-2200.380553
76	0.025370	7500	-7.881319	-2208.261872
77	0.022702	7500	-7.032769	-2215.294641
78	0.020209	7500	-6.446421	-2221.741062
79	0.017889	7500	-6.163726	-2227.904788
80	0.015736	7500	-5.574830	-2233.479617
81	0.013746	7500	-5.586381	-2239.065998
82	0.011916	7500	-5.157075	-2244.223073
83	0.010240	7500	-4.748437	-2248.971510
84	0.008714	7500	-4.346691	-2253.318201
85	0.007334	7500	-3.936721	-2257.254922
86	0.006093	7500	-3.526381	-2260.781303
87	0.004988	7500	-3.177995	-2263.959298
88	0.004013	7500	-2.862478	-2266.821776
89	0.003162	7500	-2.528503	-2269.350279
90	0.002430	7500	-2.195204	-2271.545483
91	0.001810	7500	-1.931206	-2273.476689
92	0.001296	7500	-1.635927	-2275.112617
93	0.000882	7500	-1.375167	-2276.487784
94	0.000559	7500	-1.099239	-2277.587023
95	0.000320	7500	-0.868687	-2278.455710
96	0.000156	7500	-0.697189	-2279.152899
97	0.000057	7500	-0.397506	-2279.550405
98	0.000010	7500	-0.181235	-2279.731640
99	0.000000	7500	-0.037681	-2279.769321
Log marginal likelihood:	-2279.769321
0	0.975187	7500	-56.246457	-56.246457
1	0.950747	7500	-55.401206	-111.647663
2	0.926679	7500	-54.562815	-166.210478
3	0.902980	7500	-53.725010	-219.935488
4	0.879648	7500	-52.891548	-272.827036
5	0.856682	7500	-52.068048	-324.895085
6	0.834079	7500	-51.244002	-376.139087
7	0.811838	7500	-50.421950	-426.561037
8	0.789957	7500	-49.608987	-476.170024
9	0.768433	7500	-48.801325	-524.971349
10	0.747266	7500	-47.996687	-572.968036
11	0.726452	7500	-47.199187	-620.167223
12	0.705989	7500	-46.397843	-666.565066
13	0.685877	7500	-45.604614	-712.169680
14	0.666112	7500	-44.819140	-756.988820
15	0.646693	7500	-44.035325	-801.024145
16	0.627618	7500	-43.262669	-844.286814
17	0.608884	7500	-42.486383	-886.773197
18	0.590490	7500	-41.722758	-928.495955
19	0.572433	7500	-40.954477	-969.450432
20	0.554712	7500	-40.195430	-1009.645862
21	0.537324	7500	-39.442293	-1049.088155
22	0.520268	7500	-38.692057	-1087.780212
23	0.503540	7500	-37.949027	-1125.729239
24	0.487139	7500	-37.211528	-1162.940767
25	0.471063	7500	-36.473767	-1199.414535
26	0.455310	7500	-35.747468	-1235.162003
27	0.439877	7500	-35.022392	-1270.184395
28	0.424762	7500	-34.297780	-1304.482175
29	0.409963	7500	-33.586763	-1338.068937
30	0.395478	7500	-32.879007	-1370.947945
31	0.381305	7500	-32.172355	-1403.120300
32	0.367440	7500	-31.473786	-1434.594086
33	0.353883	7500	-30.781748	-1465.375834
34	0.340630	7500	-30.087640	-1495.463474
35	0.327680	7500	-29.404361	-1524.867835
36	0.315030	7500	-28.730909	-1553.598743
37	0.302677	7500	-28.056746	-1581.655489
38	0.290619	7500	-27.395819	-1609.051308
39	0.278855	7500	-26.725139	-1635.776447
40	0.267381	7500	-26.069041	-1661.845488
41	0.256195	7500	-25.419714	-1687.265202
42	0.245294	7500	-24.770990	-1712.036192
43	0.234677	7500	-24.135125	-1736.171316
44	0.224340	7500	-23.509317	-1759.680633
45	0.214281	7500	-22.874639	-1782.555272
46	0.204498	7500	-22.253342	-1804.808614
47	0.194988	7500	-21.630538	-1826.439152
48	0.185749	7500	-21.020613	-1847.459764
49	0.176777	7500	-20.423655	-1867.883420
50	0.168070	7500	-19.823514	-1887.706934
51	0.159626	7500	-19.230316	-1906.937250
52	0.151441	7500	-18.634387	-1925.571637
53	0.143514	7500	-18.068232	-1943.639869
54	0.135841	7500	-17.485714	-1961.125583
55	0.128420	7500	-16.920021	-1978.045605
56	0.121247	7500	-16.357896	-1994.403501
57	0.114320	7500	-15.806311	-2010.209812
58	0.107637	7500	-15.257654	-2025.467465
59	0.101193	7500	-14.717505	-2040.184970
60	0.094986	7500	-14.191109	-2054.376079
61	0.089014	7500	-13.647321	-2068.023400
62	0.083273	7500	-13.143059	-2081.166459
63	0.077760	7500	-12.631562	-2093.798021
64	0.072472	7500	-12.129108	-2105.927128
65	0.067406	7500	-11.630033	-2117.557161
66	0.062558	7500	-11.141015	-2128.698176
67	0.057926	7500	-10.660180	-2139.358356
68	0.053506	7500	-10.181706	-2149.540061
69	0.049295	7500	-9.732724	-2159.272786
70	0.045289	7500	-9.258012	-2168.530798
71	0.041485	7500	-8.782090	-2177.312887
72	0.037880	7500	-8.351643	-2185.664531
73	0.034469	7500	-7.899760	-2193.564291
74	0.031250	7500	-7.599449	-2201.163740
75	0.028218	7500	-7.578157	-2208.741897
76	0.025370	7500	-7.785238	-2216.527135
77	0.022702	7500	-7.422081	-2223.949216
78	0.020209	7500	-6.948307	-2230.897523
79	0.017889	7500	-6.486580	-2237.384103
80	0.015736	7500	-5.980318	-2243.364421
81	0.013746	7500	-5.458667	-2248.823089
82	0.011916	7500	-5.139204	-2253.962293
83	0.010240	7500	-4.739637	-2258.701929
84	0.008714	7500	-4.329739	-2263.031668
85	0.007334	7500	-3.931962	-2266.963630
86	0.006093	7500	-3.554522	-2270.518152
87	0.004988	7500	-3.206023	-2273.724175
88	0.004013	7500	-2.853798	-2276.577973
89	0.003162	7500	-2.524869	-2279.102842
90	0.002430	7500	-2.220978	-2281.323820
91	0.001810	7500	-1.898777	-2283.222597
92	0.001296	7500	-1.652563	-2284.875160
93	0.000882	7500	-1.330481	-2286.205641
94	0.000559	7500	-1.065722	-2287.271363
95	0.000320	7500	-0.852946	-2288.124309
96	0.000156	7500	-0.591747	-2288.716056
97	0.000057	7500	-0.400459	-2289.116515
98	0.000010	7500	-0.202863	-2289.319377
99	0.000000	7500	-0.042056	-2289.361433
Log marginal likelihood:	-2289.361433
0	0.975187	7500	-55.466520	-55.466520
1	0.950747	7500	-54.638335	-110.104856
2	0.926679	7500	-53.805111	-163.909967
3	0.902980	7500	-52.985653	-216.895620
4	0.879648	7500	-52.166535	-269.062155
5	0.856682	7500	-51.348109	-320.410264
6	0.834079	7500	-50.533995	-370.944259
7	0.811838	7500	-49.728533	-420.672792
8	0.789957	7500	-48.924924	-469.597717
9	0.768433	7500	-48.128448	-517.726164
10	0.747266	7500	-47.334974	-565.061138
11	0.726452	7500	-46.550583	-611.611721
12	0.705989	7500	-45.761998	-657.373719
13	0.685877	7500	-44.975970	-702.349689
14	0.666112	7500	-44.203668	-746.553357
15	0.646693	7500	-43.427800	-789.981158
16	0.627618	7500	-42.666973	-832.648131
17	0.608884	7500	-41.898575	-874.546705
18	0.590490	7500	-41.143294	-915.689999
19	0.572433	7500	-40.394911	-956.084910
20	0.554712	7500	-39.644047	-995.728958
21	0.537324	7500	-38.898467	-1034.627425
22	0.520268	7500	-38.155417	-1072.782842
23	0.503540	7500	-37.416887	-1110.199730
24	0.487139	7500	-36.686493	-1146.886222
25	0.471063	7500	-35.961669	-1182.847891
26	0.455310	7500	-35.250870	-1218.098761
27	0.439877	7500	-34.542902	-1252.641664
28	0.424762	7500	-33.832166	-1286.473830
29	0.409963	7500	-33.121347	-1319.595177
30	0.395478	7500	-32.422472	-1352.017649
31	0.381305	7500	-31.731220	-1383.748870
32	0.367440	7500	-31.042652	-1414.791522
33	0.353883	7500	-30.355024	-1445.146545
34	0.340630	7500	-29.676089	-1474.822634
35	0.327680	7500	-29.000526	-1503.823160
36	0.315030	7500	-28.336453	-1532.159613
37	0.302677	7500	-27.672380	-1559.831993
38	0.290619	7500	-27.015449	-1586.847441
39	0.278855	7500	-26.365424	-1613.212865
40	0.267381	7500	-25.711142	-1638.924007
41	0.256195	7500	-25.074723	-1663.998729
42	0.245294	7500	-24.435684	-1688.434413
43	0.234677	7500	-23.810604	-1712.245017
44	0.224340	7500	-23.173741	-1735.418759
45	0.214281	7500	-22.552299	-1757.971058
46	0.204498	7500	-21.936041	-1779.907098
47	0.194988	7500	-21.340776	-1801.247875
48	0.185749	7500	-20.736356	-1821.984231
49	0.176777	7500	-20.146591	-1842.130822
50	0.168070	7500	-19.546399	-1861.677220
51	0.159626	7500	-18.969122	-1880.646342
52	0.151441	7500	-18.385264	-1899.031606
53	0.143514	7500	-17.823991	-1916.855597
54	0.135841	7500	-17.252341	-1934.107938
55	0.128420	7500	-16.683457	-1950.791395
56	0.121247	7500	-16.141804	-1966.933199
57	0.114320	7500	-15.595871	-1982.529070
58	0.107637	7500	-15.045692	-1997.574763
59	0.101193	7500	-14.516543	-2012.091306
60	0.094986	7500	-13.993948	-2026.085254
61	0.089014	7500	-13.463942	-2039.549196
62	0.083273	7500	-12.955312	-2052.504508
63	0.077760	7500	-12.442769	-2064.947277
64	0.072472	7500	-11.954503	-2076.901780
65	0.067406	7500	-11.468563	-2088.370343
66	0.062558	7500	-10.982264	-2099.352608
67	0.057926	7500	-10.492462	-2109.845069
68	0.053506	7500	-10.044845	-2119.889914
69	0.049295	7500	-9.565392	-2129.455306
70	0.045289	7500	-9.114439	-2138.569745
71	0.041485	7500	-8.648395	-2147.218140
72	0.037880	7500	-8.250975	-2155.469116
73	0.034469	7500	-7.916043	-2163.385159
74	0.031250	7500	-8.069591	-2171.454749
75	0.028218	7500	-6.999524	-2178.454274
76	0.025370	7500	-7.338257	-2185.792531
77	0.022702	7500	-6.796011	-2192.588542
78	0.020209	7500	-6.439603	-2199.028145
79	0.017889	7500	-6.483350	-2205.511495
80	0.015736	7500	-6.023881	-2211.535376
81	0.013746	7500	-5.576249	-2217.111625
82	0.011916	7500	-5.145044	-2222.256669
83	0.010240	7500	-4.725728	-2226.982397
84	0.008714	7500	-4.328219	-2231.310615
85	0.007334	7500	-3.937521	-2235.248136
86	0.006093	7500	-3.542798	-2238.790934
87	0.004988	7500	-3.183616	-2241.974551
88	0.004013	7500	-2.866299	-2244.840849
89	0.003162	7500	-2.511368	-2247.352218
90	0.002430	7500	-2.215937	-2249.568155
91	0.001810	7500	-1.914127	-2251.482282
92	0.001296	7500	-1.600413	-2253.082695
93	0.000882	7500	-1.351985	-2254.434680
94	0.000559	7500	-1.078671	-2255.513351
95	0.000320	7500	-0.868212	-2256.381563
96	0.000156	7500	-0.600929	-2256.982492
97	0.000057	7500	-0.370017	-2257.352509
98	0.000010	7500	-0.199187	-2257.551697
99	0.000000	7500	-0.040142	-2257.591839
Log marginal likelihood:	-2257.591839
0	0.975187	7500	-55.779004	-55.779004
1	0.950747	7500	-54.938339	-110.717343
2	0.926679	7500	-54.105213	-164.822557
3	0.902980	7500	-53.276889	-218.099445
4	0.879648	7500	-52.456657	-270.556102
5	0.856682	7500	-51.634116	-322.190218
6	0.834079	7500	-50.818235	-373.008453
7	0.811838	7500	-50.007008	-423.015461
8	0.789957	7500	-49.197003	-472.212464
9	0.768433	7500	-48.393668	-520.606132
10	0.747266	7500	-47.595376	-568.201508
11	0.726452	7500	-46.799839	-615.001347
12	0.705989	7500	-46.010647	-661.011994
13	0.685877	7500	-45.227213	-706.239206
14	0.666112	7500	-44.446431	-750.685638
15	0.646693	7500	-43.670219	-794.355857
16	0.627618	7500	-42.905993	-837.261850
17	0.608884	7500	-42.136679	-879.398528
18	0.590490	7500	-41.376122	-920.774650
19	0.572433	7500	-40.615427	-961.390077
20	0.554712	7500	-39.862811	-1001.252888
21	0.537324	7500	-39.116795	-1040.369683
22	0.520268	7500	-38.369804	-1078.739487
23	0.503540	7500	-37.634087	-1116.373574
24	0.487139	7500	-36.902504	-1153.276078
25	0.471063	7500	-36.168469	-1189.444547
26	0.455310	7500	-35.449469	-1224.894015
27	0.439877	7500	-34.729810	-1259.623826
28	0.424762	7500	-34.017512	-1293.641338
29	0.409963	7500	-33.310041	-1326.951379
30	0.395478	7500	-32.602988	-1359.554367
31	0.381305	7500	-31.905559	-1391.459925
32	0.367440	7500	-31.211177	-1422.671102
33	0.353883	7500	-30.522840	-1453.193942
34	0.340630	7500	-29.844850	-1483.038793
35	0.327680	7500	-29.165532	-1512.204325
36	0.315030	7500	-28.493708	-1540.698032
37	0.302677	7500	-27.822968	-1568.521001
38	0.290619	7500	-27.158799	-1595.679800
39	0.278855	7500	-26.506406	-1622.186206
40	0.267381	7500	-25.856035	-1648.042241
41	0.256195	7500	-25.211525	-1673.253766
42	0.245294	7500	-24.572888	-1697.826654
43	0.234677	7500	-23.939552	-1721.766205
44	0.224340	7500	-23.306382	-1745.072588
45	0.214281	7500	-22.689042	-1767.761629
46	0.204498	7500	-22.064033	-1789.825662
47	0.194988	7500	-21.455746	-1811.281408
48	0.185749	7500	-20.850829	-1832.132237
49	0.176777	7500	-20.248329	-1852.380566
50	0.168070	7500	-19.654964	-1872.035530
51	0.159626	7500	-19.068076	-1891.103605
52	0.151441	7500	-18.494193	-1909.597798
53	0.143514	7500	-17.916343	-1927.514141
54	0.135841	7500	-17.344091	-1944.858232
55	0.128420	7500	-16.777698	-1961.635930
56	0.121247	7500	-16.230208	-1977.866138
57	0.114320	7500	-15.670483	-1993.536621
58	0.107637	7500	-15.131980	-2008.668601
59	0.101193	7500	-14.593850	-2023.262451
60	0.094986	7500	-14.077887	-2037.340338
61	0.089014	7500	-13.567178	-2050.907515
62	0.083273	7500	-13.023431	-2063.930946
63	0.077760	7500	-12.510067	-2076.441013
64	0.072472	7500	-12.019805	-2088.460818
65	0.067406	7500	-11.533965	-2099.994784
66	0.062558	7500	-11.044149	-2111.038932
67	0.057926	7500	-10.580710	-2121.619642
68	0.053506	7500	-10.088630	-2131.708272
69	0.049295	7500	-9.653918	-2141.362189
70	0.045289	7500	-9.176896	-2150.539085
71	0.041485	7500	-8.737342	-2159.276426
72	0.037880	7500	-8.312233	-2167.588659
73	0.034469	7500	-7.874080	-2175.462739
74	0.031250	7500	-8.211070	-2183.673809
75	0.028218	7500	-7.062705	-2190.736514
76	0.025370	7500	-6.804850	-2197.541365
77	0.022702	7500	-7.412779	-2204.954144
78	0.020209	7500	-6.680356	-2211.634500
79	0.017889	7500	-6.473954	-2218.108454
80	0.015736	7500	-5.985106	-2224.093559
81	0.013746	7500	-5.560802	-2229.654361
82	0.011916	7500	-5.131613	-2234.785974
83	0.010240	7500	-4.726016	-2239.511991
84	0.008714	7500	-4.334933	-2243.846924
85	0.007334	7500	-3.936443	-2247.783367
86	0.006093	7500	-3.568314	-2251.351681
87	0.004988	7500	-3.205511	-2254.557192
88	0.004013	7500	-2.846249	-2257.403440
89	0.003162	7500	-2.510408	-2259.913848
90	0.002430	7500	-2.202374	-2262.116222
91	0.001810	7500	-1.915833	-2264.032055
92	0.001296	7500	-1.647697	-2265.679752
93	0.000882	7500	-1.320375	-2267.000127
94	0.000559	7500	-1.095524	-2268.095651
95	0.000320	7500	-0.839463	-2268.935115
96	0.000156	7500	-0.553110	-2269.488225
97	0.000057	7500	-0.396748	-2269.884973
98	0.000010	7500	-0.222934	-2270.107907
99	0.000000	7500	-0.042134	-2270.150041
Log marginal likelihood:	-2270.150041
0	0.975187	7500	-56.125475	-56.125475
1	0.950747	7500	-55.280595	-111.406070
2	0.926679	7500	-54.441663	-165.847733
3	0.902980	7500	-53.606361	-219.454094
4	0.879648	7500	-52.779097	-272.233190
5	0.856682	7500	-51.953623	-324.186813
6	0.834079	7500	-51.133262	-375.320075
7	0.811838	7500	-50.317455	-425.637530
8	0.789957	7500	-49.501534	-475.139064
9	0.768433	7500	-48.695232	-523.834296
10	0.747266	7500	-47.892015	-571.726312
11	0.726452	7500	-47.093639	-618.819951
12	0.705989	7500	-46.299161	-665.119111
13	0.685877	7500	-45.507630	-710.626741
14	0.666112	7500	-44.726676	-755.353417
15	0.646693	7500	-43.939920	-799.293338
16	0.627618	7500	-43.167036	-842.460373
17	0.608884	7500	-42.395646	-884.856020
18	0.590490	7500	-41.629608	-926.485628
19	0.572433	7500	-40.866206	-967.351834
20	0.554712	7500	-40.113324	-1007.465157
21	0.537324	7500	-39.358365	-1046.823523
22	0.520268	7500	-38.607296	-1085.430819
23	0.503540	7500	-37.868225	-1123.299045
24	0.487139	7500	-37.128595	-1160.427640
25	0.471063	7500	-36.399472	-1196.827111
26	0.455310	7500	-35.672885	-1232.499996
27	0.439877	7500	-34.942124	-1267.442120
28	0.424762	7500	-34.222323	-1301.664444
29	0.409963	7500	-33.513579	-1335.178023
30	0.395478	7500	-32.805887	-1367.983910
31	0.381305	7500	-32.100705	-1400.084614
32	0.367440	7500	-31.408740	-1431.493355
33	0.353883	7500	-30.713653	-1462.207007
34	0.340630	7500	-30.029229	-1492.236236
35	0.327680	7500	-29.341537	-1521.577772
36	0.315030	7500	-28.669756	-1550.247529
37	0.302677	7500	-27.994671	-1578.242200
38	0.290619	7500	-27.328843	-1605.571042
39	0.278855	7500	-26.667413	-1632.238455
40	0.267381	7500	-26.016095	-1658.254550
41	0.256195	7500	-25.364022	-1683.618572
42	0.245294	7500	-24.722681	-1708.341254
43	0.234677	7500	-24.088784	-1732.430037
44	0.224340	7500	-23.453647	-1755.883685
45	0.214281	7500	-22.819234	-1778.702918
46	0.204498	7500	-22.209959	-1800.912877
47	0.194988	7500	-21.586493	-1822.499371
48	0.185749	7500	-20.983832	-1843.483202
49	0.176777	7500	-20.376894	-1863.860096
50	0.168070	7500	-19.780450	-1883.640546
51	0.159626	7500	-19.192807	-1902.833354
52	0.151441	7500	-18.606295	-1921.439649
53	0.143514	7500	-18.029177	-1939.468825
54	0.135841	7500	-17.455750	-1956.924575
55	0.128420	7500	-16.885825	-1973.810400
56	0.121247	7500	-16.333468	-1990.143868
57	0.114320	7500	-15.774856	-2005.918724
58	0.107637	7500	-15.230590	-2021.149314
59	0.101193	7500	-14.692250	-2035.841563
60	0.094986	7500	-14.160518	-2050.002081
61	0.089014	7500	-13.636967	-2063.639048
62	0.083273	7500	-13.114213	-2076.753262
63	0.077760	7500	-12.602612	-2089.355874
64	0.072472	7500	-12.094574	-2101.450448
65	0.067406	7500	-11.599233	-2113.049681
66	0.062558	7500	-11.120469	-2124.170150
67	0.057926	7500	-10.625207	-2134.795356
68	0.053506	7500	-10.185373	-2144.980730
69	0.049295	7500	-9.694021	-2154.674751
70	0.045289	7500	-9.249241	-2163.923992
71	0.041485	7500	-8.801784	-2172.725775
72	0.037880	7500	-8.385059	-2181.110834
73	0.034469	7500	-8.082869	-2189.193703
74	0.031250	7500	-7.787355	-2196.981058
75	0.028218	7500	-7.796958	-2204.778016
76	0.025370	7500	-7.834853	-2212.612869
77	0.022702	7500	-7.432363	-2220.045232
78	0.020209	7500	-6.951957	-2226.997189
79	0.017889	7500	-6.486534	-2233.483723
80	0.015736	7500	-5.833099	-2239.316822
81	0.013746	7500	-5.600891	-2244.917713
82	0.011916	7500	-5.112841	-2250.030554
83	0.010240	7500	-4.313390	-2254.343944
84	0.008714	7500	-4.249784	-2258.593728
85	0.007334	7500	-3.944272	-2262.538000
86	0.006093	7500	-3.582635	-2266.120635
87	0.004988	7500	-3.184586	-2269.305221
88	0.004013	7500	-2.848802	-2272.154022
89	0.003162	7500	-2.543583	-2274.697606
90	0.002430	7500	-2.188002	-2276.885608
91	0.001810	7500	-1.926571	-2278.812179
92	0.001296	7500	-1.661667	-2280.473846
93	0.000882	7500	-1.382972	-2281.856818
94	0.000559	7500	-1.109362	-2282.966180
95	0.000320	7500	-0.869682	-2283.835862
96	0.000156	7500	-0.617111	-2284.452973
97	0.000057	7500	-0.401120	-2284.854094
98	0.000010	7500	-0.181269	-2285.035363
99	0.000000	7500	-0.040754	-2285.076117
Log marginal likelihood:	-2285.076117
0	0.975187	7500	-55.345682	-55.345682
1	0.950747	7500	-54.515939	-109.861621
2	0.926679	7500	-53.692656	-163.554277
3	0.902980	7500	-52.871483	-216.425760
4	0.879648	7500	-52.048552	-268.474313
5	0.856682	7500	-51.237608	-319.711921
6	0.834079	7500	-50.425831	-370.137752
7	0.811838	7500	-49.622860	-419.760612
8	0.789957	7500	-48.822033	-468.582645
9	0.768433	7500	-48.020881	-516.603526
10	0.747266	7500	-47.230318	-563.833844
11	0.726452	7500	-46.442405	-610.276248
12	0.705989	7500	-45.662598	-655.938846
13	0.685877	7500	-44.883461	-700.822307
14	0.666112	7500	-44.109300	-744.931608
15	0.646693	7500	-43.336060	-788.267667
16	0.627618	7500	-42.572727	-830.840395
17	0.608884	7500	-41.811696	-872.652091
18	0.590490	7500	-41.055730	-913.707820
19	0.572433	7500	-40.306772	-954.014593
20	0.554712	7500	-39.558919	-993.573512
21	0.537324	7500	-38.814835	-1032.388346
22	0.520268	7500	-38.080624	-1070.468970
23	0.503540	7500	-37.347211	-1107.816181
24	0.487139	7500	-36.617571	-1144.433753
25	0.471063	7500	-35.892352	-1180.326105
26	0.455310	7500	-35.178893	-1215.504998
27	0.439877	7500	-34.464162	-1249.969160
28	0.424762	7500	-33.757423	-1283.726583
29	0.409963	7500	-33.055954	-1316.782537
30	0.395478	7500	-32.355317	-1349.137854
31	0.381305	7500	-31.663206	-1380.801059
32	0.367440	7500	-30.971998	-1411.773057
33	0.353883	7500	-30.291534	-1442.064590
34	0.340630	7500	-29.613763	-1471.678353
35	0.327680	7500	-28.948180	-1500.626533
36	0.315030	7500	-28.275374	-1528.901907
37	0.302677	7500	-27.612732	-1556.514639
38	0.290619	7500	-26.955316	-1583.469955
39	0.278855	7500	-26.298571	-1609.768526
40	0.267381	7500	-25.655042	-1635.423568
41	0.256195	7500	-25.020869	-1660.444437
42	0.245294	7500	-24.384200	-1684.828638
43	0.234677	7500	-23.750867	-1708.579504
44	0.224340	7500	-23.128191	-1731.707695
45	0.214281	7500	-22.509642	-1754.217338
46	0.204498	7500	-21.895705	-1776.113042
47	0.194988	7500	-21.298133	-1797.411175
48	0.185749	7500	-20.692135	-1818.103311
49	0.176777	7500	-20.092330	-1838.195641
50	0.168070	7500	-19.507416	-1857.703057
51	0.159626	7500	-18.922661	-1876.625719
52	0.151441	7500	-18.352699	-1894.978418
53	0.143514	7500	-17.776516	-1912.754934
54	0.135841	7500	-17.213027	-1929.967961
55	0.128420	7500	-16.655573	-1946.623533
56	0.121247	7500	-16.099802	-1962.723335
57	0.114320	7500	-15.562781	-1978.286116
58	0.107637	7500	-15.023464	-1993.309580
59	0.101193	7500	-14.496375	-2007.805956
60	0.094986	7500	-13.956119	-2021.762075
61	0.089014	7500	-13.443187	-2035.205261
62	0.083273	7500	-12.927046	-2048.132308
63	0.077760	7500	-12.431784	-2060.564092
64	0.072472	7500	-11.922351	-2072.486442
65	0.067406	7500	-11.442925	-2083.929367
66	0.062558	7500	-10.966030	-2094.895397
67	0.057926	7500	-10.500999	-2105.396395
68	0.053506	7500	-10.022948	-2115.419343
69	0.049295	7500	-9.568372	-2124.987715
70	0.045289	7500	-9.106581	-2134.094296
71	0.041485	7500	-8.728577	-2142.822873
72	0.037880	7500	-8.246525	-2151.069398
73	0.034469	7500	-8.168263	-2159.237661
74	0.031250	7500	-7.674480	-2166.912141
75	0.028218	7500	-7.573905	-2174.486045
76	0.025370	7500	-7.447522	-2181.933567
77	0.022702	7500	-7.258938	-2189.192505
78	0.020209	7500	-6.908097	-2196.100602
79	0.017889	7500	-6.004547	-2202.105149
80	0.015736	7500	-5.937121	-2208.042270
81	0.013746	7500	-5.594697	-2213.636967
82	0.011916	7500	-5.158511	-2218.795478
83	0.010240	7500	-4.651139	-2223.446617
84	0.008714	7500	-4.330114	-2227.776731
85	0.007334	7500	-3.892575	-2231.669306
86	0.006093	7500	-3.557281	-2235.226587
87	0.004988	7500	-3.218688	-2238.445275
88	0.004013	7500	-2.853946	-2241.299221
89	0.003162	7500	-2.538058	-2243.837278
90	0.002430	7500	-2.204341	-2246.041619
91	0.001810	7500	-1.880538	-2247.922157
92	0.001296	7500	-1.648898	-2249.571054
93	0.000882	7500	-1.320563	-2250.891617
94	0.000559	7500	-1.169351	-2252.060968
95	0.000320	7500	-0.850857	-2252.911825
96	0.000156	7500	-0.582929	-2253.494755
97	0.000057	7500	-0.471924	-2253.966679
98	0.000010	7500	-0.184309	-2254.150988
99	0.000000	7500	-0.042926	-2254.193913
Log marginal likelihood:	-2254.193913
0	0.975187	7500	-55.981175	-55.981175
1	0.950747	7500	-55.143884	-111.125059
2	0.926679	7500	-54.305170	-165.430229
3	0.902980	7500	-53.471458	-218.901687
4	0.879648	7500	-52.644217	-271.545904
5	0.856682	7500	-51.818076	-323.363981
6	0.834079	7500	-51.001119	-374.365100
7	0.811838	7500	-50.190878	-424.555977
8	0.789957	7500	-49.375213	-473.931190
9	0.768433	7500	-48.571306	-522.502496
10	0.747266	7500	-47.772805	-570.275301
11	0.726452	7500	-46.974046	-617.249347
12	0.705989	7500	-46.183414	-663.432761
13	0.685877	7500	-45.393818	-708.826578
14	0.666112	7500	-44.611562	-753.438140
15	0.646693	7500	-43.832110	-797.270250
16	0.627618	7500	-43.062084	-840.332334
17	0.608884	7500	-42.290451	-882.622785
18	0.590490	7500	-41.525006	-924.147791
19	0.572433	7500	-40.763903	-964.911695
20	0.554712	7500	-40.009113	-1004.920808
21	0.537324	7500	-39.258575	-1044.179383
22	0.520268	7500	-38.512127	-1082.691510
23	0.503540	7500	-37.775101	-1120.466611
24	0.487139	7500	-37.036078	-1157.502688
25	0.471063	7500	-36.307684	-1193.810373
26	0.455310	7500	-35.578772	-1229.389145
27	0.439877	7500	-34.858230	-1264.247375
28	0.424762	7500	-34.143805	-1298.391179
29	0.409963	7500	-33.430067	-1331.821247
30	0.395478	7500	-32.721406	-1364.542653
31	0.381305	7500	-32.024303	-1396.566956
32	0.367440	7500	-31.327348	-1427.894304
33	0.353883	7500	-30.633530	-1458.527834
34	0.340630	7500	-29.957289	-1488.485123
35	0.327680	7500	-29.268315	-1517.753438
36	0.315030	7500	-28.596580	-1546.350018
37	0.302677	7500	-27.922379	-1574.272397
38	0.290619	7500	-27.261433	-1601.533831
39	0.278855	7500	-26.604781	-1628.138612
40	0.267381	7500	-25.946337	-1654.084949
41	0.256195	7500	-25.309160	-1679.394109
42	0.245294	7500	-24.656700	-1704.050809
43	0.234677	7500	-24.019489	-1728.070298
44	0.224340	7500	-23.393058	-1751.463355
45	0.214281	7500	-22.766152	-1774.229507
46	0.204498	7500	-22.146810	-1796.376317
47	0.194988	7500	-21.529486	-1817.905803
48	0.185749	7500	-20.928710	-1838.834513
49	0.176777	7500	-20.329302	-1859.163815
50	0.168070	7500	-19.738177	-1878.901992
51	0.159626	7500	-19.136633	-1898.038625
52	0.151441	7500	-18.553251	-1916.591876
53	0.143514	7500	-17.981350	-1934.573226
54	0.135841	7500	-17.413445	-1951.986672
55	0.128420	7500	-16.841230	-1968.827902
56	0.121247	7500	-16.283512	-1985.111414
57	0.114320	7500	-15.734256	-2000.845670
58	0.107637	7500	-15.190408	-2016.036078
59	0.101193	7500	-14.650854	-2030.686932
60	0.094986	7500	-14.121253	-2044.808185
61	0.089014	7500	-13.594075	-2058.402260
62	0.083273	7500	-13.081460	-2071.483720
63	0.077760	7500	-12.561149	-2084.044869
64	0.072472	7500	-12.077730	-2096.122599
65	0.067406	7500	-11.578087	-2107.700686
66	0.062558	7500	-11.096085	-2118.796771
67	0.057926	7500	-10.606247	-2129.403018
68	0.053506	7500	-10.147222	-2139.550240
69	0.049295	7500	-9.673788	-2149.224029
70	0.045289	7500	-9.209803	-2158.433832
71	0.041485	7500	-8.774919	-2167.208750
72	0.037880	7500	-8.323826	-2175.532577
73	0.034469	7500	-8.014534	-2183.547111
74	0.031250	7500	-7.531517	-2191.078628
75	0.028218	7500	-7.064888	-2198.143516
76	0.025370	7500	-6.669327	-2204.812844
77	0.022702	7500	-6.244204	-2211.057048
78	0.020209	7500	-5.849612	-2216.906660
79	0.017889	7500	-5.463324	-2222.369984
80	0.015736	7500	-5.213079	-2227.583063
81	0.013746	7500	-5.539633	-2233.122695
82	0.011916	7500	-5.113766	-2238.236461
83	0.010240	7500	-4.744173	-2242.980633
84	0.008714	7500	-4.194866	-2247.175499
85	0.007334	7500	-3.944520	-2251.120020
86	0.006093	7500	-3.546464	-2254.666483
87	0.004988	7500	-3.209916	-2257.876400
88	0.004013	7500	-2.882542	-2260.758942
89	0.003162	7500	-2.494113	-2263.253055
90	0.002430	7500	-2.212754	-2265.465809
91	0.001810	7500	-1.900081	-2267.365890
92	0.001296	7500	-1.589600	-2268.955490
93	0.000882	7500	-1.388486	-2270.343976
94	0.000559	7500	-1.082829	-2271.426804
95	0.000320	7500	-0.880276	-2272.307080
96	0.000156	7500	-0.612167	-2272.919247
97	0.000057	7500	-0.389258	-2273.308505
98	0.000010	7500	-0.170674	-2273.479179
99	0.000000	7500	-0.038174	-2273.517353
Log marginal likelihood:	-2273.517353
0	0.975187	7500	-55.576892	-55.576892
1	0.950747	7500	-54.736340	-110.313232
2	0.926679	7500	-53.908103	-164.221335
3	0.902980	7500	-53.077916	-217.299251
4	0.879648	7500	-52.259337	-269.558588
5	0.856682	7500	-51.444486	-321.003074
6	0.834079	7500	-50.628732	-371.631806
7	0.811838	7500	-49.821440	-421.453246
8	0.789957	7500	-49.017484	-470.470730
9	0.768433	7500	-48.217493	-518.688223
10	0.747266	7500	-47.423123	-566.111346
11	0.726452	7500	-46.631113	-612.742458
12	0.705989	7500	-45.849380	-658.591838
13	0.685877	7500	-45.061204	-703.653042
14	0.666112	7500	-44.284713	-747.937755
15	0.646693	7500	-43.508400	-791.446155
16	0.627618	7500	-42.744463	-834.190619
17	0.608884	7500	-41.981512	-876.172130
18	0.590490	7500	-41.222185	-917.394316
19	0.572433	7500	-40.466377	-957.860693
20	0.554712	7500	-39.718579	-997.579272
21	0.537324	7500	-38.971278	-1036.550550
22	0.520268	7500	-38.230069	-1074.780619
23	0.503540	7500	-37.494886	-1112.275506
24	0.487139	7500	-36.764582	-1149.040088
25	0.471063	7500	-36.038318	-1185.078406
26	0.455310	7500	-35.318693	-1220.397099
27	0.439877	7500	-34.604672	-1255.001771
28	0.424762	7500	-33.892799	-1288.894570
29	0.409963	7500	-33.185563	-1322.080133
30	0.395478	7500	-32.480452	-1354.560585
31	0.381305	7500	-31.789981	-1386.350567
32	0.367440	7500	-31.095700	-1417.446267
33	0.353883	7500	-30.412935	-1447.859202
34	0.340630	7500	-29.734623	-1477.593825
35	0.327680	7500	-29.055355	-1506.649181
36	0.315030	7500	-28.388671	-1535.037852
37	0.302677	7500	-27.720207	-1562.758059
38	0.290619	7500	-27.062153	-1589.820212
39	0.278855	7500	-26.413861	-1616.234073
40	0.267381	7500	-25.755931	-1641.990004
41	0.256195	7500	-25.123917	-1667.113921
42	0.245294	7500	-24.482458	-1691.596379
43	0.234677	7500	-23.844976	-1715.441355
44	0.224340	7500	-23.218095	-1738.659450
45	0.214281	7500	-22.606271	-1761.265721
46	0.204498	7500	-21.988375	-1783.254097
47	0.194988	7500	-21.378404	-1804.632501
48	0.185749	7500	-20.774249	-1825.406750
49	0.176777	7500	-20.173724	-1845.580474
50	0.168070	7500	-19.586455	-1865.166929
51	0.159626	7500	-19.000850	-1884.167778
52	0.151441	7500	-18.423246	-1902.591025
53	0.143514	7500	-17.850481	-1920.441506
54	0.135841	7500	-17.281825	-1937.723330
55	0.128420	7500	-16.717063	-1954.440393
56	0.121247	7500	-16.182335	-1970.622729
57	0.114320	7500	-15.617295	-1986.240024
58	0.107637	7500	-15.085973	-2001.325997
59	0.101193	7500	-14.546072	-2015.872069
60	0.094986	7500	-14.024843	-2029.896912
61	0.089014	7500	-13.498230	-2043.395142
62	0.083273	7500	-12.986674	-2056.381817
63	0.077760	7500	-12.491926	-2068.873742
64	0.072472	7500	-11.980192	-2080.853934
65	0.067406	7500	-11.482277	-2092.336211
66	0.062558	7500	-10.996178	-2103.332389
67	0.057926	7500	-10.547727	-2113.880117
68	0.053506	7500	-10.055884	-2123.936001
69	0.049295	7500	-9.603323	-2133.539324
70	0.045289	7500	-9.162014	-2142.701337
71	0.041485	7500	-8.736942	-2151.438279
72	0.037880	7500	-8.304931	-2159.743210
73	0.034469	7500	-7.855017	-2167.598228
74	0.031250	7500	-7.531599	-2175.129827
75	0.028218	7500	-7.393744	-2182.523571
76	0.025370	7500	-7.229208	-2189.752779
77	0.022702	7500	-7.164347	-2196.917126
78	0.020209	7500	-6.779579	-2203.696705
79	0.017889	7500	-6.299029	-2209.995734
80	0.015736	7500	-5.927239	-2215.922973
81	0.013746	7500	-5.404152	-2221.327125
82	0.011916	7500	-5.153285	-2226.480410
83	0.010240	7500	-4.677242	-2231.157652
84	0.008714	7500	-4.337245	-2235.494897
85	0.007334	7500	-3.940860	-2239.435757
86	0.006093	7500	-3.573644	-2243.009401
87	0.004988	7500	-3.190844	-2246.200244
88	0.004013	7500	-2.848112	-2249.048356
89	0.003162	7500	-2.509973	-2251.558329
90	0.002430	7500	-2.204656	-2253.762985
91	0.001810	7500	-1.899088	-2255.662073
92	0.001296	7500	-1.654815	-2257.316888
93	0.000882	7500	-1.365503	-2258.682392
94	0.000559	7500	-1.107804	-2259.790195
95	0.000320	7500	-0.834157	-2260.624352
96	0.000156	7500	-0.640554	-2261.264906
97	0.000057	7500	-0.427419	-2261.692325
98	0.000010	7500	-0.212186	-2261.904510
99	0.000000	7500	-0.040418	-2261.944929
Log marginal likelihood:	-2261.944929
0	0.975187	7500	-55.834962	-55.834962
1	0.950747	7500	-54.998287	-110.833249
2	0.926679	7500	-54.165199	-164.998447
3	0.902980	7500	-53.335922	-218.334369
4	0.879648	7500	-52.509139	-270.843508
5	0.856682	7500	-51.687350	-322.530858
6	0.834079	7500	-50.874341	-373.405200
7	0.811838	7500	-50.060250	-423.465450
8	0.789957	7500	-49.251038	-472.716488
9	0.768433	7500	-48.448118	-521.164606
10	0.747266	7500	-47.647054	-568.811660
11	0.726452	7500	-46.849697	-615.661357
12	0.705989	7500	-46.067165	-661.728522
13	0.685877	7500	-45.275925	-707.004447
14	0.666112	7500	-44.495603	-751.500050
15	0.646693	7500	-43.724168	-795.224218
16	0.627618	7500	-42.945483	-838.169701
17	0.608884	7500	-42.179128	-880.348829
18	0.590490	7500	-41.420031	-921.768860
19	0.572433	7500	-40.659672	-962.428532
20	0.554712	7500	-39.906640	-1002.335172
21	0.537324	7500	-39.155609	-1041.490781
22	0.520268	7500	-38.409271	-1079.900051
23	0.503540	7500	-37.675099	-1117.575151
24	0.487139	7500	-36.936850	-1154.512001
25	0.471063	7500	-36.212207	-1190.724208
26	0.455310	7500	-35.484611	-1226.208819
27	0.439877	7500	-34.765559	-1260.974378
28	0.424762	7500	-34.056074	-1295.030452
29	0.409963	7500	-33.341293	-1328.371745
30	0.395478	7500	-32.640177	-1361.011922
31	0.381305	7500	-31.938707	-1392.950629
32	0.367440	7500	-31.244143	-1424.194773
33	0.353883	7500	-30.557266	-1454.752039
34	0.340630	7500	-29.880263	-1484.632302
35	0.327680	7500	-29.197804	-1513.830107
36	0.315030	7500	-28.520952	-1542.351059
37	0.302677	7500	-27.854903	-1570.205962
38	0.290619	7500	-27.189907	-1597.395869
39	0.278855	7500	-26.526658	-1623.922528
40	0.267381	7500	-25.876765	-1649.799293
41	0.256195	7500	-25.235923	-1675.035216
42	0.245294	7500	-24.589733	-1699.624949
43	0.234677	7500	-23.961303	-1723.586252
44	0.224340	7500	-23.328363	-1746.914615
45	0.214281	7500	-22.711099	-1769.625714
46	0.204498	7500	-22.082325	-1791.708039
47	0.194988	7500	-21.481793	-1813.189832
48	0.185749	7500	-20.899940	-1834.089772
49	0.176777	7500	-20.267311	-1854.357083
50	0.168070	7500	-19.676211	-1874.033294
51	0.159626	7500	-19.089866	-1893.123160
52	0.151441	7500	-18.504604	-1911.627764
53	0.143514	7500	-17.939706	-1929.567470
54	0.135841	7500	-17.362409	-1946.929879
55	0.128420	7500	-16.803090	-1963.732969
56	0.121247	7500	-16.253256	-1979.986225
57	0.114320	7500	-15.695424	-1995.681649
58	0.107637	7500	-15.156691	-2010.838340
59	0.101193	7500	-14.620632	-2025.458971
60	0.094986	7500	-14.088194	-2039.547165
61	0.089014	7500	-13.563250	-2053.110415
62	0.083273	7500	-13.045563	-2066.155978
63	0.077760	7500	-12.539122	-2078.695100
64	0.072472	7500	-12.036479	-2090.731580
65	0.067406	7500	-11.532679	-2102.264258
66	0.062558	7500	-11.039821	-2113.304080
67	0.057926	7500	-10.566961	-2123.871041
68	0.053506	7500	-10.095585	-2133.966626
69	0.049295	7500	-9.647933	-2143.614559
70	0.045289	7500	-9.180509	-2152.795068
71	0.041485	7500	-8.749850	-2161.544917
72	0.037880	7500	-8.322646	-2169.867563
73	0.034469	7500	-7.889497	-2177.757060
74	0.031250	7500	-8.122891	-2185.879950
75	0.028218	7500	-7.682434	-2193.562384
76	0.025370	7500	-6.783877	-2200.346261
77	0.022702	7500	-7.249846	-2207.596107
78	0.020209	7500	-6.933842	-2214.529950
79	0.017889	7500	-6.471218	-2221.001168
80	0.015736	7500	-6.007520	-2227.008688
81	0.013746	7500	-5.576742	-2232.585430
82	0.011916	7500	-5.141511	-2237.726941
83	0.010240	7500	-4.637236	-2242.364177
84	0.008714	7500	-4.323845	-2246.688022
85	0.007334	7500	-3.856278	-2250.544300
86	0.006093	7500	-3.547847	-2254.092147
87	0.004988	7500	-3.190747	-2257.282894
88	0.004013	7500	-2.859149	-2260.142043
89	0.003162	7500	-2.531986	-2262.674029
90	0.002430	7500	-2.192653	-2264.866682
91	0.001810	7500	-1.901603	-2266.768285
92	0.001296	7500	-1.650179	-2268.418464
93	0.000882	7500	-1.358823	-2269.777287
94	0.000559	7500	-1.077115	-2270.854402
95	0.000320	7500	-0.870858	-2271.725260
96	0.000156	7500	-0.613065	-2272.338325
97	0.000057	7500	-0.393169	-2272.731494
98	0.000010	7500	-0.185254	-2272.916748
99	0.000000	7500	-0.039514	-2272.956262
Log marginal likelihood:	-2272.956262
0	0.975187	7500	-56.260928	-56.260928
1	0.950747	7500	-55.415983	-111.676911
2	0.926679	7500	-54.572219	-166.249131
3	0.902980	7500	-53.741965	-219.991096
4	0.879648	7500	-52.911796	-272.902893
5	0.856682	7500	-52.082050	-324.984942
6	0.834079	7500	-51.257283	-376.242225
7	0.811838	7500	-50.438009	-426.680234
8	0.789957	7500	-49.627845	-476.308079
9	0.768433	7500	-48.813079	-525.121158
10	0.747266	7500	-48.009315	-573.130473
11	0.726452	7500	-47.208223	-620.338697
12	0.705989	7500	-46.414933	-666.753630
13	0.685877	7500	-45.623500	-712.377130
14	0.666112	7500	-44.833816	-757.210947
15	0.646693	7500	-44.050979	-801.261926
16	0.627618	7500	-43.272206	-844.534132
17	0.608884	7500	-42.498819	-887.032951
18	0.590490	7500	-41.733345	-928.766296
19	0.572433	7500	-40.966723	-969.733019
20	0.554712	7500	-40.210281	-1009.943301
21	0.537324	7500	-39.456690	-1049.399991
22	0.520268	7500	-38.702685	-1088.102676
23	0.503540	7500	-37.964511	-1126.067187
24	0.487139	7500	-37.220128	-1163.287315
25	0.471063	7500	-36.484221	-1199.771536
26	0.455310	7500	-35.759501	-1235.531036
27	0.439877	7500	-35.031406	-1270.562442
28	0.424762	7500	-34.316465	-1304.878907
29	0.409963	7500	-33.596617	-1338.475524
30	0.395478	7500	-32.894751	-1371.370275
31	0.381305	7500	-32.179347	-1403.549622
32	0.367440	7500	-31.483057	-1435.032679
33	0.353883	7500	-30.788130	-1465.820809
34	0.340630	7500	-30.100123	-1495.920932
35	0.327680	7500	-29.417900	-1525.338832
36	0.315030	7500	-28.739281	-1554.078113
37	0.302677	7500	-28.062780	-1582.140893
38	0.290619	7500	-27.401871	-1609.542763
39	0.278855	7500	-26.732489	-1636.275253
40	0.267381	7500	-26.079049	-1662.354302
41	0.256195	7500	-25.422776	-1687.777079
42	0.245294	7500	-24.787163	-1712.564241
43	0.234677	7500	-24.142600	-1736.706841
44	0.224340	7500	-23.512137	-1760.218979
45	0.214281	7500	-22.879341	-1783.098320
46	0.204498	7500	-22.256298	-1805.354618
47	0.194988	7500	-21.646302	-1827.000920
48	0.185749	7500	-21.032787	-1848.033707
49	0.176777	7500	-20.426177	-1868.459884
50	0.168070	7500	-19.828381	-1888.288266
51	0.159626	7500	-19.239092	-1907.527358
52	0.151441	7500	-18.655262	-1926.182620
53	0.143514	7500	-18.071397	-1944.254017
54	0.135841	7500	-17.499759	-1961.753776
55	0.128420	7500	-16.938157	-1978.691933
56	0.121247	7500	-16.368618	-1995.060551
57	0.114320	7500	-15.822123	-2010.882674
58	0.107637	7500	-15.277574	-2026.160248
59	0.101193	7500	-14.729705	-2040.889953
60	0.094986	7500	-14.195731	-2055.085685
61	0.089014	7500	-13.665950	-2068.751635
62	0.083273	7500	-13.143366	-2081.895001
63	0.077760	7500	-12.632748	-2094.527749
64	0.072472	7500	-12.129923	-2106.657671
65	0.067406	7500	-11.638705	-2118.296376
66	0.062558	7500	-11.161840	-2129.458216
67	0.057926	7500	-10.659725	-2140.117942
68	0.053506	7500	-10.174569	-2150.292510
69	0.049295	7500	-9.715130	-2160.007640
70	0.045289	7500	-9.259817	-2169.267457
71	0.041485	7500	-8.814600	-2178.082057
72	0.037880	7500	-8.960978	-2187.043035
73	0.034469	7500	-8.029735	-2195.072770
74	0.031250	7500	-8.172221	-2203.244991
75	0.028218	7500	-7.707541	-2210.952531
76	0.025370	7500	-7.345455	-2218.297987
77	0.022702	7500	-7.349806	-2225.647792
78	0.020209	7500	-6.184175	-2231.831967
79	0.017889	7500	-6.479070	-2238.311037
80	0.015736	7500	-6.029376	-2244.340413
81	0.013746	7500	-5.454418	-2249.794831
82	0.011916	7500	-5.125804	-2254.920635
83	0.010240	7500	-4.734968	-2259.655603
84	0.008714	7500	-4.334690	-2263.990293
85	0.007334	7500	-3.936860	-2267.927153
86	0.006093	7500	-3.570468	-2271.497621
87	0.004988	7500	-3.208771	-2274.706392
88	0.004013	7500	-2.860146	-2277.566538
89	0.003162	7500	-2.532878	-2280.099416
90	0.002430	7500	-2.230972	-2282.330387
91	0.001810	7500	-1.923384	-2284.253772
92	0.001296	7500	-1.646965	-2285.900737
93	0.000882	7500	-1.317227	-2287.217964
94	0.000559	7500	-1.133650	-2288.351614
95	0.000320	7500	-0.811764	-2289.163378
96	0.000156	7500	-0.569528	-2289.732906
97	0.000057	7500	-0.428557	-2290.161462
98	0.000010	7500	-0.187197	-2290.348659
99	0.000000	7500	-0.041371	-2290.390030
Log marginal likelihood:	-2290.390030
0	0.975187	7500	-56.040090	-56.040090
1	0.950747	7500	-55.200983	-111.241073
2	0.926679	7500	-54.360402	-165.601475
3	0.902980	7500	-53.529721	-219.131197
4	0.879648	7500	-52.698617	-271.829814
5	0.856682	7500	-51.876870	-323.706684
6	0.834079	7500	-51.056725	-374.763409
7	0.811838	7500	-50.241260	-425.004668
8	0.789957	7500	-49.433518	-474.438186
9	0.768433	7500	-48.624745	-523.062931
10	0.747266	7500	-47.821434	-570.884365
11	0.726452	7500	-47.023506	-617.907871
12	0.705989	7500	-46.234821	-664.142692
13	0.685877	7500	-45.443806	-709.586498
14	0.666112	7500	-44.663838	-754.250336
15	0.646693	7500	-43.880438	-798.130774
16	0.627618	7500	-43.106450	-841.237224
17	0.608884	7500	-42.336902	-883.574126
18	0.590490	7500	-41.568802	-925.142928
19	0.572433	7500	-40.810785	-965.953713
20	0.554712	7500	-40.051236	-1006.004949
21	0.537324	7500	-39.302437	-1045.307386
22	0.520268	7500	-38.557981	-1083.865367
23	0.503540	7500	-37.813503	-1121.678869
24	0.487139	7500	-37.079407	-1158.758276
25	0.471063	7500	-36.346102	-1195.104378
26	0.455310	7500	-35.616589	-1230.720967
27	0.439877	7500	-34.895276	-1265.616243
28	0.424762	7500	-34.183107	-1299.799350
29	0.409963	7500	-33.469956	-1333.269305
30	0.395478	7500	-32.763559	-1366.032865
31	0.381305	7500	-32.054804	-1398.087669
32	0.367440	7500	-31.362992	-1429.450661
33	0.353883	7500	-30.669006	-1460.119667
34	0.340630	7500	-29.979684	-1490.099351
35	0.327680	7500	-29.299374	-1519.398726
36	0.315030	7500	-28.622896	-1548.021622
37	0.302677	7500	-27.952298	-1575.973920
38	0.290619	7500	-27.285685	-1603.259606
39	0.278855	7500	-26.627907	-1629.887513
40	0.267381	7500	-25.973741	-1655.861254
41	0.256195	7500	-25.331038	-1681.192292
42	0.245294	7500	-24.678401	-1705.870693
43	0.234677	7500	-24.046385	-1729.917078
44	0.224340	7500	-23.414620	-1753.331698
45	0.214281	7500	-22.785043	-1776.116741
46	0.204498	7500	-22.171380	-1798.288120
47	0.194988	7500	-21.552593	-1819.840713
48	0.185749	7500	-20.956779	-1840.797492
49	0.176777	7500	-20.343867	-1861.141359
50	0.168070	7500	-19.749330	-1880.890689
51	0.159626	7500	-19.163404	-1900.054093
52	0.151441	7500	-18.578375	-1918.632468
53	0.143514	7500	-17.997364	-1936.629833
54	0.135841	7500	-17.426516	-1954.056349
55	0.128420	7500	-16.861503	-1970.917851
56	0.121247	7500	-16.319852	-1987.237703
57	0.114320	7500	-15.752243	-2002.989946
58	0.107637	7500	-15.206113	-2018.196059
59	0.101193	7500	-14.661920	-2032.857979
60	0.094986	7500	-14.135449	-2046.993428
61	0.089014	7500	-13.610165	-2060.603593
62	0.083273	7500	-13.091350	-2073.694943
63	0.077760	7500	-12.586517	-2086.281460
64	0.072472	7500	-12.093003	-2098.374462
65	0.067406	7500	-11.593056	-2109.967518
66	0.062558	7500	-11.089500	-2121.057018
67	0.057926	7500	-10.607078	-2131.664096
68	0.053506	7500	-10.138320	-2141.802416
69	0.049295	7500	-9.660691	-2151.463106
70	0.045289	7500	-9.217354	-2160.680460
71	0.041485	7500	-8.775990	-2169.456450
72	0.037880	7500	-8.321894	-2177.778344
73	0.034469	7500	-7.907995	-2185.686339
74	0.031250	7500	-7.461413	-2193.147752
75	0.028218	7500	-7.005091	-2200.152843
76	0.025370	7500	-6.636888	-2206.789731
77	0.022702	7500	-6.712081	-2213.501812
78	0.020209	7500	-6.761285	-2220.263097
79	0.017889	7500	-6.407310	-2226.670407
80	0.015736	7500	-6.037322	-2232.707729
81	0.013746	7500	-5.493701	-2238.201430
82	0.011916	7500	-5.139858	-2243.341288
83	0.010240	7500	-4.742701	-2248.083990
84	0.008714	7500	-4.308548	-2252.392537
85	0.007334	7500	-3.941670	-2256.334208
86	0.006093	7500	-3.553646	-2259.887854
87	0.004988	7500	-3.156973	-2263.044827
88	0.004013	7500	-2.851363	-2265.896191
89	0.003162	7500	-2.525963	-2268.422154
90	0.002430	7500	-2.226196	-2270.648350
91	0.001810	7500	-1.890431	-2272.538781
92	0.001296	7500	-1.598392	-2274.137173
93	0.000882	7500	-1.357341	-2275.494514
94	0.000559	7500	-1.118220	-2276.612734
95	0.000320	7500	-0.914553	-2277.527286
96	0.000156	7500	-0.627418	-2278.154705
97	0.000057	7500	-0.376209	-2278.530913
98	0.000010	7500	-0.185604	-2278.716517
99	0.000000	7500	-0.040177	-2278.756694
Log marginal likelihood:	-2278.756694
0	0.975187	7500	-56.113382	-56.113382
1	0.950747	7500	-55.271348	-111.384731
2	0.926679	7500	-54.431345	-165.816075
3	0.902980	7500	-53.599397	-219.415473
4	0.879648	7500	-52.767382	-272.182855
5	0.856682	7500	-51.944514	-324.127369
6	0.834079	7500	-51.121631	-375.249000
7	0.811838	7500	-50.306773	-425.555773
8	0.789957	7500	-49.494012	-475.049785
9	0.768433	7500	-48.686502	-523.736287
10	0.747266	7500	-47.882962	-571.619248
11	0.726452	7500	-47.082802	-618.702050
12	0.705989	7500	-46.291562	-664.993612
13	0.685877	7500	-45.500680	-710.494292
14	0.666112	7500	-44.714852	-755.209144
15	0.646693	7500	-43.936710	-799.145854
16	0.627618	7500	-43.157632	-842.303486
17	0.608884	7500	-42.385368	-884.688854
18	0.590490	7500	-41.618882	-926.307737
19	0.572433	7500	-40.858682	-967.166419
20	0.554712	7500	-40.101956	-1007.268375
21	0.537324	7500	-39.349727	-1046.618102
22	0.520268	7500	-38.602678	-1085.220780
23	0.503540	7500	-37.864696	-1123.085476
24	0.487139	7500	-37.122023	-1160.207499
25	0.471063	7500	-36.391882	-1196.599381
26	0.455310	7500	-35.661434	-1232.260815
27	0.439877	7500	-34.936981	-1267.197796
28	0.424762	7500	-34.221372	-1301.419168
29	0.409963	7500	-33.511650	-1334.930817
30	0.395478	7500	-32.795777	-1367.726595
31	0.381305	7500	-32.096255	-1399.822850
32	0.367440	7500	-31.399790	-1431.222640
33	0.353883	7500	-30.707187	-1461.929827
34	0.340630	7500	-30.017009	-1491.946836
35	0.327680	7500	-29.337752	-1521.284589
36	0.315030	7500	-28.664189	-1549.948778
37	0.302677	7500	-27.992223	-1577.941001
38	0.290619	7500	-27.323551	-1605.264551
39	0.278855	7500	-26.658447	-1631.922999
40	0.267381	7500	-26.007883	-1657.930882
41	0.256195	7500	-25.364394	-1683.295276
42	0.245294	7500	-24.715265	-1708.010541
43	0.234677	7500	-24.073846	-1732.084387
44	0.224340	7500	-23.452770	-1755.537157
45	0.214281	7500	-22.819224	-1778.356380
46	0.204498	7500	-22.201603	-1800.557983
47	0.194988	7500	-21.585127	-1822.143110
48	0.185749	7500	-20.975941	-1843.119051
49	0.176777	7500	-20.367321	-1863.486372
50	0.168070	7500	-19.785619	-1883.271991
51	0.159626	7500	-19.192793	-1902.464785
52	0.151441	7500	-18.604032	-1921.068816
53	0.143514	7500	-18.022885	-1939.091701
54	0.135841	7500	-17.454078	-1956.545780
55	0.128420	7500	-16.881349	-1973.427128
56	0.121247	7500	-16.321812	-1989.748941
57	0.114320	7500	-15.769435	-2005.518376
58	0.107637	7500	-15.220907	-2020.739283
59	0.101193	7500	-14.693358	-2035.432641
60	0.094986	7500	-14.155271	-2049.587912
61	0.089014	7500	-13.632146	-2063.220058
62	0.083273	7500	-13.125823	-2076.345881
63	0.077760	7500	-12.607412	-2088.953293
64	0.072472	7500	-12.097094	-2101.050387
65	0.067406	7500	-11.600660	-2112.651047
66	0.062558	7500	-11.111519	-2123.762566
67	0.057926	7500	-10.636149	-2134.398715
68	0.053506	7500	-10.163551	-2144.562266
69	0.049295	7500	-9.692229	-2154.254495
70	0.045289	7500	-9.221623	-2163.476119
71	0.041485	7500	-8.785058	-2172.261176
72	0.037880	7500	-8.356850	-2180.618026
73	0.034469	7500	-8.726870	-2189.344897
74	0.031250	7500	-7.677409	-2197.022306
75	0.028218	7500	-7.497992	-2204.520298
76	0.025370	7500	-7.471411	-2211.991709
77	0.022702	7500	-6.842331	-2218.834040
78	0.020209	7500	-6.946889	-2225.780929
79	0.017889	7500	-6.435918	-2232.216847
80	0.015736	7500	-6.030178	-2238.247025
81	0.013746	7500	-5.584526	-2243.831551
82	0.011916	7500	-5.152280	-2248.983831
83	0.010240	7500	-4.692203	-2253.676034
84	0.008714	7500	-4.325804	-2258.001838
85	0.007334	7500	-3.936528	-2261.938366
86	0.006093	7500	-3.571962	-2265.510328
87	0.004988	7500	-3.215234	-2268.725562
88	0.004013	7500	-2.847555	-2271.573116
89	0.003162	7500	-2.518545	-2274.091661
90	0.002430	7500	-2.176823	-2276.268485
91	0.001810	7500	-1.878995	-2278.147480
92	0.001296	7500	-1.573912	-2279.721392
93	0.000882	7500	-1.348720	-2281.070112
94	0.000559	7500	-1.079414	-2282.149527
95	0.000320	7500	-0.840484	-2282.990011
96	0.000156	7500	-0.634572	-2283.624583
97	0.000057	7500	-0.420525	-2284.045109
98	0.000010	7500	-0.220385	-2284.265494
99	0.000000	7500	-0.040465	-2284.305959
Log marginal likelihood:	-2284.305959
0	0.975187	7500	-56.115458	-56.115458
1	0.950747	7500	-55.276945	-111.392403
2	0.926679	7500	-54.436595	-165.828997
3	0.902980	7500	-53.601052	-219.430049
4	0.879648	7500	-52.770320	-272.200370
5	0.856682	7500	-51.945031	-324.145401
6	0.834079	7500	-51.125188	-375.270589
7	0.811838	7500	-50.306517	-425.577106
8	0.789957	7500	-49.495789	-475.072895
9	0.768433	7500	-48.691533	-523.764427
10	0.747266	7500	-47.886426	-571.650853
11	0.726452	7500	-47.089638	-618.740491
12	0.705989	7500	-46.290810	-665.031301
13	0.685877	7500	-45.502967	-710.534268
14	0.666112	7500	-44.724166	-755.258434
15	0.646693	7500	-43.936944	-799.195378
16	0.627618	7500	-43.161385	-842.356763
17	0.608884	7500	-42.389789	-884.746552
18	0.590490	7500	-41.619880	-926.366432
19	0.572433	7500	-40.866177	-967.232608
20	0.554712	7500	-40.106667	-1007.339275
21	0.537324	7500	-39.351204	-1046.690479
22	0.520268	7500	-38.605504	-1085.295983
23	0.503540	7500	-37.862865	-1123.158848
24	0.487139	7500	-37.130069	-1160.288917
25	0.471063	7500	-36.394252	-1196.683170
26	0.455310	7500	-35.666390	-1232.349560
27	0.439877	7500	-34.941352	-1267.290912
28	0.424762	7500	-34.219958	-1301.510870
29	0.409963	7500	-33.510720	-1335.021590
30	0.395478	7500	-32.804142	-1367.825732
31	0.381305	7500	-32.097923	-1399.923655
32	0.367440	7500	-31.404757	-1431.328412
33	0.353883	7500	-30.715171	-1462.043583
34	0.340630	7500	-30.028540	-1492.072123
35	0.327680	7500	-29.337530	-1521.409654
36	0.315030	7500	-28.667264	-1550.076918
37	0.302677	7500	-27.989995	-1578.066913
38	0.290619	7500	-27.328589	-1605.395502
39	0.278855	7500	-26.666045	-1632.061547
40	0.267381	7500	-26.009274	-1658.070821
41	0.256195	7500	-25.360359	-1683.431180
42	0.245294	7500	-24.720174	-1708.151354
43	0.234677	7500	-24.086021	-1732.237375
44	0.224340	7500	-23.443164	-1755.680540
45	0.214281	7500	-22.821573	-1778.502113
46	0.204498	7500	-22.201681	-1800.703793
47	0.194988	7500	-21.585885	-1822.289678
48	0.185749	7500	-20.977558	-1843.267236
49	0.176777	7500	-20.366963	-1863.634199
50	0.168070	7500	-19.765674	-1883.399873
51	0.159626	7500	-19.181804	-1902.581677
52	0.151441	7500	-18.601940	-1921.183617
53	0.143514	7500	-18.032792	-1939.216409
54	0.135841	7500	-17.452369	-1956.668777
55	0.128420	7500	-16.879246	-1973.548024
56	0.121247	7500	-16.311186	-1989.859210
57	0.114320	7500	-15.760861	-2005.620071
58	0.107637	7500	-15.223594	-2020.843665
59	0.101193	7500	-14.685110	-2035.528775
60	0.094986	7500	-14.165319	-2049.694094
61	0.089014	7500	-13.641146	-2063.335240
62	0.083273	7500	-13.112173	-2076.447413
63	0.077760	7500	-12.612542	-2089.059955
64	0.072472	7500	-12.083339	-2101.143294
65	0.067406	7500	-11.610304	-2112.753598
66	0.062558	7500	-11.103638	-2123.857236
67	0.057926	7500	-10.620246	-2134.477482
68	0.053506	7500	-10.147462	-2144.624944
69	0.049295	7500	-9.693245	-2154.318189
70	0.045289	7500	-9.228905	-2163.547094
71	0.041485	7500	-8.804115	-2172.351210
72	0.037880	7500	-8.337974	-2180.689183
73	0.034469	7500	-7.955873	-2188.645056
74	0.031250	7500	-7.583442	-2196.228498
75	0.028218	7500	-7.731440	-2203.959938
76	0.025370	7500	-7.207936	-2211.167874
77	0.022702	7500	-7.146172	-2218.314046
78	0.020209	7500	-6.951310	-2225.265356
79	0.017889	7500	-6.469699	-2231.735055
80	0.015736	7500	-5.791118	-2237.526173
81	0.013746	7500	-5.580061	-2243.106233
82	0.011916	7500	-5.157764	-2248.263997
83	0.010240	7500	-4.683791	-2252.947788
84	0.008714	7500	-4.334076	-2257.281863
85	0.007334	7500	-3.930623	-2261.212486
86	0.006093	7500	-3.571531	-2264.784017
87	0.004988	7500	-3.190922	-2267.974939
88	0.004013	7500	-2.848503	-2270.823442
89	0.003162	7500	-2.506207	-2273.329650
90	0.002430	7500	-2.198436	-2275.528085
91	0.001810	7500	-1.902569	-2277.430655
92	0.001296	7500	-1.608667	-2279.039322
93	0.000882	7500	-1.386126	-2280.425448
94	0.000559	7500	-1.148548	-2281.573996
95	0.000320	7500	-0.920828	-2282.494824
96	0.000156	7500	-0.639918	-2283.134742
97	0.000057	7500	-0.373357	-2283.508098
98	0.000010	7500	-0.169250	-2283.677348
99	0.000000	7500	-0.040072	-2283.717420
Log marginal likelihood:	-2283.717420
0	0.975187	7500	-56.298821	-56.298821
1	0.950747	7500	-55.456736	-111.755556
2	0.926679	7500	-54.614310	-166.369867
3	0.902980	7500	-53.778325	-220.148192
4	0.879648	7500	-52.946139	-273.094331
5	0.856682	7500	-52.115989	-325.210320
6	0.834079	7500	-51.295857	-376.506177
7	0.811838	7500	-50.471657	-426.977834
8	0.789957	7500	-49.660989	-476.638823
9	0.768433	7500	-48.846444	-525.485267
10	0.747266	7500	-48.042753	-573.528020
11	0.726452	7500	-47.244494	-620.772514
12	0.705989	7500	-46.445635	-667.218150
13	0.685877	7500	-45.653802	-712.871952
14	0.666112	7500	-44.864215	-757.736167
15	0.646693	7500	-44.080925	-801.817092
16	0.627618	7500	-43.305173	-845.122266
17	0.608884	7500	-42.531696	-887.653961
18	0.590490	7500	-41.761821	-929.415782
19	0.572433	7500	-40.998617	-970.414399
20	0.554712	7500	-40.239620	-1010.654019
21	0.537324	7500	-39.479203	-1050.133222
22	0.520268	7500	-38.732066	-1088.865289
23	0.503540	7500	-37.988627	-1126.853915
24	0.487139	7500	-37.250063	-1164.103979
25	0.471063	7500	-36.511548	-1200.615527
26	0.455310	7500	-35.784224	-1236.399750
27	0.439877	7500	-35.057708	-1271.457459
28	0.424762	7500	-34.336647	-1305.794105
29	0.409963	7500	-33.624299	-1339.418404
30	0.395478	7500	-32.912008	-1372.330412
31	0.381305	7500	-32.210190	-1404.540602
32	0.367440	7500	-31.508309	-1436.048911
33	0.353883	7500	-30.812024	-1466.860935
34	0.340630	7500	-30.121236	-1496.982171
35	0.327680	7500	-29.434387	-1526.416558
36	0.315030	7500	-28.759471	-1555.176029
37	0.302677	7500	-28.082866	-1583.258896
38	0.290619	7500	-27.420397	-1610.679293
39	0.278855	7500	-26.757148	-1637.436440
40	0.267381	7500	-26.099733	-1663.536173
41	0.256195	7500	-25.447004	-1688.983177
42	0.245294	7500	-24.798772	-1713.781950
43	0.234677	7500	-24.157083	-1737.939032
44	0.224340	7500	-23.529024	-1761.468056
45	0.214281	7500	-22.900912	-1784.368969
46	0.204498	7500	-22.276452	-1806.645420
47	0.194988	7500	-21.661009	-1828.306430
48	0.185749	7500	-21.045122	-1849.351552
49	0.176777	7500	-20.438747	-1869.790299
50	0.168070	7500	-19.839432	-1889.629732
51	0.159626	7500	-19.249520	-1908.879252
52	0.151441	7500	-18.662773	-1927.542025
53	0.143514	7500	-18.079235	-1945.621260
54	0.135841	7500	-17.512104	-1963.133364
55	0.128420	7500	-16.940622	-1980.073986
56	0.121247	7500	-16.379477	-1996.453463
57	0.114320	7500	-15.836900	-2012.290363
58	0.107637	7500	-15.282425	-2027.572788
59	0.101193	7500	-14.743151	-2042.315940
60	0.094986	7500	-14.198958	-2056.514897
61	0.089014	7500	-13.673837	-2070.188735
62	0.083273	7500	-13.150223	-2083.338958
63	0.077760	7500	-12.641927	-2095.980885
64	0.072472	7500	-12.144172	-2108.125058
65	0.067406	7500	-11.633548	-2119.758606
66	0.062558	7500	-11.151222	-2130.909828
67	0.057926	7500	-10.678326	-2141.588153
68	0.053506	7500	-10.250253	-2151.838406
69	0.049295	7500	-9.810328	-2161.648734
70	0.045289	7500	-9.358933	-2171.007667
71	0.041485	7500	-8.817392	-2179.825059
72	0.037880	7500	-8.343003	-2188.168061
73	0.034469	7500	-8.042179	-2196.210241
74	0.031250	7500	-7.666171	-2203.876412
75	0.028218	7500	-7.216386	-2211.092798
76	0.025370	7500	-6.846397	-2217.939195
77	0.022702	7500	-7.414630	-2225.353825
78	0.020209	7500	-6.416360	-2231.770185
79	0.017889	7500	-6.484468	-2238.254653
80	0.015736	7500	-5.636935	-2243.891588
81	0.013746	7500	-5.587560	-2249.479148
82	0.011916	7500	-5.106497	-2254.585646
83	0.010240	7500	-4.694218	-2259.279863
84	0.008714	7500	-4.332531	-2263.612394
85	0.007334	7500	-3.941220	-2267.553615
86	0.006093	7500	-3.546031	-2271.099645
87	0.004988	7500	-3.202745	-2274.302390
88	0.004013	7500	-2.842178	-2277.144568
89	0.003162	7500	-2.558693	-2279.703261
90	0.002430	7500	-2.183217	-2281.886478
91	0.001810	7500	-1.896263	-2283.782740
92	0.001296	7500	-1.622677	-2285.405417
93	0.000882	7500	-1.356235	-2286.761653
94	0.000559	7500	-1.135648	-2287.897301
95	0.000320	7500	-0.871280	-2288.768581
96	0.000156	7500	-0.675214	-2289.443795
97	0.000057	7500	-0.399742	-2289.843538
98	0.000010	7500	-0.183772	-2290.027310
99	0.000000	7500	-0.045138	-2290.072448
Log marginal likelihood:	-2290.072448
0	0.975187	7500	-55.783262	-55.783262
1	0.950747	7500	-54.943163	-110.726424
2	0.926679	7500	-54.110540	-164.836964
3	0.902980	7500	-53.283752	-218.120716
4	0.879648	7500	-52.456234	-270.576950
5	0.856682	7500	-51.638342	-322.215292
6	0.834079	7500	-50.824232	-373.039524
7	0.811838	7500	-50.010419	-423.049943
8	0.789957	7500	-49.204412	-472.254356
9	0.768433	7500	-48.399772	-520.654128
10	0.747266	7500	-47.604914	-568.259042
11	0.726452	7500	-46.805903	-615.064945
12	0.705989	7500	-46.019561	-661.084506
13	0.685877	7500	-45.232913	-706.317419
14	0.666112	7500	-44.455332	-750.772751
15	0.646693	7500	-43.677875	-794.450626
16	0.627618	7500	-42.906863	-837.357488
17	0.608884	7500	-42.140855	-879.498344
18	0.590490	7500	-41.375715	-920.874059
19	0.572433	7500	-40.615571	-961.489630
20	0.554712	7500	-39.869126	-1001.358756
21	0.537324	7500	-39.122459	-1040.481215
22	0.520268	7500	-38.381742	-1078.862957
23	0.503540	7500	-37.643130	-1116.506087
24	0.487139	7500	-36.906327	-1153.412414
25	0.471063	7500	-36.175742	-1189.588156
26	0.455310	7500	-35.455181	-1225.043337
27	0.439877	7500	-34.732222	-1259.775559
28	0.424762	7500	-34.023223	-1293.798782
29	0.409963	7500	-33.312606	-1327.111388
30	0.395478	7500	-32.605935	-1359.717324
31	0.381305	7500	-31.912294	-1391.629618
32	0.367440	7500	-31.218168	-1422.847785
33	0.353883	7500	-30.529373	-1453.377158
34	0.340630	7500	-29.843105	-1483.220263
35	0.327680	7500	-29.167586	-1512.387849
36	0.315030	7500	-28.493828	-1540.881677
37	0.302677	7500	-27.826513	-1568.708189
38	0.290619	7500	-27.162967	-1595.871156
39	0.278855	7500	-26.510634	-1622.381790
40	0.267381	7500	-25.861562	-1648.243352
41	0.256195	7500	-25.209625	-1673.452978
42	0.245294	7500	-24.571384	-1698.024361
43	0.234677	7500	-23.934560	-1721.958921
44	0.224340	7500	-23.305392	-1745.264313
45	0.214281	7500	-22.685923	-1767.950236
46	0.204498	7500	-22.069611	-1790.019847
47	0.194988	7500	-21.455259	-1811.475106
48	0.185749	7500	-20.848228	-1832.323333
49	0.176777	7500	-20.248089	-1852.571422
50	0.168070	7500	-19.670239	-1872.241661
51	0.159626	7500	-19.076511	-1891.318172
52	0.151441	7500	-18.486614	-1909.804786
53	0.143514	7500	-17.908402	-1927.713188
54	0.135841	7500	-17.343358	-1945.056546
55	0.128420	7500	-16.790597	-1961.847143
56	0.121247	7500	-16.228367	-1978.075510
57	0.114320	7500	-15.662087	-1993.737597
58	0.107637	7500	-15.116589	-2008.854186
59	0.101193	7500	-14.585669	-2023.439855
60	0.094986	7500	-14.059617	-2037.499472
61	0.089014	7500	-13.533442	-2051.032914
62	0.083273	7500	-13.015125	-2064.048039
63	0.077760	7500	-12.509897	-2076.557936
64	0.072472	7500	-12.025519	-2088.583456
65	0.067406	7500	-11.517953	-2100.101408
66	0.062558	7500	-11.043982	-2111.145390
67	0.057926	7500	-10.551497	-2121.696887
68	0.053506	7500	-10.106917	-2131.803804
69	0.049295	7500	-9.611041	-2141.414845
70	0.045289	7500	-9.147067	-2150.561912
71	0.041485	7500	-8.695574	-2159.257486
72	0.037880	7500	-8.261246	-2167.518733
73	0.034469	7500	-7.826017	-2175.344749
74	0.031250	7500	-7.412413	-2182.757163
75	0.028218	7500	-6.989358	-2189.746521
76	0.025370	7500	-6.565426	-2196.311947
77	0.022702	7500	-6.209426	-2202.521374
78	0.020209	7500	-5.912249	-2208.433623
79	0.017889	7500	-5.541959	-2213.975582
80	0.015736	7500	-5.093168	-2219.068750
81	0.013746	7500	-4.686201	-2223.754951
82	0.011916	7500	-4.357870	-2228.112821
83	0.010240	7500	-3.973755	-2232.086576
84	0.008714	7500	-3.647265	-2235.733841
85	0.007334	7500	-3.303875	-2239.037716
86	0.006093	7500	-3.016057	-2242.053772
87	0.004988	7500	-2.719976	-2244.773748
88	0.004013	7500	-2.424884	-2247.198632
89	0.003162	7500	-2.150337	-2249.348970
90	0.002430	7500	-1.935018	-2251.283987
91	0.001810	7500	-1.669224	-2252.953211
92	0.001296	7500	-1.593321	-2254.546532
93	0.000882	7500	-1.398029	-2255.944560
94	0.000559	7500	-1.063957	-2257.008517
95	0.000320	7500	-0.917339	-2257.925856
96	0.000156	7500	-0.614036	-2258.539892
97	0.000057	7500	-0.372721	-2258.912612
98	0.000010	7500	-0.168076	-2259.080689
99	0.000000	7500	-0.041177	-2259.121866
Log marginal likelihood:	-2259.121866
0	0.975187	7500	-55.553547	-55.553547
1	0.950747	7500	-54.722623	-110.276170
2	0.926679	7500	-53.892268	-164.168438
3	0.902980	7500	-53.068366	-217.236804
4	0.879648	7500	-52.247357	-269.484160
5	0.856682	7500	-51.430661	-320.914821
6	0.834079	7500	-50.616745	-371.531566
7	0.811838	7500	-49.808160	-421.339727
8	0.789957	7500	-49.003085	-470.342812
9	0.768433	7500	-48.200262	-518.543074
10	0.747266	7500	-47.410691	-565.953765
11	0.726452	7500	-46.619020	-612.572784
12	0.705989	7500	-45.830688	-658.403472
13	0.685877	7500	-45.052194	-703.455667
14	0.666112	7500	-44.269496	-747.725162
15	0.646693	7500	-43.498890	-791.224052
16	0.627618	7500	-42.731798	-833.955851
17	0.608884	7500	-41.967527	-875.923378
18	0.590490	7500	-41.208320	-917.131698
19	0.572433	7500	-40.453102	-957.584800
20	0.554712	7500	-39.705965	-997.290765
21	0.537324	7500	-38.960154	-1036.250918
22	0.520268	7500	-38.222735	-1074.473653
23	0.503540	7500	-37.480076	-1111.953730
24	0.487139	7500	-36.755199	-1148.708929
25	0.471063	7500	-36.022503	-1184.731431
26	0.455310	7500	-35.307485	-1220.038917
27	0.439877	7500	-34.591510	-1254.630427
28	0.424762	7500	-33.883516	-1288.513943
29	0.409963	7500	-33.180711	-1321.694653
30	0.395478	7500	-32.475246	-1354.169900
31	0.381305	7500	-31.779285	-1385.949185
32	0.367440	7500	-31.088626	-1417.037811
33	0.353883	7500	-30.401482	-1447.439293
34	0.340630	7500	-29.720788	-1477.160082
35	0.327680	7500	-29.053567	-1506.213649
36	0.315030	7500	-28.378001	-1534.591650
37	0.302677	7500	-27.711478	-1562.303127
38	0.290619	7500	-27.053126	-1589.356253
39	0.278855	7500	-26.401353	-1615.757606
40	0.267381	7500	-25.756100	-1641.513706
41	0.256195	7500	-25.115958	-1666.629664
42	0.245294	7500	-24.477858	-1691.107522
43	0.234677	7500	-23.838433	-1714.945955
44	0.224340	7500	-23.207932	-1738.153886
45	0.214281	7500	-22.593342	-1760.747229
46	0.204498	7500	-21.974151	-1782.721380
47	0.194988	7500	-21.371553	-1804.092932
48	0.185749	7500	-20.765396	-1824.858328
49	0.176777	7500	-20.175856	-1845.034184
50	0.168070	7500	-19.574416	-1864.608600
51	0.159626	7500	-18.991622	-1883.600221
52	0.151441	7500	-18.410665	-1902.010887
53	0.143514	7500	-17.833904	-1919.844791
54	0.135841	7500	-17.276198	-1937.120989
55	0.128420	7500	-16.719368	-1953.840357
56	0.121247	7500	-16.160753	-1970.001109
57	0.114320	7500	-15.611872	-1985.612982
58	0.107637	7500	-15.071247	-2000.684229
59	0.101193	7500	-14.542892	-2015.227121
60	0.094986	7500	-14.009451	-2029.236572
61	0.089014	7500	-13.509548	-2042.746120
62	0.083273	7500	-12.992010	-2055.738130
63	0.077760	7500	-12.476072	-2068.214202
64	0.072472	7500	-11.973004	-2080.187206
65	0.067406	7500	-11.482381	-2091.669587
66	0.062558	7500	-10.997714	-2102.667301
67	0.057926	7500	-10.527644	-2113.194946
68	0.053506	7500	-10.066887	-2123.261832
69	0.049295	7500	-9.582167	-2132.843999
70	0.045289	7500	-9.167761	-2142.011760
71	0.041485	7500	-8.707824	-2150.719584
72	0.037880	7500	-8.640327	-2159.359911
73	0.034469	7500	-8.706635	-2168.066546
74	0.031250	7500	-8.165336	-2176.231882
75	0.028218	7500	-8.022056	-2184.253938
76	0.025370	7500	-7.505400	-2191.759338
77	0.022702	7500	-6.778985	-2198.538323
78	0.020209	7500	-5.891833	-2204.430156
79	0.017889	7500	-6.461656	-2210.891813
80	0.015736	7500	-6.031052	-2216.922865
81	0.013746	7500	-5.593464	-2222.516329
82	0.011916	7500	-5.096816	-2227.613146
83	0.010240	7500	-4.744125	-2232.357270
84	0.008714	7500	-4.327356	-2236.684626
85	0.007334	7500	-3.842816	-2240.527442
86	0.006093	7500	-3.544132	-2244.071573
87	0.004988	7500	-3.205951	-2247.277524
88	0.004013	7500	-2.855375	-2250.132898
89	0.003162	7500	-2.511935	-2252.644834
90	0.002430	7500	-2.208709	-2254.853542
91	0.001810	7500	-1.894171	-2256.747714
92	0.001296	7500	-1.646027	-2258.393740
93	0.000882	7500	-1.374340	-2259.768080
94	0.000559	7500	-1.069091	-2260.837172
95	0.000320	7500	-0.893665	-2261.730837
96	0.000156	7500	-0.615829	-2262.346666
97	0.000057	7500	-0.386886	-2262.733552
98	0.000010	7500	-0.170789	-2262.904341
99	0.000000	7500	-0.036892	-2262.941233
Log marginal likelihood:	-2262.941233
0	0.975187	7500	-55.972742	-55.972742
1	0.950747	7500	-55.134012	-111.106754
2	0.926679	7500	-54.301103	-165.407857
3	0.902980	7500	-53.465592	-218.873449
4	0.879648	7500	-52.637517	-271.510966
5	0.856682	7500	-51.813843	-323.324808
6	0.834079	7500	-50.995949	-374.320757
7	0.811838	7500	-50.185040	-424.505797
8	0.789957	7500	-49.371572	-473.877370
9	0.768433	7500	-48.566078	-522.443447
10	0.747266	7500	-47.763892	-570.207340
11	0.726452	7500	-46.967513	-617.174853
12	0.705989	7500	-46.174906	-663.349759
13	0.685877	7500	-45.386258	-708.736016
14	0.666112	7500	-44.605784	-753.341800
15	0.646693	7500	-43.830356	-797.172157
16	0.627618	7500	-43.053591	-840.225747
17	0.608884	7500	-42.285682	-882.511429
18	0.590490	7500	-41.520089	-924.031519
19	0.572433	7500	-40.758124	-964.789643
20	0.554712	7500	-40.001434	-1004.791077
21	0.537324	7500	-39.255632	-1044.046709
22	0.520268	7500	-38.506414	-1082.553122
23	0.503540	7500	-37.766987	-1120.320110
24	0.487139	7500	-37.034301	-1157.354410
25	0.471063	7500	-36.299814	-1193.654224
26	0.455310	7500	-35.578198	-1229.232422
27	0.439877	7500	-34.849859	-1264.082281
28	0.424762	7500	-34.136773	-1298.219055
29	0.409963	7500	-33.427754	-1331.646809
30	0.395478	7500	-32.723698	-1364.370507
31	0.381305	7500	-32.016214	-1396.386721
32	0.367440	7500	-31.326207	-1427.712927
33	0.353883	7500	-30.628634	-1458.341562
34	0.340630	7500	-29.947212	-1488.288773
35	0.327680	7500	-29.270956	-1517.559730
36	0.315030	7500	-28.590059	-1546.149789
37	0.302677	7500	-27.916796	-1574.066585
38	0.290619	7500	-27.260497	-1601.327082
39	0.278855	7500	-26.602463	-1627.929545
40	0.267381	7500	-25.951347	-1653.880891
41	0.256195	7500	-25.304379	-1679.185271
42	0.245294	7500	-24.653251	-1703.838521
43	0.234677	7500	-24.029510	-1727.868032
44	0.224340	7500	-23.386575	-1751.254607
45	0.214281	7500	-22.765039	-1774.019646
46	0.204498	7500	-22.142226	-1796.161873
47	0.194988	7500	-21.531381	-1817.693254
48	0.185749	7500	-20.913637	-1838.606891
49	0.176777	7500	-20.324097	-1858.930988
50	0.168070	7500	-19.728646	-1878.659634
51	0.159626	7500	-19.136077	-1897.795711
52	0.151441	7500	-18.548870	-1916.344581
53	0.143514	7500	-17.975886	-1934.320468
54	0.135841	7500	-17.406889	-1951.727356
55	0.128420	7500	-16.844370	-1968.571726
56	0.121247	7500	-16.288469	-1984.860195
57	0.114320	7500	-15.732770	-2000.592965
58	0.107637	7500	-15.181158	-2015.774123
59	0.101193	7500	-14.653064	-2030.427187
60	0.094986	7500	-14.135331	-2044.562518
61	0.089014	7500	-13.593838	-2058.156355
62	0.083273	7500	-13.085264	-2071.241620
63	0.077760	7500	-12.566068	-2083.807687
64	0.072472	7500	-12.065113	-2095.872800
65	0.067406	7500	-11.577328	-2107.450128
66	0.062558	7500	-11.079668	-2118.529797
67	0.057926	7500	-10.598047	-2129.127844
68	0.053506	7500	-10.131949	-2139.259793
69	0.049295	7500	-9.664617	-2148.924409
70	0.045289	7500	-9.223109	-2158.147519
71	0.041485	7500	-8.768930	-2166.916449
72	0.037880	7500	-8.372147	-2175.288596
73	0.034469	7500	-7.902157	-2183.190753
74	0.031250	7500	-7.595045	-2190.785798
75	0.028218	7500	-7.061923	-2197.847721
76	0.025370	7500	-7.732699	-2205.580420
77	0.022702	7500	-6.882229	-2212.462650
78	0.020209	7500	-6.769191	-2219.231840
79	0.017889	7500	-6.117765	-2225.349605
80	0.015736	7500	-6.040409	-2231.390014
81	0.013746	7500	-5.586687	-2236.976701
82	0.011916	7500	-5.157316	-2242.134017
83	0.010240	7500	-4.734729	-2246.868746
84	0.008714	7500	-4.332225	-2251.200971
85	0.007334	7500	-3.949305	-2255.150276
86	0.006093	7500	-3.561056	-2258.711332
87	0.004988	7500	-3.209591	-2261.920923
88	0.004013	7500	-2.850640	-2264.771563
89	0.003162	7500	-2.514534	-2267.286097
90	0.002430	7500	-2.189038	-2269.475136
91	0.001810	7500	-1.907936	-2271.383072
92	0.001296	7500	-1.615279	-2272.998351
93	0.000882	7500	-1.437595	-2274.435946
94	0.000559	7500	-1.169349	-2275.605295
95	0.000320	7500	-0.849564	-2276.454859
96	0.000156	7500	-0.659985	-2277.114845
97	0.000057	7500	-0.414375	-2277.529220
98	0.000010	7500	-0.180985	-2277.710205
99	0.000000	7500	-0.039885	-2277.750090
Log marginal likelihood:	-2277.750090
0	0.975187	7500	-55.790148	-55.790148
1	0.950747	7500	-54.954355	-110.744503
2	0.926679	7500	-54.115107	-164.859610
3	0.902980	7500	-53.288339	-218.147949
4	0.879648	7500	-52.465848	-270.613797
5	0.856682	7500	-51.643344	-322.257141
6	0.834079	7500	-50.827927	-373.085068
7	0.811838	7500	-50.017769	-423.102837
8	0.789957	7500	-49.207756	-472.310593
9	0.768433	7500	-48.409240	-520.719833
10	0.747266	7500	-47.612431	-568.332264
11	0.726452	7500	-46.812136	-615.144400
12	0.705989	7500	-46.029717	-661.174117
13	0.685877	7500	-45.240796	-706.414912
14	0.666112	7500	-44.461433	-750.876345
15	0.646693	7500	-43.685074	-794.561419
16	0.627618	7500	-42.911531	-837.472950
17	0.608884	7500	-42.145087	-879.618037
18	0.590490	7500	-41.381720	-920.999758
19	0.572433	7500	-40.621419	-961.621177
20	0.554712	7500	-39.876072	-1001.497249
21	0.537324	7500	-39.123880	-1040.621129
22	0.520268	7500	-38.381390	-1079.002519
23	0.503540	7500	-37.641501	-1116.644020
24	0.487139	7500	-36.908519	-1153.552539
25	0.471063	7500	-36.178929	-1189.731468
26	0.455310	7500	-35.455478	-1225.186946
27	0.439877	7500	-34.738749	-1259.925696
28	0.424762	7500	-34.023228	-1293.948923
29	0.409963	7500	-33.315435	-1327.264358
30	0.395478	7500	-32.611993	-1359.876351
31	0.381305	7500	-31.917148	-1391.793499
32	0.367440	7500	-31.216212	-1423.009711
33	0.353883	7500	-30.528687	-1453.538398
34	0.340630	7500	-29.845990	-1483.384388
35	0.327680	7500	-29.168456	-1512.552844
36	0.315030	7500	-28.496715	-1541.049560
37	0.302677	7500	-27.826443	-1568.876003
38	0.290619	7500	-27.165867	-1596.041870
39	0.278855	7500	-26.512015	-1622.553886
40	0.267381	7500	-25.864164	-1648.418049
41	0.256195	7500	-25.207576	-1673.625625
42	0.245294	7500	-24.570638	-1698.196263
43	0.234677	7500	-23.938982	-1722.135245
44	0.224340	7500	-23.311086	-1745.446331
45	0.214281	7500	-22.694994	-1768.141325
46	0.204498	7500	-22.065182	-1790.206507
47	0.194988	7500	-21.458229	-1811.664736
48	0.185749	7500	-20.855503	-1832.520239
49	0.176777	7500	-20.260642	-1852.780881
50	0.168070	7500	-19.659348	-1872.440230
51	0.159626	7500	-19.070615	-1891.510845
52	0.151441	7500	-18.495697	-1910.006542
53	0.143514	7500	-17.914250	-1927.920792
54	0.135841	7500	-17.339224	-1945.260016
55	0.128420	7500	-16.792965	-1962.052982
56	0.121247	7500	-16.231580	-1978.284561
57	0.114320	7500	-15.687160	-1993.971722
58	0.107637	7500	-15.140690	-2009.112412
59	0.101193	7500	-14.601961	-2023.714373
60	0.094986	7500	-14.069918	-2037.784291
61	0.089014	7500	-13.547372	-2051.331664
62	0.083273	7500	-13.028947	-2064.360611
63	0.077760	7500	-12.537393	-2076.898004
64	0.072472	7500	-12.021390	-2088.919395
65	0.067406	7500	-11.584645	-2100.504039
66	0.062558	7500	-11.036319	-2111.540358
67	0.057926	7500	-10.557879	-2122.098237
68	0.053506	7500	-10.088891	-2132.187128
69	0.049295	7500	-9.614794	-2141.801922
70	0.045289	7500	-9.159574	-2150.961497
71	0.041485	7500	-8.699451	-2159.660948
72	0.037880	7500	-8.268970	-2167.929918
73	0.034469	7500	-7.833863	-2175.763782
74	0.031250	7500	-7.409212	-2183.172993
75	0.028218	7500	-7.060303	-2190.233297
76	0.025370	7500	-7.349637	-2197.582934
77	0.022702	7500	-6.863144	-2204.446078
78	0.020209	7500	-6.816513	-2211.262591
79	0.017889	7500	-6.488664	-2217.751255
80	0.015736	7500	-6.043701	-2223.794955
81	0.013746	7500	-5.590799	-2229.385755
82	0.011916	7500	-5.146726	-2234.532480
83	0.010240	7500	-4.731721	-2239.264202
84	0.008714	7500	-4.326774	-2243.590976
85	0.007334	7500	-3.931552	-2247.522528
86	0.006093	7500	-3.565726	-2251.088254
87	0.004988	7500	-3.194384	-2254.282638
88	0.004013	7500	-2.867233	-2257.149872
89	0.003162	7500	-2.496956	-2259.646827
90	0.002430	7500	-2.210315	-2261.857142
91	0.001810	7500	-1.922423	-2263.779565
92	0.001296	7500	-1.592858	-2265.372423
93	0.000882	7500	-1.306975	-2266.679398
94	0.000559	7500	-1.058736	-2267.738134
95	0.000320	7500	-0.904415	-2268.642549
96	0.000156	7500	-0.566388	-2269.208937
97	0.000057	7500	-0.439439	-2269.648376
98	0.000010	7500	-0.218828	-2269.867203
99	0.000000	7500	-0.041560	-2269.908763
Log marginal likelihood:	-2269.908763
0	0.975187	7500	-56.191776	-56.191776
1	0.950747	7500	-55.349140	-111.540916
2	0.926679	7500	-54.507478	-166.048394
3	0.902980	7500	-53.677344	-219.725738
4	0.879648	7500	-52.838113	-272.563851
5	0.856682	7500	-52.012187	-324.576039
6	0.834079	7500	-51.192700	-375.768738
7	0.811838	7500	-50.374126	-426.142865
8	0.789957	7500	-49.557448	-475.700313
9	0.768433	7500	-48.754449	-524.454762
10	0.747266	7500	-47.948586	-572.403348
11	0.726452	7500	-47.152064	-619.555412
12	0.705989	7500	-46.351713	-665.907125
13	0.685877	7500	-45.563417	-711.470542
14	0.666112	7500	-44.776701	-756.247243
15	0.646693	7500	-43.996823	-800.244066
16	0.627618	7500	-43.217191	-843.461257
17	0.608884	7500	-42.445615	-885.906872
18	0.590490	7500	-41.679365	-927.586237
19	0.572433	7500	-40.916676	-968.502914
20	0.554712	7500	-40.159266	-1008.662179
21	0.537324	7500	-39.404673	-1048.066852
22	0.520268	7500	-38.657214	-1086.724066
23	0.503540	7500	-37.912977	-1124.637044
24	0.487139	7500	-37.172838	-1161.809882
25	0.471063	7500	-36.444231	-1198.254113
26	0.455310	7500	-35.712333	-1233.966445
27	0.439877	7500	-34.987881	-1268.954326
28	0.424762	7500	-34.265235	-1303.219561
29	0.409963	7500	-33.556763	-1336.776324
30	0.395478	7500	-32.848820	-1369.625144
31	0.381305	7500	-32.146851	-1401.771995
32	0.367440	7500	-31.444259	-1433.216254
33	0.353883	7500	-30.749689	-1463.965943
34	0.340630	7500	-30.061302	-1494.027245
35	0.327680	7500	-29.379565	-1523.406809
36	0.315030	7500	-28.702872	-1552.109682
37	0.302677	7500	-28.025548	-1580.135230
38	0.290619	7500	-27.358287	-1607.493517
39	0.278855	7500	-26.699643	-1634.193160
40	0.267381	7500	-26.043040	-1660.236201
41	0.256195	7500	-25.391457	-1685.627658
42	0.245294	7500	-24.751335	-1710.378992
43	0.234677	7500	-24.114342	-1734.493335
44	0.224340	7500	-23.474962	-1757.968296
45	0.214281	7500	-22.856532	-1780.824829
46	0.204498	7500	-22.234645	-1803.059474
47	0.194988	7500	-21.613904	-1824.673378
48	0.185749	7500	-20.998928	-1845.672306
49	0.176777	7500	-20.395265	-1866.067571
50	0.168070	7500	-19.810187	-1885.877758
51	0.159626	7500	-19.212736	-1905.090494
52	0.151441	7500	-18.623351	-1923.713845
53	0.143514	7500	-18.042116	-1941.755961
54	0.135841	7500	-17.476057	-1959.232017
55	0.128420	7500	-16.902589	-1976.134607
56	0.121247	7500	-16.342639	-1992.477246
57	0.114320	7500	-15.791906	-2008.269153
58	0.107637	7500	-15.238338	-2023.507490
59	0.101193	7500	-14.713024	-2038.220514
60	0.094986	7500	-14.170262	-2052.390776
61	0.089014	7500	-13.657161	-2066.047937
62	0.083273	7500	-13.133990	-2079.181927
63	0.077760	7500	-12.613902	-2091.795829
64	0.072472	7500	-12.109836	-2103.905665
65	0.067406	7500	-11.610489	-2115.516153
66	0.062558	7500	-11.146403	-2126.662556
67	0.057926	7500	-10.651302	-2137.313859
68	0.053506	7500	-10.182992	-2147.496850
69	0.049295	7500	-9.712201	-2157.209051
70	0.045289	7500	-9.245983	-2166.455034
71	0.041485	7500	-8.923075	-2175.378108
72	0.037880	7500	-9.968091	-2185.346199
73	0.034469	7500	-8.861175	-2194.207374
74	0.031250	7500	-8.021666	-2202.229039
75	0.028218	7500	-7.525149	-2209.754189
76	0.025370	7500	-7.907449	-2217.661638
77	0.022702	7500	-6.991251	-2224.652889
78	0.020209	7500	-6.941042	-2231.593930
79	0.017889	7500	-6.478404	-2238.072335
80	0.015736	7500	-6.026969	-2244.099304
81	0.013746	7500	-5.465765	-2249.565070
82	0.011916	7500	-5.150418	-2254.715487
83	0.010240	7500	-4.732501	-2259.447988
84	0.008714	7500	-4.331378	-2263.779366
85	0.007334	7500	-3.927143	-2267.706508
86	0.006093	7500	-3.550933	-2271.257441
87	0.004988	7500	-3.182660	-2274.440101
88	0.004013	7500	-2.842899	-2277.283000
89	0.003162	7500	-2.524850	-2279.807850
90	0.002430	7500	-2.176902	-2281.984752
91	0.001810	7500	-1.901182	-2283.885933
92	0.001296	7500	-1.649148	-2285.535082
93	0.000882	7500	-1.339645	-2286.874727
94	0.000559	7500	-1.090811	-2287.965537
95	0.000320	7500	-0.860049	-2288.825586
96	0.000156	7500	-0.549826	-2289.375411
97	0.000057	7500	-0.392987	-2289.768398
98	0.000010	7500	-0.187446	-2289.955844
99	0.000000	7500	-0.036785	-2289.992629
Log marginal likelihood:	-2289.992629
0	0.975187	7500	-56.444020	-56.444020
1	0.950747	7500	-55.597992	-112.042012
2	0.926679	7500	-54.750381	-166.792393
3	0.902980	7500	-53.917588	-220.709981
4	0.879648	7500	-53.083126	-273.793107
5	0.856682	7500	-52.249061	-326.042168
6	0.834079	7500	-51.425407	-377.467575
7	0.811838	7500	-50.603508	-428.071083
8	0.789957	7500	-49.788649	-477.859731
9	0.768433	7500	-48.975387	-526.835119
10	0.747266	7500	-48.163799	-574.998917
11	0.726452	7500	-47.359278	-622.358195
12	0.705989	7500	-46.564697	-668.922892
13	0.685877	7500	-45.774010	-714.696902
14	0.666112	7500	-44.977355	-759.674256
15	0.646693	7500	-44.193581	-803.867838
16	0.627618	7500	-43.408402	-847.276240
17	0.608884	7500	-42.641089	-889.917329
18	0.590490	7500	-41.867930	-931.785260
19	0.572433	7500	-41.098315	-972.883574
20	0.554712	7500	-40.344434	-1013.228009
21	0.537324	7500	-39.579596	-1052.807604
22	0.520268	7500	-38.833287	-1091.640892
23	0.503540	7500	-38.085535	-1129.726426
24	0.487139	7500	-37.339664	-1167.066090
25	0.471063	7500	-36.605339	-1203.671429
26	0.455310	7500	-35.873709	-1239.545138
27	0.439877	7500	-35.145727	-1274.690864
28	0.424762	7500	-34.420475	-1309.111339
29	0.409963	7500	-33.707039	-1342.818378
30	0.395478	7500	-32.997899	-1375.816276
31	0.381305	7500	-32.288735	-1408.105012
32	0.367440	7500	-31.589541	-1439.694553
33	0.353883	7500	-30.887822	-1470.582375
34	0.340630	7500	-30.193725	-1500.776100
35	0.327680	7500	-29.508721	-1530.284821
36	0.315030	7500	-28.829715	-1559.114536
37	0.302677	7500	-28.155466	-1587.270002
38	0.290619	7500	-27.484990	-1614.754992
39	0.278855	7500	-26.821461	-1641.576452
40	0.267381	7500	-26.164165	-1667.740617
41	0.256195	7500	-25.514461	-1693.255078
42	0.245294	7500	-24.860791	-1718.115869
43	0.234677	7500	-24.219366	-1742.335235
44	0.224340	7500	-23.585750	-1765.920986
45	0.214281	7500	-22.960004	-1788.880990
46	0.204498	7500	-22.336856	-1811.217846
47	0.194988	7500	-21.714153	-1832.931999
48	0.185749	7500	-21.096801	-1854.028800
49	0.176777	7500	-20.488099	-1874.516899
50	0.168070	7500	-19.898178	-1894.415077
51	0.159626	7500	-19.290591	-1913.705668
52	0.151441	7500	-18.703252	-1932.408920
53	0.143514	7500	-18.130299	-1950.539219
54	0.135841	7500	-17.557619	-1968.096838
55	0.128420	7500	-16.985513	-1985.082350
56	0.121247	7500	-16.422412	-2001.504763
57	0.114320	7500	-15.862452	-2017.367215
58	0.107637	7500	-15.310854	-2032.678069
59	0.101193	7500	-14.781129	-2047.459198
60	0.094986	7500	-14.233311	-2061.692509
61	0.089014	7500	-13.720221	-2075.412730
62	0.083273	7500	-13.189409	-2088.602139
63	0.077760	7500	-12.664950	-2101.267088
64	0.072472	7500	-12.190089	-2113.457177
65	0.067406	7500	-11.676430	-2125.133607
66	0.062558	7500	-11.188105	-2136.321712
67	0.057926	7500	-10.686358	-2147.008071
68	0.053506	7500	-10.208271	-2157.216341
69	0.049295	7500	-9.756360	-2166.972701
70	0.045289	7500	-9.282925	-2176.255626
71	0.041485	7500	-8.834181	-2185.089807
72	0.037880	7500	-8.401469	-2193.491276
73	0.034469	7500	-8.024398	-2201.515674
74	0.031250	7500	-8.032745	-2209.548419
75	0.028218	7500	-8.170791	-2217.719211
76	0.025370	7500	-7.583601	-2225.302812
77	0.022702	7500	-7.247313	-2232.550125
78	0.020209	7500	-6.949860	-2239.499985
79	0.017889	7500	-6.145049	-2245.645034
80	0.015736	7500	-6.033529	-2251.678563
81	0.013746	7500	-5.583417	-2257.261980
82	0.011916	7500	-5.154132	-2262.416112
83	0.010240	7500	-4.711777	-2267.127890
84	0.008714	7500	-4.333865	-2271.461755
85	0.007334	7500	-3.944120	-2275.405875
86	0.006093	7500	-3.551123	-2278.956998
87	0.004988	7500	-3.201821	-2282.158819
88	0.004013	7500	-2.870448	-2285.029266
89	0.003162	7500	-2.538808	-2287.568075
90	0.002430	7500	-2.195839	-2289.763914
91	0.001810	7500	-1.924906	-2291.688820
92	0.001296	7500	-1.628171	-2293.316991
93	0.000882	7500	-1.400010	-2294.717001
94	0.000559	7500	-1.076337	-2295.793338
95	0.000320	7500	-0.769443	-2296.562781
96	0.000156	7500	-0.827101	-2297.389883
97	0.000057	7500	-0.391397	-2297.781279
98	0.000010	7500	-0.184462	-2297.965742
99	0.000000	7500	-0.037543	-2298.003285
Log marginal likelihood:	-2298.003285
0	0.975187	7500	-56.440913	-56.440913
1	0.950747	7500	-55.591306	-112.032218
2	0.926679	7500	-54.753449	-166.785667
3	0.902980	7500	-53.910133	-220.695800
4	0.879648	7500	-53.074732	-273.770532
5	0.856682	7500	-52.249386	-326.019918
6	0.834079	7500	-51.423458	-377.443376
7	0.811838	7500	-50.595963	-428.039339
8	0.789957	7500	-49.783679	-477.823018
9	0.768433	7500	-48.969806	-526.792824
10	0.747266	7500	-48.161644	-574.954468
11	0.726452	7500	-47.354153	-622.308621
12	0.705989	7500	-46.560042	-668.868664
13	0.685877	7500	-45.765360	-714.634024
14	0.666112	7500	-44.974558	-759.608582
15	0.646693	7500	-44.193396	-803.801978
16	0.627618	7500	-43.410375	-847.212353
17	0.608884	7500	-42.633376	-889.845729
18	0.590490	7500	-41.863059	-931.708788
19	0.572433	7500	-41.092640	-972.801428
20	0.554712	7500	-40.338680	-1013.140108
21	0.537324	7500	-39.578487	-1052.718595
22	0.520268	7500	-38.826671	-1091.545266
23	0.503540	7500	-38.081467	-1129.626733
24	0.487139	7500	-37.342028	-1166.968760
25	0.471063	7500	-36.603862	-1203.572622
26	0.455310	7500	-35.872210	-1239.444833
27	0.439877	7500	-35.142641	-1274.587474
28	0.424762	7500	-34.419095	-1309.006569
29	0.409963	7500	-33.696820	-1342.703389
30	0.395478	7500	-32.994138	-1375.697526
31	0.381305	7500	-32.284252	-1407.981778
32	0.367440	7500	-31.582601	-1439.564379
33	0.353883	7500	-30.881138	-1470.445517
34	0.340630	7500	-30.193744	-1500.639262
35	0.327680	7500	-29.511764	-1530.151026
36	0.315030	7500	-28.827062	-1558.978088
37	0.302677	7500	-28.153832	-1587.131920
38	0.290619	7500	-27.483745	-1614.615665
39	0.278855	7500	-26.820261	-1641.435926
40	0.267381	7500	-26.164884	-1667.600810
41	0.256195	7500	-25.507051	-1693.107861
42	0.245294	7500	-24.861186	-1717.969047
43	0.234677	7500	-24.219151	-1742.188198
44	0.224340	7500	-23.584631	-1765.772830
45	0.214281	7500	-22.953719	-1788.726548
46	0.204498	7500	-22.327261	-1811.053809
47	0.194988	7500	-21.712503	-1832.766312
48	0.185749	7500	-21.095811	-1853.862123
49	0.176777	7500	-20.489038	-1874.351161
50	0.168070	7500	-19.891285	-1894.242446
51	0.159626	7500	-19.294509	-1913.536955
52	0.151441	7500	-18.707081	-1932.244036
53	0.143514	7500	-18.129616	-1950.373653
54	0.135841	7500	-17.550687	-1967.924339
55	0.128420	7500	-16.989489	-1984.913829
56	0.121247	7500	-16.423062	-2001.336890
57	0.114320	7500	-15.870863	-2017.207753
58	0.107637	7500	-15.310394	-2032.518147
59	0.101193	7500	-14.777300	-2047.295447
60	0.094986	7500	-14.228565	-2061.524012
61	0.089014	7500	-13.710294	-2075.234306
62	0.083273	7500	-13.192404	-2088.426710
63	0.077760	7500	-12.670966	-2101.097676
64	0.072472	7500	-12.159850	-2113.257526
65	0.067406	7500	-11.670509	-2124.928035
66	0.062558	7500	-11.182086	-2136.110121
67	0.057926	7500	-10.702894	-2146.813015
68	0.053506	7500	-10.245906	-2157.058921
69	0.049295	7500	-9.752605	-2166.811526
70	0.045289	7500	-9.292129	-2176.103655
71	0.041485	7500	-8.835305	-2184.938960
72	0.037880	7500	-8.422305	-2193.361265
73	0.034469	7500	-8.102160	-2201.463425
74	0.031250	7500	-7.840443	-2209.303869
75	0.028218	7500	-7.583490	-2216.887358
76	0.025370	7500	-7.126684	-2224.014042
77	0.022702	7500	-7.436135	-2231.450178
78	0.020209	7500	-6.873295	-2238.323472
79	0.017889	7500	-6.330437	-2244.653910
80	0.015736	7500	-6.016601	-2250.670510
81	0.013746	7500	-5.580977	-2256.251487
82	0.011916	7500	-5.161520	-2261.413007
83	0.010240	7500	-4.715398	-2266.128405
84	0.008714	7500	-4.322876	-2270.451280
85	0.007334	7500	-3.895757	-2274.347037
86	0.006093	7500	-3.558384	-2277.905421
87	0.004988	7500	-3.198078	-2281.103499
88	0.004013	7500	-2.851245	-2283.954743
89	0.003162	7500	-2.527646	-2286.482389
90	0.002430	7500	-2.208420	-2288.690809
91	0.001810	7500	-1.911287	-2290.602096
92	0.001296	7500	-1.646054	-2292.248150
93	0.000882	7500	-1.359714	-2293.607864
94	0.000559	7500	-1.098038	-2294.705902
95	0.000320	7500	-0.810217	-2295.516119
96	0.000156	7500	-0.658770	-2296.174889
97	0.000057	7500	-0.396549	-2296.571437
98	0.000010	7500	-0.193469	-2296.764906
99	0.000000	7500	-0.042870	-2296.807776
Log marginal likelihood:	-2296.807776
0	0.975187	7500	-56.600386	-56.600386
1	0.950747	7500	-55.753281	-112.353668
2	0.926679	7500	-54.903651	-167.257319
3	0.902980	7500	-54.063213	-221.320532
4	0.879648	7500	-53.226987	-274.547519
5	0.856682	7500	-52.396254	-326.943773
6	0.834079	7500	-51.566443	-378.510215
7	0.811838	7500	-50.741418	-429.251633
8	0.789957	7500	-49.921151	-479.172784
9	0.768433	7500	-49.108783	-528.281568
10	0.747266	7500	-48.296719	-576.578287
11	0.726452	7500	-47.490387	-624.068674
12	0.705989	7500	-46.692078	-670.760753
13	0.685877	7500	-45.891926	-716.652679
14	0.666112	7500	-45.100554	-761.753233
15	0.646693	7500	-44.311969	-806.065202
16	0.627618	7500	-43.533239	-849.598441
17	0.608884	7500	-42.756751	-892.355192
18	0.590490	7500	-41.984559	-934.339752
19	0.572433	7500	-41.212526	-975.552278
20	0.554712	7500	-40.451884	-1016.004161
21	0.537324	7500	-39.695486	-1055.699648
22	0.520268	7500	-38.939333	-1094.638981
23	0.503540	7500	-38.191482	-1132.830463
24	0.487139	7500	-37.443363	-1170.273825
25	0.471063	7500	-36.709870	-1206.983695
26	0.455310	7500	-35.971041	-1242.954736
27	0.439877	7500	-35.240715	-1278.195451
28	0.424762	7500	-34.517832	-1312.713284
29	0.409963	7500	-33.799568	-1346.512852
30	0.395478	7500	-33.084224	-1379.597076
31	0.381305	7500	-32.372185	-1411.969261
32	0.367440	7500	-31.670376	-1443.639637
33	0.353883	7500	-30.973216	-1474.612854
34	0.340630	7500	-30.278900	-1504.891754
35	0.327680	7500	-29.594793	-1534.486546
36	0.315030	7500	-28.911066	-1563.397613
37	0.302677	7500	-28.234047	-1591.631660
38	0.290619	7500	-27.561271	-1619.192930
39	0.278855	7500	-26.889396	-1646.082326
40	0.267381	7500	-26.230867	-1672.313194
41	0.256195	7500	-25.581668	-1697.894861
42	0.245294	7500	-24.928486	-1722.823347
43	0.234677	7500	-24.284529	-1747.107876
44	0.224340	7500	-23.651466	-1770.759342
45	0.214281	7500	-23.015833	-1793.775175
46	0.204498	7500	-22.386066	-1816.161241
47	0.194988	7500	-21.766650	-1837.927892
48	0.185749	7500	-21.148626	-1859.076518
49	0.176777	7500	-20.547890	-1879.624408
50	0.168070	7500	-19.940358	-1899.564766
51	0.159626	7500	-19.340077	-1918.904843
52	0.151441	7500	-18.750558	-1937.655402
53	0.143514	7500	-18.166198	-1955.821600
54	0.135841	7500	-17.613626	-1973.435226
55	0.128420	7500	-17.041395	-1990.476621
56	0.121247	7500	-16.456158	-2006.932778
57	0.114320	7500	-15.907667	-2022.840446
58	0.107637	7500	-15.357979	-2038.198425
59	0.101193	7500	-14.806938	-2053.005363
60	0.094986	7500	-14.275883	-2067.281246
61	0.089014	7500	-13.747870	-2081.029116
62	0.083273	7500	-13.218063	-2094.247178
63	0.077760	7500	-12.717424	-2106.964602
64	0.072472	7500	-12.197062	-2119.161664
65	0.067406	7500	-11.712410	-2130.874074
66	0.062558	7500	-11.203047	-2142.077121
67	0.057926	7500	-10.714536	-2152.791657
68	0.053506	7500	-10.229884	-2163.021541
69	0.049295	7500	-9.764405	-2172.785946
70	0.045289	7500	-9.314901	-2182.100847
71	0.041485	7500	-8.861572	-2190.962419
72	0.037880	7500	-8.988947	-2199.951366
73	0.034469	7500	-8.357980	-2208.309345
74	0.031250	7500	-7.573304	-2215.882650
75	0.028218	7500	-7.795677	-2223.678326
76	0.025370	7500	-7.586139	-2231.264465
77	0.022702	7500	-7.424677	-2238.689142
78	0.020209	7500	-6.585813	-2245.274955
79	0.017889	7500	-6.346968	-2251.621924
80	0.015736	7500	-6.027725	-2257.649649
81	0.013746	7500	-5.540274	-2263.189923
82	0.011916	7500	-5.071311	-2268.261234
83	0.010240	7500	-4.703844	-2272.965078
84	0.008714	7500	-4.342121	-2277.307199
85	0.007334	7500	-3.940925	-2281.248124
86	0.006093	7500	-3.574064	-2284.822188
87	0.004988	7500	-3.212655	-2288.034844
88	0.004013	7500	-2.866754	-2290.901597
89	0.003162	7500	-2.528879	-2293.430476
90	0.002430	7500	-2.231881	-2295.662357
91	0.001810	7500	-1.919235	-2297.581593
92	0.001296	7500	-1.622123	-2299.203716
93	0.000882	7500	-1.370175	-2300.573891
94	0.000559	7500	-1.110695	-2301.684586
95	0.000320	7500	-0.832443	-2302.517028
96	0.000156	7500	-0.636486	-2303.153514
97	0.000057	7500	-0.391963	-2303.545478
98	0.000010	7500	-0.188947	-2303.734425
99	0.000000	7500	-0.042207	-2303.776632
Log marginal likelihood:	-2303.776632
0	0.975187	7500	-55.622380	-55.622380
1	0.950747	7500	-54.790120	-110.412500
2	0.926679	7500	-53.955042	-164.367542
3	0.902980	7500	-53.130543	-217.498085
4	0.879648	7500	-52.306030	-269.804115
5	0.856682	7500	-51.488858	-321.292973
6	0.834079	7500	-50.675802	-371.968774
7	0.811838	7500	-49.864677	-421.833452
8	0.789957	7500	-49.064677	-470.898129
9	0.768433	7500	-48.259138	-519.157266
10	0.747266	7500	-47.463491	-566.620758
11	0.726452	7500	-46.674909	-613.295667
12	0.705989	7500	-45.890125	-659.185792
13	0.685877	7500	-45.102779	-704.288571
14	0.666112	7500	-44.328104	-748.616675
15	0.646693	7500	-43.554134	-792.170809
16	0.627618	7500	-42.780981	-834.951789
17	0.608884	7500	-42.017193	-876.968983
18	0.590490	7500	-41.260003	-918.228985
19	0.572433	7500	-40.503903	-958.732889
20	0.554712	7500	-39.756328	-998.489216
21	0.537324	7500	-39.006749	-1037.495966
22	0.520268	7500	-38.268584	-1075.764549
23	0.503540	7500	-37.528390	-1113.292939
24	0.487139	7500	-36.799309	-1150.092248
25	0.471063	7500	-36.072982	-1186.165230
26	0.455310	7500	-35.353311	-1221.518541
27	0.439877	7500	-34.636264	-1256.154805
28	0.424762	7500	-33.925129	-1290.079934
29	0.409963	7500	-33.218824	-1323.298757
30	0.395478	7500	-32.515585	-1355.814342
31	0.381305	7500	-31.816019	-1387.630361
32	0.367440	7500	-31.123138	-1418.753500
33	0.353883	7500	-30.436726	-1449.190226
34	0.340630	7500	-29.761638	-1478.951864
35	0.327680	7500	-29.083399	-1508.035263
36	0.315030	7500	-28.412058	-1536.447321
37	0.302677	7500	-27.743162	-1564.190483
38	0.290619	7500	-27.083444	-1591.273927
39	0.278855	7500	-26.432937	-1617.706864
40	0.267381	7500	-25.784002	-1643.490867
41	0.256195	7500	-25.139232	-1668.630099
42	0.245294	7500	-24.503705	-1693.133804
43	0.234677	7500	-23.870691	-1717.004494
44	0.224340	7500	-23.242076	-1740.246570
45	0.214281	7500	-22.625233	-1762.871803
46	0.204498	7500	-22.003490	-1784.875293
47	0.194988	7500	-21.395720	-1806.271013
48	0.185749	7500	-20.790483	-1827.061495
49	0.176777	7500	-20.196237	-1847.257733
50	0.168070	7500	-19.605062	-1866.862795
51	0.159626	7500	-19.017342	-1885.880137
52	0.151441	7500	-18.440858	-1904.320996
53	0.143514	7500	-17.861076	-1922.182072
54	0.135841	7500	-17.291856	-1939.473928
55	0.128420	7500	-16.737889	-1956.211818
56	0.121247	7500	-16.185895	-1972.397712
57	0.114320	7500	-15.641829	-1988.039541
58	0.107637	7500	-15.098105	-2003.137646
59	0.101193	7500	-14.560133	-2017.697779
60	0.094986	7500	-14.030719	-2031.728498
61	0.089014	7500	-13.512263	-2045.240761
62	0.083273	7500	-12.999199	-2058.239960
63	0.077760	7500	-12.485241	-2070.725200
64	0.072472	7500	-11.984196	-2082.709396
65	0.067406	7500	-11.498506	-2094.207902
66	0.062558	7500	-11.023614	-2105.231516
67	0.057926	7500	-10.540319	-2115.771835
68	0.053506	7500	-10.079695	-2125.851530
69	0.049295	7500	-9.612640	-2135.464170
70	0.045289	7500	-9.170967	-2144.635137
71	0.041485	7500	-8.712028	-2153.347165
72	0.037880	7500	-8.296599	-2161.643764
73	0.034469	7500	-8.127812	-2169.771576
74	0.031250	7500	-8.151649	-2177.923225
75	0.028218	7500	-7.714049	-2185.637274
76	0.025370	7500	-7.256927	-2192.894201
77	0.022702	7500	-7.155648	-2200.049849
78	0.020209	7500	-6.943287	-2206.993136
79	0.017889	7500	-6.335677	-2213.328813
80	0.015736	7500	-5.903157	-2219.231970
81	0.013746	7500	-5.507473	-2224.739443
82	0.011916	7500	-5.155665	-2229.895108
83	0.010240	7500	-4.725448	-2234.620556
84	0.008714	7500	-4.339381	-2238.959937
85	0.007334	7500	-3.931994	-2242.891931
86	0.006093	7500	-3.547565	-2246.439496
87	0.004988	7500	-3.191018	-2249.630514
88	0.004013	7500	-2.867802	-2252.498315
89	0.003162	7500	-2.540573	-2255.038888
90	0.002430	7500	-2.245227	-2257.284115
91	0.001810	7500	-1.899289	-2259.183404
92	0.001296	7500	-1.619653	-2260.803057
93	0.000882	7500	-1.316816	-2262.119873
94	0.000559	7500	-1.104432	-2263.224306
95	0.000320	7500	-0.899196	-2264.123502
96	0.000156	7500	-0.583075	-2264.706577
97	0.000057	7500	-0.399533	-2265.106110
98	0.000010	7500	-0.195744	-2265.301854
99	0.000000	7500	-0.043761	-2265.345614
Log marginal likelihood:	-2265.345614
