Estimate	Est.Error	Q2.5	Q97.5
abar1238	0.37849670363337	1.97717840149495	-3.48537591130818	4.61243051802143
abee1242	-0.808113739372808	2.15054284425074	-5.21949189115115	3.32162829046099
abkh1244	-0.403399301688195	2.32544652387109	-5.29661947860955	3.99954818839861
abun1252	2.11106819870386	2.39440167302292	-2.07904413271966	7.48987002785156
acha1249	0.0794210328181711	2.10766622122304	-4.16775211710776	4.24766684804019
acha1250	0.71453438789024	2.06354369217604	-3.22576075473667	5.22680491693249
achi1256	0.977128298951971	2.19971187690393	-3.03835969811829	5.7922684652607
achi1257	0.213980928657067	2.22972801054376	-4.35274672470422	4.83766533735826
achu1248	-0.137922124896163	2.20256292941991	-4.63280130932824	4.23301350248143
acol1236	-0.532010123819725	1.96246356738266	-4.52360220998425	3.33048059658589
adan1251	0.0637058570314382	2.20109550086616	-4.47230400684866	4.64170773028686
adon1237	0.389210916883618	2.16784987394576	-3.76565466853643	4.92478534261116
adze1240	-1.08096887180767	1.84871583705319	-4.90105309566348	2.40358114771697
afar1241	-0.560850397998359	2.17576824617857	-5.32643708889768	3.5573305542979
aghe1239	0.223173091122655	1.99662890238862	-3.67973830759316	4.25791270567691
aghu1255	-0.689614758951989	2.25467135930815	-5.30947607530814	3.66158095103952
agob1244	-1.14409511063354	2.25655672954162	-5.78231638140613	3.00544378787872
agua1253	-0.376373412244605	2.28989197753995	-5.11449072329742	3.9631218565403
agut1237	0.364780550792996	2.19624916665971	-3.73223444361926	5.074997231082
aheu1239	0.301975792855853	2.22262630697084	-4.03345212356971	4.87461040861619
ahin1234	0.793849707485655	2.25408498721565	-3.31416757318749	5.6974536604282
aime1238	-1.83791592895751	2.3239830310752	-6.91851094565992	2.28966240945476
ainu1240	-0.224463533186561	2.31612426132156	-4.96522526186877	4.52773678497434
ajab1235	0.478552874374034	2.21048992008487	-3.84776599960761	5.17861578486094
ajas1235	0.407842114867481	2.30276848627001	-4.06481952260831	5.15101284745597
ajie1238	0.618597453080864	2.12282041603755	-3.37137610915119	5.22126293286332
akha1245	-0.171164732816165	2.09604900730563	-4.54642448743552	3.96559868100963
akoo1248	-0.614229054362814	2.03509219689793	-4.82329491044962	3.424189452121
alab1237	-0.246938307591843	2.22143579070258	-4.86282017086387	3.99817597516088
alab1254	-0.972631685055394	2.15425591396952	-5.5765100350853	3.04301024226561
alac1244	1.36708495925444	2.29341608137483	-2.7963368256185	6.38626256983459
alag1248	0.142325986441804	1.90401495806144	-3.67589644400983	3.91691988269029
aleu1260	-0.679635021519712	2.0956725462583	-5.05628674142236	3.40133559800565
alor1247	0.107280461766498	2.21002121215712	-4.3604790644309	4.67389134980965
aluk1238	2.20657636451504	2.2258984321431	-1.56136292022707	7.13566580793023
alya1239	2.42885997967128	2.14424120638071	-1.24603232461711	7.03921314381449
amah1246	-0.380145157668878	2.24895189807612	-4.93841719367089	4.06903416358559
amam1246	-2.3749003130035	2.14582784033347	-7.06615681591998	1.2782775961969
amap1240	-0.781066061184758	2.12732609579109	-5.2868444558439	3.23152182495803
amdo1237	1.95560513853438	2.03223978465094	-1.59012144501803	6.41761162506188
amii1238	-0.431070006449132	2.26172726612525	-5.12792934903641	3.96947175395608
amis1246	-0.438309553671893	1.98675185012312	-4.5220466280489	3.40884864197344
anei1239	0.306674217562956	2.18224720193656	-3.85200946600682	4.64624546187206
anfi1235	-0.309649648876508	2.3275789099468	-4.99752569431113	4.41951579258974
anga1288	-1.31752018244327	2.06239398097672	-5.60858740811786	2.58721843653526
ango1257	-0.208301184769331	2.26507618575688	-4.85719958170309	4.2052399578834
anta1255	-2.04133341566662	2.14932727880396	-6.68928060433638	1.71172576450083
anuf1239	0.485314173672665	2.25422765199176	-3.77769911575811	5.20996932610051
anut1237	0.171193279148814	2.29074731326472	-4.38016311474854	4.80495500236546
anuu1241	1.38794490504393	1.96630850931143	-2.21027717418235	5.52713641897841
aona1235	-0.641218248940245	1.94452389314194	-4.60654448666195	3.09654868133413
aoua1234	0.2689863213447	2.2611492694089	-4.24469576216404	4.86674789756918
apat1240	-1.18852637131506	2.08340352216091	-5.76166813792042	2.59434209165261
apin1244	-0.634897211385355	2.17156055831664	-5.31902619992515	3.55318328719653
apma1240	0.986570539919897	1.99576514338585	-2.76907502085404	5.23589251163256
apur1254	-1.61640100136082	2.12428718385888	-6.15456308824997	2.26231206488842
arak1252	1.02797887726893	2.05292271484525	-2.78755056471777	5.40557090703186
arao1248	-0.371188519092929	2.15054090445701	-4.8484191529633	3.76837366524911
arap1274	0.903359872717447	2.00493577035031	-2.75440778291916	5.31725510070884
araw1276	-0.178420453487908	1.8497473641312	-3.8480588850366	3.51463203042183
arbo1245	0.343924709673675	1.81724896052818	-3.20129343939419	4.06701519467546
arch1244	-0.4652883802511	2.31978446054086	-5.25213754669116	4.00859173369123
area1240	0.703081247042364	2.06448716179316	-3.18520669163179	5.01978563973571
aree1239	-4.06655619022498	2.28713104128694	-8.8614597557425	-0.0414835442784147
argo1244	-0.878391159251337	2.16029759351257	-5.31535538316498	3.17481960692482
arhu1242	-0.539567543064952	2.17658125136609	-5.0319506320883	3.66135677920037
arig1246	-0.0142965447455396	2.14465268564699	-4.20391723355786	4.35746468139442
arop1242	0.315806358313862	2.07811909943586	-3.68568433072385	4.62081111438193
arop1243	-0.148874878088027	1.93018089865453	-4.04033070935659	3.77354219996888
aros1241	-0.554471011652031	2.03586409971413	-4.62146927664072	3.44497626133315
arta1239	0.757891259588341	2.15965247033434	-3.3088746828269	5.3212352996079
ashe1272	0.917652977710738	2.05404675068704	-2.90560754404359	5.17923501753163
asoa1238	0.609781927811348	2.12998602417572	-3.46394856561187	5.14978539556392
assi1247	-0.275772060763245	2.25727414295842	-4.93804816913365	4.15190004282626
asut1235	0.304610315065866	2.24134631109081	-4.21760996205574	4.86426200353615
atam1240	0.460078609078228	2.12974874060833	-3.68149372155821	4.87277321621071
atay1247	0.294337157900841	2.04001418302272	-3.54973081825313	4.39552001071048
athp1241	-1.74008624270055	2.22961768884613	-6.59038494956603	2.2833995772678
aton1241	-0.973149612389815	2.16745364745741	-5.6276671917477	3.09551422701741
auuu1241	0.0193971245580851	2.02387047926785	-4.05784288038821	4.10624132833001
auye1238	0.210168479189063	2.22466327998428	-4.32030842455931	4.64407167624551
awad1244	-2.22407724451976	1.87972037890367	-6.172846526805	1.09937113335673
awar1248	-1.14182492222261	1.7964039441637	-4.92586062348805	2.32687678978335
awar1249	-3.82140596867974	2.27923152863399	-8.67040480979085	0.0921840312013082
awet1244	-1.15724480054899	1.98040629070279	-5.33694894083624	2.58948250945986
awji1241	0.34121925117801	2.25100543469793	-4.11245906471696	5.12721300916801
axam1237	0.731902513553517	1.92722089549461	-2.96556881457072	4.81976053271151
ayac1239	-0.129377257463104	2.22890705885945	-4.70773031079068	4.25244329820441
ayiw1239	0.431047164326471	2.13963743170118	-3.73773295856674	4.98662204093662
baba1264	-0.321385414469701	1.95733547092117	-4.399466161951	3.5779181562265
baba1266	-0.358435397034107	1.99496625653286	-4.48307714700201	3.60156287765911
bafa1247	-0.403881306808195	2.06797689187987	-4.59483360078426	3.75082680159317
bafi1243	-1.85066072896882	1.96688652940423	-6.04152290634221	1.68849975688923
bafu1246	-0.0458089101694632	2.01083912278969	-3.96161792114929	4.01002568851432
baga1272	0.520213939777017	2.0906396077803	-3.54994265519474	4.82760999810991
bagi1246	1.19086261640291	2.14735797513488	-2.76619495094624	5.91120354235344
bagv1239	-0.543763581768348	2.347665380624	-5.58592029704971	4.01896472842835
bahn1262	0.502221709125448	2.23869863329393	-3.7523003180967	5.23491732717226
baim1244	-0.446900845645569	2.1792324870744	-4.99044993572082	3.60294311135263
baka1272	0.243201266981903	2.31937158450575	-4.24657297523247	5.18545376498644
baka1274	0.379424586753886	2.16331869835116	-3.75390476261225	5.05123297058949
bala1311	0.514421259102657	2.15457051960975	-3.65775941873318	5.12594719222164
bala1315	-0.129248847518974	2.2125140203609	-4.46500161081208	4.38779257426949
bala1316	0.487059645997399	2.15811780181489	-3.6457993010271	4.98638292684327
bali1278	0.152221650334559	2.26458131005876	-4.30532333288807	4.81243465766555
balo1261	-1.14420916815204	2.05570696508772	-5.4796352786515	2.73716314069166
balu1257	0.187425548509829	2.1415167803352	-3.96002542851837	4.70182527868938
bamb1270	0.300719207664571	2.26455447300291	-4.14319838403694	5.16209591555554
bamu1253	-1.81752023399431	2.05748094665314	-6.38667033952553	1.81300001745103
bamw1238	0.482979850283063	2.07399344353323	-3.47641338239029	4.85237708761577
bana1288	0.650807424735676	2.18270326566521	-3.51208820277405	5.22140938226835
band1344	0.259670379058808	2.25064977003942	-4.05046008678884	4.83833197695081
bang1354	-0.669497971897308	2.25052656949407	-5.22014499110834	3.6572094602219
bang1369	-1.36240559198011	2.12692187093007	-5.99799959261881	2.34630611652066
bant1281	-1.76266411701682	2.19277125324742	-6.47895325894345	2.16870179922214
bara1357	-1.37092694658493	2.18816625664633	-6.15547238948862	2.61043140241684
bara1361	0.371373579155317	2.22970515477128	-3.93494907843019	5.10823639605034
bare1276	0.250328571501331	1.999697633177	-3.60411283271237	4.37170037590737
bari1286	1.00878401585247	2.00816808156903	-2.78899292153244	5.26803299089084
baro1253	1.88507607396721	2.15365807501463	-1.81775577011126	6.65506872098774
bash1264	-0.0411104198219482	2.34362268984382	-4.73349521800609	4.53895109866672
basq1248	-0.35209349256937	2.30153894025834	-5.07782963878999	4.09578861955861
bata1289	0.237627722631631	2.26040222449492	-4.1757035658057	5.03737871008055
bats1242	-0.61773651014645	2.35399485336036	-5.55859600456446	3.98014855058104
baur1253	1.46009666502883	2.17848415770942	-2.41394467043534	6.21115373910741
bebe1248	-0.219152708467552	2.12647038217496	-4.4608212988769	4.10216741330741
beem1239	0.187952505350498	2.21652287019454	-4.18195300133038	4.80029978057007
beka1241	0.251855031330462	2.27053495669864	-4.20156650278834	5.02377044765534
bela1254	0.285691002854264	2.03936567712742	-3.53713765935874	4.5754396593988
belh1239	-1.76000561161642	2.21505547996506	-6.57083725486311	2.16270272700122
beli1257	0.417181183368825	2.22549243058915	-3.74169549926234	5.22357095315959
bell1243	0.839980390826421	2.19048193497848	-3.18713894982817	5.50777317428134
bemb1257	0.148699775074948	2.20397594964291	-4.21099747020846	4.61907212229385
bent1238	-0.0644145863954317	2.09621528297894	-4.3281132656479	4.06849499342306
bert1248	0.205401828618933	2.31969893285772	-4.39938080125638	4.94654180385934
bezh1248	-0.615758404322477	2.350457995328	-5.53109444451129	3.89678119687455
bhoj1244	-1.11377334444241	2.22567253428487	-5.95876539316202	3.010496704659
biaf1240	0.641430969464402	2.23466259369337	-3.49931212605757	5.2544160752836
bian1252	-1.13324394158193	1.93217748461394	-5.09459526278635	2.50497164026083
biao1253	1.08689471708184	2.17076344112844	-2.90705578113269	5.73583831233538
biao1254	0.380681434754963	2.29910691841853	-4.13432684159868	5.22635309064099
biao1256	0.710282247867069	2.34250387839615	-3.78841448018179	5.74966666969893
bier1244	0.312906662893153	1.84084530371767	-3.28537082899128	4.06642722150197
bign1238	1.04063751484442	1.99785209302223	-2.65414233159346	5.28969568237982
biha1246	0.463803432991202	2.20816328752815	-3.81106597777844	5.04785132653443
bilb1241	-3.67469422216362	2.04132826007262	-7.9900346125282	-0.0762109830837448
bili1260	-0.944747914948852	2.15971941094891	-5.69979899055311	2.98576042159177
bimi1240	-1.35970248881503	2.20272555638269	-6.07014834005839	2.72214097059212
bini1246	0.126224366143601	2.25105479901991	-4.42465966825823	4.71941178265852
bira1253	-0.182118547787566	1.84699812278005	-3.93458692387756	3.43679567912014
birr1240	-1.36385894859859	2.05548996080895	-5.90505647776465	2.31106832920757
bisu1244	0.0122518849024166	2.12314066806925	-4.26991726775682	4.06101533710386
bitt1240	0.0720953009504372	2.11993341079409	-4.13262650040961	4.39571692653415
biwa1243	-2.61048656537984	2.26743447042942	-7.42961713165404	1.33730524872525
blab1237	1.07229700883401	2.00461534034718	-2.59802840525714	5.36445057019606
blan1242	-0.052729824837162	2.13462621300839	-4.44641521828903	4.2438783734208
bodo1269	-1.06550251735614	2.18490335342852	-5.73672784349811	2.98040636096772
boka1249	-1.36832855999691	2.13566753560139	-6.08548776211888	2.37546917232961
bola1250	1.17860682279895	2.09047071003714	-2.6128572747281	5.63599974039149
bolo1262	-1.41687468807872	2.07550842632708	-5.74980742933672	2.43858069273935
boly1239	0.439560185776551	2.19999035711891	-3.70235586259408	5.12171210973366
bomb1262	0.544044313757403	2.05445774028224	-3.37643433186615	4.83999328435822
bomk1234	-1.96254508087538	2.17596442598006	-6.66973363685396	1.97321421091018
bona1250	-0.717754189973902	2.01775404642678	-4.95316767717688	3.19237063431601
bong1285	0.438354977511693	2.16465634753768	-3.69933178512126	5.0463770698247
bong1289	0.310171153547204	2.2639368084499	-4.10411311542118	5.00431855368921
bora1263	-0.825087956093573	2.183575305441	-5.46392619779738	3.34045285809878
bord1248	-0.368053943800144	2.27478264459797	-5.11915350773993	4.08487135278409
boro1277	-0.0799997656809771	2.33390929974999	-4.91102699166608	4.45580378085264
boro1282	-0.703787115354062	2.23636836022696	-5.44247287292387	3.53061644057222
boto1242	0.517552689852651	2.31700694157564	-3.90254322571813	5.55259151131931
boun1243	-0.131751779735281	2.21267654564027	-4.55073542655762	4.39308450761379
boun1245	-2.70454426888641	2.31373117390722	-7.79921139060836	1.27521213486435
brah1256	-0.477000241003044	2.19748784848333	-5.03627208528034	3.72828854269901
bret1244	0.361471200381574	2.18594436170819	-3.860826225078	4.79762455930492
brib1243	-0.361137216834881	2.30430071709468	-5.2205658266864	4.08651207100284
bube1242	0.157208191645766	2.24431023553841	-4.33155189911703	4.73192710475896
budu1248	-0.296128241292603	2.27631423472743	-4.91582156451404	4.18202715964254
budu1265	0.799203011274176	2.2041781230358	-3.24180626394429	5.57982997312211
budz1238	0.36764269931658	2.26862748951301	-3.96274193187261	5.14044041730995
buga1247	0.333730951640261	2.19893154842124	-3.91249131771551	4.82553292534704
buga1250	0.597529125530469	1.90001478743024	-2.99539757580553	4.65774159166074
bugh1239	1.0657335873335	2.0075799178644	-2.64863955901827	5.35642657700365
bugi1244	0.309255513733802	2.20824411336994	-3.95930308123765	4.83583849013539
bugl1243	-0.208428357275206	2.28715759028037	-4.90137672864594	4.31498354794756
bujh1238	-1.35015528981066	2.20231854219167	-5.98792235469579	2.50345414926426
bull1247	-1.89283535461387	2.1499245626425	-6.52510497463196	1.98362185780866
bulo1242	0.434574547462892	2.28465885277782	-3.87467260619915	5.18175902522051
bulu1251	-0.0304764112209632	2.20841095800504	-4.31349725096837	4.43781732527491
bumt1240	-1.3248808233909	2.22852731535004	-6.05213945234613	2.70116247205936
bund1253	-0.83958128937153	2.13199908084317	-5.27456922576415	3.21161060071905
buol1237	-2.82521111059703	2.18015655349009	-7.56027569455525	0.845396987929732
bura1292	0.616691835360365	2.06579285973713	-3.30289424679137	4.93464438793181
bure1242	-0.48137779298007	2.0067779728842	-4.58851745920562	3.50149395340825
burj1242	-0.287347305637276	2.16365835497019	-4.82187394016697	3.89423461049726
burm1264	-0.312318178851806	2.17125491961807	-4.8231521866112	3.83510743755873
buru1296	-0.0173308450036397	2.31543048715394	-4.74525069111103	4.75264482408028
buru1320	1.05673226968966	1.9401458075868	-2.53756734626873	5.2181428172902
busa1253	-0.0103355548565333	2.18015458186849	-4.39124651484632	4.40642331285119
bush1247	0.118909502805641	2.26998958858128	-4.30892657202412	4.73522481946137
buwa1243	0.174642350564516	1.88032701298259	-3.45348805601577	3.99433676683306
bwat1240	0.58226210523071	2.11149780969278	-3.46897791109315	5.06779004644773
byan1241	-0.977389487168791	2.13965043676343	-5.62181009329905	2.89611815858805
caac1237	0.540604450968394	2.17300578386261	-3.68216158209542	5.06584082439464
cahu1264	-0.571676785540402	2.10737612318911	-5.08340713121736	3.46739275949897
cakf1236	-0.266158166380933	1.95483101945992	-4.17333086072622	3.70473437515466
caml1239	-1.71884488675964	2.17396584826516	-6.4703711925143	2.14106830980738
camp1261	0.236967784566387	2.20705507347	-4.00716853089369	4.76281217486777
cane1242	-0.578542583732891	2.1407615489878	-5.08589570905719	3.53645832911136
caom1238	0.338045732499682	2.29729774968057	-4.08308495454046	4.96227986665687
capa1241	0.0653266332296507	2.2288362623689	-4.52415203263749	4.55952696496556
carn1240	0.163067166615413	2.26004480762884	-4.37439429233902	4.66058362289525
caro1242	0.124174892367621	2.23802901201733	-4.33709885196898	4.54671245932418
cash1251	-0.285637915436247	2.2163931096049	-4.84166212286656	4.13633417568746
cavi1250	0.813145921754831	2.13733139034275	-3.35925647381989	5.22291795663605
cemu1238	0.589370929152675	2.17337264533248	-3.59228016009641	5.12306718099808
cent1989	0.373162369058413	2.2956789951131	-4.11072169474356	5.16519522494829
cent1990	0.209875459830026	2.26526214300512	-4.17826298644894	4.85945943488539
cent1992	0.501402805311049	2.28395417873512	-3.93466178179278	5.34138537132713
cent2004	1.7780349150469	2.12036196167807	-2.0285641035087	6.42078667964424
cent2050	0.315961929595808	2.18697618495246	-3.95452119690171	4.77552809207451
cent2127	1.63581733048729	2.19792891851434	-2.32094968210691	6.49270370741883
cent2131	-0.966409814375237	2.03282780979077	-5.32403129640217	2.91035871997466
cent2150	-0.275468264266155	2.28539501640713	-5.0629028490355	4.26590237130274
cent2292	0.748637359645302	2.19526156075612	-3.31533188495881	5.55145845223021
cent2314	0.512624657465936	2.17081258242525	-3.73725075988364	5.12982768706573
cent2322	-0.513737948580608	2.1473363423778	-4.96852890366969	3.58345765463632
chac1251	-0.115367840979	2.19070749738682	-4.66683078303372	4.17569107282364
chad1249	0.490250537717468	2.17339236548545	-3.67927531679686	5.17489601802711
chak1270	1.04499557367796	2.0533452606413	-2.76910249242483	5.48333156711271
chak1271	0.0982748283762284	2.18432961286178	-4.11267860130683	4.62347353112497
cham1309	-0.527135287410598	2.34081042820869	-5.50117326446967	4.02498107430057
cham1312	0.17732116288523	2.25030971076642	-4.2927519848269	4.84112112715821
cham1315	1.22510660869724	2.2552830097028	-2.88204680786101	5.9439989538615
chan1313	0.500897273146206	1.93753127531623	-3.29598518027656	4.54520266552121
chas1234	0.800358606129343	2.06003890939299	-3.2445663501203	5.09663932262021
chec1245	-0.322331833350167	2.31586656999913	-5.12319396306181	4.30608239349985
chek1238	1.09437072093903	2.00465088300261	-2.598486331269	5.3860095642997
chen1255	-0.278988309936963	2.26377386585998	-5.06708109819057	4.17028860462665
chep1245	-1.44115731940302	2.21211523889391	-6.28877748201017	2.45932646494656
cher1273	-0.437992841524215	2.23745072676799	-5.05007719502898	3.88655864956127
chey1247	-1.5516362221799	2.09098870395904	-6.07245019256975	2.19505027350653
chhi1245	-1.75326132941125	2.21320677310273	-6.56741654773812	2.21478557607595
chic1270	-0.306635509629273	2.27366581672654	-5.08738188601452	4.14005946162082
chil1280	0.134607396854113	2.17548179591258	-4.34121656405588	4.4262629142612
chim1302	-0.513565747733718	2.31161820906714	-5.23219200616249	3.87367883120977
chim1312	-0.72234984004791	2.08409275993843	-5.13295350751646	3.19613492803655
chip1241	1.0636297533857	2.08767952941568	-2.78316280013692	5.5958733742033
chip1261	-0.268399311430413	2.23846170504672	-4.9937781065	4.09618400623448
chiq1248	0.898822597986754	2.24252619335155	-3.3658563211263	5.70980878444971
chir1283	-0.929122247169229	1.97758326694038	-5.07318365755914	2.73622017251999
choc1276	-0.396350656008691	2.24244413116411	-5.14739625200677	3.93351826982096
chon1284	0.514014303904795	2.18507736210027	-3.72807218039673	5.07853791383759
chot1239	-1.07184749267911	2.10669985223724	-5.57141788257722	2.78644350566464
chra1242	0.463578844452336	2.26340454320395	-3.87354114019432	5.18885562944178
chuj1250	1.2114213888296	2.24930630323867	-2.88421935993604	6.11652954754004
chuk1273	-0.206686856426697	2.31755730163091	-4.96471458473928	4.39627225812244
chuv1255	-0.7858833851864	2.26084614404664	-5.57204412237145	3.47821012377355
chuw1238	0.218325059136298	2.2466844860617	-4.17871994676784	5.03947851669133
cici1237	0.106066887293532	2.22030883149056	-4.27248401906458	4.59687661680863
coat1243	1.58006239215155	2.27673568729264	-2.50320578915764	6.5583767357212
coca1259	2.33917356438326	2.16525791996296	-1.36411103212886	7.09831215253195
cofa1242	-0.515492954179693	2.15302300900265	-4.96652401210496	3.63801704750742
cogu1240	-0.430719031719325	2.19223818778914	-4.9332628579394	3.72570604364822
colo1256	-0.916738890273337	2.23471663775387	-5.69497691056949	3.33557327593951
colu1241	0.529068885814813	2.26274024264709	-3.77105018234103	5.31052646284463
coma1245	-0.549391400884626	2.14605281803781	-5.08161597331743	3.59816387594106
como1259	0.87563420951771	2.30356454010848	-3.50223394674843	5.83597077283593
cong1236	0.124898139985184	2.27064582738212	-4.32479444163053	4.81440046455317
copa1237	1.56559814970215	2.31339038734225	-2.60447592408987	6.57393061030828
cori1240	-1.42564620602119	1.9841545853372	-5.71458248723737	2.13276727220682
cors1241	0.264410484111112	2.20929399226751	-4.04442437959111	4.9141414538983
cosa1234	-0.0554787482591569	2.06516993277696	-4.2996467307317	4.03520191362486
cree1270	-0.555594211136859	2.21033535872335	-5.13613364565942	3.74842523989369
crim1257	-0.0441009352085495	2.27956182243282	-4.64918707349966	4.49650482884187
crow1244	-0.879016527119782	2.17385304991225	-5.45886523974105	3.12222294768447
cube1242	0.0015967351945613	1.98860899610637	-3.95955931556192	4.16432577896307
culi1244	-0.733275680725995	2.14503782632967	-5.18504687823217	3.39623901214725
cypr1248	0.450251357847977	2.22311466769086	-3.78831869945957	5.03558193820745
czec1258	0.547884710288698	2.08415797683669	-3.36447025228618	5.00312033536037
daai1236	0.681187702582246	2.03822378196265	-3.42758886703064	4.69963209147694
daas1238	-0.448884532365337	1.91514019300661	-4.35096211851161	3.20633589763128
dagb1246	0.537067310680616	2.23666357757481	-3.74960447065113	5.33064857034904
dagi1241	0.555240368109483	2.36207932562949	-3.94286678645865	5.38124597730662
daka1243	0.868992785702222	1.91306393927386	-2.64708322654495	4.92382658259815
damp1237	-0.837206819728664	2.19825879595329	-5.3085552759771	3.50265560775551
dana1252	1.75599132835953	2.26065023136878	-2.21162602887815	6.61787650434213
dani1285	0.344654033861332	2.15153250273437	-3.80766409803016	4.93709182673298
dara1250	-1.2356873251629	2.19179873084966	-6.0188440798691	2.72416352860858
dard1243	0.720091193396217	2.26940243890205	-3.57710886611448	5.36442177634636
darg1241	-0.367745222339864	2.33791644675566	-5.25342634713456	4.15911302026062
darm1243	-0.978997626957041	2.13799420048104	-5.60527665831001	2.91607312878243
dawr1236	-0.66797496710619	2.27894378619642	-5.56240781966436	3.57140319860068
daza1242	0.014625169032003	2.29244469267692	-4.64029450292475	4.70035629004445
defa1248	0.32850070470789	2.07769788978361	-3.80677757129553	4.67443520721852
dege1246	0.374143592960315	2.10802942148886	-3.68747379365597	4.80674790459476
dehu1237	0.482530554964393	2.20449399786173	-3.68083355668304	5.16264401062245
dera1248	0.827098961011738	2.03330976536854	-2.88702321206539	5.21452417714845
desa1247	-2.59560035870838	2.04436780365459	-7.07331860733802	0.907860424513626
dhao1237	0.413509567657043	2.19337645414857	-3.82636253558782	4.96823643343151
dhar1247	1.98474779857885	2.14137226845308	-1.6928508352331	6.63098835747764
dhim1246	-1.55783816181973	2.16295660245288	-6.32546614636736	2.39097778610364
dibo1245	-0.512983414958666	2.18558427232986	-5.13358517845328	3.78046325923649
dido1241	-0.599200181588183	2.359188455466	-5.7105974306946	3.97652742835244
dier1241	-0.338910273337818	2.14447333030418	-4.76142026332844	3.77972026094027
diga1241	-1.16300804668297	2.09606759409535	-5.69636865811081	2.72171193127121
digo1243	0.156858034121238	2.30773213042537	-4.37486951731145	4.91976693774659
dima1251	-1.23735939067239	2.19463361953163	-5.8327452133608	2.86328516945448
diri1252	-0.048969638681575	2.25480226764626	-4.48815241944696	4.57158064803503
djee1236	0.217879364824057	2.13206342019436	-3.95665010295642	4.62981211135744
djin1251	-0.506832774827382	2.33867002680226	-5.45372057217629	4.03225544330319
djin1253	-0.448290882435334	2.16812004740194	-4.81751836095288	3.78885257703962
dobe1238	0.346134401020886	2.22546621977112	-4.11683783202589	4.88599677672761
dobu1241	-3.50141374827515	2.23320792637691	-8.23466457631248	0.230325508223545
domm1246	-2.85546313866687	2.33856086213877	-8.0400702802008	1.1633587141179
dong1285	-0.495696784542793	2.26971558993392	-5.19246967500891	3.89807139436312
doro1266	-3.92131797637532	2.39814064932748	-9.20316419180575	0.0553094859893037
drun1238	-0.342395766124978	2.13665815630968	-4.87889477725192	3.85398769927079
dual1243	-0.359042769317522	2.14523692710432	-4.73766269509555	3.89106036294824
dumb1241	0.495125013773168	2.29445800950505	-3.94955249857462	5.26944130013976
dupa1235	0.596468193893931	2.19930353780419	-3.56785151848384	5.2583643899325
dusn1237	0.953009918273248	2.23950325573399	-3.21837454491501	5.83280806695649
dutc1256	0.432788241341493	2.20299939151301	-3.65023843169577	5.12545993479697
dyir1250	-0.849558157379338	2.1315264411984	-5.41134033197911	3.18847174407655
dyul1238	-2.6987795506265	2.12015023927411	-7.21925815708672	0.926233620658876
dzao1238	0.528532289914683	2.31692752048537	-3.93953769969178	5.30646623304227
dzon1239	-1.33614394973062	2.19753614127748	-6.21946534151048	2.6968276693265
east2328	-1.40017910796377	2.10456326313909	-5.9313740537193	2.32364283241816
east2332	0.382542559693869	2.25559265731796	-4.01349910158939	5.12105060087066
east2342	1.79414444549788	2.17957064040937	-2.07245058924592	6.59450465791112
east2379	-0.858346072896499	2.09052949125317	-5.31419852207656	2.94818058331853
east2443	1.07653637986951	2.02752699298555	-2.74349724323249	5.36361768462092
east2447	0.0866566155904174	2.28394358640775	-4.47722252831708	4.78294701922888
east2516	-2.45556987832082	2.31702682939594	-7.43278304619423	1.57171968526131
east2555	-0.598549929936616	2.10006448706614	-4.99774835971456	3.33481711129054
east2690	0.55265141936537	2.22890263935356	-3.70905854125415	5.28104429335347
east2773	-1.59943659436474	2.10946645153382	-6.1885253828002	2.10206653856573
egaa1242	-1.79881500926552	2.1678571110364	-6.56921675065236	2.02570807536425
egyp1253	0.486795665886459	2.19800127607104	-3.73364582400685	5.1071261133598
eipo1242	-0.642014638183394	2.3300695084963	-5.57800604681249	3.96381623835229
elem1253	0.368421142394243	2.05885104914589	-3.65880126730687	4.62003003285775
elip1238	-1.32211040460471	1.94991534358184	-5.3282506621244	2.33377028115043
elna1235	0.609764279339572	1.91599743592984	-3.0294410450954	4.67531306117264
emae1237	-0.593281452379508	1.90016805628703	-4.47093770853897	3.12830319381568
emai1241	0.0468805797716058	2.17036499080059	-4.23687596241739	4.5611173064695
embe1260	-0.403574906607211	2.28077506832916	-5.22099807495904	4.1050967039538
embe1262	-0.372170069788804	2.2248331451096	-4.9485822657327	4.00328246853305
enap1235	1.35540644946423	2.06564397735815	-2.32515683282222	5.80748861129538
enuu1235	0.143483315443295	2.14274898453377	-4.22688370283828	4.68485811775183
epen1239	-0.260698269955636	2.27488853160965	-4.91737741683381	4.10016856179911
ersu1241	-0.582346439319369	2.17214084020906	-5.07808112322466	3.6245147272675
erzy1239	0.892976684864977	2.10094033625592	-3.0680190684711	5.42435363973748
esee1247	-3.73128885717155	2.45330452696122	-9.08292927852551	0.257741877035195
esee1248	-0.549272842571934	2.1699273798889	-5.05735977118173	3.56933213684675
esim1238	0.253680139417412	2.03731276947227	-3.76555919650117	4.48466109223019
esto1258	1.14859353331988	2.14177636875866	-2.84074323246225	5.81325348504321
even1259	-0.0443136687238185	2.29571085163549	-4.81664042098791	4.50768207306953
even1260	-0.123417700568728	2.35562487331756	-4.850929389783	4.61640433317499
ewee1241	0.52008075487141	2.20637182277342	-3.82187510000776	5.07370480343632
fala1243	-0.682744810521969	2.19973182180405	-5.23032944755345	3.53649381909165
fare1241	0.373585294350165	2.23065520714733	-3.89817417901839	5.16268735380571
faro1244	0.300091119862638	2.14349132667797	-3.82229133014696	4.86395808411644
fasu1242	-2.1602248013954	2.34958407256989	-7.29198392057978	1.99746594382982
fiji1243	0.125481863780836	2.30655733056561	-4.36356277651296	4.99351370925682
fina1242	0.776835407882428	2.16676766422822	-3.17474113858647	5.47240853068109
finn1318	0.583476408107349	2.1432441823543	-3.44296836539561	5.09220902689564
foii1241	-2.27962576930655	2.33592382199853	-7.32519921463184	1.90269856570999
fonn1241	0.477344601636232	2.21896889803268	-3.85042807567917	5.10166176990653
fore1265	-0.362649152535689	2.20858128388044	-5.04693754410743	3.81852939606699
fran1266	1.6376637524105	2.25711523843605	-2.4557342759419	6.49036556791788
fuln1247	-0.644390945823098	2.16692543175893	-5.13341685193507	3.60109110625162
furr1244	-0.317693553043753	2.36367462576563	-5.10477698109524	4.34981127867577
furu1242	0.621766547962856	2.16782833631771	-3.39724411684256	5.31088954018147
futu1245	0.246024665968663	2.20326234924279	-3.94543393141616	4.85751183041864
fuyu1242	-3.44168057155225	2.38826904808871	-8.7033219810823	0.54201952642531
gaaa1244	0.35741305212707	2.23335322402564	-3.96765474654254	4.89218246467814
gaan1243	0.531934403268807	2.0630141375798	-3.32080083851262	4.92335629874742
gada1258	0.759851992420621	2.15013021520908	-3.24850752786916	5.31335078851967
gade1242	-0.679034822493467	2.13692636874154	-5.15380700602569	3.46326061529583
gaga1249	-0.0177220422285464	2.24035118555443	-4.55910207255003	4.52291602317849
gahr1239	-0.582527244592321	2.17250233241364	-5.23561976879236	3.53605266572768
gali1258	0.216380108842748	2.25836865210234	-3.99411002067905	4.97627838818482
gali1262	-0.319727001682871	1.84561497455094	-4.08421898799116	3.27202675864735
gami1243	-0.431030854909666	2.21240399407829	-5.02555913118631	3.91144031072977
gamo1243	-0.580220639515855	2.22801109185882	-5.29041254449568	3.72624253495682
gand1255	0.397898562271805	2.23341551222663	-4.07389890646752	4.93378102803149
gant1244	-3.6218606094963	2.39096174974907	-8.83822193346901	0.360481177750322
gapa1238	-3.92319538153454	2.2850614712314	-8.83469320907948	0.0624018599571037
garo1247	-0.967770944661834	2.16427679264952	-5.57757851528549	3.18486475210183
gata1239	-1.98441627819591	2.15273830495035	-6.7392668285496	1.70128542061832
gayo1244	0.215073938674568	2.26365088430513	-4.27319279036039	4.98805175695388
gbay1288	0.396862364582335	2.29284065407564	-4.10479042429725	5.0524688048279
geba1237	2.21553902373385	2.23745597360348	-1.63808177489678	7.19987939207384
geda1237	-3.75124523998342	2.064799550051	-8.15667603224122	-0.057908394294158
gela1263	0.978615674197256	1.98076338672088	-2.70620517579812	5.12377946611225
ghad1239	0.38275561281481	2.14222428598502	-3.82956833025891	4.90997163321225
ghan1242	-0.563131109871329	2.11205165525901	-4.98534216386389	3.53359500791265
ghar1239	0.747743275856986	2.00158354216569	-2.97638100080045	5.01099241790679
gheg1238	1.04277449936352	2.20782270849269	-2.94623084420492	5.77220214294821
ghod1238	-0.440867713578829	2.37422908480152	-5.37454728781608	4.30131520699875
ghom1257	-1.82832389141325	2.18082198809723	-6.61070495228794	1.95155825732172
gilb1244	0.192298093416838	2.32439973354298	-4.26458321654288	4.9466528488643
gily1242	-0.32742714973603	2.35132755179295	-5.30570707750779	4.43092879296462
giry1241	-0.107267095443508	2.2419007313155	-4.64910158773332	4.49360427176967
glav1244	0.400786504955187	1.94144212005445	-3.33497014048369	4.44090331729316
gogo1265	-1.50398986723466	2.27407340458574	-6.32023664611212	2.68191405226498
gola1255	0.11520074053458	2.16277555045417	-4.13218603120095	4.46430284412332
guah1255	-0.366267663800004	2.30832350131409	-5.2116445864995	4.09017277756884
guan1266	-0.656386535567229	2.18860837542382	-5.28583790216148	3.44820762077797
guan1269	-1.5248200673219	2.03397186690974	-5.93518860792196	2.28038681483141
guat1253	0.575590702271334	2.21716702630054	-3.69523235497718	5.16991428073782
gube1234	0.436582428815794	2.21248091750934	-3.76262561342261	5.14635421996592
gude1246	0.200243787134347	1.99080774206205	-3.82859322468732	4.26920035839794
guer1243	1.35674459846561	2.31323562858089	-2.86418007411202	6.13672908525412
guiq1238	-0.715187010446181	2.18535201938601	-5.29236625720415	3.39333653139944
gulf1241	-0.0540175214746085	2.15896886566151	-4.34308122277589	4.48931976311532
guma1254	-3.43051649570624	2.12526714098285	-7.97101123943863	0.172527525735375
gumu1244	-0.282941301919458	2.32589959014428	-5.10100545856763	4.31308098802131
gunw1252	-0.2523383905533	2.16915857812771	-4.76012319718927	4.02248811620407
guny1241	1.60290785276002	2.15546004139836	-2.2187504553816	6.28729734581601
gura1251	-1.39461950240529	2.11072454571854	-5.95702730435941	2.42796725188413
guru1261	-1.65913167056939	2.1420813859377	-6.4006848977838	2.18714387890751
guru1271	-0.620698086205426	1.97535096032723	-4.55819025549629	3.25750173410518
gusi1247	0.906647105974043	2.17202126722861	-3.17657706478953	5.60306413418529
gwen1239	0.262303514434441	2.21519171302055	-4.05293464560081	4.70156005487446
gyel1242	0.10556898932295	2.20379184053121	-4.24369330216859	4.65954106057143
haaa1252	0.135491765492102	2.28371632688144	-4.30930258937176	4.91729452456089
hadi1240	-1.00762316504364	2.10908574109801	-5.58284267972907	2.92350347462939
hadz1240	-0.126000724451556	2.25736799607933	-4.70827386593808	4.35613627650848
haka1240	-0.389715174267614	2.14540305594282	-4.87863047600039	3.72532509775111
hakk1236	1.4048027257848	2.11381077200422	-2.42950760400138	6.0397622743013
halh1238	0.00146858051282371	2.28602102006677	-4.66153326027771	4.66536104382411
hali1244	-0.459209016425414	1.98959327950842	-4.35297169231982	3.49574816413837
halk1245	0.731472133374661	2.26303889561249	-3.55737415140591	5.56051336486026
hame1242	-0.00639714847142614	1.88209644743224	-3.75931978458032	3.75699377131678
hang1263	-0.7679004430955	2.12480049851158	-5.20561422486365	3.26309572029128
hani1248	0.170444724925917	2.21810397808115	-4.29870597694562	4.63257113665121
hano1246	1.01906066152403	2.03007990468816	-2.76708905344903	5.31808190800793
haru1245	-3.32637331858679	2.39094816800479	-8.62971241238814	0.631356299675582
hass1238	0.380006213700227	2.18026045599186	-3.75344007278267	5.07049779055752
hava1248	-0.71864990650697	2.21545423065191	-5.47946435973997	3.56209637695282
hawa1245	0.0635450705919239	2.34231643977643	-4.68598051211873	4.9908711431278
hebr1245	0.974923692371437	2.15345492404329	-3.07181853245136	5.59680270801651
hehe1240	0.409842156105591	2.26934513612383	-4.02052776743799	5.20360542322693
heil1246	0.993822059867103	2.18457041352829	-3.09902272587284	5.72211599736845
hela1238	-1.52098745160231	2.10600300972886	-6.11110653969945	2.21872182927516
here1253	0.113253385858676	2.28663657631872	-4.40740276386483	4.75597426433043
hida1246	-0.437649541792482	2.17537903242548	-4.940494431658	3.70586472967352
high1276	2.47415456811277	2.16634176380801	-1.28455462328636	7.17765870284019
hind1269	-0.892553720873322	2.10551531238914	-5.39373825380748	3.04487887591248
hixk1239	1.37389466008135	2.14529148114816	-2.43207532289729	5.98181145554018
hoaa1235	0.480655525378366	2.25475555020031	-3.93226313347705	5.277243913872
hoav1238	0.540906714072471	2.04445948585362	-3.50058145022916	4.87965979994334
holo1240	0.13769263271071	2.25707085927461	-4.31840631186387	4.68375562977393
hone1235	0.374545406376347	2.0552748407538	-3.52482039133402	4.62982203469041
hooo1248	-1.84452502514588	2.14495445518752	-6.59018292421819	1.86124094219606
hopi1249	-0.78212418020476	2.12506741243299	-5.36793301770299	3.1448851019635
horp1239	-0.696423322229821	2.22499539218951	-5.45570556010263	3.44148471246181
huaa1248	0.465922751490099	2.31522085496869	-4.13628481025895	5.12116625176584
hual1241	0.0560443169908063	2.11629906540742	-4.17447371337465	4.10130054377773
huam1247	-0.430816134694525	2.23287654089398	-5.12982458381661	3.86325039346752
huar1255	-0.139899428086627	1.86343087075514	-3.84779582296807	3.55010025643042
huas1242	1.02202178168618	2.22752979149357	-3.11630074529988	5.83263166386836
huba1236	0.165408347989245	2.02811343435699	-3.8595703480071	4.28771986960528
huic1243	-0.419408063500506	1.90425805541411	-4.26174638946723	3.30418892044449
hula1244	-1.22937395641519	2.07231824914819	-5.60750491129451	2.58564429150041
huli1244	-2.0299233581657	2.30307465011166	-7.06276735185412	2.04523617928388
humb1243	-0.512620879460105	2.09482573081804	-4.86957016767124	3.45143675517075
hung1274	-1.01101991033516	2.0808840433715	-5.44123615857588	2.90768509370918
hung1275	0.287260893837731	2.24731132198556	-4.15929970456344	4.93313842934903
hunz1247	-0.613526707956473	2.35239972457974	-5.54130706689093	3.96978739519822
hupd1244	-2.25211856090052	2.05512604381435	-6.85842699169986	1.39306892402145
hyam1245	-1.43153934941031	1.9993160445234	-5.68500204541928	2.2236239818386
iaai1238	0.496068696781382	2.22625109705025	-3.79786313966132	5.32859162021292
iatm1242	-1.72894091811339	2.21731759669852	-6.50857237830713	2.32907682356723
ibal1244	0.758964946120448	2.24543648394757	-3.41213684871336	5.51142759936476
iban1264	0.194101262172496	2.25541426407328	-4.24592903873719	4.81522668049088
iban1267	0.662079643950493	2.17698033706416	-3.43791442924388	5.36952695527406
ibat1238	0.353638485301546	2.29499606971611	-4.15769074151436	5.24400108339016
ibib1240	0.199589707616968	2.09763197669705	-3.96912022729351	4.46103810587072
idii1243	-1.30542680211069	2.26545250019031	-6.06459140856732	2.98033109807713
idom1241	-1.88793099071924	2.17909162741089	-6.62101063025736	2.00408530343624
idum1241	-1.013640348834	2.21424500143502	-5.72272539977198	3.12426136176831
idun1242	-4.07528651150176	2.29180102897861	-8.93564404654518	-0.0528449439268083
ikkk1242	0.262948695391871	2.26875694619073	-4.35658428907044	4.82604682517459
ilaa1246	-0.2403290760291	2.32566446712321	-4.97920310779393	4.417453858834
iliu1237	0.16934300443994	2.18381949034687	-4.17231399824542	4.68385757896506
ilon1239	0.771314217358067	2.1806811213027	-3.3622298260443	5.36545639634703
imba1240	-0.642914973288053	2.26675731867089	-5.39248497177645	3.70093177873417
indo1316	0.115113584149425	2.30602918950027	-4.51959586204402	4.83226734775451
ingr1248	1.08339687784999	2.15124431110752	-2.86647488386735	5.77079875077945
ingu1240	-0.430496067606446	2.2910240484491	-5.10564589936869	3.98428855200388
irar1238	0.97838049060401	2.25328894285947	-3.26127625096885	5.87813701748597
iris1253	0.417412443494366	2.18112080085296	-3.66120400031984	5.03227857890898
irul1243	-0.0948745630443679	2.19667918020347	-4.59884389574393	4.37879594744646
isco1239	-0.357190269054512	2.18794051570167	-4.83238113173345	3.89423169223335
isin1239	0.807142769504993	2.22241884445215	-3.31846496289932	5.68765005297925
isir1237	-0.132929979443562	2.12787187378943	-4.35631426598412	4.24823141914217
isna1241	0.500058402191771	2.26779243467104	-3.8441592539761	5.22671904506443
isth1240	2.52917392472571	2.17843664013386	-1.20758364488797	7.207578451908
isth1241	2.45584828155167	2.13078548844482	-1.19958633164425	7.17931306381846
ital1282	0.278423881124627	2.23908282742516	-3.8917748196676	5.09108456727727
iton1250	1.61631161208215	2.25083264555527	-2.37251065583312	6.48232250901377
itza1241	0.677334028091136	2.30849781772754	-3.83125901330393	5.499776238788
iumi1238	-0.0364955459874517	2.18058524221695	-4.39135560385466	4.3138416020148
ivat1242	0.0917753274354854	2.23966300103629	-4.34571547354166	4.63357041344758
iwal1237	-0.637118716855737	1.89769932428862	-4.50349938101444	3.13543455823465
iwam1256	-0.808565611533388	2.12895513744773	-5.38362220692058	3.19942153353403
iyoo1238	-2.39464343307886	1.9404314710277	-6.65560694310732	1.04309405160417
jahh1242	0.443655058833409	2.23531962489318	-3.923978814488	5.05873344094696
jalk1242	-2.47699704501918	2.19727597924927	-7.38249745261854	1.27336599945622
jama1261	-1.21751336028806	2.18021334468527	-6.01193345368488	2.67504392957161
jamb1236	0.11740176115935	2.25163622886238	-4.30309011599569	4.73454068006049
jams1239	-0.0354710912566584	2.05236586433692	-4.05958707570029	4.21364425636217
japh1234	-0.529924120309524	2.21735242468624	-5.22477961660944	3.75252023082595
jaqa1244	-0.329928547017464	2.16885323411547	-4.77304515403943	3.93425758211811
jara1266	0.561718345078239	2.23410187034662	-3.70631300775691	5.31129588694626
jede1239	0.384394259364373	2.27744878919385	-4.00827857732365	5.2071293201252
jeha1242	0.358423498008808	2.29741240336541	-4.05754118458477	5.16645191336771
jehh1245	0.484251000323047	2.17798629534354	-3.73453737650519	4.95219783521524
jenn1240	1.85691199029821	2.19861281440913	-2.02221949877566	6.75002773536367
jina1244	1.28099210427365	2.16221736613858	-2.68658660873856	6.01276236109657
jjuu1238	-1.77908489421208	2.04967885239124	-6.14133630689455	1.90911131672842
juku1254	0.551574632878145	2.07127473925933	-3.52448399135525	4.88616782954202
jurm1239	0.405713690980047	2.18671644528753	-3.7274464128636	4.99250490038144
kaba1278	-0.450565117744186	2.38484823413536	-5.33373225948657	4.14122499954525
kaba1281	0.713004378975098	2.22515389442766	-3.54144375781978	5.4037342513682
kach1280	0.143501340625528	2.17966219590056	-4.29783822994399	4.3953677085083
kach1284	-0.632364860743797	2.25354103643255	-5.2635593627391	3.62899930138503
kado1242	-0.24787109263417	2.03918698492428	-4.40556855106903	3.6700753869396
kafa1242	-0.500903250585482	2.2479014544062	-5.1493490699855	3.80529637865948
kaga1256	0.359782002242411	2.22321411528847	-3.89775804946763	5.08826989419429
kagu1239	0.607706642593482	2.2763498197701	-3.65060025359828	5.50472943133422
kaik1246	-0.98600499946227	2.23599781332344	-5.83485118338747	3.10898792155184
kaki1249	-2.47052733421201	2.27764860474915	-7.58210825490064	1.3435188179908
kala1384	0.0731311174185346	2.2775062393699	-4.36089284773565	4.73448884201437
kala1388	0.552143109450392	2.14552047332619	-3.54659766174596	4.93366488401928
kala1399	-0.613526772480551	2.07994244509724	-4.93159121236245	3.30579125208985
kalm1243	-0.10166065568235	2.31223476613902	-4.96761589258188	4.55328598261348
kamb1297	0.254733037720203	2.31399452128862	-4.38389091172412	4.98669213762769
kamb1299	0.453330147690949	2.26408676434417	-4.08269661761761	5.14349272365168
kamm1249	0.769538306624505	2.11565991371923	-3.26116028857986	5.24643029815034
kana1286	-0.820514412891629	1.92635165936178	-4.83228857937018	2.8583356742537
kana1291	0.441870832303873	2.17424304895426	-3.70304813987832	5.03976915430701
kani1286	-2.24237754023173	2.19886972618312	-7.00703427382734	1.66061245290226
kank1243	0.745431406695109	2.22774902195302	-3.36347042746781	5.63085180180469
kaon1241	0.153575020203512	2.246778665823	-4.1940291565054	4.92633172758996
kaqc1270	1.00741172988416	2.23563126822986	-3.14150459260745	5.93660885481594
kara1476	-0.0460362427015523	2.06480964439271	-4.17978418686913	3.92620848949882
kara1482	0.281377633129529	2.1848041316607	-3.9844532390159	4.90816542760805
kara1486	1.76829992609506	2.14013617457076	-2.07167471784813	6.47610052376366
kara1487	0.811183955259623	2.20269665291651	-3.33005203031113	5.58887811876753
kara1500	-0.398452717140849	2.19057167281268	-5.09714944281531	3.81743355552165
kare1335	0.648991458946611	2.13573537069271	-3.29093319814532	5.20503613362419
kare1338	0.568120372379715	2.20734919938688	-3.74154520670075	5.21092978643067
kari1311	1.55099205412604	2.18301211358976	-2.3373784571225	6.44467641359383
karn1252	0.970397587965759	1.88788502201791	-2.58783766990395	5.09788358509355
kash1277	1.57347158722505	2.05380393173627	-2.13211135154879	6.04398117077912
katb1237	0.965799340736935	1.94328865547696	-2.62466095211117	5.11805502279413
kats1235	1.28258157942845	2.06912576961213	-2.73812084925211	5.57664716358641
kava1241	0.31687555607381	2.10159058573675	-3.76599690055544	4.66365353785737
kaya1315	2.29877706782846	2.26990293121313	-1.633689151334	7.37320403169002
keap1239	-3.36627606546707	2.30456404521686	-8.48430981470088	0.384399434073907
keig1242	0.557383248020788	2.35765684691345	-4.00308540335012	5.5695067155849
kele1255	0.296506960893542	2.29968870372628	-4.18402242002929	4.95932423490355
kele1258	0.250240479609725	2.14065655293015	-3.89212056457445	4.63962542399601
kele1259	0.814067733429111	2.16761533181545	-3.16691201778674	5.52020820073897
kemb1249	0.272916639757832	2.25191119391057	-4.12397270677354	4.94679782736823
keme1240	0.415948048786549	1.98720677969317	-3.5286151930896	4.57089676944587
keng1240	0.814624771977397	2.22765021840608	-3.4035150084798	5.59008099020357
kens1248	0.336664317658057	2.34684143453337	-4.0827522462911	5.35460655458154
kenu1236	-0.313389797325161	2.35203765470411	-5.14580519733759	4.34847656571424
keoo1238	0.556576049390539	2.25266855219917	-3.6418905124226	5.22997808724724
kera1255	1.3980903445262	2.10631615108318	-2.44333458329169	6.00181538638077
kesa1244	-3.14569160775615	2.13393537575074	-7.7839420423751	0.554880263248005
kett1243	-0.312089601415954	2.2215935201529	-4.91379671645525	4.13771980282399
kgal1244	0.402252796008207	2.23717526235037	-3.8618614129003	5.13495697552872
khak1248	-0.106181286317126	2.30846353510556	-4.89693110671218	4.32236044058172
khal1275	-1.7058798963256	2.17389268431071	-6.45447650426231	2.19528412796622
kham1282	-0.300475183163635	2.21087544785576	-5.02980005685463	4.01202581114341
khan1274	0.283889746630641	2.2666734286746	-4.20429517830676	4.94201518208066
khan1278	0.34491941292629	2.07060023319603	-3.84004442948635	4.64582967674117
khar1288	-1.28388355912093	2.02440838697042	-5.49712797032386	2.46405808599929
khas1269	-0.71299442783584	2.15094053366613	-5.10225341117238	3.44310767950351
khez1235	-0.971137569663424	1.96071561224229	-5.11234100391611	2.64268630622299
khin1240	-0.363730084813499	2.2538505486664	-4.92499973580657	4.05347234803032
khmu1256	0.165656664261384	2.19743150263948	-4.16641845011932	4.66737790249563
khum1248	-0.382769422315517	2.15765931479632	-4.95071550460842	3.78371362880301
khva1239	-0.586855519894295	2.35686776745055	-5.641782606489	3.95825499626071
kich1262	1.02626816473857	2.24164894405704	-3.1111978660853	5.8759243407584
kiku1240	1.4080597697697	2.28420409066412	-2.72039384188579	6.29636189137755
kile1243	-0.0676117677125389	2.29634617233678	-4.68049587905537	4.53219522950182
kili1267	-1.59698791108141	1.92483594799315	-5.64832036134177	1.99622116022129
kimm1245	0.364297200574705	2.21831572066395	-4.04016689121292	4.87151830306241
kimm1246	1.44616906023594	2.19598291892045	-2.60327662017077	6.21502317053806
kina1250	0.318782081841684	2.30273227929972	-4.22986421277864	5.08256603815781
kinn1249	-0.684068870475347	2.23408536535293	-5.47980176871425	3.52774685250322
kiow1266	-0.696999641565623	2.27942519438897	-5.37296902082659	3.7774198289348
kips1239	1.15856190122114	2.22944086003649	-3.02969829298889	5.96841514894966
koda1255	0.481143518042582	2.19400071982714	-3.89301428917884	4.92888144149061
koit1244	-3.75119426491625	2.44107443643673	-9.15826890308936	0.286362607257352
koko1269	1.03603358326101	2.03694936398058	-2.7631447634239	5.31170002294984
kola1285	0.336856950683262	2.23264611028621	-4.00038388765083	5.16174315196901
kolb1240	0.705254295624072	2.24657361160726	-3.57512806252495	5.31545431502812
kolc1235	0.1440134033414	2.17215506773072	-4.12591542987343	4.54416212209009
kolu1245	-4.01250345453897	2.26056788793784	-8.86410601893965	-0.0814411091367175
komb1274	-0.651262945839455	2.35790276343361	-5.75040456473424	3.82647424457159
komc1235	0.0203420466295126	1.95836612093163	-3.86685426107951	4.01048357707884
komi1268	0.959524245358824	2.08096226780964	-2.81047237628424	5.45943008841193
komi1269	0.728124909384431	2.06176769548674	-3.25034750422175	5.15098331382286
komi1270	-0.943600338110143	2.0468931893078	-5.28838010706369	2.88499981744427
komo1260	0.236439503563475	2.3135596290893	-4.3014840710355	5.03802163440628
kona1242	-1.4420590987301	2.27001820700451	-6.26422695000127	2.76773968373285
konk1267	-0.40548632858814	2.21036317661172	-5.23098471914288	3.86355947465739
kony1248	0.297593911715989	1.94177675835394	-3.62383249514772	4.22262566471891
konz1239	0.490908091112662	2.22358811546414	-3.82764550615495	5.07931639518204
koon1244	0.152775101870381	2.29598486183624	-4.41197715355251	4.83131397631972
koon1245	0.270757114987728	2.22334530416756	-4.09176213621297	4.89692487151609
koor1239	-0.475265790298504	2.21798078471226	-5.0033563996675	3.8239523899843
kore1280	-0.163373858440791	2.33693956016772	-5.01011379945244	4.34769464620839
kore1283	0.952506945858371	2.04070497111494	-2.91550783564759	5.29195334584472
kork1243	-1.12428247953785	2.18082282344689	-5.90232639274071	2.69206460872985
koro1298	0.00705997556833588	2.09533851624904	-4.04391124630106	4.25972806303965
korr1238	-0.187860692530017	2.1983817204009	-4.91441273340601	4.07119084025655
kosa1249	-0.602265279583299	2.2712853799667	-5.39740555048819	3.78488752102589
kosr1238	0.171124316734145	2.27603749929464	-4.2763753460633	4.9048582016971
kota1263	2.0260101714804	2.20354974458432	-1.78751856026189	6.82903153371308
koti1238	0.190091897678847	2.29116171287827	-4.18383705678009	5.06577281599612
kova1243	0.888932213508141	1.90177143714779	-2.73150533670991	4.94866319885642
kove1237	1.14058190191499	2.0667232206796	-2.71621101542757	5.46314091271431
koyr1240	2.09971818377869	2.21107662102125	-1.61894570557671	6.85096646008349
koyr1242	-0.6438602085322	2.16040018078435	-5.21663572863228	3.42526213783356
kryt1240	-0.328972169051524	2.26800532456854	-5.00013390103764	4.07782356004324
kuan1247	0.16683776831998	2.23236060002684	-4.12844172260853	4.8806668836772
kuan1248	1.8666331511924	2.19355081136518	-1.96753159965477	6.73797309204263
kuik1246	-1.0949760701096	1.97601290895266	-5.31685060452775	2.71498856060176
kuku1280	-0.788071081268624	2.1952717528697	-5.51801990703876	3.48450110571296
kulu1253	-1.7513438290759	2.17403532464911	-6.44581625486766	2.12850441558246
kuma1276	0.492537716563812	2.16022961325022	-3.6745858889719	4.97681070092368
kumb1268	-0.433591728326063	2.1465786157597	-4.97964089546879	3.73560852099216
kumz1235	-0.656263567186763	2.13625817818413	-5.24665837365467	3.34904699487647
kuna1268	-0.845885928574473	2.32059762742476	-5.77123331106468	3.55824882522548
kunb1251	0.518735696181254	2.10170325908737	-3.59732515719287	4.86813761362464
kuni1267	-2.83749588838954	2.22103537638487	-7.81846339741925	0.925630615661851
kunj1245	-0.644687746271119	2.16668116866243	-5.1885896927716	3.4724028440193
kuot1243	2.08419874372944	2.14279819713788	-1.65958176603625	6.88758789457274
kurr1243	2.09855565715002	2.27016563001475	-1.70978745314391	7.12828060818955
kusa1251	0.387704575294501	2.02573020239986	-3.6382403282404	4.64917184696838
kusu1250	-0.945579183172789	2.24214435686864	-5.67356351292496	3.32648814824922
kute1248	0.503144610718764	2.08010464721391	-3.51909100414599	4.82587381050486
kute1249	1.40626495999515	2.2772093139569	-2.71866837336641	6.45429005010075
kuyy1240	0.352062629785023	2.29548165455976	-4.06398524533946	5.19315455333449
kwai1243	0.896635617564822	2.03051860556975	-2.89913465014216	5.11815953791263
kwam1249	0.0808354999072503	2.27360286233966	-4.49531376095122	4.68646343600767
kwam1252	0.279208099010174	2.09289098471233	-3.76388378393704	4.60077079535345
kwar1239	0.973203460964711	2.01916475463406	-2.76755468488487	5.18672897524755
kwaz1243	0.819075796915612	2.18793158456139	-3.35879879216398	5.47711118313572
kweg1241	-0.266614302037234	2.05040240406113	-4.51503264263028	3.68746720965566
kwin1241	1.31439113404616	2.23562835428489	-2.8243348968413	6.18815463063437
kwom1262	-0.824725446132213	2.15360728596124	-5.29518473440144	3.32598428569134
kxoe1243	-0.663901675092566	2.26232712316095	-5.4854124847648	3.69041289361538
kyer1238	-1.4474767286155	2.127019138763	-6.14468650462006	2.37784953560586
laal1242	0.917359414181064	2.31912032839625	-3.45610750659744	5.86547098866302
labo1244	0.810482797411174	1.96833978500552	-2.95178573882433	5.02275435110278
labu1248	0.0859089956676118	1.78021219922216	-3.43075670203471	3.76948395906461
lagw1237	1.23868138126214	2.16008498200435	-2.62749602174766	5.95803406669942
lahu1253	-0.246054291931813	2.08277565487562	-4.50505404920556	3.73391411255793
laiy1246	0.305971004329838	2.25910665371256	-4.09477286973392	5.01123780020566
lakk1252	-0.45553997919618	2.32021186240264	-5.30231577741033	4.05068600582606
lala1268	-3.78951167866168	2.34404343706458	-8.94831921337263	0.146428187967739
lama1277	0.466432202610621	2.18865910319686	-3.78362285038319	5.13518436746873
lama1288	0.164538605396942	1.90430442881049	-3.51950364009986	4.05527867998499
lamb1272	0.284157179787307	2.27924651896453	-4.10039979252233	5.1166686286799
lamb1273	0.353735281907058	2.26427365265482	-4.03627361662924	5.06626744320967
lame1260	0.39415743228784	1.84243046516808	-3.25060103113986	4.14357681208355
lamk1238	-0.981589472510928	2.10158140930908	-5.41456194536994	2.82904353965721
land1256	0.54457127820793	2.11765836137779	-3.44857512384166	4.99302802881728
lang1320	0.385266849499014	1.94264753456172	-3.38590960030347	4.44373800370712
lash1243	0.62552392042704	2.07673997588625	-3.46843467746148	4.85163977604074
latv1249	0.566450021069758	2.08231559303495	-3.38715093777536	4.92520614505601
lave1248	0.43521015107083	2.28095061900765	-3.93429696840654	5.27256355586207
lavu1241	0.645172438313553	2.11782847489786	-3.54991617687923	5.00143172194865
lazz1240	-0.454445598606216	2.35879718599801	-5.3611958905475	4.08697311347078
lega1249	0.180690613251844	2.26525282691988	-4.187621972422	4.85448546551951
lega1250	0.173488273620636	2.29208455082769	-4.2795864779671	4.88845339782768
lele1267	-1.60708228355687	1.97077624956377	-5.70086551058128	1.91427151943947
lele1270	0.310696560597355	2.14977077558814	-3.84494363085667	4.77259459948914
lele1276	1.32755808303587	2.16725294343007	-2.56123715537743	5.99025431750497
lemb1266	-2.78875956023883	2.32741318375083	-7.830414735429	1.19612277533403
leme1238	0.685623361237556	2.12724448008786	-3.25758751644667	5.33109644156678
lena1238	0.216907187867891	2.09024593699525	-3.86471937325636	4.60637922551437
leng1259	0.762236393413806	1.981915220998	-3.00808325077258	4.94009057295637
lepc1244	-1.59482048308608	2.17920152053071	-6.36933488478734	2.25901496789854
leti1246	-0.469867056773134	2.04017538387345	-4.6618316542424	3.62326506032953
lewo1242	0.043846990973935	1.83592053686586	-3.61754990573427	3.74088834040341
lewo1244	0.477729060157183	2.18536764392661	-3.68133886439329	5.22013628749313
lezg1247	-0.367727731543019	2.28647518136979	-4.97173301616765	4.23693949177828
libi1244	0.317387946283193	2.05296611702576	-3.70716057945834	4.67380409287636
liby1240	0.375742917056727	2.24000369662106	-3.84558010427912	5.13866553172681
liji1238	-0.446329838764356	2.07454664855375	-4.68997574237245	3.62916595551982
lika1243	0.243286949408117	2.11586327295218	-4.01420379913292	4.50687730666419
liki1240	0.119763983180946	2.09064882855209	-4.02026904026546	4.44691821057527
lill1248	0.535702903705711	2.19415459762241	-3.63470337527538	5.07758838180653
limo1248	0.683617954216204	2.15783125164509	-3.4164873917835	5.26676765610315
ling1265	1.01707118516294	1.93672507689362	-2.61652719214719	5.06912416108437
lipo1242	1.25176656547787	1.98259925063274	-2.47131556835211	5.36606351753626
lish1245	-1.50372636968356	2.06851175704256	-5.97673606471494	2.1207536038496
lisu1250	0.700683584300598	2.00790510120659	-3.15586027313844	4.84467473628176
lith1251	-1.66796344411095	2.08801210323458	-6.25779331846599	2.08646019574022
lito1235	0.668619643444068	2.09444132752571	-3.38897842087728	5.18807470806836
litz1237	1.05181013672668	1.94704999121592	-2.60781915114087	5.15505435171363
livv1243	0.788755252049336	2.16054617820438	-3.26301241570322	5.44085971953064
loba1239	0.227523311393609	2.08585062039484	-3.90318595479359	4.43042384856084
logo1259	0.305843159930316	2.04689852163895	-3.66917302852182	4.45677404036549
loka1252	-0.308213641452888	2.14201832039589	-4.64291138746146	3.99801119239702
lolo1259	1.36710211081296	2.00974197173537	-2.33619708754414	5.66944447701585
lomb1257	0.372927507486161	2.24781987641291	-4.00573196700407	5.06763573693804
long1395	0.589675716055076	2.00476254382702	-3.30098301174083	4.81691673650022
loni1238	0.345722555664957	2.13319808722424	-3.67038012476385	4.8151061250865
lonw1238	0.898202122341002	1.91902399824911	-2.59294042458785	4.97264743056565
lote1237	1.03208647285869	2.11147868337471	-2.8756585451126	5.60068182236916
louu1245	0.281348867735548	2.13185973090152	-3.82096284507622	4.76754899284343
lowl1260	1.814983380317	2.26592599135088	-2.22141854847032	6.80076371247033
lowl1265	-0.723575847281915	1.91822576151971	-4.67039798040338	2.88505540174223
lozi1239	-3.34782667252273	2.31592054224404	-8.38072700544052	0.46995075076283
luan1263	-0.666095647845716	2.03430050499275	-4.77482988286129	3.37044133945909
luch1239	0.130702628643696	2.24611593645472	-4.42331147002841	4.77319781577633
ludi1246	0.731074037935496	2.10611734179102	-3.20879445035798	5.26063308224857
lugb1240	0.220220780699827	2.0936044231452	-3.84376504213564	4.47471762899815
lugu1238	0.426883805122138	2.25780665156436	-3.85760981234278	5.06060197791142
lule1254	1.49738140963456	2.01608514266169	-2.12957747451913	5.90786399820529
lumb1249	0.159095102112812	2.21398249619913	-4.18210106464287	4.78669929980197
lumu1239	0.492014273447708	2.36631962418529	-4.08246580934742	5.33817049584632
lund1266	0.167589696758433	2.36988871205615	-4.50567110042367	5.14805639252432
luok1236	0.807724866369661	2.16846174972965	-3.35012766910826	5.34596191231944
luse1252	-2.71584476078451	2.22759609293936	-7.67127788689359	1.13314923572961
lush1249	-0.174183043285871	2.10297183257433	-4.54943913111733	3.86167270261008
lush1252	0.606273380103963	2.28562947214672	-3.68852023433642	5.45561586079242
luva1239	0.146699976432046	2.24037025361332	-4.27247063415313	4.66806030418414
luya1241	-0.0356019516221159	2.25400440904097	-4.50753082979439	4.69256872894255
maan1238	0.424294434959736	2.16958267032302	-3.76019692190023	4.8837975780475
maba1270	0.49962220545986	2.21400825719715	-3.76734148797619	5.28382058553628
maba1277	-0.0312721809813867	2.27609726813083	-4.68328500116702	4.46723938462718
mace1250	1.04127998608316	2.10156789823152	-2.81306169912393	5.44897960636619
maco1239	-0.300222071911341	2.12365947633018	-4.59027177725166	3.97246140052044
macu1260	-2.40024199994208	2.11543329032769	-6.95770911138943	1.28594754450145
mada1285	1.97917478363552	2.14356360456315	-1.6393007494553	6.70944344089637
madi1260	-1.25657311534942	2.0367894630475	-5.56731411578665	2.52911784328933
maee1241	1.08930001641351	1.97757945070341	-2.5739880526855	5.27046439463519
mafe1237	1.08846911124827	2.0316323969613	-2.69544776159905	5.43128316805129
magd1235	1.67773225549314	2.33135693463034	-2.46620581043798	6.74273260314288
magu1243	0.62464471799466	2.19648154410856	-3.50249800427999	5.41200620955917
maia1253	-4.12472888658501	2.34527393089227	-9.20815491603456	-0.0557341555751429
maib1239	2.06737889392073	2.37268762224162	-2.0566686084661	7.23782400418801
mail1248	-2.32526153477913	2.17766436644456	-7.05656014167984	1.5897424796192
mais1250	-3.84239800338434	2.37015933903866	-8.91300299836274	0.0664410610935041
mait1250	-1.56591936086585	2.15189491948363	-6.325426416631	2.19425630009148
maja1242	-0.452245727908547	2.29020408823445	-5.25520027050499	4.00895301148217
maka1304	0.0774582522454936	2.18675701064262	-4.20922331639405	4.65116728281848
makc1235	0.315296783292351	2.32824318483817	-4.33001691712015	5.16619728025099
makh1264	0.296391428003793	2.21164384803002	-4.06623558176506	4.92195350535863
makh1266	0.253697802849641	2.21183553845565	-4.14121859053568	4.75928596014971
mako1251	0.14517160637587	2.35425509387869	-4.62165951447217	5.07375596596148
mala1463	0.0176909408631757	2.23312159012057	-4.45019406353263	4.54073231905566
mala1464	0.328837560204771	2.24301810036915	-4.20045930443459	4.97900595732129
mala1479	0.271988420459523	2.23901196031131	-4.10045039788257	4.87555405671391
mala1522	-0.412230924128887	2.11996288265071	-4.86462811194541	3.68281501557884
male1284	-0.473180945275093	2.08243000715053	-4.83112649496593	3.54278536065927
male1289	1.00164153998453	1.95249912965049	-2.60105286512483	5.19394469614313
male1297	-0.309650297443427	2.25961762369771	-4.90311902142202	4.17979024247083
malg1251	0.527780186767444	2.13488502139057	-3.55400981118268	5.06507244187811
mali1285	1.334173481178	2.29954609269617	-2.83009516618975	6.30953672625989
malo1243	1.09693603207721	2.0275970256921	-2.64197036660683	5.44840007212353
malt1254	0.363200937696069	2.16535766612074	-3.72142723922908	4.89918574403016
malu1245	1.07390396348887	2.00353892189762	-2.64058203637658	5.35170601261725
mamb1294	0.831447082113608	2.12443974472125	-3.20633751398461	5.4027758464656
mamb1296	0.161212231270731	2.24294330453496	-4.26303164000263	4.75960275412112
mamb1306	0.33996509105544	2.11276758650318	-3.66879702671087	4.80562555759987
mamm1241	1.07451050507097	2.27196405918548	-3.1860711673297	5.94853547445134
mamv1243	-0.82398623916641	1.98322144812799	-4.94628574142856	2.8601138386766
mana1288	-1.13283424474835	2.22886538926275	-5.86415993813203	2.84565541695403
mana1295	-3.8967525989461	2.29541223545029	-8.8676394789824	0.0407839024007123
mana1298	-1.11024887722898	2.18496144070143	-5.78771575601058	3.16469460598067
mand1415	1.33974219218629	2.11659996249923	-2.50277649264763	5.97405285186939
mand1440	1.74716190356321	2.13126400879489	-2.03813731337611	6.46805702732733
mang1378	0.118753710673209	2.13940818161877	-4.14827678592584	4.48268520864632
mang1381	-0.910058716734319	2.29205872126632	-5.78265006652477	3.48175905087406
mang1394	0.524867582741965	2.1038635114963	-3.44174696270016	5.16584232852805
mang1401	0.0560885086029061	2.26089409639994	-4.37511938402961	4.73375555865038
mang1403	1.0726153396774	2.06860657336811	-2.82751311666335	5.5764906174255
mang1405	0.45029464355235	2.27501056020589	-3.92372469085204	5.25510118646327
mani1235	1.87900119875942	2.32367500739978	-2.17113702372457	6.89891332977644
manm1238	-0.203130573463827	2.05565823372857	-4.3527016564085	3.91054885511838
maor1246	0.0745506226616011	2.31543607205485	-4.50332938824511	4.74178362311636
mapo1242	-0.259928656471522	1.8080786744862	-3.88308925238669	3.31820112198658
mapu1245	0.789351042054378	2.27614356829143	-3.38033821352628	5.74750684483404
maqu1238	-1.20758936397697	2.11299393580701	-5.74786387980753	2.62563324453098
mara1378	-0.761933836315925	2.1083143996	-5.23391506803855	3.28216281559866
mara1379	-1.15160246149953	1.98233065120723	-5.30281384802696	2.52560966087523
mara1382	0.491610777683752	1.96446995833354	-3.43326932891213	4.5276378712151
mara1399	1.06933888473617	1.9640852171222	-2.59144956032616	5.197289244987
marg1265	0.0367138503056237	2.03055402534223	-4.03094336765634	4.10432294350521
mari1424	-0.528901577274889	2.2239436236139	-5.10873427191724	3.72059647870016
mari1426	0.944756643764618	2.11719117196715	-3.15844552774082	5.35840610953159
mari1428	-3.79420463296574	2.11395992917421	-8.3194786736185	-0.0574976508472512
mari1440	-0.957593863677668	2.27392627079581	-5.79554016469336	3.36246056910978
maro1244	0.632520557022237	2.05463841179656	-3.38019580790513	4.89381944344389
mars1254	0.132190437341722	2.2552132807145	-4.239281469733	4.82617073522013
mart1255	1.75950503822201	2.1539817490507	-1.88760601666156	6.63576305476229
maru1249	1.02709638128303	2.1307421754337	-2.98076740543033	5.5499220468041
maru1252	-0.157439760295245	2.14704591829744	-4.54327485477066	4.1401109898729
masa1322	1.49543421901034	2.10712131001854	-2.29688773011228	6.04699725626864
masb1238	0.335463867105837	2.19469861083477	-3.96769889766554	4.94629414959703
mask1242	0.682303145552451	1.90293032517274	-3.03083708757965	4.70325038116652
matb1237	0.594605346907524	2.25209526196075	-3.7037905980172	5.35280763726878
mati1250	0.52599418520684	2.11678628113649	-3.61052376763948	5.06271537985314
mato1252	0.272708139343975	1.74536087542155	-3.15809857478244	3.88242370953273
mats1244	0.314375442754663	2.20280968651554	-4.06884168364953	4.82625243639826
matu1259	0.200811946127997	2.26166510072238	-4.26618939627552	4.70088223728137
matu1261	-3.89078308796625	2.14472663405768	-8.46850611252121	-0.169650429620203
maun1240	0.338644086319091	2.14811441685046	-3.96817409105485	4.68791806434955
maxa1247	-0.49933171620548	2.22333549733747	-5.16784458239648	3.79414815390444
maya1285	-0.828298032243728	2.23744328946301	-5.72237493307716	3.41327743078569
mayo1261	-0.00182738638170013	2.12526812414185	-4.21769233506788	4.28059165937189
mayo1264	-0.5381664748444	2.00527033336703	-4.74557960097514	3.37528985765306
maza1304	0.3101836656135	1.96460463572001	-3.48838088128089	4.48464471228648
mbaa1245	0.347572621755992	2.2294978012476	-3.97620775902002	5.01251594156514
mbal1255	0.164406321257315	2.23286787086454	-4.26354756239812	4.79994749875457
mban1263	0.657969542494055	2.23779860386708	-3.55535255125246	5.46815747283809
mbar1260	1.39691294465451	2.16866584159378	-2.57670047514728	6.13125464084475
mbay1241	1.04421267769312	2.15452474244286	-3.0177686981687	5.61716856765508
mber1257	0.189996081046403	2.21567007111347	-4.14015727763384	4.93704351115646
mboc1235	-0.93841931152534	2.04622749593851	-5.31365392087043	3.04644346617427
mbol1247	0.254619986255443	2.28289218867962	-4.27388328840028	5.03479313282248
mbul1263	0.950541437594208	1.89412012386131	-2.56627566972031	4.99506987819542
meen1242	-0.302344347046828	2.25521557538432	-4.96332304282088	4.3022928533835
mehe1243	-0.221286792909092	2.07186320806197	-4.34498445263728	3.92183530706087
meke1243	-3.25202146495162	2.22288559536154	-8.13472949686148	0.482397072955813
mele1250	-1.78970725450584	1.99095878304095	-5.96207315505038	1.73141064192938
melp1238	-3.01846497653494	2.34125718764731	-8.08207246542792	1.02033240134945
mere1242	0.955406734235444	2.08029464842448	-2.94332588211322	5.3598607494624
meta1238	-0.220288592741459	2.03302162794863	-4.23640688889159	3.84439064686131
mezo1235	1.69226061679572	2.33008060757811	-2.46382768647547	6.74905144049474
mezq1235	1.13395207928179	2.23271718803708	-3.09226631653377	5.91054521223964
mich1245	0.754379029750349	2.0666508959635	-3.14775633379396	5.27086224139128
miju1243	-1.11889034639896	2.10190751758115	-5.74943251798999	2.77796017492402
mikm1235	-1.34804213585322	2.10256255788894	-5.87727677328061	2.38362294151248
mila1245	-1.21780826826291	2.13540356018363	-5.88369241921897	2.63233882908742
mina1268	0.120485091625554	2.2915314868375	-4.378191050126	4.84205259426508
mina1276	0.238003702114706	1.91327672889095	-3.45798819000086	4.15445318088213
mini1251	1.88761933965552	2.20409043112467	-2.05829454791881	6.71900020235147
mini1256	-0.763556165081811	2.20266183415391	-5.46570112558602	3.36911105505853
minn1241	1.40402806492992	2.09693349283414	-2.34027204747258	5.94884663852808
misk1235	-0.753279561843743	2.23876099789513	-5.47072807703453	3.63596613245613
mixt1426	1.7695063429114	2.28685526555458	-2.25231343430233	6.82225826748962
miya1259	-0.115451012064922	2.30800908905484	-4.83342621167557	4.45033721622554
miya1266	-1.57575486001789	2.03909731017025	-6.01098522964449	2.11205243532755
mlab1235	0.257201044527758	2.23616725552624	-4.07512627511596	4.99831503456527
moba1244	0.434067460132352	2.21677397792668	-3.85553922692735	4.96944388262092
moch1257	1.20318928550454	2.29323520819426	-2.94209617124071	6.07934794633382
moco1246	-1.16557907011976	2.18204270711884	-5.93704115948242	2.83524402469881
mode1248	0.89981072706569	2.22170416575688	-3.2039895760867	5.62809364714811
moha1258	-0.253132455082092	2.29812695013442	-4.88314404942201	4.27224797698025
moke1242	0.21024529538091	2.2164057425462	-4.17878017084016	4.84254902688233
moki1238	0.226080615049925	2.29182112170398	-4.30483946953794	4.88629989290085
mokl1243	0.309358426786011	2.17925233746148	-3.91029917201829	4.94945522440703
mokp1239	-0.0981949148684296	2.15997211918466	-4.47965912512423	4.40852451630113
moks1248	0.880989110050965	2.0991706012176	-3.10403353993828	5.30881297702604
molo1266	0.755487156645578	2.01380858067595	-3.00979434888625	5.025904913885
mong1338	-0.154955941397829	2.24133443187893	-4.7043468533417	4.41061909704666
monn1252	0.293658996225398	2.24503314019897	-4.03953319928971	4.95991113871818
mono1270	0.592650266560925	2.23820264340973	-3.6444740972806	5.36818581214201
mono1273	-3.05162686121623	2.19490766320807	-7.95945874248972	0.60506765295098
mono1275	-0.473519883369338	2.15192148726582	-4.93721009243609	3.56721682335302
mopa1243	0.561109893880899	2.24913259578024	-3.70769134372167	5.31559122273584
more1259	1.72722233015795	2.12431837431754	-1.96225487628045	6.56226953421492
morm1235	0.436897214155876	2.20806559080398	-3.83855350376361	5.12774986244308
moro1287	0.350358428616945	2.25212440388399	-4.03185591395544	5.00063264109573
moro1289	-0.990887984153921	2.24533235456178	-5.81311278885406	3.13618450707475
mort1237	0.0996453826761068	2.28420031526113	-4.41327093055889	4.81521630246451
mose1249	2.35113240512549	2.32120766382784	-1.59746505652202	7.48774950704109
motl1237	0.658999948239598	2.13654640265592	-3.39712696990267	5.25590620400318
motu1246	-3.81287769508443	2.41390345249964	-9.30855193423132	0.163105424585646
movi1243	1.75546783677266	2.23875893362054	-2.16577690484059	6.6917249016524
mpad1242	0.932933323261229	2.1762216917679	-3.13523067291937	5.67341905196434
mpii1239	0.206338991646343	2.1669951887633	-4.2315224664962	4.51567439731908
mpot1240	0.242742379638559	2.31931961591732	-4.30120174014534	4.90890141899747
mpur1239	2.28662191738215	2.41223980497998	-1.93493424971254	7.67096816358259
mual1241	0.243996754568841	2.26481795749108	-4.25684537006989	4.95102783973666
mudu1239	1.80466439770262	2.18959461515796	-2.03839224294301	6.59796155699686
mudu1242	1.09135601473206	2.18962496089905	-2.97644919146749	5.66510791146833
mull1237	-0.526768642216157	2.26413475318058	-5.16285527777063	3.96947935190969
munc1235	0.469992496207991	2.15794975104711	-3.88311228007461	4.78621586521479
mund1325	1.03723183348044	2.13795042181173	-3.00050715764253	5.67362256682108
mund1326	0.298754593644515	2.15576592341756	-3.80560189041277	4.77206585303074
mund1328	0.387139294356043	1.9720720088675	-3.48565525988521	4.55304133872877
murl1244	-0.424520749907744	2.34124723621243	-5.25681648957099	4.24612959318763
muru1266	-0.0957298929629817	2.18758474568896	-4.64847231095512	4.36651892013048
musg1254	1.37527720454591	2.20298856431181	-2.60660059998287	6.14260880689777
muso1238	0.372045878151888	1.78695923865188	-3.09679255669496	4.03889778362846
muyu1244	-0.0529214013799322	2.12727998953589	-4.23433125736487	4.29792110927218
mwag1236	-0.770409563173549	1.94309100456568	-4.75649743664147	2.98639289295775
mwan1247	0.185805351891195	2.26426410663771	-4.3393812561274	4.72077273537103
mwer1248	0.166829584903376	2.29283730327656	-4.26739493035869	4.88347294394506
nade1244	0.923922178547317	2.11521472092467	-2.92459641940115	5.40655135233225
naka1262	1.20756820743845	2.12970118031613	-2.72737428154373	5.99830429063171
nali1244	1.95931628733418	2.13732115851211	-1.76307436486973	6.61013367010364
nama1268	-0.329258307231206	1.94025383711809	-4.17122475408615	3.581667062145
namb1293	-1.29462738600278	2.27552786793731	-6.07085632631535	2.9531607427621
nana1257	-0.0226745146170307	2.32544067958046	-4.79009458667219	4.72535869055878
nand1266	1.29201901462175	2.26613648758301	-2.83956921086998	6.0699583721849
nang1262	0.366885353429744	2.15893231973372	-3.82693921020008	4.73736533798392
nara1262	-0.908247689545331	2.24195153879199	-5.65987577309262	3.39139417299261
naue1237	0.184026052995969	2.18265420453679	-4.24816799008268	4.69791105182548
naur1243	0.156228388837895	2.23930337831681	-4.32689819213786	4.80665306968104
nava1243	-0.575226541037448	2.27569845800163	-5.35710740562401	3.85606870734036
nawu1242	0.511156139482654	2.2402200449012	-3.87057149318809	5.12956590701546
naxi1245	0.618375907530681	2.11262535052015	-3.44679000316554	5.00388827213695
ncan1245	0.235795238816166	1.95840516270225	-3.62318995370539	4.26430936004197
ndam1239	0.359198477388222	2.2236149777614	-3.95903880224901	4.93152124587895
ndog1248	0.369535877475208	2.20497088886126	-3.96567361658025	4.98091234769969
ndun1249	0.495344236882873	2.24845788881858	-3.73979170567912	5.1492015726588
neha1247	0.496802380722507	2.12393074979323	-3.62222050227643	5.01377687873879
nend1239	-3.87106569231753	2.38249581650776	-9.09059156331815	0.142289174838714
nene1249	-0.36082882638362	2.18328893209476	-5.03855903161952	3.90213569304159
neng1238	0.403375120488816	2.21555535662228	-3.84624248673998	5.00940797609326
nenn1238	-1.34512458259064	2.28724973013677	-6.15265341703955	2.94380450639836
nese1235	1.08469648853952	1.99740685850148	-2.65243911365912	5.33587855347404
newa1246	-1.51602388573347	2.18660537651842	-6.29027322382556	2.34685609688151
nezp1238	-0.345474810335523	2.25030025029926	-5.04051661939648	4.14342497212308
ngaa1240	-0.54152184174872	2.14216934260677	-5.07662705320159	3.50598403382667
ngab1239	-0.312075836781818	2.22932508330483	-5.00195809027456	4.0417725607545
ngal1292	-1.13869994972057	2.28601801630847	-6.08005441663507	3.10553465562947
ngam1268	1.1158566984026	2.16235474837697	-2.84175996964407	5.71639795913516
ngan1291	-0.749209401285678	2.09522658664514	-5.23173819464292	3.21853740209709
ngar1235	-0.532559856440699	2.27045221399209	-5.26391337087305	3.76107779280648
ngar1284	-0.89352524242354	2.24047589457669	-5.61501074186632	3.3100756465405
ngas1240	-0.656520534472895	1.93131631385606	-4.53009992344729	3.21834167373241
ngba1284	0.460974492564331	2.21072976488459	-3.82358481331668	5.02454461578732
ngba1285	0.696655030893483	2.13671082414966	-3.39330668488426	5.31695179910269
ngit1239	0.774188204099367	2.06968969568372	-3.08850350844059	5.26503128714365
ngom1268	0.18742259914508	2.21918911737224	-4.04055001191722	4.75261768378797
nhan1238	-0.738431877411948	2.14670411914533	-5.30765831691844	3.38500678408949
nhen1239	-0.653021516306999	2.01064015996945	-4.85514384823935	3.29668221327463
nila1242	0.104379850755348	2.23160289825352	-4.45015495117823	4.69251766451431
nina1238	-1.02087564168063	2.20334192910217	-5.56525115127111	3.1236535778729
nisg1240	0.893670520353629	2.18893280229026	-3.17158567276826	5.40478589209063
niua1240	0.111067684723488	2.2408423992215	-4.36096091799505	4.67281778107036
niue1239	0.105637578016433	2.32116550614025	-4.34086175740681	4.82274846000489
niva1238	0.966941306635525	2.23503918874222	-3.22452136641462	5.75320686424322
njan1240	-0.290870785687219	2.04375140655473	-4.57850107465103	3.69648000767624
noct1238	-0.247545912607422	1.99511473670459	-4.4422986273567	3.51820877823105
noma1260	-1.8326818083013	1.99299663809586	-5.98673674156692	1.7054886793988
noon1242	0.38545708822869	2.29352636165556	-4.01138818215204	5.16444575002453
noon1243	0.0506234470073881	1.94513015448669	-3.81675750479871	3.99830005996488
nopa1235	1.45210528370523	2.27494814392519	-2.62010968217394	6.49361597936347
nort2671	1.16805156145269	2.00293681339784	-2.39913607191405	5.5617701229948
nort2684	0.3294443495895	2.26985260430272	-4.06742590907472	5.07898204994964
nort2690	-0.00460797515460255	2.31579378513819	-4.78721101788144	4.64212162030025
nort2697	-0.769450281766374	2.30177644536055	-5.61455091194445	3.61373856378791
nort2702	-0.779824747663788	2.28644026114406	-5.58350261181509	3.55609359650228
nort2722	-0.574662641154226	2.26545352345275	-5.27725804579637	3.75127767084376
nort2723	-0.407862325614908	2.20048668561881	-4.8330194711113	3.95129462773508
nort2724	1.37739498125835	2.01414010134801	-2.30364753444528	5.643552986572
nort2732	-0.417317696409742	2.20414250951175	-5.04708495017041	3.81563894640415
nort2745	-0.349448838145329	2.356059152646	-5.2439866495175	4.22680112129342
nort2747	0.258858268591662	2.29218592022563	-4.17885312737933	5.07383674418544
nort2774	0.493648873034139	2.17968247267859	-3.64492967930614	5.06918608637024
nort2839	0.871188460465446	1.92583960160965	-2.69612094184584	4.85783719932882
nort2845	0.0346345339184867	2.30833757629494	-4.58910456853083	4.77048363932923
nort2847	0.1856996112963	2.08184479004829	-3.9262273300779	4.48876197801398
nort2877	0.720587584966266	2.22639407459631	-3.49723381024167	5.51587867425964
nort2885	0.441753020360928	2.1846885781631	-3.72339772645485	5.08221527953507
nort2930	-2.07213529081673	2.35150761010665	-7.18612027704391	2.12100230107659
nort2938	-0.400265362919643	2.215773998707	-4.85843242742843	3.97130374182928
nort2942	-0.214219860106443	2.22378644885374	-4.79231888402418	4.10812525125907
nort2954	-0.554858939280137	2.20373703329545	-5.28158145313932	3.67673605018015
nort2957	2.08825041198525	2.15255113244773	-1.54742586965282	6.97962109330309
nort2959	0.539935186754225	1.98867498847362	-3.26078227674567	4.74360039571089
nort2961	-1.63891719245664	2.09177205228391	-6.12396698931193	1.97263223601232
nort2972	-0.352351595390658	2.2931091164632	-5.17869147955603	4.09307974832333
nort3047	0.699132787113507	1.99469280103694	-3.08312302764074	4.97484961801854
nort3139	1.0564749158801	2.13546244676754	-2.89134517301985	5.75927422883203
nots1237	2.05936027229461	2.14336359814539	-1.6625056357558	6.89714728430643
nsen1242	0.132020617967677	2.27863728122886	-4.29407487279965	4.81334769955288
nucl1235	-1.53216527593776	2.18885675908656	-6.16987542271822	2.37253628014604
nucl1240	0.871682306509434	2.10380034447304	-3.06441173022452	5.35749078130798
nucl1301	-0.0117855401499096	2.30739578514115	-4.74357458368021	4.79882497146887
nucl1302	-0.654858942358855	2.33621494611935	-5.5308754842965	3.86679177414211
nucl1305	-0.169020996857597	2.25004323925742	-4.86833372262287	4.23293294287546
nucl1310	0.634068512293701	2.04528223268869	-3.47512938819189	4.64728102619981
nucl1417	0.379810290153541	2.05409773541022	-3.62117144143069	4.7025142821053
nucl1458	-4.0148240174525	2.30102342535139	-8.88795858522716	0.0154159682616018
nucl1593	-0.351377867605968	2.04477571120918	-4.51757131605591	3.62714039995572
nucl1595	-0.22621240484528	2.10945810330437	-4.35774172393926	3.99287618342473
nucl1622	-0.758673768515885	2.24994933496308	-5.48243469217335	3.54907716403423
nucl1630	-3.93214242805321	2.42796959386382	-9.21994589456326	0.0439950038958548
nucl1633	-0.339207362399871	2.22908476025797	-5.02117714775315	4.06420604678519
nucl1643	-0.155197757447094	2.27388818129293	-4.65515333752737	4.32259105981875
nucl1706	-1.26534941019558	2.04702367382947	-5.61904286130912	2.48910191576394
nuer1246	-2.01558735815239	2.26416677685242	-6.98903114468219	1.91983105728129
nugu1242	-1.60100028664911	1.93933136298842	-5.61862949393618	1.95657172271398
nukn1238	0.750577197760121	1.79036256124491	-2.59298066444682	4.49465519323694
nupe1254	0.0795512696860917	2.20364935103386	-4.19686772061605	4.56341653698716
nuuc1236	1.00979252389764	2.23775043982245	-3.15069515352529	5.78302620085853
nyah1250	0.221262675546124	2.26492316991214	-4.23126653508283	4.84732401775723
nyak1260	0.345610339452287	2.25487500082625	-4.02095379234767	5.07517410428758
nyal1254	0.340724200089597	2.29145170726762	-4.09182452040422	5.15067695279074
nyam1285	0.519802211590255	2.0623006023135	-3.43782849017274	4.81158143883115
nyan1307	0.320245661147557	2.31761399224357	-4.16139149099152	5.17904338160861
nyat1246	0.311750362447267	2.13875631936003	-3.99892923151093	4.69507885770582
nyor1246	0.523784473858735	2.19635214252312	-3.72647759722131	5.15149573628231
nzak1246	0.836952606575548	2.12762459345782	-3.27026015659766	5.32845734275337
nzak1247	0.00693756134958374	2.14719485726995	-4.17920568816984	4.39930689149345
obok1239	-0.367460917982608	2.21179328591044	-5.04900711246446	3.90223557045571
obom1235	0.61434024548353	2.1260745779387	-3.45723565154401	5.15873908836326
occi1239	0.248312285865466	2.23844654370146	-4.0181378219718	4.9161695207103
ocot1244	1.80801582836327	2.32409481253094	-2.26443017048127	6.84501237498245
okan1243	0.592997448756834	2.25983821518353	-3.67556361507249	5.2629013079062
okin1246	-0.12168654763291	2.23615487943245	-4.69181269500085	4.30670012790302
oksa1245	-1.39075122621614	2.1884180112986	-6.05036773585571	2.59750357203908
okuu1243	-0.112700292399952	1.94384648030694	-4.12109160163708	3.78203421232908
oloo1241	0.227700902348141	2.03207715826056	-3.69745243307615	4.41462970574843
olut1240	2.51471451119481	2.2048276887016	-1.28086980629594	7.24599448186572
omah1247	-0.441359868633681	2.2386214154451	-5.22829414906486	3.74038197550498
onon1246	-0.404848412568685	2.2850199095747	-5.17916245547006	4.04034464996726
onto1237	0.190715307090997	2.36764845596295	-4.47693691667707	5.0614677056507
oriy1255	-1.0138234654608	2.18718467305737	-5.77841198761872	3.01594328478029
orma1241	-0.712480547839568	2.02116276353831	-5.01827945667059	3.01070977613541
orok1265	-0.0383164754395554	2.36419006323429	-4.99451387118876	4.72957253118072
orok1266	-0.142093084772798	2.11323650094479	-4.50840614962325	4.05014437225952
orok1267	-2.17919477265085	2.31357391439295	-7.26703810004881	1.79568989027348
orow1242	0.592482352844422	2.15955776013885	-3.47225280349804	5.22274217466088
otta1242	1.00143203226147	2.02217117412612	-2.72156972244351	5.2968841068388
owaa1237	-2.57890265858169	2.23461915948857	-7.52037676666408	1.15014511237269
paaa1242	-1.23608303405141	2.03628249617308	-5.62921791691238	2.55788022053586
paam1238	0.54334145232974	1.8723946117775	-3.05476799282039	4.37860460339669
paas1238	0.0639210879345309	2.19551010864405	-4.42263758101827	4.47704389520773
paco1243	0.380319697219486	2.26164820141495	-4.00334576526223	5.03235850981505
pagi1243	0.484669017198318	2.21732263415984	-3.78806209976152	5.08202309852129
pagu1249	-0.147901858514501	2.22899641659245	-4.71661968221317	4.30802963810731
pahn1237	0.348164225086332	2.20626447490355	-3.95707867091917	4.88697640390082
pait1244	-1.04551506726484	2.09598470260264	-5.40820833162008	2.81750161062057
pala1344	0.157866581421509	2.27542899607022	-4.3700464551109	4.87197762800698
pamb1243	0.23066509109131	2.26123790529351	-4.24972112338518	5.03083646711095
pana1307	1.67241641250808	2.07169594154279	-2.00201102545034	6.18505157026892
pang1287	0.323463110599762	2.27037863965719	-4.15418924637997	5.06907718752317
pang1290	0.646089678161782	2.26616512430603	-3.75986708457864	5.50699668559915
pang1291	0.409166546314179	2.20726160581454	-3.79666691413338	5.06812863449532
panj1256	-0.859900707815854	2.14728206531138	-5.52133275743419	3.18281324414208
pany1241	2.07830777638082	2.20433769400775	-1.71468753015136	7.00219926030736
papa1238	1.61605694637873	2.18967807887825	-2.41060381505223	6.36186845875805
papa1265	-2.63600851097601	2.05161352172172	-7.07233991577001	0.890438990843357
para1301	0.193689684738071	2.25769738311162	-4.29177456260159	4.88710628340496
para1302	1.0840204250661	2.00619648218464	-2.63057212076394	5.35133005012881
pare1266	-1.71695372953456	2.19229075486918	-6.52439608047421	2.07559839887038
pare1272	-1.56708064380577	2.14430637690331	-6.24403571506907	2.42807326046186
pate1247	-0.547744071240229	1.83984684760787	-4.22142718562413	3.10315054599267
patp1243	1.71885725195974	2.13538929543719	-2.11586549280892	6.38339236173848
paul1238	0.325592209250007	2.17860113160604	-3.876884161558	4.85093326134913
payn1244	-3.91278310680109	2.38862356935443	-9.18632861442084	0.0706597958052877
pech1241	-0.565797646654523	2.28697189352397	-5.31788660611999	3.89938935901746
peer1241	0.665942638389345	2.20754179390887	-3.64690507404989	5.23862022805189
pela1242	0.111637279858061	2.10839869852415	-4.20290910324406	4.31849260807176
pemo1248	-1.33338223972626	2.05833719515937	-5.84522948408298	2.29975464570682
pend1242	-0.223448860347276	2.14080851552691	-4.47261013908688	4.11861845769725
peng1244	-1.68269926276648	2.1766677226194	-6.47130586264325	2.15826734731364
phai1238	0.264814627905186	2.18103275172461	-4.06103752198678	4.84558600040762
phom1236	0.047574920879988	1.92551686099668	-3.78058866795152	3.93614973643918
pila1245	1.50162128903259	2.17202854977073	-2.38075890632683	6.20656179710984
pile1238	0.405330870949042	2.14074952799107	-3.72061918434456	4.9368350983273
pima1248	-0.952478487776815	1.94146083256771	-5.083812209091	2.63617760737594
pina1252	-3.08526224170506	2.35734095406974	-8.16843419337663	0.864449601365222
ping1243	0.194191375991197	2.2579432631206	-4.1554320973152	4.93392628242691
pipi1250	1.0394091117685	2.11529336583877	-2.82964185579377	5.63559770732773
pite1240	1.19923885711097	1.96092744187127	-2.41815532500738	5.28309233636233
pnar1238	-0.746556498220543	2.1876052851483	-5.34569016459618	3.33914787005582
pohn1238	0.184594787012351	2.29997492531876	-4.23854913607063	4.87982003470682
poko1263	0.995208438124331	2.25063318007307	-3.15543621955711	5.82696810875452
poli1260	0.536602537816346	2.13696545969843	-3.40021586989095	5.03289924535021
popt1235	1.21910524746731	2.22150351340481	-2.86073614722822	6.01435921312984
port1283	0.218940226487633	2.29666877129907	-4.23631684768955	5.04166274585421
port1285	0.704603766163358	1.90950675976883	-2.98818469598895	4.73056514474894
psik1239	-0.294654602042765	1.87936175994379	-4.15462676681217	3.43808521950687
puin1248	0.609768940490661	2.13237811807064	-3.43707993202949	5.00649548335871
puka1242	0.0690837786010117	2.31690680849829	-4.3842896417378	4.84977558438141
pulu1242	0.120352335392733	2.27308844325798	-4.29381622688393	4.83647838539797
puma1239	-1.75538725776567	2.18598204076957	-6.4625478997177	2.13827270310529
puoc1238	0.290885942141083	2.19885389699555	-4.09568323224172	4.83865411835715
pura1257	-2.09181299047435	2.32819455853893	-7.06453874372252	1.89820744101727
pure1242	-0.260980674856732	2.16910884345808	-4.74693277610938	4.11681226473777
puri1258	0.285565665686726	2.16644896757187	-4.09498644383019	4.53666198888915
qanj1241	1.15976040875886	2.23958373551492	-2.91535110571477	5.97799599403397
qawa1238	-0.698624043380844	2.19511764715524	-5.42335650614644	3.3989653628528
qima1242	-0.609956093853573	2.22025568665042	-5.1923018733353	3.67958811304225
quer1236	0.760947684940553	2.21911104721649	-3.44077029274304	5.44795567421502
quio1240	1.85161599660814	2.28200154385009	-2.11456856520464	6.90521887198818
rabh1238	-0.998433736923745	2.20517030229485	-5.87597840848147	3.18265638843993
raji1240	-0.893440908324829	2.25042354852894	-5.66916294474047	3.29649775136518
rama1270	-0.436403693313997	2.28644377222374	-5.19278843422646	4.02748064790216
rapa1244	0.0178824489906631	2.32178422288353	-4.59688213055922	4.8141444115504
rapa1245	0.082041415903878	2.28121694855389	-4.4651069905924	4.63123816192635
raro1241	0.0748637261323722	2.24568192210923	-4.37422329108668	4.62753343571713
rata1244	0.141204953886592	2.21200118991763	-4.22663182973594	4.80997853726773
raut1239	-0.932352696595833	2.22857073956968	-5.53640451959354	3.10299546069161
reja1241	0.207958563768912	2.26784587153819	-4.16323681705205	4.91495856329127
remb1250	0.519952035178519	2.22813698864258	-3.71862439214908	5.22818677094538
remo1247	0.56442102418028	2.21587847999804	-3.53713691836386	5.28903207888587
reng1252	0.528054126135192	2.21760063878157	-3.69624092444337	5.19259576997686
reye1240	3.15662344875278	2.33227662431099	-0.601450249938861	8.40392244031132
roma1326	0.341626069127289	2.24572206639294	-4.01477485260056	5.04297534488249
romb1245	0.354973566165239	2.19403172906833	-3.94500857260893	4.90430020630372
rong1264	-0.836452783220992	2.20172563691328	-5.58977280253872	3.23573935310255
ronn1241	-0.540404752863109	1.92026766045189	-4.49007151574697	3.30222414525095
roto1249	-2.45686197362892	2.01988048860689	-6.83127044826579	1.03225501529483
rotu1241	0.117394217922021	2.32077035918267	-4.41349016849501	4.96010087991269
rovi1238	0.431457841970569	2.01611976563964	-3.52252965929213	4.69476847319616
ruch1235	0.70108525033654	2.222594455682	-3.7040934357514	5.40607937065619
ruka1240	-0.383406188330677	2.01361412525243	-4.52781013982972	3.71554426126685
ruma1248	0.203000332644508	2.14954844911616	-4.07886508547025	4.59972719489234
rung1258	0.12408189330013	2.30249627701882	-4.44621016227545	4.88713003123667
russ1263	-2.34836066457521	2.0888700994082	-6.94831132135442	1.27333598218097
russ1264	-0.0698544448075805	2.31322125434051	-4.78766512561361	4.48541212758091
saaa1240	0.16869343171171	2.10321748190912	-3.92870879600545	4.41466651185696
saaa1241	0.93393732610128	1.9878442937731	-2.81397328548201	5.16555876405952
saam1283	0.730581889802204	2.26124500451481	-3.63153639367278	5.4762006953497
saar1237	-0.705207269771587	1.92692264004617	-4.67263620937617	3.02520551604975
saba1268	-0.31400453015193	2.18594567083152	-4.83789490571218	3.97898664763283
sabu1255	0.442357946605801	2.25382986704975	-3.85525692762187	5.26784241726064
sais1237	0.354751214847001	2.05999226106069	-3.58162274641853	4.61212816412404
saka1289	0.956287948509393	2.10465599807334	-2.9662824038738	5.38297400485729
saka1291	-2.01271494021182	2.17067776413771	-6.75158158225217	1.76582541457462
samb1305	0.809093980920325	2.13463025621125	-3.23643423350761	5.36050104279375
samb1311	0.793528435888735	2.13304725028311	-3.19878382076226	5.30184218251923
samo1305	0.0639200347465235	2.27660375502412	-4.38090114911121	4.67299995991727
sana1295	0.337377989712	2.20593814063781	-3.82972964994335	5.00047187702398
sanb1241	1.52799172794507	2.27463494897874	-2.57357204446683	6.57221191539971
sanb1242	-0.209089924299248	2.30375878508273	-5.08252796040724	4.35515165166944
sand1278	2.01944848911943	2.35804298631227	-2.18085978818473	7.13648777575701
sang1321	-0.328070201406899	1.93976527037875	-4.23452059585806	3.44759452398757
sang1330	0.328846659273797	2.27733189543659	-4.10050718136089	5.12396412798476
sang1331	0.157363704932697	2.2526650315961	-4.30722871923423	4.90727852902779
sani1269	0.50250960095138	2.12257534760214	-3.71782282231559	4.87988100323254
sanj1284	1.85790695882533	2.30649231568183	-2.14748806803403	6.86503104836308
sanm1289	-0.293053450932554	2.18719099319978	-4.91191552032364	4.03144061269281
sanm1295	1.62923427401254	2.33244792220465	-2.51188963652652	6.67185925290182
sanm1301	1.74560711699519	2.30964477016041	-2.41781960482533	6.83001710480232
sant1436	1.42142172413942	2.28992098609574	-2.77460979269904	6.28793257006735
sant1451	1.766805405334	2.25914513547939	-2.22568868430413	6.82252793852298
sanu1240	-1.17466540782394	2.12024458821286	-5.69617543711955	2.75935616218917
sapo1253	-1.07791471036043	1.90749719693564	-4.94530083882221	2.59199334921817
sara1321	0.515685226689741	2.14595748815417	-3.54014275697028	5.07997932339349
sars1236	0.176675018120482	2.16743665070698	-4.19044755125983	4.52282780155275
sasa1249	0.155929304846979	2.26739948593248	-4.38035062327021	4.78457350991435
sata1237	0.135620286437872	2.28406186330292	-4.24570845813405	4.80305150738106
sauk1252	0.0850355174933764	1.74464808731609	-3.31428349692656	3.60223569068343
saur1249	-1.42158285989548	2.25315220940284	-6.18737892015015	2.65247757098216
savo1255	0.840064862751422	1.98294868951816	-2.87139522335804	5.01457833091569
saya1246	-1.23193424767825	1.99277829196122	-5.35369871733664	2.49384890801158
seda1262	0.504196467676552	2.1747228158614	-3.68972177538643	5.04713307608519
seim1238	0.0603765696269774	2.17430144353576	-4.29516719096541	4.4328509394497
seke1241	0.975471854471981	1.99167495911109	-2.78721371743331	5.16554466938401
sela1259	-0.0301765511692093	2.22426470542191	-4.4661389217007	4.552189163418
selk1253	-0.36278731380659	2.21277864735284	-4.96499261266854	3.86523335339185
sema1265	0.360636239805177	2.22512883815791	-3.94638480927245	4.99600143863306
sema1266	0.39027106984837	2.25854424940239	-3.9322927218309	5.01195960220503
seme1247	0.340060428575224	2.25173498187083	-4.0127412994542	5.00855051715667
sene1264	-0.536573095158475	2.28166173819596	-5.49412238856965	3.87452765435145
seng1281	0.853065313044614	2.05306878574013	-3.004509924259	5.04411431830595
seri1257	-0.76049021653886	2.19797712810748	-5.30865037159985	3.42506166132598
sgaw1245	1.56045867223981	2.20900367098804	-2.41296528593455	6.39462707669663
shab1252	-0.451652381836972	2.25776857552913	-5.12858869812528	4.06093494475848
sham1280	0.306613065075772	2.28403949137811	-4.17187490623772	4.98103220637137
shan1283	-0.410557112008401	2.24320904868934	-4.99072087831324	3.942711965866
shaw1249	1.02480686381037	2.08409362040708	-2.82057091047201	5.61947424003009
shil1265	0.0974680494060893	2.17719441915399	-4.21691485188615	4.50950387755801
ship1254	-0.235202261225186	2.17982811349316	-4.65566810172995	4.06516960910813
shix1238	-0.174414941624759	2.21393862595025	-4.72819708282312	4.15515564456091
shon1251	0.0669935130574626	2.29843438637894	-4.41656840810149	4.99733975091088
shos1248	-0.515453360335752	2.1807703756321	-5.12589569292435	3.63829258494003
shua1257	-0.473583057267787	2.20480588333826	-5.03460749051339	3.89525000755738
shwe1236	0.203494040729513	2.14158863799614	-4.10088735300521	4.59286129196866
siam1242	-2.69803473687932	2.1746016535387	-7.37956014244357	0.993005408875755
sich1238	-0.338710885234132	2.15482062171795	-4.89930318821524	3.85369353705278
sici1248	0.33687752852462	2.20173611422262	-3.80650010097516	4.97936231971035
siee1239	-0.210258943234701	2.07208107257864	-4.39972673429102	3.88722288178875
sier1250	1.85636733735965	2.29124091517276	-2.06414607917621	6.92931614602382
sika1261	0.0631049101630043	2.27280136856769	-4.48693692346358	4.65164319916383
siks1238	1.34311941746968	2.08870659408786	-2.41698968049369	5.91678325950308
sile1255	-4.09766147379052	2.31840839413371	-9.20799180636179	-0.130863126222631
sina1266	-3.80881034306017	2.36178881535948	-9.08464978624364	0.0866037603435275
sing1264	-0.380809195918233	2.05000748741223	-4.71864390175143	3.46507601059084
sion1247	-0.0911748301502968	2.03480054322947	-4.24260761254992	3.92421750783548
sioo1240	1.09011738299337	1.86891768900606	-2.37752766149571	5.05536461100496
siri1274	-2.03520418763304	2.06860595748936	-6.55056208316439	1.55155318176393
situ1238	-0.728115969419125	2.19518067404795	-5.4174491577948	3.47629689991647
siwi1239	0.388454542613424	2.20509052197911	-3.78518436742785	5.07908858349759
skol1241	-1.45065443156978	1.99161096655044	-5.78448257283734	2.16813116119578
slov1268	0.548480061429539	2.11758390284158	-3.43458050933431	5.10177750256294
sobe1238	-0.127107749006238	2.12887699795948	-4.36249637964247	4.25560563439617
soch1239	1.82662723998258	2.29783256332926	-2.2054875471301	6.86777837381431
soga1242	0.528361392496394	2.26074539709579	-3.95716389523466	5.15292445854469
sons1242	0.124067287856036	2.26347968751912	-4.38091542013357	4.75316467729208
sooo1254	0.393525017214625	2.23508724913954	-3.8827272398343	5.12935801259517
sout1528	0.552841330155785	2.11702697806988	-3.5315357698921	5.088103776747
sout2649	-0.787943074912562	2.14429358087384	-5.65438296791072	3.17351423162386
sout2674	-1.62766271310234	2.00426431428931	-5.93800433722923	1.91014023783394
sout2679	1.14486250564863	2.09821185607377	-2.72491938597277	5.74139729317622
sout2728	-0.663091038711809	2.18021026809407	-5.34113686675919	3.42090915255817
sout2729	0.112474960451723	2.12039093177353	-4.22241991042775	4.37137953760011
sout2730	1.67083758903141	2.05029028751253	-2.0524309281875	6.17689405302507
sout2782	0.742962315843513	2.11391527627358	-3.23618440656216	5.07456815352865
sout2797	-2.82136406448187	2.0837617936178	-7.31212659693346	0.747056138871525
sout2807	0.210667002108033	2.18575070780869	-3.92771764536832	4.91633918948815
sout2826	-0.0176086486206148	2.24403556317042	-4.39982622433783	4.52000134957586
sout2856	-1.88751226876906	2.01551042841448	-6.12680084921015	1.64940939107615
sout2857	0.717629174384109	1.97196609663944	-3.06147691513802	4.91610243537296
sout2859	0.742862681621166	1.90374334822364	-2.82960917213958	4.78633681393505
sout2869	0.265583926692353	2.09438679001735	-3.77127647869014	4.67771824828776
sout2895	0.357825866172821	2.20095391156584	-3.82400069137292	4.91195984459305
sout2912	0.275893862630917	2.25567780247532	-4.18320381377743	5.01032434141411
sout2954	-0.108606842034021	2.25680837322636	-4.70398026195192	4.19128086990344
sout2956	-0.446808523071209	2.23975408851712	-5.08486251832688	3.82673742901163
sout2959	-0.2365545132734	2.26780243959314	-4.96470485972965	4.33194237309065
sout2976	1.15297165747726	1.97521427692564	-2.35131850647382	5.39575336630718
sout2994	-0.561126083610362	2.23116412541833	-5.19141905606306	3.79867734446164
sout2996	-0.124018100397696	2.2296855695948	-4.63655082280121	4.42724181224266
sout3236	-0.145187111105534	2.28538493994592	-4.82952749838045	4.43146048280001
sout3261	-0.386543613931455	2.31624434598691	-5.21419545505803	4.07433918507249
stan1289	0.16679839132174	2.23264593558202	-4.1622295808779	4.78566435793603
stan1290	0.246041993735115	2.22250193955792	-3.98671786598911	4.87402238871493
stan1293	0.41411403601621	2.22550368300268	-3.78035897148357	5.08777747389703
stan1306	0.375636041706392	2.19426767365698	-3.83236070636144	4.87073575545557
stan1318	0.332389975594055	2.14246531792113	-3.85749177909398	4.81722094956187
sude1239	0.314696542537146	2.08536013296813	-3.8335706018133	4.56149186367689
sumi1235	-0.665650014923834	1.92667779449696	-4.60306054262895	3.02310873962739
sunw1242	-1.62982825376484	2.12295570325224	-6.31933056026887	2.13365465222091
supy1237	-1.89258556446761	2.21115897524012	-6.71057060730428	1.93186170701017
surg1248	-0.990830682237551	2.12558956933025	-5.63487178953312	2.96839477127889
surs1246	1.50570953246946	2.14563735971871	-2.38904685015912	6.07501845016148
swah1253	0.257944903539785	2.27490588078205	-4.14301140891204	4.89955028333479
swed1254	0.244916588169853	2.18307172763744	-4.02140650643071	4.71071348844211
taba1263	-0.30065432899309	2.20576531289683	-4.83320502002251	4.15400861522411
tabo1241	-1.54085295078181	2.29852677414811	-6.53828785932417	2.65973326141113
taga1272	0.597517165142506	2.1496427672831	-3.48536239350172	4.99523491947716
tagw1240	-2.34266003102382	2.19722114062262	-7.09956511946177	1.39399067663805
taha1241	0.399537414725751	2.24482970958434	-4.04235037088077	4.97119401185792
tahi1242	0.0885187464163914	2.31687545141077	-4.49113469327475	4.80864053866673
taia1239	-3.28684327591924	2.26655896597067	-8.28055859589055	0.556454632542443
taji1246	-0.222241338076252	2.17319902845604	-4.50207798688648	4.18286266155673
taku1257	-0.432549257100028	2.30249727850594	-5.14805745494192	4.31175628954755
tali1259	0.650423344469064	2.00820923144136	-3.21669936419466	4.86227004680528
tama1365	-0.00343028762838248	2.02266554273515	-4.02755443642797	4.06439726181406
tami1289	0.216696676095986	2.23088445051454	-4.30222349906485	4.80958212565031
tami1290	0.626603212090201	1.94015727428154	-3.05073929858595	4.70450062596883
tane1237	0.557880058741058	2.13807619052165	-3.56760335476668	5.11861671891435
tang1336	-1.1036530665215	1.9900863930127	-5.27912581543679	2.59603287864712
tang1347	1.01990230763775	2.06007869716651	-2.88592014705273	5.44346802939562
tang1377	-1.20323864794852	2.18592662257195	-5.918190550968	2.6809789406258
tani1257	-1.89504455990897	2.15009193098078	-6.61704688377629	1.91568771317614
tari1256	-2.7573165202917	2.05526533788186	-7.27925812597762	0.708812195321683
tari1263	-0.605695891184357	2.13508211599094	-5.07952719755704	3.59078064248921
tata1255	-1.23826060236328	2.15881478382735	-5.97599954336172	2.67290904530517
tata1257	0.427592916708416	2.22524836257311	-3.97712403770813	4.92278945767555
tata1258	1.41414218908181	2.29216348034198	-2.70103463503917	6.41643263573116
taul1251	1.82259310632113	2.20447143060403	-2.09151440289018	6.71441812127921
taus1251	0.293904380243058	2.24015358557573	-4.1131817973676	4.99448315657654
taus1253	1.34144752259697	2.27877464678443	-2.72123193403973	6.32104161747669
taya1257	0.338903763707197	2.2543752460206	-4.00583299772079	5.06979951710686
tbol1240	0.499065759765481	2.22051608507242	-3.86948614389288	5.18326751119108
tean1237	0.563149290376134	2.13022453860973	-3.53625143734193	5.07338285913686
teda1241	-0.0260818113810236	2.29813570491304	-4.77648774863704	4.52527857430332
tedi1235	-0.857151503003461	2.16270555858725	-5.44875184126424	3.20917905885948
tega1236	-0.0490011141201372	2.29224852130577	-4.74246571709448	4.61742275349505
tehu1242	-0.656409208881899	2.27693156497968	-5.43197061522343	3.71244323140048
teke1275	0.163562295223449	2.27991998864906	-4.32921246178548	5.00887835214203
tekt1235	1.21417460689198	2.27854441711565	-2.86710472582036	6.04538101065059
temb1272	0.478490909295334	2.18331016642424	-3.67055686099336	5.05418754460546
temo1245	1.21457223929877	2.20730504965644	-2.75561407377008	5.95858886392097
temp1235	0.4653098806998	2.22591616399992	-3.75059246690231	5.13336639087887
tene1248	-0.100896419641083	2.23035248254037	-4.61354232973138	4.30807805832225
tenn1246	-0.372816586258339	2.25443207503531	-4.99597385808162	4.10704165953249
teop1238	-1.581239177406	1.90120803993572	-5.57146904717837	1.93971855268885
tera1251	0.407144288962198	2.14342468664436	-3.80476523672829	4.77531780750558
teri1250	-0.360163101901802	2.28458416765484	-5.23254189476178	4.12866943559242
term1237	0.415356389748361	2.21315168611767	-3.8165612907387	5.08483672541951
tern1247	1.17568701600153	2.26586418091114	-3.00015279929359	6.15873894151303
tete1251	1.83203901322264	2.14510243304763	-1.91643698298487	6.61384760168888
teun1241	-1.61233384482893	2.10310317586878	-6.03166885707052	2.22603804564427
tezo1238	1.63343452976475	2.31958560457431	-2.42549396900652	6.77704094501458
thad1238	-1.06800700405133	2.0887196816279	-5.55952329962723	2.85626976954712
thak1245	-1.07302916532498	2.24103528195992	-5.91625333192694	2.93373201706093
than1259	-1.14188921045451	2.2056607607195	-5.86051747439849	2.8222519508043
thao1240	-0.336273148675144	2.01081436407531	-4.45487310602954	3.62250178840746
thar1283	0.857980835333783	2.19372440453913	-3.34771426974118	5.42464458029904
thul1246	-1.64742871511822	2.20812891966195	-6.51161853012981	2.25416754214753
tibe1272	-1.21645540325512	2.1826643607168	-6.02172859797682	2.75445152956243
tibe1274	-2.34679098389437	2.09524528627201	-6.80754660980918	1.28459579720127
ticu1245	-0.53234033325354	2.27201491445451	-5.31665646772085	3.8792508327257
tief1242	-2.7995591578895	2.06737008182335	-7.2690806737572	0.811626749685506
tief1244	-2.80341183994496	2.08863459489461	-7.37724638450496	0.842779237413687
tien1242	0.103684078479451	2.25028205014781	-4.33878545367692	4.76367794735217
tiga1245	1.581232125295	2.18500307301255	-2.38708630696372	6.45054697096153
tigo1236	0.529798133224857	2.03283030919143	-3.44560106006983	4.7997891933957
tika1246	-1.16436186912789	2.00901596906104	-5.32245031957747	2.54346418852281
tiko1237	0.302730127732917	2.28475322321222	-4.28051504381057	5.01874175246436
timn1235	-1.36575141709013	2.0738538693086	-5.80237798551052	2.5362703804763
timu1262	0.413776865047781	2.21430194057514	-3.90972449585042	5.06053488653891
tiri1258	0.589066272391897	2.17150404319998	-3.45536377759131	5.28687465600375
toab1237	0.9593746186803	2.081849101726	-2.97462311279133	5.34541349005187
toar1246	-2.80138380039217	2.21290676872071	-7.72638962965254	0.830454558829039
toba1268	1.32144441478683	2.22446226808725	-2.7554814066592	6.08974172982781
tobe1252	-0.241717650638007	2.26722488847041	-4.90346996203514	4.26891007272325
toho1245	-1.42708613725248	2.08594749807776	-5.94298320598491	2.26096595629621
tojo1241	1.13846018778767	2.26879787986141	-2.95198951285075	5.93756190588374
toke1240	0.0624926450290026	2.28529304880105	-4.5291948953624	4.73547071309135
toll1241	-0.601842461426244	2.22789056718218	-5.32266500960872	3.58345474161752
tomm1242	0.0778197330504643	2.1999209977097	-4.36672402249594	4.51543617249522
tond1249	0.00697665559791601	2.0923830681117	-4.27721850036464	4.13413471205611
tong1308	0.316741119982209	2.30275532854939	-4.23008577143937	5.23454916691105
tong1318	-0.444703817450819	2.23643401051007	-4.99792971803336	3.9183823631534
tong1325	0.119681769557641	2.27294999984779	-4.36999747890018	4.71426493855367
toor1238	0.613815100259433	2.23193286509145	-3.65533336806602	5.23090109596256
tosk1239	0.961441240814133	2.189365466705	-3.09449306703213	5.603884387464
tote1238	-1.9748943798546	2.19013572914792	-6.68026087385941	2.01184725516045
toto1302	-1.44775154242181	2.20027866324328	-6.24958986104007	2.52672200039484
trin1274	1.69984693057765	2.15363621649081	-2.14075196410985	6.50591362697208
trio1238	1.95073490863436	2.11369658977499	-1.75162684019718	6.51931729029944
trum1247	-0.722667054194705	2.04226721428801	-5.01718147500925	3.21832917551786
tsam1247	-0.186235097173599	1.82735783997321	-3.86770620452537	3.39564323640389
tsat1238	0.152117082653685	2.19375448851913	-4.1739622932405	4.69981823519733
tsha1245	-1.30787328330117	2.19678888460087	-6.0143701994562	2.69432139899991
tsis1238	0.128065725083896	2.18827918251103	-4.2135078823549	4.62542143632376
tsix1234	-1.27127856410513	2.27652119562537	-6.20231113702615	2.96544940509039
tsog1243	0.184360722829857	2.2294247921674	-4.19881252871765	4.79923923474104
tson1249	0.418210939446226	2.1714991495521	-3.7310668085039	5.06018886512198
tswa1253	0.475884063574151	2.18431503918992	-3.66107693105191	5.10514848587358
tswa1255	0.31778830200855	2.26380406707365	-4.0120034696974	4.93351057060691
tuca1252	-2.53584287821783	2.05248257809025	-6.97571618330018	0.980979401926843
tuge1241	1.46841968037412	2.26530752878663	-2.78897032728392	6.29873643655047
tugu1245	-0.0628160342308953	2.08884900173974	-4.24558753120951	4.20403631775774
tuka1248	0.218070018871042	2.24090779419789	-4.16537085275642	4.84362905229972
tuki1240	-1.29967767691088	1.99382400028609	-5.53050075148717	2.42441121726627
tula1252	0.781808539229165	2.03292350586773	-3.01396088664313	5.13964613229958
tulu1258	-0.148164672555101	2.20546926925174	-4.82416611188165	4.12458419717736
tuml1238	0.29497865922089	2.06772453225963	-3.73947204908808	4.5382644658174
tune1261	-2.27553254484415	2.09049341362863	-6.77425802751963	1.36402759337212
tung1290	1.09596258072131	2.22225068040347	-3.05461404976116	5.89032480341282
tunn1238	-0.845998244344134	2.06043468601307	-5.2350846821763	2.97410518381584
turk1303	-0.219322648483501	2.32203664035188	-5.10205640031784	4.41123876302489
turk1304	-0.0192118679339315	2.27796653904622	-4.6460020304136	4.52593160258543
tusc1257	-0.347262043979415	2.20282928467909	-4.90975318949184	3.94224342816714
tutu1241	1.12021786359412	2.01527776547401	-2.62136673396203	5.40993048676219
tuva1244	0.109460030607641	2.33571642906859	-4.46224527083377	5.09469705154901
tuwa1243	0.818653705821201	2.17848015628651	-3.22624891625706	5.52155485273044
tuwu1238	0.524067157294931	2.24008181799897	-3.77806057496942	5.19310970339205
udih1248	-0.000105824132126502	2.40851134850414	-4.80234673544756	4.75042511178432
udii1243	-0.455214107758355	2.29535672012538	-5.15236211916213	4.05746322011731
ughe1237	0.440115384288033	2.03486419245932	-3.4837504379448	4.69422854282176
ukra1253	0.548296738693538	2.07092153498501	-3.36423367180872	4.93690638595502
ulch1241	-0.248447436049192	2.35809550071935	-5.23521916745858	4.48371373504642
ulit1238	0.147909240656098	2.27686630638838	-4.28367839221634	4.91501132695234
ulwa1239	-0.677901417281262	2.23482712157516	-5.45529550976634	3.52112519731015
umaa1242	0.168185687001568	2.22533861573563	-4.07166103409852	4.81062547483544
umbu1257	0.164094020909386	2.29758495972193	-4.3409380932002	4.86546022013141
umbu1258	-2.60457865147368	2.31003043823509	-7.66380115081417	1.37329164910132
umes1235	-1.37078058509675	1.99793142987794	-5.81254963887077	2.17995655748509
unua1237	0.968115660182303	1.93112495804189	-2.59006212119922	5.04812165247507
uppe1275	2.04054245196296	2.13725018943485	-1.55984384833986	6.79623007834313
uppe1427	0.42149920223937	2.23272018354859	-3.94657335974079	5.22246293086784
urak1238	0.34979922791381	2.25767351158732	-3.96247822403418	5.13739607268737
urar1246	1.750340680627	2.24617916486527	-2.2412169687364	6.56466650662369
urav1235	-0.408680639827958	2.07681323749311	-4.61803783958579	3.63349034958903
urim1252	-0.168159603577848	2.09143171100845	-4.42735066103444	4.06727974446437
urip1239	1.09435456084658	1.96438028639282	-2.56523536441733	5.31786827284662
utes1238	-0.436527543491792	2.18754939635868	-4.98437385952401	3.75566490184747
uuuu1243	0.0875913003598002	2.14807587166107	-4.21528644172935	4.51343693174169
vano1237	0.561610606931535	2.12377139335536	-3.48300050032343	5.09546931390005
veps1250	0.738422065995402	2.11196917240217	-3.13591998784886	5.35406709091657
vera1241	0.718511119364406	2.15599017070973	-3.29128349471083	5.45348599925386
viem1243	-2.82398105067913	2.21201941371412	-7.69153977071937	0.94142271693544
viet1252	0.236592759894829	2.28751402367098	-4.20467931891621	4.91421920006056
vinm1237	0.993103262982571	1.94574744262196	-2.58584803722701	5.11439453414464
voti1245	1.17979021846207	2.12792838548333	-2.67669275291208	5.84879460309857
vunj1238	0.253016851137057	2.21252617959458	-4.15022411635353	4.75565890309549
vure1239	0.724734885510502	2.15659114467322	-3.28584428074763	5.44365847121243
vwan1235	0.351631223879332	2.23936887066736	-3.99108762490311	4.96148636315562
waga1260	2.35306545828114	2.23077587124833	-1.57441189695043	7.23869438873466
wage1238	-0.742889917826749	2.30321011379866	-5.5628569877543	3.60527140269425
waig1244	0.805414833407924	2.21567925441573	-3.42767972648737	5.50678267781134
waim1251	-3.66131241604858	2.3010804790293	-8.61217206187842	0.190136313345682
waim1252	0.243561859948013	2.13930704682495	-3.93485745364049	4.66613765210508
waiw1244	1.40174593341104	2.15529454506372	-2.45384344387705	6.08085208890077
waja1257	-0.801074508950306	2.15781714125146	-5.40404724452156	3.22548454546459
waja1259	0.832203885672679	2.04306906938564	-2.95376485552645	5.20274537675139
waka1274	-0.408521261819668	2.14667030806272	-4.81247500629133	3.66762910303054
wala1266	0.989717835567271	2.00968264183985	-2.77581218840759	5.18221064460516
wall1257	0.103559213310864	2.28111299591157	-4.54562853926481	4.82498658575602
wamb1257	-1.72463807143635	2.16885906920284	-6.480392855536	2.07594679010042
wand1267	1.3636722255414	2.24853025673899	-2.72137978621074	6.29129554670785
wand1278	0.558283425756799	1.9976406149243	-3.20796216394978	4.74638961681273
waor1240	0.498341337159576	2.13532249513648	-3.66524451595047	4.84920305606051
wara1294	-1.24273211074098	2.3197897676255	-6.29945937969718	3.05729105198238
wara1303	0.843358909092372	2.23673622867556	-3.43162246679736	5.6420355193401
ware1253	0.126867292845848	2.15764735972384	-4.17618038413027	4.54403374557324
ware1255	0.694199582925202	2.05503750905259	-3.19104990492087	5.13307090031297
wari1268	1.4616545649797	2.26163631010278	-2.57158314302093	6.39845290144213
warj1242	-0.74295000643573	2.16245333047535	-5.16232398533227	3.45168644164136
waro1242	0.343810987951893	2.22996264672188	-4.08794658731623	4.9903161251388
waru1265	-0.338092930391582	2.16551454229018	-4.85576408047166	3.82750458812368
wawa1246	0.0474597366741504	2.1032509654061	-4.30463462293199	4.36084302560372
waya1269	-0.213801934071989	2.01193498790586	-4.38561243394404	3.76255390349922
wayu1241	-1.6542290494115	2.15819136140901	-6.45025348228293	2.19598111400322
wayu1243	0.339330864336286	2.10500093391983	-3.80416066240286	4.70768729837226
wels1247	0.465047739520369	2.21328415971268	-3.5706058036219	5.12652691860372
west2354	0.423086009629551	2.22043519183758	-3.84508554911778	5.22174480343127
west2369	-0.700074247638664	2.14755044048833	-5.33242195007406	3.26671407950841
west2396	0.938741583470954	2.15140965060174	-3.12890170490738	5.40002426475697
west2397	0.375180016652744	2.30851487338525	-4.19816222188361	5.25814178900557
west2415	-1.47586865932871	2.20005232514142	-6.3681460447047	2.41421550856757
west2418	-1.08834165080087	2.22064086701773	-5.84385109316013	3.03213678378602
west2430	-0.122196478522451	2.29092091058704	-4.85748934293281	4.42272451923152
west2441	-0.97882524744104	2.13379186397663	-5.46180897479855	3.01496643734407
west2466	-2.78041492474108	2.09287915581097	-7.16590988443843	0.825637866761419
west2516	0.449616990993606	2.22247291135321	-3.80801058722428	5.32933662589864
west2519	0.131752905073053	2.22460063639096	-4.24130341795209	4.90662586844501
west2548	-2.33043010173748	2.1103523992371	-6.90328328777862	1.35491608402076
west2557	0.483101089518893	2.21716760458934	-3.71178417543155	5.16882367230352
west2560	0.509764914997176	2.19443064826816	-3.63216367921749	5.19618175045016
west2594	-0.475630657317131	2.21471749281661	-5.08698525028001	3.80549302347293
west2600	1.31242125425142	2.24903845288855	-2.74952767197563	6.0631812718398
west2618	-0.656576063287411	2.16817909361355	-5.2397644817683	3.37924435177706
west2632	-0.771442931352517	2.25236201988822	-5.37970697770797	3.60474837067964
west2635	1.23994108308998	2.23468762145529	-2.82564499308653	6.07585898770917
west2644	1.46338530393004	2.2905189650552	-2.60742371691699	6.39377436794731
west2650	0.388288797690296	2.16800042726631	-3.84071384331089	4.9258689112502
west2763	1.18513192309995	2.09962485233779	-2.6191354755961	5.692037639112
whit1269	0.245823770059617	2.08624715201294	-3.80015635800426	4.59362609676996
wikm1247	-0.792481295886151	2.18476046021999	-5.36619385951656	3.50209122031216
wiru1244	-2.51248535548228	2.31684975166397	-7.40742304501957	1.56338953963003
woii1237	0.790835134048785	2.25834203365706	-3.53885786644857	5.55115356451951
wola1242	-0.626888953516005	2.24043389555688	-5.33787574941551	3.68515880354143
wola1253	-1.03472077115622	2.11705297424014	-5.53104647526033	2.82764154724697
wole1240	0.114368491166326	2.25071613672984	-4.2774413964438	4.84039591471699
wotu1240	0.225055360277999	2.24345749315824	-3.98743676700701	4.92007398656991
wuch1236	1.14600704877738	2.06921063232083	-2.57508809429138	5.58883462196558
wudi1238	2.47193873413512	2.09704459728547	-1.19932870436073	7.09121067288709
wusa1235	2.17730931799327	2.1160569053626	-1.5761169070365	6.69927698423023
wutu1241	-0.70255254515121	1.94740385883385	-4.81033437505001	2.99013213844334
wuvu1239	0.251977103297497	2.19269551037084	-4.09843790206056	4.78771439559106
xamt1239	-0.938145954119713	2.17454296451499	-5.52398449189236	3.11428908462501
xara1244	0.605481383440223	2.18492999240265	-3.69342622725139	5.23362815311213
xava1240	-0.756227352230507	2.24556640890175	-5.32532983666634	3.50811060601231
xhos1239	0.158167042906746	2.2754975508848	-4.22853226177654	4.84071428532335
xish1235	0.980154376635186	2.09734743953121	-3.11002645729211	5.32669401786036
xokl1240	-0.552122242263026	2.17198247337744	-5.10690238271388	3.54372435398678
yaak1241	2.01621695381252	2.08407510896822	-1.50783495097449	6.54263018654354
yaey1239	-0.127960707557364	2.23221888692034	-4.55421712077664	4.26702591337632
yagu1244	0.614472847654504	2.15541608384381	-3.56819108423332	4.97584946686681
yaka1269	0.161137475322382	2.254841558007	-4.23326593409296	4.61619122666482
yaka1272	0.331879597534104	2.21628765507247	-4.08669879741368	4.82412112540811
yaka1277	0.52863214180307	2.19497824882762	-3.67856555765024	5.12893800354997
yaki1237	-0.438792741205472	2.21833422653205	-5.0078078208295	3.93848538153599
yakk1236	-1.6527284159616	2.17337005724776	-6.35214196673432	2.13042918144545
yako1252	0.353650962962137	2.16887816405347	-3.89452364990489	4.81316549572302
yaku1245	-0.0117482669960717	2.35588188300943	-4.76007694008917	4.85717076276622
yale1246	-0.545131385329335	2.07940875379586	-4.92488977246277	3.46180145466247
yama1264	0.89091760980114	2.2655834276389	-3.44457473826567	5.59007835841914
yami1254	-0.0424902659127731	2.14055911568121	-4.23902448312336	4.37460662476195
yami1256	-0.515284119831969	2.2082729224228	-5.21881920265185	3.80809396678901
yamp1242	-1.62854160409847	2.2132727114223	-6.34971788096019	2.29987897069689
yane1238	0.856179577977106	2.0324112388114	-2.97230146009414	5.18856263576041
yank1247	-0.67499695531531	2.14654024619667	-5.28049760940434	3.28988960631146
yano1261	-0.466448544421788	2.20771486702944	-5.03038222711538	3.74148723370365
yano1262	-0.651592448533025	2.25586009982	-5.51285117441483	3.53500897776712
yaoo1241	0.119191921955171	2.32213662555906	-4.42358856308143	4.82948050447502
yape1248	0.254028435312235	2.21814473967793	-4.02660230753321	4.86167576300757
yapu1240	0.0781313662471968	2.05472095410804	-3.92717335106306	4.30686327999721
yaqu1251	-1.12821149274521	2.10562989935435	-5.76077921448959	2.75380267311444
yare1248	-3.84327818752858	2.38599663288263	-9.09481358956156	0.16607297311687
yasa1242	0.145241338637508	2.19919706024952	-4.22481202772133	4.51404913486702
yatz1235	1.94134817118697	2.27923566455636	-2.11220252861174	6.92677784804988
yaul1241	-2.79530223869899	2.27149827320331	-7.74360209819153	1.1423659989144
yaum1237	0.342147746672629	1.74935572657416	-3.00562940856689	3.8312656380703
yawa1260	-0.602583695360322	2.18463440902245	-5.13603334747771	3.58192204983792
yawu1244	0.520475197570053	2.16633309249223	-3.62065014769677	5.05389488423169
yele1255	0.113183595677317	2.17240920006574	-4.29332264755288	4.4945399136242
yems1235	-0.923330758841587	2.16618155768086	-5.56783086378928	3.12138109286256
yidi1250	-0.844571152623615	2.15076045066652	-5.43867466014415	3.18800425216033
yind1247	2.03058614602033	2.23305579596468	-1.92372904674493	7.00753510379246
yoga1237	0.75988331189396	2.13899535777157	-3.28109341852696	5.37827317882326
yona1241	-0.0337416405413064	2.24858822563793	-4.57767154279565	4.36567565559859
yong1270	0.0655688585271226	2.11884494509136	-4.28371353413992	4.24721444325826
yong1280	-1.10009103910256	2.31987466049616	-5.79856969344843	3.09074587561969
yora1241	-0.298694296085967	2.22593185545543	-4.98321055966946	3.96874845653912
youl1235	-0.195184406213083	2.05416715723606	-4.34804243184956	3.8589403879429
youn1235	0.345912337182193	2.2815685777361	-4.16606162060347	5.03189660099124
yuca1254	0.394483989838309	2.23430366448997	-3.93830941329723	5.06325454657955
yuec1235	1.28479195907258	2.06884267033603	-2.47562963390746	5.6510598598326
yukp1241	-1.01899406289708	2.06129414016456	-5.39583290947418	2.77379682932083
yulu1243	0.345673482801479	2.22026872571193	-3.81395974248063	4.97196076815115
yuqu1240	0.444398458322552	1.92972839046438	-3.45826941863695	4.36786638039637
yura1255	0.5844965665397	1.95623732220112	-3.29934850267542	4.53676289031983
zaba1237	0.854470019337053	2.04555420119413	-3.1270318811597	5.13269413093043
zaca1241	2.11086913533953	2.16141138096779	-1.46445767576587	7.03730962158882
zaca1242	1.3943573069493	2.29030212729959	-2.72524118663987	6.45487151931118
zagh1240	-0.0592609495489033	2.25016225484964	-4.68154724098738	4.39781962256748
zamb1245	-0.642592679889125	2.05365856955717	-4.85173992545262	3.37864173627561
zani1235	1.63298563757867	2.33726980659634	-2.52105976726541	6.72912065188359
zarm1239	-0.611452548360472	2.11144556222274	-5.12620375488053	3.33353919023097
zaye1235	2.03459585693229	2.22991176732937	-1.75345906280025	6.9717542760711
zays1235	-0.468615221504579	2.14022675358951	-4.88190194616254	3.75420374734776
zenz1235	1.53497022143235	2.30986959181536	-2.60009507722457	6.54652812377515
zinz1238	0.134655105868596	2.31107290133255	-4.35458697122769	4.84539449815059
zoog1238	1.92778060995927	2.28281879837527	-2.12075859976134	6.8712902304127
zulg1242	0.492765065436621	1.94153328111256	-3.16763924471994	4.57219091709292
