Estimate	Est.Error	Q2.5	Q97.5
abar1238	0.679072256763682	1.98101053085004	-3.09456004149656	4.83067981413039
abee1242	0.0956729557638039	2.18139814310932	-4.14646128521926	4.61279234289854
abkh1244	0.263350877661966	2.14201286511385	-3.97830872762009	4.56596442644534
abun1252	0.758513459340479	2.12584179768323	-3.3459924749356	5.17994556683682
acha1249	-0.267557809709049	2.1482363703747	-4.65306120538772	4.06893003214781
acha1250	1.52065250975468	1.95536819835367	-1.93098892427579	5.7605981109488
achi1256	0.50036864786081	1.95257278050413	-3.31954915268699	4.50845237551856
achi1257	-0.0174053118056804	1.79821171673811	-3.61991599579696	3.64039572657925
achu1248	0.408064209566312	2.13068312980016	-3.82827614122368	4.74982490872045
acol1236	0.148529081982786	1.97834955770532	-3.64144881447083	4.21895583350631
adan1251	1.10159967950851	2.07896694101464	-2.58653258408484	5.68584224044432
adon1237	1.17020473019033	2.00200987758901	-2.41753464925903	5.50237298677394
adze1240	0.928511944536065	1.79227477385461	-2.39016730280174	4.76746808089371
afar1241	0.322583597200942	2.22283242572701	-3.92808776553482	4.92692455542987
aghe1239	0.634232059609012	1.98252503205015	-3.19327774489496	4.70779553190633
aghu1255	0.298761185492869	2.22963432347668	-4.06371495672819	4.99614902973723
agob1244	0.353750128790924	2.13118973788458	-3.66844219671806	4.88064570804981
agua1253	0.474044131610839	2.13177915135975	-3.56597943565701	4.95723921933813
agut1237	-1.2807325367164	1.92571770850628	-5.47639044348737	2.20046504446751
aheu1239	0.694665193843191	2.11533899668993	-3.3264409521578	5.3076496065335
ahin1234	-1.60377654452748	1.85131150033674	-5.54939759667712	1.74157681147887
aime1238	0.738924974420983	2.19886614535492	-3.36948925254311	5.41694625954941
ainu1240	0.111474383995579	2.2426177905221	-4.40312445718727	4.80837195171234
ajab1235	0.116709490043604	2.20033461320055	-4.21572281282176	4.66513424358704
ajie1238	-1.75625248413693	1.64022438489552	-5.18875728449676	1.25924167373919
akha1245	0.563039807434721	2.07570686188812	-3.4348964412738	4.90399192077948
akoo1248	-0.184402147639964	2.04878503566749	-4.27244434982434	3.95203049900542
alab1237	0.375992425665535	2.12272622376183	-3.69728222813646	4.81454569132466
alab1254	0.931786761780254	2.08786951166079	-3.02980775891327	5.29189556922697
alag1248	0.341688068399017	2.06463378578652	-3.62010569211961	4.77072500307897
aleu1260	0.409293271207227	2.06113730033624	-3.63907236500115	4.65034127875231
alor1247	1.11926552252169	2.09226612095774	-2.57054195912097	5.75799314662513
aluk1238	0.0883708784924847	2.21768943343525	-4.37968274992051	4.63748731039889
alya1239	-2.47568771407256	2.09459107373788	-7.04675875776782	1.0788558346317
amah1246	0.572471085628135	2.06103099773263	-3.27117606136032	5.07470179215881
amap1240	0.934162948521129	2.13297913993219	-3.05842486851361	5.43163335509295
amdo1237	0.0230074404316721	2.29475486540115	-4.61969135241184	4.65841372832824
amii1238	-0.146377018109176	2.17320801558929	-4.45114790817129	4.19487581115254
amis1246	-1.64522874009998	1.8765022362971	-5.62478853191651	1.68609253826952
anei1239	-1.25639818912528	1.77417674909878	-5.03311502300624	1.96682462199984
anfi1235	-0.124987276790841	2.1307422858197	-4.55974324368067	4.14657437048951
anga1288	-0.551483771996499	2.1791010248151	-5.08454228131093	3.66450192783807
anta1255	-1.16118366361467	2.00389780135226	-5.55044618374917	2.34346578800617
anuf1239	0.115344327586847	2.16531476192597	-4.20652784812511	4.59876085530774
anut1237	1.79773896213294	1.950950934334	-1.58407646184662	6.0564101495145
anuu1241	-0.0648388651891225	2.28568045577868	-4.71874880577308	4.62429739056789
aona1235	-0.261500552178215	2.24154140940505	-4.96819828661958	4.17611479416982
aoua1234	0.134028318945412	2.25615955454749	-4.23080786263356	4.80181219651617
apat1240	-0.198351387031756	2.26231699908699	-4.74985864100399	4.36222110189464
apin1244	0.244760724774844	2.16407872061618	-3.98454173882347	4.67482760338942
apma1240	3.23129330265219	2.05243985639255	-0.2108464364602	7.67095366261572
apur1254	1.45714475558588	2.01219913851345	-2.15226350590573	5.81142316415179
arak1252	2.91278138484043	2.0074345559339	-0.375411438482246	7.40214981670143
arao1248	0.712034785092184	1.90493473190533	-2.96687130290443	4.7924810643108
arap1274	-0.264966539499506	2.07093370789848	-4.59905140678362	3.79703117358767
araw1276	-0.441988059053791	1.76866137822798	-4.14005770754817	2.91873820316424
arbo1245	1.65297537507108	2.10401555434975	-2.13010333404628	6.17391981312166
arch1244	-0.488518394767855	2.0984016444692	-4.8942822643832	3.55928924729337
area1240	0.3247649508153	1.70605512439021	-2.95942060087534	3.86214885165318
aree1239	0.996297357224631	1.88502026684459	-2.41321286491384	5.12734737868451
argo1244	0.785833236355438	2.09907319948806	-3.10972762192379	5.1970214078475
arhu1242	-0.115630418762401	2.07042976216775	-4.31624459796177	3.96551492780318
arig1246	-0.727215470764067	2.03617021172445	-4.85849100327133	3.34723468092991
arop1242	1.23704726434017	2.03012193655325	-2.43976057637797	5.65528525051112
arop1243	1.5545287998116	2.02604357303652	-2.07612746430449	5.85105861361105
aros1241	0.284575883658574	1.80689482855137	-3.17188029172726	4.16522701222628
arta1239	-1.70913288289601	1.93882191129986	-5.78668164659883	1.80244259387954
ashe1272	-1.59824111173731	1.95197144551827	-5.85118273623497	1.83408753875407
asoa1238	0.170819682976138	2.2299959477961	-4.22173164755775	4.80282849060785
assi1247	0.447009439799597	2.09373509049008	-3.58974161500949	4.7855382876965
asut1235	0.197808613614215	2.20952080344349	-4.23058163270766	4.72581322862473
atay1247	-1.09706491216362	1.79070438942878	-4.87270973048263	2.29562324774795
athp1241	0.0928654293538668	2.16032603661917	-4.23786386079044	4.55717759443356
aton1241	-0.236359055139074	2.14587914816004	-4.59417783249156	4.083557965443
auuu1241	1.18763791995591	2.1195610906379	-2.64966619388779	5.70935787898618
auye1238	1.07425178144641	2.11477161703431	-2.91778486220334	5.58251997182473
awac1239	0.732871026356948	2.10158794621627	-3.29049264374553	5.16644013558387
awad1243	0.294370718810518	2.16524907118478	-3.91929541319246	4.80312752355503
awar1248	1.11788390835016	1.86293431351897	-2.26858898792879	5.13505280360596
awar1249	1.73188991225099	2.08562331798255	-1.89667076249202	6.41854618025644
awji1241	-1.05995863479463	1.97648809489599	-5.42663597324274	2.5148431873069
awtu1239	1.14623227250054	2.12068072795212	-2.77565902900265	5.75319064212331
axam1237	3.46478559085024	2.00668194650961	1.98124599983793e-06	7.77042892044001
axiy1235	0.284937804060102	2.22909745301853	-4.11455504525378	4.95585372164875
ayac1239	-0.138084938618218	2.03210771066249	-4.19365562221237	4.04606128937182
ayiw1239	2.01449584863005	1.85387610391064	-1.10587441353827	6.07600896089944
baba1264	0.666789506470253	1.98448973577708	-3.22963640786829	4.88109999339831
baba1266	0.589554018201534	2.03921104070908	-3.39964634804015	4.89251315947087
bafa1247	-0.618392386190022	2.04882999803165	-4.83960387232325	3.3961316638774
bafi1243	0.320634910358978	2.11536413335982	-3.79641428938183	4.71569327721261
bafu1246	0.597573188495783	2.0325867060077	-3.32464066063404	4.90258614813356
baga1272	-0.95509079533268	2.14444411680661	-5.36258835332138	3.17809439353211
bagi1246	0.970922914187763	1.9781145094852	-2.66002155393808	5.15037307042479
bagv1239	0.180008292037564	2.13076429216845	-3.97068473832394	4.71693024315631
baim1244	0.0626899782371309	2.24178114122828	-4.44627997794695	4.59593652653716
baka1272	0.0919747529549451	2.2257828763033	-4.41854687582376	4.58564171084388
bala1311	-1.62120658986761	2.03779353177738	-6.1502402459362	1.88231479995559
bala1315	0.858654570280654	1.95402027450778	-2.7864184263793	4.93552187841469
bala1316	-2.54062558202189	1.98265790738248	-6.78286537579214	0.864260488580623
bali1278	-1.43615990986391	1.90822939348046	-5.63739417009982	2.07821124242314
balu1257	1.41680847957818	2.00578677580165	-2.16190037069748	5.79001941892378
bamb1270	0.476739354541535	1.88967621177348	-3.10519824284854	4.46350859831939
bamu1253	0.512110109812281	2.0629039622193	-3.46147262697532	4.77989731202223
band1344	0.101596517647663	2.16707517981092	-4.19829716704871	4.44359242413285
bang1354	0.131547775339724	2.20598808423045	-4.29221842904999	4.65122964397811
bang1369	-0.123465479118684	2.26771876135367	-4.72863822203788	4.32319496293303
bant1281	0.0923456637004612	2.16715472749978	-4.35885748987474	4.58055625151356
bara1357	0.135673110515206	2.19020633809264	-4.27465675384441	4.62770186287958
bari1286	1.57754323036258	2.01953893672434	-2.0304747105876	6.12098801821344
baro1253	1.51395239170083	1.88069835153973	-1.85847327457069	5.61217653962696
bash1264	0.0115596175205226	2.16358899602683	-4.44330901075943	4.50797061316581
basq1248	0.275228020552444	2.16926893119245	-3.93265497933485	4.77553718094602
bats1242	0.44203630415668	2.15798515551512	-3.89533908887202	4.84831606123987
baur1253	-1.73937825181149	2.10006836560779	-6.36491868550355	1.89534555422754
bawm1236	-0.26698259016824	2.17079233965403	-4.67023191672813	3.95755232655561
bebe1248	0.317176685563023	2.17966642981314	-3.88481978034695	4.82638312523216
beem1239	0.154929848676341	2.25320704756603	-4.15063761608392	4.90740115384185
beka1241	1.2173606065041	2.05481851890629	-2.35829112192199	5.7515879216941
bela1254	0.167745337768566	2.18578140683687	-4.15107086350982	4.56706814106675
belh1239	0.0893671000113443	2.16493786420799	-4.25981530834291	4.53300332324822
beli1257	0.015446775960945	2.21762032812222	-4.55862702337242	4.47352205155813
bell1243	-1.02908061641159	2.028290542703	-5.42822028253259	2.74470756470796
bemb1257	0.0954716221716404	2.18785868848795	-4.22776818387799	4.45569626989023
bent1238	-0.132080521663378	2.15828205450741	-4.58854805519101	4.14872116087546
bert1248	-0.245210150294427	2.18136276234096	-4.72225936941089	3.99137718892105
bezh1248	0.1417285686685	2.14117428400602	-3.99850665764801	4.55730606830205
bhoj1244	0.227255646397939	2.13398170358505	-3.9658685218278	4.7256523904019
biaf1240	-2.5664033680809	2.24787250940921	-7.46690675408756	1.28914153573359
bian1252	-0.264785994537867	1.66881843885625	-3.62944998298715	2.98070716192427
biao1253	0.0632716329744093	2.24230878976741	-4.44465837846821	4.70222056422716
biao1254	0.0870166408297944	2.22970823135296	-4.30369383604832	4.66359360540109
biao1256	0.0900580107330463	2.32389272359352	-4.4970892574455	4.8195780206665
bier1244	3.43941324630582	1.98283286369493	0.000968048642384258	7.78662874340151
bign1238	3.27098959053125	2.0018646493618	-0.0417250382859059	7.64372850908402
biha1246	0.815574344096448	2.00817808739493	-2.93991807961246	5.27442651890536
bilb1241	1.69596355157104	2.03465547387539	-1.82679327855039	6.18557171705063
bimi1240	0.770728888993106	2.16914737465108	-3.41838410236585	5.37922594624235
bini1246	-2.58748676104938	2.25395423239856	-7.6102396963859	1.21179648486727
bira1253	1.70461902629583	2.14324396633436	-2.15819069520045	6.38738265481321
bisu1244	0.394873733932826	2.14517393950194	-3.70058662540384	4.85992673333313
bitt1240	0.821057338064553	2.00148550253174	-2.89312737492817	5.14365260621663
biwa1243	1.51750138665835	2.15061317292687	-2.41061602410021	6.21729246172725
blab1237	-2.71660541116941	1.70639120146344	-6.30679246518285	0.210561957801728
blan1242	-0.496865859287279	1.92615775677811	-4.30675491131508	3.38561629981522
bodo1267	0.368814716039019	2.15336112292828	-3.71101815977944	4.900806265297
bodo1269	-0.50385957778037	2.13223566028808	-4.86132138792421	3.69184490404718
boka1249	-0.0565337153130036	2.17550325145898	-4.45280158308188	4.3879356358663
bola1250	1.63770257134051	1.9309581366387	-1.74850271541106	5.7478330669415
boly1239	0.403498665708671	2.16471986593864	-3.64647973517715	4.93846841446698
bona1250	0.035263562629687	2.23334773204404	-4.49196029836507	4.52347465786508
bong1285	0.0820485538561232	2.21710653520578	-4.45638168893993	4.53594347901836
bong1289	0.410908674275546	1.86931781632062	-3.16736434994481	4.31187389130972
bora1263	-1.02351550078939	2.09001663134694	-5.65023191421978	2.78906468448017
bord1248	0.383218141479022	2.19764711435134	-3.85676378616249	5.05312716190267
boro1277	-0.0793839368149257	2.17809481522802	-4.50541961785319	4.34133605878075
boro1282	0.442461115162083	2.08228979189037	-3.53129667796892	4.77795487842335
boto1242	-1.23498831360064	2.09495313709375	-5.74240913902514	2.62729616895118
boun1243	0.113433016144985	2.21699983774266	-4.27543672836108	4.63464614848153
boun1245	1.22263589153042	2.20084402613425	-2.7385055790274	6.06261046050775
brah1256	0.0615315252040646	2.29584171899019	-4.56004063523221	4.67643083172714
bret1244	-1.77846765259087	2.07104248350273	-6.33304898979602	1.87780929744148
brib1243	0.345205771376913	2.14255607501919	-3.79507221537821	4.7499600152032
bube1242	-2.65122778652171	2.22137127695299	-7.4610402786135	1.12644839063231
budu1248	-0.503534615067392	2.05732689088072	-4.70440940146522	3.53829365752329
budu1265	0.938205325580518	2.00981546492579	-2.82628406017282	5.1443351740749
budz1238	0.209224628262056	2.18007214059329	-3.94267069114124	4.76305846475833
buga1247	0.492210310154785	2.17453918062061	-3.67315497433846	5.01664699538989
buga1250	0.398345293098907	1.63762981486488	-2.74680347277053	3.74142779234859
bugh1239	-2.08011312686873	1.60949991904846	-5.47871433299852	0.806622172444426
bugi1244	-1.13783920561993	1.90345254326253	-5.14268845890982	2.31777829253315
bugl1243	0.248768641802606	2.23008938502419	-4.11247916664043	4.83315213117146
bujh1238	0.20582903661258	2.20744563321379	-4.15497956251498	4.85270775539564
bull1247	0.119793012360738	2.16243993120602	-4.0392447384595	4.61088737267645
bulo1242	0.730075943150003	2.11152357600284	-3.26120290240489	5.19392336106213
bulu1251	0.100008226305651	2.18468236752716	-4.03258106960106	4.53029687944365
bumt1240	-0.0610827921406899	2.16684826920556	-4.46912395842836	4.29003215195764
buol1237	-0.427980093158687	1.90849056761151	-4.44509152833606	3.23079042462878
bura1292	0.00837842947189218	1.76332798963037	-3.47420231184281	3.53870251195029
bure1242	1.24554354227295	2.0589373028376	-2.59749270564917	5.65936393072743
burj1242	0.61292468081017	2.14305636496527	-3.55554638292083	5.0607959079092
burm1264	1.11670249643171	2.11016615419416	-2.85251663974215	5.62001234817745
buru1296	0.173332742860247	2.19869234636352	-4.117457898276	4.67881587881497
buru1320	0.463558114067911	2.09194238816157	-3.55127065233373	4.7715008226559
busa1253	0.178144496505191	2.23583824218213	-4.32725072284972	4.89734366110298
bush1247	0.0732154269421163	2.18932751724758	-4.33101188062178	4.58643991128547
buwa1243	-0.224703796843527	1.74173780536887	-3.66076476134324	3.31705886898396
bwat1240	-2.01813498148143	1.78483913458165	-5.82934762483259	1.13423475043196
byan1241	0.0469142776744689	2.27017506911029	-4.68397806302171	4.53266773361643
caac1237	-2.56428344906338	1.97043691332503	-6.84850620627895	0.896726077960686
cahu1264	0.470755725820983	2.0741027336128	-3.56457026015398	4.84738223173828
cakf1236	0.291263238575184	1.82175873548537	-3.34154315675313	4.02023183036966
caml1239	0.100013847676542	2.15670965672378	-4.33398977926675	4.4134420255004
camp1261	0.200082506652303	2.18413310504568	-4.01576432819284	4.71297819700206
cane1242	0.279330814321848	2.13083815861126	-3.94047191895115	4.79776941807633
caom1238	0.074718795665797	2.24015433433505	-4.30923488248883	4.58157263764414
capa1241	0.631753898302977	2.05574807126908	-3.33889021421947	5.03026454537346
carn1240	-2.35869034831361	2.12761177710634	-7.08053571168997	1.22045576394941
caro1242	0.0871511069720093	2.07570029601577	-4.00341332878986	4.50862353788803
cash1251	0.560178527506967	2.0308822558774	-3.34040482211461	4.87655134179567
cavi1250	-1.96268979523304	2.01379144141041	-6.33813987653279	1.49956398480911
cemu1238	-2.24988249198343	1.83732685263656	-6.25350817303054	0.994077092172138
cent1989	0.73466125522585	2.12384053765598	-3.24338637146156	5.26832952808064
cent1990	-2.34682923745927	2.12762488379839	-7.16663551733626	1.29356591229852
cent1992	0.808283714744315	2.13544404801416	-3.1807753106882	5.36115285292967
cent2004	-0.0619658515122507	2.272877356558	-4.64464495843242	4.5755231046724
cent2050	0.358047659985571	2.00375477898425	-3.55310427631996	4.5042160587904
cent2126	0.0838197985108239	2.17392851100071	-4.24027517230775	4.47649318244515
cent2127	0.39097072141782	2.11484950721985	-3.71705686705773	4.91763772698442
cent2131	0.759383840823485	1.93375416539863	-2.88251394674503	4.82876324135275
cent2142	-1.03344726621753	1.99017278274619	-5.38464625792711	2.590637771955
cent2150	0.335988511576369	2.20728076055089	-3.96767023937453	4.93586764414379
cent2292	-0.455027059485354	1.70615346441033	-3.87730457850407	2.91431367083114
cent2314	0.638206589523967	2.0699257523255	-3.22645182017879	4.86944219442125
cent2322	0.0267986276424293	2.2173016913718	-4.44366079273255	4.55273850886663
chac1251	0.0592527799129329	1.90781561191918	-3.67645758064924	3.94846380063553
chad1249	-0.229576192830511	1.98092958601467	-4.38849940507419	3.52381256220174
chak1270	-0.0824469110928181	2.22179830596604	-4.59797347508302	4.43130390685306
cham1309	0.260405941329112	2.13068452114569	-3.90848288614703	4.84719508092516
cham1312	-1.05439957089112	1.93836650066585	-5.3253600096907	2.56321921159842
chan1313	-0.139536877613771	2.2421731719276	-4.69301174848519	4.37668472210346
chas1234	-0.0737422392946752	2.22461097204825	-4.62336315810033	4.54172626701652
chec1245	0.376990406984485	2.13390817947638	-3.81378140429032	4.8306183374161
chek1238	-2.23991130915066	1.58998710985741	-5.55284034426612	0.58574570093483
chen1255	0.0630331872527772	2.23381318129691	-4.40910206350723	4.56889936072051
chep1245	0.199915795911091	2.18772277350225	-4.25573093782171	4.79143189192127
cher1273	-0.669825728870587	2.04794184588272	-5.06331348893731	3.21958426681487
chhi1245	0.0918071431016376	2.1633762787828	-4.27148715082334	4.50262610599213
chic1270	0.407767863046165	2.119325511028	-3.60008060044853	4.94922140030655
chil1280	-0.266726849381945	2.06709236816525	-4.33475128124465	3.99498150774373
chim1302	0.59597737071928	2.11389412345747	-3.41659531665287	5.05087781013934
chim1312	0.274859227254381	2.11419154718394	-3.8166339469601	4.80453179783695
chip1241	-0.312559463311596	2.11804678160118	-4.66369810871411	3.76092096298539
chip1261	0.226686602396137	2.21040531513075	-4.06636938462938	4.82746424247337
chiq1248	0.417454379089069	2.16669541090165	-3.74613973816063	4.97850638432043
chir1283	-0.405765225331817	2.20801752039142	-4.96055595177426	3.92563701360119
choc1275	-0.0809068713234375	2.19935292570066	-4.65077176086261	4.35187934752229
choc1276	0.483289457331854	2.13982387374263	-3.6539413675653	4.91587884516337
chon1284	0.687540465890096	2.05218610783367	-3.10676783189998	5.08971085134309
chot1239	-0.538896898471707	2.15178178795736	-5.05859918211697	3.57783013479198
chra1242	0.510790841412269	2.17669228443478	-3.68410047953598	5.33208817979672
chuj1250	-1.43234719908099	2.08689906901476	-5.95452722195403	2.38811456784361
chuk1273	0.170163632624013	2.17489074070763	-4.20296663956213	4.71973637332807
chuv1255	0.0580917976030932	2.2675848558452	-4.4864162806417	4.69895670659101
chuw1238	0.0642967439304544	2.14835431892889	-4.18862304242577	4.49129459426284
cici1237	0.226153146365696	2.14894617930802	-4.09615563623914	4.63874333801437
coat1243	-2.28825093409781	2.25077854628403	-7.2785314261523	1.52022166387739
coca1259	0.0792844795092206	1.93682588051328	-3.77212168847023	3.97505287136692
cofa1242	0.721335235347087	2.0587865017874	-3.2580317249669	5.1652808839269
colo1256	0.707736648732738	2.11027885902856	-3.29051598399571	5.09048542683856
colu1241	-0.428004290092225	2.01467418013796	-4.66416357451912	3.43236891295575
coma1245	0.521105156742529	2.05066190371429	-3.39289474031204	4.93348813694086
como1259	-1.21864622283839	2.09405849171379	-5.90095960671633	2.60594356472535
cong1236	0.0705820965381094	2.19066025094678	-4.39453073065772	4.5566685912578
copa1237	-2.06951806012608	2.15416554508082	-6.81377799428684	1.64598953954009
cori1240	0.583943021923086	2.04639098359617	-3.28043613722416	4.82856081425885
cors1241	0.253496205386132	2.10255200716306	-3.774042259496	4.59955328560714
cosa1234	0.678281529997418	2.04687476815464	-3.23233104323791	4.9723107176505
cree1270	0.448877286999732	2.12730530732344	-3.64105595227535	4.97659109266832
crim1257	0.00536401857097387	2.30308037308193	-4.57860689650838	4.74826592711135
crow1244	0.308391643712234	2.10758142932876	-3.72018222219652	4.63115549258587
cube1242	1.10133649066887	1.92659166180955	-2.42304511389818	5.20116393742929
culi1244	0.771533565398158	2.08916838623245	-3.16060002362957	5.32304698100106
cypr1248	-0.830388565584231	1.98052259029919	-5.07805375964474	2.88461560526535
czec1258	0.191915782190978	2.24685768276586	-4.24700863174716	4.84001736412117
daai1236	0.0310195709490674	2.28333948238892	-4.54774053503989	4.64863617262193
daas1238	1.23641394290196	2.09458114986962	-2.57823568765637	5.76853333770742
dagb1246	0.143163492316467	2.17065861648564	-4.23333012504108	4.65948545402314
dagi1241	0.0171100625172764	2.19527430362109	-4.5303187002976	4.32258314870969
daka1243	3.50490125096525	1.98787789634223	0.00145208058557744	7.69771248804331
damp1237	0.578412591680765	1.82976842189928	-2.91936820056017	4.38222662568878
dana1252	0.465490285458528	2.06601750322246	-3.55870084794771	4.84512522336947
dani1285	0.21291834243782	2.16554093247791	-3.98644808824231	4.82429140605329
dara1250	0.262840859505391	2.22455532900259	-4.11948638373959	4.83312038442281
dard1243	0.28476407699394	2.19031396780931	-4.02648552376623	4.72607545752668
darg1241	-0.927718986835941	2.13767326469709	-5.38196804590901	3.0640416307212
darm1243	0.0490641065477667	2.27558654730004	-4.51964904551527	4.63893731745087
daur1238	0.0181441558339628	2.19944518482069	-4.48199435369471	4.48233432420841
dawr1236	1.20347558623462	2.2387275824122	-3.04688486613118	6.0038746310922
daza1242	0.0841481233956524	2.18481333998966	-4.28611322306779	4.489549138959
defa1248	-0.46596619760311	2.05157514750876	-4.74021471371334	3.64595412977132
dege1246	-0.414351524651757	2.04987609917235	-4.60263912327544	3.64542461474633
dehu1237	-2.55885128959922	1.9444655979587	-6.73481552929809	0.725501986521699
dera1248	0.337906463813745	1.84604253671841	-3.24193793370976	4.15379317819073
desa1247	0.431401284823341	1.69365677282605	-2.89281107672792	3.83720903799421
dhao1237	0.0439429074731259	1.88603104122767	-3.68313863745887	3.90508540223857
dhar1247	-1.63677100256638	2.03651686660824	-6.14696950310823	2.06341003533808
dhim1246	0.039808758814956	2.19079295458426	-4.38051596003154	4.36773099708955
dibo1245	0.238766977668778	2.22888309432443	-4.0577988145844	4.79764936667967
dido1241	0.314448925408762	2.14751285376979	-3.86017258666734	4.8010095184852
dier1241	0.564378278716304	2.0985915673206	-3.45980052998147	4.98676673565906
diga1241	-0.0190656821927192	2.18588490643718	-4.43920970020439	4.3507334445157
digo1243	0.125118943198609	2.19064765290376	-4.22954062161785	4.69516559510035
dima1251	-0.989944485444825	2.1385390614548	-5.41991857532143	3.03063512062244
diri1252	-3.26720338565749	2.30626130325649	-8.31440202767882	0.524602130470164
djee1236	-1.07366797138033	2.09192349467131	-5.61171252030093	2.93564138463343
djin1251	-1.09274654317597	2.16250813808347	-5.82174516539571	2.86858872759577
djin1253	-0.0660604090806606	2.05573424757734	-4.11980729016178	4.22713030972497
dobe1238	0.876345368825223	1.96646112023519	-2.76170291332725	5.14483175925822
domm1246	1.28469714679951	2.14307869250569	-2.63778818107062	5.88879148859699
dong1285	0.046951671164329	2.2685567078746	-4.51534395804428	4.59707256257509
doro1266	1.41452640915705	1.99347824795612	-2.16208467720753	5.71664437797489
drun1238	0.00689498209723582	2.30556649694927	-4.56839716269305	4.7000093851399
dumb1241	-2.0596281722775	1.86385694690895	-6.07060994182274	1.27985756134413
dupa1235	-1.3004511369105	2.01741012924492	-5.75994219444646	2.27565111669234
dusn1237	1.26845336473668	2.08964281316101	-2.46451255402168	5.88022003687763
dutc1256	0.256726085254163	2.15065903610427	-3.83285550808537	4.63444399273276
dyir1250	0.479548709306278	2.08864092931027	-3.51700911047437	4.85523390140007
dzao1238	0.0630116902978632	2.2856678518742	-4.4498083089588	4.79634375138848
dzon1239	-0.00685812464242615	2.1896153858877	-4.44191150902414	4.38917985550325
east2328	0.0432423908091405	2.22397592740969	-4.32001973874005	4.60049352342697
east2332	0.668575267274121	2.09817985345292	-3.29010645038424	5.08964012088087
east2342	0.473250061916762	2.13843264469712	-3.81105599684562	4.82453054519932
east2379	0.752158938084803	1.97944315517363	-2.99179915078324	5.03506984388023
east2443	3.03101034390329	2.0593975434247	-0.334156084626824	7.48682104502481
east2447	1.18603010281747	1.86552137682416	-2.23649338464395	5.11332058072321
east2516	1.08315979552655	2.18076419256082	-2.88891040556505	5.77149514916481
east2555	0.428268619239377	1.99748440511794	-3.44478326240108	4.71445777863453
east2690	-0.528435786049879	1.99848898605017	-4.74007390816654	3.16829038419949
east2773	0.13970668226805	2.19021000378014	-4.29916840579338	4.57866727882917
egaa1242	0.070980096969277	2.15662743087335	-4.26719637743684	4.46253095508854
egyp1253	-0.549844384901219	2.04227774520983	-4.82471363011498	3.32696355905606
eipo1242	0.550983471523243	2.18837394054315	-3.65330466237502	5.1048230112466
elem1253	-0.354918686468762	2.02527542244932	-4.52029725132279	3.7082358230961
elna1235	-1.8580960416381	2.03490989938931	-6.32662915356141	1.63506345185619
emae1237	3.21789643628105	1.9378684366283	-0.00317664674408238	7.57614418336757
emai1241	-1.37929618466358	2.07441764225413	-5.91703081728312	2.49671280471539
embe1260	0.387036689836995	2.16233098201202	-3.7811359438744	4.95078920168607
embe1262	0.333508442294994	2.19721083678669	-4.00149090016398	4.75471179491522
enap1235	-1.9552063052207	2.05765122166577	-6.40888264350688	1.68453505466087
enuu1235	0.342403938633194	2.05164323092837	-3.64541859121128	4.51684290287386
epen1239	0.272082597258777	2.12741887372865	-3.91839177018429	4.68310836414727
ersu1241	0.0554586575060186	2.23166739091727	-4.35496011619152	4.52894509195893
erzy1239	0.0296018923216692	2.23300012181265	-4.47909589093488	4.58492124201891
esee1247	1.18932430783437	2.00636875642789	-2.37645524233854	5.3874624763145
esee1248	0.991159318332404	1.9798007208987	-2.65521327793411	5.19344282768027
esim1238	0.570277170884548	2.01904110321182	-3.36340953905521	4.73608219968709
esto1258	0.0692667096566972	2.19773539369732	-4.24543844545158	4.51173305717317
even1259	0.0225255958103708	2.21179182500698	-4.35723948445455	4.45755149235456
ewee1241	0.170204619332999	2.17462508132825	-4.11982524988249	4.68917212646135
fala1243	-1.00770794991318	2.13063450031599	-5.57746509460375	2.98547304054583
fare1241	0.0971786622214996	2.19340823575108	-4.27822321515831	4.64910774414573
faro1244	0.184135844038478	2.13414733859446	-3.95484956566707	4.5665932561766
fiji1243	0.439374031889539	1.68105957443333	-2.71324978123238	3.98757615304038
fina1242	-0.771540122872074	1.71170406636553	-4.22430834648872	2.49962908453089
finn1318	0.0300346294473736	2.22719002029989	-4.42747906535258	4.64495780370476
fonn1241	0.118728535911656	2.19512482164317	-4.13388031355995	4.5763992171722
fore1265	0.0126675979852796	2.28930445371998	-4.47942640078073	4.62842791844809
fuln1247	0.628004958330588	2.07720204728894	-3.25284598334523	5.03166806490404
furr1244	0.138705500510618	2.23985765986763	-4.21074489918308	4.71957550995013
furu1242	0.147948307343396	2.19111583394682	-4.24460135955417	4.66588065108053
futu1245	-0.735834308033297	1.7149354807015	-4.36440078029345	2.45077246121233
fuyu1242	1.02904642031714	2.01243095528461	-2.7388311921927	5.29337095426775
gaaa1244	0.136771733807506	2.11282989182811	-4.06390129194289	4.56744976148619
gaan1243	-0.764070126409278	1.76451189996797	-4.46449090812242	2.6104908080109
gade1242	0.361949676293094	2.14551644140241	-3.76761495054711	4.81701013086679
gaga1249	0.0263530701853583	2.16404274363441	-4.20873381378068	4.43063169130828
gahr1239	0.0412912095229774	2.26173443187875	-4.54278920933904	4.59432523693347
gali1258	0.19259268097067	2.12198968226139	-3.97223974685187	4.50872350945345
gali1262	-0.344443118091408	1.78262716544516	-3.99895015326279	3.12665217287865
galo1242	-0.0564460335816773	2.26373163891834	-4.53413841704498	4.5271636220623
gami1243	0.467782714433162	2.13562784005615	-3.56610846144138	5.04433571308281
gamo1243	1.3891647431479	2.18240771710084	-2.64955583475928	6.02493970430135
gang1266	-0.590384276291506	2.16760223820141	-5.20585207307444	3.59042347691545
gant1244	1.55021816289021	2.10757776482381	-2.16982502551172	6.12220894127082
gapa1238	1.07266251460645	1.91381181395721	-2.45114103976987	5.17146263940549
garo1247	-0.193730381941478	2.17835139327148	-4.61524211953093	4.20271002098348
gata1239	0.375519860736155	2.12933541992505	-3.6505447258473	4.87731119927218
gayo1244	-0.90868667737254	1.81791348264905	-4.74729082378521	2.51785583344105
geba1237	0.318714936545446	2.22862712669667	-4.16104298327749	4.96029806079467
geda1237	1.71326632782482	2.02773513279585	-1.80658743375431	6.2014123944818
gela1263	-1.83279357309273	1.60495192554268	-5.26006770880932	1.03931176028224
ghad1239	-0.848936996901499	2.06986426834447	-5.30164495541077	3.05447881858827
ghan1242	-2.42451532952888	1.98418166924236	-6.91135383872913	1.03040960107213
ghar1239	-2.05971814768633	1.73324539271567	-5.71284934047631	0.996234503009426
gheg1238	0.102530540930241	1.99175098519092	-3.79201064763202	4.14018463105891
ghod1238	0.152449848037208	2.13163987453348	-4.12016661486965	4.5926384448863
ghom1257	0.890425421308542	1.9346646162922	-2.70156491052204	4.94870949615936
gilb1244	0.38677751272245	2.06616708063078	-3.56566862996781	4.80226892814215
gily1242	0.133835535454661	2.1794853568892	-4.26421759900506	4.6836493643552
glav1244	-0.39807406061965	1.78825974711602	-4.13432695671012	3.02999712661471
gofa1235	1.34977597383549	2.21937263538645	-2.6634464970441	6.16406273083766
gogo1265	0.556904980151527	2.17680651270757	-3.64310253898978	5.08846578924292
gola1255	0.1559620426154	2.11776281309952	-4.11128297155331	4.45444360177522
guah1255	0.463603468998501	2.11275044982878	-3.68275052560645	4.90346897406183
guan1266	0.0419267943544953	2.24739219110796	-4.62941542939028	4.5773391478639
guan1269	0.851810507537893	1.8217531448573	-2.5997360948698	4.62915887475736
guat1253	-0.992808732454099	2.07352035381416	-5.44419971183628	2.82952742434165
gube1234	-0.174296717886382	2.12447821331169	-4.49440204115739	4.04107836292629
gude1246	-0.919587693865606	1.75465364512515	-4.54433561646781	2.43091491085818
guer1243	-1.97979331249813	2.13664683389338	-6.51511837597863	1.70949011721161
guiq1238	0.0248194943732415	2.26516126323129	-4.55238064773061	4.61179117909297
gulf1241	-1.04642340579891	2.00569243183663	-5.43643131586429	2.62255145572424
guma1254	-0.0607782942586293	1.73702697376335	-3.41225063020733	3.55948865672652
gumu1244	0.108451988682506	2.16239693293523	-4.13458936017966	4.54040814418273
gunw1252	-1.85320422238321	2.14468521175229	-6.48487412441118	1.95985574686744
guny1241	0.439986549854372	2.17754946315451	-3.89705190762308	4.78476310238181
gura1251	0.793531627386944	2.07772600465459	-3.14440136471441	5.16453216082918
guru1261	0.128844174730341	2.17855252374537	-4.14167699389398	4.55509793034907
guru1271	0.926618375606943	2.00367996278113	-2.85051150904859	5.26597966979046
gyel1242	-0.461905835822819	2.20269067278662	-5.02563415621555	3.85072539982681
haaa1252	0.0806589479520988	2.25278418545629	-4.43716158910892	4.71642550661387
hadi1240	1.0149691007698	2.07602709598729	-2.87795950679921	5.44957525020549
hadz1240	-0.242268834466288	2.11267514048152	-4.55994987921714	3.87318143873846
haka1240	-0.416103652880255	2.19443153317997	-4.94860236928832	3.90437261392199
hakk1236	-0.0498130415905591	2.2455242208321	-4.64260092689086	4.49355556153697
halh1238	0.0128662860290701	2.23537769446292	-4.50763761761351	4.59461799985608
hali1244	1.61842110526233	2.00878518215219	-1.89235317166104	6.09815917028984
halk1245	-0.939542965131336	2.05082885697772	-5.30499712267236	2.88680709098879
hame1242	1.86504838277898	2.10577168288021	-1.88555065953261	6.42761462837618
hang1263	1.17822886329717	2.18834079093818	-2.9118964049743	5.94086266592645
hani1248	0.528624934696307	2.16678738006276	-3.74791570760711	4.91168082453318
hano1246	3.03620355466955	2.07622219422124	-0.404135871921489	7.49005910739277
haru1245	1.53315397878091	2.15803669303796	-2.4063924759274	6.28288173590697
hass1238	-0.585401002440043	2.01722789165317	-4.8079859369854	3.22163372935684
hava1248	0.580111842703958	2.15966489421537	-3.65157077480121	5.08064719710586
hawa1245	-0.811923328205354	1.96063857690183	-5.04492128272943	2.86813059042893
hebr1245	0.668373378897455	1.98265300449251	-3.10915159368415	4.81776951204447
hehe1240	0.196887973435032	2.1627609310387	-4.12646900643731	4.60902682793247
heil1246	-1.12452320923808	2.09359982729464	-5.59751718758821	2.70287358168714
hela1238	0.132453010195793	2.22082716889007	-4.34185241040516	4.61137165157947
here1253	-0.138052327347517	2.1817812058389	-4.4828002121085	4.35127638422112
hida1246	0.36586282295402	2.13827558875634	-3.85881120391204	4.87863120957889
high1276	0.136472583959502	1.67707830289897	-3.21661646347588	3.43845106402169
hind1269	0.0883864390246636	2.18259182461541	-4.27257669615126	4.57240373727394
hoaa1235	0.3143503132035	2.23155756282083	-4.01907894536471	4.84374470829642
hoav1238	-3.61680741630637	2.06982564495414	-8.18929962684449	-0.00059756364294625
holo1240	0.0709315978960933	2.16298645464024	-4.17923643669077	4.47877845817942
hone1235	1.01025273625506	2.07514979817302	-2.88274552161847	5.39705821377961
hooo1248	0.251683379318909	2.13550833601503	-3.97681454833713	4.78467551662268
hopi1249	0.566381430421861	2.01809803131763	-3.1963925508354	4.9076048955821
horp1239	0.0414195025807209	2.26588654377711	-4.58263971070661	4.56840125748721
huaa1248	0.230867136509196	2.21971168768229	-4.08349517991133	4.71062217042255
hual1241	-0.195758695452911	2.01407558558891	-4.13356953274195	3.95615367642234
huam1247	0.577106623689214	2.15907164153956	-3.49361793579758	5.10249868611962
huar1255	1.11780348380349	2.05259781488876	-2.65049065130046	5.50260196703782
huba1236	-0.956170895232775	1.76715122549754	-4.62447039197415	2.3617982121875
hula1244	0.93568191233148	1.99190349040768	-2.77956226064375	5.15556103473674
humb1243	-0.0859440317076985	2.15235459184905	-4.72643185175665	4.2159210435244
hung1274	-0.0138974485330113	2.26695092805276	-4.61304874877559	4.52726921355978
hung1275	0.612521542461135	2.15219820215927	-3.47347592707627	5.30692891501539
hunz1247	0.049028169722457	2.13788117077876	-4.12145822963306	4.4644922117764
hupd1244	0.739261790716418	1.72302282946524	-2.58101454383822	4.28336242474395
hyam1245	0.560490742264259	2.06505505974123	-3.31274169703075	4.80434394773902
iaai1238	-2.52800763916013	1.8394311947986	-6.58127247009327	0.484744290103734
iatm1242	1.30042719411578	2.14971185583962	-2.64446590917374	6.01554204820823
ibal1244	-1.36608349121063	1.84156953237169	-5.3117200238227	1.93631935657423
iban1264	1.06924269346164	2.034039500967	-2.63265356265996	5.53360695109609
ibat1238	-1.05189868200851	2.01625831628827	-5.43261718071398	2.6409344899221
ibib1240	-0.344775091189825	2.13634568633022	-4.67917024890808	3.99132099228392
idom1241	-0.0187030919520053	2.21257405275427	-4.47014525803323	4.52073928737031
idum1241	-0.0256995074828332	2.22329518468039	-4.38619251753209	4.50362583758235
idun1242	0.61589982509061	1.80766193588603	-2.74566424699075	4.43690890206666
ikkk1242	-0.575528990713989	2.17382647947502	-5.23846844852027	3.66101584333738
ilaa1246	0.0560087510779682	2.17656739243667	-4.24812155090259	4.48011860841124
iliu1237	1.17933161492393	2.09078176769	-2.70881043240087	5.58379090719099
ilon1239	-1.73805326873502	1.91536632642825	-5.82785307765162	1.7334308230145
imba1240	0.798975243523338	2.11222617321343	-3.14023879731421	5.2343721978538
indo1316	-2.07185464420044	1.95441096953881	-6.2256932006937	1.31827878487942
ingr1248	0.00923503321169683	2.24817066747216	-4.51254507151298	4.4873315629647
ingu1240	0.474919396726657	2.19649324639924	-3.69516414643783	5.07273588106508
iris1253	-2.03161274523471	2.10189388069983	-6.64872494586757	1.569989927128
irul1243	-0.0127597212753018	2.23889642681185	-4.51636133728744	4.53272080068334
isco1239	0.889802056404159	2.12303159304913	-2.99407271180148	5.52938198674542
isin1239	-1.71089557570124	1.86731120863123	-5.64406506535496	1.60196243286889
isir1237	1.12853490172046	1.9887271549475	-2.54378343162622	5.52446056771595
isna1241	-0.970576428226298	1.95121698245964	-5.1738047220642	2.64885221557308
isth1240	0.43676530945273	1.67257631093812	-2.82770841805604	3.91004266047478
isth1241	0.396119659072494	1.66339581777423	-2.76236516014774	3.77044642862156
ital1282	0.233672208584386	2.07770083163953	-3.68786512677861	4.59042225309562
iton1250	-1.90024463221773	2.18519839089545	-6.6316322390217	1.91562849295113
itza1241	-0.572970678328903	2.08230743779309	-5.00549486540428	3.37858526466271
iumi1238	0.675531327450533	2.12180439909889	-3.38182928294747	5.15576939553718
iwal1237	-0.498300975228795	1.64035571212796	-3.85403315014194	2.66267549982502
iwam1256	0.952322998825861	2.1440489464821	-3.03958714673187	5.41971547302728
iyoo1238	1.38938452625567	2.01357565597083	-2.23576355490433	5.78705295907692
jahh1242	-1.01082862084378	1.84761718000534	-4.86969148913576	2.58522760569738
jalk1242	0.393653288091833	2.16256523809701	-3.82670521507973	4.87684809679189
jama1261	1.21438357559985	2.04352688961013	-2.56675977073477	5.53763180625288
jamb1236	0.756755878727113	1.95611303434896	-2.82530626560068	4.9703853423092
jams1239	-0.371944571483601	1.94127552363881	-4.33729789569386	3.27955901836169
japh1234	0.0332729440347731	2.22143585882486	-4.47855117017806	4.51805278837587
jaqa1244	-1.36989822072627	2.02154476917196	-5.67741909832801	2.34150315896304
jede1239	0.388521302307435	1.95281687067829	-3.28825852361131	4.46678342731176
jeha1242	0.647269964565241	1.97225926892036	-3.10367809753783	4.81259324423865
jehh1245	0.649573331024827	2.12428481601379	-3.33769522467578	5.08735775848746
jenn1240	0.0983114830350575	2.19017752357328	-4.16345920331134	4.58626094911158
jina1244	1.08400810897902	1.97309887719104	-2.51662730984025	5.31048532622119
juan1238	0.254047207230919	2.09256224729696	-3.83326558018189	4.62739594218837
juku1254	0.621419733807138	2.04292040964246	-3.23218689100573	4.92091030720985
jurm1239	-0.00481136773527943	2.2758311681698	-4.66123157233998	4.59881315999608
kaba1278	0.410667451924981	2.21376328835025	-3.95375643149388	5.0053870479231
kaba1281	-0.270722406954601	2.19503515520394	-4.80444619752114	4.08174558180457
kach1280	-0.0803980600285682	2.25955169101004	-4.77421822520517	4.60253005654597
kach1284	0.986754091582775	2.19798116485021	-3.25380614331102	5.58666397249466
kada1242	0.0708414025976498	2.22359873273503	-4.37726953490519	4.73879858124872
kado1242	0.119542258919067	1.97217306387207	-3.69659018799619	4.10514048661586
kafa1242	0.889725491853054	2.13909002302588	-3.21523962083915	5.39306678123323
kaga1256	-1.28182615826174	1.94651035610301	-5.5741718067381	2.26381254658348
kagu1239	0.242502298856181	2.15523175737624	-4.0284979758097	4.71489868278112
kaik1246	0.171048542074017	2.22688757802446	-4.26970039293145	4.67394791385699
kaki1249	0.941221305872099	2.03706053530374	-2.92479779797508	5.19832425199197
kala1384	0.0801364116865301	2.17237202527096	-4.26263182818448	4.50060598148638
kala1399	0.344344244447292	2.12146292966134	-3.81002314226534	4.75122714934404
kalm1243	0.0797969905771564	2.31109087604982	-4.49298761705515	4.76727210185446
kamb1297	0.118979317651772	2.17984519308721	-4.28156118438379	4.64683202497144
kamb1299	0.250834287840867	1.91820634837631	-3.4318283503699	4.27536495494149
kamm1249	0.567099203440698	2.12010423931928	-3.44762466060787	5.02013040751134
kana1286	-1.42481030604458	1.7703199126932	-5.17040833548955	1.86581670483176
kana1291	0.682765087252172	2.14379069523721	-3.28912959197248	5.33874223404152
kani1286	1.10741853115342	2.05603234361508	-2.67923014746157	5.5792257557083
kank1243	-0.749798340477026	1.74893139181928	-4.31241848458526	2.61369734913668
kaqc1270	-1.08798588308802	2.02000860906839	-5.29684774077609	2.60710981621251
kara1476	0.723367877689647	1.95205450029102	-3.01574243248715	4.9054497427566
kara1486	1.10378231668195	1.7473488240272	-2.0928218012881	4.77352374236952
kara1487	-1.41475751586133	1.77050978672368	-5.10714077127145	1.78457796089665
kara1500	0.350941750524406	2.14528790365007	-3.75858376258401	4.89178521591619
karb1241	-0.841616603189253	2.16869214036042	-5.43757278126987	3.29035358897876
kare1335	0.0678975401337799	2.19799655175414	-4.31319128943444	4.50085277393733
kare1338	-0.117296976542907	2.21477283259859	-4.69879384410112	4.33325076417049
kari1311	0.185869936018549	2.06177702436204	-3.83502363709135	4.36444629228553
karn1252	1.49624743156308	1.96219713163307	-2.01591104205455	5.85281813397161
kash1277	0.19566768800094	2.18925613864018	-4.03122226947784	4.74802862095471
katb1237	3.43353266685388	2.00568963887471	-0.000671543091983643	7.79559510732815
kats1235	0.107023203738064	2.21842193994777	-4.49649914391547	4.6690305691401
kava1241	-1.11374339077243	1.86287935589246	-5.10590047275244	2.24053857136691
kaya1315	0.337002497658692	2.21711533902601	-4.04716634027933	4.96636257234038
keap1239	1.32419763414502	2.04392929319733	-2.33109009058492	5.7057175029039
keig1242	-0.368566638582639	2.16378752899158	-4.88618117457988	3.73961851038053
kele1255	0.192954082141126	2.17916047854484	-4.08490670744498	4.77558856018725
kele1258	1.39810713281952	2.00509835911504	-2.29365410975912	5.74899138914217
kele1259	-1.24593220288343	1.73906244160713	-4.82418057152726	1.95564293030291
kemb1249	1.43501553527117	1.9822041013842	-2.0327744416555	5.73071860809824
keme1240	0.715714117081081	2.00177287318757	-3.08915241560571	4.96939081464748
keng1240	0.304610711719478	2.26220819871979	-4.15018165476069	4.96516269881233
kens1248	0.792844830820827	2.02064130292953	-2.94942538974468	5.15214236356038
kenu1236	0.183867569638135	2.29711954551725	-4.29109538541463	4.99051873658512
keoo1238	0.433203341563793	1.83385458198171	-3.14158144123724	4.16711133582652
kera1255	0.750032037165844	1.89764611791295	-2.7964390015512	4.72164223055024
kesa1244	1.43090028374019	2.06594081300712	-2.20913909125564	5.95049805135178
kett1243	0.119214814364977	2.22258327579093	-4.31822629292872	4.66084910468698
kgal1244	0.158016809938634	2.21999295368209	-4.33929981706094	4.67813304754529
khak1248	0.0157672139731574	2.26373911450067	-4.65380493131237	4.59516901464503
khal1275	0.0811520862426314	2.17448235543087	-4.31628812576669	4.47408829272708
kham1282	0.0197062379020481	2.21459845311436	-4.38774721959648	4.49445959140155
khan1274	0.747762111191171	2.13354365795584	-3.30971706078014	5.2629745062058
khan1278	-0.388702709610728	2.04430265968905	-4.56514118188801	3.68282240764445
khar1288	-0.588241476284104	2.2006441741475	-5.27247372265995	3.68541504978869
khas1269	-1.35984470159557	1.80578487482527	-5.09580609227553	1.93346909953299
khez1235	-0.388188736837839	2.20187145661408	-4.90094810271222	3.8727973667012
khin1240	-0.512490136832161	2.0640771082535	-4.74907235112757	3.50011930196983
khmu1256	0.728683561845165	2.14109657895648	-3.25217288722332	5.24532811240169
khum1248	-0.398262132637756	2.18997465533541	-4.91070746886187	3.86968590631746
khva1239	0.214046707433924	2.14399535280279	-3.89841475213656	4.71422886787878
kich1262	-1.23662852969528	2.0424729872195	-5.61263284057699	2.50845677611536
kiku1240	-0.46391838539221	2.11654342457939	-4.60906168545223	3.77778619870447
kile1243	0.0223905181895637	2.21563546125935	-4.58847579776076	4.5370146738423
kili1267	-1.26610531038535	1.7879095782641	-4.99784199598239	2.01867514802535
kimm1245	0.457320136790136	2.21346177251817	-3.83626336492758	5.18568024339993
kina1250	-1.10220104125947	2.06384764078145	-5.55679472252811	2.69728894406165
kinn1249	0.0554144081882409	2.26074291873408	-4.51678722463774	4.63612475177926
kiow1266	0.785723262682197	2.1034743897178	-3.22207888940983	5.18586083542952
kips1239	-1.09954225917157	2.03018419667383	-5.40628519729373	2.64651627098428
koda1255	0.0363046447461334	2.21320460832246	-4.45951876897531	4.47931554164485
koho1244	0.686545510133012	2.06528652638975	-3.23792555438585	5.05749576766122
koit1244	1.29208153548115	2.05035813870438	-2.36600092837201	5.77163626224448
koko1269	-3.10578208764981	1.83748254831733	-7.05340631015477	0.0299874321301058
kola1285	0.943691648103479	2.02316941210343	-2.81648984515004	5.33792981651274
kolb1240	0.0118441520212446	2.11700487927466	-4.16396895998131	4.39019236018595
kolc1235	0.262420918795636	2.15097283692277	-3.96672730662854	4.63819705570855
kolu1245	0.463247524265065	1.77537419828099	-2.8909396364597	4.29468455834884
komb1274	0.349258245119493	2.22224877399522	-3.9405853553078	4.86333507515888
komc1235	0.677076322033086	1.98244715833768	-3.16445797326739	4.85974118640508
komi1268	0.0236310864259765	2.2567349165813	-4.59200864371821	4.65422373814614
komi1269	0.031105880410964	2.22611875233711	-4.50162253008747	4.6123164932352
komi1270	-0.431919643080482	2.18918747409297	-5.06184254345996	3.84905979691911
komo1260	0.176826822399831	2.16582737762217	-4.03484902161652	4.61443603313
kona1242	0.745469733483624	2.1597094604235	-3.36878499731812	5.27504962417403
konk1267	0.186943192032013	2.14109545526139	-3.99702544947566	4.58380578437638
kony1248	-0.108859616639725	2.23845206740005	-4.62962213432876	4.2833570987285
konz1239	0.101728012663014	2.16611167338995	-4.22579740076952	4.60591146869117
koon1244	0.120380798625001	2.22617890112524	-4.22077178135386	4.79070496144767
koon1245	0.211274106061523	2.16051864516899	-4.10527468606383	4.59879804198857
koor1239	1.06618697620001	2.18837271079313	-3.11903895983652	5.67159059824528
kore1280	0.133725704036524	2.21331854073908	-4.38664148613784	4.53612671505774
kore1283	-1.35127506466994	1.94989080504467	-5.60849696608087	2.15753685560674
kork1243	0.218326836416083	2.12799195419278	-3.9883398566105	4.65675486967647
koro1298	-0.328521012153195	1.98886788501657	-4.50119802156874	3.61897928783587
korr1238	0.0314892250586643	2.23238672479965	-4.46950771144608	4.49625688463343
kosa1249	0.567795014573398	2.22722348031525	-3.65400816417796	5.21252660490608
kosr1238	0.535356852152684	2.09190702541753	-3.35393849559785	4.98866242517652
kota1263	0.0898705558740184	2.1956806076486	-4.25131986390667	4.62913754435071
koti1238	0.081542321192485	2.23282362692862	-4.42918990082932	4.62269029475467
kova1243	1.53335808929548	1.97753714327447	-1.98028523209061	5.90349899853336
kove1237	1.59428958267853	1.96320654170052	-1.8238310008464	5.79466504812791
koyr1240	0.0364591479251408	2.22688767342169	-4.53459674415912	4.63855621462217
koyr1242	0.0865091238982178	2.21599735120723	-4.29392315733784	4.52519132934796
kryt1240	-0.487491012037495	2.05966959897313	-4.66868752304385	3.52038027301071
kuan1247	0.0395594222595046	2.11441442691565	-4.15505236679045	4.42903271921478
kuan1248	1.71904040373159	1.93761692614319	-1.6766458006307	5.98090778626692
kuii1252	0.388353333459081	2.13710701189711	-3.81686969017106	4.85088243449787
kuik1246	0.867639018540545	2.02949336383383	-2.81706268220145	5.20643956238875
kuku1280	0.49833693664927	2.09602185087803	-3.50048710430474	4.81457195702952
kulu1253	0.0830862596056902	2.16705264442117	-4.27875658340321	4.37339269981232
kuma1276	-2.55424503022324	1.98128153563727	-6.82484423357289	0.784593140423617
kumb1268	0.382793122517982	2.09283029464217	-3.68346504708616	4.82217339298943
kumz1235	0.142756211985636	2.11214691203737	-4.01095386121078	4.5508134295272
kuna1268	0.420707017066622	2.23573211397386	-3.96607033711828	5.18685877859263
kuni1267	0.618365830156182	1.87577251900324	-2.9501165313117	4.61868550139658
kunj1245	0.525115309828471	2.0654306592818	-3.41742724358189	4.79134703174031
kuot1243	0.973232111990935	1.70908578069827	-2.32781864555749	4.50361889075717
kurr1243	-1.70389647373894	2.02382939539432	-6.2120564212258	1.86405072978402
kusa1251	-3.51606580410381	2.04875581479749	-7.97278772291526	0.00141178605757509
kusu1250	0.272661612082348	2.23570969786994	-4.0090342326313	4.87591601873542
kute1248	0.605492490608752	2.0506079463492	-3.29437698296221	4.81440061486682
kute1249	-0.916544847342418	2.08870589038079	-5.46963229127164	2.94508757691562
kuvi1243	0.382297542617873	2.12928689435269	-3.72896353747684	4.86230466272107
kuyy1240	0.728160971753251	2.13601021051635	-3.22777263635745	5.33979904957568
kwai1243	0.238885721904284	1.67221405048451	-2.94641577978453	3.67400785116531
kwam1249	0.0682465268950899	2.16914009078535	-4.23286822883053	4.50872194245624
kwam1252	0.443997662585635	1.6322970074338	-2.70295196789849	3.73243918292114
kwar1239	0.0783628877553582	1.63829332678897	-3.05275662533154	3.3718577732076
kwaz1243	0.467902691964846	2.14622767412185	-3.72810248287368	5.08992414287891
kweg1241	2.06826996213346	2.13178668683203	-1.71152325203163	6.67605229121695
kwom1262	1.13045342223705	2.19771327798933	-2.93366119179756	5.94317963930255
kxoe1243	-1.609670057914	2.19385176744412	-6.5187803991136	2.30657393684068
kyer1238	0.123607073472841	2.21692227419004	-4.32825397551068	4.68763698602825
laal1242	0.200627736885144	2.20895832207096	-4.19722396843739	4.75116992777189
labo1244	3.31779272071743	2.00822450640142	-0.0738138024984921	7.66103425100783
labu1248	0.0756951653473253	1.51888275625379	-2.93153750715515	3.10764377042869
lahu1253	0.297800440808005	2.05826958886838	-3.69740919341426	4.53378221652298
laiy1246	0.482501135005284	1.89323127542687	-3.13360905753833	4.448474105197
lakk1252	-0.917128705507448	2.11721495026347	-5.34410862900263	3.14675325673142
lala1268	1.26555119418641	1.96790060887457	-2.28221376251766	5.55410893359787
lama1277	1.13151279839422	1.95887668577783	-2.40456308738756	5.38683228239305
lamb1272	0.152118461834106	2.20691525052867	-4.15902316078352	4.69780784954978
lamb1273	0.405633227047892	1.99301136323913	-3.51361528783818	4.50682915280246
lame1260	3.44790305310806	1.99131776325381	0.000197059407552292	7.76045942494472
lamk1238	-0.503684324311123	2.16789532394631	-5.04540928931374	3.65724704164264
land1256	-0.955322983975975	2.10851434891607	-5.29593775980441	3.07629139023415
lang1320	0.387000151175891	2.04247990147819	-3.59311357520024	4.64003789031262
lash1243	-0.0741467416658984	2.20325406586848	-4.52357631654266	4.37395576462714
latv1249	0.224032556328491	2.14335992292133	-3.91878443515125	4.66628117987465
lave1248	0.702265045674374	2.15082809131242	-3.49632083357779	5.24852465179727
lavu1241	-2.42093452082855	1.961317161263	-6.64535595546472	0.991549526462416
lazz1240	0.278909600776934	2.16907787522511	-3.9058216734431	4.76635926702237
lega1249	0.0864827497545985	2.15281203452298	-4.33113205292147	4.43183913292905
lega1250	0.122431336452067	2.20099991535539	-4.23573864633782	4.70456253723233
lele1267	2.87206102529957	1.88633168405553	-0.261390207715291	7.05989118094486
lele1270	1.39977246247464	1.97219714123343	-2.19338250001006	5.6744050970683
lele1276	-0.833559658656349	1.91995370524175	-4.80803211183899	2.7190102469627
lemb1266	1.42778067202808	2.13957852885388	-2.38108734451956	6.07250588319594
leme1238	2.16107895466004	2.05782334729744	-1.40897703903689	6.58770927505022
lena1238	0.852363637311462	1.67798254386095	-2.32258287298352	4.39182711259087
leng1259	-1.61974596495223	1.59216973796258	-4.89793675395289	1.28181905656447
leti1246	1.35196959505929	2.02233512554957	-2.23354420170776	5.67831195044511
lewo1242	3.33092133457147	1.96109934197958	-0.0038682484969604	7.66645446915358
lewo1244	1.10180866231764	1.95528103677468	-2.45396659150488	5.33234804896011
lezg1247	-0.981407238907349	2.09098199710821	-5.37456500957025	3.06384782882428
lian1251	-0.903683747170816	2.19844150097239	-5.53599790012653	3.34166475790411
libi1244	0.298084787775452	2.13729933384585	-3.90577864637952	4.68914791328579
liby1240	-0.533478842246857	1.97629610242615	-4.71779433737147	3.22723705102504
liji1238	0.43618885900065	2.09590576636312	-3.62006533693737	4.82470791121496
lika1243	0.210236634319956	2.20162777264271	-4.0889955002461	4.8065548169215
lill1248	-0.727785648980739	2.01203075029043	-4.94366618905278	3.1010962730572
limo1248	-0.993363208172483	1.8822052660774	-4.95274398122238	2.6088671315369
ling1265	3.46196534416402	2.00483087035722	0.00042954636650301	7.86172595495996
lipo1242	-0.0843611602858073	2.21694538793907	-4.5832448108054	4.41318778432336
lish1245	1.02718418336561	1.98957551227721	-2.60540059419304	5.29079550043585
lisu1250	-0.0327784802534371	2.29079827779773	-4.72470949219219	4.68682323942397
lith1251	0.252488571269015	2.23088078205001	-4.09967378739028	4.95643462886707
litz1237	3.41946565188573	2.00551919163922	-0.00250414947774447	7.82966565240024
livv1243	0.045870953510096	2.19325244022647	-4.2569083235516	4.49374081034647
loba1239	0.295565752599089	2.17493358749933	-3.93058387878692	4.82821699419858
logo1259	0.145222748479258	2.25671868728466	-4.30965425881557	4.9120623704147
loka1252	-0.0827562226697094	2.16747981416608	-4.39444640150753	4.32573525133921
lolo1259	-0.0520448301780232	2.21479124298164	-4.48737877524813	4.42413123158356
lomb1257	0.177506830093005	2.14841567842031	-4.03002304107015	4.60553116793001
long1395	-1.2829416829281	1.58529402426473	-4.61607787460758	1.70627096963798
loni1238	1.38510714324947	1.95862849429796	-2.15705689022001	5.58351550555414
lonw1238	3.49327042339046	1.99403255904291	-2.29001148864922e-05	7.70315306941216
lote1237	1.39325961937385	1.96003880141291	-2.15118628592188	5.68943117368619
louu1245	1.43587361603743	1.98619203834391	-2.13721698428948	5.75845223247173
lowl1260	-2.05596075484315	2.16481212711546	-6.83438575973873	1.69074346865339
lowl1265	0.962333935846614	1.93417934994242	-2.59663556891556	5.11451099525476
lozi1239	0.124592075613641	2.16997431178376	-4.33408908522241	4.50954008993842
luan1263	1.3006733454353	2.01320167957635	-2.29479508541871	5.54060185285761
luch1239	0.0267291155222466	2.09997184986672	-4.07904034006438	4.28570779706634
ludi1246	0.0115471115388573	2.33520334829729	-4.74226875499022	4.76459639762778
lugb1240	0.155178691763537	2.23006898102636	-4.25191741484865	4.77282754604434
lugu1238	0.205502687690102	2.16799578736077	-4.15297354023854	4.75438087829867
lule1254	-0.0208935135973209	2.2118570203268	-4.62219773796662	4.48818807141886
lumb1249	0.0692826226425863	2.17778703716752	-4.24257211959691	4.53511668122284
lumu1239	0.0870671962701838	2.18652102445471	-4.39586832288468	4.3912048108183
lund1266	0.119217271198769	2.19077877473469	-4.08533294530976	4.82203382699606
luok1236	-0.0764955975452188	1.99103547676057	-4.15946692063451	3.96878152513834
lush1249	-0.326117987473705	2.16291532451379	-4.86053200911046	3.83253188245696
lush1252	-0.92336536473194	2.06707297809127	-5.2389131570813	2.92420205868061
luva1239	0.139482586166702	2.09497555181316	-3.9866773884911	4.50841615873095
luya1241	-0.340553128247553	2.12370399739259	-4.67035783787567	3.76289617669891
maan1238	1.33417962470481	1.96598916221345	-2.16418352002701	5.63665751944549
maba1277	0.188541439665324	2.22114881168859	-4.17554663226881	4.72209900150298
mace1250	-0.226407594725967	2.09929220587114	-4.44718408609251	3.91480231383808
maco1239	0.0813936176273748	2.0014459264867	-3.84918923325012	4.00991735896066
macu1260	-0.66979614265596	1.81305069414426	-4.42136166645223	2.79341521967691
mada1285	1.34993435093444	1.82345707024873	-1.99274322315654	5.1896797690007
madi1260	0.127356192574995	2.11749276365623	-4.04793326459024	4.53465136061546
maee1241	3.32332421487147	1.99416708813239	-0.0237030085762994	7.57685027322901
mafe1237	3.05724825366971	2.02745743049661	-0.294885311833851	7.50410640838549
maib1239	0.795846821415579	2.17488215110903	-3.31961070076498	5.47401853574688
mail1248	1.02716198701909	2.09965741487329	-2.89035291363596	5.53118750085372
mais1250	1.19395676560769	1.99688473829739	-2.43871539902871	5.49585382375066
mait1250	0.177421894011472	2.12640419828341	-3.94562296736814	4.58298696924624
maja1242	-0.294853642837122	2.01642083734112	-4.48411702256044	3.70681189924835
maka1304	0.285376690973118	2.14632102977983	-3.96281830624064	4.64528899058586
makc1235	0.109092224215099	2.19118858190044	-4.33508768489362	4.62531362788021
makh1264	0.0484418373994734	2.20120804877187	-4.24933780883505	4.50570121986724
makh1266	0.0877666284521324	2.23197952629566	-4.41106242302484	4.64243277751663
mako1251	0.0777552034306255	2.13749147345222	-4.22740795090256	4.49944978867806
mala1463	0.0514770548259568	2.21739841762826	-4.45718527693129	4.49074026375823
mala1464	0.0432391005538875	2.2511837075485	-4.58054967778536	4.54979485479506
mala1522	-0.210438852182503	2.02319486855835	-4.26329469224747	3.80796174181093
male1284	1.65194366796949	2.18446350051932	-2.33418084918943	6.33899022837474
male1289	1.55948206517785	1.98061997745154	-2.03796340180962	5.96684290201982
male1297	0.318319242865223	2.22965219701765	-4.01533108798608	4.964106307846
malg1251	0.415586541717104	1.9368615352242	-3.43316456784982	4.39954865293808
mali1285	-1.60641759426854	2.06139568112757	-6.06335037979101	2.08570761606279
malo1243	3.14521044761494	2.00228601831222	-0.144138792009625	7.6369295756593
malt1254	1.93736260570379	1.95109835875825	-1.47635880810126	6.3211878118064
malu1245	3.24673417486624	1.99106539513462	-0.0617008581430193	7.58984080876875
mamb1294	0.00336691676548588	1.95639158543572	-3.81489846376734	3.939002297019
mamb1296	0.0625437670327646	2.19944497106837	-4.35135865013643	4.54745698314734
mamm1241	-1.49390958958744	2.07725413603126	-6.07968048300138	2.24959472018714
mamv1243	0.152263511017962	2.19868794722782	-4.25320303592432	4.65757271157816
mana1288	0.153967582412316	2.26968019560371	-4.42886800213877	4.84793748743356
mana1295	1.71651189852009	2.07280243039726	-1.84974984337792	6.32146373619406
mana1298	1.16091933312865	2.19143543125801	-2.82851455372779	6.0175389580594
mand1415	0.023492494436094	2.26212335461965	-4.50592389120555	4.7111663328726
mand1440	1.06454124223354	1.83979478563699	-2.43324892313357	4.98796543480844
mang1378	0.82247218481053	2.02686157918786	-2.84765129523896	5.20412936532512
mang1381	0.359378389962835	2.13985750228439	-3.83372103049039	4.76530630055754
mang1394	0.166650774245429	2.16612584656049	-4.1501087875243	4.67184895209918
mang1401	-0.842506351124118	1.92531389212955	-5.0462561645409	2.64928060985869
mang1403	1.47898485931285	1.93962395417915	-2.03737894498474	5.59587192391002
mang1405	-0.810473981933563	1.81921651591531	-4.71437256038471	2.60196730085676
manm1238	0.201945814084152	1.98298882949533	-3.64966391998188	4.24273689570968
maor1246	-0.785229590821368	1.9472158748656	-5.02726772919396	2.76954949420086
mapo1242	-0.123931466389886	1.51154183909051	-3.19111269654162	2.85800342072998
mapu1245	0.514522571789358	2.09529644990474	-3.52538673893261	4.92567741268246
maqu1238	0.559879028238664	2.05389154652607	-3.29632704504174	4.94961407802413
mara1378	0.175352343589489	2.18957193089558	-4.1637171126291	4.6702617387476
mara1379	-0.478793455979888	2.20264198077954	-5.13526013814776	3.86750247972856
mara1382	-0.159217117291838	2.18531007182772	-4.73169045985788	4.19013436199239
mara1399	3.36210547820751	2.0073680772867	-0.0172217600578448	7.71591320173795
marg1265	-0.458570592579349	1.82642653912675	-4.1588020912966	3.13308941821576
mari1426	2.6221339224311	2.09572811948578	-0.90201736038479	7.22176859510655
mari1440	0.253634456097088	2.0377395733365	-3.72023705268927	4.48820608757745
mart1255	-0.254740602373791	1.83061469840645	-3.83901785719662	3.37986715649041
maru1249	-0.407639457389905	2.21705740479848	-4.97101497588993	3.91884417513802
maru1252	-0.273103258331751	1.98359709040858	-4.29729033576302	3.76364390670849
masa1322	0.76946917795532	1.90506640233667	-2.80325050593155	4.82092538152006
masb1238	-0.986061103727517	2.08998495931963	-5.56038259980421	2.80529846989385
mask1242	3.4943835764054	2.01154422167795	-0.000121272972560072	7.8175441090899
mati1250	-1.17817752578882	2.04090298898282	-5.67322557498528	2.43606541591365
mato1252	1.30942965189464	1.88161415295161	-2.06373962777967	5.33850456436755
mats1244	-1.51600665183071	1.98002202751005	-5.79115503103165	2.11471788709171
matu1259	0.10488710599952	2.16571485043182	-4.08893507018794	4.45294658805743
matu1261	1.71586521052725	2.02845944451311	-1.82342264851839	6.11708952134072
maun1240	-1.80587533784952	2.15328114111044	-6.53071506434876	2.03156671442203
maxa1247	0.271585419553028	2.17259860248724	-4.08313537933401	4.90804709685188
maya1285	0.675325766840642	2.13846820432235	-3.30609460888793	5.23581936724616
mayo1261	0.183722271048171	2.15242724341019	-4.18497891338212	4.61669023822811
mayo1264	0.720522124117864	1.92646796972231	-2.89465470822751	4.74110502970351
maza1304	-0.432108298297902	1.72862655664559	-3.86106124444842	2.98583693358398
mbaa1245	0.184170153326094	2.24912012300269	-4.30583247368245	4.82278767035024
mban1263	0.20524491442233	2.2004807315726	-4.08552150332019	4.79744017625556
mbar1260	1.145825063205	2.04461652997761	-2.61176266564871	5.54569934205693
mbay1241	-0.556010170667622	2.08439033192389	-4.88446197624332	3.485384897026
mboc1235	0.0980545830407195	2.06922035988204	-3.95537135982577	4.30768825198397
mbol1247	0.172201294526894	2.16519947381026	-4.13858711105482	4.64194310031978
mbul1263	1.52781415441326	1.9723161591817	-1.94058406861209	5.83806420069635
meen1242	1.35668884083544	2.13609817294217	-2.59850786922796	5.92607146601835
mehe1243	1.18932937755844	2.15610543484771	-2.83146536815617	5.84456642107087
meke1243	0.897645242295041	1.8817579249181	-2.51429615368745	5.07138940807567
mele1250	2.81586221911023	1.87399063567243	-0.313260512115661	7.00660162621714
melp1238	1.35437515216811	2.16855288229412	-2.60361664183475	6.17168512885138
mere1242	2.68768330094381	2.04726229800319	-0.728622693042856	7.2254684446346
mezq1235	2.06715087874842	2.04157989455714	-1.62142099408703	6.46081724373275
mich1245	-1.34932836717407	1.95481757054751	-5.60856854055949	2.1223029401852
miju1243	-0.0102467675276533	2.20590118169116	-4.44097650508631	4.44361575083996
mila1245	-0.0240775069053173	2.23191837920188	-4.4505943827642	4.57611417544518
mina1268	0.754517155851709	1.98328994008813	-2.84986804114134	5.00822040193316
mina1276	-0.199617590308159	1.74107635471325	-3.64470887680296	3.33396226775471
mini1251	1.69137225526574	1.94738759020165	-1.74189508927589	5.97230013386367
mini1256	-0.16373611436381	2.03943358711475	-4.24443855106152	3.95456695342054
minn1241	-0.155402128061329	2.23957536924283	-4.69319499094896	4.38170317078771
misk1235	0.652810400601031	2.14314846714924	-3.46858104317046	5.10383976124104
mixt1426	-2.23362802155559	2.22492349056897	-6.98288598430857	1.55879771551712
miya1259	-0.00125480707765263	2.22799165773228	-4.50515660460019	4.62624409713709
miya1266	1.1732508603764	2.10151840540995	-2.75112512827227	5.69804001516481
mlab1235	0.597580543000185	2.11354409179261	-3.48125318927626	5.00355937553596
moba1244	0.0918200255767972	2.18703870381812	-4.23030924308786	4.68463131755992
moch1257	-1.59536136981174	2.0917235595585	-6.08339971504402	2.19646500561581
moco1246	-1.44691168282723	2.04578372826374	-5.99259064835975	2.32490940651403
mode1248	0.206429423700766	2.1417549035229	-3.97535329520577	4.60760957731539
moha1258	-0.892793811235768	2.0935446685017	-5.39597943047076	3.03290826023311
moke1242	0.725635153935316	2.04103400741405	-3.11873096640518	5.15099538035846
moki1238	0.552501422941304	2.08297508489874	-3.3690026965903	5.03969799728269
mokl1243	0.839885605407908	2.08775856723118	-3.06296257718636	5.41694217880879
mokp1239	-1.21148977039628	2.08114719721486	-5.58202550581713	2.7636137671976
moks1248	0.0294684638408886	2.24179269056849	-4.46105409054616	4.62073269908994
molo1266	0.402797717906367	1.7962218872063	-3.02879359795156	4.27893418698053
monn1252	0.487957793887635	2.08490111906115	-3.56383401695561	4.86457388550664
mono1270	0.153606798413317	2.19108451543425	-4.25263193521345	4.59622538025849
mono1273	0.25524188888974	1.87172077625044	-3.44905218741755	4.27079540442959
mono1275	0.42999941058706	2.1037775319577	-3.56413596149212	4.88006631091992
more1259	-0.00502449015218118	1.62852945057338	-3.33628724640489	3.13898638524107
morm1235	1.37017232138099	2.02173884226605	-2.30143895711666	5.8648541452628
moro1287	-1.38668283054075	1.91473590321966	-5.5800302228163	2.0925460121185
moro1289	0.33695126337739	2.27720526935602	-4.18019840468997	5.12055025962443
mort1237	0.290319239114401	2.06952009856188	-3.68427547216498	4.63498110742734
mose1249	-0.870943015316435	1.95780853662315	-4.93898399439717	2.81249417143265
motl1237	2.14337261966514	2.04552308498523	-1.37622762135859	6.64291849892947
motu1246	1.37942646504619	2.0234684827071	-2.28517101864326	5.90031905066517
moun1252	1.24985612423816	2.02712974615952	-2.46372976902446	5.58495647527599
movi1243	-2.24819855354666	2.17873591334438	-6.95390084005189	1.5155424867653
mpad1242	1.05108506521362	1.99981834719661	-2.69558270368927	5.43169975484208
mpii1239	0.435528380981569	2.17740706369343	-3.89060415479911	4.76491705770904
mpot1240	0.116863121962666	2.16131658355705	-4.22207613512964	4.54976515152887
mpur1239	0.781524727029607	2.19962744835023	-3.30581476494524	5.50080091510092
mual1241	1.26137151654527	1.97448559925263	-2.19990040933238	5.67295248186648
mudu1239	0.0747695373461232	2.23738574033148	-4.38709207889268	4.81878653838908
mudu1242	1.52312217982246	2.0140154905525	-2.00750278179963	5.91468799626298
mull1237	-0.202529434438042	2.19073289305151	-4.68626731245656	4.10821045428618
munc1235	0.101680908787647	2.23306377897533	-4.48792540547319	4.63498446612669
mund1325	0.450023608289276	1.94421341441104	-3.24751992698829	4.5604443896558
mund1326	0.0950521720895323	2.14343427279815	-4.10055575651645	4.50755231170068
mund1328	0.689303017240391	1.9821328585673	-3.09642739486424	4.76883829332001
murl1244	-0.61193654690952	1.99008701074036	-4.8133708762059	3.20962049629214
muso1238	0.501507977282599	1.58373576760997	-2.48318397197022	3.74625636014219
muyu1244	0.375275983302226	1.90000808210986	-3.26104802278813	4.249807185597
mwag1236	0.520646566409643	1.87123474165975	-2.92134879976404	4.48120561115478
mwan1247	0.0941701475176418	2.19163111363421	-4.33283253398658	4.43442914134353
nade1244	-1.8556494674188	2.14100009108089	-6.56542166545326	1.96332863250204
naka1262	1.55065460206614	1.97424215935522	-1.89436640934585	5.97837148911427
nali1244	1.0210622445522	1.71302536256869	-2.17142721990772	4.53761767630119
nama1268	3.11416778198799	1.94494634648253	-0.129884178211709	7.47634544896412
nana1257	0.0608480565708799	2.23655558659923	-4.53650001994598	4.72784963302489
nand1266	-1.7066271410467	2.15764761955158	-6.42607904825693	2.09344713754073
nang1262	1.81946461334551	1.96870878782035	-1.5616842552427	6.07015017624988
nara1262	0.381413615316968	2.2409896658081	-4.02256372516128	4.94663782155456
naue1237	1.25128304969075	2.08980626246773	-2.58137171957723	5.73684036709077
naur1243	0.4870166333267	2.01452322183649	-3.27516086195337	4.86216279110839
nava1243	0.324294762573467	2.0443136345063	-3.63582339828851	4.71347205181988
nawu1242	0.158736679969019	2.19235923862198	-4.13487363613085	4.50612665594522
naxi1245	0.0325940711393045	2.23995165335749	-4.47137573272113	4.64167377342809
ncan1245	0.717544325235647	1.98559342362654	-3.1165880002164	4.86116329924096
ndam1239	0.167992929642849	2.14504339972666	-4.05256238947972	4.49400968800777
ndog1248	0.0646373156798919	2.21499818593461	-4.4331146571582	4.47594873114099
ndun1249	0.197612893023762	2.18236331429855	-4.00777979062224	4.73569175530648
neha1247	1.44580540169954	2.04477250791314	-2.24190576442705	5.9009234724282
nend1239	1.64950968863214	2.09677767736599	-2.00592490226414	6.19351031354748
nene1249	-0.000756323195153151	2.25036682208353	-4.51300615270596	4.62738387924583
neng1238	-2.23568893984741	2.01431562834577	-6.52619876632064	1.28763681320018
nenn1238	0.387068175292332	2.16812111807252	-3.90719183167505	4.88810269132858
nese1235	3.26065255534872	1.99467197965403	-0.0438163220017266	7.60067435018365
newa1246	0.188643385418269	2.17736778089507	-4.14074606873916	4.67262867181818
nezp1238	-0.801104898391357	2.10592643251687	-5.27657426561573	3.12809153183959
ngaa1240	0.602760227229224	2.07774420377361	-3.20182632124556	5.0271223515514
ngab1239	0.343571963277063	2.18159958461237	-3.94076374836511	4.99506501619237
ngal1292	0.682449568160384	2.08259431859399	-3.378186473798	5.00006982140713
ngam1268	-0.583857163853194	2.04800132049759	-4.83080253467242	3.31611244796901
ngan1291	-0.000173665016333279	2.17684391845294	-4.31119931520149	4.48053745752275
ngar1235	-1.8108006984752	1.97735791076138	-6.11139452879004	1.67942568622184
ngar1284	-0.907502276592601	2.16266896636633	-5.56688878798507	3.17885618145124
ngas1240	-0.04459620866233	1.80497873687419	-3.73921812743532	3.53662753890594
ngba1284	0.18320165299596	2.15360482758461	-4.04322514864622	4.79106458028517
ngba1285	0.261150157729607	2.1527079779274	-3.97448430718213	4.67736999052789
ngit1239	0.0980259605932258	2.21368467906983	-4.24692173491756	4.44498546585362
ngom1268	0.210917125562376	2.17679752983984	-3.98940077756929	4.73268182491559
nhan1238	-1.65977061800749	1.96804999531534	-5.90539644614975	1.90785637213638
nhen1239	-2.57535966497437	2.16734909622387	-7.43073241618804	0.974406262740072
nila1242	-0.0115183335804246	2.15797179274416	-4.33336312899871	4.37949577307002
nina1238	0.650179044829069	2.16636657790645	-3.56101157177831	5.19479979601837
niua1240	-0.843118597756086	1.96579329038961	-5.11922684279653	2.80810386029296
niue1239	-0.974489841259587	1.93372038176047	-5.13980641970723	2.50706029514527
niva1238	-0.861339292468479	2.10871131007551	-5.31662924510376	2.99159909491273
njan1240	0.585904273792404	2.11203939360115	-3.44164043183378	4.99976246498172
noct1238	-0.0571296817978004	2.21306517198615	-4.5999210107249	4.48411304191123
noma1260	0.214477107420276	2.1074714226945	-3.92081126867992	4.61780350271754
noon1242	0.134499447947816	2.16778877528225	-4.19657418287866	4.59287657876567
noon1243	0.705698191772041	1.97800185213281	-3.16032390857598	4.85303959247449
nopa1235	-2.18129306057525	2.22830857850648	-7.05223154253112	1.77656404707698
nort2671	-0.0127257284466711	2.14965373988584	-4.35745876447344	4.28519281890961
nort2684	0.765265414779446	2.11480995317058	-3.26546216902784	5.21209060608034
nort2690	0.0172374018437087	2.29133702387865	-4.52970515149124	4.6385092981538
nort2697	-0.134248142067939	2.16075675192907	-4.51023473695142	4.21548900865647
nort2702	0.186058588813426	2.23922572858243	-4.14986931240599	4.85437506272161
nort2722	0.055918282945422	2.18952443501709	-4.33046319781222	4.55963138020014
nort2723	0.0516898459849654	2.19110071963434	-4.39343121863891	4.44820320989983
nort2724	0.0076438049957538	2.29748919694554	-4.68817146416706	4.55921713544076
nort2732	0.0295242927040588	2.31346689021333	-4.47254045412438	4.7550486166607
nort2745	0.164936114942182	2.27582543192552	-4.35639585529914	4.78669503987878
nort2747	0.0814630998222488	2.26084487048305	-4.42563060622245	4.64999551498635
nort2774	0.197543609873784	2.19388110148952	-4.25570934683157	4.64133318440018
nort2839	3.41855568306701	2.01273770456667	-0.00590521533459281	7.7774082886187
nort2845	-0.849478278059701	1.9815445084242	-5.11029954398276	2.70937482807129
nort2847	0.967414277008104	1.67696259091467	-2.18073398066852	4.46644157395536
nort2885	-1.18543001725014	2.06355883724434	-5.67077480225035	2.59990323166483
nort2930	1.0932517949039	2.1028085555704	-2.79475725055674	5.61933598879741
nort2938	0.725436057360736	2.13188322701116	-3.41950454987521	5.34733422049428
nort2942	0.233254064458144	2.11785364173802	-3.95137172047891	4.58990358007035
nort2954	0.456945616733459	2.11645257305728	-3.5636539042175	5.00544105225125
nort2957	1.11431098443554	1.7393319343352	-2.08066394435519	4.76297020521511
nort2959	-0.421992816746317	1.83565279687359	-4.2243045533493	3.05555737321416
nort2961	-0.33058795859142	2.19328367564628	-4.8822955039739	3.88746179973821
nort2972	0.402022961576885	2.24274186239231	-3.91947436435302	5.24255958067177
nort3047	0.395329941405938	1.79453053104877	-3.06709181284104	4.22778948894228
nort3139	-1.44801037858972	1.99061683003634	-5.83470601131364	2.07112397533832
nots1237	1.02410523641894	1.71802240950923	-2.17339505550527	4.59242623509173
nucl1235	0.366203233962947	2.12058808362718	-3.77008302208447	4.89229474768188
nucl1240	0.504957626255046	2.05641999116933	-3.36648130888862	4.88367571987352
nucl1301	-0.0144702633360267	2.27202869445101	-4.53886986617048	4.5981283002275
nucl1302	0.385998751201415	2.22132816759929	-4.00022633499388	4.93968983471303
nucl1305	0.0200221668402311	2.20741051333047	-4.57341969701997	4.44509470692008
nucl1310	0.048153033637905	2.27370396957597	-4.59179668412606	4.66003712720839
nucl1417	-0.372102704286	2.0345421101721	-4.42623802610694	3.66797232534667
nucl1458	1.75738374864169	2.07091363436523	-1.83642675999071	6.27569878387019
nucl1593	1.03097745147479	2.19297602704188	-3.0615919859541	5.80755793078667
nucl1595	1.13227957787484	2.03875796357096	-2.61243025777261	5.58832439648233
nucl1622	0.352606628723624	2.20082184534811	-3.97546798863093	4.89899054778005
nucl1633	0.856527501827778	2.18350234125418	-3.17657202645469	5.65983812391288
nucl1643	0.100885743269159	2.25337038110042	-4.28246419133805	4.62852952394027
nucl1706	-1.52153283879469	1.99202094865171	-5.9903597231162	2.04252764620887
nuer1246	0.551427306694906	2.0558203164347	-3.39904709898663	4.8994155235179
nugu1242	0.309220335067946	2.11679437408229	-3.87375722195486	4.68789511544817
nukn1238	1.22042107092489	1.83679153025345	-2.14423084863465	5.13824429790867
nupe1254	0.137360181188585	2.18321397985874	-4.12953038267685	4.65207842890182
nusu1239	-0.0381989465555778	2.25683360323688	-4.73205387209124	4.59113219118746
nuuc1236	-1.14045636706274	2.10296510745113	-5.63726500684338	2.64057060969679
nyah1250	0.555791936237957	2.09051416179067	-3.40357802919101	5.04442355158503
nyak1260	0.158488569696373	2.15674432023095	-4.13804357700985	4.44933433102783
nyal1254	-1.98045047881072	2.03565410169819	-6.38943554192878	1.57818582997728
nyam1285	0.83270239688867	2.06048300923009	-3.04598407122386	5.19941641150049
nyan1307	0.104908808308965	2.24497933142475	-4.31190081924889	4.91092185937418
nyat1246	0.162558766205331	2.15140694929611	-4.13672196942312	4.69597588782807
nyor1246	0.112391880940063	2.18143906194692	-4.20373431781045	4.50932778984255
obok1239	1.03468601227814	2.1862582071944	-3.01515445218248	5.72177564108067
occi1239	0.20403488690941	2.1092256909053	-3.96523719089628	4.51644890374733
ocot1244	-2.37619210956335	2.26839981672978	-7.34608369626925	1.51028724036167
okan1243	1.25304703588961	1.99492802284552	-2.43348348656306	5.53744624022141
okin1246	0.11503856297224	2.2625444526871	-4.55886222430541	4.62576813323972
oksa1245	0.837620861781752	2.17181987252778	-3.30355246307714	5.38383922921418
oloo1241	1.23034275555809	2.05539097152587	-2.43086772710547	5.6492822723003
olut1240	0.313287784025927	1.70713903742319	-3.08220447083032	3.85542274558975
omie1241	1.18127320884759	2.04589287059696	-2.56193335784551	5.50717450599088
onon1246	-0.996372022729879	2.06803329107605	-5.33440380423953	2.87425958394673
onto1237	-1.23045696633687	1.92612353640668	-5.41550496995043	2.27357207621952
oriy1255	0.282298273320586	2.13582135582322	-3.87564088869486	4.7661329560991
orma1241	0.295594577750889	2.12209894552217	-3.88069153735548	4.67461417877885
oroc1248	0.0367468229202418	2.28049356664982	-4.54992750244584	4.80621485155993
orok1265	0.0388614169720703	2.25731807072191	-4.42390368307675	4.80894164692335
orok1266	-0.479226549187317	2.0406366801625	-4.58886294324944	3.53983295957011
orok1267	1.04236395004952	2.06404875814365	-2.7575474722008	5.41771938371951
orow1242	-1.89620807095549	1.66478047493318	-5.4517015320599	1.14644744785472
otta1242	-0.19525672731858	2.0912113136085	-4.50373357117165	3.9213599408953
paaa1242	1.04848562099592	2.11360684243384	-2.93866100856804	5.53826806970068
paam1238	3.41115655313848	1.98816880452556	-0.00088312452465707	7.8104047136903
paas1238	0.104881841948508	2.21871854897275	-4.35744249473959	4.69249722383313
paco1243	0.606177357905742	2.11039027823868	-3.41040922250512	4.9346427511027
pagi1243	0.226363787944615	2.19588787219068	-4.10442259035494	4.84424138582126
pagu1249	0.0439424201621034	2.19164720617858	-4.30406583133586	4.50388274139446
pahn1237	0.427714107022579	2.22481069152871	-3.98176886584385	5.22112349031121
pait1244	-0.748674426751543	2.18018450911819	-5.34725716940377	3.56024432023542
pala1344	-1.06745133411263	1.89586799334588	-5.13088580017568	2.35270619476224
pali1279	1.08720240151441	2.02528332029099	-2.55205499924381	5.53053741015153
pana1307	0.562737113497285	2.12950771547432	-3.52116421373665	5.09521901803654
pang1287	0.158833046019058	2.23186818758712	-4.27089423212011	4.77847735668746
panj1256	0.120463912629993	2.20061885570595	-4.3233335681389	4.61327031559601
pany1241	0.260478849599187	1.94092082704737	-3.55789557470825	4.32432120843579
papa1265	1.3972119082509	1.94719957199375	-2.12862036221126	5.64920312664794
para1301	-2.16181318474181	2.0084634866291	-6.37587379266272	1.32234510136379
para1302	-0.132993502098328	2.23017710402589	-4.75401511213321	4.42154703909799
pare1266	0.36488664095368	2.11475253889303	-3.75732122974779	4.7079360140496
pare1272	1.17706390345919	2.02659988482429	-2.45647654587463	5.60000396258603
pate1247	-0.0213302124419479	1.54341916697025	-3.09412833976232	3.07952848176703
patp1243	1.65574732308824	1.94786014373887	-1.73734503217911	5.93836452820515
paul1238	0.958450355708218	1.96126554296369	-2.68799407116862	5.14266990067555
payn1244	1.67475007567263	2.09852334402038	-1.94899308516675	6.25684630784651
pech1241	0.52819088434942	2.21852594728772	-3.76451557226922	5.24067125902939
peer1241	0.302357566967455	2.10810157575822	-3.93949757427371	4.65458149380696
pela1242	-0.378602757583592	2.13595861168944	-4.89756295571871	3.77583044824828
pemo1248	0.837016817224999	2.00933715023436	-2.98601188370553	5.19143526643147
pend1242	-0.159972822628296	1.69892146113915	-3.56147772432232	3.27392975904135
peng1244	0.374871129343552	2.16868973367742	-3.88664189065935	4.83777942125043
phai1238	0.665795773354597	2.11405119152639	-3.32959685728831	5.29723384831881
phom1236	-0.173920639944875	2.25498172230744	-4.81012667574552	4.34283295431868
pila1245	0.911330480200331	2.05611753772206	-2.99397643034825	5.19433278139726
pile1238	1.98886888503321	1.85283083484121	-1.14433628298709	6.15869403230907
pina1252	1.47471990981416	2.17033059545623	-2.56416663288342	6.1378188277348
ping1243	0.517041792683819	2.09674698556936	-3.45060842491038	5.07932643155637
pipi1250	-1.23055045935993	1.89216192864287	-5.27327367789728	2.27585556440459
pite1240	-0.00636351386309672	2.23666245446408	-4.49781506935164	4.54061771995785
pnar1238	-1.87949201447104	1.95351716817839	-6.05200655603377	1.55062627867383
pohn1238	0.432427197527372	2.05823406382248	-3.46692910977819	4.86851975759592
poko1263	-1.51057476584655	2.10666043520143	-6.15514868651801	2.24253843906113
poli1260	0.141171598241492	2.15121194971644	-4.23511745746346	4.52924608647675
popt1235	-1.43799785208998	2.08116998872245	-5.91513255774673	2.35919657462215
port1283	0.227418022952951	2.13740482715184	-3.93038392727516	4.65673829479835
port1285	3.48716687521654	2.01150918111464	0.000136847874113923	7.77572948677268
psik1239	-0.851640852015691	1.75040798770066	-4.52018858887172	2.49750924916181
puin1248	-0.792748741507521	2.01208964679648	-5.07318671107038	3.08351606800114
puka1242	-0.91974676181026	1.92505941388799	-5.01552851114019	2.53283031104954
pulu1242	0.358710909336117	2.11474597321617	-3.60717620591216	4.95389174618022
puma1239	0.110481420641913	2.16528770347982	-4.22332173933645	4.51431476792373
puoc1238	0.693447252278029	2.11081925011955	-3.33445286317335	5.15427102761176
pura1257	1.08754223232211	2.06983469124712	-2.78139121712365	5.53582566324876
pure1242	0.672335680585922	2.04764397412577	-3.25073635446865	4.98604133838262
puri1258	0.118069878373331	2.18038028998711	-4.36887761062189	4.48447663849566
qanj1241	-1.05388206582481	2.06810424325539	-5.45559043543703	2.80213749829095
qima1242	0.443020056513536	2.13469979675154	-3.69236953785147	5.14610555415277
quer1236	2.03209410212766	2.03946779569763	-1.5663328649196	6.47335663106885
quio1240	-2.08508655075237	2.12817816547713	-6.70177841933894	1.52704990951487
rabh1238	-0.323841864029197	2.08292380406539	-4.44544625094902	3.75561807665768
raji1240	0.164233764017468	2.26474680019214	-4.50470909028547	4.90480406606405
rama1270	0.388339875574805	2.14806151017815	-3.78700767698479	4.87871251216694
rapa1244	-0.843350838483313	1.90595761181594	-4.82648261443712	2.71107381645095
rapa1245	-0.779853620982614	1.92154068490304	-5.04581706071177	2.77467432020605
raro1241	-0.809124782683146	1.90516291272451	-4.94428791610064	2.75960035760746
rata1244	-1.1686568157895	1.95367051041614	-5.39453155635311	2.44574368561107
raut1239	0.116237037999902	2.25327929794497	-4.49560022276498	4.70169944689231
reja1241	1.01298974849432	1.95558448080746	-2.59793815255032	5.17218824381462
remb1250	0.180073970915158	1.80003775743991	-3.37220038440656	3.79457459132255
remo1247	-1.28422410505592	2.08713131550827	-5.6936250052093	2.37787697410242
reng1252	0.66163735518133	2.1357761235317	-3.36692307422879	5.22980397853921
reye1240	-2.09143767994025	1.9620218738628	-6.36289705454819	1.35633919015868
romb1245	-1.09010470266699	2.04390343139147	-5.48564473663957	2.5882255547019
rong1264	0.0396466508921514	2.26448089418362	-4.529614957037	4.5864591128617
ronn1241	0.425170267922116	1.81838952245373	-3.0582908033771	4.24969330068148
roto1249	1.4273471488528	1.94913106532575	-2.05293174228417	5.66928495081829
rotu1241	1.24535622137053	1.95509945932859	-2.17682733980291	5.48367752273977
rovi1238	-3.56123576786428	2.0345231855322	-8.05132803410929	-9.02279500112043e-05
ruch1235	0.0664007699121432	2.01399040360434	-3.89328134360112	4.17574893875496
ruka1240	-1.68689450766338	1.913090293514	-5.72905504473905	1.73859455537469
ruma1248	-0.161078095797984	2.05794539847218	-4.25133608874168	4.04525036551377
rung1258	0.112059157592602	2.21921928354902	-4.31991456539074	4.63121349233292
russ1263	0.147865539343675	2.18761899042864	-4.18207299236631	4.69220476002221
russ1264	0.0473735650419558	2.23983170945747	-4.55922481217171	4.55261151583114
saaa1240	0.515746187577377	1.79032197899963	-2.8450200115994	4.30824093754239
saaa1241	3.25634893472715	2.04161797337113	-0.143214673143954	7.70578539860054
saam1283	-0.546632803008132	2.14493405052366	-4.93080244143594	3.6763258644425
saar1237	-1.47411621251324	1.81713663753937	-5.36566831876211	1.9470353943603
sabu1255	-1.13617045553415	1.86208308386953	-5.11244262460115	2.29597348172685
sais1237	-0.726960735816918	1.79770708145349	-4.42859610606173	2.80237056353122
saka1289	2.66002420966488	2.07172379555124	-0.884180628887782	7.22974248937992
saka1291	-1.13586162541905	2.03815713113801	-5.5575153920052	2.57515989588837
samb1305	0.476434329593924	2.09766121060357	-3.55521399019252	4.87806029354638
samb1311	0.482371874238382	2.0919523560895	-3.57786017907772	4.93464194094697
samo1305	-0.935080697972909	1.93270578079445	-5.1208213582135	2.58354326365724
sana1295	-0.746635238892769	1.9336600579783	-4.84484343707815	2.78501023354984
sanb1241	-2.21725046003908	2.24152952938483	-7.20623783932998	1.60056814704449
sanb1242	0.188499534780796	2.15594131680904	-4.03152393089941	4.70210424323297
sand1278	-1.51724270291995	2.12287807570578	-6.0197782811761	2.3757562790183
sang1330	0.133684211574091	2.20127781224321	-4.26279788877787	4.75997230416838
sang1331	0.121944962273183	2.22505162197416	-4.26757331388725	4.73182285520689
sani1269	0.324973442528054	2.22372986656552	-3.92789140111171	4.8817432950419
sanj1284	-2.31163557724621	2.23652662369398	-7.29609420281846	1.54706442341061
sanm1289	0.487644543641769	2.09891433989299	-3.52396266093536	4.83634767929414
sanm1295	-2.25321565878442	2.22020634631579	-6.97069539526836	1.48183466338611
sant1436	-2.1213917360336	2.18915968984632	-6.86597659662127	1.55630987389643
sant1451	-2.17062504121346	2.17648506404386	-6.94935438188708	1.60977190823933
sanu1240	0.575107494802232	2.04252655988352	-3.351895160755	4.90537216075292
sapo1253	1.59487478843457	1.99175885051123	-1.90846916159157	5.8865645927655
sara1321	0.089826042381753	2.23095289679214	-4.49092324349876	4.74828168682933
sars1236	0.0824070280144204	2.148242983663	-3.99303515795738	4.50563059222571
sasa1249	0.258538116549915	1.81608602078341	-3.22786690558767	4.03186280017957
sata1237	0.361763936652131	2.09994961104583	-3.63573391915153	4.89339682457872
sauk1252	0.862515151502687	1.70852001150975	-2.36010229903595	4.39677391989022
saur1249	0.144199207070928	2.20566656263821	-4.29277781171361	4.79722738858721
savo1255	-2.22498221592296	1.7536609421751	-6.0685722524545	0.914614359656418
saya1246	0.478336085985051	1.93962980930549	-3.31517204191221	4.42563564855538
seda1262	0.637358672866001	2.09062617572368	-3.38815797872207	5.13531580302451
seim1238	0.924335539861426	2.03293681354988	-2.79316283897954	5.33421742540924
seke1241	3.24342135828722	2.04764042768685	-0.177147273438463	7.68821189858522
sela1259	0.734569830282456	2.05245771173855	-3.0364915188143	5.09327866364583
selk1253	0.0558548541136223	2.23698147574234	-4.49591855155962	4.64215317956981
sema1265	-1.88390655671436	1.98422960300648	-6.26177443728224	1.56834067942933
seme1247	-1.99797364819075	1.98171057121977	-6.23658310367882	1.57085200614594
sene1264	-0.395808710716801	2.00095262946957	-4.51395022067088	3.41272384429813
seri1257	0.679633038851091	2.09090182027858	-3.34202273706623	5.1642007977569
sgaw1245	0.233473440379216	2.22402501597667	-4.26482157605353	4.75573666704656
shab1252	-0.0416011768908107	2.06835963740277	-4.23662264418413	4.06422861619719
sham1280	0.175210058498504	2.2052588844468	-4.21599487071654	4.74370205943003
shan1283	0.668969004829266	2.10788898223502	-3.32555893594902	5.09512963561933
shaw1249	-0.30085852031452	2.09743089099478	-4.68462649911254	3.75448697784496
shil1265	0.705593795566859	2.06934017681141	-3.19227678050846	4.99234287728707
ship1254	0.870698820576551	2.06614969513606	-2.8954846278226	5.36259153435167
shix1238	0.0136212176973192	2.24263982586258	-4.60526035905463	4.40802568958022
shol1240	0.0686528696722924	2.16175051216155	-4.29589176193483	4.38217790217582
shon1251	0.0561336783302992	2.20745061219723	-4.30068554523569	4.57240676796905
shos1248	0.417758630117642	2.06439977956678	-3.49732340881871	4.76726769677238
shua1257	0.602246562171358	2.14676254088888	-3.387832670348	5.18611658936535
siam1242	0.411533693089671	2.17463218681102	-3.87930412298266	5.07529128657457
sich1238	0.0442928000028244	2.20668239228467	-4.24244157186457	4.50829026891364
sici1248	0.721565042695944	2.18072559366535	-3.43781326775933	5.43432048634161
siee1239	1.60231044651755	1.8515753927734	-1.71555689978473	5.54993870454688
sier1250	-2.17993655291709	2.15917106420678	-7.00197868572261	1.48804690379498
sika1261	1.65607509398848	1.92941758561271	-1.63681023706428	5.98188595389183
sile1255	1.70602470902747	2.08828672894021	-1.93065902841556	6.26632130023771
sina1266	1.43609328614723	1.99584162360208	-2.11001550562909	5.72899150214815
sing1264	-0.0500321409631937	2.20659433395302	-4.65884727016177	4.39670572419087
sion1247	0.131943733846147	1.91344413373323	-3.58458022390714	4.07282476892823
sioo1240	1.31212487547645	1.88157093139057	-2.03935365632147	5.32676827861636
siri1274	0.492847939090477	1.78291614626635	-3.01467054120892	4.03369142506597
situ1238	0.0510878869045537	2.2518753729203	-4.46447691416018	4.65517821654101
siwi1239	1.43005749022832	1.99865785229818	-2.15976696566035	5.77292213244185
skol1241	0.0413352578398854	2.25128839923677	-4.56595437571761	4.71334488813674
slov1268	0.144941633663178	2.19852653926462	-4.24542268701841	4.72979656423579
sobe1238	1.09552374447604	1.98661313468524	-2.54606344565014	5.37839627863869
soch1239	-1.86716734024644	2.09284847868099	-6.48120178145519	1.7647507750286
soga1242	-0.217135023287092	2.10301078131819	-4.54642547972473	4.00413706580947
sons1242	0.243443105638959	2.08112160672388	-3.72898300423359	4.60506108184535
sooo1254	0.749369523995858	2.0922832365416	-3.07053104309028	5.35539653949185
sout1528	0.0616181949474719	2.09316420989623	-4.04539635951411	4.3754499180794
sout2649	0.183137947655659	2.16854613322726	-4.08753463761178	4.61112172717581
sout2674	0.0421470730057131	2.23120258143631	-4.41103039920079	4.57374978759968
sout2679	0.0389708577221206	2.19370816020835	-4.35618601819247	4.48519400829496
sout2728	0.0414818955662954	2.2539091125385	-4.43202142880559	4.57325383134864
sout2729	0.0321152771194966	2.21168969500896	-4.42315550311854	4.48906055297326
sout2730	-0.1496617356141	2.23615311395219	-4.7429720425586	4.26129272059577
sout2797	0.400422463868683	2.15962526859732	-3.7880653924236	4.88422971372329
sout2807	0.0441178809271775	2.20477322614926	-4.33405925464168	4.59869605778422
sout2856	2.78591266587964	1.88459577208116	-0.411160871265677	7.03642922285788
sout2857	3.29263861302607	2.01454940354834	-0.0893064031081309	7.78544844692687
sout2859	3.40405903702643	2.00152246818159	-0.00183897495958143	7.82679063552587
sout2869	0.584621494611961	1.64733598234885	-2.57770908572342	3.93816972843773
sout2895	0.992516121113546	1.95723886003517	-2.7171567420963	5.18374813873375
sout2954	0.0857203784353182	2.23808718535521	-4.29230589731156	4.58417601327499
sout2956	0.716804807965271	2.13956869624749	-3.28786006091836	5.22534221421049
sout2959	0.214552973175839	2.13139332076896	-3.92954754063564	4.66629955604769
sout2976	-1.64872440763773	2.04731062821409	-6.17808505028769	1.90545567027247
sout2994	0.6838741135086	2.17555306239897	-3.55000497412401	5.31030334815402
sout2996	1.27484110499868	2.03484984707696	-2.47931571112677	5.77816204930074
sout3236	0.0616297024524604	2.22214617255612	-4.51420908172425	4.61619543199678
sout3261	-1.54309150214414	2.17866282969302	-6.24723001738074	2.44558145590312
stan1289	0.214895914201929	2.14344321179793	-3.86750744688499	4.72330676490567
stan1290	0.106425242043379	2.07164376682883	-3.99389631128213	4.2695843403121
stan1293	-0.208646141224008	2.04399839184252	-4.36938164794612	3.86391875038041
stan1306	-0.313690534654372	1.84895450175892	-4.07718466544497	3.52261121111897
stan1318	-0.724577463763246	1.98697558447294	-4.93499341454649	2.94396126820641
sude1239	-0.114043111509113	1.94109963649735	-3.89927265311189	3.93424388284121
sumi1235	-0.301817516003142	2.22032913551716	-4.85752801941116	4.08954730563425
sunw1242	0.13026405685495	2.19541864245231	-4.25609059112315	4.63351319961323
supy1237	0.236423491056021	2.23746413120718	-4.16476078917037	4.80758295805807
surg1248	0.0196858464534399	2.18398679755393	-4.35268136143225	4.4122969661709
surs1246	1.64073848246154	2.00767541906	-1.94903472867313	6.06083116096962
swah1253	0.174494024554053	2.19510557509528	-4.1136127753633	4.8068223193265
swed1254	0.199075374085954	2.08778802618802	-3.92793265620437	4.46652588699392
taba1263	0.0108286843109515	2.20413744181819	-4.44387357181817	4.56326593994516
tabo1241	0.628470851749572	2.19777846653102	-3.57460967743362	5.21864974015164
taga1272	-1.25377353749488	2.01549923633108	-5.7580943881905	2.37638342780763
tagw1240	0.153374136669745	2.17623379385319	-4.13520972376276	4.73296176495669
taha1241	-0.640921030889019	1.96929457005442	-4.73875965416217	3.09275357311629
tahi1242	-0.778968050194685	1.91427173468503	-5.00824313880108	2.75175027644135
taia1239	1.63781736379494	2.13926536936755	-2.21354956187507	6.22043421754382
taji1246	-0.587309793447915	1.72108865221179	-4.09777407743376	2.82791634419182
taku1257	1.49238088604244	1.90054377590148	-1.85552868044818	5.55138517647923
tali1259	-1.53323653152358	1.6323564327631	-4.93742288262634	1.46202871615134
tama1365	-0.401537687060212	1.90298590768443	-4.42284883951096	3.2390032061209
tami1289	0.0491749042241507	2.21107131305444	-4.44627927434022	4.62496742348418
tane1237	1.9172486399309	2.06058710632961	-1.64539101886636	6.49072655672119
tang1336	-0.483436494661509	2.20633038015846	-5.25380206588578	3.84874439278854
tang1347	2.89502258273491	2.01621754014047	-0.406387558520264	7.38155391939347
tang1377	-0.0332249346303158	2.22259872481113	-4.4862663402847	4.48892050770447
tani1257	-0.384385128985187	1.88039991740801	-4.19961259895555	3.24013893416391
tari1256	-0.764280093037141	1.82083110567779	-4.63034537814518	2.68776803209755
tari1263	-0.239284887127612	1.90422353516109	-4.1797991683642	3.52555773647893
tata1255	0.0312563632610315	2.24843596306403	-4.36666867518594	4.71344188319128
tata1257	-2.17034025105335	1.95768985821699	-6.4688720814447	1.24248898229382
tata1258	-2.1775583963963	2.21714869446391	-7.07760488463922	1.57742225325631
taul1251	1.69105845840567	1.95999586377468	-1.75715094886975	6.06691578454984
taus1251	-0.937505465845548	2.07087375736947	-5.38335910755647	2.92190378635672
taus1253	-0.598956727062347	2.0562872178211	-4.90726747830434	3.24616534479702
tawa1286	-0.820450775076303	1.99256784521056	-5.03929488312631	2.88589922777105
taya1257	-0.573322853231368	2.01189124159027	-4.85987428373901	3.23235043439462
tbol1240	-1.2902635720944	1.9709792907419	-5.62013115232729	2.18543032711884
tean1237	1.91507631051459	2.04952250700907	-1.60131804539327	6.4316584278171
teda1241	0.059230289675901	2.2236529633017	-4.37819669996549	4.5323802164735
tedi1235	-0.610437689805411	2.22507779247226	-5.26270695450032	3.79049724105277
tehu1242	-1.03424771702838	2.1951296278996	-5.83160882395359	3.03922876837911
teke1275	0.126889429494878	2.19729401983726	-4.34418636787151	4.76466206334837
tekt1235	-1.59882904321886	2.084239761218	-6.04710535289799	2.13243006557114
telu1262	0.104051804662367	2.22422302073285	-4.31167747411619	4.61461565785316
temo1245	1.68076237502275	1.87758844858525	-1.81812062336412	5.62899463204741
tene1248	-0.151950836976005	2.10134480512911	-4.55057679796304	4.00478303517425
tenn1246	-0.72710777122797	1.99172453010959	-4.98407238141406	3.06681524599298
teop1238	1.57727059642864	1.95363976762846	-1.84069847271867	5.8410794613194
tera1251	0.926633880481555	1.93849903465795	-2.73008122051041	5.13345406729954
teri1250	0.348426455244687	2.14180952876263	-3.83146782499032	4.75719391263586
tern1247	-0.0326656982311508	2.16374797506054	-4.2773883335945	4.49726836241713
tete1251	0.0500103632829278	1.62348273711462	-3.22309967508888	3.25846988077027
thad1238	-0.720299521652488	2.18042125412681	-5.39446480283438	3.46265568388051
thak1245	0.16543357774962	2.2515674899465	-4.23353758949947	4.87826940801777
than1259	0.0830517595184996	2.20370445140832	-4.33684918644471	4.56247577324844
thao1240	-1.32743437725957	1.8331528295147	-5.23816108041864	2.00085942007385
thul1246	0.0844860464517127	2.16910835770547	-4.28267359107759	4.40761179320979
tibe1272	-0.00604800643300042	2.22501911822701	-4.37319963011429	4.59385005012171
tibe1274	0.486671931490608	2.08605007698375	-3.56738440059805	4.78708330074563
ticu1245	0.124728047648839	2.09034636203313	-4.02802028843473	4.3809551682568
tief1242	0.380906026904717	2.15824080816657	-3.74608431887189	4.86419948141999
tief1244	0.372668611123179	2.1769237181508	-3.81191124599654	4.82644187474522
tien1242	0.0934138241148931	2.19588916197367	-4.26395802093614	4.66357639763549
tiga1245	1.13122419075153	1.81480890628897	-2.15247031385733	4.97132579788135
tigo1236	0.68333579344864	2.06716684932428	-3.28190585554542	5.02884895237455
tika1246	0.535779634300814	2.09998504912789	-3.54275066480664	4.95465949863984
tiko1237	2.14675230238936	2.02784872830627	-1.31822884060352	6.66734193875226
timn1235	0.195659265164702	2.16936335776005	-3.9882689927508	4.65501787527413
timu1262	-2.25950565385031	1.98362816294723	-6.6946703590627	1.04282227869975
tiri1258	-1.82039392038442	1.67287382489556	-5.33225196497806	1.27397643624241
toab1237	-0.173773135758686	1.70808578198264	-3.50888962510057	3.29561322447974
toar1246	0.866834878638072	1.94950115160986	-2.73409898808257	4.96480583767482
toba1268	-0.985738847733407	2.18438351559853	-5.7570193502508	3.14256478284994
tobe1252	0.0951859123949359	2.21320840509321	-4.32860123278161	4.65857650900814
toho1245	-0.945157186013119	1.94224968094758	-5.25077415059575	2.62601617298562
tojo1241	-1.2247377795245	2.11474501578873	-5.81131823093503	2.71675654479111
toke1240	-0.89819723864919	1.950443747837	-5.10404295833609	2.62679364897161
toll1241	0.585252496306606	2.14611814610322	-3.55599131607518	5.09432715261585
tond1249	-0.0492973317106712	2.19080140359082	-4.6449166145226	4.22911847121659
tong1308	0.843706735640254	2.08310925102133	-2.99887369955764	5.37880452345338
tong1318	0.0972725098518432	2.21979119594178	-4.39499587521194	4.54403302400533
tong1325	-1.00089742112738	1.91595835923419	-5.17141386726187	2.5442009753587
toor1238	0.126830319917451	2.16969185224001	-4.11600095804988	4.5801100977393
tosk1239	-2.15239328925493	2.15117906532506	-6.76403950085111	1.56866544164881
tote1238	-0.223943358859467	2.13120055276268	-4.61740852126973	4.12031497603295
toto1302	0.0177064602917806	2.21252153997642	-4.4448155429883	4.39365612779014
trio1238	0.586806182923705	2.07770927436746	-3.42556890348383	4.91414134545364
trum1247	0.851311327632025	2.04074916557791	-2.91518500861991	5.21349868994444
tsam1247	1.7819359562206	2.13639378405999	-2.08397310327196	6.39743332634852
tsat1238	0.515387017386678	2.1183215257471	-3.54471117781886	5.08215230585675
tsha1245	-0.116545530819192	2.27345653499794	-4.70996809792436	4.45775538818444
tsis1238	0.263698001676426	2.1741691696914	-3.97487038743605	4.81381837791452
tsix1234	0.826566184153097	2.08056627754457	-3.02118216595534	5.24102310454853
tsog1243	0.107255795371774	2.20313394179412	-4.15368206614809	4.63419058840771
tson1249	0.0743620393371178	2.22022469965481	-4.29129960176764	4.85186185996043
tswa1253	0.264759432061035	2.2238720371375	-4.22123374606586	4.82821259637017
tswa1255	0.0988527407035104	2.21764881120437	-4.25436338363045	4.87238490718308
tuca1252	0.535487059548281	1.6991982049561	-2.77060835015416	3.97599474396306
tuge1241	-1.55486542630901	2.04794260638091	-5.94071100917715	2.16066791827903
tugu1245	1.29719342246249	2.07321506642925	-2.47419518968668	5.82095964448168
tuka1248	-1.28576927288675	1.99945908971322	-5.60190269759105	2.24179830689193
tuki1240	0.349049512728388	2.15810793236056	-3.90567414403471	4.96052712509499
tula1252	0.767218944142128	2.02834472301447	-2.99491764038848	5.12606572465892
tulu1258	0.0302435363944199	2.22168777451612	-4.52341336191296	4.50089197342053
tune1261	0.180923200975911	2.09031086843274	-3.94755170747691	4.39560610994604
tung1290	1.07031090024258	1.99703045424428	-2.6391640715905	5.34224886893479
tunn1238	0.320304426586073	2.04248151235073	-3.54016661836432	4.61949354009549
turk1303	-0.0555518179376748	2.25239174645679	-4.57623919150143	4.59581027896567
turk1304	0.0290713561320629	2.20040401537248	-4.35491957649082	4.52326211653764
tusc1257	1.60601237261241	2.02812941328959	-1.94592861772232	6.05854137870507
tutu1241	3.17821353079159	2.0162858720987	-0.123862388399701	7.61506920508185
tuva1244	-0.85094802246856	1.93705411592587	-5.05629945569195	2.6481665704768
tuwa1243	-1.379704053521	1.76704831993203	-5.07012399472535	1.79130433229925
tuwu1238	0.194962814096077	2.21955482211006	-4.14032445338081	4.78658231615278
udih1248	-0.00672379071395303	2.19953281397777	-4.37364881338186	4.44485585405972
udii1243	-0.307066831782665	2.07901077891129	-4.51631720915918	3.78802046901979
ughe1237	-3.40752213955505	2.06454409778752	-7.89519405786407	0.0727946616838345
ukra1253	0.138747598657552	2.19977032444426	-4.16479170281132	4.69894539292858
ulch1241	0.105492847730052	2.20192039917734	-4.22754589396459	4.70127160433631
ulit1238	0.304380586878206	2.0872944844542	-3.72208325142388	4.81740083380764
ulwa1239	0.536297663958412	2.1359765024999	-3.5559697840442	4.99522969604288
umaa1242	-1.04714028991677	1.87069408096229	-5.07306147334094	2.35203655326632
umbu1257	0.151212584958538	2.11638193356839	-4.06346941031202	4.4868000532293
umbu1258	1.16762686258813	2.21211089527056	-2.84117756121815	5.92249847715217
umes1235	0.0375993506251788	2.21034945956328	-4.38701118913327	4.52074802546369
unua1237	3.49684421750022	1.9997347195489	0.00611769906685597	7.75188290015091
uppe1275	0.931096781538094	1.75668828139865	-2.41013240033178	4.60268248579646
uppe1427	-1.96115753224296	1.96325431128011	-6.25798108588101	1.35652089071466
urak1238	0.94382852227403	2.08578547942897	-2.91672815375156	5.50228741149648
urar1246	0.296678654895075	2.08538837796119	-3.81902410868101	4.62356242987544
urav1235	1.74222915745878	1.87792154550558	-1.5315553296843	5.88700477326069
urim1252	1.1995644733595	2.1291001673881	-2.7534735641128	5.78063906395564
urip1239	3.37365766192367	2.00233194047159	-0.0279973948354717	7.70886655916249
utes1238	0.406354655910063	2.05889745204212	-3.45859304018455	4.6928983434153
uuuu1243	0.43351946867366	2.02346929468072	-3.47710034420444	4.59350713911329
vano1237	1.90318956533378	2.04097658992571	-1.61512252495128	6.43970667826742
veps1250	0.0130656715683993	2.22070731962727	-4.42663017312715	4.69105352799015
vera1241	2.20939568345398	2.04966048876626	-1.34285178916701	6.70122793252553
viem1243	0.254351654466165	2.17752210596241	-4.04526391908469	4.77767248985968
viet1252	0.48584192102192	2.09271344798713	-3.55755234004218	4.92896829549167
vinm1237	3.40640637739922	2.00521102838901	-0.00509238564461101	7.82800598044834
voti1245	0.00590535937565395	2.24669076126971	-4.52784679554808	4.67403120338183
vunj1238	0.149748622624652	2.20944995670958	-4.22996411287612	4.61731440224463
vure1239	2.21657957628696	2.04871146927859	-1.34112699547391	6.75555985312961
vwan1235	0.183899780884155	2.15510475042237	-4.10392879562553	4.60727286351197
waga1260	-2.46800233891672	2.11032363066808	-7.14168410358493	1.09469882937028
wage1238	-0.334839501598383	2.16268075040753	-4.85860335648696	3.93867301345597
waig1244	0.780167384268973	2.04814481492209	-3.09371317243432	5.09320803311919
waim1251	1.1750925842256	1.94569945208063	-2.30318469330669	5.33830348289032
waja1257	0.596123685065564	1.95930412560336	-3.26021415740169	4.82358473603538
waja1259	0.629896727111617	1.95185322918485	-3.02761966458231	4.79573443716731
waka1274	0.413798034475634	2.08682888407669	-3.65145839663043	4.79301240332878
wala1266	-0.117525494575961	1.62118040153213	-3.26273500740378	3.11081318518705
wall1257	-0.7684789748998	1.90436736235725	-4.69673131783749	2.71417649429166
wamb1257	0.119378143498867	2.16973954660018	-4.18608877672956	4.5402868791702
wand1267	1.20340259261044	2.08972195175741	-2.50831502279209	5.82356516186382
wand1278	-0.0923922140508713	1.80682167131092	-3.7839873566757	3.50730636013754
wara1294	0.374848140941163	2.23408090959562	-3.94751985826684	4.88586545591285
wara1303	0.610488098071687	2.15735858875671	-3.64420420937432	5.13321832023648
ware1253	1.2409381119867	2.0797302073489	-2.61497962678162	5.73270320417347
wari1268	-0.989608756755887	2.10163827678941	-5.52433850958549	2.93077180841922
warj1242	-0.759483612403126	1.77894492898489	-4.37536961376278	2.60604409394423
waro1242	1.42839696224959	2.0690273276447	-2.2784010501287	5.93931671265639
waru1265	0.311770491912486	1.91600169088384	-3.4902836255966	4.24843128632298
wawa1246	0.518766535940479	2.14986345375298	-3.615882303383	4.88784811435008
waya1269	0.62433685472313	2.06041568529805	-3.3035893877145	4.98664013995926
wayu1241	0.141912031047775	2.17595944083226	-4.12104944272791	4.55698206456409
wayu1243	-0.845975659293026	2.00178007067464	-5.13431171368323	2.83381256523613
wels1247	-1.89341658975927	2.11164675006055	-6.4963434252307	1.80975549907006
west2354	0.271883801000061	2.08659789692299	-3.81060793741728	4.67661558843376
west2369	0.130105486097375	2.13724738477961	-4.02204066919269	4.51256096482952
west2392	0.0371884210868064	2.24005385779149	-4.36697474234303	4.60368004991495
west2396	0.61536222948071	2.04319318511298	-3.1970920139988	5.05034963466771
west2397	0.739082291087668	2.09510387311835	-3.11201039261294	5.32941445973229
west2415	0.165465886589745	2.18509381735603	-4.17180846363686	4.7789197590723
west2418	0.221307159767714	2.23062110146892	-4.22989201246442	4.76610821849809
west2430	0.0372386590522367	2.29287200948987	-4.52329474679761	4.86049360204367
west2441	0.905400456569245	2.03149833295508	-3.09725108702691	5.10190022496483
west2466	0.402710140345711	2.14964316168375	-3.67897970584343	4.83590743115093
west2516	-2.38805558443361	1.85900673696784	-6.46968106673811	0.701181566311316
west2519	-0.527924201680958	1.70015962211059	-4.09139057346283	2.73648094083303
west2548	1.03720533406166	2.06146888544417	-2.70881272902329	5.45589108302431
west2557	-1.37735678673734	2.07481157029706	-5.86318703833046	2.34396174611095
west2560	-1.93559451542111	1.99226276250459	-6.3722387975444	1.47420211026682
west2594	0.670542691020599	2.19885574598843	-3.55843365143697	5.33562885082502
west2600	0.0555458293042402	2.18236492154817	-4.22754124469541	4.56458315850661
west2618	0.330970852080356	2.1114680348136	-3.81256182728061	4.72795732373459
west2632	-0.795047686789859	2.06117879496177	-5.27109902752815	3.00675488932315
west2635	-1.54666483241521	2.08245491175968	-5.97527059364585	2.20901733926357
west2644	-2.23215752775102	2.22061590871022	-7.10618876485102	1.55626367390789
west2650	0.932515974019514	2.07467415044511	-2.92970680210964	5.4459216991267
west2763	-1.56699804844258	1.94719637471298	-5.7829080493532	1.78499503400218
whit1269	0.705165033569411	1.64375380496014	-2.40402740848877	4.07797231803371
wiru1244	1.14803909564036	2.18703031586053	-2.94270312237681	5.85788530172725
woii1237	1.25123666702483	2.10754992553777	-2.603284705287	5.94369289623231
wola1242	1.08742285235157	2.19605162053576	-3.20154275977797	5.64643695196403
wola1253	0.980093538325158	2.09963774257253	-2.86791782869461	5.43503436113632
wole1240	0.292545561871445	2.08439825376852	-3.67949659279797	4.58932149021161
wotu1240	0.306249481327649	1.84201054676577	-3.29974220810877	4.13585474353727
wuch1236	0.00258567514761641	2.29845952672628	-4.57892085834957	4.59264893169257
wudi1238	0.0797185643405328	2.21043663388993	-4.43084371850838	4.48960317611807
wusa1235	0.0690469707273473	2.22646446570685	-4.4744889678907	4.60753426340346
wutu1241	0.0340828000025676	2.19736108594734	-4.44468864332523	4.50763648428505
wuvu1239	1.0755690980317	2.13902375145126	-2.76236492762468	5.82290227901474
xamt1239	0.522917979712906	2.15012294320056	-3.498735369345	5.03098144147432
xara1244	-1.70758617187784	1.63605768300378	-5.10269262347841	1.37023410851871
xhos1239	0.026062971914175	2.21408465548021	-4.36110777868424	4.56550510912782
xish1235	-0.257232999946205	2.19807045820924	-4.7433604164226	4.10641353727805
yaak1241	-0.263038995176538	2.05082225253966	-4.38618459556746	3.92984212473661
yaey1239	-0.258030260434337	2.23642368478152	-4.89703383581707	4.1870259368716
yagu1244	-1.26731333249001	2.1123784450648	-5.76574950524459	2.53742718966472
yaka1269	0.0837359083684893	2.2397737507116	-4.42725945816198	4.65993737655639
yaka1272	0.186790599276554	2.17961368384491	-4.02055533097917	4.7290486414844
yaka1277	-1.76225119935479	2.03239306626112	-6.39103486421368	1.81322204767282
yaki1237	-0.808848715618077	2.08508568306173	-5.28600588139953	3.08985199661016
yakk1236	0.0608539874574759	2.17966048736558	-4.33193137659526	4.39726386884136
yako1252	0.141448825937638	2.20025960408327	-4.28124733254216	4.56749017598209
yaku1245	0.00520279601404008	2.19221838167722	-4.49424675738463	4.48870380149984
yale1246	1.01092517994468	2.18492813609678	-3.07920402184933	5.70360735734765
yami1254	-1.38185168855111	2.02615221965956	-5.83443701432638	2.2488575872385
yami1256	0.791906356418091	2.04892421888136	-2.95986007329826	5.14910274495869
yamp1242	0.089346176976416	2.19432388608027	-4.44229352297194	4.44284523933939
yane1238	-1.45680417469154	1.9227168413891	-5.5459165225658	2.00631751438533
yank1247	0.665157425749099	2.08035163031478	-3.26376259653228	5.10418627339114
yano1261	-0.14543506101845	2.11020826223098	-4.43933512635352	4.1907203736078
yano1262	0.410039643506488	2.12997634184207	-3.72653042337397	4.76354938429202
yaoo1241	0.0746091231132686	2.25475878599564	-4.41243991492656	4.57262774088934
yapu1240	1.22349290632365	2.11617433977303	-2.69744474579034	5.66701275182086
yaqu1251	0.73393867340069	2.01842543073549	-3.09243744568479	5.0106782824738
yasa1242	-0.165756833245751	2.13021840607951	-4.5383644746967	4.10130602688248
yatz1235	-2.07233998517677	2.15171738005212	-6.80316848897823	1.63736575101986
yaum1237	1.14322462612696	1.81473079968691	-2.14821809112115	5.01439215751487
yawa1260	0.782052390868056	2.06147686319042	-3.18071648734592	5.19945423638139
yawu1244	0.518575537848556	2.07537985159296	-3.39962559109982	4.8578150060021
yele1255	-0.674701713382275	2.03227229994475	-4.84081197906111	3.15062093662304
yems1235	0.959547884019682	2.1100384450233	-2.95497444493653	5.46340814939535
yind1247	-1.53218402028076	1.93189305755973	-5.68313029128365	1.96873757976744
yoga1237	-1.57111879850981	1.93437774327304	-5.78790076597443	1.9402184272838
yona1241	-0.562938165201893	2.19995250683723	-5.14334423354051	3.80645696823278
yong1270	0.0339714001334964	2.20750223973662	-4.36177790041683	4.45479844728278
yong1280	0.430066064718071	2.1938038568323	-3.87149790633765	4.96487607237095
youl1235	0.345570732701349	2.01455980189111	-3.53664517877719	4.42172789645428
youn1235	0.102609817899718	2.15972280286252	-4.23618682110596	4.47001366335636
yuca1254	-0.609791136034255	2.08130775718746	-5.03106133372205	3.34635200975681
yuec1235	0.0610550992329014	2.23652685459897	-4.46092695680898	4.59066172478721
yuqu1240	-0.607529641493845	1.8749213449979	-4.4260654238794	3.16539826486891
yura1255	-0.751755120601993	1.89043112778191	-4.69137536354598	2.89466322682228
zaba1237	-3.3140449285442	2.04665868784391	-7.8266991615987	0.0596298534939601
zaca1241	1.03490638342585	1.75680524298832	-2.22025496454226	4.73063178816548
zaca1242	-2.11600719300936	2.20677703065199	-6.89016284011519	1.73308803112051
zagh1240	0.104844884187193	2.20152798717949	-4.33696927772799	4.55678910795637
zamb1245	0.245619335323681	2.20193626545727	-4.03542514621863	4.74906993024205
zani1235	-2.38520364722803	2.25833776145367	-7.37720818502438	1.45741756251487
zarm1239	-0.0543603624733451	2.18589363910033	-4.44564745587375	4.51266693252597
zaye1235	0.430989192847508	2.1372059677209	-3.6414753653419	4.88672254482997
zays1235	1.44739481538755	2.19988193970854	-2.59867982949722	6.13297306581728
zeme1240	-0.775088630134883	2.18679475391331	-5.4457955148146	3.46339602088067
zinz1238	0.0397085249659722	2.22926029571632	-4.36903573802041	4.5818567578133
zoog1238	-2.1155519660469	2.16197404432434	-6.82127202842672	1.59419841306879
