Estimate	Est.Error	Q2.5	Q97.5
abad1241	0.11959991180135	0.800716999810169	-1.47431263657962	1.67978037909117
abar1238	-0.660411600770107	0.755232275132071	-2.16232675742734	0.81098341546136
abau1245	0.185627139288215	0.794678908637111	-1.36814311509527	1.73556580031978
abee1242	-0.898389904202975	1.00389316932483	-3.00345890061267	0.926183823544306
aben1249	1.30304349315116	0.890244885927648	-0.270806130139946	3.2298905347676
abkh1244	0.130533052010253	1.02610102314669	-1.89590825763395	2.21100634809559
abua1245	-0.0322130019773895	0.820221408264644	-1.66104417317458	1.55655110379929
abui1241	-0.410491627506728	0.907121480727988	-2.25061053495616	1.32774820927151
abun1252	-0.0335465038393557	0.925995254370599	-1.85121270553759	1.81908863059007
acha1249	0.13053316248614	0.863005121706181	-1.58310971197829	1.86770913646193
acha1250	0.255997073669719	1.02101051801849	-1.65471620477681	2.44342849291664
ache1245	0.360017163037129	1.04241827983406	-1.58337693652268	2.56016468039741
ache1246	-0.347091049780931	0.95366513259511	-2.32673920833818	1.48223175308029
achi1256	-0.331718264345751	0.931288219775992	-2.24168994125352	1.44127110162
achi1257	-0.0177889992307366	0.93431304251576	-1.93857050423186	1.83516883527068
achu1247	-0.203911205008211	0.955380131595854	-2.13373465098549	1.68203155098536
achu1248	-0.486236736224758	0.978771863344326	-2.57486828486011	1.35458382889516
acol1236	-0.194266235849424	0.99223677716352	-2.23538929025262	1.77099658215711
adan1251	-0.348194111261588	0.900072617507653	-2.20512128983742	1.39215413514901
adny1235	0.197044873017276	0.9903902668416	-1.72650221450524	2.27844763526129
adon1237	-0.198432518302596	0.874573573073012	-1.96034888282286	1.48672053735451
adze1240	-0.441678418114711	0.744611794637557	-1.9882266778679	0.965469610167496
afar1241	0.0672945714283797	1.0202617201743	-1.94046530558175	2.13725395232674
aghe1239	-0.45101856975061	0.767460884231331	-1.97173162280173	1.0367485537793
aghu1255	-0.230277998995216	0.936099125921994	-2.14669308421954	1.54605967439276
agob1244	-0.345757796468171	0.887980073263907	-2.19637290811679	1.324449111833
agua1253	0.236664442524344	0.967226800663005	-1.65978475396879	2.18656945750465
agus1235	-0.214882842012048	0.921313910711946	-2.10319016977409	1.57820876162227
agut1237	0.707593781281827	0.851457467558015	-0.918765899628577	2.46395933344746
aheu1239	-0.447734570621806	1.01664235000915	-2.54287108302376	1.48336664716842
ahin1234	0.340772967224451	0.739251303879201	-1.14493968419322	1.80703146995585
aika1237	-0.771273898349531	0.927807147795661	-2.72324879882248	0.933050235760014
aime1238	-0.304455941066351	0.913517818203756	-2.16510975537941	1.41633213545972
ainu1240	-0.282336114338588	1.01145061564837	-2.33299418350884	1.65532676092948
aito1238	-0.229246624427313	0.891150106121015	-1.98377024744604	1.47150013041044
ajab1235	-0.644683174609764	0.913266469769576	-2.56685001603494	1.03539478035958
ajas1235	-0.390437661301511	1.04901966370935	-2.52932405332257	1.61955089191036
ajie1238	0.0370710143875895	0.863605483548004	-1.71234219824033	1.76718875739315
akei1237	0.0258042511266198	0.779784408749639	-1.53408200377414	1.58428256704633
akha1245	-0.635956413555997	0.916467162737807	-2.59664141204981	1.02631204234591
akoo1248	0.389853928471529	0.916552126367601	-1.33172943410897	2.29267610446325
akun1241	-0.654146311837992	0.910247567977931	-2.52983711838804	1.05349867606671
alab1237	-0.25384133518038	0.988924184748405	-2.31181818107395	1.63228266447933
alab1254	-0.0715716987725084	0.954926161348202	-1.99446767695734	1.79132547844055
alac1244	0.484643551939451	0.92689240575259	-1.31710331844622	2.39577105863508
alag1248	0.103533333383422	0.982264308314939	-1.81713591914531	2.13723308389567
alam1246	0.40244955357324	0.837409980444498	-1.18741172069006	2.15470739564492
alba1269	0.63574429043571	0.894614632889632	-1.01916432101572	2.4864102498586
aleu1260	0.205744353999469	0.987604546917564	-1.70471187808149	2.24984976016522
alor1247	-0.278891794979175	0.880934429973401	-2.10219479842297	1.41530623978485
aluk1238	0.12970993544468	1.03043455349334	-1.93184192589464	2.22530283062749
amah1246	0.322311428016547	0.986160734939901	-1.5411221047957	2.33111352905981
amam1246	0.347114759310309	0.795974963688393	-1.16247161488405	1.96276141521366
amap1240	0.494259784241734	0.814148052961676	-1.02110652368628	2.16661952228063
amar1272	-0.129293589939646	0.770683863705287	-1.67245973838178	1.36659420490296
amar1274	-0.463320912936149	0.989916344883724	-2.55524328343363	1.42631980008033
amas1236	0.222260399211651	1.01413759408346	-1.76575748861624	2.23688124086447
ambu1247	-0.0359704649237515	0.815826525623017	-1.66469583672214	1.60170168432996
amdo1237	-0.434517402495296	0.939287227982434	-2.40184671591092	1.34519243991857
amha1245	0.0713708873087876	1.01260324538589	-1.93484859370873	2.13457129214618
amii1238	-1.10690373207771	1.00991835290668	-3.25747228211476	0.697795696593761
amis1246	0.0392459996674297	0.830934430036548	-1.64276204896252	1.67900054031098
anei1239	0.360871319819933	0.874335053017059	-1.38332183516134	2.06709366225282
anem1249	0.0359179348020192	0.761727570562011	-1.49999289904732	1.5428931986378
anfi1235	-0.501579957859365	0.980718456889672	-2.5724318069359	1.33843029736941
anga1288	0.66889346699382	0.784018245462239	-0.819412610713559	2.28678104040731
anga1290	0.173571071169698	0.747316647979555	-1.29771587817916	1.69385122407568
ango1257	0.551302937850585	0.937486356190379	-1.19585642086213	2.53777094408469
anin1240	0.403225877031688	0.952073153249402	-1.43305172888206	2.4369911997819
anuf1239	-0.479794656197652	0.960317843940567	-2.48396480593139	1.31047062410183
anut1237	-0.195910991157568	0.991774377760484	-2.22796206845969	1.70683988256156
anuu1241	-0.636375600002697	0.851106781193277	-2.41153498077485	1.0090616411355
aona1235	-0.174981328394642	0.790943812780523	-1.79765455827072	1.3769031557152
aoua1234	-0.306784948692995	0.949990149828846	-2.25395040440709	1.50630130398748
apat1240	-0.621983599627747	0.903186653941666	-2.54723759489004	1.00137435313445
apin1244	-0.569875327177454	0.957171686679121	-2.57406699089222	1.2363438738696
apma1240	0.499040342851922	0.741771203860387	-0.937186923202903	1.9502628239613
apma1241	0.364973252085655	0.807306153639831	-1.18347653944159	2.0088052210297
apur1254	-0.162355820542933	0.95840425296364	-2.07067794180789	1.76147213723597
arak1252	0.0215065297171257	0.740293087141631	-1.44922767304481	1.48709696868784
aram1253	0.0215622113240956	0.92599130493991	-1.86109073062383	1.90577003767053
arao1248	0.0827563830724443	0.942896790362203	-1.76269411603784	2.03692492172633
arap1274	0.189388927587487	0.996391073663748	-1.73485153540139	2.23195967364669
araw1273	-0.505197271597096	0.968325284093168	-2.54910260644494	1.31943695571376
araw1276	0.535878442062494	0.941781731711313	-1.18166092431428	2.56251709577204
arch1244	0.267011365452856	1.01865404579747	-1.68096565411131	2.35170144959441
area1240	-0.441332799916282	0.888641516870961	-2.29450893143046	1.25547984426127
aree1239	0.549679424377555	0.764004682408528	-0.919671916955427	2.13354022695096
argo1244	0.0514453099194059	0.99857658246471	-1.98614738902801	2.04741301900662
arhu1242	0.159297429884597	0.883485331722307	-1.51861477574221	1.97621351352776
arig1246	-0.373718706280709	0.87510832385618	-2.19380404149179	1.26714982573023
arik1265	0.293210110028795	0.923943652821939	-1.48382020209747	2.23574544952601
arom1237	0.0570178729139638	1.03196663731274	-2.00138363937293	2.10912912674333
arop1242	-0.215876394879994	0.795453215805193	-1.83491310282146	1.30303981025199
arop1243	-0.635643106252514	0.861799934845106	-2.44071477523767	0.964258260497499
aros1241	-0.227057742030389	0.947460586744642	-2.20784697067703	1.56957151605512
arta1239	-0.294554544579434	0.791358021913599	-1.93233264781422	1.20255123883521
asha1243	0.352446082213815	0.97280021283049	-1.53209486964518	2.47516190871941
ashe1272	0.595028188733104	0.983280954090436	-1.25291949963082	2.68736248821656
asoa1238	-0.257087145970864	0.907797979532571	-2.08932788914763	1.49222293624968
assi1247	-0.462737023379727	0.974666795453593	-2.52714938236831	1.32283979108029
asur1254	0.810915029557114	1.01711854705193	-1.04883027378391	3.00492915380136
asut1235	-0.506586733780756	0.951864137262373	-2.46513250741669	1.29857848519088
atam1240	-0.211796929107368	0.866768265165682	-1.97354004255899	1.54422270794222
atay1247	0.182872995514689	0.83339837542037	-1.47059278858282	1.82828038733785
athp1241	-0.0873496072757001	0.802172592340918	-1.67054878495869	1.50734334696564
atii1237	-0.259740242525742	0.919084347530219	-2.14016658490048	1.56075515986984
aton1241	-0.129634560758729	0.867024445933614	-1.85687910921858	1.57526150304422
aulu1238	-0.169692037825259	0.679310988018056	-1.57165398116386	1.13147523305012
auuu1241	-0.0478702919746164	0.776766807922806	-1.61471777912945	1.461493001467
auye1238	0.849739005374433	0.904718797855468	-0.784230562221964	2.78826082706677
avac1239	-0.518175487590403	0.967959385929672	-2.53000454985909	1.32471416741969
avat1244	0.439945704708035	0.914894489254172	-1.30593004958893	2.37784166154585
awac1239	-0.257379209526843	0.964325912191121	-2.20952307756951	1.60554075116087
awad1243	0.278584535148832	0.965959721418424	-1.6109236827241	2.24509289929877
awad1244	-0.86980149456519	0.826359402738441	-2.60654165625423	0.641085809975357
awap1236	-0.0607064887325983	0.761378758894428	-1.55488343027798	1.47805520278708
awar1248	-0.625275148451437	0.749207634358166	-2.19353091675044	0.805057339281394
awar1249	0.35764868369129	0.801716179554069	-1.18379057299451	2.03693943324831
awet1244	0.354668302471564	0.894273515363491	-1.31493562221676	2.21396961055264
awji1241	0.0960484427710875	1.00223564982485	-1.82749419877562	2.14656447279739
awtu1239	-0.0385168325646251	0.773431557851774	-1.61745457483557	1.46332073093534
axam1237	-0.153770738461015	0.696922610352477	-1.57891885176351	1.17932934115299
axiy1235	-0.772648795852757	0.969233964595976	-2.79274264574049	1.01475058657837
ayac1239	0.198895503906593	0.999822961672299	-1.76754635146103	2.25249852214303
ayiw1239	0.0475633094906275	0.88802983734816	-1.75978834244045	1.82294889803143
azha1235	-0.728364604840775	0.962341625136003	-2.75785407652937	0.992441879808406
baba1264	-0.344048462535352	0.782906529257453	-1.93513717286254	1.15666223023249
baba1266	-0.179538559990858	0.787767793874679	-1.7383746515061	1.37828224842015
baba1268	-0.501455166715201	0.950676445034536	-2.47794818617529	1.27014000998801
babi1235	0.328447219136173	0.952138166235222	-1.47372235280481	2.27936549933036
bada1257	0.134959928296418	1.03898545733113	-1.93019828159815	2.29779343703278
bafa1247	0.399320349604434	0.924257434594366	-1.35813617785664	2.33208351577842
bafi1243	0.537828554920476	0.960481435723053	-1.27826967087687	2.57700197653848
bafu1246	-0.252561010047177	0.778283245640347	-1.80983851881319	1.28783116240303
baga1272	-0.449504766017277	0.948975416231759	-2.48567627337814	1.30713783270111
baga1273	-0.269741203199241	0.923348913844832	-2.1531764357898	1.55671081105385
bagi1246	0.0878129818297921	0.881694315356122	-1.63446163035495	1.88547060522873
bagv1239	0.289877468455229	1.01979874788762	-1.69759863584008	2.34111805664134
baha1259	0.0770077444462499	1.03141365055714	-1.97133760408582	2.17115162380017
bahi1252	0.137435572070288	0.780915869785401	-1.43968731606614	1.67248213001033
bahn1262	-0.605239231017217	0.94926868410839	-2.60894531061066	1.13189897630004
baik1238	-0.341869583681578	0.928066068184143	-2.31344233237182	1.39685033354298
baim1244	-0.0703081263413235	0.920287385106199	-1.95083959878377	1.71780703611247
baka1272	0.355113985022131	0.961111068158897	-1.48663154661085	2.31663564668952
baka1274	0.0418925713268904	0.930930392995291	-1.77700689316511	1.91667700426301
baki1244	0.204081815385008	0.723897017338113	-1.24328402949468	1.61520394782762
bala1311	0.617195203782899	0.954062617668999	-1.18606987647433	2.55962614252216
bala1315	-0.285236091457358	0.990886685610289	-2.32342321925301	1.60908930301916
bala1316	-0.386083493913928	0.917072277274316	-2.3188962508421	1.34639789452618
balo1261	0.51700981348592	0.991907925584187	-1.30790554998218	2.61601623607724
balu1257	-0.591449504890343	0.936580716878964	-2.59869840981942	1.14434864323477
bamb1262	-0.191715016149331	0.971870520399418	-2.19929128977115	1.6713137963533
bamb1269	0.144021093353146	1.01585924846924	-1.82027812039599	2.26213879056558
bamb1270	-0.320650322871141	0.979910934094651	-2.32553981304236	1.52669054600742
bamu1253	0.232509180834338	0.887355547048729	-1.42665748361231	2.06748141321848
bamw1238	0.673090298082738	0.979607524505274	-1.13668692032721	2.74170500256643
band1340	0.454638440631171	0.954710357107804	-1.29497832814008	2.51519720221298
bang1354	0.279010058997867	1.03000381215692	-1.71011353585324	2.45712841284017
bang1363	0.277869600375704	1.02940386019131	-1.67797387509966	2.4145709722894
bang1369	-0.363872256497341	0.883969452154204	-2.17676191936368	1.31427434625677
bani1255	-0.106747024328157	0.95086210147431	-2.01565449926182	1.81829905570488
bank1256	0.433818606541666	0.92697884138413	-1.32110873220715	2.33939506629066
bann1247	-0.0250437487325521	0.821101051040453	-1.66355956633365	1.59516828839801
bant1281	-0.01461503033722	0.784632904922528	-1.54666433120411	1.54484164297974
bant1288	-0.127119145769891	0.899608246886954	-1.97485421947077	1.53901714520227
bara1357	1.11268383127512	0.902204054665454	-0.49263965046271	3.02649550189108
bara1361	0.0420923809482019	0.968382514499929	-1.89569421467129	2.04760888245921
bara1369	-0.166261823933375	1.0020555804137	-2.20266537566166	1.76269482534416
bara1370	-0.495655524012289	0.961593702140133	-2.4919671515351	1.36079679639367
bard1255	-0.307240639160169	0.997200271260353	-2.3954554466383	1.54523319836985
bare1276	-0.264040636719298	0.912696933050687	-2.10610426488995	1.56076715907257
bare1279	-0.109229324166324	0.943335574854279	-2.00059765698424	1.75313465502968
barg1252	-0.580498787566256	0.778114302385932	-2.13948221088598	0.869636878139305
bari1286	-0.141308450167719	0.7728041827279	-1.70289977770049	1.35153089287157
baro1253	0.0715134008849833	0.805560254915306	-1.52516894256785	1.65148350182996
basa1282	-0.140249170391293	0.935460683658393	-2.04355865180754	1.75037056432355
bash1264	0.0363562698921689	1.03454238356593	-2.03148097730123	2.1513069262861
basq1248	-0.598198883394296	1.02281541178528	-2.75989344320071	1.30727530839709
bata1289	-0.267902388657046	0.983492577997481	-2.33187535383068	1.57183660993863
bata1293	-0.250978806928256	0.955917877662562	-2.24550017322304	1.62053113674545
bats1242	0.295460425284415	1.0291453243542	-1.68756918112135	2.40620448748065
baur1253	0.13110079612161	0.9277323458439	-1.68735426094172	2.04204415039707
bauz1241	0.163089104465146	0.895039417711268	-1.6476948647331	1.93426819996909
bawm1236	-0.929762527231305	0.880730346059694	-2.82349893707521	0.664353453608539
bayb1234	0.820916707154679	0.945107143048779	-0.87629655513959	2.83103832922476
bebe1248	0.28409066090417	0.990710580951163	-1.61079632705303	2.37448569596481
beem1239	0.191172909593673	0.991265909201864	-1.72211800946186	2.27201604762208
beja1238	0.0779598440369828	1.02910396820355	-1.9537618950735	2.17457340446114
beka1241	0.0401411367370668	0.941170001193445	-1.88821808610104	1.83763194274447
bekw1241	-0.123598217632153	0.891057791106751	-1.9190277890789	1.69082178070144
bekw1242	0.293382367074564	0.99016798568161	-1.58393593848961	2.35352733887818
bela1254	-0.00406983567748462	1.02624590445637	-2.05752546450806	2.00883301023261
bela1260	-0.298075130144571	0.911160900982202	-2.16440709429282	1.47376496223788
belh1239	-0.0313244989436811	0.789530221366311	-1.54178820029473	1.53553269161692
beli1257	-0.7271389573571	0.944719501299735	-2.64263185818757	1.01695316243038
bell1243	0.125676470387788	0.941093014249443	-1.75411767770296	1.9894968359229
belu1239	0.623434656823133	0.938250299557735	-1.11261581997475	2.59915712997947
bemb1257	0.0634483316379582	1.01319513164127	-1.94526804515819	2.11917035695158
benc1235	-0.160443143387362	0.961354442632834	-2.11035022560621	1.76476545153983
beng1282	0.191404348945238	1.01637670829865	-1.78690365790026	2.28980262001223
bent1238	0.339888572297555	1.02834688235487	-1.62523807286184	2.53114350656142
bert1248	0.0716622347739588	0.992319894760318	-1.84251440948511	2.09063918846117
bezh1248	0.297556924578945	1.02204355348885	-1.64464336648351	2.42040619147358
bhoj1244	0.0490312242384887	0.987601794772927	-1.89894303383338	2.01526763289645
biaf1240	0.110594619170042	0.941922796235605	-1.75975327252318	1.9517082905123
biak1248	0.256490570609806	0.900278298719139	-1.52840947274524	2.06830476367695
bian1252	0.215424300183549	0.752463209918763	-1.29128902830617	1.68999990926063
biao1253	-0.341139688739475	0.960856235555107	-2.37930395296077	1.43484107484649
biao1254	-0.059460410851889	0.994618401117252	-2.07658715416992	1.8761660278405
biao1256	-0.271871372197445	1.00986576410602	-2.37943433886864	1.65726329427397
biat1246	0.335889575673984	0.87484264082838	-1.37697130866917	2.09403340001914
bidy1244	0.215799753376352	0.97125162998391	-1.68331798452854	2.2184351472111
bign1238	-0.363519429013983	0.709034706098614	-1.82941917506758	1.00096358243898
biha1246	-0.70621212997734	0.945165167016572	-2.77800636899491	1.00435901144161
bila1255	0.541058087181646	0.940152409515314	-1.18570489203362	2.50152448114543
bilb1241	-0.863294418375872	0.807474968717525	-2.54326995700719	0.62463756445704
bili1260	0.145304775829447	1.03526438152937	-1.83452155653873	2.24769075600271
bilu1245	-0.485905260509105	0.923130065143475	-2.47490007200129	1.27880321019164
bimi1240	-0.0729812610497141	0.839809346588175	-1.77541799273175	1.56239415215676
bina1277	-0.442829371982651	0.865956053372264	-2.22630013814133	1.20342198982783
bine1240	-0.35034563972153	0.901519318035033	-2.20696310866515	1.38587932440731
bini1246	-0.590451710450028	0.933698024248603	-2.60057751352116	1.13418412517094
binu1244	-0.35102252079085	0.858491518330852	-2.11125209051581	1.2820844572295
bira1253	-0.470801643314455	0.949212086355884	-2.41614557476328	1.35964680443579
birr1240	-0.593254219863776	0.99527237207915	-2.6463772157629	1.23962619639686
bisu1244	-0.441090473482582	0.907664265133961	-2.33720400538557	1.27780659812946
bitt1240	-0.779387331488859	0.977964312965446	-2.87188729819644	0.988091887202683
biwa1243	0.421902323298666	0.804203326730846	-1.08616077758556	2.05051428023346
blab1237	-0.400778387124075	0.870135136110543	-2.25145123986076	1.19615381401196
blan1242	-0.246465785533378	0.90621586550651	-2.11418604961094	1.51226336286426
bodo1267	0.629911385621448	0.950271608537863	-1.10631234581879	2.66794119519978
bodo1269	0.0655676843844405	0.877045959794414	-1.61240676612359	1.90409368076673
boht1238	0.293269876813483	0.998670964051737	-1.60930367214874	2.37132085482405
boka1249	-0.825924965415562	0.927052460572507	-2.78241791402065	0.862274940479399
bola1250	0.409150178310768	0.813819996749574	-1.12670321636132	2.07837259077424
bolg1251	-0.54529775085408	0.958941656018079	-2.52641183311757	1.24792172607158
bolo1262	0.500386445382379	0.996655387970984	-1.31117744603623	2.61546407664365
boly1239	-0.294557846107508	0.96265900630927	-2.24777321095236	1.53944679281984
bomb1262	0.696312880135154	0.968839841271269	-1.05393587366294	2.75228025570643
bomk1234	0.146626645954216	0.935699025735488	-1.66441526475345	2.02378569228053
bona1250	0.333602399046059	0.963927251319634	-1.51720838433223	2.33205206882238
bond1247	-0.198069456200011	0.948980791033061	-2.10962800507991	1.75226021992629
bong1284	0.353726667427846	1.00594214727514	-1.54537063751194	2.47921400651567
bong1285	-0.287932542436691	0.915758011920602	-2.15810600252732	1.52816098630351
bong1289	-0.350558427852175	0.936065487888456	-2.28693752000717	1.40622443125656
bora1263	0.216223816261909	0.969171804614316	-1.69453237594708	2.20214484995784
bord1248	-0.786156262780092	0.952958500125903	-2.76410568569188	0.949157096894532
boro1277	0.138012046432297	0.97056096333294	-1.7780301033743	2.11227304374193
boro1282	0.243024493958694	0.993410629004678	-1.67675867339822	2.33297688163677
boto1242	1.3159628005465	0.901026072071786	-0.300131353417931	3.22022635591073
boun1243	0.138463679355949	0.954977006952522	-1.73587907194326	2.14950027354671
boun1245	0.207468624707086	0.779714168262131	-1.2671953060268	1.81803265426268
bouy1240	0.357220360185447	0.936447674659039	-1.42133295430449	2.23981691913587
brah1256	0.0104984752391352	1.02435715360526	-2.02143755227562	2.03670159841982
bret1244	0.0858723172562673	1.00663978331446	-1.86724598058153	2.16873001941947
brib1243	0.0171715527829469	0.914505798256875	-1.81312620029556	1.83639638390148
bube1242	0.103321533960818	0.956201943026707	-1.81773190343326	2.04430897765526
bubi1250	0.161327117437061	1.00986596582804	-1.79704660101395	2.19723206078523
budu1248	0.180798943235299	1.01593839521007	-1.78523883569109	2.31861031584023
budu1265	0.300749247706399	0.953752496760501	-1.54718589795663	2.30815292656872
budz1238	0.315073651974401	1.02242703520514	-1.64522484809588	2.42195571216416
buga1247	-0.504640059849157	0.973036969008722	-2.54855187116689	1.32290583785471
buga1250	0.235417425894467	0.749534204625886	-1.22329451093459	1.78497084800419
bugh1239	-0.339766832859334	0.836092864783667	-2.09386181524469	1.24347251467532
bugi1244	0.157614619971199	0.950299903957195	-1.76720693301047	2.0846087237913
bugl1243	0.296586009578569	0.950718870735213	-1.54736021832484	2.23556660722695
buhu1237	0.581052789650519	0.856157324698958	-1.06442404980974	2.35006390536607
bujh1238	1.01796342757599	0.919855868816974	-0.639205774591358	2.96711199552744
buka1257	0.651584905202969	0.874548011022169	-0.996933144388537	2.47033986889907
buki1249	0.0140722661736068	0.832392138739923	-1.63837333978178	1.66425748445595
bull1247	-0.485088035808342	0.958485140982392	-2.48260871157757	1.34932117702972
bulo1242	-0.567292316624736	0.979500589036526	-2.63532087721427	1.27143929947699
bulu1251	0.436440508663409	1.01189770207701	-1.41838726135997	2.58931198849861
bumt1240	-0.611132110975249	0.864304932065834	-2.39481985464874	0.994973194508633
buna1276	0.966801371862927	0.876339380787062	-0.676848554229941	2.77899859298183
buna1278	-0.562446387427776	0.926185071025878	-2.55123960497366	1.12718276632399
bunu1267	-0.118400935950035	0.803147187424589	-1.74346583804428	1.38544901515199
buol1237	-0.435439300630199	0.978326946474706	-2.53104818685116	1.4323058515168
bura1267	-0.470462924931238	0.925751400331505	-2.34344927444244	1.26295684123164
bura1292	-0.0941599808072691	0.878678043487277	-1.8597254954508	1.6893152582605
bure1242	-0.0858717634059846	0.921043355786921	-1.94473769489348	1.79244708210632
burj1242	0.0168887289888311	1.01605222959844	-2.0261658085236	2.10592362861916
buru1296	0.205417745704352	1.00907545048753	-1.73307412052665	2.29166849777919
buru1303	0.847509027247642	0.996320534278172	-0.9723294928976	2.96332622916721
buru1320	-0.0480592261271534	0.976715553503257	-1.9949701006284	1.91949681057299
busa1253	0.315455341498576	0.987149035129922	-1.5373706656816	2.38601617796059
bush1247	0.12828102836508	1.00721377831067	-1.80836921886773	2.17078767710621
buwa1243	-1.11591700564691	0.902954840894808	-2.9864758983558	0.486907984540158
bwai1242	0.809644592683933	0.769341342467529	-0.60927857374622	2.3610433889802
bwat1240	-0.056664661610349	0.892916053895699	-1.89247363205805	1.73317646560088
byan1241	0.202731681450211	0.89634261345027	-1.51294093950358	2.02867530905668
caac1237	-0.336071515669075	0.910238271618707	-2.19015922500873	1.40286898061331
cabe1245	-0.250000804035421	0.941624730743863	-2.14470569620208	1.57385188028246
cacu1241	0.681617451766871	0.955389882958231	-1.08996326045717	2.67118296342075
cahu1264	0.154037750283684	1.00885979822015	-1.8246903304204	2.26244309580127
cakf1236	-0.566642195314496	0.921221119659454	-2.48031407046218	1.19923488712509
cald1236	0.2557494609445	0.957626770337886	-1.61429533821844	2.20915063579826
caml1239	0.163016942799479	0.779299795699969	-1.3193618378697	1.69797671553682
camp1261	0.0840560386779696	1.00044991902437	-1.92942484565855	2.18635957678245
cams1241	0.382079994282949	0.973596213706268	-1.48108780603758	2.37821366371552
cane1242	-0.450162922754758	0.970249526516558	-2.46610844216029	1.4214929772903
caom1238	0.363036131459759	0.924091850565169	-1.41979729404696	2.24741974973026
capa1241	0.377186776828381	0.990432417279294	-1.52611788832643	2.45701914180602
carn1240	-0.093215764551608	0.990911096535459	-2.1232238063783	1.82015972335065
caro1242	-0.299141764789773	0.979110937762802	-2.34903825250819	1.55844309197811
cash1251	0.489522323560041	0.971920195062502	-1.32099166489728	2.50630284208161
casi1235	-0.394403868515432	0.840130695096837	-2.10147579515592	1.21439156668797
cavi1250	-0.679336702688445	0.950884536286578	-2.65596628628691	1.05784769049424
cayu1262	-0.381596787706945	0.923457088809256	-2.27933975561957	1.4464411745563
cebu1242	-0.209924532588294	0.887383841519878	-2.02954209673361	1.52117585478457
cemu1238	-0.153636822684414	0.90065658255529	-2.01916457631561	1.56229626868949
cent1989	-0.372567662993514	0.985800821301782	-2.42723426702943	1.49031810037662
cent1990	-0.157321461402395	0.988269124001491	-2.148438093698	1.71410176475606
cent1992	-0.702240208514222	0.959747487912329	-2.72551429665715	1.02485409275724
cent2004	-0.300393559330984	0.897774358865399	-2.21095855914944	1.44295560635463
cent2050	0.0992326235554951	0.934565420565703	-1.75462663473751	2.01777787649464
cent2084	-0.123927629987156	0.832267579442794	-1.79123453657802	1.48398523018774
cent2087	0.355699582433959	0.883969299672398	-1.34092734989979	2.17748769264395
cent2090	0.748600457285418	0.887111368892175	-0.899038282078157	2.60658378045269
cent2091	-0.295811687339405	0.97223458409172	-2.31101170604072	1.55172474341545
cent2100	-0.0225436617270404	0.828085429861896	-1.64595308865717	1.61003390396062
cent2126	0.410286177254034	0.99482272719555	-1.51799884642224	2.53116235319592
cent2127	0.220598106214958	1.0104190775707	-1.72058566000233	2.31584884876161
cent2140	0.508800804666169	0.957136371129518	-1.31866030514694	2.53809468197421
cent2142	0.176842230328076	0.976099583015601	-1.72425042231801	2.12732389132845
cent2150	0.542770184645162	0.930959693614029	-1.1740947291041	2.45575165135298
cent2292	0.853140867705683	0.780993071052187	-0.560533908782628	2.49993652085355
cent2314	-0.357294324776805	0.976510443190896	-2.42253887422353	1.52910570788244
cent2322	0.0941997986337433	1.02530842854979	-1.94176286227214	2.13572509315208
chac1249	-0.305218465847849	0.976882719371016	-2.29614447457067	1.60894092489697
chac1251	-0.0428575974369224	0.931590490394812	-1.83033122189999	1.84753533030809
chad1249	0.159537598261626	1.01311483953545	-1.85503991790612	2.23624747676975
chak1270	-0.486811420420191	0.875040255507043	-2.2331204781001	1.21340553128372
chak1271	-0.145534557422224	0.924309459580165	-1.95526850066086	1.67960686179883
chal1275	0.13692611535828	1.00603417202106	-1.86148446132528	2.189726020033
cham1309	0.283351709443831	1.02437692159546	-1.73420857811838	2.35095363533793
cham1312	-0.254635493026929	1.01103106164911	-2.37723871405608	1.72236244154593
cham1315	0.293135842272566	0.981941788950801	-1.59286293434735	2.3769162674781
cham1318	0.313631035914468	0.949013376727899	-1.52727204703817	2.28541592212185
chan1313	-0.0500337612825156	0.759175868028379	-1.55880733309697	1.46655209998241
char1269	-0.359345341205304	0.953308259810489	-2.38294677045568	1.44870464737231
chas1234	-0.198144714187849	0.862532828147718	-1.95409033817651	1.44749798470851
chec1245	0.19643650560789	1.02051434148117	-1.77924610405717	2.29295863817753
chek1238	-0.386715004170022	0.857425283797534	-2.17199774370319	1.23066833837805
chen1255	0.0512855281410748	1.03014327464486	-2.00631206544114	2.14063318057126
chep1245	0.923240480587892	0.890882730610371	-0.726234424782741	2.7521016252216
cher1273	0.284270420781025	0.97964520346717	-1.65844240484194	2.33328666955638
chey1247	0.316801506474064	0.979748514031142	-1.51763236531639	2.33352851942823
chhi1245	-0.100635601286489	0.789807940976564	-1.63938008495704	1.44278996273476
chic1270	-0.289816140236487	0.983609568951993	-2.34004340037186	1.59513338964789
chig1238	0.281079283789303	0.963561279436905	-1.58110338703184	2.27191319063116
chil1280	0.383981220375396	0.959390269258522	-1.44216511112087	2.34004729638669
chim1302	0.166654343174691	0.99837291484037	-1.76036945592788	2.25821515166635
chim1309	0.273538024352444	0.929820319121525	-1.48253651101707	2.22838909282459
chim1312	0.164093152024782	0.963847735381513	-1.67787940380254	2.19045014551891
chin1286	0.156225332298328	0.98955626779136	-1.70653398135866	2.18595265745181
chip1241	0.123724868129616	1.01200667876179	-1.79512186398731	2.22436785289059
chip1261	-0.399313644492554	0.991541473586417	-2.45409195829508	1.48146339554854
chiq1248	0.38400328134232	0.974628106972254	-1.42160814641647	2.45347877023765
chir1283	0.870025071260955	0.792546200951518	-0.574236306338591	2.48749978405743
choc1275	-0.699580286149419	0.842845237008625	-2.44155833648618	0.888152149425873
choc1276	-0.40030110353844	0.985572533223989	-2.45826768227198	1.44520629884955
chon1284	-0.353268253707	0.974579035928015	-2.41051463771058	1.4262428701932
chot1239	1.31089371734547	0.880167371507185	-0.259195927350543	3.17228141829046
chra1242	-0.383351098032458	0.977247497238027	-2.42672279286584	1.50657072996078
chug1252	-0.566726807001575	0.867525429104072	-2.38843921046992	1.0928514976708
chuj1250	-0.570516674220227	0.862440165857795	-2.41873688097975	1.03680209188236
chuk1273	0.13872728163532	1.02044182756484	-1.8460643609772	2.19952461924048
chuv1255	0.158197177638543	0.994081994343065	-1.7545973597959	2.17766665229622
chuw1238	-0.723653832574817	0.983076944492762	-2.8525246855955	1.15448190418359
cici1237	0.377302110288551	0.966225794288821	-1.50185106729179	2.41526060061047
coat1243	-0.847251677826118	0.954779077968337	-2.85522928568949	0.917706780480936
coca1259	0.310372608338013	0.956357579307443	-1.57261590230168	2.29397021563563
coeu1236	-0.0972657549535742	0.973128718754432	-2.09426146723111	1.78731542025105
cofa1242	0.386839482295952	0.978952354254402	-1.45060813995949	2.37584690257228
cogu1240	0.204888235233034	0.889041586692134	-1.47685993277079	2.06116930436966
colo1256	0.182951609236224	0.960800320750177	-1.65348891407493	2.14941222759792
colu1241	0.291531036676164	0.975229209277427	-1.5581434806887	2.35908481804375
coma1245	0.166695839665694	0.97735688844419	-1.71971297328916	2.09902649216031
como1259	0.44230771288315	0.969084122808627	-1.37054952291387	2.45907795546235
cong1236	0.0933666417156419	1.00779042900298	-1.85987874489623	2.12501794516843
copa1237	0.115861707653041	0.906422381631212	-1.71025805726713	1.92045201547855
cori1240	0.20377906978493	0.940010178982419	-1.63797382921585	2.150696942996
cors1241	0.0543079856350551	1.02939620453848	-2.00651511026397	2.14377385310198
cosa1234	-0.795138269930706	0.956614869904853	-2.79497050052222	0.985272948937983
cree1270	-0.38231907799114	0.998285721757624	-2.47198572214859	1.50779437284091
crim1257	0.0290212524707946	1.0670972783813	-2.11185192102973	2.17977889729245
cros1244	-0.110171173251509	0.90285750438585	-1.89774481638772	1.66799785450814
crow1244	0.407530066096142	0.962746879861377	-1.39765852819258	2.42752131972377
cube1242	0.555236717069316	0.99900402855228	-1.30351410471398	2.63647463022524
culi1244	-0.267108394717709	0.955293242245297	-2.21172585465507	1.58184550694988
curr1243	0.0125184065421352	0.927593250358705	-1.7948716926649	1.92616629866131
cusc1236	-0.0166464590678931	0.999422352333456	-1.98092923390747	2.02886260252536
cypr1248	0.123934320326202	1.03291070094152	-1.85598388544773	2.23331497513285
czec1258	0.0267319619228534	1.02041130891032	-2.00206397809538	2.12154130225974
daai1236	-0.451277154139526	0.856485552598463	-2.16581228551975	1.15787928660005
daak1235	-0.538779990746224	0.992815268378449	-2.63977771799734	1.3175038851533
daas1238	-0.303385964447861	0.984154350683776	-2.32184083350096	1.57558077264862
dadi1250	-0.0167166785369377	0.800646673825173	-1.58718683909159	1.62752899593437
dagb1246	-0.0455127346290538	0.952565949917287	-1.95976781733629	1.86744884110444
dagi1241	0.297786920904426	1.04697738253877	-1.65005335534918	2.49013798825758
daka1243	0.143157257977864	0.681783717061635	-1.21879573236522	1.50643433483626
damp1237	-0.527839481039121	0.992290658455867	-2.58039361114507	1.31289429742672
dana1252	-0.682553655013714	0.996161663252631	-2.86508994763815	1.14759231349149
dand1238	0.308356159302525	1.03629917979405	-1.70646321171574	2.41062081593737
dani1285	0.0584946877039897	1.03159214452651	-1.99494549459147	2.11440000558781
dara1250	0.8572247049512	0.962585392515351	-0.870523959284889	2.91024887943866
dard1243	-0.0473824840758893	0.978612347110755	-2.00835423476605	1.91231432866184
darg1241	0.237744574877384	1.01097490680558	-1.69094024644615	2.27052011183507
darm1243	0.196689105573993	0.895750226537538	-1.51531887070163	1.9805672170916
daur1238	0.0679287401263521	1.00337534105618	-1.90153729379484	2.06790536994281
dawr1236	-0.131389045490006	0.942096799269029	-2.03180060039499	1.7197309847896
daza1242	0.181220614449558	1.05144612255884	-1.84981789904494	2.34017410169881
dege1246	-0.567709376345271	0.898831444747574	-2.42376098730425	1.15705351651269
dera1245	-0.356993620854297	0.833227057031975	-2.06192637550264	1.23602154375349
dera1248	-0.222814929528252	0.845867656053763	-1.88967393348701	1.49229011557344
desa1247	0.681672163492651	0.959773721520073	-1.07102975373271	2.67564648425042
dhao1237	0.112634277460904	0.933245877079026	-1.74344399660047	2.02159764261208
dhim1246	-0.0870357972371516	0.847321344272899	-1.754095588658	1.57151897396547
dhuw1249	-0.157867478519052	0.925937995464192	-2.00416373048406	1.62075200512219
dibo1245	0.448479711789088	1.0015866315997	-1.44379298011251	2.52501518737195
dido1241	0.297884140114951	1.02780737841096	-1.63355368747586	2.42771989552673
diga1241	0.303111072810047	0.883853942959523	-1.44856771181586	2.12548476699544
digo1243	-0.0856005739930166	0.990353407500469	-2.04687217280185	1.86013505200713
dima1251	0.815704062534549	0.8407441444308	-0.73926480196447	2.53518228837313
dime1235	-0.421626413054122	0.974248101096781	-2.44550057287224	1.4174757186567
dizi1235	-0.549793263876769	1.00963588241407	-2.7174250008667	1.35146413243615
djam1255	-0.730321215405572	0.930759170486629	-2.69614190845397	0.96017736335889
djam1256	-0.0531913990554218	0.936034016143809	-1.95310454727734	1.80689873086248
djee1236	-0.679601368051143	0.936548392758275	-2.66339774906844	0.979148602345556
dobe1238	0.176228033762023	0.945114577027274	-1.75858316529914	2.0487397897048
dobu1241	1.0280511106812	0.814809812429166	-0.456833629276481	2.76743026866286
doma1260	0.195332784124435	1.00487332235182	-1.75576131257126	2.27555267424195
domm1246	-0.519233331809222	0.771011049154444	-2.12899479253367	0.948268770949615
dong1285	0.420595026576194	0.961119176755703	-1.36514882457474	2.41220001149861
doro1266	-0.725728978981288	0.847624078489136	-2.4869257909221	0.801311665324706
drun1238	-0.0836227605247325	0.914516313511231	-1.93029384723037	1.74166224270018
dumb1241	-0.0656731701853074	0.91276762749132	-1.90645687214268	1.73550696498885
dumi1241	0.302943975170409	0.793324739136066	-1.19437994884436	1.90369309841069
duna1248	-0.156231608956189	0.865267753418613	-1.92059054826652	1.46758867174807
dupa1235	-0.367919917040691	0.844382406122246	-2.17572505903764	1.24355942985296
dusn1237	0.209054609338606	0.889327731157909	-1.56154673609496	1.96741373219274
dutc1256	0.142840899128693	1.01413783078083	-1.84778153963683	2.22870293588021
dyul1238	0.356245533055948	0.879679226101432	-1.3625704581862	2.18769579151725
dzao1238	-0.181450121347641	1.03039831100822	-2.25495214403444	1.77548704771828
dzon1239	-0.0182743283971096	0.868192508733971	-1.70506058989068	1.72028938140797
east1236	-0.601206601021794	0.974713077966281	-2.63856759201614	1.1936368811571
east2328	0.183040894073898	1.00736556324996	-1.80164013425362	2.27901066685785
east2332	-0.458491481905339	0.983324726851112	-2.5555768652301	1.40738741419057
east2333	-0.668372144077964	0.963859601503138	-2.75940664078568	1.11577536151713
east2342	-0.617351120181676	0.992544519087981	-2.72572874955662	1.19065565789502
east2440	0.524759479234205	0.93653419620923	-1.24134627939458	2.44788580877237
east2443	0.481491440893214	0.788262076371845	-0.984918531749233	2.1146774342898
east2447	-0.168674872011344	1.02349304360317	-2.29808532028745	1.78037239204229
east2485	-0.442725138534229	0.912533343742444	-2.29996470142279	1.28168178132194
east2516	0.184671247049548	0.801674221791649	-1.38214927682153	1.85988575658788
east2555	0.406006444012237	0.974334902804967	-1.45674048654665	2.42202736434243
east2556	0.580058941123477	0.887989652229617	-1.10659187427875	2.42016561859527
east2563	-0.472287490973262	0.99518599298711	-2.60151114823963	1.39729786508826
east2690	0.121951456622823	0.995635416727952	-1.79231749174784	2.18866763753084
east2694	0.190863379316783	0.858385634475606	-1.52189241798054	1.94835524990269
east2773	0.494217823452603	0.815919573745464	-1.10021948639126	2.19314541233042
east2782	0.119919283272583	0.966123857713039	-1.79939355735727	2.10558601786337
egyp1253	0.0929482694300522	0.996345666703635	-1.77628171034844	2.10151480538753
eipo1242	0.297631767782089	0.824795544428087	-1.27081225885913	1.93783152921751
ekar1243	0.681252921945067	0.89489230515013	-0.98761122926877	2.63143881173152
elem1253	-0.806947683314968	0.89774824097537	-2.65692780315526	0.804913324789422
elip1238	0.558384072313118	0.966867452630569	-1.25941092261211	2.63126724951794
emae1237	0.472706428944993	0.788894811164252	-1.04135713501946	2.04788580608706
emai1241	-0.400113042182318	0.88269506893968	-2.26634899901406	1.26478835239533
embe1260	-0.714740482580299	0.955463752483314	-2.68922587382086	1.06580185231555
embe1262	0.36806691473121	0.981798334757647	-1.51561030711848	2.37375071246244
enuu1235	-0.95894524757646	0.970195783219796	-3.07415495869626	0.856810818766911
epen1239	0.426147332304603	0.985993846824581	-1.51808797359917	2.47405689992496
ersu1241	0.0529149387281726	0.931800835639965	-1.78051671064625	1.97499869646791
erzy1239	0.118933431134737	1.0280447883777	-1.91867008885686	2.23676210103932
esan1238	-0.404484547747708	0.929431884616165	-2.2917618741972	1.37599538439909
esee1248	0.185687077696658	0.949565463086182	-1.64551021042718	2.17599529319726
esto1258	0.174802753977115	1.00253351941576	-1.7532538468471	2.28462120651848
even1259	0.251672295881718	1.00479992105208	-1.69473619099544	2.31939543313476
even1260	0.234740851943704	0.988073070582009	-1.66153446876076	2.30077861275883
ewee1241	0.235305611604374	0.91458660213378	-1.54153252249222	2.09498738082741
fait1240	-0.829074369956714	0.788432183068897	-2.53010778984839	0.592334226649393
fala1243	0.0604307524494913	0.882294424654562	-1.73518448756328	1.79403051432825
fare1241	-0.0840314209038403	0.988516487622762	-2.07475287594536	1.89269432726231
faro1244	-1.02472449386092	1.1036897368873	-3.43135456275188	0.94008183027462
fass1245	-0.400518386287855	0.821738279296164	-2.11708593236193	1.12624157830776
fasu1242	-0.161835808978559	0.881813285706997	-1.90248150239952	1.54649109920482
fefe1239	0.384255176995249	0.898508291278821	-1.30998126633379	2.26371721252226
fiji1243	-0.228459643302844	0.99020606342712	-2.30723782201975	1.69964666295761
fili1244	0.513484535320863	0.882818303119633	-1.11713989803282	2.34820238006181
filo1235	0.799355303297334	0.891835940358216	-0.78387882176086	2.68584676138343
fina1242	0.675480619048499	0.754819687772121	-0.74537017611598	2.24820450175931
finn1318	0.0680813397786443	1.01925045882399	-1.94715675256957	2.12561053642796
fipa1238	0.0513755606745093	1.02852567136069	-1.96667900612467	2.11143464784571
fonn1241	-0.656766907667992	0.914426475110115	-2.57068121176412	0.993051966610241
fore1265	0.0834677715428547	1.02948981746404	-1.91637542511164	2.2058244970894
fran1266	0.187411117202224	0.98276660158989	-1.7414226615538	2.26190830030606
fuln1247	0.202002652964798	1.00434220487886	-1.70934946901159	2.25995352502379
furr1244	0.121510271284656	1.02402209068574	-1.92485715151598	2.1755640769593
furu1242	-0.0392349385242464	0.919354347977626	-1.84385065022752	1.78607966127847
futu1245	0.856885109398277	0.924233287701125	-0.868824154398141	2.78582005079531
fuyu1242	-0.204016037257937	0.816643077484379	-1.85171373301429	1.38591588047027
gaaa1244	0.36269799889801	0.973304500440299	-1.52881285046704	2.42331754014415
gaaa1245	-1.02347477464393	0.91010058861812	-2.95538967263751	0.661336686977083
gaam1241	0.120746438784645	1.00946894620008	-1.89877258859606	2.14246726733283
gaan1243	-0.275342482262765	0.877312963536769	-2.0252931374068	1.47714950581453
gada1258	0.244538783242341	0.754346740912867	-1.23380962893944	1.73540942751975
gaga1249	0.0130676096442757	1.02958806579385	-2.04762975229137	2.0323019232411
gahr1239	0.493660156695856	0.966666643239877	-1.28258008800648	2.54630456444102
gale1259	-0.0736541016683209	1.01988646500832	-2.14580825042723	1.94284354296866
gali1258	0.0679902417951349	1.00801840664846	-1.92686293436087	2.1430708419039
gali1262	0.539062843013916	0.933119478626822	-1.18984022865792	2.52879659994199
galo1242	-0.899466694435883	0.898758019840545	-2.8019233628012	0.722925386851845
gami1243	0.309829238983697	0.998006483807712	-1.60350532205886	2.387078716288
gamo1243	0.0344222862983805	0.935692678621227	-1.78888132367277	1.92762058414979
gand1255	0.238253311483806	0.974113785267252	-1.65063015821628	2.2541771263095
gang1266	1.34479186498719	0.874645220552024	-0.230740536749107	3.13658146286262
gang1267	0.295542668754675	1.0132338150445	-1.70982735547557	2.3800944854103
gant1244	-0.361063352536177	0.802390531060317	-2.03025936565913	1.14979137508539
gapa1238	0.41269046989209	0.770923847818072	-1.06483640739579	1.97567465708258
gara1269	0.367017411304981	0.998575794529625	-1.54883763085169	2.43991905656951
gari1256	0.173804321156951	0.960304543915971	-1.68518174532438	2.13813884609332
garo1247	-0.114877191876994	0.876193951868904	-1.88362799144065	1.5944611739972
gata1239	0.685147674601054	0.951771721691023	-1.04545919344036	2.6834749712217
gayo1244	-0.164789263825163	0.973452688909945	-2.22309203768462	1.71358157314205
gbay1278	0.238037332807339	0.954807256528296	-1.61954297266631	2.24042666184507
gbay1288	-0.0554728498325409	1.00025059232151	-2.07493137066716	1.89323323821481
geba1237	-0.632096593448224	0.967389643671732	-2.70887980712762	1.12754686360018
gebe1237	0.616859495155022	0.968776093353489	-1.17680018280958	2.62844855922134
geda1237	-0.815796037217214	0.804521806790701	-2.44933011231669	0.667359473305418
gela1263	-0.220253983450866	0.821132600590788	-1.81561955716724	1.3854286895731
gese1240	0.145162029489097	0.952002204841018	-1.75052161186555	2.04698345931708
ghad1239	0.0886340041818395	1.04422813165291	-1.92101586737704	2.20424867839318
ghan1242	-0.447745074298902	0.918463175023277	-2.3728652428256	1.26226715734837
ghar1239	0.00874040342716494	0.821140369060241	-1.62484991967276	1.62456086583231
gheg1238	0.061861229969888	1.04099215249521	-1.98521760903143	2.20915952914852
ghod1238	0.264718394498354	1.02567814739663	-1.73408409668456	2.32571620051091
ghom1257	0.0990618751137027	1.01002794532042	-1.90951784417245	2.17555768549384
gida1247	-0.615912754068951	0.846392326815065	-2.3257363539753	0.994136002849781
giiw1236	-0.14973664688554	0.921764360464709	-1.99524156255997	1.69839114833109
gilb1244	-0.18978383733573	0.971103996572674	-2.2133718418064	1.72468468585473
gily1242	0.351076296887151	1.0051980309538	-1.55580068017243	2.43939373673465
gira1247	-0.832512539472524	0.793025371815183	-2.48992595036466	0.620831632111675
gizr1240	-0.30588883108288	0.901174461736928	-2.14334182749404	1.45554359344691
glav1244	-0.62890045560883	0.870255196055294	-2.41409284615493	1.02282064434573
gobu1238	0.17491951461256	0.936415360017107	-1.65476244196627	1.99119937654537
goem1240	-0.662859464210008	0.918892997861905	-2.59736701865723	1.05391604311811
gofa1235	-0.0470861407805701	0.932123355812989	-1.95157952899425	1.81705010617654
gogo1265	-0.406954272128361	0.908256365026651	-2.29339022270197	1.2755125055182
gola1255	-0.531979100240606	0.947871918251555	-2.53001020140544	1.28937176856685
goli1247	-0.400860990637236	0.777172446054818	-1.97631831676275	1.09018988253941
goon1238	0.355888937875837	1.03219989645719	-1.59244097259774	2.51951321381049
gras1249	-0.287835341004474	0.806634149796352	-1.93083451127131	1.27791109669686
guah1255	0.135278449050675	0.984597271622735	-1.79796658255817	2.12992381781412
guam1248	0.479846535240699	0.969779565181924	-1.32521271640435	2.53026476164764
guan1266	0.119623893225529	0.875115064372755	-1.66450858330435	1.89521870332514
guan1269	0.646504476552783	0.961705500098718	-1.14790930981097	2.69278539874763
guar1293	-0.234525429078595	0.908199894771329	-2.03115228613321	1.56806739284497
guat1253	-0.333767633162054	0.983389939845517	-2.3707323532763	1.5531521579862
gube1234	0.399877388641517	0.967429957896989	-1.42940725516209	2.40819204407137
gude1246	-0.735346044819266	0.882236369677399	-2.56801012239422	0.900751667531624
guer1243	0.103384762893799	0.927827621274138	-1.7198604515641	1.96680844836672
guhu1244	0.188682854635411	0.79524267563736	-1.33977495955366	1.7944977328729
guiq1238	-0.188073306177433	0.914372337472737	-2.11763794718081	1.57262454307871
gulf1241	0.0640051820549531	1.00936131318984	-1.92364513916728	2.0793991174786
guma1254	0.927892226251052	0.80629336556413	-0.538336488984106	2.61546126177147
gumu1244	0.143129857533518	1.01027738411892	-1.83499753754777	2.23311289180686
gunw1252	-0.732612175927246	0.952237888317249	-2.71580830856263	1.04592944812996
guny1241	0.0837097190913053	0.953476890189318	-1.80608584664659	1.97317596417106
gura1251	0.190766465280171	1.01527395143602	-1.75054989450846	2.2496069451164
guri1248	-0.123235667839074	0.784491596654042	-1.73271023739605	1.36841369395394
guro1248	-0.684509297749341	0.973260401179141	-2.68308486354527	1.1255052670629
guru1261	0.260931755384921	0.790468102079778	-1.28709668534888	1.85851000371659
guru1271	-0.342518428496177	0.937936547851133	-2.18022342149915	1.48724306611498
gusi1247	0.0520195464608333	0.974506003818876	-1.82874940855228	2.04607000973257
gwen1239	-0.277557272993636	0.948021966758822	-2.18491025619328	1.61299564368623
gyel1242	0.371935393887809	1.00590716014734	-1.5101341501654	2.47231461958255
haaa1252	0.166348844180656	1.0011001140538	-1.79006138521179	2.25138811022949
hadi1240	-0.269515386662351	0.949548134429299	-2.21908208747048	1.52308503249658
hadz1240	0.251059305173875	0.982897442367865	-1.60790072128293	2.28641492427671
haka1240	-0.779696712009634	0.874394626735396	-2.57687171324066	0.814344071032891
hakk1236	-0.315778980043759	0.983257024241607	-2.35098987838009	1.57093110678475
halh1238	0.0768878117087579	1.03784687169134	-1.94824095434213	2.23051021991716
hali1244	-0.113431619956563	0.894354503144845	-1.97809019067398	1.59455327731453
halk1245	0.102004071608292	0.968975917916126	-1.78436773574955	2.06802511999666
hame1242	-0.49408230273498	0.976646477489935	-2.5583758856704	1.27164894068384
hang1263	-0.108717293304164	0.812535144592168	-1.7520478664542	1.49909163122645
hani1248	-0.868397114720352	0.992694220314377	-2.96483534306761	0.922777807632619
hano1246	0.500945301495401	0.774248851878833	-0.976712326917247	2.06808757417377
haro1237	-0.534760560877905	1.01183888275861	-2.66599061531476	1.35582674200278
hass1238	0.0945904022060936	1.04562111034358	-1.92051617302829	2.17200408664225
hata1243	-0.230779581723525	0.934066628122975	-2.13388653453028	1.57880900577599
hava1248	0.31761516824171	0.99482340781125	-1.58735687613069	2.41070200036845
hdii1240	-0.776735042724924	0.867914601667401	-2.61136854827939	0.849864620559722
hebr1245	0.139549183603556	1.00701334232271	-1.82530679662251	2.16946667619135
hehe1240	-0.0197181480795562	0.993294819340612	-2.02176598244524	1.98199549817278
heil1246	-0.170187949594089	0.959361842026251	-2.09255687408521	1.69230967961378
hela1238	0.906471125316677	0.869332802180319	-0.702112674545115	2.75186563546774
here1253	0.0862922444799239	1.01890729451822	-1.98909399814048	2.13472451215622
hida1246	0.282716751143529	0.993890264275563	-1.62633371749207	2.35147967556764
high1243	0.774431809154287	0.881523680761104	-0.83541343645801	2.63268097022685
high1276	0.439146288825031	0.921633692147468	-1.30417584892302	2.39305769882325
high1278	0.801785140144116	0.892153588572227	-0.7950533425227	2.7145109442219
hili1240	-0.110330673490394	0.929086816758352	-1.95237035196631	1.73127726739413
hind1269	0.0508289378400129	1.02824466945277	-1.99867557480676	2.09401065262638
hinu1240	0.286084566869551	1.0320575502252	-1.70950710867201	2.41119182293166
hixk1239	0.0332118707401274	0.96135869710908	-1.86699663477256	2.02048524390573
hlai1239	0.484742304697141	0.94413327497871	-1.33498711424015	2.51574034838899
hler1235	-0.770173649253066	0.96853668840747	-2.83546939740834	1.05161141631091
hoaa1235	0.157821070090512	1.00956206770793	-1.83202061572318	2.20749710598685
hoav1238	-0.406435557370697	0.860569505775948	-2.15884443619616	1.20718903134469
holo1240	0.103400421736861	1.01474225546464	-1.89300148838679	2.15310643692192
hone1235	-0.654877198218728	0.883087844491029	-2.46365136183328	0.999643661724378
honi1244	-0.97164188298748	0.954103430162689	-3.01097529015	0.785688269269944
hooo1248	0.446805440638491	0.982637463145296	-1.40407599207909	2.55266138462761
hopi1249	0.305173297616696	0.972772200291363	-1.53384102522245	2.31121713570671
horp1239	-0.0535028220165302	0.867744687624928	-1.81818096982819	1.682354912983
hote1245	0.0713001722994421	0.718680197110608	-1.37021702702347	1.48157452278459
huaa1248	0.111243408173706	1.01460398538023	-1.91924625122154	2.21065505752596
hual1241	0.462140864079452	0.985416166784668	-1.38089056135049	2.55031119574796
huam1247	-0.545237742059059	0.988391852295608	-2.6451902295761	1.28308095950722
huar1255	-1.33607054898393	1.04476254000556	-3.605896544802	0.445310067536444
huas1242	0.491493487305195	0.929487963000495	-1.24448588051389	2.43029831819292
huba1236	-0.565977359955323	0.883084006374792	-2.41888487933977	1.12743136360542
huic1243	-0.0569647355058032	0.967401686751406	-1.96106409599477	1.89930990504578
hula1239	-0.531575956831161	0.833420936829765	-2.25735630341711	1.06638885657101
hula1244	-0.814928645099229	1.04335628535775	-3.0059636683264	1.06535364823296
humb1243	0.268369685676886	1.02101496114176	-1.69818924708302	2.36564865527115
hung1274	0.0997915555942204	1.00255249954001	-1.88356672058516	2.12820304931746
hung1275	-0.411287168163028	1.01497508858756	-2.48337775594097	1.51407552818799
hunz1247	0.29573300347135	1.02022708445405	-1.66380930833249	2.3935589845726
hupd1244	0.70131717213876	0.974097551877318	-1.08242028306057	2.71140145949126
huuu1240	-0.634482954196454	0.888860677031551	-2.57375953919988	0.977573222453559
iaai1238	0.418307860279955	0.904229440012727	-1.33563758601413	2.26753205977832
iama1237	0.906083598835241	0.770191828781935	-0.508896720747586	2.50697628230234
iatm1242	0.226854617909976	0.829535562368004	-1.38710281748524	1.93847849281628
ibal1244	0.54592690906349	0.758434559483791	-0.9333384752245	2.09932357430986
iban1264	-0.152458633660928	0.949788800814328	-2.07996367464186	1.71926714209002
iban1267	-0.202416057681462	0.81424844652629	-1.88745867888107	1.32802454089821
ibat1238	-0.127614049776398	0.926121950909774	-2.03282206405557	1.69159808597881
ibib1240	-0.70591870291155	0.915883615235754	-2.5729663253093	0.988317435023086
icel1247	0.0340376496915077	1.0218372882706	-2.01758276279806	2.09875039260968
idaa1241	0.0791498220306883	0.89057178336732	-1.67764490458078	1.84571697266793
idii1243	-0.332674976729725	0.876119670299635	-2.17775188382064	1.31547754875834
idom1241	-0.477617109379903	0.932730301344335	-2.39144915281252	1.33626713832352
idum1241	-0.485454876772236	0.945690018333877	-2.4725442476844	1.31223228736343
idun1242	0.74873994047289	0.785210448437106	-0.710007782544069	2.37023842942384
igna1246	0.00145059968668217	0.942113133977738	-1.84663106855284	1.8644378559556
ikkk1242	-0.0635532407197568	1.03492796876533	-2.15758059179628	2.00397889525627
iliu1237	-0.192914555514481	0.931695660353962	-2.08958322877928	1.63249676598673
ilok1237	0.265820242585117	0.788486408854792	-1.28695256150595	1.84817088359803
ilon1239	-0.226697852990931	0.781837693661074	-1.83845831449515	1.27774854839128
imba1240	0.0353480298236493	0.963884425733515	-1.90038727185059	1.95445488211085
imon1245	-0.465749624806491	0.825669664226788	-2.20124941261341	1.06752670869154
indo1316	-0.303669023699094	0.96590052275774	-2.29646040185661	1.51573575652403
ingr1248	0.207680533660764	1.00522997202038	-1.76800281623907	2.30570507923926
ingu1240	0.226489421146485	1.01964340357026	-1.74223820546098	2.3880983616846
iqui1243	0.190552049143661	0.965731033462727	-1.66450041193827	2.17352828081701
iran1262	-0.118332094222379	0.921581839242421	-2.02566301439131	1.66641833472738
iraq1241	0.217428260788019	0.98896901283412	-1.67086296909308	2.28305643531508
irar1238	-0.0850632342028241	0.912224393380181	-1.92597627700028	1.71355870414438
iray1237	0.73482584054285	0.963482612924649	-1.03278216932383	2.71127142719939
iris1253	0.0548793301860616	1.04163715353827	-2.02565681964911	2.15157384833456
irul1243	0.0275433933697603	1.0542917761108	-2.13102346054526	2.13943044711153
isco1239	0.483524758634241	0.997840321328078	-1.35521644902828	2.57575745598698
isin1239	0.145858739600604	0.744245516088657	-1.33818978003147	1.57985240489379
isir1237	0.299275010666318	0.88349592331101	-1.43221524749555	2.08540290753706
isna1241	0.214218350950448	0.863480398746463	-1.49604093006823	1.96603982350758
isth1240	0.400446307144782	0.909868696277093	-1.30323015121378	2.33876550199415
isth1241	0.469843202956113	0.927132963370371	-1.23929909881103	2.45061694803178
isth1242	0.464297640948891	0.9194590114684	-1.24831266948107	2.42529603786202
ital1282	0.087680302368868	1.02049584845339	-1.93511732718399	2.19093762370871
iton1250	-0.330388232457137	0.947024747365238	-2.24370777707552	1.49000836665988
itza1241	0.251057203080297	0.961386598767294	-1.64531102034453	2.17163410585751
iumi1238	-0.650907043856989	0.958535140369969	-2.62141629410687	1.11838087505598
ivat1242	0.617129332834533	0.948020208353723	-1.14563692292269	2.62987924481899
iwal1237	0.153754752197843	0.742512421985314	-1.36777119898553	1.62523174643384
iwam1256	0.501948192537339	0.820228305580746	-1.03827826787172	2.22363451997695
iyoo1238	-0.840126195219789	0.788235936645488	-2.54661909868822	0.606914916400714
jahh1242	0.265853179901488	0.948482494342297	-1.64210110387831	2.18573509344521
jalk1242	0.309463078524362	0.917461117027042	-1.47246876229077	2.22449276389804
jama1261	-0.290203576952437	0.952482947403297	-2.32151410368331	1.52317933859975
jamb1236	-0.184147300055184	0.998141206508274	-2.26402594282663	1.7260560910429
jams1239	0.378909067314629	0.995449500971171	-1.48008015449703	2.46897396624465
japh1234	0.143884607805146	0.876517210552248	-1.61223301037388	1.92203421125989
jaqa1244	0.339486585198496	1.02001960866234	-1.60292213569594	2.48751210939889
jara1266	-0.678743511148956	0.970711170649199	-2.74005379764214	1.10761271840482
java1254	-0.316880404831388	0.958130144404247	-2.227901176423	1.4867609146724
jede1239	-0.0541879020009737	0.918232733337564	-1.90057444337	1.77364703914377
jeha1242	-0.0179235260850698	0.926123311661475	-1.83713677583629	1.86944685069721
jehh1245	-0.673894649691592	0.987601790274092	-2.73637281713703	1.12076073624848
jenn1240	0.12847573521532	1.04532755476543	-1.97697501358768	2.27134940933267
jeru1240	-0.0592315611766703	0.800127216663861	-1.68400191656963	1.49197824550815
jina1244	0.0620737018069155	0.888135623391621	-1.63664355497065	1.84088992136248
jjuu1238	0.264709431888747	0.950038975134663	-1.56205929273232	2.28104129756601
juan1238	0.630016776928926	0.989033755859845	-1.16928170339236	2.78980207246724
juku1254	-0.840194886793948	0.837311833274583	-2.6073884188419	0.684453680001526
jurm1239	-0.701308311395391	0.92222429330399	-2.62552409035416	1.01725590561592
kaba1278	0.150399884052412	1.00602306702615	-1.84481802755395	2.18547882742265
kaba1281	0.158306859829653	0.95419708667117	-1.737690503338	2.05050631091085
kach1280	-0.398331478174012	0.939138150509221	-2.34280000587728	1.33524226474062
kach1284	0.21998728016163	0.962135116245753	-1.66191903283455	2.18375606498183
kada1242	0.135031591106862	1.02862406476653	-1.88063043008644	2.23228069174595
kado1242	-0.254606800534475	0.852155445155517	-2.00658979485929	1.39820694738904
kafa1242	-0.166632515282819	0.945851337953286	-2.13436304886053	1.7195787032634
kaga1256	0.581664174773844	0.856858289397455	-1.05265448180518	2.35647168738901
kagu1239	-0.577275015269456	0.947435312867583	-2.55621958292795	1.17064158823366
kaik1246	0.626536708679338	0.912303660632739	-1.07416614033348	2.57482818608045
kair1263	-0.0192591281802794	0.865771110752692	-1.79067118820698	1.63832870140815
kaki1249	0.56292657156478	0.881694278533274	-1.07855333965495	2.3959058184865
kala1377	0.148894627916614	0.928159268114973	-1.64025443228779	2.06281672972391
kala1384	0.118332371272413	0.99798969781715	-1.8797503270124	2.13351308420185
kala1388	-0.572753544143621	0.859415676629137	-2.40143273079805	1.01635837399709
kala1399	0.184539700476876	0.994592672613081	-1.73126414926973	2.22296177613018
kalm1243	0.112721607022375	1.02407279178151	-1.92305425632871	2.27034315439563
kalu1248	-0.296419259706406	0.900247607907625	-2.12586546000359	1.43289708608117
kama1367	0.118606565374775	0.835045290998723	-1.57423134838303	1.74448903731275
kama1370	-0.427298068242625	0.747732129904185	-1.95317670015207	1.01450699554852
kamb1297	0.113804468152754	0.99278830121637	-1.82200586789758	2.11334066890981
kamb1299	-0.400017134109961	0.951932864689158	-2.36542609759007	1.38087776117277
kamb1316	-0.132836864634497	0.950566311104677	-2.01848735907107	1.70784915482172
kamm1249	-1.21543271328502	0.912023697456407	-3.18195888331134	0.411744585012441
kamo1255	0.426203275364476	0.898243552631791	-1.30098633279806	2.20966625779497
kamu1260	-0.162772644606858	0.929725696611801	-2.01619194107567	1.65634589037525
kana1286	-0.146541781704346	0.790110766517397	-1.79413024563996	1.32495377265144
kani1286	-0.309687537455579	0.743823294900341	-1.82764339651901	1.12027271261157
kank1243	0.77457611871089	0.778163436495075	-0.665485344319147	2.39089469860355
kaon1241	0.0722996868734129	1.02458481148665	-1.92083961284449	2.14753691523583
kapi1249	-0.113031970724464	1.01158262752198	-2.18914571247909	1.87525935686146
kaqc1270	0.144656772097274	0.930929406352771	-1.61865989015136	2.08517201710267
kara1482	0.375884072492669	0.961549020625559	-1.45498989504219	2.31695835272979
kara1486	-0.161580068453374	0.851236489390888	-1.89170572835788	1.4597293777147
kara1487	0.459911048674666	0.728218944131554	-0.956828663367031	1.92315720971866
kara1499	-0.228822176871611	0.984830163032002	-2.2863742569537	1.63548920540314
kara1500	-0.353860386416633	0.974989191846886	-2.37907575898991	1.49214085233559
karb1241	0.423104183728006	0.837935482516054	-1.19504803393233	2.1729515431527
kare1335	0.119929143810569	1.00772878211937	-1.84489434409914	2.18566228238768
kare1338	-0.626040375020803	0.950823987494684	-2.60289330903829	1.13542468372014
kari1311	-0.646404928038226	0.968270273250806	-2.67856042256527	1.18622753013147
kark1258	-0.137715957116822	0.807876741548638	-1.78596062910122	1.41775717890816
karn1252	-0.256768290698137	0.764379394294619	-1.82956371536281	1.21732507978104
karo1304	0.186426890858689	0.96204908385473	-1.74495627646932	2.12403313105342
kash1277	0.229423396839737	1.01024375351085	-1.68205546706884	2.36532625281554
kask1239	-0.422810582735195	0.991130228245881	-2.49328803286966	1.41601638253614
katb1237	-0.331040899274525	0.691510252504945	-1.7727288460268	0.99985277881721
kats1235	-0.948199087526387	0.975702293305669	-3.08226853657742	0.777307995367268
kava1241	0.176078843311404	0.860446054630938	-1.52075697383229	1.89845989946076
kaya1315	-0.656685107975559	0.968851845288616	-2.75402867347597	1.12021332363102
kaya1319	0.114054535751782	0.991914753376188	-1.7952504773591	2.07965696038403
keap1239	-0.591400795996012	0.862851718863473	-2.40473325996705	1.03465886207556
keda1252	-0.0638362764445799	0.848928222924279	-1.7743149922116	1.60555600633296
keig1242	0.256060745538708	1.01535482826474	-1.69193072204866	2.32516319825954
kele1255	0.151701928122135	0.992003952359358	-1.78396252727279	2.22181641734138
kele1258	-0.609390036068878	0.92435222441322	-2.57672736517361	1.06326340803441
kele1259	0.516298284103967	0.729159158935996	-0.905094811265354	1.98799073274925
kelo1247	-0.390303216645058	0.891826403898548	-2.22499002549141	1.339553800008
kemb1249	0.56365897694032	0.866300284878313	-1.09855978319967	2.32946136062001
keme1240	-0.656220107465362	0.768123099432122	-2.21563969741599	0.853663618654529
keng1240	-0.0181395251267384	0.927227972618129	-1.82184250137972	1.82859442336357
kenu1236	0.0599035972891634	1.0281617745956	-2.05949952716108	2.09373344654155
keoo1238	-0.379146303556631	0.961425826059064	-2.38491457521709	1.40136272580049
kera1248	0.446730514904964	0.947853365318828	-1.34652968800434	2.46302847575736
kera1255	0.0104821500638875	0.90865868368211	-1.75486760623467	1.86662476737565
keri1250	-0.250877530128856	1.00357371454895	-2.31140178860402	1.65161912967272
kesa1244	-0.850587998395937	0.770976308356377	-2.48590164867432	0.555469544699353
kett1243	0.160814247383819	1.04019000217778	-1.85583922154254	2.27841499732423
kgal1244	0.13377715933189	1.01008477613663	-1.85899397622821	2.17073310691319
khak1248	0.0647992764189474	1.02592568756875	-1.9823952941669	2.12467869196235
khal1275	0.266938256445518	0.803481267026086	-1.25384691689125	1.91713329684487
kham1282	0.227250725807372	0.974107223129469	-1.66952425216485	2.2257431206107
khan1274	-0.633918211471484	0.996917983095232	-2.74502011225954	1.1951446358177
khan1277	0.573153515859682	0.762355429789035	-0.87404623574478	2.11999460563467
khan1278	-0.859041055737105	0.909585468817072	-2.79077432931767	0.794892906798342
khar1287	0.766849641218326	1.01053737894662	-1.05540265291188	2.97595455695999
khar1288	1.14706486809485	0.814102558866779	-0.360531973002166	2.82570940450617
khas1269	0.498609429003144	0.889066581657749	-1.19275969420604	2.28391679683541
khez1235	0.608697719223162	0.762303532636373	-0.814088837651428	2.17923321235483
khin1240	0.192878094602768	1.00951449746297	-1.74231511943078	2.2970478650205
khmu1256	-0.644730387361924	0.97401415740983	-2.71206692022345	1.12948893406186
khum1248	-0.720160966552198	0.876561786878357	-2.50991116497635	0.898422199053827
khva1239	0.297182516504324	1.02500443035972	-1.674656666982	2.38672992867557
kich1262	0.123328533244363	0.934816199964319	-1.68818750814567	2.05083422881494
kiku1240	0.187237260855237	0.995656001202988	-1.77315144848442	2.28479705075753
kile1243	-0.545344933791453	0.963346816461239	-2.54691118437254	1.26737093020773
kili1267	0.555622343542685	0.88984217618737	-1.14422297453888	2.36353015329033
kima1244	-0.276378417186155	0.858353092097702	-2.10186856456613	1.34470102831368
kima1246	-0.338044382362337	1.03116461037644	-2.48709162641699	1.65781885351304
kimm1245	-0.562452382908213	0.981880447659111	-2.58982486994773	1.2698090970461
kimm1246	0.302729299530432	0.933945773371664	-1.46173406630828	2.2412611700172
kina1250	-0.277222007939345	0.923675508935696	-2.1338638192998	1.47604035146044
kinn1249	0.487697240642029	0.971712775170256	-1.31198519420764	2.62358520091235
kiow1266	0.232713657882639	0.996931528007468	-1.71968211510046	2.23547181628919
kips1239	-0.00331686122971557	1.01866787681009	-2.06085160472849	2.066409717665
kobo1249	-0.090527553106089	0.791478302113783	-1.69853279608874	1.44557478860769
koda1255	0.10429255101879	1.0382253774409	-1.96477898854302	2.22762535979953
koho1244	-0.579637381576641	0.970857196449244	-2.64099409246461	1.2477452314992
koir1240	1.09080124435603	0.807546063090302	-0.361416688908871	2.77283608975148
koit1244	-0.0477978895427718	0.826293625285068	-1.71355118434022	1.58066991317178
koka1244	-0.561307171805623	0.969920690255182	-2.60739149233897	1.25741225605095
koko1269	-0.378372541181942	0.874487676328285	-2.22114632871019	1.2397319973594
kola1285	0.528867878109249	0.955656688765613	-1.29211178434923	2.52216312705271
kolb1240	-0.357639269852795	0.945913423668036	-2.29962906259101	1.47706277263516
kolc1235	0.406861151726322	0.9991188117334	-1.4661266163536	2.4411042663683
kolp1236	0.830548978055432	0.827614320236987	-0.703338723107353	2.52853156353168
kolu1245	0.860921527262066	0.762250533705056	-0.540807698875228	2.44188353424774
komb1274	0.134497792350779	0.872166390186983	-1.58263503499763	1.90548649960786
komc1235	-0.424354264554641	0.761767610429213	-1.98895950192124	1.03798110171416
komi1268	0.0782855832344341	1.02277144361827	-1.95561252950109	2.19798271458091
komi1269	0.0802515189067848	0.991109190921581	-1.87852373818922	2.13742824054293
komi1270	0.98973072495491	0.837205968358173	-0.526127162221552	2.73014100151635
komo1260	-0.701812907774137	0.993258221673656	-2.8113366793849	1.114857933527
kona1242	-0.230293994227232	0.88559971751033	-2.06374003233572	1.53091891378364
konk1267	0.0257823835123488	1.00491885523352	-1.99050066032765	2.11109147983487
kons1243	-0.125157507664865	0.941942708881156	-1.99948558220867	1.76059214458414
kony1248	-0.116066635210906	0.777825366665042	-1.68881093434868	1.42017598191454
koon1244	0.145266619736667	1.00644621283599	-1.82517642129048	2.15758255027268
koon1245	0.349224498603408	0.991669554795711	-1.5384668487737	2.38284924424272
koor1239	0.141068977042213	0.958100468391338	-1.73760160115448	2.10341151068759
kora1294	-0.29165135368115	0.843548024333548	-1.98874309390179	1.32195617625371
kore1280	0.12145382786508	1.01249778520511	-1.85412524901379	2.15505305588283
kork1243	0.317422373234546	0.957426000139039	-1.50328308994465	2.33262342813765
koro1298	0.35875536037204	0.972999157258677	-1.51340151103306	2.35973381316118
koro1312	0.356828189306105	0.860062499767409	-1.30195547792889	2.09959334386259
koro1313	-0.159167546832458	0.856204822740099	-1.897635578104	1.48356137940417
korr1238	0.0629708385440466	1.02672608766678	-1.91278279346174	2.18096675407255
kosa1249	0.0189020171770057	0.836851943612307	-1.62319021407473	1.69474689911746
kosr1238	-0.0587372982463742	0.978634824676154	-2.07382773237274	1.8622026793998
kota1263	0.121002974567716	1.03573222641706	-1.96165047876572	2.21618032652672
koti1238	0.0436130858690197	1.02469559080398	-1.96890589177204	2.070622544886
kova1243	-0.341784437534998	0.783980572056132	-1.94509840464696	1.13501073087449
kove1237	0.265887471730305	0.782801368963394	-1.23934547896061	1.84646402097872
koya1251	0.206694195923827	1.02357308098817	-1.74192355012463	2.28416108195006
koyr1240	0.16517610831779	1.02822794715548	-1.84600829562685	2.27806278090369
koyr1242	0.0939038615374133	1.01054368810883	-1.92520786213391	2.09951445489858
koys1242	0.169962180116359	1.00402682529029	-1.76094919228392	2.20083565842195
kren1239	-0.488608555844044	0.982839023367074	-2.54652902473114	1.32547365282797
kris1246	-0.603532227180359	0.876335712011342	-2.44639260648884	0.967800056149106
kron1241	0.291854590842679	1.04680345125042	-1.669641225918	2.47373535549519
kryt1240	0.18787915891952	1.01092859629375	-1.75108181591758	2.27171721676912
kuan1247	0.0627660129113001	1.02030232940617	-1.93532285261177	2.11100899222681
kuan1248	0.246007721341534	0.766893316327445	-1.27544138367429	1.75715595126041
kuii1252	0.734522267274385	0.983635080756081	-1.10023276341303	2.83362831069591
kuik1246	0.345705756254642	0.897051614716162	-1.36670063960247	2.19381099706724
kuku1273	-0.107259654066093	0.949559605585143	-1.9685597270934	1.78583041095747
kuku1280	-1.00878107416048	0.974976401818142	-3.12158040471627	0.753637356468934
kulo1237	-0.078106703072047	0.804491320279234	-1.70820620482696	1.45604351137557
kulu1253	0.140959544350091	0.802701899057254	-1.40416965069185	1.77345805450558
kuma1276	-0.386155084738072	0.91853978123135	-2.3363359714917	1.34770862948537
kuma1280	-0.617511254309919	0.775512718035013	-2.25220161017307	0.843559047004822
kumb1268	0.358460394112847	0.984370504542917	-1.48018265158618	2.43298249112005
kumz1235	0.113064313556975	1.02021268221508	-1.90237218703627	2.19722982912508
kuna1268	0.181519037681631	1.06407884813407	-1.88301595073869	2.36302788112908
kunb1251	-0.782109678063486	0.946877821188357	-2.72522587071384	0.94842672156242
kuni1267	0.331958701529738	0.787845653127801	-1.16193200287612	1.94322348537288
kunj1245	-0.634174221101969	0.982790814610402	-2.69751532672294	1.1761601957483
kuot1243	0.0375907754656405	0.821554695132901	-1.58550912913637	1.63875519565607
kurr1243	0.461606164436383	0.976193164635502	-1.38209485064526	2.51233955003313
kurt1248	-0.673955107438524	0.853697454122546	-2.43172428264529	0.93862319305216
kusa1251	-0.460058637670475	0.867707484931369	-2.2021116438502	1.16222648440646
kusu1250	0.334460797106584	0.928560397377878	-1.47627020180466	2.23856453203536
kute1248	-0.738459553248695	0.824073539580175	-2.45031548864492	0.799304366583021
kute1249	0.377534508151968	0.974529416101526	-1.4715221109051	2.38419640621509
kuvi1243	0.724048931968798	0.9726425221868	-1.06034268498233	2.82101915503923
kuyy1240	-0.45491733999568	0.993550706193755	-2.53170661720034	1.41408835334824
kwai1243	-0.498726363430497	0.866912284679208	-2.32999942018367	1.12044126531436
kwam1249	-0.34847431520322	0.988715485474467	-2.44228458185929	1.5391335411884
kwam1252	0.659499219606768	0.770725385906548	-0.808382426805958	2.22086440154824
kwar1239	-0.521391881144629	0.858089651083116	-2.32141138926208	1.10947906246169
kwaz1243	-0.0765175543717414	0.971590706098983	-2.02516500108877	1.8865117043252
kweg1241	-0.492282005680109	0.977173758086855	-2.54585451260281	1.37459171182536
kwin1241	-0.321149684865482	0.998055425578722	-2.38582707639276	1.57734330470707
kwom1262	-0.0962734814461411	0.814769663943623	-1.72760803030793	1.49785012284808
kxoe1243	0.0136547943663362	1.01692594699441	-1.99022520140528	2.08747894060667
kyer1238	1.07253129767247	0.913116425071301	-0.538650255488493	3.09706547487369
laal1242	0.0153007883680233	1.00202475397341	-1.99753260029813	2.04230892670561
labe1239	0.319854223233083	0.810014285593985	-1.27727461147295	1.91893577505046
labo1244	-0.358427908350387	0.714055943631566	-1.85030284576031	1.01267214525062
labu1248	-0.0395500499632353	0.704438143040439	-1.44356839557212	1.3703081628352
labu1249	-0.167367666541219	0.890006294753615	-2.03507119399508	1.52007609732147
lach1248	-0.624557354146214	0.977597225076311	-2.67475987907609	1.17153689493669
lagw1237	0.170421357172149	0.900179738203004	-1.55502914197909	1.98485096532619
lahu1253	-0.361809589483864	0.864851353128062	-2.2028834621279	1.25784412614265
laiy1246	1.13440700533708	0.954252088480396	-0.56246391874564	3.17762514466171
lakk1252	0.262951385387942	1.01234875777953	-1.72254101895355	2.33129797265567
lala1268	0.293126862472022	0.796923845900321	-1.23284369795305	1.88123686105193
lama1277	-0.256950948877708	0.905030430561343	-2.10989010823424	1.47101526506865
lama1288	-0.712083814044371	0.867934881010525	-2.51742807503862	0.933151416119796
lamb1269	0.0643460064879056	1.0615792599282	-2.03504506268539	2.23163494797705
lamb1272	-0.349507221533995	0.979312020066084	-2.31440010282279	1.57409004886469
lamb1273	-0.327516041638765	0.998593794533631	-2.38371437979734	1.55333577958811
lame1260	0.199402880541166	0.710451461288602	-1.2139504742815	1.57660258799957
lamk1238	1.21543776686684	0.89994902788532	-0.371405535358024	3.13466244811506
lamo1244	0.2053782485542	0.776589636678697	-1.32095581273346	1.77383376985134
land1256	-0.191439707935894	0.940225582677121	-2.10816131690157	1.66467618930194
lang1320	0.0477984238390158	0.985611306891291	-1.94483883666161	2.0537186107234
lang1324	-0.0227059517937714	1.00792390899155	-2.03382959275412	2.01822345668441
laoo1244	-0.577973400571814	0.989120375815747	-2.64037658085622	1.27792229379045
lara1258	-0.436411208638127	0.942935678055385	-2.39950468249627	1.38569449345034
lard1243	-0.186636718012786	0.982672227681398	-2.21839768162198	1.75740512994756
lash1243	-0.210801959348334	0.878495516378023	-1.96822811867943	1.48387034301047
latv1249	0.0896824864519499	1.04912475436912	-1.95032564707071	2.24253786110345
lauu1247	-0.55497018476723	0.879785602883208	-2.38883872971144	1.10769878609464
lave1248	-0.671348172726945	0.978462342371176	-2.73861892443903	1.13607981579432
lave1249	-0.691122559138183	0.979946785848513	-2.74764693747387	1.10314879857822
lavu1241	0.0931747837116714	0.874626633594951	-1.66836820791655	1.81384302340959
lazz1240	0.128307650017756	1.02636494714509	-1.92637086741402	2.19417734334357
lega1249	0.0312749202446719	1.00744034127424	-1.97304888161027	2.10188041396747
lele1267	0.533417926522764	0.803915492756917	-1.04045187955064	2.13206114987949
lele1270	-0.613027232038725	0.924151486440212	-2.6013149193353	1.0287755678269
lele1276	0.336490690535023	0.962840071003384	-1.46924940288849	2.35459070893444
lemb1266	0.37708744489614	0.808896813858562	-1.1787821186668	2.06834995737867
leme1238	-0.256903561787316	0.897679246184486	-2.13134072449502	1.45941538754042
lena1238	0.77216945897983	0.77644261398052	-0.687998426816016	2.34810848584626
lend1245	0.504258277696092	0.939806780278518	-1.30200656034471	2.46797362338372
leng1259	-0.063603783060695	0.817984250517678	-1.70569021692306	1.57091917976658
lepc1244	0.0808394658882659	0.83351128231989	-1.50502959219641	1.75631937836285
lese1243	0.696673648522558	0.944287592288314	-1.06419910269342	2.69069879414858
leti1246	-0.229932064491312	0.921272985028425	-2.13053341426609	1.54217515270021
lewo1242	0.346420695294471	0.739751104909378	-1.1183518847681	1.79300032835311
lewo1244	-0.289905385793108	0.91060475363723	-2.1689173115697	1.42056232747793
lezg1247	0.211931238617679	1.0038707549696	-1.68754429906816	2.27842338973537
lian1251	1.18618094491626	0.85717429250549	-0.362376890937734	2.95408822277318
libi1244	0.671918907857896	0.976466246076018	-1.11516770245752	2.74165874860614
liby1240	0.0602048420757772	1.02405459719842	-1.89125768013676	2.14910598415079
lihi1237	-0.100093026837716	0.871788482600929	-1.87827433928756	1.57392823257676
liji1238	-0.175047937601064	0.932272840134094	-2.07893431223852	1.67635534258887
lika1243	0.217431999659558	0.937738577354975	-1.62187622583928	2.17169231333732
liki1240	0.637349645525393	0.981537775461892	-1.20173611701564	2.68822864562379
lill1248	-0.148854832884002	0.962782099212666	-2.12029328923713	1.70249096922351
limb1266	0.129445118801635	0.810792133032895	-1.41379030425364	1.78862304160771
limo1248	0.321756356730606	0.786625201785053	-1.16575315446272	1.95125963929976
ling1265	-0.302339311757265	0.686346303365721	-1.71152454805827	1.01150746818787
lipo1242	-0.779974973847451	0.970572926019171	-2.86898968618504	1.00351879001265
lisu1250	0.117817413854349	0.816274762332343	-1.51357995568082	1.70987522049244
lith1251	0.0433213509507818	1.0109533374078	-1.98065100486841	2.05061675734497
lito1235	0.671150568874029	0.963353015334706	-1.13601273073676	2.742374827689
litz1237	-0.325471494518315	0.694817321330686	-1.74232729013026	1.01375743992813
livv1243	0.154882526008749	1.01048997541358	-1.82703373568696	2.24533275578799
loba1239	0.621754187166417	0.981592957751327	-1.17403140766226	2.63989600798217
logo1259	0.0261993897607473	0.936229290974856	-1.85357429426302	1.89343581757617
loka1252	-0.202466977243966	0.891641701293319	-1.99578215136557	1.56120238280077
lolo1259	-0.762523689714835	0.977198609058781	-2.86038079544572	1.03987317773747
loma1260	0.00236324755078311	0.970255835817847	-1.93424594680936	1.93795226992245
lomb1257	0.135104141085984	1.02529729951401	-1.86566659242122	2.25419902358023
long1395	-0.00964050044275787	0.843268905450311	-1.65906039973499	1.68094550598485
loni1238	-0.604456944715172	0.923820528064631	-2.59331960375879	1.03906742678332
lote1237	0.667149317478148	0.812288104632827	-0.849197155183863	2.31180861181377
loth1237	0.135310757827613	0.787703978923624	-1.4481531227751	1.68834093667933
lotu1250	-0.103235153388499	0.818247040756062	-1.76395578529716	1.49182264478786
louu1245	-0.611762358345034	0.923169203292144	-2.55767478634733	1.0289085145455
lowl1260	-0.420443560666055	0.937518373482848	-2.36671375049934	1.38370965596531
lowl1265	-1.22804364773603	1.01843348039326	-3.4091868128747	0.6124608701804
lozi1239	-0.623617110573284	0.982781500606438	-2.65429871538987	1.2389107898237
luan1263	-0.2497086114766	0.929704393660161	-2.19110704010638	1.51805510256586
lubu1243	0.751837986525155	0.804272201643025	-0.714636237357733	2.47612192261159
luch1239	0.130777843101925	1.01635975022191	-1.8251096070615	2.14671619086799
ludi1246	0.139508307825237	0.995688983185059	-1.8272052612572	2.1700246380285
lugb1240	0.18276016703373	0.930194229852487	-1.64281127882734	2.10192959697393
lugu1238	-0.238126310531987	0.934720160032452	-2.07197129349398	1.58869561470079
lule1254	-1.17160975877394	1.03610097451835	-3.359671675235	0.714753857520733
lumb1249	0.171346801577193	0.990333657695615	-1.72616732991068	2.22502546132536
lumu1239	0.354441809810659	1.04186176866667	-1.61173263877034	2.52460864070253
lund1266	0.0974089927351658	1.00336779287264	-1.85548690764993	2.1283052960049
lund1271	-0.414604332385842	0.945641946321685	-2.33594196699311	1.38917904264049
luok1236	0.0595375033352607	0.978877348734992	-1.86780424110504	1.99001453858459
luse1252	0.400544905657497	1.00492843596631	-1.49597209628799	2.51913776524465
lush1249	-0.91828916938915	0.882250595994541	-2.8221641130882	0.693599375012032
lush1252	-0.241474429342849	0.961292764999141	-2.18681379798993	1.59194490204285
lusi1240	0.0916436524995552	0.759439836860579	-1.45980656889677	1.57724240861958
luva1239	0.118752812244826	1.00875683312282	-1.87736626775914	2.17304745866304
luya1241	0.110707577391535	1.02481628541666	-1.91607319731635	2.14776021080157
maan1238	-0.148813399616642	0.983261970670451	-2.14081219619142	1.80511583615705
maas1239	0.308029227757105	0.912351829511017	-1.44424580547566	2.20468609149538
maba1270	0.489785363404302	0.974689355562518	-1.3580611480288	2.53371854046653
maba1277	0.0516363954418017	1.0393070810663	-2.02031687619041	2.11287063988624
mace1250	0.0672655362958234	1.03287110185254	-1.94850150862625	2.17633202608013
mach1267	-0.297648397147175	0.939444392531105	-2.19520888954819	1.51118376195572
maco1239	-0.0541897550093636	0.960127015633479	-1.95176914835685	1.87204590495115
macu1260	0.555265671020493	0.997374761168539	-1.31387523006909	2.68795652065505
mada1285	0.153591126851878	0.806937515151476	-1.41085224457009	1.76004290456938
madi1260	-0.287736039749542	0.96017380613691	-2.22246530423112	1.54236902719829
madn1237	-1.19251025610932	0.996493504875392	-3.26529482016799	0.586856377264065
maee1241	-0.29077403085361	0.69873142819596	-1.70827055703988	1.0696813746019
mafe1237	0.288602965686844	0.738217049602163	-1.13023394819952	1.78628536584056
maga1260	0.0113499772495529	0.991139466426613	-1.96893929107045	1.98221871539422
magd1235	-0.144425866657915	0.91115503589748	-2.02837687498547	1.63306359505752
magu1243	-0.263703967980227	0.832062003927635	-1.92696646846692	1.3532957572674
maia1253	-0.155354235195989	0.781701322112357	-1.72334256499857	1.40657429865614
maib1239	-0.158277880743803	0.926945556556196	-2.02522690864621	1.67023988799732
mail1248	0.0539944710363452	0.858719205938138	-1.68058713997862	1.77034157523588
mais1250	-0.694133205099099	0.877500750985469	-2.57092017826176	0.938379981958385
mait1250	-0.698749057041175	0.972911762733717	-2.83004103355435	1.07493745171882
maja1242	-0.190866486805397	1.00864274079634	-2.25553939170195	1.8390545386463
maka1304	0.347701149928452	0.990225746272303	-1.52744255019201	2.46224666229044
makc1235	0.163435178964793	0.920076813990874	-1.6857850696409	1.99428739798019
makh1264	0.103142846483281	1.02504830979463	-1.86056301833081	2.18626529203366
makh1266	0.218678374366208	0.987979031074219	-1.74678682569039	2.23349619623757
mako1251	0.127894437691261	1.04799057912856	-1.85469143184371	2.2820519731969
mala1463	0.0507851858621949	1.02652329473887	-2.00560466513273	2.11891400199144
mala1464	0.0854542303562462	1.02824363231671	-1.9559143445157	2.19216874278437
mala1479	-0.27499287069758	0.96149475171164	-2.23963068435315	1.56104324253569
mala1522	0.203598673553683	0.890830220320871	-1.49927506423056	1.98977119707812
mala1534	0.276285884727837	0.801379518762845	-1.28588802263404	1.86839008008178
male1284	-0.187186429616631	0.945834883285189	-2.09362711476758	1.70987681002086
male1289	-0.204056813070752	0.780759394284439	-1.80091885513532	1.31498770383776
male1297	-0.668810659248549	0.990612440787739	-2.72007592424277	1.15798502011756
malg1251	0.0131775917427169	0.916434137962156	-1.8127132651379	1.84945983015044
mali1284	0.541892280970147	0.802402237485957	-0.960133618606095	2.20216197360358
mali1285	0.470466116364818	0.928602861270574	-1.33945403064223	2.38951430982489
malo1243	-0.0141641652466677	0.712553213847345	-1.40733140289682	1.40009226917765
malt1254	0.0357059032399043	1.04182229591076	-2.06936185899937	2.15262429735726
malu1245	-0.302827558476482	0.70812528544763	-1.75799573823539	1.06845468108014
mama1275	-0.0595521785895791	0.910772663689507	-1.93926333154534	1.71899822470271
mamb1294	-0.521527006824214	0.847648137465003	-2.2400114752367	1.10099459765355
mamb1306	-0.57373023850896	0.929796745911569	-2.56144247120666	1.16011867133886
mamm1241	-0.181610337302858	0.916821090699743	-2.0357749902236	1.63613880830867
mamv1243	0.509719787322806	0.955397172296499	-1.34142629902216	2.47896707085365
mana1288	0.945743733220592	0.929372144909383	-0.740336697067155	2.90997871447051
mana1295	0.333428931170217	0.805188502285886	-1.20025998334742	2.03924652735183
mana1298	-0.0347265160261849	0.827578155028062	-1.68251328357308	1.59061682450115
mand1415	-0.271440132667135	0.992768422504554	-2.34534545602227	1.62536575346625
mand1436	0.377584446417611	0.980532801362965	-1.49125455624075	2.44664010104733
mand1440	-0.0379432200746889	0.867378495971323	-1.83282492869366	1.63848974828136
mang1378	-0.78032596820518	0.982281733530471	-2.81679675576612	0.998680816563287
mang1381	0.359599305008848	0.990917890017703	-1.47863827654466	2.41925711292049
mang1394	0.0104151798768504	0.89713008204736	-1.77739102535881	1.85764277053667
mang1401	-0.113850705767514	1.01998422176981	-2.21788028754467	1.85969088409355
mang1403	0.669794481000658	0.817519572698594	-0.838458467912687	2.32645725206211
mang1404	0.00267064559329699	0.702825199874802	-1.40983696419139	1.39162490027805
mang1405	-0.2900629826984	0.968240146562713	-2.29676490881387	1.53133299255407
mani1235	-0.120756036512186	0.928275965354612	-2.0110560961034	1.71301569698684
manm1238	-0.61955843318289	0.891475231465842	-2.57824522972912	0.995681366732795
mann1248	0.0375288138452858	0.963399005069318	-1.86391875876832	1.98279968713356
mans1260	-0.271954011373931	0.937078318561359	-2.19114120804775	1.53156716118817
mans1262	-0.43228177390923	0.913891021826766	-2.34002266201656	1.31541715595885
manu1258	1.18724033598448	0.945287731882486	-0.488232921638785	3.17038608513567
maon1241	0.446981997168555	0.957225233634837	-1.41854999893735	2.43926005253603
maor1246	-0.101038288017457	0.984879210858018	-2.07542470052256	1.77716787898958
mapo1242	-0.0512179869987508	0.696599246775834	-1.43593981416824	1.33371106603809
mapu1245	-0.483468168662519	0.981086078456695	-2.6557996375079	1.35024487631964
maqu1238	-0.291530342942352	0.915413025373235	-2.15180101023048	1.46229491103548
mara1378	0.0738642124597168	1.03018100108918	-1.9561378032711	2.15092676510235
mara1379	0.964659021393835	0.78855922472982	-0.477766712760023	2.56556743253752
mara1382	-0.878478750359276	0.867162214300263	-2.72007834221843	0.697693743022789
mara1385	0.595420563384537	1.00574397692277	-1.29338738517087	2.75529734284079
mara1386	-1.15657792854269	1.00805806778968	-3.32452693632271	0.645206625212614
mara1396	0.0840397641436958	1.02626178162901	-1.88788818737398	2.14034423578827
mara1399	-0.327426128462982	0.697576709954661	-1.75290983214786	1.03162220638242
mara1404	-0.203240734026751	0.851366533004157	-1.92634155250372	1.4644488086984
marg1253	-0.346894825517686	0.950611792520922	-2.31365429953822	1.48442652537906
marg1265	-0.350579748448223	0.908733352894823	-2.18649814147465	1.41529576366511
mari1414	0.147725553098312	1.04596408253774	-1.8955571355737	2.26496756974023
mari1416	1.34620884297197	0.887340421938792	-0.242560273811538	3.24594950501237
mari1424	-1.18975359341426	1.0052931059799	-3.30432187550414	0.60472827193971
mari1426	0.325830581867982	0.855766114540315	-1.31785570216133	2.08548994654803
mari1428	-0.879411076162134	0.799601529359602	-2.57275152659974	0.588223215471823
mari1440	-0.511627000592444	0.981336875367845	-2.5666633110879	1.33732793764388
maro1244	-0.31938262557327	0.86918407582013	-2.07527115550732	1.34996879142366
mars1254	-0.183483562491191	0.972224914432793	-2.16130647019291	1.69441714866223
mart1255	0.409313496606587	0.979230989031773	-1.4086531458059	2.46999026516728
maru1249	0.0546906825746852	0.917133746172568	-1.78588998788743	1.87738478961996
maru1252	-0.0786146251838011	0.975974978876972	-2.04626472623422	1.8545931435039
masa1322	0.138492537900483	0.901400438412389	-1.60843578671085	1.9866531149637
masb1238	0.63640372522459	0.902163749153366	-0.995817851004888	2.49453429990526
mask1242	-0.0458295957580754	0.702610278195464	-1.47044093999103	1.32166595591514
matb1237	0.243472323245966	0.910478737831389	-1.55015948707225	2.09603622096341
mati1250	-0.368038780936213	0.838245933589547	-2.09953996734194	1.2685913663415
mato1252	-0.580989374297712	0.762718318894208	-2.15102628869371	0.857417747364135
mats1244	-0.457197901304113	0.999871081632092	-2.54055625707613	1.49810537767371
matu1259	0.170505163419532	0.99844119410853	-1.7866487558148	2.22016070501911
matu1261	-0.610330939978123	0.780568992314878	-2.19241826734826	0.863076076315261
maun1240	-0.696329505897788	0.945415647622132	-2.63706642010131	1.09759204463693
mauw1238	-0.22756244003579	0.786741853025093	-1.80095326276751	1.32871061217959
maxa1247	-0.479856691551864	1.00365302692256	-2.60617865709537	1.44084481344245
maya1285	0.0564743986366633	0.957437702992822	-1.85514891744909	2.006393187956
mayo1261	0.325459169178604	0.928891832832588	-1.46766008140616	2.27055222349971
mayo1264	-0.308398484829917	0.973627337654708	-2.2591669174235	1.6488960111133
mbaa1245	0.0017620403231694	0.983653060487684	-1.96556273593893	2.01709846762351
mban1263	0.410437973537479	0.950638144912535	-1.37490430828359	2.37222705400055
mbay1241	0.249016342421801	0.926227239215189	-1.50497361730134	2.19980931455131
mboc1235	0.38747739470317	0.900772308622397	-1.28062525297862	2.25583609417703
mbol1247	0.147928907833525	1.01069355111588	-1.83725690341585	2.2243317892715
mbug1242	0.185939131863941	0.950455207841887	-1.62712100627879	2.07654765222614
mbul1263	-0.277664691250398	0.771145833683091	-1.8746082038384	1.17265183321558
mbya1239	0.426762489404685	0.968136185955528	-1.41471187278951	2.48471580797199
meen1242	-0.327700137372314	0.984688372484792	-2.37091528944775	1.59422227271857
mehe1243	-0.12437505353655	0.802028086151995	-1.74912706725547	1.40028695208197
meke1243	0.418372896480768	0.801864355537106	-1.08108355787619	2.10408528441311
mele1250	0.61866972782241	0.808663819101411	-0.936256091042938	2.21168560359065
melo1242	-0.169772294708245	0.938072795584486	-2.12282156449228	1.66512434461128
melp1238	-0.0873803703523659	0.778488772939932	-1.64549784461927	1.45312987313404
mend1266	-0.169859968766053	0.956448790864878	-2.12789074938605	1.73576698206965
mend1268	-0.140344564324645	0.804436352524647	-1.80867645411615	1.42116572478852
meng1267	0.828183027793574	0.817243442411408	-0.675559985281307	2.51977616396436
meny1245	0.272351332255303	0.79551340258134	-1.22518677624049	1.88356929254759
mera1242	0.704704364645029	0.810425087335779	-0.816747162775362	2.34166819527474
mere1242	0.360640284263664	0.751381259679566	-1.15265662547946	1.8913881954309
meri1244	0.128941337784107	0.948052830683335	-1.7307829801931	2.04151854083619
meru1245	0.232330835255964	1.00387092989061	-1.70547635607417	2.32536849793662
mesc1238	-0.463449254494004	0.986928681372263	-2.48030988891497	1.40660507716828
meta1238	-0.00489130548153165	0.843785369230716	-1.65531188644033	1.66055817339122
meya1236	-0.286027280630587	0.921650224117635	-2.17353837396279	1.45799713245918
mezo1235	0.54109266219491	0.928753028137504	-1.21957597999462	2.45037420226653
mezq1235	0.0622671914973295	0.930282594419778	-1.8231816558849	1.95494315632129
mian1256	0.651102041737695	0.856565510897113	-0.920057434342558	2.43489036081285
mich1245	0.203603782863758	0.991678036906	-1.71336680827588	2.21405621393246
midd1327	-0.0496110154904374	0.721509823970612	-1.51909773015742	1.40083331047578
midd1357	0.355772217109554	0.952002271645477	-1.46421359677509	2.33279381341071
mids1243	0.209454823770187	0.963442247484569	-1.62493679411705	2.16960059729971
miju1243	0.348721044275045	0.884880479360498	-1.40641301199032	2.16821834332558
mika1239	-0.274744216490946	1.00618462474194	-2.33343230523166	1.6527404547094
mikm1235	0.087439758255952	1.01468024577425	-1.8738120466216	2.17034493574902
mila1245	-0.856257565720313	0.898468416580296	-2.77733487505089	0.789424221612806
mina1268	-0.247295287415748	0.99505506356064	-2.33953983860107	1.70417910483939
mina1276	-1.00663191932396	0.888667183237847	-2.83395358463522	0.626964633470643
mini1251	0.273779828671322	0.771382589645305	-1.24264748444574	1.82143982758069
mini1256	0.0922939530176349	0.934342287471602	-1.73291049159487	1.97659191559276
minn1241	-0.307584370528041	0.964339331440151	-2.26066108144369	1.51139269410373
miri1266	0.240327556588482	0.979266405154487	-1.68179774896473	2.24428990825059
misk1235	-0.351130788218859	0.960802443341778	-2.36049835397322	1.47047378496823
mixt1426	-0.711154388902715	0.95138277210728	-2.68563383234668	1.07950746514383
miya1259	-0.250402402713081	0.979354453621071	-2.27204467189103	1.68288288976215
miya1266	0.151679068030295	0.981972356222832	-1.7165365762933	2.13810521502678
mlab1235	-0.615200345565515	1.00694482216166	-2.77035941265823	1.22370806829886
moch1257	-0.733847606906967	0.893797192313507	-2.62056948662691	0.917136957347947
moco1246	0.244606494128987	0.980476263431502	-1.64406716764827	2.24441193243705
mode1248	0.0237347840870079	1.04750968383584	-2.09866772514792	2.075893393784
moii1235	-0.133150261365563	0.931259227386474	-2.02929926392733	1.69831108247304
moke1242	-0.151024639324735	0.996233137508963	-2.19282224645596	1.77917055025372
moki1238	0.897601063956633	0.984725865948343	-0.896964520761052	2.9909532177622
mokl1243	-0.103166212163609	0.989788008875302	-2.10258773198725	1.79568574035111
mokp1239	0.279675113665115	0.93470158275899	-1.51027890958852	2.18451207116316
moks1248	0.130266273950652	1.01556665384746	-1.85037793689794	2.16701135242203
mong1338	0.185197090986333	1.00771126275681	-1.78387540482397	2.22093256235578
mono1270	0.249401968132351	0.929547330784898	-1.55885469242758	2.14868297628149
mono1273	-0.152991066428929	0.90726436675673	-1.98995795793489	1.65010939498426
mono1275	0.12957490321358	0.955548219334997	-1.72695457244134	2.07223947049888
mont1268	0.0971380203585843	0.990468041805666	-1.86889270355544	2.08225452471944
monz1249	0.58404745561592	0.951222155791892	-1.19871322426704	2.6461238956864
more1259	0.443399420189717	0.937666704626104	-1.41670169214999	2.37315447748685
mori1268	-0.441357813863467	0.917874480727851	-2.34101079306404	1.3205558606243
mori1269	-0.589031065453562	0.932029556949539	-2.53563750352022	1.17151563628923
morm1235	0.900924691222569	0.919064068537359	-0.757522080960569	2.88334171925599
moro1287	1.11942170317546	0.991061025861177	-0.690280973491019	3.19552423641392
moro1289	0.0714018340527574	0.947177038542252	-1.77171747075477	1.97347475180751
mort1237	0.66408534907668	0.980017830952443	-1.17678946647466	2.6892404915909
mose1249	-0.290900408684526	0.933300445818543	-2.19913583095206	1.53963473998195
motl1237	-0.297074335913377	0.909088364842388	-2.15148648374539	1.44391521271057
motu1246	-0.314120936020149	0.809425766872151	-1.96064089075829	1.25034976717851
mouk1239	0.102352129573258	0.758144796976333	-1.39963955801906	1.59880598441064
moun1252	-0.283004662098651	0.830885224090306	-1.99195895052172	1.29886372474975
movi1243	-0.551767426686578	0.931844141661211	-2.49166215696931	1.18388009461142
moyo1238	1.25370818333016	0.878241946145733	-0.330194319775013	3.1053667761157
mpad1242	0.291409099868689	0.953762768117814	-1.52711583252893	2.26239660409422
mpii1239	-0.662427917717323	0.967313112980299	-2.70461881438299	1.08264325077298
mpot1240	-0.096398041324376	1.01723959799548	-2.16076750392726	2.02387946538267
mpur1239	-0.256364453301825	0.931552319853149	-2.1643517082619	1.53691499370096
mual1241	0.807937924721153	0.910941673742189	-0.850363767710279	2.73984165493317
mudu1239	0.13576759995541	1.03135159143693	-1.88202765242268	2.31319571068015
mudu1242	0.191748364323234	0.876987563884138	-1.55824826413554	1.98761585812757
mull1237	-1.13557798252048	1.0029821298324	-3.20538021807714	0.6802942964155
muna1247	1.3255123860003	0.957400888238596	-0.405624927422457	3.39440751511084
munc1235	-0.403587370710251	0.887246359271088	-2.24858795490907	1.27989987151347
mund1320	0.766733061847711	0.984619002489668	-1.01135098126977	2.82150633537336
mund1325	-0.387766467612161	0.871159984573207	-2.11141180141233	1.30255332589931
mund1328	-0.677511443448453	0.755984712981746	-2.20271164477688	0.7792249988056
mund1330	0.381923153958411	0.967033562647675	-1.43453668885591	2.40677355006716
murl1244	-0.150263310037021	1.05216663609451	-2.26065558699915	1.93813340689391
murr1258	-0.813328044904599	0.984577399507293	-2.95310133490548	0.990952265449303
muru1266	0.304150000404106	0.983031274466827	-1.56607068540133	2.3918965219171
muru1274	-0.30926484620183	0.940687971611715	-2.25478019371231	1.49070735260642
musa1266	-0.723456235790582	0.799774171216635	-2.42383533735887	0.764702256572197
musg1254	-0.089686752900866	0.912269856138813	-1.88430238062172	1.71277016770113
muso1238	-0.102546495366751	0.715039564624292	-1.51515721089656	1.29890199476285
muss1246	-0.339372518546111	0.976900011662682	-2.41179980894944	1.49171674328623
muth1236	0.105599833008294	1.03764829928958	-1.91160333223787	2.22629985339864
mwag1236	-0.218756685289351	0.918397421785559	-2.05612707793951	1.61546685280426
mwan1247	0.151291186881753	1.0290974860725	-1.89621565428376	2.31032561620181
mwan1250	-0.774239205274949	0.964403381198629	-2.83751129122935	1.03561563653383
mwer1248	0.138071616353282	1.0032309232899	-1.80203918749423	2.16663203817291
naas1242	-0.0979890235511731	0.845559644563835	-1.82969293974831	1.54977515245145
naba1256	-0.151547163039999	0.716700273998061	-1.57909405493784	1.28799690685682
naka1262	0.625920538452683	0.792359113969288	-0.891402474675371	2.22857367845714
nalc1240	0.179860655454936	0.816618935315628	-1.42278223318949	1.83161503361086
nali1244	-0.0663949422106297	0.831195989265551	-1.74515700820866	1.57383216988251
nama1266	-0.204759187762329	0.899352960153835	-2.04125873573864	1.52301417106132
nama1268	0.564018663130943	0.808239524184833	-0.991215762048836	2.17937032363168
namb1293	-0.258249092009903	0.888192071222822	-2.08665662940997	1.4680325402848
nami1256	0.164798799710083	0.781682059444225	-1.36721494450207	1.73266973167918
nana1257	0.0772187488350812	0.975816029940863	-1.8780351206262	2.02474318484932
nand1266	-0.111070924444716	1.03870219025497	-2.22396280385946	1.99793765140209
nang1262	0.33315895999361	0.912829179385402	-1.4028913565592	2.23372278599932
nant1250	-0.360112652387898	0.943128333992855	-2.26288702103747	1.4704435272492
nara1262	0.187824164337656	1.05973056229943	-1.87082623903326	2.34622993513396
naro1251	-0.429848147330465	0.949898220259998	-2.38431725197405	1.34950491025759
naru1238	0.221511259757881	0.96730013203666	-1.60102177130184	2.23088540581953
nati1244	-0.324480223680229	0.711523200557548	-1.7803513525671	1.04896797720253
naue1237	-0.333615847578036	0.922614237043177	-2.23347459132593	1.47265619847844
naur1243	-0.170431759656159	0.973578005699078	-2.19950459975246	1.71473127583385
nava1243	0.501148521920065	0.953007646550433	-1.28421717521897	2.50866091424072
nawu1242	0.278077573621436	0.948670885955298	-1.56228808089051	2.22974280440141
naxi1245	-0.215672679808686	0.848516251865297	-1.96947708104253	1.41688529401277
ncan1245	-0.564799496912431	0.760586669029634	-2.11474279202074	0.90159335276509
ndam1239	0.0510915923901775	1.00350719627953	-1.90092178773519	2.10243613616775
ndam1251	0.113215639433204	1.02703733195998	-1.85641118186503	2.21163024558021
nden1248	0.158854267701682	0.985975126312941	-1.726312775824	2.21215258808666
ndog1248	-0.530576918801795	0.942312514584743	-2.48749411554778	1.24563641501131
ndom1245	-0.322453151966271	1.01662569655185	-2.47166285958315	1.61360468390464
ndun1249	0.463987563255719	0.972120237546772	-1.35624252411545	2.49464389923854
nege1240	-0.199192859113745	0.940294756845905	-2.1757362194783	1.59631772475343
negi1245	0.339246027625843	0.988732090187109	-1.593218461957	2.38109696833375
neha1247	-0.122939996154038	0.899446758525836	-1.95094051709317	1.61110289029436
nend1239	-0.271438965770471	0.792814488889763	-1.90843222333707	1.29839961208376
nene1249	0.0737934214071438	0.999055166576561	-1.85930090464936	2.12694240468463
neng1238	-0.0177702808387976	0.948027577970448	-1.92721492084816	1.82374879605665
nenn1238	-0.240305256832685	0.878101775840262	-2.01164262987977	1.46720829371591
nepa1254	1.08004514326128	0.891878494994675	-0.533990997916495	2.98957757168601
nese1235	-0.278338775711036	0.706061333137965	-1.7176019749066	1.10078841756904
newa1246	0.81925998372365	0.862266867066465	-0.785669973171435	2.59240607146775
nezp1238	0.187759048538544	0.959415840222236	-1.68733140146038	2.1232038484217
ngaa1240	0.244918899182235	0.936279279835509	-1.60735343822402	2.17201693814488
ngab1239	-0.0375227888067731	0.912609885843995	-1.91838637104693	1.74259016997918
ngal1292	0.258237586025499	0.964671769472461	-1.56902154267781	2.26090561483389
ngam1268	0.240059988356565	0.929835844023708	-1.54676294181358	2.20993482296874
ngan1291	0.0721746022604136	1.01791438023499	-1.91178565976687	2.11155733919454
ngan1295	-0.0474494637742688	0.951681032465133	-1.92960436203982	1.85476030759241
ngar1235	-0.285794764681967	0.908664967044611	-2.09770777617438	1.47603258311315
ngar1283	0.541637726329129	1.00896032837889	-1.39516700151874	2.65500413450077
ngar1284	0.37517158328586	0.986839228225525	-1.52496219287822	2.3907290253357
ngas1240	-0.452203739078255	0.919865699960859	-2.34793126563784	1.32323212207986
ngba1285	0.658682618397735	0.940723805756386	-1.10161731556649	2.67136667923824
ngeq1245	-0.737400143199184	0.963849595591793	-2.80426761069258	0.992095494693456
ngge1241	0.0280599834176523	0.890152290338587	-1.74337149252414	1.81017419460694
ngit1239	0.755466827613319	0.956374743423306	-0.962748661739986	2.81310828438513
ngom1268	0.486596847000864	1.00300732358762	-1.42939605492705	2.57263467135291
nhan1238	0.239605242439012	0.960894980977552	-1.62748188193242	2.16389696037104
nhen1239	-0.244511706458773	0.896618986022914	-2.08889103721665	1.482175477953
nias1242	-0.214570859829339	0.961046833642614	-2.23186579562158	1.61372253571867
nige1253	0.122460044529862	0.923873458597727	-1.68615824691151	2.01696080008716
niha1238	0.177207019038924	1.0106487601768	-1.79781230638587	2.25651005040512
nila1242	0.197777742806632	1.01322367035569	-1.78341047391581	2.20538009848396
nisg1240	-0.378088727446223	0.986408410078002	-2.42019562381457	1.5338041404425
niua1240	-0.16295509762134	1.00297481942538	-2.26040204827761	1.75685884642981
niva1238	0.338113483032875	0.990916392040619	-1.57809468509602	2.36297685241619
njan1240	-0.105368798407206	0.861447812297586	-1.79871939578804	1.62505242526806
noct1238	-0.286679651392775	0.811318992036419	-1.94466077735901	1.27805337863321
noku1237	0.477834082443287	0.838834833213132	-1.12307616274217	2.1431333105596
noma1260	0.547229483077888	0.953004816671609	-1.23373309554527	2.58154140663781
noma1263	0.51114121092659	0.961812350369388	-1.27703743592423	2.55758430878619
noon1242	0.295661281463459	0.987314345637936	-1.62226665048802	2.3047940664225
noon1243	-0.4889131500675	0.768897536082826	-2.07278788173913	0.975178244418249
nopa1235	-0.808923476496378	0.964303715718074	-2.82704223773688	0.964242955254913
nort2671	-0.0164806448540255	0.989544778802085	-1.94941329858628	1.97233763646189
nort2684	-0.393743969928215	1.02841094398222	-2.5694495807628	1.53424535229047
nort2690	0.0336541532056076	1.02003837323987	-1.96147571806038	2.10868226070772
nort2697	0.232032586872622	1.00029408163679	-1.70363369682234	2.27449772795801
nort2699	0.144785907308517	1.03510457409159	-1.88741596699618	2.27154698609167
nort2702	0.279553352926523	1.03340983887091	-1.758919612528	2.37473095356141
nort2722	0.270753343240736	0.88712375754204	-1.40697560397136	2.08937381656461
nort2723	-0.0769829819640509	0.898487231186271	-1.87702449691458	1.66814490494604
nort2724	-0.19778235868213	0.861294496420277	-1.98051265152687	1.43943441799224
nort2732	0.489970601007204	0.954846184347584	-1.30159786402159	2.52381087871862
nort2745	0.128228327274379	0.99391830793008	-1.83103153165937	2.19439833934193
nort2747	0.0611055975243903	0.947845206346352	-1.87526015380304	1.93733017202489
nort2774	0.371233742933048	0.964601642797451	-1.51824708007287	2.3980156843073
nort2775	-0.751165448408008	0.968392673147138	-2.78531766065831	1.03787507228864
nort2795	0.173348136550268	0.979053722836982	-1.69080840423905	2.16945668157398
nort2839	0.291729285714959	0.697841867632789	-1.09474682094722	1.64425252826902
nort2845	-0.113715897570213	0.994587522454605	-2.19826604969505	1.81810097586863
nort2847	0.844370791212869	0.783577958650439	-0.641015247304741	2.43621015853711
nort2877	0.902875465006101	0.80026707603112	-0.537571369985061	2.61402334414466
nort2885	0.247253760735911	0.871961015540519	-1.43754612162926	2.0314535942279
nort2930	0.330612389673007	0.868098498094061	-1.31949418971648	2.10666242809159
nort2938	-0.621913091271862	0.972679383009239	-2.7132944470272	1.18030215321488
nort2942	-0.384419457233164	0.964285453161367	-2.39096671701706	1.42824242193285
nort2951	0.335926727042147	0.98363082205893	-1.50565443400372	2.41482680646176
nort2954	0.266493027744032	0.968596403114572	-1.59460171083226	2.2545419787324
nort2957	0.704902654094222	0.891565669156988	-0.932594839952026	2.57856429251611
nort2961	0.137702359272664	1.00887528129048	-1.78401366003288	2.17842221749909
nort2972	-0.259726097096461	0.945667308804955	-2.19389389041077	1.62967323741615
nort2980	0.449815460053441	1.017443330441	-1.49468497126708	2.57772499626971
nort2994	-0.554781237230511	0.975185654946985	-2.62189673527534	1.2278280568463
nort3047	-1.0343141057658	0.904030322094689	-2.95490806518925	0.624380415280567
nort3139	0.192541032405963	1.01750105382693	-1.76158021445296	2.30322987930061
nots1237	0.0492234427677788	0.818481321184183	-1.60282372835806	1.66789035216889
nsen1242	0.0956261017613127	0.987732212344355	-1.83479101515449	2.11176824151917
nucl1235	0.143461343935561	1.01196043393211	-1.83851806634098	2.2272813681097
nucl1240	-1.08781577194324	0.910826751752373	-2.94935267278855	0.558681697899941
nucl1301	0.0336645691305074	1.02375479570632	-1.95503999812759	2.09485164218932
nucl1302	0.230551080390987	1.03531026890044	-1.81156917114197	2.38391870222347
nucl1305	0.0715521486408526	1.04756288981318	-1.98665004378046	2.19299412165845
nucl1310	-0.415735836495419	0.847306453153204	-2.10920590683684	1.24076449070929
nucl1327	-0.215289617901723	0.950895663056505	-2.15405364359598	1.63567913177738
nucl1347	0.286592706146759	0.989709243770115	-1.6228032848483	2.32960552943849
nucl1417	-0.792941863542272	0.897853080746972	-2.68634178072697	0.846273008059178
nucl1458	0.27474322782882	0.793021821770239	-1.23459419244248	1.90139595635586
nucl1460	-0.26010826952523	0.969001909359413	-2.2822256872977	1.62252536286521
nucl1593	-0.227096678425194	0.783285874755709	-1.86550203302383	1.26916535916919
nucl1594	-0.0294114117192505	0.929218570526396	-1.87771556957216	1.77142976560051
nucl1595	0.162080635315542	0.882791455634251	-1.61900479565728	1.90982078772591
nucl1622	-0.158261457695665	0.972053728118539	-2.14448228801294	1.72634130789053
nucl1630	-0.686392800192322	0.842834015010817	-2.42354199362302	0.842234720573497
nucl1632	-0.617734374428317	0.92084481647684	-2.53127624224887	1.11761108858004
nucl1633	-0.545450021225633	0.921614387673242	-2.42721874358915	1.21204781279649
nucl1643	-0.324308347208347	0.978148459678291	-2.29270373014384	1.53845950340652
nucl1706	0.0744104219611573	1.039339540258	-2.02975456560121	2.20311922219468
nuer1246	-0.113227992743327	1.03120840074309	-2.20654904669377	1.90969784996178
nukn1238	-0.440703094991483	0.737724043207474	-1.96673861629881	1.00448383704782
nuku1260	-0.0300245018364348	1.00089224360834	-2.09368338252616	1.88300781567662
nung1282	0.183709068804143	0.836431096515708	-1.46334744475637	1.87095648887485
nupe1254	0.287814527317516	0.940945142244651	-1.59281952152772	2.18911637181384
nusu1239	0.101935492923058	0.81895419642051	-1.5432325678038	1.72833660683763
nuuc1236	0.430759375674714	0.975760682049812	-1.41278414713233	2.48871954869901
nyah1250	-0.371048021411534	0.999218098897561	-2.51479992899148	1.4690078133119
nyak1260	-0.616330270246838	0.985075594414284	-2.72191056578413	1.25190410304187
nyal1250	0.662729027485237	0.97438097157507	-1.11834503455963	2.70044526220792
nyal1254	-0.320768724369803	0.957975961294373	-2.30680454849634	1.45213974925436
nyam1285	-0.870109310204022	0.907082962520468	-2.7205555854577	0.810096824927831
nyan1307	0.395515674650418	0.94264765645761	-1.36162305536086	2.31066572287271
nyat1246	0.15394811599116	1.01794360708373	-1.81668536823611	2.24782518713544
nyaw1247	-0.668699677007944	0.982273643687412	-2.8440024535246	1.14060532876393
nyig1240	0.403265698616043	0.993699266743428	-1.47421574671837	2.4230484583007
nyis1236	-0.629682603215861	0.900407041773655	-2.57369434722969	0.978036252773556
nyor1246	0.457871782788783	0.972554797660871	-1.44173301965178	2.4532339914838
nzad1234	0.098153737237027	0.984893047526546	-1.82650175277201	2.12048389575912
nzak1246	-0.0311511635285637	0.919841219663038	-1.83861480409607	1.79668339900822
obok1239	-0.04468622068923	0.894659587018782	-1.85330469002794	1.70331127458555
obom1235	-0.485692320883486	0.819733509043071	-2.20232322605962	1.11928339762175
occi1239	0.100487977497486	1.01801712241226	-1.87403219746055	2.14662728511979
ofay1240	0.42518951202409	0.983643227466054	-1.49201646980096	2.48785785293554
okin1246	-0.235125053557031	0.976016816637867	-2.32277617474638	1.62269332857759
okoe1238	-0.317785311415924	0.888518804932761	-2.15711541304931	1.4230580407294
oksa1245	-0.0111241570882462	0.829602239309023	-1.70570979938268	1.60689709133097
oloo1241	-0.11366076272761	0.774674853393314	-1.69156738196386	1.4129725579288
olut1240	0.360120796865831	0.904768240179971	-1.36303131305398	2.26408055752124
omie1241	-0.766571276411243	0.866503483448438	-2.5890845382817	0.841516647914469
onge1236	0.198170297750461	0.984854517928341	-1.75766299083336	2.16390567521654
onon1246	-0.0680402287029112	0.946994434695292	-1.96121654875262	1.87339034112087
onto1237	-0.197939820135819	0.984358401873561	-2.19475344417975	1.78202371338741
oriy1255	0.659824588840233	1.00850300408807	-1.16090940487374	2.84388153391606
orma1241	0.061217093939181	1.02443869934649	-1.92276527085865	2.12493607320414
oroc1248	-0.568849748864795	0.967722002932155	-2.62718178592593	1.20203521503542
oroh1237	-0.357748681418011	0.913695404018455	-2.29058018960731	1.35353665322866
orok1265	-0.638018289204257	0.96128063799556	-2.64702588416761	1.14788543947931
orok1266	0.197138921680732	0.905391753694131	-1.53334639665748	2.06928227096375
orok1267	0.470260371900573	0.884622275751978	-1.19466389730046	2.3487926918556
orok1269	-0.707343240346595	0.864535737753971	-2.51490600201548	0.882194764457428
orow1242	0.11612815806342	0.848552765004715	-1.60984803794515	1.81756827162462
orya1242	-0.434426849484175	0.912859228051693	-2.37184570280613	1.27510174498735
otor1240	0.367638126994108	1.03556257722651	-1.55516866308321	2.52612045767731
otta1242	0.107941300383148	0.990017992865116	-1.80004740698228	2.09741643879594
paaa1242	0.175509448762014	0.975896051574398	-1.67639867384155	2.20475350388759
paas1238	-0.255802312808868	0.9220216797066	-2.12655686433433	1.5505709136021
paco1243	-0.565502251966591	0.984815457657265	-2.68023719444273	1.28089886606582
pagi1243	0.393301374524728	0.967621993648588	-1.41529343495194	2.424704350991
pagu1249	0.0394084869723764	0.977195544798808	-1.92337414480106	1.99212320675292
pahn1237	-0.511978831729137	0.998958084171352	-2.59236314022754	1.39686989981653
pait1244	1.14197481315585	0.893794883512874	-0.506713691140218	3.06624709227289
paiw1248	0.233644452623724	0.859097298323519	-1.42734912036687	1.98146384606852
pala1344	0.651238344942671	0.98649908493017	-1.22910868487718	2.68762590635729
pali1279	0.0969006870754145	0.999346287252921	-1.81095764669491	2.1717601290607
pamo1252	-0.578467431398511	0.95458170638684	-2.54273589775948	1.21283583730992
pamp1243	1.09508894101849	0.908737758585109	-0.491084969430962	3.04186676297993
pana1307	0.344255197145161	0.961945526811796	-1.4729458535535	2.36376454015182
pang1287	-0.235780883748964	1.00580131514269	-2.30012573048533	1.71743969750826
pang1290	0.956442823678847	0.848237857716733	-0.642062836893531	2.69966333648688
pang1291	0.170971374147009	0.939512754871929	-1.67641713231011	2.03732763244977
panj1256	0.145070445092894	1.01588534181788	-1.82089194623711	2.23311712460586
pano1254	0.0744152619282243	0.972041989262831	-1.79743079448597	2.03889925735179
pany1241	0.36794706533282	0.964969989663214	-1.47912783001725	2.37382163662183
papa1238	0.735114250066996	0.921777267806705	-0.95507038503861	2.64870716078718
papa1265	-0.0963146265846266	0.819864993017099	-1.74081669531189	1.54065521809127
para1301	-0.15494456272584	0.975090155073082	-2.14048030735122	1.76000541451138
para1302	0.119003685811138	0.783338213588189	-1.39206198503455	1.67027685884799
pare1266	0.738821001557532	0.945191234346952	-1.01994933105046	2.77461406134847
pare1272	0.207262564037453	0.95445272720349	-1.62176319636934	2.1779083012423
pate1247	-0.0492627253313444	0.702691022847064	-1.46166761613717	1.34842630782627
patp1243	-0.021534617865956	0.808503161288149	-1.65967679338769	1.54720664534306
patt1248	0.463228666602228	0.984505619183888	-1.37720629620534	2.54316432293932
paul1238	1.31089315594697	0.983335485105904	-0.433983973743047	3.36424514368927
paun1241	0.271687279862772	0.955460640043451	-1.55440302100666	2.2749567710146
pawa1255	0.0432197881322683	0.797872079828876	-1.50585485067175	1.64325140815677
pawn1254	-0.390770497418872	0.97350188564968	-2.42753893129378	1.46599770617982
payn1244	-0.205551661992719	0.788986657998195	-1.77577225670416	1.37380628571764
pech1241	-0.389696491451123	0.971833174855112	-2.38966627542634	1.47621682786253
peer1241	-0.621678566619116	0.933604173041996	-2.5436024187268	1.18149928294941
pela1242	0.232155891871497	0.853639731696986	-1.48453422454803	1.95743853427531
pele1245	0.673218482695889	0.790050489522795	-0.814235083127182	2.28007713826917
pemo1248	0.283936845679369	0.99118200626558	-1.60037502938997	2.3202173289943
pend1242	-0.602795859207018	0.972837598891302	-2.65934904799113	1.16837682189903
peng1244	0.726676709710237	0.983739565224384	-1.07940710061531	2.86353763297859
peri1253	0.0586772472517965	0.995072377186773	-1.88744443328429	2.0653127091365
phai1238	-0.637104501421523	1.01508153836647	-2.7845546092901	1.23161854274194
phak1238	-0.459863617630775	0.873124360786491	-2.21749698471271	1.20492068457254
phom1236	-0.108675984056464	0.772115440265087	-1.67862168953172	1.40058605391345
phon1246	-0.484756735831675	1.00910669260084	-2.60555277762592	1.43229894733405
pich1237	0.581405849884541	0.990521967539721	-1.27720211388223	2.64002442583648
pila1245	0.275754729844155	1.00209979861305	-1.63132229282271	2.36321062915293
pile1238	0.0529287216294424	0.897801668710894	-1.74287609519346	1.81412945750818
pima1248	-1.20495523102636	1.01165360755113	-3.38340248768002	0.575290954459584
pina1252	0.158094103688364	0.793094133084671	-1.42521052683607	1.73997522404855
ping1243	0.943993348024633	0.998852072994833	-0.854756176976691	3.07174260882683
pint1250	-0.559913028598937	0.974307916028301	-2.5949713999303	1.31006235582691
pipi1250	0.132756238358384	0.968405962394797	-1.71384462817076	2.16776967633138
pite1240	-1.17573470619158	1.04951773233401	-3.4574061055011	0.701055973165811
plai1258	0.160878209338074	1.01122426831571	-1.83135697577637	2.17195360399617
plat1254	-0.316999980814184	0.973283149158142	-2.30620117053487	1.53075563391707
pnar1238	0.714045042370899	0.902197357438776	-0.995711271205565	2.55977692137272
pohn1238	0.0722960531863735	0.949576586679324	-1.88896923494353	1.99247450928125
poli1260	0.0369548954889757	1.06127537511771	-2.0486427556495	2.22758008613605
popt1235	-0.668527721802054	0.875533857220203	-2.49306931844942	0.961998333518343
port1283	0.101780344124925	1.01331189971938	-1.89486664557149	2.15991398169171
port1285	-0.0816546276446209	0.700162512771071	-1.52826857657345	1.26420758946428
pott1240	0.654258955099079	0.946816655060379	-1.06307537052926	2.66259928947029
pras1239	0.0298889477538424	1.03819269460355	-2.02055345585583	2.12418082219579
psik1239	-0.919394849874589	0.89106713341117	-2.83955731768524	0.699663634657477
puka1242	-0.123862677480521	0.994171596842907	-2.1802818087007	1.80322465021609
pula1262	0.231653273282284	0.997661384207115	-1.66554014190996	2.32229725226192
pula1263	0.261901347211617	0.990841390843482	-1.70930708678629	2.36287520219203
pulu1242	-0.207871557560343	0.974223947837598	-2.19613674497269	1.67615822827617
puma1239	-0.148743149439443	0.780169442649949	-1.68315122246972	1.34846355812156
pume1238	-0.420690025731142	0.988348266181671	-2.51897014512482	1.46044625499837
puoc1238	-0.540059714992131	0.979962952753592	-2.61559793952405	1.2888327534334
pura1257	0.424296960653609	0.878309185510011	-1.24835366741284	2.25073685954201
pure1242	0.294720429922807	0.978666374031702	-1.60819613002424	2.30382612516134
puri1258	0.393176284361839	0.979281963751385	-1.45598596904393	2.43187727776716
puyu1239	0.183111712105573	0.824637024881653	-1.44318813257774	1.8333616345893
qanj1241	-0.587917826605387	0.904673064966605	-2.48590139085352	1.09526595964964
qaqe1238	0.426267167762244	0.81011029239428	-1.13993109876511	2.0761742403399
qaua1234	-0.180301069082989	0.938445971298671	-2.08131863300321	1.70947838612249
qawa1238	-0.460602216212864	0.979665772645663	-2.46488156754629	1.45507011404935
qima1242	0.12339951875529	1.03577686320753	-1.98267005877613	2.20582411584081
quer1236	-0.00908101128568425	0.926599540299895	-1.88389021315208	1.84955503179841
quio1240	-0.418494580445677	0.910765762778057	-2.32888425636052	1.30154451881968
rabh1238	0.0343312748688676	0.870874669779451	-1.6855747035097	1.75571867668003
rade1240	-0.661001745393391	0.96669154764776	-2.68881366390477	1.0883914008637
raji1240	0.408594667218529	0.914963965439289	-1.30478853070186	2.30849897563529
rama1270	-0.711112187424321	0.996167996115699	-2.83481316405173	1.14071475480719
ramo1244	0.126149495958449	0.776537578511492	-1.41360759019043	1.66362194758494
rapa1244	-0.0987403398943737	0.986663104598271	-2.12589188931752	1.8534112953553
rapa1245	-0.123757410911985	1.00745188639925	-2.19994720752446	1.81774627118251
rapo1238	-0.0162038542087698	0.832645394098128	-1.7004495056909	1.61653477213601
raro1241	-0.107171138441698	0.990774974558076	-2.08414616072515	1.84729193077126
rata1244	-0.214857548535155	0.978086112995228	-2.284368492248	1.63660972622527
raut1239	0.404616920363635	0.927525444645862	-1.35726063151021	2.35008207154781
rawa1267	-0.84509880681214	0.783002789901374	-2.49264041303806	0.570196548450328
reja1241	-0.371519288979978	0.958045655108685	-2.35780866720392	1.49005435306352
remb1250	-0.310391607542567	0.93525335832858	-2.24846604895716	1.43418525875
remo1247	0.133194371113886	0.879662029347772	-1.64958055813943	1.8686512936806
rend1243	0.0690117708222928	1.00750694640958	-1.94363110155671	2.09097219693892
reng1252	-0.677874369594352	0.974183718663381	-2.76957889498634	1.11896700815433
renn1242	-0.103672705438339	0.986780193488009	-2.12936720955429	1.81126747302553
rere1240	-0.20632418004268	0.679204574942795	-1.59249795603727	1.08961716081804
resi1247	0.303246780405378	0.97799953362091	-1.5677942398842	2.43117920908067
reye1240	-0.619168276599206	0.95384139598242	-2.61946646885255	1.16838735599009
rian1263	-0.332718919375997	1.00228333279715	-2.39770270781748	1.58445555050039
rikb1245	0.349046307314019	0.983185099475851	-1.52780369175292	2.39744931432473
rita1239	0.298599751582058	0.961365016865038	-1.54414462098008	2.28855166573219
roma1326	0.124919874533528	0.993467728348506	-1.80379403709239	2.1598495771859
romb1245	-0.0703677978626579	0.878131179194325	-1.84498682631679	1.6143076953949
rong1264	0.35431473898576	0.960946859860666	-1.44906357276408	2.37756403580468
rong1266	1.27412399185501	0.853479871508563	-0.269476623471023	3.02858873315055
ronn1241	-0.339744621431494	0.909417592657447	-2.1954242945588	1.47764790843748
roto1249	-0.0572291536186679	0.817115290686947	-1.67992713924986	1.56129225672435
rotu1241	-0.134410862219167	1.02512941915556	-2.20628568129608	1.81318211033448
rovi1238	-0.405321197110312	0.847294807801511	-2.14823662502021	1.19114842605899
ruch1235	-0.35129194633869	0.99818182535187	-2.42522790250382	1.52365982986958
ruka1240	0.124952931922859	0.804398508618984	-1.48877400308839	1.73252477140532
ruma1248	0.0288066787478852	0.939920369254342	-1.90458147765618	1.82653139787067
rung1258	-0.0408432857501789	1.01406898401553	-2.06817199988369	1.9713087631081
rung1259	-0.295935565437962	0.883337166938976	-2.15598643639597	1.39868802772303
russ1263	0.0563336614904303	1.01324504829402	-1.9693474159355	2.12056262247584
russ1264	0.0946499232653721	1.01843252460412	-1.8971781310737	2.13253772850844
rutu1240	0.240761894835798	0.997921128412788	-1.73664345162617	2.32282950568201
saaa1240	-0.386768945933979	0.907491542573076	-2.31623223623081	1.30180809987047
saaa1241	0.489520222062969	0.74082902840662	-0.939115182862611	1.9451496839226
saam1283	-0.496537689489083	0.972820152131019	-2.52586531735241	1.37442433269843
saar1237	-0.150176721571361	0.797865288338536	-1.8251174267769	1.36042767187509
saba1267	-0.0524794305516972	0.851537506762947	-1.74745088271472	1.68221972414007
saba1268	-0.76797960704773	0.948494500906208	-2.71830847797817	1.01394932966004
sabu1255	-0.200044633628188	0.976351261281923	-2.21884960102669	1.69028063919146
saga1262	-0.182090614323956	0.966265440026002	-2.13264221535149	1.71726268023432
sais1237	0.230317952543315	0.851832495223438	-1.42606745620407	1.97559402285188
saka1289	0.415377641821922	0.776097776404118	-1.09861884985284	2.00551742482201
saka1291	-0.200547240902535	0.997849215769826	-2.32389787406618	1.72677488191053
saki1247	0.144654830571151	0.834488761584984	-1.50547856992116	1.74804832163774
saki1248	0.227159850328592	0.922702919100782	-1.51704283533296	2.13487911346513
salt1242	-0.426913469580488	0.765270268046376	-1.96809579672116	1.01764906850667
samb1305	-1.11178050739355	0.906924114232221	-3.00760680276811	0.54568489777897
samo1305	-0.136463607633888	0.998229250728977	-2.08989506027273	1.77325781080103
sana1295	0.0673149665708564	1.04048378015076	-2.01632474951316	2.15439345369048
sanb1241	-0.820138061588124	0.953322031246146	-2.80212631043222	0.937522526921815
sanb1242	-0.0865954403264141	0.947047141314494	-1.92671371534716	1.82118527161259
sand1278	-0.351088679287635	0.955265802133921	-2.31195088350561	1.48336843361606
sang1321	0.370754887057038	0.771101810381356	-1.11510528788405	1.90875055514988
sang1330	-0.137495468707949	0.99034020047701	-2.10128186053523	1.85577771351454
sang1331	0.0696883028488583	1.0219119941923	-1.93179370262601	2.17889548840654
sani1269	-0.790044733787702	0.970530962662833	-2.84592522042285	0.935727028810212
sanj1284	-0.720664357341447	0.916235087862511	-2.65323571775691	0.921485245434854
sanm1289	0.311201435104946	1.00839309729196	-1.61724174694067	2.40679527168107
sanm1295	-0.27182459144845	0.914735832171722	-2.14177003320167	1.46363992821885
sanm1301	0.505809450570726	0.913804578920364	-1.29205601787484	2.34985084042056
sant1410	0.185797314337232	0.960111541534907	-1.63959121292903	2.19817158694341
sant1436	-0.159557287379429	0.918907695732401	-2.00609555270562	1.67343751698156
sant1451	-0.601989841374402	0.94380037426601	-2.56623400882855	1.18365835187064
sanu1240	-0.237749588353381	0.925307545378189	-2.08103604862204	1.56820306574327
sapo1253	-0.041010811738367	0.849169301400343	-1.77001441286588	1.57596059191304
sapu1248	-0.742703049754311	0.95926484793776	-2.81891855970405	0.997883526021671
sara1321	-0.561539756815946	0.978479064005409	-2.59602603291077	1.24632535843473
sara1327	-0.481486203638857	0.921111340892638	-2.40612359807038	1.26705833300214
sars1236	0.520091474684705	0.967413001981298	-1.30839319659298	2.52692747483581
sasa1249	-0.163578871940597	0.982994257059621	-2.22269665243285	1.69942878631341
sata1237	-0.171359255448036	0.974204614119608	-2.15518269048213	1.71864855178114
sauk1252	-0.379677793772931	0.719914506150695	-1.86915050643838	1.00083704286312
saur1249	0.235013991349895	0.981409717774737	-1.65018594815771	2.26411548943384
savo1255	-0.0201463250687869	0.824367752449693	-1.69828143547437	1.62324490297031
seda1262	-0.664656701825139	0.971659279763021	-2.6855116329372	1.14690716211335
seim1238	-0.22311523024049	0.986298100177328	-2.29328927540705	1.67507662005521
seke1241	0.498509140749601	0.741086310559017	-0.931066462469569	1.96549798908445
sela1259	0.65437916866362	0.987983783239733	-1.19012011688497	2.76553926812923
sela1260	1.20452262088791	0.970121916209627	-0.501258533336653	3.27073379555204
sele1249	0.423463869489745	0.898419586947101	-1.29018203965088	2.29813248698682
sele1250	-0.20014211573367	0.743122521439559	-1.69543747054874	1.25454749255111
selk1253	0.0835979304225166	0.997749303055869	-1.90693257223004	2.13508899841184
sema1265	0.0740760836337441	0.966569970015373	-1.79810254248899	2.03523597472172
sema1266	0.109784073460631	0.948055982470103	-1.7979678071228	1.98973995006273
seme1247	-0.249276913500841	0.936895602529871	-2.20873079762958	1.54002303218102
sene1264	-0.439485828308282	0.952008210708268	-2.43655834560933	1.32340678065407
seng1281	0.563841550327986	0.855308269111465	-1.03327724889363	2.32862677559429
seri1257	0.276384884482513	0.997758419748216	-1.70812985236213	2.31458307041067
seve1240	0.0998845793067086	1.01874227311295	-1.89284551274873	2.19018105401543
shab1252	-0.144950202747841	0.994218128881867	-2.15799976847881	1.8421016429885
sham1280	-0.298161363207105	0.947976948377838	-2.232671577892	1.55584738165998
shan1283	0.384262661917397	1.00481429905981	-1.52244542274544	2.46587521748928
shaw1249	0.0945649337649185	1.02877931206056	-1.87464378899531	2.24528109816606
shee1238	-0.226419794294729	1.03182087302962	-2.3969485122608	1.81007501776392
shek1245	-0.115475404382486	0.985076186913439	-2.09805926201218	1.84481862486397
shil1265	0.0988061293757376	1.04313965539279	-2.02024102817058	2.25426469702684
ship1254	0.460089950079279	0.977456849153254	-1.36053155304757	2.50813055963131
shix1238	0.0463695294250999	0.859424122781745	-1.63399763530449	1.72807485275282
shol1240	0.105492929510883	1.03017369566611	-1.92967763601608	2.16628060877516
shon1251	0.18141325563108	0.998157588020316	-1.74485674927568	2.25808803843078
shor1247	0.0459990508905447	1.02562947080766	-2.01057544302393	2.07568414042866
shos1248	0.161947523798572	1.01707655839296	-1.8010788049523	2.22461448489094
shua1257	-0.633651413191872	0.995640771423718	-2.72997290200718	1.22956466258705
shwe1236	0.100627968972432	0.905561573330112	-1.72148723171996	1.87366454225984
siam1242	0.29131555130734	0.881599933545148	-1.40764537604754	2.09122243980545
siar1238	0.418127235529481	0.847187013375602	-1.19379863316918	2.14602927884711
siaw1243	0.31859868636326	0.797419228717583	-1.21606846125863	1.93171439300909
sich1238	-0.196460185998333	0.948573389266538	-2.18229917755187	1.63763013888505
sici1248	0.0607490641565549	1.02047914058782	-1.96308563200985	2.10234553905214
sici1249	0.282269083574532	0.902352648152435	-1.46041698416454	2.11365388315805
sida1246	0.153592622736039	0.974782120766121	-1.80257809587824	2.17411074738425
siee1239	1.24117109674846	0.896908403401833	-0.374886132165198	3.11468318586051
sier1248	0.307853880769662	0.931545883898966	-1.50309412166719	2.19124003695356
sier1250	-0.515114213704773	0.909723539853237	-2.40983506060129	1.19406028965828
sika1261	-0.269824391551995	0.97783005150364	-2.31312442539693	1.63599301524394
siks1238	0.327133722846685	1.00170733844937	-1.63016115437324	2.37454013448936
siku1242	0.575606964244861	0.980174682670336	-1.24007971234161	2.65569364381896
sile1255	-0.492375524976707	0.788328423632446	-2.11164702813824	1.01750099846083
sina1266	-0.64617943711111	0.837419917409264	-2.42895921428059	0.909317814195662
sing1264	-0.36845360853661	0.816881324602155	-2.02366700497392	1.20965798395857
sini1242	0.221291215543086	1.01056013673192	-1.71244060340487	2.28470407769233
sioo1240	-0.196329434326819	0.755952685807715	-1.71026219648221	1.244973943096
siro1249	-0.927001535309344	0.80943671426383	-2.62537647159556	0.530304231977006
sisi1250	-0.452124630594407	0.947530791151372	-2.40189180875053	1.36119366918488
situ1238	0.262298822129538	0.865031668824478	-1.41618953955922	2.00643643588767
siwa1245	-0.0102400751484485	0.851711912567294	-1.69763763142194	1.68935478679521
siwi1239	0.045667746656308	1.03259532050063	-2.01319692740724	2.12571957598424
siyi1240	0.968094777396404	0.881724075883776	-0.622833460615144	2.84209484970577
skol1241	0.124534199541618	0.978339843166902	-1.74438013404278	2.13589957842408
slov1268	0.0399562505358968	1.0345972744081	-2.01534414706861	2.13816494934838
sobe1238	0.295093768792075	0.883330011195027	-1.4408678786924	2.0302499010117
soch1239	-0.227461543332536	0.90880145535374	-2.12936519178412	1.50486519681745
soga1242	-0.220767660228462	0.963629235820303	-2.1412919171522	1.69804545255512
soli1239	0.108096958994717	1.01726859052368	-1.88770400054488	2.27241629315064
soma1255	0.0625454046397736	0.993209190997222	-1.92670186482822	2.01532652788805
soni1259	0.207636635895581	1.00501951767629	-1.82231182011714	2.29789785225143
sons1242	-0.14786190942653	0.971609752262389	-2.08391209657748	1.7347305508141
sooo1254	-0.480160555584467	1.00259649247179	-2.62428704382009	1.37925304386279
sooo1256	-0.0624600654284893	1.02599354927676	-2.074897750644	1.97873645043787
sora1254	0.708247074912949	0.941838142330432	-0.997914762467762	2.68189977076122
sout1528	0.033622161017918	1.02818536652054	-2.01309208365034	2.07086778839276
sout1549	0.120084598940454	1.04814888931342	-1.95479859537455	2.24491315789256
sout2649	0.0279213761912971	1.03906166750148	-2.04823778792376	2.07327001237445
sout2674	-0.838053344288859	1.01796971574109	-2.97498753348816	0.986501890628507
sout2679	0.196129881284355	0.99469894136687	-1.73215925761924	2.32190997642775
sout2715	1.10276042065209	0.902756514381903	-0.531479030992388	3.02240504175652
sout2728	0.335075085810948	0.903320543111613	-1.40971090029862	2.1859291372558
sout2729	-0.10961875410882	0.846324930745757	-1.83468655219913	1.50572077510076
sout2730	-0.383500407715983	0.918236352702263	-2.26912666669314	1.3888777499908
sout2741	0.252971058566112	0.910673928621196	-1.53623974878519	2.1006675610134
sout2782	-0.65217094323626	0.868556276590508	-2.48674799578952	0.964255078545799
sout2807	0.0832250868019319	0.985876450116218	-1.78650540495577	2.07984795629728
sout2826	0.137772511623319	0.952714817733106	-1.71319273284785	2.06879795329152
sout2856	0.697258292291536	0.8210106094056	-0.868867416080406	2.33496097824436
sout2857	-0.323551962798512	0.723664994897857	-1.80289590391535	1.06453568026951
sout2859	0.283742620906691	0.703736716064762	-1.10222702869977	1.66825573000715
sout2869	0.67302108608411	0.76940807601093	-0.778106466533625	2.25006794974103
sout2895	1.31913599199295	0.951386432109706	-0.341839845851066	3.34405122189735
sout2896	-0.175509325554297	0.862276362943688	-1.93439944938312	1.51315894260749
sout2912	0.759778390094445	0.937712293980159	-0.991893459276798	2.78472927096951
sout2918	0.0912252098052358	0.941073585029829	-1.75739460933955	1.99576632447702
sout2949	-0.432598685104911	0.900048532834567	-2.3194551551377	1.26752010997873
sout2954	-0.354892083673322	0.988939955776731	-2.35159792752852	1.53146774256565
sout2956	-0.595769005255492	0.984347146715772	-2.6987210804111	1.16321304951437
sout2959	-0.409616680345382	0.983780312968271	-2.38861805855981	1.45734687944188
sout2976	-0.547814062898231	0.954468710126421	-2.5656466494859	1.21526408217753
sout2985	0.526158039977671	0.960950421338999	-1.29440183553032	2.54113350826131
sout2994	0.111048372526327	0.969017359710124	-1.81423285857247	2.06710721098615
sout2996	0.197325413828939	0.992116477411337	-1.73522388042518	2.22874749997766
sout3236	-0.016058171725329	0.988651908641348	-1.98304945595865	1.94341110195022
sout3261	0.23618771873445	0.999998263380051	-1.73079203381826	2.33660159650192
stan1289	0.0113975198285813	0.976310631975307	-1.90350866076513	2.0032463714005
stan1290	0.0882381871086943	1.02699054509753	-1.99567761444904	2.1918437277432
stan1293	0.125296563769678	1.01199854446217	-1.83526593353511	2.18477180133982
stan1306	-0.019390154446805	0.954647821584004	-2.00871625927518	1.83499631495881
stan1318	-0.0104893105601234	1.01948405816079	-2.05711680115538	2.05874798545109
suab1238	0.132116850936921	0.980957713666294	-1.811617872976	2.14557716008424
suba1238	0.0442485664763572	0.970547569114168	-1.82679049583542	2.007809164709
sude1239	0.0542067557508055	0.980881237001157	-1.95091340585339	1.97932125561978
suen1241	0.0825199319151036	0.821908738315828	-1.56436589278841	1.73457754129096
suku1259	-0.702592292380184	1.00402718022924	-2.80378548224197	1.15830258905121
suku1272	-0.803138407953738	0.87099160999284	-2.64928979886157	0.820587348286105
sulk1246	0.771795204106502	0.828220008733681	-0.777073227872257	2.58168268717146
sumi1235	0.162013410640504	0.765038526083788	-1.30904243919576	1.68776958176135
sund1252	-0.20806308122357	0.976117153190981	-2.19096956355424	1.65857037523195
sunw1242	0.389971200538301	0.80218819086861	-1.16281399442826	2.03057109861599
supy1237	0.272807779848416	0.964061826630448	-1.61005118716186	2.23041082599187
surg1248	0.109971969662573	1.02940702545124	-1.93592891635026	2.25948490917541
surs1246	0.0142542956084648	0.820338217294973	-1.64729385216975	1.62841090175179
suru1261	-0.621078090910952	0.957785611395693	-2.60827984883426	1.15306645050258
susu1250	-0.101178250964389	0.932672894180879	-1.99051218614022	1.73272003616081
swah1253	0.136396697735521	0.968431651047435	-1.77610372881721	2.11328692305405
swed1254	0.076291749331304	0.994592629205847	-1.85578673991999	2.12400637815661
taba1263	-0.0250966233903474	0.990445450656094	-2.02972770958377	1.91879063128932
tabo1241	-0.382731611454545	0.910675342598483	-2.24935309627297	1.3548695313508
taga1270	0.0224560542549708	0.893507964270788	-1.79041051569342	1.794668176785
taga1272	-0.549230271410911	0.832849707372393	-2.29571799753417	0.989313473820423
taga1273	-0.324270467165277	0.947202998543818	-2.30596494969143	1.49600514120357
tagb1258	-0.0726869969586651	0.932775783352924	-2.01589685816373	1.72369928874585
tagi1241	-0.857646529551406	0.897509413335161	-2.7519971633463	0.773255176266391
tago1246	0.29771682537905	1.01573433522052	-1.63749466318003	2.39712516588152
tagw1240	-0.152885508120468	0.950255450961479	-2.09002701015722	1.67842972404365
taha1241	0.0551723222707445	1.02372812611419	-1.96792977816506	2.12940531399209
tahi1242	-0.102120716187283	1.0066904643209	-2.1293648467152	1.86182819488137
taia1239	0.290407651536798	0.821987701167551	-1.2843425147731	1.95307751279941
tain1253	0.430603072752556	0.858307246488077	-1.18068258141085	2.17543584947805
taji1246	-0.624350814330577	0.964941227120253	-2.68330376355233	1.13203986052314
taki1248	-0.548461123889357	0.81125263708743	-2.23671801670369	0.95762191691464
taku1257	-0.232187002200688	1.01198563458212	-2.38342326084292	1.66283988895563
tali1259	0.00424764632265321	0.832332290303049	-1.65695429334402	1.68179096007659
tama1331	0.0599422021396306	1.03251989190299	-1.98162925106118	2.12194403130398
tama1365	0.381869626053866	0.995107747363315	-1.47825334652071	2.50788844155259
tamb1254	-0.074211727756661	0.84801256658007	-1.7761141802206	1.56658224656808
tami1289	0.0596098586738492	1.03351475047598	-2.0095554713294	2.07818095144919
tami1290	0.555512751785716	0.826247993145914	-0.964464736460775	2.24520129264193
tane1237	-0.319135244698394	0.914429128856865	-2.21888739178521	1.37589335334411
tang1336	1.0985405750865	0.822615968456868	-0.386038419043128	2.78917050811827
tang1347	0.0964192339090847	0.737185355791253	-1.38375497742143	1.55674887697495
tang1348	-0.0672564539328444	0.878352819877998	-1.85444919347422	1.65147047511817
tang1373	0.427060064996121	0.959811550736562	-1.37341442135404	2.42679203770189
tang1377	-0.854431606944346	0.930094751949507	-2.82818105211223	0.833727431384375
tara1313	1.34486788027281	0.879886763972903	-0.246082662689024	3.1855130515775
tari1256	0.510494512771136	0.976246493936909	-1.31159905507578	2.52649214386708
tari1263	0.0733173282661765	1.03637766556912	-1.98989516003735	2.19242367161314
taro1264	0.118969720961894	0.814267435791211	-1.51211316488979	1.67233540210588
tata1255	0.156919584720703	1.01910496567326	-1.88492743554466	2.23397012219525
tata1257	0.0367143415310064	0.848941114638017	-1.64868816657187	1.74978849859152
tata1258	-0.644589935143157	0.943414434323311	-2.652765356801	1.16540833968713
taul1251	0.338372515687624	0.76893436385929	-1.15072366681192	1.86151136470371
taus1251	0.230658734463902	0.881714105560603	-1.49052596213651	2.03611250442238
taus1253	-0.233949510158553	0.948826544577516	-2.21449740056527	1.60348127059645
tauy1241	-0.822833381479538	0.772809624073483	-2.46294849578408	0.550378835092677
tawa1275	0.764869582116087	0.834645898334119	-0.805953276628895	2.51191219826769
tawa1286	0.110352780172596	1.01023360141241	-1.88628249266908	2.1995612387121
tbol1240	-0.275323796207778	0.896691341278283	-2.11149575410773	1.48757626991731
tean1237	-0.300602052640601	0.909050399759164	-2.18453021964343	1.39669798348832
teda1241	0.158607575120987	1.02113797928163	-1.85696608936775	2.22667178157376
tedi1235	0.620824068454185	0.857656076027072	-0.959508208518106	2.3761563472598
tega1236	0.296813849468063	1.02164999620995	-1.62424053500276	2.41140030726342
tehu1242	0.27239082464974	1.00099905663186	-1.68029331559258	2.32505588177155
teiw1235	-0.279949344073233	0.870924627412987	-2.07887944611878	1.39888318424137
teke1275	0.217505173520305	1.01241232042493	-1.77118870627579	2.33919811228434
tekt1235	-0.741272651739921	0.890660549206266	-2.62198580847861	0.885877656635528
tele1256	0.397056918258844	0.846830990303328	-1.23737484053541	2.13829595382364
telu1262	0.0609659553745985	1.02815508568924	-1.96714387058422	2.08460213234337
tema1239	0.195703449732414	0.917194563406899	-1.55623172454465	2.04771791886051
temb1272	0.526993847348912	0.977399354461027	-1.30076541458751	2.57127930841777
temi1246	0.122478112386392	0.927419797531263	-1.70640619709403	2.02329918106012
temo1245	0.133601236584304	0.922407349789954	-1.68673828843961	1.98461451155003
temp1235	-0.14342229992832	0.832749263557979	-1.82060919059157	1.49349868226407
tene1248	0.304271384213091	1.02110152270924	-1.6541660265723	2.43870486101356
teng1272	-0.274386877325095	0.966220293411362	-2.31063240111342	1.58277561235363
tenn1246	-0.157352736708363	1.02903905377565	-2.25750442865196	1.8445568103191
teop1238	-0.0701619854835668	0.838385190757409	-1.73231934078248	1.57383477352731
tera1251	0.118664287304353	0.939210937548304	-1.75472439626167	2.06476925590712
tere1278	-0.0935361983833376	0.869221459023896	-1.85273344999646	1.61653990846442
tere1279	-0.52802627937794	0.979622956417776	-2.56758759372186	1.32906184301654
teri1250	0.0856455775712591	0.908340746245804	-1.72317032013624	1.90194838929778
term1237	0.318615071035352	0.936084745864656	-1.45595678089593	2.27240384255026
tern1247	0.180895339905287	0.971430024961276	-1.72841896118366	2.10944694786607
tete1251	0.510636137689817	0.939573967126647	-1.30365713275765	2.41329827230019
tetu1245	-0.578760942822176	0.926170573044426	-2.57190858488644	1.12023080044926
tezo1238	0.427350397852127	0.920445666346501	-1.36977056923272	2.32512740419995
thad1238	1.22556780925362	0.8923133243156	-0.376796206369985	3.13523555446727
thai1261	-0.480409944343816	0.994105123509524	-2.54070017571465	1.34971613348227
thak1245	0.822736640134211	0.906104833851757	-0.80908604500984	2.73425304503098
than1259	0.903267434063744	0.956089630596349	-0.840951814169353	2.95375004046545
thao1240	-0.0664920827495536	0.809068402105742	-1.70335287634955	1.50510705304191
thay1249	-0.928889909889851	0.991190520456805	-3.03799767085739	0.895282584648029
thul1246	0.302653435905595	0.819155579300754	-1.22053160535603	1.95517032658983
tibe1272	-0.578212501565284	0.932125005449252	-2.54453129252825	1.16782391963766
tibe1274	0.370437086918312	0.918695655976715	-1.32866566561032	2.31500267458438
ticu1245	0.152681943300146	1.00440424825923	-1.83101508217956	2.21591711745805
tido1248	0.501373663596831	0.934896114522187	-1.27882566363214	2.38755943673646
tief1242	0.392444421327641	0.879438621990968	-1.29609675155327	2.19804786369668
tief1244	0.38867339788314	0.880028062259033	-1.30127846648218	2.19132271138323
tien1242	0.176591761555856	1.00028908783768	-1.72987769339421	2.22711125753948
tiga1245	-0.22802674931582	0.882796043892363	-2.07832287772679	1.43064127127103
tigo1236	-0.695785774639236	0.814867848664016	-2.37889074917241	0.860032434624204
tika1246	0.166998047237892	0.891891329306696	-1.54197035833219	1.99636130739496
tiko1237	-0.26512006410677	0.978823771514037	-2.31591157654672	1.59861750050334
timn1235	-0.0681375496337309	0.939513825212379	-1.93446189461572	1.8117684506381
timu1262	-0.123797440380652	0.865592387458715	-1.88008457546609	1.61527187550748
tina1248	1.28107386256392	0.903608667232873	-0.331851044553099	3.19399046051473
tira1254	0.347271168679752	1.04853633572146	-1.60874118562185	2.49082394949983
tiri1258	0.0445638084653421	0.851013793253981	-1.69292092551099	1.71918437853327
tiru1241	0.0442779621871982	0.876022254494508	-1.67964921514178	1.80130334048961
tita1241	-0.578572321966887	0.94098753940878	-2.6084338483178	1.17480187401201
tivv1240	-0.2398962874718	0.867331393755005	-1.96987296540605	1.45273711279508
tiwi1244	0.115391056964273	0.937410761707117	-1.72634427673981	1.99588991378953
toab1237	-0.525441318773331	0.874537600086227	-2.33443722696749	1.13250099162977
toar1246	0.496544722456394	0.84112311888851	-1.10851489282787	2.17351298280206
toba1268	0.299822177609154	0.982502565354315	-1.61753070364048	2.35781774319318
tobe1252	0.111707662659954	0.98638204752778	-1.86714447107647	2.09916231501088
toda1252	0.118783403031902	1.02697321655012	-1.9443437429143	2.16417868355501
toho1245	0.0867138289226556	0.952459349403132	-1.73479234500462	2.04743689826003
tojo1241	-0.278941986565382	0.897251796365208	-2.12329574358614	1.47855213940998
toke1240	-0.163682430012815	0.990557538262519	-2.20972195894264	1.7234777187356
toll1241	0.25366986158002	0.962642706126651	-1.59756388158004	2.27824386443185
tolo1255	0.408722666244822	0.769909549033883	-1.11059292342125	1.93625207050386
toma1245	0.078104448279754	0.97940438170693	-1.86673857915266	2.06033179127285
tomb1244	-0.210891950460108	0.871911109970838	-2.03635039873527	1.46884354251417
tomm1242	0.331622639565799	1.01386134731819	-1.60162109832068	2.42119011530642
tond1249	0.30549569757338	1.0142488187562	-1.69317325359888	2.33437619482655
tong1308	0.642770188021859	0.974816398073641	-1.21001991479158	2.61144751409993
tong1318	0.017141591879982	1.0675405200412	-2.12750439340734	2.17989281604889
tong1325	-0.129198983741438	0.9844341637776	-2.17645049045655	1.83221411366792
toor1238	0.582099503051361	0.958088020488895	-1.21504948994037	2.61033576176311
tora1259	-0.125452403123226	0.830642170472598	-1.78536461466034	1.49285728639234
tosk1239	0.0589656977205505	1.03683461456405	-1.99706068713773	2.18997334630069
tote1238	-0.319348802173003	0.991672938573392	-2.33411074110053	1.57515589212177
toto1302	0.0839643659228077	0.880228354602899	-1.59447711312976	1.8202689622018
touo1238	-0.197478226205608	0.861492754554832	-1.93521044590462	1.43897741062779
trio1238	0.179067766956142	0.943949950217863	-1.6570833746201	2.16046408581562
trum1247	0.116172049938442	0.929197946081126	-1.71863377053245	2.0020624908428
tsam1247	-0.524138716268945	0.956563770744856	-2.51625183792954	1.30645400880604
tsat1238	0.299993196670364	0.940647943072995	-1.53366764917985	2.23707054543352
tsha1245	-0.565719937550064	0.835412826602857	-2.28031868015639	1.01230177560152
tsis1238	0.428354257572592	0.970495492612591	-1.42578992307663	2.40673142052444
tsix1234	-0.117242812341101	0.997154069814409	-2.07695410865937	1.8840386209868
tsog1243	0.184842777253322	0.990498237265946	-1.74079269451922	2.2592342773539
tson1249	-0.68365108999163	0.992588709192525	-2.72913086799694	1.18669732763253
tsou1248	-0.13059856140715	0.793475683648734	-1.76952778237207	1.36050694122281
tswa1253	0.156641104834087	1.00813873858551	-1.81721750279745	2.21472992939325
tswa1255	-0.391541385703809	0.967935682716611	-2.34874199524608	1.46373426062586
tuba1278	0.141407375305725	1.01587346197887	-1.78749559791596	2.25766731740831
tuge1241	0.00019163178771723	1.00235962480764	-2.0060044327203	2.01775865468223
tugu1245	0.156670404778608	0.94527448421884	-1.71584307570518	2.06099972208067
tuka1248	0.465263245465761	0.927276104380556	-1.33794802336209	2.35922506910953
tuki1240	0.519494164185309	0.995556736420932	-1.37816818865631	2.68917972840504
tula1252	-0.454078613241485	0.854710695244891	-2.17884736547726	1.22716588304918
tulu1258	0.0655066365024395	1.024903519455	-1.9494990560693	2.14570783252244
tuml1238	-0.141703013378777	0.798966715189075	-1.76116825359777	1.41696964957481
tumu1242	-0.136976775059581	0.926890854996166	-2.07215659180899	1.67776047495408
tung1290	-0.308570375246179	0.9489361846849	-2.25904146726256	1.50253763094571
tunn1238	0.132088593125798	0.975518563545564	-1.75505994643187	2.16742080071634
turk1303	0.0313849641118484	1.04055398262957	-1.98793077240369	2.14274904183351
turk1304	0.0194419919795243	1.03129414193716	-2.04448297349643	2.09142570037064
turk1308	-0.212370626883181	1.00218963101008	-2.29024062835172	1.71732210724639
tusc1257	0.0505147959105745	0.97587740789584	-1.83829303049761	1.99748263351816
tutu1241	0.134972074389908	0.721858208645045	-1.28303164076128	1.57704675054505
tuva1244	-0.108562676624641	0.991260685723092	-2.07843356868147	1.8588687942146
tuvi1240	0.0387415358465476	1.05381961694051	-2.12996233127091	2.08964817147898
tuwa1243	0.397737362863545	0.728076802690625	-1.03418894476159	1.84723758915935
tuwu1238	0.417294288953995	0.907373023359069	-1.32964723717493	2.27232879676609
ubir1237	-0.127434795795782	0.810168425589206	-1.79299835988922	1.44616796243871
udih1248	0.204946370171514	0.978360062573766	-1.68079512824833	2.2703218472268
udii1243	0.186327441125467	1.00173219222254	-1.77972416224593	2.22568313881232
uduk1239	-0.367397352481068	0.986371571768198	-2.44491674869129	1.52444373122618
ughe1237	-0.269526446451295	0.845128469733549	-1.96854630452655	1.33815406309063
ugon1239	-0.43745266876701	0.979914100682562	-2.50687575694995	1.36640496407601
ukra1253	0.025276313894501	1.06439534536671	-2.06715122767543	2.13334553882609
ulch1241	0.273852739209997	0.970727318397617	-1.58926372326689	2.30712441798236
ulit1238	-0.244720390791668	0.995184292533278	-2.29928257711534	1.6510332685925
ulwa1239	-0.463793584946023	0.965270010448181	-2.43475603639371	1.35570990612989
uman1240	0.181293496619737	0.791515857902836	-1.41805234544218	1.78653554991351
umbu1257	-0.904291321686438	1.04111423050381	-3.11355746213408	0.971003888596125
umbu1258	0.26349766561738	0.792224714355895	-1.24422207857321	1.87901132538114
umes1235	-0.213586618107744	0.9767498041045	-2.21306994258158	1.71593992675812
unaa1239	0.477715556728707	0.864061889434172	-1.13358073008143	2.24479517475864
unea1237	0.205418558991949	0.846428315206102	-1.48372597331129	1.87278714679914
unua1237	-0.244966853658065	0.681650577986132	-1.6576571135428	1.05802411599301
uppe1275	0.757217862923506	0.880114954493316	-0.808103777010779	2.61311999068407
urak1238	0.124600562514883	0.964921741817966	-1.79333263450065	2.04669944917164
urar1246	0.252078580237161	0.953460416195626	-1.63726443099678	2.22579743713453
urav1235	1.25815640214213	0.913496809662205	-0.376157517825752	3.18580330235094
urim1252	-0.130397293412115	0.803194339359008	-1.77270922288735	1.4302984284232
urip1239	-0.279655086106024	0.694023802888367	-1.70649169252211	1.07977095918305
urni1239	-0.415130400772151	0.963889128454888	-2.41380921805149	1.4177288963888
usan1239	-0.461137128571685	0.778298930074256	-2.06001068327027	1.01068570630726
utes1238	0.174753417484828	1.00145457809319	-1.76930601547883	2.26618098374364
uuuu1243	-0.91080036542738	0.973156153124732	-3.02846033480096	0.865300549442076
vano1237	-0.273677094524279	0.912214015233336	-2.15136533291495	1.43228879872188
veps1250	0.132242461382175	1.0235867502333	-1.89541992626607	2.21653002332754
vera1241	-0.205771228415121	0.885140091959386	-2.0067541783273	1.47661863477652
viem1243	0.333689166720115	0.911942479928998	-1.40411954948138	2.24486779172587
viet1252	-0.308276760720828	0.995544337720567	-2.38236914029581	1.59018606351331
vinm1237	-0.354856848498846	0.695416916133868	-1.79265167583966	0.974431710475425
voti1245	0.220508818376474	1.00195315791326	-1.68861163217745	2.32191516046067
vunj1238	-0.154477350257918	0.96005234363333	-2.08576987421577	1.73224162076626
vure1239	-0.204160879403434	0.884376827996717	-2.00072944354642	1.46561314009136
vwan1235	-0.307605930042145	0.975831249828772	-2.27843417942314	1.6342639272104
wadj1254	-0.821741888090644	0.969973001417528	-2.82774558194532	0.999374273334103
waga1260	0.306068130097943	0.985223846039402	-1.56333579367214	2.37739870086607
wage1238	-0.697254733499132	1.0004928893712	-2.79726920905265	1.14733700759111
waig1244	-0.0931923826504864	0.948204764417566	-1.99825751115113	1.77663291070855
waim1251	0.46443965368221	0.813849773871397	-1.0727969165768	2.14505527349674
waim1252	-0.35533914853008	0.913466190593854	-2.19565991302568	1.42302055504991
waim1253	-0.45820697779301	0.952171650032103	-2.4354994475838	1.41124813811607
waiw1244	-0.495496596023657	0.939097530383067	-2.46266222220444	1.3146186720836
waja1259	-0.352371996632139	0.841836946430786	-2.03520444285886	1.30207174172212
wala1266	-0.49249548479282	0.851216331247811	-2.28750498156948	1.10884470892084
wall1257	-0.175596069509315	1.02837956709045	-2.28795249157761	1.86299074066727
wamb1257	-0.127863448607028	0.785713353501947	-1.67234089728858	1.40927147537009
wamb1258	0.573440547807376	1.02409606804284	-1.34060316084428	2.7222627837872
wamb1259	0.207056513887582	0.878558014829274	-1.51093844980813	1.99546619885408
wand1267	0.233715873036412	0.900303480842772	-1.56306582195883	2.08202015048623
wand1278	-0.413949896016999	0.868480131354373	-2.19248731071402	1.28353329029729
wang1291	0.310105953557644	0.97487947004307	-1.58278914603376	2.32202831718191
wanm1242	0.297115055811777	1.01147265452962	-1.64193892909646	2.37385161518595
wann1242	-0.759447591445773	0.955467075104245	-2.78378786972027	1.02250069852
waor1240	0.377440758913238	0.956892133037485	-1.41447844088176	2.36762426059867
wapi1253	-0.0851989209319434	0.960837122943435	-2.05221003189308	1.8240505523441
wara1294	-0.139243519845418	0.905907206678836	-1.95536490824229	1.63584213437416
wara1300	0.971894679937475	0.968557647727508	-0.807840972372393	3.06737119180249
wara1303	0.389638780039658	0.994467479707445	-1.46560215860798	2.45574969323363
ward1246	0.143954444667929	0.975911951768111	-1.74430983271408	2.16053729999364
ware1253	0.549228292413596	0.900354726798166	-1.1439742949209	2.45853759183496
ware1255	-0.615107463857182	0.971883827797116	-2.65768904653708	1.17883096686874
wari1268	-0.633855427859319	1.00235856527015	-2.75903767369761	1.22359808590222
warj1242	0.249312219458107	0.877810383168295	-1.4282475489763	2.03789979214168
warl1254	0.213960709311385	0.990308869148362	-1.71237848078977	2.2666325920652
warl1256	0.270278047120345	0.955121202152605	-1.56849440836178	2.21546176588739
waro1242	0.490117471375935	0.890252007195464	-1.26899283410421	2.31557271699233
waru1265	-0.531815082594001	0.982542827863604	-2.61267267541962	1.28518337461261
wash1253	0.52709152754604	0.963228069321822	-1.29706079005333	2.59118185454541
wask1241	-0.499747763448767	0.818068848994684	-2.1958485636028	1.01482439592824
waur1244	0.246090714538147	0.974757875241894	-1.64488464223157	2.20854245247204
wawa1246	-0.184545011069723	0.914722558651926	-1.98043850042071	1.6719206026
waya1269	-0.407714816930244	0.979989866158543	-2.41379825417684	1.50168464649821
wayu1241	0.128872865717122	0.797073711766034	-1.44359743098525	1.69908504139883
weda1241	0.590531010755253	0.801809929494404	-0.914911995201947	2.24531886254927
wels1247	0.115909014067481	1.00394121707244	-1.89033446009756	2.23044193588133
west2354	0.138940664371574	0.974447660061711	-1.75654648188467	2.13952938661996
west2369	0.024205799146817	1.01905864194125	-2.03089300088234	2.05392075734194
west2386	0.139592669246132	1.01578064665677	-1.83463979023534	2.27135034935698
west2392	0.179423342957895	1.00650654220303	-1.77945074844049	2.18588795382463
west2396	-0.544203313199186	0.991883968219086	-2.64131113198865	1.27684941798052
west2397	-0.468770537307744	1.02893825005582	-2.63294189556374	1.50744387020917
west2415	1.08673199141737	0.887012817720719	-0.522029735716911	2.98204325141532
west2418	0.749594788436267	0.924142946662708	-0.994960048011937	2.65981151574249
west2430	0.250487825286475	1.00805415449831	-1.73714616475905	2.2654175243649
west2441	0.12899167786306	0.977109667366535	-1.77571744278001	2.12450835831266
west2466	0.366524093034298	0.869790272191715	-1.31884661514079	2.16664093151463
west2516	0.390334527968262	0.908840027923432	-1.36245877954272	2.25081277101016
west2519	-0.225340105715721	0.979628009603609	-2.31108338128439	1.65048161206851
west2548	-0.109381487794814	0.933659839413269	-2.01624373307409	1.70158672808014
west2555	-0.420078198059146	0.828102375456033	-2.14872182992731	1.16441232995004
west2557	0.665165960731948	0.950631815020543	-1.07700091055116	2.66642990353908
west2560	-0.0841085877606848	0.823737806661163	-1.74812518418387	1.55483099927512
west2564	-0.516716937462327	0.957381645935556	-2.49888424157218	1.28440867713176
west2594	-0.14862410461511	0.914731862145764	-2.01194657841469	1.67520388503551
west2599	0.111652810709658	0.810974484324856	-1.48402433345359	1.78292123675327
west2600	0.35305502560866	0.939646151501159	-1.43211343104997	2.2397882061344
west2615	-0.457700170765587	0.963278371904737	-2.45806699267239	1.37621572883757
west2618	0.200163099758287	0.995793592185861	-1.73112982349194	2.29229481610765
west2624	0.448695511780433	0.934447586083273	-1.32324467745278	2.38421112401605
west2632	-0.294895575123116	0.966769315440261	-2.28921790407118	1.49835313599702
west2635	-0.715786527629242	0.874199092596173	-2.56239933568015	0.895591680247017
west2644	-0.760142928889583	0.956243880386671	-2.74732958033052	1.01130070183994
west2650	-0.364882528355653	0.962452720598991	-2.39903864736604	1.42353208602404
west2763	0.205255055020915	1.01272058192431	-1.74443256402091	2.30844052790607
west2778	-0.152014366908856	0.956340267563238	-2.07927949812369	1.75827403658748
whit1269	0.731535405647741	0.766894079157727	-0.722965570136216	2.30063682024544
wikm1247	-0.994550701165504	0.974745667001323	-3.10409364833806	0.780915156358776
wiru1244	0.121362738682606	0.793154349774604	-1.40495445700031	1.69969618655387
woii1237	0.623699875388802	0.923063138720589	-1.0677363010266	2.54031242509451
wola1242	0.203320870258703	0.953760531912251	-1.61390922274533	2.18214678595686
wola1253	-0.213720243101798	0.968364956062649	-2.21509227053516	1.6937200752158
wole1240	0.685425925644788	1.00095031008021	-1.15441505836636	2.79500240962711
woli1241	1.27091098082722	0.954702201560245	-0.456599874338781	3.35053031423271
wood1236	0.0647691420961803	1.00141594859165	-1.83735478668059	2.08355404646718
wotu1240	-0.501280135395176	0.906062945999832	-2.36038053624399	1.23417912775428
woun1238	-0.5150598611147	0.936322816364997	-2.48702901059257	1.23119836987147
wuch1236	-0.234170648021753	0.998765470218719	-2.32739435998407	1.64913059753139
wudi1238	-0.927669363897061	0.970402731212913	-3.0516040309585	0.802228073622948
wuna1249	-0.238434490147639	0.9976708440733	-2.2586525107348	1.67412455055875
wusa1235	-0.852845333903792	0.979684054856521	-2.93525439680339	0.908256823470702
wutu1241	0.300108872834421	0.941008072074479	-1.50140958589941	2.21219398287587
wuvu1239	-0.283425599529475	0.963186385137442	-2.30271312214061	1.61398985017476
wyan1247	-0.510679764444109	0.996523128718274	-2.60757948195269	1.37406492590545
xamt1239	0.0944479839425863	1.01280628057013	-1.88807111126141	2.19172021141196
xara1244	0.0394258967322407	0.857124628490394	-1.69640667275071	1.74528787921766
xava1240	-0.191980047250973	0.934202107630781	-2.11120118291367	1.6371033414744
xish1235	-0.487655219239756	0.91909778860619	-2.36032217386742	1.26623952067633
xokl1240	-0.360289029945032	0.984937471850433	-2.4263297317998	1.5386638622078
yaak1241	0.215815392958366	0.980865880799361	-1.66407116037157	2.24213513389357
yabe1254	0.564958540849408	0.837128211787575	-0.973802124403234	2.32124256276814
yaey1239	-0.0146227994122816	0.976516630090501	-1.96848596883902	1.90969240864848
yaga1260	-0.361845431850173	0.742934293951441	-1.89021216482499	1.07040459625063
yagu1244	-0.28294489387436	0.975704081259637	-2.30776640929567	1.61682238783284
yaka1269	-0.254765705695775	1.00474744691697	-2.33453021019179	1.68455720009119
yaka1272	0.23477670133487	1.02731516611821	-1.80540093945522	2.34549505429538
yaka1277	0.462157355572328	0.90913527174591	-1.26100356346444	2.31815742253583
yaki1237	-0.407257497592238	0.978086582587936	-2.46414057350771	1.47788710415622
yakk1236	0.139050111341412	0.813562201018739	-1.44725300134581	1.82209975980501
yako1252	0.287032883688446	0.965419502229772	-1.52018595715873	2.26797605357686
yaku1245	0.0422753901418694	1.03519864687618	-2.01243766825898	2.17586444724796
yale1246	0.0948519778347888	0.777781428486719	-1.48070694346738	1.63592635483531
yama1264	0.198150382173684	0.982295901821086	-1.67104397623328	2.17002326830093
yami1254	0.543886817504637	0.88960524910206	-1.13979130885856	2.40703062829569
yami1256	0.215114613542948	0.976961595528714	-1.70462312147977	2.1999244350624
yamp1242	0.43543019908466	0.840099870097319	-1.14215985308892	2.15873710886278
yane1238	0.560778121705824	0.973353911933286	-1.3001328261888	2.59441178473277
yano1261	-0.611876013963271	1.00025257600775	-2.78890530775044	1.24058731285371
yany1243	0.594917335411067	0.990773146719677	-1.25708291808661	2.73459968247986
yaoo1241	0.0455246896451593	1.01231457103382	-1.97315890548825	2.07097068516914
yaou1238	-1.05372435245345	1.03003595320744	-3.32025972453489	0.797454053259272
yape1248	-0.202942547147031	0.984615208610326	-2.27194932620945	1.70515644564757
yapu1240	-0.0881961758992418	0.788219552832335	-1.68363974114733	1.45284729060869
yaqu1251	0.0669321891608147	1.01298156983217	-1.91231628974175	2.18798918750167
yare1248	-0.73663164371926	0.880845928647455	-2.59174011606502	0.857029177776275
yasa1242	0.351125701568791	1.02269524983033	-1.58333543902333	2.55913746322633
yatz1235	-0.614937598403929	0.918819697301082	-2.52535721804606	1.08694184847726
yaul1241	0.403872954775426	0.806182377348141	-1.13684931084521	2.05284838892734
yaum1237	-0.496026250320473	0.732682161960975	-2.0028262362983	0.915872849465934
yawa1260	0.201879422579151	0.982567668023834	-1.71488245732199	2.24182345701956
yawu1244	0.280964280050998	0.990027012298877	-1.66616777731947	2.23592440694209
yecu1235	0.703904329562213	0.951745856177857	-1.04938231711673	2.66568442885352
yele1255	0.130162386777201	0.973222028501474	-1.72707005163256	2.0835723130314
yems1235	-0.448651832884314	0.962793869977893	-2.43276341765333	1.3760310733384
yess1239	-0.0526666446381421	0.825281700603442	-1.72236453885299	1.56092148059756
yeyi1239	-0.115026682688715	1.00269017704175	-2.12248448706312	1.86060449868198
yidi1250	-0.637961118791009	0.977919487251877	-2.67564083934487	1.18762641767273
yima1243	0.487397003554943	0.834377085296192	-1.09785894270247	2.25995961450363
yind1247	0.478988730978399	0.963436211336218	-1.31668455023931	2.48639523634524
yine1238	0.356293901904869	0.961222214737086	-1.41124312282353	2.43737537549127
yoga1237	-0.233483067412622	0.787458723696854	-1.888313625258	1.23875576341773
yoku1256	-0.251648617695717	1.00914533853509	-2.33341078166657	1.73089444363625
yona1241	0.342942376431864	0.934848759189757	-1.45318342048656	2.24530627547722
yong1270	-0.10126889972097	0.862113025442888	-1.87746442937927	1.55221453162541
yong1276	-0.143603243397679	0.988991970019795	-2.13985088752581	1.79028322457857
yong1280	-0.308172696519152	0.954055639860649	-2.27751536646269	1.4752601644563
yora1241	-0.0563878638129048	0.961321591625579	-1.97152219017501	1.86462940306442
youl1235	-0.702258589644391	0.898706586075154	-2.6455516184183	0.915661652247761
youn1235	0.108937000149593	0.978393900341016	-1.83411213355376	1.99526719102513
yuca1254	0.344439302796597	0.979127419975749	-1.50909378474776	2.36175085138844
yuch1247	0.200183822361571	0.985449768630035	-1.66861991814857	2.24046667483063
yukp1241	0.320335466754489	0.929879473041632	-1.47603714774445	2.19641879249232
yulu1243	0.227793338243347	0.984923539072078	-1.6263692450449	2.28813089085439
yuqu1240	0.569110548418412	0.951726715388905	-1.19607257818871	2.59265478948106
yura1255	0.552643661938973	0.937789248328338	-1.21540491917663	2.56923356253349
zaba1237	-0.451089969946826	0.891069144118369	-2.28336066898784	1.22316351112709
zaca1241	0.733314491411639	0.891200858304357	-0.927504898633972	2.60528553541928
zaca1242	-0.752855961879677	0.962469259303366	-2.78621750557302	1.02937350371725
zagh1240	-0.647954110964186	1.04304066001978	-2.82701395748006	1.33006364891893
zaiw1241	0.298896324989531	0.883706466340192	-1.38364031367658	2.13672420345935
zamb1245	0.561009579907676	0.989839457008302	-1.24969348908946	2.66015569858488
zapa1253	0.100005301145826	0.956564474380645	-1.7469542136048	2.00469761301153
zarm1239	0.0658488257548803	1.02940579615995	-1.97723750111287	2.09540986824766
zaye1235	-0.693662554052158	0.968850699147878	-2.80278671999041	1.05887807852285
zays1235	-0.0321440225438037	0.917095992619999	-1.85770048295571	1.77202277847533
zeme1240	1.06139856004733	0.830175606257203	-0.454116967036953	2.75848772760879
zenz1235	-0.647804801199645	0.947199854581701	-2.63908258372816	1.0949117770156
zhab1238	0.232409704609102	0.932265823930832	-1.63265067697867	2.13154564490046
zoog1238	-0.624784775016713	0.915315257418464	-2.5341629563755	1.0687704720851
zulg1242	-1.03612058045148	0.903962029599596	-2.92813692038824	0.598442252384803
zuni1245	0.0963086130656761	0.954276720128713	-1.7951484763672	2.02384053366308
