Estimate	Est.Error	Q2.5	Q97.5
abad1241	0.107640293387213	0.630537485162395	-1.15079551993723	1.5481851494197
abar1238	0.16001303071134	0.622212588850344	-1.02776131381643	1.66645173003357
abau1245	-0.25503892419238	0.627815935963097	-1.77814368215857	0.810765446026277
aben1249	0.360866995396395	0.664866453370424	-0.624794001008209	2.04487838325602
abkh1244	-0.035898226124816	0.660088021538283	-1.49845809478308	1.3682507194181
abua1245	-0.227261962709188	0.6486742034706	-1.83451364461796	0.872822065956764
abui1241	-0.176492264985003	0.660778070413928	-1.78624235801002	0.989810791897703
abun1252	-0.185397531382992	0.684208668882477	-1.84788426922575	1.06773445446515
acha1249	0.0905744001626079	0.611948867431447	-1.12903618224619	1.48381867721502
acha1250	0.267085205878706	0.666728799764385	-0.864148132791559	1.91895021600942
ache1245	-0.150786482195606	0.664109940115738	-1.7379078671121	1.09400337427091
ache1246	-0.0312218905791222	0.668057593258647	-1.55549759109309	1.39281184241446
achi1256	-0.177762186286516	0.656732947299021	-1.80566407983801	1.02551294238854
achi1257	-0.0962911032366192	0.651493468046861	-1.62113429588971	1.2471401004493
achu1247	0.168069319589402	0.686745207840883	-1.12427504737997	1.86834065555705
achu1248	0.0384645036100566	0.640624873239435	-1.2822894702412	1.50345631062137
acol1236	-0.0402115228298513	0.627515035901831	-1.40328419166528	1.25734569231403
adan1251	-0.179819346415521	0.658317647766932	-1.77113031934182	0.963438938411571
adon1237	-0.140779360233651	0.661822579475866	-1.73329246755592	1.14122630160035
adze1240	0.361000858846506	0.657408379773107	-0.656873195017087	2.02494099185974
afar1241	0.151054968001833	0.658338559835862	-1.05112264052875	1.75004845818858
aghe1239	0.125536014479231	0.614983856573697	-1.06341798269903	1.56914528631911
aghu1255	-0.135221442355423	0.679185913497636	-1.761175267172	1.20298733251172
agob1244	0.1505659768719	0.65365961830777	-1.09371701619129	1.72093533331493
agua1253	0.0749612976076424	0.640891598106007	-1.17599119809416	1.56912286076803
agus1235	-0.166421970235245	0.605054404089819	-1.62349057312251	0.960084177195018
agut1237	-0.136676509409958	0.632891914685343	-1.64668125908354	1.08665135340732
aheu1239	-0.0234404345685101	0.67861446569379	-1.58054156212753	1.41911333673623
ahin1234	0.231102008184307	0.59802711885625	-0.773244610823222	1.70946799803422
aime1238	0.109020937242057	0.614331947605651	-1.15689789937734	1.46198395246124
ainu1240	-0.0591942124822187	0.657512510782816	-1.58776144716613	1.30535270274667
aito1238	0.159228147501125	0.629716590544311	-1.02830083014299	1.68792789841902
ajab1235	-0.045365152753882	0.690153499388605	-1.56607491584647	1.39476420319482
ajie1238	-0.109528971487611	0.614695711624453	-1.563933978124	1.06686993682233
akei1237	0.127367702462041	0.571604479536051	-0.959322297447212	1.49441848716801
akha1245	-0.337440431644783	0.720445185447413	-2.16928975907511	0.813953057499606
akoo1248	-0.0136773784532176	0.665333052839985	-1.50725531274539	1.41861425950282
akun1241	-0.0299164899087455	0.623436964328275	-1.39582601354152	1.28742501863129
alab1237	0.0985942315008658	0.655590354812411	-1.17760257882574	1.60099421048866
alab1254	0.348503260649609	0.711318889735119	-0.726389427022134	2.10014700805668
alac1244	-0.26230283697305	0.666318431474375	-1.95779070002587	0.852276230311262
alag1248	-0.440346226744603	0.755162710552092	-2.37585050984521	0.653300209690287
alam1246	0.308768812025515	0.628825232052049	-0.708766753649911	1.88091096617799
alba1269	0.352833557279518	0.667382470831127	-0.652460540221612	2.10072441261688
alor1247	-0.187264962626965	0.653527782615642	-1.77027182112334	0.940862873545995
aluk1238	0.0333853808837779	0.65711621721764	-1.35255457078568	1.51348177177111
amam1246	0.094442605245466	0.592590974527707	-1.09073533389388	1.45918382936216
amap1240	-0.311896822895712	0.648099251543176	-1.93454267343082	0.719404535469528
amar1272	-0.191130612557463	0.612346061965592	-1.68955995552894	0.91057309989257
amar1274	0.102042042090338	0.66844874771819	-1.22750685781044	1.65618214244283
amas1236	-0.0266219571626582	0.681014706159189	-1.52359358526765	1.36413900995233
ambu1247	-0.0886329063323911	0.595954272021167	-1.4921975469498	1.07157340052845
amdo1237	-0.0596809047997487	0.666146603978936	-1.59352425802016	1.36693443874259
amha1245	0.272413050854873	0.703618263103708	-0.868335719739563	2.08756954371887
amii1238	-0.177162362820803	0.650024187647172	-1.76246431874736	1.03152635834092
amis1246	0.47168823002894	0.712407198045906	-0.486838877258976	2.28823254898555
anei1239	0.201921326084135	0.662304353424036	-1.00468340063526	1.85291356928971
anem1249	-0.25193002082579	0.640919661726826	-1.83560885287893	0.836079966818152
anfi1235	-0.0880445884523312	0.664403974566949	-1.6010450581524	1.25910507088859
anga1288	0.245447910879223	0.636031351082504	-0.887559990669916	1.81969474941026
anga1290	0.291951371954538	0.643731719859975	-0.782869095630884	1.90395685019227
ango1257	0.209527360920277	0.658849392046159	-0.970776582242797	1.81516683467961
anin1240	-0.00383380109312261	0.646863263804521	-1.41871897963574	1.42985489239356
anuf1239	-0.104281622218489	0.658436350882119	-1.6369343642504	1.19925060520121
anut1237	-0.0436854597602725	0.671654744520565	-1.53937148744323	1.36819464519195
anuu1241	0.0458879528643628	0.631541248315884	-1.26037258676412	1.4619489170231
aona1235	0.2396545570941	0.612253861582975	-0.846839227064657	1.71638812953251
aoua1234	-0.032926469778286	0.664702136346169	-1.4979524582991	1.40290992233997
apat1240	0.300147044789928	0.644596253127652	-0.7559083036041	1.90217994654718
apin1244	0.0969046631058671	0.65720329970981	-1.20393213662288	1.63259707754457
apma1240	0.0528377796783046	0.581711890972793	-1.18364496920287	1.33761290324681
apma1241	0.217122824828058	0.605035152860071	-0.899592116866173	1.6782309622682
apur1254	-0.126925663236516	0.639462794966254	-1.6420580545251	1.09408530161622
arak1252	0.164242263157317	0.563811954080906	-0.853142222848024	1.52774719985528
aram1253	0.0492069667128878	0.619953206400295	-1.24966347004271	1.47797588848456
arao1248	0.0338217408327438	0.647413938363575	-1.35862908555558	1.45928984604112
arap1274	-0.017188034264436	0.682871792634007	-1.52221235051595	1.45164070970784
araw1276	-0.055355470122283	0.6508035585254	-1.51783312185117	1.28656773366619
arbo1245	0.0238785983426914	0.595456153846472	-1.27065777343271	1.37316940752553
arch1244	0.0912696755897563	0.66417599129747	-1.27215131577557	1.62505947764831
area1240	0.178169633977881	0.641190536187236	-1.01261917390409	1.7034115371242
argo1244	0.242130094903788	0.701552615076031	-0.990312142722332	1.97213864970739
arig1246	-0.0984331670267315	0.669969625008068	-1.68165705601969	1.23400073133733
arik1265	-0.285515691273372	0.675637284820428	-1.95766495996435	0.813814557680778
arom1237	0.330110915820276	0.701956920111438	-0.777839593948285	2.12130799999424
arop1242	-0.356442713921213	0.699577877839206	-2.12796021764981	0.696616890209638
arop1243	0.287854691565455	0.672935535008809	-0.819155475376759	1.97818792851689
aros1241	0.103951564348217	0.668509902270783	-1.24148949073051	1.69595433638546
arta1239	0.141713955541993	0.59459205042769	-0.955360296848977	1.55545558838592
asha1243	-0.114545593464893	0.641906548769009	-1.63726569482029	1.18530573456037
ashe1272	-0.050454830748447	0.62330339234883	-1.47780177456855	1.24934276748108
asoa1238	0.112191130665737	0.62422944146686	-1.20170931825008	1.56321037138733
assi1247	-0.0406170439654598	0.674891554853188	-1.52294436038177	1.3640462332983
asur1254	-0.0500309428374681	0.613242206535981	-1.43615701809955	1.18724265358335
asut1235	-0.123185355650978	0.685900153861448	-1.74878459779221	1.20506423650143
atam1240	-0.0746881598032924	0.578306363643619	-1.3677864926384	1.13242328411968
atay1247	0.209595114223613	0.609125302616699	-0.898947626995435	1.64958411019943
athp1241	-0.0417144843096998	0.585729634622842	-1.35942262118268	1.22126440178267
atii1237	-0.0290186848717651	0.625397233139206	-1.43335951287311	1.26605158444161
aton1241	0.177617637158351	0.640582380875113	-1.00001559040526	1.73605926452379
aulu1238	0.0182668027051954	0.569983227394943	-1.19215724818395	1.24338372291157
auuu1241	-0.353380974014963	0.687958468077867	-2.08237568528593	0.704818763984469
auye1238	-0.0655001847957305	0.607211216550607	-1.45527462821584	1.16437864396751
avac1239	0.391985833270706	0.767347176519318	-0.716451129642616	2.33782672712078
avat1244	-0.0776730185939467	0.656042383222424	-1.59085194714026	1.25106598850164
awac1239	-0.160624612017309	0.649127268103519	-1.7424188056287	1.05314410203211
awad1243	0.212900228172091	0.670176608619421	-0.979501509387717	1.88544753819945
awad1244	0.268356952191147	0.58986000877389	-0.726142364984459	1.69947953667673
awar1248	0.361067961151019	0.652178763539428	-0.634057939193188	2.0015347669378
awar1249	0.0507491850083825	0.589942374909639	-1.21678636969122	1.34438587018776
awet1244	0.275166770508623	0.673550835505106	-0.832779321876327	1.94179573123825
awji1241	-0.0112420524814769	0.685294189665739	-1.54523841217427	1.46321882245956
axam1237	0.00304664577675235	0.572620716549586	-1.22980349784444	1.2160215853831
axiy1235	-0.131505688548245	0.660504303160618	-1.65963469122495	1.13619089084057
ayac1239	0.127617449586051	0.644029164561568	-1.09485660741677	1.61059251350191
ayiw1239	-0.117729285169031	0.653382534042949	-1.63572454729409	1.18566628423842
azha1235	-0.12723133510426	0.659502626228905	-1.69696740041261	1.09276486156356
baba1264	0.163987029935289	0.63689974144514	-1.00504653922901	1.70005426414237
baba1266	0.119410717144732	0.624608395077555	-1.06885421619626	1.58905308256023
baba1268	-0.119687321534993	0.65583939447179	-1.69431391626925	1.19144697816778
babi1235	-0.0177242599108233	0.681841451572811	-1.5249696498454	1.47564120595021
bada1257	0.0344908689716947	0.665264295268448	-1.37767528836884	1.53964695123153
bafa1247	-0.0314670956075775	0.675541133539714	-1.51928894152865	1.43908722728984
bafi1243	-0.0207339634439307	0.653529984484656	-1.4458268403695	1.32758839847942
bafu1246	0.10961231825065	0.618955035589733	-1.09933092648311	1.52265089713486
baga1273	-0.0238152055662811	0.686784097486731	-1.57018543184137	1.43196195436014
bagi1246	-0.215660696831316	0.664309331307364	-1.82603695958233	0.970489224860981
bagv1239	0.100099706182724	0.667606923413759	-1.23434467926473	1.67706578411877
baha1259	-0.00821896810066673	0.64987304600515	-1.48714694417605	1.38712847571773
bahi1252	0.200801920588903	0.638806963234823	-0.946494198084076	1.73903124111308
bahn1262	0.060485651259085	0.630790456434328	-1.2308962172168	1.49774397259202
baik1238	-0.157603655724983	0.661757028196328	-1.792840121378	1.06228071664316
baim1244	-0.0860135832138242	0.631075013943614	-1.55221599472794	1.18778832840565
baka1272	-0.061848237879895	0.654734554748198	-1.53660492954005	1.26587276340367
baka1274	-0.0638306445837614	0.645044608133838	-1.56384709799625	1.22180265290825
baki1244	-0.0230083512250331	0.59157098289031	-1.35651931062294	1.17762027821437
bala1311	0.0772385789108779	0.615936287728433	-1.18511885209189	1.52002191079235
bala1315	-0.0320421162500916	0.646690833222217	-1.48798381652466	1.38862807838694
bala1316	-0.177684642648458	0.634518472889329	-1.71980496706378	0.967848587898369
bali1278	-0.0143053466456986	0.645303880527675	-1.48066158931536	1.40384778180846
balu1257	-0.133550352930402	0.65072532797069	-1.66386001210365	1.09876977584164
bamb1270	-0.101681522087796	0.635661319585492	-1.54931522292439	1.2006076128096
bamu1253	0.051132960467374	0.646550659916403	-1.25770458221077	1.50233833198545
bamw1238	-0.110296986592176	0.666468826303158	-1.68393632580327	1.20183301052602
band1340	-0.0496254496610883	0.661141269249237	-1.53173689169419	1.32636220300736
bang1354	-0.0143826988470133	0.69369031672938	-1.5614445876849	1.49800616287966
bang1363	0.11626816214173	0.672781427566399	-1.20422985719059	1.67215622148347
bang1369	0.207483320562546	0.629522818171639	-0.945073667973713	1.78051693262514
bani1255	0.0599956841400126	0.626090688967366	-1.22980825915855	1.43695749229688
bank1256	-0.0318866569736661	0.675956361390981	-1.52468982872989	1.41766461303412
bann1247	-0.0966823720406433	0.618137583500426	-1.50549444178928	1.16338829603971
bant1281	0.0690478487705709	0.59561181231231	-1.13733890911534	1.48418465741017
bant1288	0.233511175730377	0.664621924136178	-0.897903918745896	1.87592380519629
bara1357	0.421813043118383	0.712743040469078	-0.590478465453185	2.24759953006409
bara1361	0.409791372870908	0.723319246428282	-0.675707348218561	2.23715297797643
bara1369	-0.027925470144854	0.66767601600718	-1.50000570336276	1.39504215757013
bara1370	-0.0310950469453622	0.675782319547729	-1.49467265878866	1.4078528905019
bard1255	0.187510033849425	0.679740390224947	-1.01873559284105	1.89210120419783
bare1276	-0.173868855959643	0.623100119348971	-1.66398100277372	0.977211814592949
bare1279	0.338660021608568	0.744778593131914	-0.885546325639717	2.22301293446111
barg1252	0.0507813296467319	0.564843054369612	-1.15768589902101	1.30140959485668
bari1286	-0.187799060725264	0.612640015323023	-1.68101547188964	0.918741345242901
baro1253	-0.0387657862132975	0.601788560807085	-1.38874124451682	1.21156759939412
basa1282	-0.0712381703608127	0.64971934113104	-1.61113619551079	1.26534723925392
bash1264	0.0149369232471409	0.664940216231814	-1.38999516216858	1.47247424728447
basq1248	0.0648167196669504	0.670552838934398	-1.30760783639799	1.57864919361224
bata1289	-0.0103193018688262	0.675415273938955	-1.47615746878433	1.46238786105859
bata1293	-0.00593356402532063	0.623695595164851	-1.41309852486128	1.33218316338641
bats1242	0.0949891587984215	0.677084492416043	-1.24907827763699	1.66680089926536
baur1253	-0.260758098574103	0.680182343321897	-1.96720239567254	0.887248346660559
bauz1241	0.261052195647044	0.674783327072418	-0.874506277274837	1.96039796913127
bawm1236	0.130454429943982	0.640396666401092	-1.07960169647016	1.62667808941284
bayb1234	0.0858160868819801	0.659736991234174	-1.24183665017633	1.64877044470354
bebe1248	-0.0300276046199998	0.674590076840939	-1.51863689140095	1.38395602753467
beem1239	-0.0189593614300947	0.652230391611235	-1.46559710112073	1.42060492984437
beja1238	0.127046778271243	0.649121314035728	-1.12340004884902	1.67734479906284
beka1241	-0.0209878202541122	0.664436608423334	-1.55245003686936	1.37591443401243
bekw1241	0.0154923999645107	0.653121918787458	-1.3538762202382	1.4052728712774
bekw1242	-0.0385981405277238	0.691579160874704	-1.57232619576576	1.40148525845478
bela1254	0.0797056308831135	0.658084363326391	-1.23312261559897	1.59944946496095
bela1260	-0.0120849030431223	0.606730577862851	-1.3213995575483	1.29069733292305
belh1239	0.000394161129986705	0.580387771071581	-1.23104465469855	1.30242754444952
beli1257	-0.108681634366999	0.650101435240189	-1.63590834380649	1.17526758808774
bell1243	-0.035343343359326	0.660913108965618	-1.51092248520052	1.36493799603247
bemb1257	0.364339875119935	0.734291286429935	-0.726619445173258	2.28674206581061
benc1235	-0.115724095606326	0.653049172629322	-1.65118056540727	1.18169268089889
beng1282	-0.0260279371950497	0.655387148285929	-1.42044201367814	1.34215910448785
bent1238	0.232777505475287	0.690182291570706	-1.01654940938474	1.89014218252072
bert1248	0.09124122768126	0.651985884621173	-1.19877522336347	1.58677605487845
bezh1248	0.0977218724192187	0.6729807004794	-1.21145395193841	1.71419070494751
bhoj1244	0.147606993985906	0.660457777461494	-1.13341382121908	1.70355679886713
biaf1240	-0.0396189556340371	0.684679004001642	-1.55348989948211	1.35364487032328
biak1248	-0.03782052885882	0.666085509761659	-1.54905622845407	1.34797843170931
bian1252	0.231131445361459	0.620151472835652	-0.870118949352977	1.76854541164861
biao1253	-0.0132842250856466	0.65499571162287	-1.44592966629815	1.325314418292
biao1254	-0.0228598141014396	0.653239949890464	-1.48143374115103	1.38170253973062
biao1256	-0.0180505527037287	0.648948378364018	-1.46684626365179	1.3865401127356
biat1246	-0.0261494841403169	0.656115212182934	-1.50535898557568	1.41766097548612
bidy1244	-0.0494731310471139	0.654180089224107	-1.57342151184545	1.26342252703288
bign1238	0.142789497332889	0.566783240493426	-0.914731319218886	1.46160321097786
biha1246	0.195831835674387	0.671275010381614	-1.04894206371349	1.84511396086971
bila1255	0.218241869268487	0.688308014918603	-0.993369635268638	1.94315836486671
bili1260	0.105419380398117	0.672198160439597	-1.24570336053241	1.68018089432806
bilu1245	-0.170425149780745	0.660746074280018	-1.75672862345704	1.05169125704821
bimi1240	-0.0582389095192312	0.585909608870667	-1.4000170232935	1.14972205094655
bina1277	0.0976735829958615	0.612505597646638	-1.1635798784096	1.537346211594
bine1240	0.0853792731747083	0.631205970379521	-1.20119515403821	1.51981248000329
bini1246	-0.060094468799081	0.673755919870936	-1.62557319103184	1.32693026558741
binu1244	-0.0576486297942449	0.587094897499727	-1.38436019265364	1.19873060810764
bira1253	-0.00502557972220548	0.608114665033253	-1.32123148821344	1.2865524464842
birr1240	-0.0385250619600296	0.614459192740081	-1.42756429357512	1.20454926248898
bisu1244	-0.299547473556705	0.708002866097305	-2.12518520567298	0.849934917849714
bitt1240	-0.258721129771299	0.679562067726252	-2.00150057235534	0.904533041265071
biwa1243	0.245982606052601	0.61075360351607	-0.855271634944385	1.71740867659284
blab1237	-0.119314982359336	0.632564821868089	-1.60766486464194	1.10627033818699
blan1242	-0.259102821545676	0.702430892701297	-2.00615833829303	0.986663467939349
bodo1267	0.208549958876999	0.650230858396194	-0.95892799419522	1.81491453598913
bodo1269	0.11010172654476	0.620061532454944	-1.07358250270122	1.53034061463676
boht1238	0.0784411220979385	0.666447793696616	-1.273216712709	1.60841545827212
boka1249	0.165990342242113	0.680824534038464	-1.10027943673285	1.82543428954317
bola1250	-0.273840074544641	0.68056858478446	-1.98397667011485	0.877492045097503
bolg1251	0.164036472249807	0.686311233510066	-1.11819236896705	1.77656506062078
bolo1262	-0.0754041041768408	0.667709683655212	-1.61377751772147	1.25664255066
boly1239	-0.0913138090262885	0.688056053884578	-1.69882413622215	1.27436324440625
bomb1262	-0.124319018780251	0.675454567703664	-1.65993882127137	1.22316197236529
bona1250	-0.187674674883629	0.655886161037639	-1.79242261700453	1.01426841540725
bond1247	-0.0973949658454877	0.682395813937758	-1.70435424775056	1.2457912425008
bong1284	-0.0364476963097051	0.661876257735641	-1.53767562274024	1.35686085855165
bong1285	-0.0909032597318072	0.64057825148532	-1.54988497873273	1.18740813904685
bong1289	0.0404469040923204	0.599871864732754	-1.22331889641579	1.37337658907357
bora1263	0.0908943525875056	0.636436285574865	-1.19921021338904	1.53508470209407
bord1248	-0.195972090857763	0.646037536245369	-1.72764426199553	0.989994422390413
boro1277	0.15909347366655	0.63498347204474	-1.00698341118658	1.68558777615925
boro1282	-0.16862922928605	0.66251824327956	-1.70100183630816	1.06402269360699
boto1242	0.34290224726009	0.66435506193589	-0.685442301854233	1.99269005878496
boun1243	-0.0911985356838091	0.683916869201626	-1.66234854184851	1.27060854821665
boun1245	0.439606194295427	0.688118182160973	-0.55318041765934	2.10638636630978
bouy1240	-0.0563875893812757	0.668323837745833	-1.58685464516448	1.32093621339654
brah1256	0.00156395007670295	0.661426368944603	-1.45062725271383	1.41954265210331
bret1244	-0.17119734319451	0.658654593049888	-1.72962206044132	1.09473811541657
brib1243	0.0468825646829587	0.616845760617436	-1.22757226998702	1.4575799323429
bube1242	-0.0340218526821103	0.664140231950572	-1.50804522293491	1.36283023424029
bubi1250	-0.0253645879996794	0.682659768401996	-1.51242900284451	1.36749788979641
budu1248	0.0651423714635741	0.691754912515196	-1.30439773222265	1.64875692256928
budu1265	-0.128126494706257	0.663681998859153	-1.68836197561131	1.12623910335508
budz1238	-0.0421882176294953	0.68862238246383	-1.56927684627004	1.41043188570445
buga1247	-0.0963999920437299	0.665637064838661	-1.6392434986908	1.21344406580881
buga1250	0.153136104291189	0.605167595258466	-0.98987043668379	1.57721935802599
bugh1239	-0.0871048551463022	0.622058178070753	-1.50613263950876	1.16507645324562
bugi1244	-0.0575748584106986	0.667743912945281	-1.6214380646894	1.31900494119106
bugl1243	-0.175839603963878	0.658104088030041	-1.71281818399547	1.06091067072969
buhu1237	-0.193334660096852	0.671792031601591	-1.80535982699103	1.0331149910037
bujh1238	0.417726971234823	0.727389664871537	-0.633791345755299	2.2713205690661
buka1257	-0.028052310065702	0.656831685257559	-1.51672698484478	1.38842827957252
buki1249	-0.166872996951638	0.630666590649074	-1.71154679184817	0.99365291382306
bull1247	-0.0392758956733908	0.68936520068462	-1.56872114698713	1.38892925621354
bulo1242	0.187523551197078	0.691143767724873	-1.06019473563	1.87349484204367
bulu1251	-0.0348808420860036	0.672861599585703	-1.58465855749802	1.41022784496259
bumt1240	0.224847389413146	0.684546488425545	-0.996031210433153	1.98390448353544
buna1278	-0.128934200309048	0.662954154187838	-1.66727278954824	1.09414629905158
bunu1267	0.399444423834159	0.660943108463018	-0.575451390316006	2.03948047815576
buol1237	0.27145451550214	0.662848811934868	-0.810842942034761	1.91550630113289
bura1267	-0.191945384077306	0.653360899306965	-1.83735240913017	0.952006512631514
bura1292	-0.207866404118367	0.64833454863531	-1.79987727213864	0.90652984474396
bure1242	-0.0198854008886312	0.677702789900662	-1.50190034715027	1.44875680150035
burj1242	0.133316744324665	0.649223223598099	-1.07020501864162	1.66729923122051
buru1296	0.123860211418588	0.666960914105328	-1.15442428542297	1.73694111680431
buru1303	-0.0201905760502611	0.673825968998588	-1.51534878432443	1.40816072346551
buru1320	-0.397910878928418	0.752259299997735	-2.35460590185468	0.714383906065081
busa1253	-0.0356959557019833	0.652675332958292	-1.50432878266111	1.36589764545485
bush1247	0.00252168263105022	0.670385093476069	-1.43024865281213	1.48042377883765
buwa1243	-0.279444607493601	0.663793385017833	-1.87949517422421	0.877393960285301
bwat1240	-0.106734872121781	0.620990086242928	-1.5424474522141	1.15159739628335
byan1241	0.0200252542473214	0.617337740728545	-1.31417500025687	1.40076222002417
caac1237	-0.198590977199301	0.633550728536853	-1.70657861101747	0.965268496393401
cabe1245	0.0650281560333009	0.609241385506218	-1.14690802380935	1.49162283423445
cacu1241	0.323419935895914	0.681737133218387	-0.758566946065026	2.08034755336227
cahu1264	0.127621878222722	0.652512089578879	-1.09018829805571	1.70154413587107
cakf1236	0.102972524990961	0.599556827474543	-1.10829781678766	1.51847527810707
cald1236	0.0398944160613004	0.651622086132259	-1.32898992082818	1.49387273787829
caml1239	0.15966616716083	0.625157596858888	-0.978560727983454	1.65473583061043
camp1261	-0.107918001926429	0.646401697320896	-1.6859643313094	1.19867736120993
cams1241	-0.138038216676411	0.632095395920243	-1.66211697775067	1.07376896218886
cane1242	0.150413708773822	0.677525596730282	-1.14046927738919	1.80022533027848
caom1238	-0.0253625190957837	0.673687746751946	-1.5687567704258	1.38366652137555
capa1241	0.0591379716917098	0.655270640314403	-1.24443631018546	1.52600901773413
carn1240	-0.0244894655670465	0.679241010063168	-1.56324840308359	1.36867397348372
caro1242	0.326430889571413	0.676685957497593	-0.764732166454705	2.0433512680944
cash1251	0.0554380096615768	0.665414251178573	-1.31035591733267	1.61105220145661
casi1235	0.11763189999169	0.606133536951004	-1.07339354742247	1.54230586567426
cavi1250	-0.1544842221921	0.650621247261613	-1.62215146409845	1.0924113231257
cayu1262	-0.225306728592718	0.681522018105264	-1.93536303902075	0.987464203440432
cebu1242	0.0221336396362248	0.591102642115625	-1.25131240752596	1.3109540581031
cemu1238	-0.174694548983799	0.624944641083733	-1.68947594825975	0.957177601142113
cent1989	0.0284155364771541	0.671104951056854	-1.4102884030304	1.4846557259452
cent1990	-0.0250723616566613	0.678664931786706	-1.55748864234793	1.38593898999076
cent1992	0.335511115172051	0.746173749798164	-0.81537583118091	2.23766972735125
cent2004	-0.521362025401304	0.800568074817801	-2.61264926681377	0.560563588665671
cent2050	-0.277661561670963	0.678594460592314	-2.02045206980345	0.851994304985154
cent2084	0.0427960646675801	0.606624091284566	-1.24174849441259	1.43701161024901
cent2087	0.273615528659471	0.643520206660004	-0.776178446687502	1.83506755415844
cent2090	-0.114273837344338	0.646064845059946	-1.60115761220116	1.16898698076924
cent2091	-0.00107308055327218	0.617623737327493	-1.32133455835096	1.36858266583263
cent2126	0.0931914254587896	0.653653624716099	-1.17820616335429	1.60685557783684
cent2127	0.104771994441311	0.66036484048637	-1.21410505226082	1.65885739387937
cent2140	0.244034601888667	0.680762229138889	-0.959390187947715	1.94186502361911
cent2142	-0.0029216190262376	0.643299825069392	-1.39327367523168	1.40464929166655
cent2150	0.191022098463334	0.65891182587508	-0.989235584923823	1.78684989357351
cent2292	0.128963031407404	0.577232554130759	-0.953911790357257	1.51585490099849
cent2314	-0.0309798834981755	0.6552788620958	-1.47031820311316	1.39359229772666
cent2322	0.0282773003813377	0.653939768246193	-1.31176968491134	1.52613235717991
chac1249	0.0176103848640217	0.618928079813489	-1.35745704905438	1.36343527376055
chac1251	-0.0122829885381493	0.654435106761189	-1.47304293232909	1.37774241101742
chad1249	-0.0395419078715701	0.659845237734817	-1.48891381546418	1.3674481793129
chak1270	0.0557549745700806	0.641290130994612	-1.24624577572314	1.55106084696066
chak1271	-0.142027383377083	0.656222035254967	-1.73173815013843	1.09351941284562
chal1275	-0.0511246643396969	0.639669023423812	-1.48099766615875	1.29224918701573
cham1309	0.0974399690954795	0.665329400816164	-1.23993686125114	1.67297158410684
cham1312	0.0618002098749363	0.677211081477795	-1.31921511524083	1.57258676859026
cham1315	-0.0740012894669552	0.634454246785023	-1.58007606862617	1.20779799016696
cham1318	-0.133512019282692	0.656495278009336	-1.67839770499406	1.1031838221512
chan1313	0.268443728422483	0.619605079332742	-0.821245871029029	1.79186595570521
char1269	-0.109143155648461	0.652081300449814	-1.64103466708563	1.16656385918333
chas1234	-0.325505514116484	0.713669557419979	-2.16486588627943	0.798644682947768
chec1245	0.0680463715866043	0.638360851074318	-1.22541271476207	1.56003594560749
chek1238	-0.106431977741387	0.627973914116065	-1.56742688096062	1.13699246965969
chen1255	0.0439814712422093	0.67438660270401	-1.39805760566331	1.59457371102887
chep1245	0.418241455245098	0.720238795844747	-0.646498066565069	2.24344110977123
cher1273	-0.0256859708209149	0.684944270878797	-1.60088757678495	1.46137289905763
chey1247	-0.0230139795503266	0.657856787031711	-1.46565200848531	1.40281565197709
chhi1245	0.00561988150847985	0.583088914600715	-1.22370881100806	1.31567660812637
chig1238	0.0342225990134908	0.681801565671581	-1.40130225737483	1.58189759890147
chil1280	-0.00331265028812351	0.653218108744657	-1.39081758118901	1.43528245380493
chim1302	0.0724265236008591	0.665194998120979	-1.34154532653504	1.59667983313856
chim1309	0.0787612202861123	0.629721250057049	-1.18547193987659	1.54233702189686
chim1312	0.0755496221083493	0.646953166684081	-1.2353403595939	1.53941404093365
chin1286	-0.0576345460559711	0.667458043179716	-1.55421323900307	1.33412270860532
chip1241	-0.0269679780586573	0.656665924622477	-1.52924512643524	1.35711637926701
chip1261	0.00286863946121272	0.692248587783238	-1.51362501703186	1.55776946188874
chiq1248	-0.198427490994513	0.705046839699294	-1.90556001888838	1.06918960799936
chir1283	0.301101113825726	0.659978870382376	-0.754651355165538	1.93323844672233
choc1275	0.226628784913131	0.68012581496464	-0.93822921171655	1.98221583077089
chon1284	-0.0326766660049444	0.639863551403813	-1.4159420452967	1.34437560989147
chot1239	0.2703734269134	0.66338732165885	-0.823807965386499	1.94056742179741
chra1242	0.0504559333803351	0.657177136028243	-1.31798220989362	1.57173715057311
chug1252	0.239240476640973	0.664479219623297	-0.933562456067911	1.90365202465362
chuj1250	-0.230834878913365	0.668611427956793	-1.89852356624509	0.962001917254769
chuk1273	0.0526481996031161	0.677561428393525	-1.33896985027841	1.60363563024339
chuv1255	0.0402304346705451	0.679602854788542	-1.38505386062548	1.56123502882691
chuw1238	-0.00530886050528321	0.698519720619251	-1.51196323504948	1.50009892063488
cici1237	-0.0373043095700875	0.681930785441553	-1.57791403322307	1.36534580392473
coat1243	-0.0616655190965142	0.654453971901925	-1.55467880960938	1.27714630151542
coca1259	-0.041078182659284	0.646885900180169	-1.48632624272886	1.31681633940792
coeu1236	0.0165249981976408	0.642505519138994	-1.3522632196068	1.43645511488231
cofa1242	-0.052575550041282	0.625788240701841	-1.46270066050327	1.25117440690089
cogu1240	0.12465157986672	0.65120711487342	-1.15542771706254	1.70718885648569
colo1256	0.0984611803142507	0.661403321558837	-1.2264564286601	1.67872380487335
colu1241	-0.0516737525291221	0.658462160301774	-1.60131821974034	1.33995869916001
coma1245	0.0808131648304926	0.64495374251371	-1.20917914966808	1.58508010201986
como1259	0.142153332353454	0.653192527236638	-1.05892374509666	1.73392521087374
copa1237	-0.265752351091544	0.686507972346004	-1.93977715402046	0.905777273499554
cori1240	-0.0291366768935783	0.630953830762124	-1.45506013359009	1.26562770426679
cors1241	-0.120613405760017	0.651711865944446	-1.6619630245977	1.20438532257818
cosa1234	-0.32890641940104	0.712054903664338	-2.16094911320821	0.782198914695031
cree1270	0.1046519694994	0.646202856951613	-1.17905293606897	1.65700243532578
crim1257	0.00902555235716767	0.683146386440696	-1.45278603827116	1.53779854306351
cros1244	-0.0421721699464415	0.662452550290168	-1.48202697186288	1.3336802079459
crow1244	-0.0416168706886565	0.648215707017511	-1.47972559093526	1.36465008874353
cube1242	0.252064646560789	0.69055397500403	-0.943468767486485	1.95551201767463
culi1244	0.000622287159777762	0.650453550106842	-1.4172319878129	1.48491264576074
curr1243	-0.0817261892729846	0.619060119288553	-1.4993877843481	1.20128590851373
cusc1236	0.0285288745630264	0.657420919549437	-1.35743590563465	1.46549668770054
cypr1248	-0.0257650878729214	0.66208559634799	-1.4988275963869	1.35691094249167
czec1258	0.0613765385030508	0.661369794030524	-1.30764540302687	1.62008374649406
daak1235	0.0732406578261193	0.677771096066792	-1.25983840811221	1.62193957895698
daas1238	0.0967264669419784	0.633252208385847	-1.15052706040777	1.59800289512432
dadi1250	0.325890105332305	0.653328887111788	-0.704768755329021	1.92695318584378
dagb1246	-0.106563054685269	0.674732845215961	-1.72769028625288	1.21273591843294
dagi1241	-0.170674807329884	0.668039420208032	-1.82359211748044	1.04536725919196
daka1243	-0.00814293705809998	0.573235768759107	-1.26682130051974	1.15872429354425
damp1237	0.230167427651789	0.672483923231786	-0.938665070897329	1.90565500867999
dana1252	-0.236804519663201	0.689722478410814	-1.89665605236484	0.972545093687634
dand1238	0.113226991223675	0.675521241116238	-1.21510300104828	1.69404168952259
dani1285	-0.197548434687075	0.640427817846054	-1.75971489578044	0.94458833632219
dara1250	0.367629783236017	0.71199120729759	-0.701567998801978	2.15359534080468
dard1243	0.0443956515422494	0.670995790117465	-1.37540295056479	1.5862248287449
darg1241	0.0804734370889294	0.674336867749221	-1.28381399169784	1.63911707210534
darm1243	0.0169331439078369	0.611596227022884	-1.31005948846823	1.37801362746893
daur1238	0.010846873502371	0.675407770349112	-1.44211983517159	1.42396536045811
dawr1236	0.0920362274850432	0.6518612806813	-1.23399638481098	1.61226571385318
daza1242	0.0879020153513028	0.659519977260996	-1.2235065044418	1.59994533289997
dege1246	-0.0492210039038544	0.672089905103258	-1.57294263608735	1.3927608700546
dera1245	-0.215560720291944	0.625731819463493	-1.72025720072521	0.901077160141014
dera1248	-0.112394122900794	0.622681194193637	-1.57253115674688	1.08865021372775
desa1247	0.320167340662302	0.677452659698248	-0.755783848674664	2.04201117827073
dhao1237	-0.0513437131470806	0.676745245581095	-1.59963622308717	1.3485994755741
dhim1246	-0.292496950641332	0.66167295030494	-1.95136217045556	0.791269093931075
dhuw1249	-0.00354088957245763	0.656039349600559	-1.41571737595712	1.43332744137883
dibo1245	-0.0685244956686497	0.650575384003587	-1.56820135768198	1.25563607436132
dido1241	0.0995810204736141	0.67183936314347	-1.22964072104535	1.72325219769844
diga1241	0.0361932885560497	0.62551018547745	-1.31780842225021	1.44780931672735
digo1243	-0.0500761425072662	0.679539431647425	-1.5576945267085	1.32788553449542
dima1251	0.116467365324362	0.599332394082131	-1.07773927027058	1.59895861959187
dime1235	-0.0515138805318977	0.652699553962029	-1.5437559438614	1.30733240345348
dizi1235	-0.00377829847933286	0.644099846183912	-1.43531551757229	1.41313681070325
djam1255	-0.0532874094716243	0.640393596600069	-1.51124509504435	1.27946276702399
djam1256	-0.0549540637745908	0.649496776732585	-1.52379596964877	1.3167001297316
djee1236	-0.281264486559936	0.672341831327075	-1.98692841554763	0.817738874504709
djeo1235	-0.277105729483542	0.683906436299995	-2.05311761471364	0.831623532161514
dobe1238	-0.0572116227937833	0.640219222548822	-1.50508826976207	1.2654885585858
dobu1241	-0.21126982042435	0.655358670292877	-1.80354617068519	0.962533373069609
doma1260	0.119411427133014	0.664635524305732	-1.14115360473221	1.68885469353563
domm1246	0.372053083442307	0.643033621467127	-0.619602639974086	1.9646779458458
dong1285	-0.0151686513759987	0.632849606387596	-1.40466940988636	1.36011945639958
doro1266	0.0521487675052646	0.605796528231875	-1.22633494285452	1.42477699738569
drun1238	-0.128224714620106	0.64173948110384	-1.66437570494057	1.16931056550075
dumb1241	-0.0358927112048672	0.617607400692588	-1.43738696263452	1.19974032072663
dumi1241	0.18398885375533	0.630083553607596	-0.949267230723037	1.70045793745534
duna1248	0.0780551495118246	0.591482955869324	-1.18058435325762	1.36307357401723
dupa1235	0.179378966826019	0.63827523224713	-0.959887246474939	1.75984608476605
dusn1237	-0.123882493161809	0.661993073879811	-1.68523002330151	1.13820771804383
dutc1256	-0.249887090843819	0.687788361143629	-1.94871981200518	0.938304680366897
dyul1238	-0.0884620023179718	0.692882936101056	-1.69941948448447	1.27704344201609
dzao1238	-0.0220625093989003	0.667986096954909	-1.52047200357078	1.34979857772124
dzon1239	0.032955466421764	0.636725822942297	-1.27629162353762	1.44463958594867
east1236	0.074613890401768	0.642991832173569	-1.18124377858109	1.53001636874799
east2328	0.0426167939788403	0.650891351448366	-1.29863552896104	1.52100801760964
east2332	-0.00443739264558414	0.644970816999085	-1.41413013493184	1.37810888940962
east2333	0.129807853191197	0.639878104715676	-1.11745476709169	1.68485719258137
east2342	-0.284716225029444	0.718290236421448	-2.12471299561182	0.928321903205424
east2440	-0.0365039448443359	0.69181417616142	-1.63503378538796	1.42169406726923
east2443	0.157274750186526	0.588714060021748	-0.965156131701844	1.54441395921807
east2447	0.00393687032657002	0.654560871505871	-1.39547875394307	1.42304731412383
east2485	-0.0281597010202092	0.627350071393592	-1.35415533545148	1.32909905940574
east2516	0.367275885799212	0.67294110501801	-0.675780746980836	2.0256755624195
east2555	-0.151868391047582	0.660744938257085	-1.70995390538286	1.08414170341446
east2556	-0.170256598903846	0.664173588922139	-1.75166242004522	1.05903637897573
east2563	0.0487754998542928	0.655770514951359	-1.32997825030131	1.47747431283021
east2690	-0.0214789963357355	0.653766524856781	-1.46460794802527	1.39714021493196
east2694	0.251886775731478	0.639045315608081	-0.832455345316565	1.85562322166655
east2773	0.2904239064104	0.662499083890595	-0.815157552375011	1.92454958171884
east2782	-0.0237330421838091	0.661916249508371	-1.48374948354355	1.39353016045703
egyp1253	-0.132845563304043	0.666018813257958	-1.72207557113833	1.11517322839254
eipo1242	-0.224803792443383	0.617717542774436	-1.76433733580477	0.89490834630924
ekar1243	-0.172770135532341	0.643455557010945	-1.69017213754417	0.994247751377351
elem1253	-0.0567510785850966	0.674628567661987	-1.60931828138511	1.31558824410621
elip1238	-0.0275866527477962	0.656470676181011	-1.48069326004429	1.36860731394605
emae1237	0.0305712980656384	0.597290466564407	-1.27412671956405	1.3293629941444
emai1241	-0.0888588017666899	0.679751391968698	-1.61193155325911	1.25662619527814
embe1260	-0.102057027179318	0.620195775972836	-1.49790517805448	1.15771779475064
embe1262	0.0757022330695295	0.655801255025951	-1.2149941882478	1.5912414653329
enap1235	0.176046626477869	0.663135627988721	-1.07398943829178	1.75815023929588
enuu1235	-0.180455525783808	0.643871503169586	-1.73740014173464	1.00695610216325
epen1239	0.0709226344434743	0.655139621976786	-1.27785962061188	1.5794886951975
ersu1241	-0.081588945428492	0.632091367799757	-1.52145127268435	1.20546262088968
erzy1239	0.0205850553685889	0.666990601105929	-1.38151903828111	1.47785014353809
esee1248	0.0565861328950733	0.655683451275574	-1.30456096527719	1.59331300982054
esto1258	0.0518749404369234	0.655614873056841	-1.31751471385332	1.54677447432703
even1259	0.00723546171588561	0.690220530612824	-1.46131980325161	1.53162833648393
even1260	0.00474365283236652	0.66922830003748	-1.44482567810481	1.48038694718532
ewee1241	-0.0575700211856785	0.674101268011807	-1.53980687372705	1.3547237098475
fait1240	0.416802581637749	0.664156468861499	-0.555831220385142	2.06353814879139
fala1243	-0.00296507333369025	0.643364311611994	-1.36598548821121	1.41178787101388
faro1244	0.178959284272412	0.656386397095346	-0.973411320882948	1.80541936956835
fasu1242	0.225835561859948	0.630822256532841	-0.904122388303874	1.69917726542415
fefe1239	0.0193364087155339	0.63927547698627	-1.33140107424297	1.38827154488271
fiji1243	-0.118428271506812	0.650848001136637	-1.69145953457737	1.15022655739797
fili1244	0.198573784822253	0.621646053615445	-0.918057109094647	1.71271936966597
filo1235	-0.188424460847735	0.652816399447613	-1.73527037345657	1.04292523992406
fina1242	0.14613176623313	0.584934024123474	-0.920436756241324	1.56864281057521
finn1318	0.0273418640785972	0.670671624080945	-1.35905442232312	1.52410007198986
fonn1241	-0.0460416364170378	0.68340158644031	-1.56039788629038	1.40686906562294
fore1265	0.0140817885396205	0.676450084466401	-1.4493864981252	1.52941501237495
fuln1247	-0.176000959305611	0.669260330408413	-1.77547906854305	1.10493736943071
furr1244	0.0934978930811007	0.669555905537251	-1.24967871916065	1.62320848707867
furu1242	-0.0990054750928728	0.681968586446194	-1.7090710260815	1.29052397000287
futu1245	0.112457884843483	0.636043640625922	-1.09665792492315	1.61513417187366
fuyu1242	0.0866135147513616	0.604511124886652	-1.15403340033126	1.46000043679148
gaaa1244	-0.0395244138324948	0.67983313246092	-1.56457297957456	1.39573793393083
gaam1241	-0.013723769653289	0.683859055162045	-1.51601344686456	1.45631128490537
gaan1243	-0.238789330314614	0.661144820227873	-1.86816119834935	0.892948869083822
gaga1249	0.00665886339906374	0.681786548336373	-1.45030588170091	1.47933989397079
gahr1239	0.0779473724165397	0.644972839845964	-1.21341351546974	1.61527387323455
gale1259	-0.0317580724960163	0.670279918168576	-1.56309250593688	1.38475159270171
gali1258	-0.106744752247212	0.646689221365198	-1.63724141294457	1.17110867237763
gali1262	-0.0542577464679268	0.647096284796883	-1.52406657689446	1.30870649461061
galo1242	0.245307991923255	0.677896297957889	-0.929650711809326	1.94317939404947
gami1243	0.00959459556831476	0.667498448576483	-1.47261828690455	1.50961181791119
gamo1243	0.161754930259926	0.658294383011575	-1.10157479874876	1.74722265962935
gand1255	0.0443171482126712	0.662350474084345	-1.34843903177508	1.52951213035072
gang1266	0.273945826996452	0.673258246036456	-0.865654345971568	1.9471527678124
gang1267	0.101127150762374	0.682601140208339	-1.27093344258155	1.74286457255021
gant1244	0.372865805865787	0.634562856289523	-0.593787017609036	1.94031469386855
gapa1238	-0.205700654769891	0.657895889919129	-1.81892766239487	0.9782571201837
gara1269	0.082810989151031	0.659582806205787	-1.24841373587526	1.62682160942714
gari1256	0.2913771266359	0.695033338664577	-0.840284220853692	2.04648544223536
garo1247	0.161406154030237	0.648113252702036	-1.03287698968973	1.73931494589697
gata1239	0.171714206745199	0.648094364334434	-1.04134214412661	1.69595888703552
gayo1244	-0.117352578853469	0.628697277424249	-1.58591088729495	1.06284016030817
geba1237	-0.382439395690565	0.747371328224532	-2.32344495045567	0.738466801687937
gebe1237	-0.0642862381460723	0.65791059525393	-1.52123774670406	1.26580587966099
geda1237	0.201897973846135	0.579058944477726	-0.864612711537365	1.56194900566182
gela1263	0.00455657512602069	0.61630930853093	-1.31413876419254	1.35697702544112
gese1240	-0.0478179378816475	0.692173218995492	-1.60530554303183	1.4021084909443
ghad1239	-0.101283497626327	0.658454069071818	-1.63961844741149	1.1777950015978
ghan1242	-0.167543574639535	0.663332418003324	-1.79140766573181	1.06447414036015
ghar1239	0.0119694845760063	0.60856641904151	-1.2771432642219	1.34835760210143
gheg1238	0.192617087361556	0.66332421404644	-1.03183617420825	1.82025338881267
ghod1238	0.0898339996958491	0.655630529666928	-1.20999800910648	1.61539199457006
ghom1257	-0.137527685332757	0.680880067459583	-1.78684213935085	1.1788342551276
gilb1244	-0.0172214429134795	0.646563253097537	-1.44466016572192	1.35641372614854
gily1242	0.0680387244922243	0.670369105963051	-1.24071830609824	1.57817155277749
gira1247	0.353075109570807	0.627963313509164	-0.649167277131038	1.91511385849274
gizr1240	0.107649639765558	0.643587717003021	-1.1521765976664	1.61305944657296
glav1244	-0.337636301389561	0.686518447168726	-2.06806486867258	0.756870842526244
gobu1238	-0.121621214852918	0.651409317011466	-1.66112169490332	1.15719051776022
goem1240	0.0683939651214912	0.617571294952922	-1.21672768601415	1.49101037383935
gofa1235	0.115473532492458	0.650632114277102	-1.13750928319745	1.67072991803797
gogo1265	0.0155011627782087	0.632823421272536	-1.38850871312338	1.35775455269091
gola1255	-0.0098934450433917	0.650894596042556	-1.44079346944351	1.39900115115931
goli1247	0.350594048428335	0.634276052494339	-0.649984472244247	1.92750852111451
goon1238	0.0494219325371776	0.687561299204377	-1.37295776559196	1.66229731656397
gras1249	0.125471134562276	0.628193248234773	-1.09166598520837	1.6176642283198
guah1255	0.305277224961607	0.717998384830199	-0.834020467581548	2.12695049887782
guam1248	0.0486037114663863	0.649815301219243	-1.36742216572862	1.49965789752671
guan1266	0.10090017213857	0.609169457486867	-1.1143946186052	1.52101457218232
guar1293	-0.169616824866175	0.624731682699242	-1.67624666052852	0.968040985987187
gube1234	-0.0311138890336768	0.668516583363604	-1.49398763556504	1.41613030561328
gude1246	-0.252037284728695	0.67477528280262	-1.93131984838112	0.917608616233805
guer1243	-0.229035452277061	0.668106959538219	-1.87613212485447	0.947613300613511
guhu1244	0.0676565191679442	0.58734425693818	-1.15891917857275	1.39807623453888
guiq1238	0.0856306761193455	0.610367479451498	-1.16211590906167	1.46202752241747
gulf1241	-0.103961388425975	0.646366975970975	-1.66296453651706	1.14088714644152
guma1254	-0.193460068454111	0.650130764439526	-1.7666092909529	0.97111833900076
gumu1244	0.167789322618423	0.670035561132384	-1.11165580381242	1.76143601137472
gunw1252	-0.244397934457196	0.686057726225689	-2.02486186609386	0.943383871543744
guny1241	0.0161000777231868	0.697502318329603	-1.42428600471437	1.53059327910588
gura1251	-0.0692810114446163	0.637600545173003	-1.56453794003292	1.25317143302527
guru1261	0.23188258771716	0.646642370218769	-0.89316589543217	1.79976277047285
guru1271	-0.0111729242659005	0.653907327445641	-1.43785271807124	1.398470904027
gusi1247	0.185600526074805	0.694635024794472	-1.07388903922505	1.86776653172905
gyel1242	-0.0499052353912866	0.662414827233112	-1.5445501742514	1.32426427787206
haaa1252	-0.0127034442447484	0.667419479746824	-1.4917156289408	1.4376970028671
hadi1240	0.318075418492507	0.698858049061453	-0.797708364076657	2.11811687098468
hadz1240	-0.311712017933563	0.708306960005006	-2.07849600498355	0.8944234746866
hakk1236	-0.0377606866017884	0.663440706971734	-1.56400419546316	1.33423738084543
hala1252	0.119134772663668	0.643189872881927	-1.12068384560613	1.63506649784533
halh1238	0.00276059188706122	0.664080797831245	-1.44662209131541	1.43223900209687
hali1244	-0.170619872853545	0.624975828683566	-1.66620280772306	0.971792627481196
halk1245	-0.0152346604919957	0.680951160306322	-1.49884144921444	1.42680025159922
hame1242	0.0187004102908114	0.597396864699301	-1.26025495434156	1.3714845657506
hang1263	-0.0965491556494106	0.58609321702264	-1.4348630043757	1.04444852490762
hani1248	-0.159846386234164	0.666964124030558	-1.72293680710036	1.0361638586993
hano1246	0.109246287211611	0.594149486092528	-1.0509544781066	1.47333191993844
haro1237	0.0519237990020015	0.646985048687166	-1.31691110685593	1.49350274877893
hass1238	-0.0253464138649409	0.65613080366696	-1.50434241297798	1.41421528307076
hata1243	-0.20189005289377	0.67248832263694	-1.84851526643948	1.01390758699771
hava1248	0.145628990038262	0.654055346660071	-1.08521329647648	1.68517796178247
hawa1245	-0.0734587955279399	0.653398173856439	-1.59521779171767	1.23105594799603
hdii1240	-0.346569013455768	0.688391222062424	-2.07127160022728	0.729623918247031
hebr1245	-0.0290098693169349	0.666405077144265	-1.50764665861621	1.39844669464105
hela1238	0.384929719013338	0.705261344684377	-0.691689925690677	2.15539977393766
here1253	-0.00544283701277548	0.701265013775534	-1.52054390986025	1.5106377890626
hida1246	0.149454925764855	0.678510558554665	-1.10651599724608	1.79053657519172
high1276	-0.258691151126167	0.697189685293435	-2.00191609141861	0.919949143231193
high1278	-0.186859470643668	0.65094859145611	-1.71509629712487	1.02549867028184
hili1240	-0.0810975404671007	0.64003002220483	-1.56046558815527	1.25043534444363
hind1269	0.085361410178459	0.636026851744227	-1.14370137285204	1.61498253916493
hinu1240	0.0986524729206166	0.667702826173843	-1.22138130020734	1.63991612537321
hixk1239	-0.290876306002281	0.701492689636324	-2.06927729379245	0.842821247600271
hlai1239	-0.0197611029148509	0.682822690804491	-1.51483915503786	1.42773206683305
hler1235	-0.211872052881598	0.673977833909658	-1.84391282121633	0.975683215214718
hoaa1235	-0.0491104777412092	0.658581785032697	-1.51980588831658	1.31288580720401
hoav1238	-0.168898108823339	0.662374084028527	-1.74265542581166	1.04676802349568
holo1240	-0.024627446250215	0.653088329509199	-1.44904758167468	1.37914467342711
hone1235	-0.00478671047906759	0.632537216357148	-1.36095850503997	1.34339474154191
honi1244	-0.149943785512512	0.649878799989425	-1.69557994640247	1.1293218911734
hooo1248	-0.206692716544356	0.657135096294523	-1.82558067810134	0.953315236480881
hopi1249	0.0801696812968333	0.641739359601339	-1.20849548980648	1.57920250517672
horp1239	0.10524122022111	0.622829386283491	-1.13238647118519	1.6111188730771
hote1245	0.244356347518718	0.631637514300313	-0.843114927506621	1.80666730986342
huaa1248	-0.0778995581045929	0.67322345010089	-1.63222172679522	1.28896426362632
hual1241	0.0194673627034944	0.661137266921071	-1.42467741424768	1.49674433652214
huam1247	0.106359835350907	0.663988208149275	-1.16440270045539	1.62605147639303
huar1255	-0.241760311877702	0.669002951469939	-1.93292063427141	0.920338483305527
huas1242	-0.136627849753252	0.642189313111493	-1.69598620456293	1.06736508686123
huba1236	-0.283626776674819	0.686783735539127	-2.04014843228626	0.876484183335541
huic1243	-0.18874087010015	0.671072779852174	-1.84399976583526	1.0577908151521
hula1239	0.154714452381368	0.633200358831113	-1.02674746561094	1.66511113201402
hula1244	-0.192507747821571	0.667554285533529	-1.80445404012815	1.0158982951808
humb1243	0.107264497468255	0.659472703612694	-1.19673129011168	1.66868206104028
hung1274	0.018116863203248	0.666941730000394	-1.38969375337816	1.48998372642058
hung1275	-0.0405631044152001	0.682144917188743	-1.49741557218534	1.37609692801351
hunz1247	0.0974492265679448	0.674322935771569	-1.23384036141816	1.68310022182204
hupd1244	0.286807883798853	0.664588267241729	-0.804138273328218	1.95206584308219
huuu1240	-0.390428740913174	0.712138167159892	-2.22494245116226	0.652607568429134
iaai1238	-0.161773108328795	0.643068789535127	-1.68330146917639	1.0138855329356
iama1237	-0.20808071153938	0.647771948049404	-1.78578135429079	0.933953751805882
iatm1242	0.19890200857285	0.6017786834812	-0.901689580913077	1.60855539689063
ibal1244	0.263140005506693	0.60820420430241	-0.724344498924566	1.79053553951692
iban1264	-0.0177025682821696	0.680241544528236	-1.53143106232768	1.40423587628944
iban1267	0.155606502309807	0.613395391983589	-1.01478865012574	1.63799626444861
ibat1238	-0.0771014697908331	0.631790295583346	-1.5112265383491	1.22669360947976
ibib1240	-0.0663115547528842	0.66915370300033	-1.58067184575851	1.28704058825345
icel1247	0.185332270841863	0.661039603259121	-0.992056076662365	1.80617383979256
idaa1241	-0.062223041606866	0.594551232345281	-1.37060582994149	1.19088348603483
idii1243	0.177381848788393	0.644035892719246	-1.02541740075722	1.72381368341108
idom1241	-0.034857916483406	0.659217374196471	-1.49846073807317	1.36504599770788
idum1241	-0.134816848529978	0.654876530042875	-1.73126220849092	1.11743398637499
idun1242	-0.202410311495252	0.654437037444604	-1.77500656105783	0.955906933009062
igna1246	-0.305681417483333	0.687554355968352	-2.06165604373403	0.830580203716221
ikkk1242	0.104254652518092	0.67968298939761	-1.25500113722889	1.70540315914743
iliu1237	-0.104127768971599	0.690493061521674	-1.74680616126959	1.25819216743046
ilok1237	0.264444674642154	0.628729484150381	-0.793658205322574	1.78071493309218
ilon1239	0.141753269051996	0.587780462036232	-0.966167821135258	1.54567502513668
imba1240	-0.0147507905232691	0.63554775527083	-1.37554474564761	1.39281370227338
imon1245	-0.274461767100709	0.647830058623785	-1.87588385192213	0.795826653049271
indo1316	-0.0802637819622072	0.663837821347177	-1.60522043704398	1.27680036352385
ingr1248	0.0307673285046216	0.695169238850662	-1.42907776359673	1.61655088264191
ingu1240	0.0842350572852497	0.647388138680055	-1.21927387943517	1.59448552837566
iqui1243	-0.0405889064579889	0.652186723058	-1.46969011183464	1.29504562895595
iran1262	-0.0373107752722029	0.64208531926063	-1.46818373301572	1.34696343089037
iraq1241	-0.402486075748323	0.738429742296503	-2.27233219459753	0.724414973277406
irar1238	-0.11321925820481	0.651324414417162	-1.64852922594286	1.15011448220536
iris1253	-0.164007381879954	0.667140843072971	-1.7878048538483	1.07807632410624
irul1243	0.0221949850987932	0.67907385252129	-1.38663757893284	1.56835832197051
isco1239	0.0868922665543991	0.652939994271274	-1.22444789901033	1.57116125280534
isin1239	0.185994638537638	0.590619981396979	-0.885533366905653	1.64450561102603
isir1237	0.194843951609578	0.682605140428977	-1.04881792883189	1.86614497484942
isna1241	-0.0541685577402709	0.59411683685337	-1.38888741099185	1.15654551849268
isth1240	-0.237976848460942	0.677410140137113	-1.92128401072999	0.935704253566594
isth1241	-0.23527012895897	0.690045584006355	-1.95396092905269	0.955438593940497
ital1282	-0.11095888969996	0.670290670219327	-1.6634748858525	1.20464540955907
iton1250	-0.27947744508881	0.680133135797101	-2.02332041849227	0.843587437733679
itza1241	-0.115897861084521	0.667364901194253	-1.74866209141839	1.18142313086741
iumi1238	-0.26676447899712	0.687646636204972	-1.950540987218	0.900813893895781
ivat1242	0.288671906305823	0.668779158195325	-0.821468104849005	1.97735188280896
iwal1237	0.204160969433277	0.624391567368036	-0.962507788742185	1.73062937573304
iwam1256	-0.303146110609059	0.651532653226955	-1.92148841212144	0.721484184041717
iyoo1238	0.315042418025506	0.598799271226085	-0.649304245606285	1.80313881110711
jahh1242	0.08915855304928	0.639855243265191	-1.1961977498896	1.58338563435649
jalk1242	-0.073597652407702	0.684051873448195	-1.65551473634482	1.32577791761107
jama1261	-0.108869650332491	0.660748489527916	-1.64616914350767	1.21032079382379
jamb1236	0.00267295892063628	0.655692140523909	-1.44067879255302	1.42627412232033
jams1239	0.213393132534323	0.66959347720327	-0.999077015905208	1.87966550285338
japh1234	0.0502910312340559	0.612146053951301	-1.24009479651369	1.37542731013439
jaqa1244	0.092533650583264	0.659527113747294	-1.2402556623927	1.64056444389986
jara1266	0.149382695741698	0.668326415850285	-1.13274861705205	1.75995811923869
java1254	-0.10683751141734	0.672403290984328	-1.7143252275969	1.24693167226675
jeha1242	0.0949069623673087	0.65023873454838	-1.19085491372106	1.63822966445605
jehh1245	0.0937959781554425	0.638375023176169	-1.18319091901584	1.60051570400655
jenn1240	0.0382880538262004	0.665666345708992	-1.37056237595071	1.55579186084067
jeru1240	0.166922191643154	0.631274654776227	-0.993192083383262	1.68319463644011
jina1244	-0.189271538520316	0.645342780124841	-1.78997913684492	0.972956875430241
jjuu1238	-0.0386837554116965	0.642930813336498	-1.52843276964074	1.31206185096899
juan1238	0.188635014699824	0.633949545538868	-0.942313404716282	1.75154630427946
juku1254	0.234570804472648	0.655876521807445	-0.885998426012012	1.90184467346517
kaba1278	0.0882871802009184	0.665192310889117	-1.2000158042918	1.68015715276576
kaba1281	0.00317813712752086	0.663105278743467	-1.44646437404766	1.47964431063875
kach1280	0.0513011780705774	0.606807480932773	-1.19023796451089	1.43732857493428
kach1284	0.29033203728571	0.684393054511857	-0.818612731014523	1.99712733707027
kada1242	0.0354861685990562	0.662993002138019	-1.38166343565307	1.55850093872664
kado1242	-0.331057489454306	0.688050949472756	-2.03922103175147	0.764530852436467
kafa1242	-0.163632016858685	0.653480987350464	-1.8066495822853	1.03378414912628
kaga1256	-0.14231306942792	0.640600289529615	-1.65150111575173	1.09963047102188
kagu1239	-0.146775747804651	0.677639866171848	-1.75952161376098	1.14164803516816
kaik1246	0.247336157831557	0.683165741155542	-0.919109929451387	1.9475023757895
kaki1249	0.0979077407428172	0.61289746435014	-1.1423420244897	1.47878227079155
kala1377	0.0905244370036341	0.691894353504164	-1.31040351458881	1.68587756897243
kala1384	0.00398311119426726	0.669417112819361	-1.44923197172633	1.47401224172968
kala1388	-0.0107649262261941	0.57752328687367	-1.26290930024554	1.22128061683639
kala1399	0.0963212488887468	0.630395753949282	-1.14380218296201	1.5885869685682
kalm1243	0.0182463076169038	0.656718680691188	-1.34596380930611	1.48146394347348
kalu1248	0.146398931984157	0.609189651601124	-1.0430365294851	1.51945100715583
kama1367	0.0772871526640933	0.605108638446031	-1.16781839420269	1.44473500396892
kamb1297	-0.00193710570620685	0.655206545375531	-1.42856765003169	1.44535122601523
kamb1299	-0.0326527246165116	0.677272606643035	-1.58956300942872	1.37366707119559
kamb1316	0.339087814532026	0.704028647907668	-0.743654089722885	2.1108662916832
kamm1249	-0.0134301004524373	0.610578035014001	-1.35938113596885	1.26357765874491
kamo1255	-0.2160952198137	0.656194365662076	-1.82625587894296	0.920902155965029
kamu1260	0.0324199780622386	0.646537052406262	-1.39868065352724	1.46122158609204
kana1286	0.395538730520102	0.658318450459529	-0.593254747397043	2.05773861082882
kank1243	0.192464351679755	0.589001100474295	-0.841288892298213	1.64997324220033
kaon1241	0.00979054105363062	0.666411112820137	-1.45272887156352	1.47503529106286
kapi1249	0.0366104265063507	0.670127807173555	-1.39626078261508	1.53041993114579
kaqc1270	-0.193526288746428	0.661848894342949	-1.85081873962271	1.0079392427433
kara1482	-0.0249606089555448	0.632358009022093	-1.40184460748586	1.30082999400423
kara1486	-0.122861592707739	0.616841280597028	-1.54843655123728	1.10045279535967
kara1487	0.200891415959106	0.579995859461957	-0.821083671934743	1.65915390465228
kara1499	-0.0251323553858962	0.64367021439478	-1.40280589686283	1.35846022396352
kara1500	0.0177894682242073	0.645898001676726	-1.36901167516608	1.38800648625254
karb1241	0.0977843482936067	0.594859025797683	-1.10849225177006	1.47618656673568
kare1335	0.0203154910162886	0.681455491449123	-1.40698887417173	1.53092161106989
kari1311	-0.171779190798192	0.698254588580465	-1.85896532568714	1.15593348819947
kark1258	-0.220754593178635	0.612530423912909	-1.67980907095688	0.878172050393707
karn1252	0.0485160538746992	0.597249740615807	-1.18619287375935	1.35680940380482
karo1304	0.0161770963485425	0.674553476509451	-1.48853864291993	1.46806285423629
kash1277	0.106257333891133	0.65531580372268	-1.17062848557388	1.67891791897499
kask1239	-0.0217407568339265	0.672924051727687	-1.48088689079362	1.41753483900153
katb1237	0.0639257997851541	0.566540818918904	-1.10103726582546	1.31693956718884
kats1235	-0.150933386158088	0.659642351020916	-1.720859665275	1.10039045053733
kaur1271	-0.153861971012367	0.618581095613764	-1.61662728681383	1.03091083879195
kava1241	0.13371400830282	0.602443243268425	-1.10713077370527	1.56498207561496
kaya1315	-0.368345845244405	0.743262638944284	-2.29292723617351	0.728218385066363
kaya1319	0.11664629952792	0.670535622921747	-1.20318837989902	1.72937023385939
keda1252	-0.1798880113285	0.654408044139385	-1.79010218090427	0.992932011484906
keig1242	-0.116238997828997	0.692094848507585	-1.74551815461518	1.22202021702896
kele1255	0.00135350939165051	0.672607927277025	-1.48299880325419	1.49051373791281
kele1258	-0.136244332848916	0.66743057136425	-1.71266912479498	1.14355006597274
kele1259	0.168501321823525	0.570444741619796	-0.867553608411386	1.53845789596279
kelo1247	-0.186299774033135	0.657775070254239	-1.83906850802183	0.962005130302376
kemb1249	-0.0258499581754007	0.66256683659128	-1.51123734221207	1.39006893774047
keme1240	0.176232906787045	0.639424626276891	-1.01560769204314	1.69285694665356
keng1240	0.191536326322286	0.673434888700041	-1.04831973276321	1.85219710879178
kenu1236	0.0534333349521678	0.677818853648933	-1.32971603849157	1.58103314440704
keoo1238	-0.0558125019125777	0.667623390839557	-1.54456285717767	1.34289486672142
kera1248	-0.0476872927224474	0.670464371949759	-1.53774671929882	1.34173448987759
kera1255	0.0418710183058623	0.629989567610637	-1.28012388340531	1.46658275922142
keri1250	0.00374866243201074	0.673663431216734	-1.4842976384924	1.43505215497979
kesa1244	0.402689967936648	0.65420962083294	-0.559821182969289	2.04669810946086
kett1243	-0.124180441555063	0.680971731887178	-1.69426309313263	1.18337651214185
khak1248	0.00664931458491658	0.639192706566337	-1.38364447795457	1.38502757903379
khal1275	0.0346932143411416	0.572116224176606	-1.12690302538699	1.32227874903216
kham1282	0.0353580543154299	0.676241060678966	-1.3821921289695	1.55154043820713
khan1274	-0.108446540186408	0.628368860099646	-1.59261290688625	1.1071802411526
khan1277	0.284800934224728	0.652701385144495	-0.808760361670418	1.92420125281471
khar1287	0.149258212071644	0.645775952245831	-1.07241296650385	1.70179023397914
khar1288	0.282796930395856	0.650615725239297	-0.795591331506622	1.89732354726568
khas1269	-0.0885426227089997	0.5945415198529	-1.49776457080683	1.08369899713715
khez1235	0.289854353343685	0.653156004768292	-0.789040150328723	1.93862097748169
khin1240	0.0701494357093924	0.686924186056474	-1.2718252616655	1.63518428471747
khmu1256	-0.166786097076194	0.667432380611062	-1.81164200833738	1.09660865019343
khva1239	0.100082947201388	0.669587113120019	-1.22212199903903	1.73262672609999
kich1262	-0.203222071198737	0.670740406347839	-1.92558905625459	1.01604698067381
kiku1240	0.134264195375987	0.662643721895847	-1.15556989238553	1.71519918561783
kile1243	0.016106128229044	0.641953077197816	-1.3345106554332	1.43375204219892
kili1267	-0.146887625054138	0.672062983472681	-1.73246987565432	1.16569833652761
kima1244	0.148712879513743	0.644499106195546	-1.05398919354894	1.72795027941906
kima1246	-0.105352323633522	0.666231976702733	-1.63498127304445	1.19783357248299
kimm1245	-0.0859861113103764	0.64876502407469	-1.56388259518671	1.19398067827341
kimm1246	0.0467009729085647	0.66582005930336	-1.34058434045124	1.56234961561545
kina1250	-0.09147692628335	0.629615964507989	-1.52713995303787	1.17864352895539
kinn1249	0.0765749324952856	0.688656184867427	-1.35862933528507	1.67204458068743
kiow1266	0.143858865946749	0.654886221585755	-1.10568014296896	1.69539892681235
kips1239	0.291909415979856	0.72418777459811	-0.867530444236935	2.12964410729884
kobo1249	0.385708409744317	0.653552233858323	-0.616100352619668	1.97975724962732
koda1255	0.0366377112783063	0.676213862910562	-1.35662923017548	1.55553909723188
koho1244	0.111323415133335	0.662139264968115	-1.24027976503769	1.64814730281363
koir1240	0.295664436104382	0.654843335026447	-0.775042230791096	1.91188617237911
koit1244	0.137159077783231	0.636101344632311	-1.05844713365178	1.60751623981909
koka1244	0.00737703188972416	0.644018666369702	-1.37689621542743	1.41811101090424
koko1269	-0.127628903653733	0.631462392570851	-1.61328627863294	1.09539270027172
kola1285	-0.0870328990828403	0.664666362740243	-1.62461152231391	1.23122249044964
kolc1235	-0.0289751339014107	0.673419261092462	-1.4906709088722	1.41876983666613
kolp1236	-0.304222425066552	0.691335257461477	-2.06103447415762	0.827873675045205
kolu1245	-0.206164354025633	0.647361027193656	-1.78177893040118	0.945152090614412
komb1274	-0.177005982694	0.673287452953045	-1.78383327727793	1.05505465534095
komc1235	0.148813252425976	0.617344406326375	-1.02542039966854	1.62018044005178
komi1268	0.0166932360102751	0.662487193380835	-1.37393111596581	1.49550240205411
komi1269	0.0278074115793904	0.672061285017847	-1.36774799985071	1.522485494782
komi1270	0.291935579663842	0.669944038326201	-0.841740277841018	1.99677818491061
komo1260	0.00268819819209263	0.651202993089454	-1.40883961886308	1.42985469276145
kona1242	-0.00991439596830201	0.59008496117116	-1.30366000499739	1.25214138515297
konk1267	0.0663632339169928	0.654079541383497	-1.30444525685063	1.54006106085378
kony1248	0.277877082383835	0.634410558894787	-0.799010330228569	1.85167996549283
koon1244	-0.0318065167675927	0.665004541820066	-1.43157854094831	1.33701144065638
koon1245	-0.0421760445466332	0.680194514890786	-1.59981623256046	1.39733649501285
koor1239	0.217277083646623	0.645583399425514	-0.929470826636046	1.81737446053606
kora1294	-0.125922491995023	0.619812702453255	-1.60524109038426	1.08665374617027
kore1280	0.0360608891296146	0.663091005326911	-1.36871601282573	1.51289190091401
kork1243	0.215188549169819	0.65135271643263	-0.949461187978201	1.81623259687635
koro1298	0.169915922208738	0.654853088083231	-1.0539048394995	1.74383661902732
koro1312	-0.207479740117525	0.674068855812028	-1.83238770475381	1.01602790480428
koro1313	-0.0399056425118417	0.614920137265862	-1.40846445496279	1.23211738910278
korr1238	0.0222904613160683	0.66782977835641	-1.39554960947235	1.55145819497777
kosa1249	-0.0469531309450674	0.583715667842894	-1.31765231580875	1.18370138878487
kosr1238	-0.0724872600588806	0.642256785738374	-1.55012390914804	1.25974467217752
kota1263	0.0326099452773716	0.649615545494685	-1.32851444179348	1.49038408474476
koti1238	-0.0342139869725569	0.643509291511824	-1.46950182353414	1.31050490266271
kova1243	0.0764496326563874	0.600790707690744	-1.14522267603236	1.41803847494208
kove1237	-0.284342902551333	0.66927309312665	-1.97787589509439	0.801262403446475
koya1251	0.0885036246010392	0.673265253600379	-1.26761846373179	1.61641268671696
koyr1240	0.0534287696506534	0.661113558684898	-1.30436642460079	1.54636351296481
koys1242	-0.0603199703570341	0.637444945187361	-1.52471018652654	1.27285632023206
kris1246	-0.317461786423015	0.668595679018553	-2.01360261133856	0.767377602814721
kron1241	-0.173680227994985	0.667563690105781	-1.80001870244151	1.05223105755657
kryt1240	0.0684209072459414	0.685803935621477	-1.27542092904398	1.64058950564322
kuan1247	-0.0473680288749509	0.64810296185371	-1.50583288200171	1.30972166495356
kuan1248	-0.278300194630585	0.669032758033264	-1.98794308621638	0.823877562491326
kuii1252	-0.0766540940308226	0.608438520568239	-1.44346299483452	1.12514340276831
kuik1246	0.275352896989302	0.679179298256507	-0.836134681794119	1.97359386587318
kuku1273	0.0532723328169238	0.695941177893545	-1.42919708918374	1.58283558340257
kuku1280	0.077334515068408	0.651880723154276	-1.23414877004513	1.5954143782535
kulo1237	0.324790594543942	0.627384580718774	-0.688120252940289	1.84977270250411
kulu1253	-0.0293643546108702	0.567017220385189	-1.26398958981855	1.20372020431726
kuma1276	-0.178890979658311	0.635312191759668	-1.71630410444945	1.01177158940928
kuma1280	0.387240102549014	0.6504490469764	-0.615481987492688	1.98910948743955
kumb1268	0.0213713560061031	0.660151294158967	-1.44233117572129	1.45709766832271
kumz1235	-0.0511351786331675	0.663546954462898	-1.5758830292954	1.38166286376115
kunb1251	-0.319543738331036	0.701148037767642	-2.11770575495358	0.804348266203831
kuni1267	0.0702061597943241	0.596272172007228	-1.18930116151333	1.40608936581783
kunj1245	0.0984097199773063	0.668597596633765	-1.27493027021486	1.66257610229407
kuot1243	-0.0693719320418084	0.593826130740806	-1.40153193194515	1.15398828693778
kurr1243	0.00492277061829036	0.654925167330377	-1.36406997163884	1.43469275083579
kurt1248	0.22503516725591	0.687998551432491	-0.962965880812256	1.96226178946456
kusa1251	-0.173393575330961	0.667219490123508	-1.75192147285911	1.04503467614062
kusu1250	0.242865020322321	0.667321259682916	-0.92415053116755	1.87120615374798
kute1248	0.217661465133541	0.655060483299027	-0.920142892886493	1.83300339482159
kute1249	-0.0491910312378667	0.686730977606058	-1.64885338239793	1.32420881055407
kuvi1243	-0.0888761986373236	0.600772218914063	-1.46270266252808	1.08957689613212
kuyy1240	0.0344420168988694	0.655919723976544	-1.31600482041194	1.48283241760359
kwai1243	0.0864075838737768	0.621058024693894	-1.18167905269088	1.52485746848382
kwam1249	-0.0313647088534139	0.671253567930823	-1.55513227881947	1.36661684406505
kwam1252	0.0645537574434245	0.593788062621021	-1.15527909998576	1.41426221258456
kwar1239	0.0202240189890093	0.61276608080268	-1.31120084276578	1.36227317420264
kweg1241	0.0117054272791953	0.616589269240113	-1.30929584096347	1.37424054559605
kwin1241	-0.0607843943071063	0.675251849377998	-1.60035496071479	1.33961158009532
kwom1262	-0.0658439215339346	0.57159397137377	-1.36278936336259	1.09350330909731
kxoe1243	-0.193370660169157	0.683377048162876	-1.88709417358776	1.09449852140003
kyer1238	0.407229297412577	0.715151787389618	-0.637655404575526	2.23125323559771
laal1242	0.133209873609368	0.686831151689747	-1.20422598041325	1.71293884949706
labe1239	-0.245622613542655	0.659320179785363	-1.89115924859169	0.906450324715807
labu1248	0.267402185051151	0.63578898433238	-0.838607305749679	1.81819325766055
labu1249	0.184398019710131	0.648223862166688	-1.00192246872795	1.81450070379237
lach1248	-0.0902108540467266	0.653164947799878	-1.57629062736448	1.20843206617987
lagw1237	-0.187304350378586	0.644247640178492	-1.75837455239519	0.957984629725976
lahu1253	-0.337151862553312	0.694335185184944	-2.07640226784503	0.767059855698845
laiy1246	-0.0360853110710208	0.65776782670337	-1.4527191773255	1.38776570127667
lakk1252	0.0882782319976963	0.668628065513271	-1.25934755475535	1.63160560107093
lama1277	-0.115215170911677	0.672774645358674	-1.67355528728366	1.21936861118616
lama1288	-0.34669893147799	0.686252046295027	-2.03442491224423	0.729316584929838
lamb1269	0.0953227156571187	0.668147565064236	-1.18231047949545	1.72778770564946
lamb1273	-0.0233188595854481	0.67066217903941	-1.47039073297041	1.37710342210008
lame1260	-0.0280635051520368	0.589779785717817	-1.36550496201171	1.18316764684373
lamk1238	0.252446168889278	0.658230013674082	-0.851754260953312	1.8945069385041
land1256	-0.0191361677528463	0.691795081344966	-1.55374467432844	1.44198046423969
lang1320	-0.418390058057055	0.74750717147917	-2.30227364328861	0.688703481638488
laoo1244	-0.0517234998557829	0.663692308862846	-1.58787431267295	1.35551981345376
lara1258	-0.129592540763758	0.652165749296322	-1.67350561487744	1.11991186519196
lard1243	0.115401967477739	0.672112026149542	-1.18555985318257	1.77715384456849
lash1243	-0.276271723742322	0.698778486497418	-2.03011027745679	0.891237782942938
latv1249	0.116360689481682	0.653898328862869	-1.11687664680454	1.73681302443608
lauu1247	-0.0127196872479589	0.608656637004976	-1.37016730029813	1.25314212148998
lave1248	0.162995392053186	0.668174904934702	-1.11446816416521	1.75290109355766
lave1249	0.142989609888692	0.636557372465118	-1.04586873636124	1.65224837413023
lavu1241	-0.111236861852766	0.63394487303338	-1.62944341873103	1.19276258243825
lazz1240	0.0242065245914708	0.669566703557676	-1.42839754485845	1.49650120870363
lega1249	-0.0125420513531221	0.686727843233985	-1.49063740020047	1.44504909859876
lele1267	0.103837757207729	0.598742022753349	-1.10873443859179	1.52883444694066
lele1270	-0.134279092000107	0.663102873551379	-1.73707603779344	1.14282796339241
lele1276	0.0501466021313204	0.663412408917352	-1.35804708997066	1.57136842338873
lemb1266	0.396720900749176	0.671887987398364	-0.612798448788872	2.07494056458659
leme1238	0.032202844844856	0.641684440429848	-1.30788252475706	1.43583083731203
lena1238	0.0350032138799517	0.605475544459303	-1.25321662578424	1.41379242155787
lend1245	0.148504318965449	0.654332323651095	-1.0526887917501	1.74398859209377
leng1259	0.0690993305048227	0.63769918553363	-1.2500916694532	1.5189934064029
lepc1244	-0.245686732157004	0.641980969728892	-1.84103312947965	0.85956119775546
lese1243	0.270012847692129	0.687050247063978	-0.852802019251702	2.03944894647341
leti1246	-0.103254943129654	0.670408739695885	-1.65394065495869	1.20889581029099
lewo1242	-0.0136117348042647	0.594755306033928	-1.33550371468061	1.19967020000112
lewo1244	-0.113300763874629	0.668475732132677	-1.69131535332056	1.21668953666578
lezg1247	0.0717610312046662	0.68360630625992	-1.30115895548915	1.62006115878021
lian1251	0.193843662141491	0.626641151674793	-0.949023161655853	1.72338035863358
libi1244	-0.105028807632495	0.673526424254634	-1.65659001834075	1.25595391337084
liby1240	-0.121486075305368	0.634319456569079	-1.60142665727408	1.05696710440851
lihi1237	0.123844329174315	0.629465672972193	-1.07216810657841	1.60424060393926
liji1238	0.0325287688982126	0.635194960283914	-1.35190298778962	1.45438619957198
lika1243	0.125315009111283	0.662930415920642	-1.17553188390509	1.71524757263104
liki1240	-0.0937463142453018	0.676061986156814	-1.6772151827182	1.24106939987113
lill1248	-0.0174150489387031	0.659067467194572	-1.48813535949875	1.3862897018445
limo1248	0.0909256276350524	0.5804139490517	-1.04132010604996	1.4354125791873
ling1265	0.0759603653716979	0.565790709552229	-1.0582334430654	1.35706533434763
lipo1242	-0.298436416648685	0.693414621512929	-2.0560739837651	0.823752417682449
lisu1250	-0.383691502765923	0.702033568600135	-2.15470596065673	0.665466476937364
lith1251	0.110861856254067	0.65742282248631	-1.14456875298496	1.69672294546006
lito1235	-0.135852370139389	0.673955033363863	-1.78640627503534	1.18538090320994
litz1237	0.10411838695229	0.563783478510573	-1.00213166148306	1.40610032557839
livv1243	0.023037516318962	0.666713928479774	-1.39300262365522	1.47261118624728
logo1259	0.0530738323496284	0.648696100563195	-1.29711323322658	1.55827262939059
loka1252	-0.0548685234235365	0.661686290703562	-1.55094946859047	1.28878572420445
lolo1259	-0.322181234518845	0.713246510530017	-2.10405086792767	0.824302569918759
loma1260	-0.0305181059207387	0.652986263213229	-1.49445450265062	1.36685176859673
lomb1257	-0.174347811711813	0.671312283217034	-1.81773243186526	1.06091510600512
long1395	0.0994159983462566	0.642914029574991	-1.23147229001037	1.5665319227678
loni1238	-0.13067649073678	0.658322731643662	-1.68013259300142	1.13503721789055
lote1237	-0.240868299832135	0.661484473552223	-1.903839889364	0.892102394721469
loth1237	0.251279372449881	0.632223342145754	-0.862768184134908	1.77855677607504
lotu1250	0.0599516444067804	0.608563472579127	-1.19705415481873	1.46148862998768
louu1245	-0.135222982087685	0.657898507771346	-1.71280838901706	1.08672142352992
lowl1260	-0.109827321188947	0.678273068317222	-1.73208360976832	1.19098413660504
lowl1265	-0.236120970458044	0.665663724570879	-1.90818911645175	0.900068995953312
lozi1239	0.0137716793636837	0.657397482776614	-1.41828437358747	1.43347962266261
luan1263	-0.0943972373399741	0.674303206798424	-1.64641185216194	1.24796721253727
lubu1243	0.0953659276033289	0.579014636130681	-1.042228297713	1.44706298681923
luch1239	-0.0487208707679311	0.669940003831467	-1.58178720209034	1.34310952569171
ludi1246	0.0219790920275232	0.648083698503172	-1.34896082881634	1.40281074266627
lugb1240	0.195019876048996	0.671469436693913	-0.960468408414158	1.91165647098266
lugu1238	-0.108559914612265	0.678047868406499	-1.65659753757806	1.23435472802504
lule1254	0.027971034109641	0.663542609700575	-1.40472609774097	1.51069789362076
lumu1239	-0.155693711835991	0.664616439091312	-1.74751577906047	1.10195728401344
lund1271	-0.0143207446915249	0.650337811726596	-1.437321204207	1.41663477086314
luse1252	-0.0506821496394562	0.698560847785549	-1.67075132919014	1.44098368203386
lush1249	0.162265843170325	0.647676363938238	-1.05378131365602	1.69933708955358
lush1252	-0.0431328225198115	0.650942028359101	-1.49420833418259	1.34448921292684
lusi1240	-0.270713929835411	0.646567329944075	-1.91091285978743	0.799131112308218
luva1239	-0.0300286443543304	0.665388386806823	-1.51051677715647	1.37605703020357
luya1241	-0.0851499977656611	0.69358729251073	-1.71449318968671	1.3528510417452
maan1238	-0.00223059151961845	0.642364029875974	-1.43631388795077	1.4141450740519
maba1270	-0.0528818477544202	0.675114933534185	-1.61901413380348	1.39271352784184
maba1277	0.00257129116554274	0.675206163887261	-1.48901032074408	1.50938867558579
mace1250	0.244867585010903	0.680025080229153	-0.925048001704384	1.9118183154681
mach1267	-0.0714507497004024	0.65081217078089	-1.55326227087037	1.26445366833413
maco1239	0.139224751509537	0.649810320125484	-1.10523893673187	1.69707218846864
macu1260	0.109925937147712	0.654282902773533	-1.22703031691648	1.60646941700761
mada1285	-0.0500200935534671	0.590655030450517	-1.37171936607858	1.18809179318346
madi1260	-0.0191728985901191	0.634176692106116	-1.38188787182679	1.3287448186633
maee1241	0.161692132597131	0.560926937139621	-0.870578165889349	1.4678507438575
mafe1237	0.173697057814567	0.568904483856665	-0.847869124426801	1.52815875621761
maga1260	0.00681884788762531	0.636448500042542	-1.37626346964195	1.41047228606249
magd1235	-0.245597076699533	0.680858760158875	-1.90937952907103	0.950289292992655
magu1243	0.085157375969721	0.577904315312897	-1.06811983976449	1.4030435172846
maia1253	0.0380722783492575	0.567765958215939	-1.16968032663366	1.26218926533511
maib1239	-0.198271414215048	0.689671536663636	-1.87336555593204	1.05559372405912
mail1248	-0.161482646573947	0.659617685877896	-1.72486478222935	1.10681176287138
mais1250	-0.0500322916103886	0.609038817106169	-1.41696023672344	1.21083386665052
mait1250	-0.114693999325021	0.61114375580494	-1.5329831218043	1.1229956644804
maja1242	-0.10777149443203	0.658682737937968	-1.63759672170855	1.17581686796875
maka1304	-0.0319289444209957	0.646427114973014	-1.50706453856744	1.28225327453425
makc1235	-0.0350451029639939	0.67216898359474	-1.57942778420183	1.34567756820726
makh1264	0.00112716067216544	0.680441763561018	-1.47209542025896	1.50645651852782
makh1266	-0.00431169285182101	0.675584860145807	-1.50172082725317	1.48000001137518
mala1463	0.00273914237372503	0.671461156681396	-1.44760327316133	1.46076571716649
mala1464	0.00962540746183465	0.690536140722188	-1.48195540880649	1.54075117282004
mala1479	0.0742485892756779	0.636253379178563	-1.24899196977855	1.51239928882741
mala1522	0.103394276008001	0.635529567189479	-1.15461171551669	1.58086675677074
mala1534	0.0283972340843296	0.58075730224437	-1.19542690477891	1.3027379798822
male1284	0.0683865067099204	0.637257223429068	-1.24658614743747	1.5125778926039
male1289	-0.12402632513574	0.591466545118364	-1.54343167848845	1.00582484555935
male1297	-0.176364894291701	0.671680574391032	-1.76382352434271	1.07002611075714
malg1251	-0.289177772528336	0.685298734009448	-1.95945166594272	0.829384387558706
mali1284	-0.316124348316578	0.702528135926447	-2.10045550144562	0.808987145290845
mali1285	-0.256864884340216	0.667959023979889	-1.94538448409183	0.857280333331835
malo1243	0.199199465795077	0.565368444700554	-0.786089186510215	1.59185744787563
malt1254	0.196668437817149	0.65299960134798	-1.00306705810758	1.79611217746779
malu1245	0.173299023893074	0.567172307126028	-0.840938142128266	1.53661278288083
mama1275	-0.127384319048142	0.645776990840525	-1.63398676059384	1.12667866575324
mamb1294	-0.0349363321890201	0.627640755327136	-1.45374660756638	1.30884817362405
mamb1306	-0.110377188652377	0.670400406210965	-1.66313473584953	1.15975296876431
mamm1241	-0.218901458671702	0.669168093782428	-1.87943401651609	0.943406647975133
mana1288	0.332130052961709	0.716979446764282	-0.778328678106784	2.14700363266729
mana1295	-0.0010520754385702	0.598556569927824	-1.34420651449831	1.25380576262957
mana1298	0.0425866429254517	0.570551627694612	-1.15566441229212	1.3232571501483
mand1415	-0.0467033251262957	0.661157888037577	-1.53632792108819	1.32255474208994
mand1436	-0.0455230133355515	0.662783817845976	-1.54537230400598	1.39544211854228
mand1440	-0.00285626227658845	0.590035842265518	-1.24183159392014	1.24166721108239
mang1378	-0.238589082508941	0.685196927405359	-1.93023123954805	0.981492152388612
mang1381	0.170035684844673	0.669668357339557	-1.06617027965896	1.81385699120944
mang1394	0.170090887639957	0.632330317144223	-1.06028170395671	1.65859795997465
mang1401	-0.0779856183652836	0.634414899624441	-1.54920375964131	1.21266236020784
mang1403	-0.247675938495431	0.665761609124883	-1.93550039065057	0.893469814166782
mang1404	0.283969980791086	0.63829389226404	-0.770193284780718	1.89328298188177
mang1405	-0.0272387917210539	0.672365962219343	-1.57970481681706	1.39354455802441
mani1235	-0.205605256458395	0.667008974671488	-1.85060322374188	1.007767633216
manm1238	-0.383119354403151	0.710323534509925	-2.18848738046781	0.655021568669794
mans1260	-0.191451897890168	0.672699996477396	-1.8524322599125	1.04132473738239
mans1262	-0.132647304270001	0.623657236909656	-1.61926358606322	1.06322153112698
manu1258	-0.0719476495687302	0.644490602417683	-1.49800476596593	1.26121100809986
maon1241	-0.0363399041542901	0.669468233742798	-1.56307847236078	1.36193301986606
maor1246	-0.0112782831740121	0.666265132423287	-1.52452660206254	1.42234764635851
mapo1242	0.282937979650206	0.640101943131534	-0.801897944195671	1.890491537662
mapu1245	-0.0395753829724919	0.679002975874891	-1.51427044061177	1.33534261345069
mara1378	0.106003686886534	0.677804064736867	-1.18496440460993	1.74798445090976
mara1379	0.294348545226217	0.656269048077618	-0.765189380568893	1.87947365789846
mara1382	0.100919423790227	0.633317452444055	-1.13534469081912	1.56787865273233
mara1385	0.141718963379671	0.643442594392093	-1.07809415547137	1.73156149257437
mara1386	-0.164137686709979	0.643566960845047	-1.73544941327683	1.01659861498616
mara1399	0.134185954803638	0.56176879626278	-0.922427318056135	1.42702404415172
mara1404	0.0850998515887241	0.587422501374519	-1.07219480211778	1.43007701961799
marg1253	0.0109733368162171	0.66702412419294	-1.43648408036223	1.51241365242055
marg1265	-0.32488874130683	0.687651596359183	-2.07029058278882	0.788184851800282
mari1414	0.0597208832259226	0.672825706629951	-1.37128650009778	1.58887496256654
mari1416	0.255243902258994	0.658135019636326	-0.843537629358096	1.90490687773989
mari1424	-0.11922412314283	0.638367861886546	-1.65707594920192	1.1428963904372
mari1426	0.202926747196242	0.633098040777525	-0.923238404829619	1.76228837847417
mari1428	0.324096003145062	0.614277881237866	-0.697347160249417	1.80938980147151
mari1440	0.0741826674914666	0.662837837338989	-1.26820654426708	1.62556290852098
maro1244	-0.160366669741709	0.671061889315245	-1.7271415869737	1.09835157047868
mars1254	-0.0772614856728438	0.660116367182567	-1.64062713731491	1.25269692307454
mart1255	0.00666697343419145	0.656834805089867	-1.45169614105196	1.44774633485791
maru1249	-0.283575912600203	0.705825911048084	-2.00770626284497	0.897206364629997
maru1252	0.0800616604315644	0.67883534827542	-1.27005914095369	1.6040479873852
masa1322	0.0206854202525115	0.648366444030232	-1.35709654825545	1.4662949421838
masb1238	0.176898961470857	0.619431954458067	-0.991712986042422	1.68210641769343
mask1242	-0.00938414923640126	0.572856010429889	-1.2532886105885	1.19981162541202
mati1250	-0.00920216447717152	0.566631143293385	-1.20928349526776	1.20503434465891
mato1252	0.316805133048263	0.628957403191277	-0.684454994805728	1.83470073431475
mats1244	0.0632123470880173	0.679963207156838	-1.36098239165367	1.62824606755811
matu1259	-0.0256044986746896	0.63344495984296	-1.44155652349796	1.34753739608932
matu1261	0.0636836046099769	0.566844833473241	-1.13026711968846	1.3197141252773
maun1240	-0.28301720936698	0.69285723894772	-2.06200411603742	0.860476347177276
mauw1238	-0.0112314721897433	0.569982152583139	-1.28180392886226	1.1771686755815
maxa1247	0.143771864133776	0.629777863362988	-1.0472511488724	1.64582790279487
maya1285	-0.089708428911664	0.652521190093178	-1.63803989676001	1.20606976819915
mayo1261	0.176007941749619	0.665198057600833	-1.07981985373736	1.7756134057566
mayo1264	0.0101972238903315	0.636487660873016	-1.34613287231633	1.42227981061683
maza1304	-0.212592271943394	0.650954659145977	-1.80994396291691	0.969114568981883
mban1263	-0.159327887514276	0.647622525049286	-1.7205260490944	1.05545879555094
mbar1260	-0.0775108041660977	0.659781601645625	-1.594832358289	1.23210384097682
mbay1241	0.0239905554566926	0.663594554838542	-1.39004859174001	1.52271147064774
mboc1235	0.00959630874586414	0.641919585495197	-1.35592712863904	1.39411734428772
mbol1247	-0.00712188582702335	0.673838030882214	-1.42113543158195	1.41618110085381
mbul1263	0.0082595470318157	0.590704429857569	-1.27166008730234	1.27574089788662
mbya1239	-0.13374009497948	0.638175502133543	-1.62082571210108	1.13401636329764
mehe1243	-0.285210636811172	0.644353745881375	-1.89503937052247	0.734941012488359
meke1243	0.0657990329578081	0.605856379120033	-1.1774750683143	1.44068402805333
mele1250	0.115241837213873	0.599832058137046	-1.07922756214804	1.56759922871641
melo1242	0.0292087885800507	0.639825450070396	-1.30079842467593	1.44082416446174
melp1238	0.442822413166866	0.674555882010213	-0.518113198827592	2.10823685037907
mend1266	-0.0221415974196799	0.667676100647215	-1.48685181162832	1.42566636540152
mend1268	-0.247677398309768	0.631292901382233	-1.79601848947444	0.790844545544844
meng1267	-0.278563000150262	0.688353526117922	-1.94876128423675	0.865925633396005
meny1245	0.275798585307563	0.642335521714011	-0.822625022925732	1.85347421886867
mere1242	0.10661189773958	0.566781036402351	-0.988188767632217	1.42103312579883
meri1244	0.102231674669671	0.673020164859571	-1.21473949507941	1.68578216642165
meru1245	0.0516839691275546	0.655651150016637	-1.3051273992133	1.53024100390069
mesc1238	0.00660551642707882	0.67345112320144	-1.4618634541896	1.4684141842681
meya1236	-0.208113210974714	0.681347214813182	-1.91830849472309	1.02122904125667
mezo1235	-0.278535554224094	0.716735434460953	-2.06401931025705	0.903936584432968
mezq1235	-0.153908928225053	0.673957566458824	-1.78833582476958	1.08031668960055
mian1256	-0.258615881119851	0.660154671680245	-1.84199364401402	0.864402718945796
mich1245	0.000827651574646123	0.672979775715101	-1.48438537814042	1.48981291793752
midd1327	0.321368323834715	0.64553828366485	-0.699939972756223	1.91449949606859
midd1357	0.00953389045757934	0.671147281479211	-1.43885369469479	1.4983257352697
mids1243	-0.0462735735798686	0.668026420317861	-1.53179632060163	1.33936503212249
miju1243	0.026609361649978	0.612951557195655	-1.28080417298417	1.37898596047385
mikm1235	0.17944557603337	0.67661193265959	-1.07371233316475	1.81617614814323
mila1245	0.130408531667571	0.653168079168948	-1.11109495590323	1.66928808477238
mina1268	0.00291794563613116	0.702159390021859	-1.53422113203105	1.57087968981689
mina1276	-0.234855554293948	0.65166777467899	-1.81894214043746	0.907771718205869
mini1251	-0.281799378696217	0.678120676256124	-2.00564827462636	0.838843434715953
mini1256	0.116373144750042	0.648002853747931	-1.17729934359585	1.61752793346724
minn1241	-0.0106907327968459	0.639924418601251	-1.43186060505579	1.31237218117247
miri1266	-0.124795861508822	0.674136511993084	-1.68983217187811	1.1816126676837
misi1243	-0.154719298715345	0.651433523890824	-1.70534286097623	1.08916058728978
mixt1426	-0.0899372625609703	0.675087252682348	-1.58751955085693	1.22891535620825
miya1259	0.00768208223979739	0.658502025891504	-1.40351323864122	1.46135252384546
miya1266	-0.0341245740903826	0.707039605250636	-1.57554349936245	1.44963557714344
mlab1235	-0.0367491879960428	0.671826219337242	-1.49896307527911	1.45701794054981
moba1244	-0.0963169679033059	0.652525371481075	-1.62607842033255	1.22772752150797
moch1257	-0.218037697044079	0.657712871050634	-1.84999901649714	0.942217686686287
moco1246	-0.0482007067877427	0.654661595562883	-1.47617399056159	1.33475961280125
mode1248	0.112890418505671	0.662104905953773	-1.19565718801991	1.70103726081386
moii1235	-0.18682386750974	0.664796121829528	-1.79125629897012	1.03397478873069
moke1242	-0.00600292963425459	0.65190876300054	-1.38691125183543	1.38725427676923
moki1238	-0.0579654723811744	0.691829417406693	-1.62491299336056	1.37313860844677
mokl1243	-0.026574679483051	0.660664117303123	-1.53231405261542	1.39644294345823
mokp1239	-0.0356073345633137	0.680009074350638	-1.53878724155192	1.41040635535211
moks1248	0.0144133247010497	0.65272100662233	-1.41140237261041	1.45586920894264
mong1338	-0.0139847381138353	0.669542460600734	-1.44512642022712	1.45672278035373
mono1270	-0.131570590995351	0.653060358624247	-1.65881184003396	1.14351739072829
mono1273	-0.0541103108063079	0.635520956128656	-1.48491634325728	1.24472536140354
mono1275	0.220862763653359	0.679530051892806	-0.920285372974722	1.9523577088635
mont1268	0.00347048769580379	0.671104724984989	-1.47183001797022	1.47336667479166
monz1249	-0.150380712773791	0.650917364699321	-1.72019089061743	1.09415956097324
mopa1243	-0.0742051440857783	0.672762243882902	-1.61723924859882	1.23358640089914
mori1268	-0.105474969459065	0.641070093253423	-1.61436806349804	1.1654678092978
mori1269	-0.107083345100216	0.626760106458638	-1.58008002128782	1.12197110606363
morm1235	-0.0456968647849201	0.628348951191056	-1.42809989313321	1.2864332859316
moro1287	-0.0549412219698395	0.660553404991616	-1.59410603219309	1.30805832687414
moro1289	0.0739114774715428	0.647690663021373	-1.2752008955454	1.53732432223612
mort1237	0.073033888666765	0.692638440691693	-1.33101285280403	1.68921047024438
mose1249	-0.369222951542272	0.740032850391403	-2.31552460422494	0.800516324614328
motl1237	0.0343898632044098	0.646378723525477	-1.32840741542574	1.4462892057461
motu1246	0.139539362664129	0.630775447759239	-1.08983139766298	1.66233663393805
mouk1239	-0.264376973553471	0.645103924405408	-1.87645002082502	0.801093918318534
moun1252	0.121792448628735	0.62584644079525	-1.1063254984265	1.56002674836971
movi1243	-0.259270640130814	0.690832111836033	-1.96967269837118	0.94040469093832
moyo1238	0.277213572117344	0.667956469654174	-0.86024773205165	1.9614382875325
mpad1242	-0.176304942102261	0.685912080729757	-1.87606043877279	1.08802951261706
mpii1239	-0.00989216802101123	0.646330543331262	-1.42424387716405	1.42261498863801
mpot1240	-0.0548286861260832	0.63950047445165	-1.49165674962931	1.25843949449047
mpur1239	-0.191079416693482	0.708991754945831	-1.95029637620107	1.10541184219182
mual1241	-0.0204127606354318	0.684276923795195	-1.55449781904719	1.45267888616642
mudu1239	0.0361852742212221	0.666919058622223	-1.36675642599827	1.56963347312557
mudu1242	-0.245025701319434	0.659759026756378	-1.8327846470234	0.88656140944621
muna1247	-0.0477736477831202	0.660802813380495	-1.54590399245717	1.32724959561601
munc1235	-0.0916122119403713	0.645444420379971	-1.62593310160944	1.18970649810539
mund1320	0.0230509250747161	0.654597901392231	-1.38708926185121	1.43540235331321
mund1325	0.0464041034512058	0.613026136228427	-1.19988808565153	1.42805779908838
mund1328	0.164626533061254	0.622443090773148	-0.999816914826904	1.70104327116111
mund1330	-0.0951397871439235	0.636613214553525	-1.56561338851415	1.19292436433845
murl1244	0.0949159650782044	0.665420717578401	-1.26155943761113	1.63330999493836
murr1258	-0.095972630622912	0.646908684756354	-1.58705525359026	1.20282511341537
muru1266	0.0214544719402286	0.674180628436089	-1.39248286865763	1.50706195156465
muru1274	0.09133048906535	0.656855660539944	-1.21276352364061	1.61407582419306
musa1266	0.382993956160267	0.645982211800559	-0.595393899695728	1.94245406206233
musg1254	-0.125052230148766	0.643441935051157	-1.69619342699526	1.09853483821199
muso1238	0.283244325410983	0.637510335256155	-0.830173055378775	1.86817936457757
muss1246	-0.0718886194585818	0.660123193757924	-1.60671856168585	1.26436684338796
muth1236	0.0238036069558143	0.687889735922154	-1.50011768091925	1.56798418835656
mwag1236	0.0179602379495202	0.601272675345222	-1.27979509533807	1.34797785651666
mwan1247	0.00477761495487601	0.688476387688592	-1.44658275455776	1.51190270573959
mwan1250	-0.0520638759907419	0.645746387529985	-1.53115085166859	1.32315225578677
mwer1248	-0.0339802913747977	0.643225116880586	-1.483535654567	1.34249457211594
naba1256	0.286184965646546	0.631417628501257	-0.77349761676007	1.79772723413783
naka1262	-0.264886198178288	0.665384528394393	-1.89656520887908	0.842489402259472
nalc1240	-0.174540191403299	0.597744709303517	-1.61188606044403	0.958480749933818
nali1244	-0.0932278517808143	0.60149252822103	-1.47549940301912	1.11994381867984
nama1266	0.17119715883154	0.624563296888999	-0.984254998524988	1.72370783364738
namb1293	0.196823328971213	0.632342127977661	-1.00102742721294	1.73929160639115
nami1256	-0.337577279519507	0.668160740030763	-2.0130841395542	0.707423618655672
nana1257	0.0126265937416966	0.686472394147519	-1.47531238954599	1.53554439720012
nand1266	0.25405440815287	0.697900267779428	-0.937512803288672	1.93887030648572
nang1262	-0.124438904478176	0.629355250525708	-1.60012581512454	1.10583469392199
nara1262	0.0479600229229406	0.678461099578644	-1.35120783375935	1.58810726584789
naro1251	-0.0276498019985989	0.63446104604746	-1.41298502725242	1.34124619513295
naru1238	0.0710835175510388	0.672539562823547	-1.31741869867447	1.61190946346586
nati1244	0.0304932393221039	0.580152641509782	-1.20405559497168	1.27988320436022
naue1237	-0.0941224618636459	0.6950764781312	-1.71778797931775	1.3297360394897
naur1243	-0.060001854198128	0.637905632326229	-1.52449917928472	1.23591723680768
nava1243	-0.00326247065940818	0.63922391368149	-1.44380367141727	1.35786975311002
nawu1242	-0.0946537835142051	0.664851385707315	-1.70308106849998	1.16218262550353
naxi1245	-0.444943211949848	0.750240606814612	-2.35753755836509	0.621630538393583
ncan1245	0.168399432664802	0.637462880080874	-1.01052795302143	1.73930726795964
ndam1239	-0.0732794954329529	0.646358546836784	-1.56258617808126	1.23708314426
ndam1251	0.096031067976269	0.688458326576066	-1.30101332064979	1.68366330900471
nden1248	-0.0320880191578244	0.664666320086387	-1.47922758718263	1.38850187901953
ndog1248	-0.0696717700394469	0.67107788009606	-1.59442298134048	1.34931301505099
ndom1245	-0.107423086074668	0.66591297967866	-1.66399621688544	1.20573274428488
ndun1249	-0.0499111860276324	0.678366517067195	-1.59463455815815	1.3791928213534
nege1240	0.113219382254543	0.646520546020103	-1.13097594542921	1.63513251538555
negi1245	0.0493913678442607	0.662135063608793	-1.30432875662639	1.56042899061312
neha1247	-0.147955971027674	0.643482104431649	-1.67618858143028	1.05175219131202
nend1239	0.336617135817954	0.621233559773503	-0.632903676199047	1.88096480408299
nene1249	0.0208563539403486	0.675369815524741	-1.43632356009025	1.49937627721908
neng1238	-0.0775032430882374	0.637812128763355	-1.52113527446378	1.18423418097064
nenn1238	0.180193654713126	0.623513227591887	-0.964681799745837	1.68226375075702
nepa1254	0.452655343951487	0.715815996643908	-0.524370373941634	2.31123153307942
nese1235	0.178532982153873	0.565611888710099	-0.808861231564825	1.53704416292319
newa1246	0.388274070184372	0.701612837544652	-0.665185580563618	2.14830805746779
nezp1238	0.116836246149848	0.629168665935798	-1.12348932199695	1.58700251324405
ngaa1240	0.00682367111116846	0.660016578751821	-1.47276563502701	1.46386782535008
ngab1239	0.0055977359819102	0.621957867896216	-1.32012231735222	1.37330443314153
ngal1292	0.139855689653266	0.637661027685024	-1.08671247998445	1.61024232471729
ngam1268	0.0392827207959284	0.661859832106489	-1.35720708569478	1.53459044700339
ngan1291	0.0319242129390357	0.667048583309155	-1.35182610100165	1.48005529881999
ngan1295	-0.0191219017495895	0.634353142026932	-1.36317563473894	1.33929467394388
ngar1235	0.00352986867645313	0.662912052500236	-1.38288816147311	1.43533959205814
ngar1283	0.0835101005084179	0.685968094175179	-1.32581962560034	1.70912586517865
ngar1284	-0.126866855798283	0.680233204855742	-1.75415694257098	1.16889286768956
ngas1240	0.0483972766614447	0.608383722284948	-1.24655064928399	1.3907435111982
ngba1285	-0.154586509230403	0.664142633603638	-1.72183918702027	1.07807461988763
ngeq1245	0.212934848673656	0.659910673896373	-0.956226183930292	1.84611578735974
ngge1241	0.22259689609261	0.664679092810391	-0.946797828075771	1.87914790590603
ngit1239	0.132834275389819	0.626852089600108	-1.05998658833928	1.66957011530012
ngom1268	-0.0546171953052925	0.66499888614243	-1.54011971574269	1.33254836029259
nhan1238	0.00345873983697082	0.663683426117876	-1.47814614394017	1.45910937515607
nhen1239	-0.137019517286498	0.627395769874049	-1.64213468286224	1.060704239534
nias1242	0.252045582964392	0.678801450811598	-0.895458867089074	1.94694037639987
niha1238	0.126572379315874	0.681800041444468	-1.19590681140221	1.69235987113982
nila1242	-0.228842261357063	0.693103309704368	-1.91250608399869	1.02378130179227
nisg1240	-0.0631613446373521	0.656647705481026	-1.53466680085254	1.29039369896605
niua1240	-0.0060777589225673	0.673536981181774	-1.47166066640229	1.49297114315866
niva1238	-0.068208168899545	0.671077248692661	-1.57288127637443	1.31287577827569
njan1240	0.0421442714730521	0.637017909129113	-1.28765108610783	1.42609166922168
noct1238	0.300098920957306	0.650237672817868	-0.767892378723638	1.92702007745381
noku1237	0.031059389433021	0.59204200102266	-1.22426100620526	1.31461075665586
noma1260	-0.0222592473134081	0.647736341331049	-1.43297407025876	1.33771294038698
noma1263	-0.0988878325726076	0.626842093741059	-1.53706204075154	1.14189959185499
noon1242	-0.0389793981917895	0.664666640379506	-1.54210991414812	1.39550304612011
noon1243	0.166813611771884	0.639990719849552	-1.01194560345663	1.75696212554748
nopa1235	-0.0566267478339451	0.628605532666838	-1.51244796003355	1.26667183662702
nort2671	0.0221924166438259	0.698846466342385	-1.43925247785809	1.58730448140704
nort2684	-0.00400800745259096	0.65757689309732	-1.43587184585959	1.43571415776263
nort2690	0.00973825860875472	0.669786558230015	-1.42965552701093	1.46888640659271
nort2697	0.0802397499049058	0.69041701092598	-1.32577458674725	1.68048510028882
nort2699	0.082481868703811	0.675186301564012	-1.2534020595053	1.63045449118657
nort2702	0.115917610220982	0.691716439304756	-1.211782978083	1.70894449582616
nort2722	0.0468185356325431	0.631344252415917	-1.25599972545325	1.4853310319638
nort2723	-0.365154832626539	0.724366285805922	-2.20894840447623	0.741541103054895
nort2724	-0.514578015704046	0.757984752244123	-2.44709174268174	0.485481841401259
nort2732	-0.0534173092936561	0.671036362394591	-1.57801413887772	1.29363670802769
nort2745	0.0390705768686378	0.67540208987858	-1.42000715290074	1.60466139645709
nort2747	-0.0210464139341593	0.676270418169933	-1.50081655135099	1.45740045063032
nort2774	-0.0494803297580377	0.659509844571278	-1.54115590474374	1.30666672763317
nort2775	-0.0191092130481491	0.666553037231595	-1.50657285792561	1.39167022990584
nort2795	0.00879440891376631	0.679024131601674	-1.46081642684568	1.48226500097012
nort2839	-0.00239571525024764	0.580792474084965	-1.310162061881	1.22178079830374
nort2845	0.00312008737896618	0.660795934591364	-1.45413070435767	1.39806119294282
nort2847	0.0322711381642901	0.606353824433562	-1.24873251859731	1.40815888910453
nort2877	0.125083216398216	0.576043743615168	-0.978259332232142	1.50443735513897
nort2885	0.23854801291444	0.621683602745207	-0.837013456714406	1.7769456705709
nort2930	0.124533337649968	0.614260337737092	-1.10047728940978	1.52243801929665
nort2938	-0.184323904743846	0.667856527111857	-1.87034163258829	1.01056417413065
nort2942	-0.0862255918624365	0.66686428208748	-1.62476150940751	1.21027642477385
nort2951	0.214522572722071	0.688309050856725	-1.00786747517222	1.87523385355474
nort2954	0.151788755756686	0.652696269686994	-1.05501320103139	1.71463987527891
nort2957	-0.184191587190345	0.662364579411858	-1.78051842192393	1.0472333181477
nort2961	-0.0185039307372318	0.659034303141907	-1.4428616174982	1.37964655528403
nort2972	-0.07926889736718	0.637342444990816	-1.50568516294396	1.22634823889782
nort2980	0.0742678471737278	0.648392044402587	-1.23354298112308	1.60631850065274
nort2994	0.0624445575266445	0.637225628296496	-1.2660327517129	1.4767223546871
nort3047	-0.228602688488905	0.645558158424323	-1.82686433655264	0.929677597038739
nort3139	-0.164007633427077	0.668110285933457	-1.77309971629515	1.08099169044031
nots1237	-0.0545335488326178	0.58850260133626	-1.37917466743095	1.18234284368875
nsen1242	-0.0371044195098975	0.633086875225851	-1.48618700574918	1.31115882296211
nucl1235	0.0949949497356298	0.626442337097167	-1.10888355536427	1.56697971504466
nucl1240	-0.0675817987245179	0.621000215798008	-1.52792828479835	1.19721231471408
nucl1301	0.00341470634207785	0.65024060479871	-1.39147077963218	1.4489700686983
nucl1302	0.0669778399713501	0.658271888113968	-1.24920764087685	1.58319033974769
nucl1305	0.0242563476761602	0.659526207403123	-1.42441306231237	1.47090244975221
nucl1310	-0.0120636380808355	0.631557459738049	-1.42401272748499	1.36535282690839
nucl1327	-0.176086643758031	0.670331465263514	-1.83443942861278	1.0603210432923
nucl1347	-0.0452862699126621	0.658557369262883	-1.53057614149591	1.33670116169592
nucl1417	-0.0555386407869929	0.675003375173211	-1.62248735178293	1.33292279020846
nucl1458	0.0476311306060005	0.586939944248846	-1.23540030689462	1.33911196312172
nucl1460	-0.02879356673073	0.662489492550012	-1.48592201620537	1.37265970043222
nucl1593	-0.313825840991029	0.658345442482781	-1.94728332320593	0.727674244504645
nucl1594	-0.120859820148053	0.662562798294133	-1.66782418541601	1.15877112264912
nucl1595	0.241477414925603	0.685666596810207	-0.941141166089868	1.97552845585053
nucl1622	-0.0315239931966407	0.642242129348101	-1.468065798721	1.34678675611323
nucl1630	0.0594486457576233	0.598781573641846	-1.18097789006366	1.4143919202199
nucl1632	-0.226425512529573	0.644503936528508	-1.83290333259066	0.91126890403448
nucl1633	-0.183644111653988	0.623956767514998	-1.68046020816946	0.950342379948565
nucl1643	0.0730218741607529	0.673978777268588	-1.29790357159433	1.60314837220457
nucl1706	0.135566664675823	0.635104277274881	-1.09485874871572	1.59715190847169
nuer1246	-0.308862969372153	0.724876821079605	-2.12557429217531	0.901909878754589
nukn1238	0.302509829943326	0.615659092077634	-0.682963044140061	1.77751749384926
nuku1260	0.420330306076744	0.800091333977328	-0.725931051059783	2.53979248967212
nung1282	-0.292088243443144	0.674946722416744	-1.94909107153117	0.85626397864643
nupe1254	-0.064670961162935	0.655033405496022	-1.5107914755636	1.23010842790826
nusu1239	-0.378267332395622	0.712806170328495	-2.20666328496107	0.694243785162871
nuuc1236	0.0370872615045512	0.644407519872206	-1.2676596626633	1.49217166134186
nyah1250	-0.0250106553758753	0.642929777468397	-1.46331811026926	1.35448631514887
nyak1260	-0.0516944546020968	0.671142443016238	-1.57092950464206	1.3758160385258
nyal1250	0.162010341706705	0.646059439366941	-1.00229574931989	1.71362404674274
nyal1254	-0.107596709296035	0.667466799742055	-1.64148808376235	1.20616577937214
nyam1285	-0.031510722342704	0.61685457688765	-1.43870299754188	1.28266931980468
nyan1307	0.0428982494148889	0.661214938563121	-1.34368970874382	1.54113601419473
nyat1246	-0.279246802357876	0.714834920080495	-2.0681921274388	0.925488606510563
nyaw1247	0.0130565242906228	0.648229441703066	-1.37917875128739	1.4792197229176
nyig1240	0.0683611479832632	0.686099434860594	-1.36499787626317	1.64394365867463
nyis1236	0.304629261289269	0.647180152288638	-0.750413754058138	1.91327908636453
nyor1246	0.0601898858122904	0.663945500836601	-1.29098596120777	1.61916341111839
nzad1234	0.00527865132333346	0.676663448824599	-1.50155804376259	1.50774005992752
obok1239	0.297408251024508	0.702934110765316	-0.82543576262143	2.12461212296452
obom1235	0.0150840489682446	0.562262187252679	-1.17930966845648	1.26212315195017
occi1239	-0.130369074401315	0.658396378955498	-1.72507206600245	1.1665254149896
ofay1240	-0.203717869098664	0.662798514005454	-1.83008729006178	1.02522082749048
okan1243	-0.0456815314008241	0.657170464126923	-1.51344274394003	1.32761227749833
okin1246	0.102032046248812	0.655255606068334	-1.17983842404063	1.61963571234874
oksa1245	-0.0296844944504533	0.586640884690913	-1.34844852958924	1.20691828356967
oloo1241	-0.361077015447046	0.695323021645475	-2.10416421544738	0.699441829411685
omie1241	0.0900095297036944	0.600019027014272	-1.10400697333366	1.48556375981017
onon1246	-0.0305320861161546	0.663195168544557	-1.54900378481677	1.31245989354234
onto1237	-0.021789932367792	0.684122995484754	-1.52708418307097	1.4243880401127
oriy1255	0.131809364510224	0.6309291097136	-1.05871171936387	1.65190657945769
orma1241	0.0793172489693438	0.647472079549748	-1.20600004160117	1.59166894222284
oroc1248	0.0165072131990225	0.693517542601476	-1.46198948892132	1.60872913611771
oroh1237	0.143136851651394	0.657985599322145	-1.13654580071983	1.69056644444876
orok1265	0.00162576416371934	0.674506256284578	-1.46317606879594	1.47368633549059
orok1266	-0.0282625819942513	0.681933997101145	-1.55205031880637	1.44015290284492
orok1267	0.0695490510942955	0.611930288619373	-1.21895056517724	1.46844952537716
orok1269	0.108482681620248	0.604605837168576	-1.07814428901355	1.51500174791296
orow1242	-0.0452133928137005	0.607623745173559	-1.38345500030211	1.18771818948715
orya1242	-0.116918089865337	0.612187516908685	-1.56011212089467	1.09364879974755
otta1242	-0.0257154370434191	0.65487824070863	-1.48484997776659	1.35821526493989
paaa1242	-0.0299189370678024	0.699961758468752	-1.5609136630593	1.45788855986138
paas1238	-0.143795699140074	0.647511763300844	-1.70656017253793	1.079673054859
paco1243	0.0241147181015348	0.603039752767307	-1.25946825581695	1.34159985663734
pagi1243	-0.0466838461312342	0.664309130369439	-1.57518079518331	1.33352591060978
pahn1237	-0.0801520356054099	0.647217304308657	-1.55048164280895	1.20975460350877
pait1244	0.193841142005406	0.652118448192585	-0.973808309325561	1.80347565287438
paiw1248	0.340415570415307	0.647234951357724	-0.713133736104964	1.95027500892998
pala1344	0.00332013066395953	0.69291415401004	-1.48736361546243	1.52077488399115
pali1279	0.219719412330603	0.654825553305431	-0.894597947917088	1.7894998169728
pamb1243	0.428947644408818	0.747009591124806	-0.661303811225882	2.31190251611655
pamo1252	-0.0681752615345484	0.624054026529435	-1.50387880552248	1.2295984590385
pamp1243	0.267162476172621	0.635088656237073	-0.778822061451424	1.80966897432925
pana1307	0.212852127700792	0.651018634058348	-0.943932148288076	1.83464643419183
pang1287	-0.0655880365289137	0.656085623226193	-1.6063540069793	1.27329089940585
pang1290	0.324799390910716	0.650782702227836	-0.660372061859327	1.98984666501615
pang1291	-0.0635005109266188	0.651333514728881	-1.54453487280652	1.28787689296841
panj1256	0.110723684981117	0.666167162821404	-1.20426943951563	1.68893563632818
pano1254	0.0611747875575704	0.647594294983172	-1.30135913492808	1.5573045263196
pany1241	0.00660275332351954	0.673827607346522	-1.47067775885816	1.50400552295941
papa1265	-0.122902211579789	0.623374597306649	-1.55636873132752	1.03166702697338
para1301	-0.114799979550382	0.678113041651026	-1.69756112923576	1.23246179905427
para1302	0.307534914474418	0.644836966282972	-0.760198518656525	1.86335580360784
pare1266	-0.163797340463652	0.611211981633193	-1.65061598188655	0.934316813574416
pare1272	0.0419552969085352	0.668190673949367	-1.39805476034678	1.49223307621914
pate1247	0.298197827889051	0.642697351613058	-0.743499985035387	1.88805661528088
patp1243	-0.0801248766537739	0.586834374656199	-1.46371934574302	1.12624338077594
patt1248	0.0742605511314938	0.667239070421036	-1.24875898694378	1.62447416225288
paul1238	-0.0833035202525565	0.63714890480858	-1.55448267820729	1.20336019732449
paun1241	-0.23235156172492	0.672317323901629	-1.88918247900216	0.938617769099509
pawa1255	0.233919912703175	0.612066762095314	-0.887506241958677	1.70131083424411
payn1244	0.310658383174039	0.618194390061025	-0.670071833154342	1.83427039103747
pech1241	0.18198110595828	0.664334219342548	-1.03195347355288	1.80981776367178
peer1241	-0.0775220511372207	0.644496508406034	-1.56254316603095	1.2262337270213
pela1242	0.109977100197535	0.62078383856138	-1.11075658758067	1.55396434101514
pemo1248	0.345915665872395	0.736342780841155	-0.816038975295434	2.1845724953204
pend1242	0.272167780309689	0.673468387493794	-0.836375339922653	1.96167028398811
peng1244	-0.0971940916415565	0.615601250695535	-1.49822790074048	1.11511245699635
peri1253	0.0115883584539637	0.653177468213011	-1.40938953221012	1.43431858076497
phai1238	-0.0697113397290973	0.658562938941399	-1.58538675812985	1.27761801502406
phak1238	0.220175715375176	0.640218292596755	-0.922319065777565	1.80740483474985
phom1236	0.235942078220471	0.608832272101675	-0.839260653158634	1.7045999804014
phon1246	-0.0711070109780965	0.679447644947223	-1.6211863133109	1.32517828282034
pila1245	-0.0425285614324908	0.651231223488073	-1.4934359023841	1.32664248424202
pile1238	-0.110798201600107	0.652905975569855	-1.64903284694171	1.19134434968881
pina1252	0.413028454916588	0.672805861218019	-0.561787321614734	2.12145520168806
ping1243	-0.0786307829929212	0.641896978340748	-1.60241199685022	1.24158426617299
pint1250	0.00520213690375265	0.671537681633048	-1.46465855391604	1.492165004263
pipi1250	-0.053211498799552	0.639933386544846	-1.50140866805873	1.29109516091433
pite1240	0.0274353614313335	0.664051142109771	-1.39840209689802	1.50420090173432
plat1254	0.19510440909217	0.675193712655027	-0.993190174677787	1.81402493841351
pnar1238	-0.0857071503633839	0.592527530606471	-1.44905521418047	1.09788180678805
pohn1238	-0.0656893993828523	0.636613607540861	-1.5297567674448	1.23208241324838
poli1260	0.0674165022067446	0.652865515581847	-1.24907054296153	1.58236869010809
popt1235	-0.241550339731332	0.666514541575673	-1.91175079090891	0.906386119079919
port1283	-0.108284984012777	0.642034783525453	-1.68279774969589	1.1224349649759
port1285	-0.00499232097577359	0.572999458319379	-1.24130375953452	1.20783316791409
pott1240	0.195369021737835	0.647329805134445	-0.963817937064475	1.79627351638343
pras1239	0.0798749740406346	0.646729641510738	-1.21837261104388	1.6312259402724
psik1239	-0.32623137252793	0.688075845561555	-2.05546051672061	0.812672455093991
puka1242	-0.067061255336435	0.667688682256674	-1.6174209664851	1.23331705632434
pulu1242	-0.0654143441528464	0.657165934522902	-1.55662085615489	1.31397077314842
puma1239	0.0831216321492548	0.601794800629387	-1.12385694706188	1.48307932717902
pume1238	0.196732038931391	0.668861692958163	-1.01385438376088	1.80763086794366
puoc1238	-0.0814240038643193	0.64387049333505	-1.57099678860658	1.23315030881586
pura1257	0.0814507077355201	0.609195260195644	-1.20770869887265	1.45737743997422
pure1242	0.0797272839800538	0.661778603088411	-1.2887160730315	1.59741335197787
puri1258	0.0803225339241208	0.668624580100199	-1.2530042665843	1.70539643536935
puyu1239	0.418564492578188	0.674587664986725	-0.550085724186132	2.09441895687305
qanj1241	-0.235373531386476	0.677327730515332	-1.91403476301695	0.954915194411344
qaua1234	-0.0422276835254462	0.668948368929397	-1.57972748646685	1.36181851179305
qawa1238	-0.0573840270150505	0.638423712015509	-1.4932938816669	1.27660319168504
qima1242	0.162935958485506	0.685516206145392	-1.11867322579286	1.82087452905239
quer1236	-0.0974695359458777	0.661980057626744	-1.64051258223339	1.18148388955126
quio1240	-0.23817302593088	0.694422016036898	-2.01748360953745	0.920676685518194
rabh1238	0.137247302337984	0.627867589778445	-1.04437642174309	1.60686522943319
rade1240	0.120169155631208	0.657125283220969	-1.15969868480173	1.719538546899
raji1240	0.160925924533287	0.646457648694441	-1.07336568451196	1.69640785582502
rama1270	-0.00388864124438271	0.638563648020002	-1.32835922071694	1.38857932397159
rapa1244	-0.0109706030365361	0.640355877617006	-1.44235704491305	1.37429994504673
rapa1245	-0.0155328121635535	0.702108884903965	-1.57868568855353	1.50664856482249
rapo1238	-0.170285393630234	0.62156249244951	-1.65435384210893	0.96449948915387
raro1241	-0.00516586809135197	0.677105520012401	-1.48116085273174	1.5138379200275
rata1244	0.260762988971779	0.705509740057125	-0.953457119214115	1.99712275292048
raut1239	0.116950261129173	0.622793362604616	-1.11031492452077	1.59771168403422
rawa1267	0.329641968887472	0.605125925353104	-0.622138909703297	1.81198063569288
reja1241	-0.0223774605001087	0.667949398425117	-1.50539065592713	1.42390444818397
remb1250	-0.045486691298619	0.679885497390467	-1.58923738341612	1.37683965349838
remo1247	0.264123362003333	0.67759467902148	-0.881802445629977	1.99399266835417
reng1252	0.0754500990212295	0.649326189002033	-1.26292719603958	1.58071168212257
renn1242	0.0158911216945095	0.656997401463031	-1.38444449711727	1.46666774574025
rere1240	0.0355158937237834	0.566241704238776	-1.14289966247666	1.28412365391471
resi1247	-0.0436005639218113	0.619137687556351	-1.50994389902562	1.25984285207142
reye1240	-0.471778604858733	0.777813951365647	-2.47838587784098	0.65345555853446
rian1263	-0.111519344294192	0.674658580263115	-1.67584943919942	1.20034022975371
rikb1245	0.161498155355016	0.670833196767811	-1.05091238925615	1.75951110263169
rita1239	0.0558697062976122	0.638720665307258	-1.28841542503719	1.53729535808985
roma1326	-0.160749938782228	0.661630540715287	-1.81038215940864	1.06824343752011
romb1245	0.281585907723373	0.66488534751792	-0.849698664568177	1.90798187669059
rong1264	0.0360873702108517	0.663055655765092	-1.41650675738845	1.49329940470621
rong1266	0.243353531017033	0.647756096696202	-0.8762790789154	1.82336697349887
ronn1241	0.0442920589530608	0.597279670702012	-1.23033710133702	1.37431292826502
roto1249	-0.137031489983247	0.612669284204849	-1.56773187910916	1.02284642028797
rotu1241	-0.0109458771079652	0.665048437543449	-1.50073768764425	1.45544215376514
rovi1238	-0.175390945827836	0.660141711095228	-1.77613283739026	1.02926907382626
ruch1235	-0.138327071276111	0.70725045881524	-1.86972672483419	1.21038132646907
ruka1240	0.395696541992928	0.65995452819035	-0.589816404089846	2.02790207864681
ruma1248	0.0800541434269808	0.635675362884298	-1.21577332875639	1.5471219254111
rung1258	-0.0747076513478662	0.658098590464138	-1.57764539032731	1.27576090366593
rung1259	0.0987710130716467	0.615650119360865	-1.11312546787223	1.57457319516413
russ1263	0.0660185330252507	0.620494385772119	-1.19196521281682	1.52139364228518
russ1264	0.00797913904143355	0.667873561917617	-1.44022349684994	1.48028894955019
rutu1240	0.0819687496347584	0.680829349289883	-1.2777025272136	1.67080702476831
saaa1240	0.157369433150907	0.659817894148078	-1.0840144218487	1.73924516904478
saaa1241	0.0330131418157784	0.581771479494265	-1.20258558864825	1.28211930775272
saam1283	0.124595315717088	0.662074266941414	-1.14063694831514	1.71247847859558
saar1237	0.370818762436926	0.654785825164377	-0.630625320225297	1.99817575913197
saba1267	0.0758204647727304	0.587958070042388	-1.09921556258099	1.45473474830153
saba1268	0.13979956310551	0.637619311104726	-1.09269135842939	1.66405916842065
sabu1255	-0.0387073846594689	0.671803938392472	-1.58176234276073	1.38580959888131
saga1262	-0.0639738964478275	0.677691453925254	-1.60059810228818	1.31888426990062
sais1237	0.226654054605865	0.62838274990962	-0.875266608517966	1.75283760403814
saka1289	0.103541715911983	0.5768068796909	-1.05299953906871	1.39836399257421
saka1291	0.0149542196581479	0.679007708582072	-1.44526458199528	1.54619229600571
saki1247	0.350477803005886	0.64837688829756	-0.672683301176425	1.95312147333528
saki1248	-0.223698401308825	0.652472010094901	-1.83156852715446	0.942898885569921
salt1242	0.335497353265566	0.631975828044346	-0.685317752987793	1.88493276299258
samb1305	-0.067357933114958	0.627875686610292	-1.5094373623146	1.21303689372598
samb1311	-0.059473103727899	0.624756960084499	-1.47494364473765	1.2179372257267
samo1305	-0.0103504452725649	0.67866947853313	-1.53663975865859	1.41061535649893
sana1295	-0.00649026531215552	0.654410468771853	-1.46568688140075	1.4439422171718
sanb1241	-0.0537859488428776	0.65064274990398	-1.56848283626928	1.31549427337783
sanb1242	-0.245047111772124	0.683089887346433	-1.91880585534051	0.905166111070502
sand1278	-0.145997452786096	0.648964061436335	-1.75737332264245	1.07773745281813
sang1331	0.0450662740657017	0.675631292727847	-1.33530420544615	1.5463502972965
sani1269	-0.136985747482647	0.663080865773694	-1.7375112722593	1.10788120150539
sanj1284	-0.174912329713257	0.669866946485559	-1.79877777086728	1.05744693490697
sanm1289	0.0267662463390284	0.67505536421116	-1.41187277238774	1.57767942791904
sanm1295	-0.228106097831233	0.669752056329478	-1.86049733706747	0.936548064722551
sanm1301	-0.255159359138819	0.696567272738786	-2.07126116518176	0.925035013673335
sant1410	-0.263894496317974	0.669107611496395	-1.88629177570803	0.898464728498056
sant1436	-0.211357791157009	0.658465618337461	-1.83336151950275	0.980415278507606
sant1451	-0.0946027746878734	0.676410193624581	-1.65229325799772	1.26497749782821
sanu1240	0.138108564840819	0.66511263079974	-1.13383915048289	1.72216086074789
sapo1253	-0.177159576240525	0.623053910260232	-1.65788774834857	0.962280555064592
sapu1248	0.206714208169669	0.670036621930009	-0.977136877731292	1.8375975286906
sara1321	-0.0278263330347105	0.635556127032688	-1.43460351336981	1.29096260701859
sara1327	-0.103534401212527	0.624176725872448	-1.60396763596526	1.11186086608514
sars1236	-0.0287861014358352	0.659703855382111	-1.48920147484481	1.36299310420283
sasa1249	-0.00964743624055129	0.666843009611569	-1.46847072538485	1.44459180401
sata1237	-0.0110646412694157	0.668854780706556	-1.53466733416564	1.41323367336577
sauk1252	0.351137920209279	0.655557440570015	-0.670469507792091	1.95642575827903
saur1249	-0.257411716505784	0.684473184353626	-1.97264365275418	0.925270814061436
savo1255	-0.0197653830895389	0.609458227355362	-1.39543574057669	1.29272763585788
seda1262	0.0662766859759618	0.65193632265278	-1.25956759841042	1.51091061564403
seim1238	-0.0709168048760276	0.692958841358418	-1.70457880848976	1.38558034834778
seke1241	0.04759897410499	0.58024968644373	-1.19447219057572	1.31820161613452
sela1259	-0.029351917936736	0.677105985770424	-1.55545169648049	1.4106518500522
sela1260	-0.0339721705929113	0.659114506101578	-1.47764191400594	1.35300808262108
sele1249	-0.0878098848702124	0.665533255082928	-1.66122973948147	1.22581884612209
sele1250	0.226955374050653	0.598283299380828	-0.823287325789398	1.69789243902781
selk1253	0.0113320010136419	0.666626098215976	-1.47229986532806	1.49165515206799
sema1265	0.0727756731781791	0.644532577981471	-1.24005381481469	1.58705938244453
sema1266	0.102802410117357	0.640294474518545	-1.16800003320623	1.55059560815367
seme1247	0.147920586949479	0.638888505616385	-1.09192232499196	1.6547593429826
sene1264	-0.0365968065939082	0.679224011996672	-1.56156521466885	1.37769706070107
seri1257	-0.142960052880382	0.654824753451106	-1.75402288386813	1.09265701624457
seve1240	-0.00893408729959198	0.646101322965674	-1.36143120629371	1.40541795071486
sgaw1245	-0.348666045211437	0.740118206509715	-2.2211587063714	0.840800159838577
shab1252	-0.100271675600283	0.654295874119817	-1.62587740677631	1.24366788430309
shan1283	0.0868536986176687	0.666133101011206	-1.25999508695597	1.63954171040617
shaw1249	-0.0228249146723579	0.65864434154772	-1.45750183209717	1.4225993215482
shee1238	-0.0199915907849893	0.659386092084106	-1.50956939595902	1.37996066654716
shek1245	-0.0597366278687149	0.63780579166226	-1.52268080475677	1.22405986804487
shil1265	-0.172920265737842	0.691976199316167	-1.8058587502113	1.06395071530403
ship1254	0.0726097033896538	0.649323668969968	-1.24789386185929	1.58146641541565
shix1238	-0.313717987982276	0.683590889634832	-1.99868533619159	0.821839005214141
shol1240	0.0226789268284591	0.662909082143653	-1.40041946012869	1.49270127973982
shon1251	-0.0110172438996892	0.688123506224972	-1.45186672479004	1.46671832344806
shor1247	0.014751286805864	0.659821773033815	-1.43048373580306	1.49362101483388
shos1248	0.0818018403553452	0.655996912026627	-1.27552474352899	1.60067333298672
shua1257	0.117556652299771	0.673356741391054	-1.21739528740899	1.6856670734513
shwe1236	0.0935481670036179	0.637236319950017	-1.22638227707211	1.59567872889486
siam1242	-0.0807044324374376	0.662734936117547	-1.60064016048242	1.24026231204605
siaw1243	-0.274568177453617	0.630299561556974	-1.81289336150901	0.762195486266667
sich1238	-0.287496781315626	0.713575022128453	-2.05064249172032	0.883104277122276
sici1248	-0.0481506356932135	0.641075293035969	-1.50398537527376	1.26316621764085
sici1249	-0.0624835438758259	0.665919284766785	-1.53057226521564	1.29339736173333
sida1246	0.317528546757161	0.700943178876864	-0.755439839525434	2.08422647777056
siee1239	0.037474350411189	0.618532215419641	-1.28444683215472	1.45889383240814
sier1248	-0.30837123560365	0.689901667008139	-2.06732662108469	0.808654339359499
sier1250	-0.224374973321554	0.696267063987153	-1.97159529108377	0.959302778383778
sika1261	0.0304208829902562	0.673718745557438	-1.40040932730668	1.50241567694224
siks1238	-0.0459364848597375	0.697814894473449	-1.62133978238246	1.38924101484006
siku1242	-0.0925482672337204	0.655700978468313	-1.65568683696477	1.21655095598377
simb1256	-0.168110613147265	0.678809956234721	-1.85151016084065	1.07473839747111
sina1266	0.10235066117777	0.61106295258859	-1.07697491343301	1.53314577109473
sing1264	0.308317444104504	0.659798111618148	-0.750184601653106	1.96087133328719
sini1242	0.0341495670751803	0.65253208684596	-1.33957892068415	1.49886094570705
sioo1240	0.196988078017271	0.595466307859572	-0.88068103078434	1.60068049061091
siro1249	0.274187055235908	0.581661130105744	-0.696966580754196	1.66792356142376
sisi1250	-0.0991877436385414	0.664907499665175	-1.67926187775578	1.25179966411399
situ1238	0.087069320347515	0.605392828591025	-1.13742168094601	1.45721737756841
siwa1245	-0.0232060925660023	0.608723196012088	-1.3399908889126	1.30774495220809
siwi1239	-0.0890306466164687	0.652474537615411	-1.62613582686201	1.19798596858385
siwu1238	-0.0875825058272311	0.669690580868566	-1.68257959662733	1.23573180500833
siyi1240	0.191532234412353	0.65951520929636	-0.983604518426341	1.80753188299875
skol1241	0.0143689309419166	0.675292459097373	-1.46252235624992	1.50142838434597
slov1268	0.0630899475013351	0.65431613987123	-1.26271442435844	1.52589766611534
sobe1238	0.169632194081425	0.675856140506771	-1.09814743829741	1.79913242825008
soch1239	-0.261116706073746	0.699287063627802	-1.97352864777751	0.891662198555404
soga1242	0.0719906283974799	0.654688194688029	-1.27663168107359	1.51190421869268
soli1239	-0.0074435183663411	0.683178335970383	-1.53157377960245	1.4633555096066
soma1255	0.0906458523316094	0.655680840275551	-1.23436875646986	1.63473735061868
soni1259	-0.0146235443908668	0.66976771717445	-1.52169238133699	1.45130339233646
sons1242	-0.0108180445416122	0.661256426513129	-1.45318171125008	1.4244582797068
sooo1254	-0.0130627703991823	0.654414109898428	-1.42297580271788	1.36099121822063
sooo1256	-0.0429418312575555	0.672534215607553	-1.5149061398442	1.33957351387269
sora1254	-0.188850385090248	0.622081371235139	-1.74379166714695	0.896914966412784
sout1528	0.0964820651498839	0.661108336956811	-1.20135130270436	1.63699374875154
sout1549	0.0755018695354742	0.664779207233155	-1.27392064426683	1.64020756729556
sout2649	0.0738088712616578	0.656865323943681	-1.22106858667764	1.60669293817909
sout2674	0.00959323291535303	0.690881294891503	-1.49345944363912	1.53030762071744
sout2679	0.0592470749604629	0.677992838240973	-1.30904086757684	1.56664340587477
sout2715	0.445361143662929	0.719499791954843	-0.550963008681615	2.34166364422797
sout2728	0.0911088265343138	0.618049662521949	-1.17985949691379	1.48709259319292
sout2729	-0.461557854215123	0.75450717986359	-2.3626991957316	0.635018090048651
sout2730	-0.452993151891083	0.757191071971431	-2.44786214035645	0.604527113838547
sout2741	-0.0283450130707285	0.663878300488644	-1.54459909747355	1.41595132752274
sout2782	-0.0974847525384272	0.64007498175605	-1.60021399454311	1.21740107738367
sout2807	-0.00161524787534959	0.665448240859398	-1.45774615413775	1.44869913018437
sout2856	0.12431905728421	0.606407447195792	-1.05888204636515	1.56693440675727
sout2857	0.0271204089970639	0.580792173595884	-1.20966331737668	1.25281430804487
sout2859	-0.0208090958429935	0.586682429512031	-1.34407219956778	1.16149235525408
sout2869	0.052239517144232	0.597940257471149	-1.17967810836769	1.41082243586793
sout2895	-0.0782160753619535	0.636692794496657	-1.56189753389197	1.22811394758885
sout2896	-0.163513362712358	0.662203295581246	-1.7719576628013	1.06053483333875
sout2912	0.337422880665013	0.696198480871671	-0.741800619675189	2.12425514465549
sout2918	-0.13447782118893	0.626933801548127	-1.59592514920721	1.09101053242501
sout2949	0.0198818562696818	0.623199479505472	-1.33457295358409	1.34918501997639
sout2956	-0.17929967526031	0.646088750715616	-1.76353055458517	1.00369574221637
sout2959	-0.0832286723294499	0.638387907629341	-1.59889905859884	1.22007479062301
sout2985	0.240883212065431	0.672219893510577	-0.903446596713064	1.94894047940211
sout2994	0.23390211104989	0.696553242140517	-0.968384973025553	1.92896345469638
sout2996	0.0666609013773146	0.661347741827187	-1.29267715311606	1.52888900382003
sout3236	0.119224401223157	0.634878594934944	-1.09331512447925	1.61937172934347
sout3261	0.0814225143109695	0.674678540065784	-1.27524064216525	1.63917687070831
stan1289	-0.0930908187498085	0.629214995842325	-1.52734876898821	1.16319292066762
stan1290	-0.114678957857223	0.637095640772896	-1.67941536521767	1.15877511225815
stan1293	-0.184537093536829	0.650199847109265	-1.78473253036012	0.986490426960438
stan1306	0.0730779494074037	0.666592854615364	-1.27022968640784	1.5857551048834
suab1238	-0.178738443390466	0.682994663097327	-1.82541299186705	1.1040619886769
sude1239	-0.152926436214117	0.671368934581729	-1.80050997341193	1.09520003564421
suen1241	0.0261723249915587	0.590166736823198	-1.26181530377072	1.30768197644911
suku1259	-0.00657847645393399	0.68920442311922	-1.50979761760371	1.47184072169749
suku1272	-0.345548544038485	0.689207655792467	-2.0891464203697	0.740341118744922
sulk1246	-0.319356977402475	0.706163510036452	-2.09872976126181	0.833995360867882
sumi1235	0.271325535577966	0.633558891043576	-0.826316723529188	1.82541473266407
sund1252	-0.0904668273581943	0.670924048727416	-1.66448397795686	1.2699724530245
sunw1242	0.257166982204002	0.65446268482786	-0.851239425823886	1.88042732778017
supy1237	-0.0322193649097302	0.683895690194365	-1.61342376796796	1.48498599370747
surg1248	-0.388039042746261	0.771717075284758	-2.36218370841805	0.747852999173713
surs1246	-0.132628989124633	0.603258842136252	-1.55928960080391	1.03830274125813
suru1261	0.1859061273227	0.643381826385708	-1.01241336315584	1.78000862529474
susu1250	-0.0165776433525509	0.675232442289655	-1.55529244647505	1.4237554947922
swah1253	-0.0532857750788789	0.675491424711124	-1.57195711615692	1.34587586848443
taba1263	-0.0290576307248871	0.665970198981431	-1.51693965451223	1.37355976197013
tabo1241	-0.00681585753669638	0.639011891576849	-1.42377433040214	1.33965120564199
taga1270	0.332851749540806	0.704648219174084	-0.770122229457103	2.08055549743675
taga1272	0.0265781971115913	0.573951100777499	-1.17353907687175	1.26894034962114
taga1273	0.0199120870385853	0.654509897033409	-1.37346323813567	1.43196654938555
tagb1258	0.116200981360161	0.64747136732403	-1.13640433013855	1.63507955840532
tagi1241	0.250668043472083	0.675852611127543	-0.936477654751276	1.91093604817476
tago1246	-0.0759770655893434	0.694054510954495	-1.69311538458046	1.3625782152163
tagw1240	-0.0503909201216953	0.684549760879736	-1.62910593324133	1.39892483706307
taha1241	0.239193784064312	0.658937573630106	-0.919084726080629	1.85179168712921
tahi1242	-0.0646640604675895	0.627823328671415	-1.45008454767092	1.20832092634586
taia1239	0.10417081683	0.602244226325663	-1.1217477663349	1.50706541879708
tain1253	0.199815153944068	0.620508719287538	-0.973103077853981	1.69841722634967
taji1246	0.241021942411425	0.669190210408972	-0.911372886577456	1.90518202777499
taki1248	-0.0237054032936807	0.582260225942162	-1.39623857298265	1.15567451197222
taku1257	-0.0453560934431428	0.665325421075885	-1.54247293798255	1.35622331373052
tali1259	0.0517659625711927	0.625962481483572	-1.25386568800042	1.44528480517161
tama1331	0.0635035515700575	0.671525379090162	-1.30863885196868	1.61781822355207
tama1365	0.227311963961293	0.665722710454365	-0.929088605215213	1.86509027303234
tamb1254	0.0860218040798027	0.612534419721639	-1.10120323871588	1.4976873052988
tami1289	0.0169139899705292	0.664960304944711	-1.40799936333599	1.48586756985539
tami1290	0.0350392229668655	0.610122729339045	-1.28439193882221	1.38614305783681
tane1237	-0.0742199125668015	0.66514999122056	-1.60202432619634	1.29695911942905
tang1336	0.29734329361955	0.665577666196051	-0.80031479025879	1.93228090830181
tang1347	0.156513865093674	0.564903941132312	-0.874889028205107	1.54633885844099
tang1348	-0.100575096918049	0.639734525047858	-1.5731537297018	1.17781708442525
tang1373	0.00337852052214778	0.644235888286109	-1.35946995885035	1.3930601657463
tang1377	0.0600750136822875	0.634530302636796	-1.26287075707085	1.50250183209717
tara1313	0.269345574215053	0.664035576681248	-0.823158383047259	1.8999837095696
tari1256	0.281628539236207	0.661323314326886	-0.854741492129998	1.92838715632596
tari1263	-0.146069694079445	0.668148469118868	-1.71664606407449	1.1135812458408
taro1264	0.375431443653842	0.655057916254718	-0.640296592346359	2.00123792729067
tata1255	0.03841030038267	0.650728871664069	-1.30188882654159	1.52798930763766
tata1257	0.0986344074951327	0.592708725505341	-1.06029426358933	1.47192754788747
tata1258	-0.117601623972464	0.641479077633721	-1.59079736905631	1.10168398465448
taul1251	-0.303500852479238	0.686138617176139	-2.07457603494668	0.782361367888593
taus1251	-0.123190625091133	0.613970928259199	-1.52416951554036	1.08118775334378
taus1253	-0.166645200922338	0.670979720705743	-1.80195462642078	1.0917986699168
tauy1241	0.425281712382098	0.671431394131993	-0.541238201943482	2.1106194007165
tawa1275	-0.21497828454945	0.667917217777255	-1.8723884461001	0.972045983330839
tawa1286	-0.146900162562556	0.649735569823704	-1.69553163927296	1.08690137647357
tbol1240	0.0567498158440473	0.616962221206321	-1.20925762573737	1.46591421994347
tean1237	-0.0772975583725051	0.664982890900726	-1.63743819892923	1.30006390459469
teda1241	0.0935206211878944	0.658646257856463	-1.24608969951755	1.64820181306999
tedi1235	0.163999236077719	0.66306080511468	-1.05229815643093	1.76300199150962
tehu1242	-0.0455162562796895	0.646739382510282	-1.49070750956447	1.31526951766423
teiw1235	-0.192012118368609	0.656189843614356	-1.79357595547855	0.948094195280127
teke1275	-0.00340817815209383	0.684600932413091	-1.48259835576768	1.46522150282351
tekt1235	-0.223596366592422	0.658962338803208	-1.85105654163121	0.918257239779594
tele1256	-0.188752999227171	0.621078587106934	-1.66577676191935	0.973758921624903
telu1262	0.0608788155833723	0.662416093570818	-1.34140867396201	1.60468870723194
temb1272	-0.0627787259892977	0.657877340457344	-1.60005312858583	1.30404186105839
temi1246	0.153205220245025	0.654665065438996	-1.0331563190664	1.72805777655236
temo1245	-0.118026105328498	0.67149715919115	-1.7970491168253	1.15283194737066
temp1235	0.085799292296572	0.626504796409064	-1.17255693400239	1.55759441269012
tene1248	0.0692433039774089	0.667541974560865	-1.29469071679199	1.57437489640875
teng1272	-0.022927665882764	0.658258336330092	-1.48989129327141	1.35097351612767
teop1238	-0.169286598182865	0.619756492637669	-1.65623074335792	0.96805108994988
tera1251	-0.15201261135883	0.669767739030773	-1.76970555208323	1.10875971297661
tere1279	-0.0505039411725925	0.666193075148439	-1.52459867978387	1.28704419936725
teri1250	-0.00186789871500015	0.613136100279919	-1.3109038057027	1.3135719232132
term1237	-0.0610411586533583	0.685358384582478	-1.57897930062113	1.3748288946894
tern1247	-0.0223375992588612	0.659354918958433	-1.49671393811084	1.35125570078061
tetu1245	-0.110900988235844	0.673767513089091	-1.67658842178178	1.18693027687268
tezo1238	-0.26965439384387	0.6887893870507	-2.02065207876307	0.878631938506989
thad1238	0.210505487536548	0.654995581855527	-0.958314382330294	1.81648763655256
thai1261	-0.0423215260196679	0.662274771586854	-1.51061820731393	1.32046344175231
thak1245	0.2996074660784	0.696175804067666	-0.800008657363919	2.0758784588849
than1259	0.310442375953873	0.694663932732787	-0.823129343830844	2.00280918361531
thao1240	0.305437413106379	0.623168654345301	-0.71345660753119	1.82221069966704
thay1249	0.111226400743421	0.648181112785438	-1.20162542000537	1.64732096607729
thul1246	0.0374409161103122	0.572056671321543	-1.14625799763869	1.30380625902394
tibe1272	0.255537456841039	0.651416472160583	-0.839271689948462	1.87985018066428
tibe1274	0.00458320874752143	0.654705885689108	-1.40908293915917	1.46730997586632
ticu1245	-0.173312718118594	0.66833873265587	-1.82343329061761	1.07530607881446
tido1248	-0.044134093290484	0.697225610368395	-1.64410603326046	1.35763115399082
tief1242	-0.0903156775732069	0.681866084152736	-1.6309261390284	1.23130622833125
tief1244	-0.0851774468951529	0.682588107845089	-1.61879957740174	1.27873193107396
tien1242	-0.0139999308428499	0.694211226956772	-1.52775817959753	1.49743949770468
tiga1245	-0.137858311693328	0.631553369168221	-1.60258921210802	1.09375877032092
tigo1236	0.162368118980729	0.640330193966799	-1.04738357930697	1.70439510717177
tika1246	0.015519893157118	0.644698617768924	-1.40165378374255	1.45044065110219
tiko1237	-0.0705224408350207	0.651562360983877	-1.60597899097611	1.26250394657608
timn1235	-0.0362664564600559	0.678522627582221	-1.48939380827838	1.39163173973263
timu1262	0.0560107562291092	0.59421264916139	-1.16524326297369	1.38933433025699
tiri1258	0.0108975864023039	0.61752402564011	-1.30038015261343	1.33492889552491
tiru1241	0.164520277339712	0.608047185740666	-0.933995408871603	1.62346232070505
tita1241	-0.132052946072821	0.66099374871589	-1.67601414483247	1.12707784099797
tivv1240	0.0644433815827631	0.635517904827093	-1.22632339225882	1.51086045705478
tiwi1244	-0.145869886006181	0.680909178921068	-1.73761938027937	1.16801594333366
toab1237	-0.0496117423922323	0.602867927569488	-1.44647659344826	1.18914743424953
toar1246	0.0828442601135948	0.609942347533954	-1.14349499759214	1.49798126065681
toba1268	-0.0743882014214663	0.654628008212763	-1.53252472838306	1.27130064055305
tobe1252	-0.0485797906967027	0.661145041788678	-1.52837315823539	1.3170950166639
toda1252	0.0308246144226694	0.65310040185665	-1.3487603830675	1.4749006982357
toho1245	-0.162968457758675	0.675443110499756	-1.82372800831617	1.11140902737622
tojo1241	-0.202474817190956	0.673073104251989	-1.84955555231953	1.03036498927014
toke1240	0.313207438225977	0.720040012934288	-0.826659604486255	2.07585409932761
toll1241	0.231537536471262	0.690188340782479	-0.971150232531239	1.94307588522704
toma1245	-0.0265682798271315	0.662767622914275	-1.44369765785519	1.36891025603815
tomb1244	0.158267470980242	0.650833786424942	-1.02309512297156	1.74287548395976
tomm1242	0.197256569950653	0.670013642166738	-1.07074550166471	1.75160239974858
tond1249	0.185382528155762	0.663210401035191	-1.06549362455874	1.78089604735742
tong1308	-0.00886169128569514	0.652018095071637	-1.48138215747299	1.3942454073757
tong1318	-0.000521376422948511	0.696391377806133	-1.50442460072319	1.51515726042935
tong1325	-0.00798740827558911	0.665082815237359	-1.46849771447004	1.42261374650403
toor1238	0.0817167796290344	0.643880897214322	-1.27731567060311	1.57261130542168
tora1259	-0.0708934416275157	0.613400347840145	-1.47807515225663	1.14676094356284
tosk1239	0.239015011150773	0.66975649224451	-0.887193849988012	1.93312292428606
tote1238	-0.0467259162663411	0.660129126943956	-1.57645293711629	1.34024808931591
toto1302	-0.175040695976037	0.621619428568779	-1.67507660280788	0.945214354280876
trin1274	-0.310922693266104	0.689659432139906	-2.03108879522956	0.836368670730032
trio1238	0.025479432411995	0.642465676923208	-1.37433496128556	1.40317421878431
trum1247	0.280754479922645	0.689664955882493	-0.872846480339145	2.04984699819131
tsam1247	-0.0187314138067249	0.606625495806262	-1.3538798483895	1.24492234954474
tsat1238	-0.0211442411013238	0.659951350618166	-1.44309698240179	1.39094907256409
tsha1245	0.22830301028039	0.672482778338259	-0.931271743296596	1.90615666585956
tsis1238	-0.0379277691082591	0.668936668383089	-1.54126526992369	1.39104009898716
tsix1234	0.161032938754938	0.687290030305178	-1.15576109464567	1.73734592380798
tsog1243	-0.0335374019351074	0.683357236293194	-1.6204964715291	1.43396782301527
tson1249	-0.0318531629666653	0.650929381746733	-1.47408873223709	1.35283061739282
tsou1248	0.394888254195468	0.663602277317358	-0.589873623174798	2.07604598700304
tswa1253	-0.0440606135602761	0.662448731287613	-1.49510670974907	1.34140283616912
tswa1255	-0.0297803854521454	0.658513014986822	-1.44152129854353	1.3960305687794
tuba1278	0.331701515065372	0.725579101123266	-0.822984104194819	2.18048107623772
tuge1241	0.289419869068957	0.705286411725453	-0.865144504290458	2.04446496464549
tugu1245	-0.0873433331532806	0.674291574781275	-1.68516144090962	1.29577129398114
tuka1248	-0.0428128895361197	0.668141226061658	-1.56060875532238	1.34673627190639
tuki1240	-0.0251460155123466	0.664311345329643	-1.50218625494602	1.38509949578584
tula1252	0.0192694252184609	0.604086311579704	-1.2649084827797	1.3312796148085
tulu1258	0.0243715274765176	0.66737123079777	-1.37334231476129	1.544821273774
tuml1238	-0.349716210633668	0.69597368909994	-2.09504041719443	0.70852889635052
tumu1242	-0.129046122111762	0.662494244987936	-1.70813350787386	1.16942835221457
tung1290	-0.13821699056515	0.644695468574895	-1.64590657056666	1.14120984494944
tunn1238	0.0933175212659133	0.638779566404237	-1.19658289711735	1.59235808837459
turk1303	0.0150005488686329	0.674986314097134	-1.45327965054939	1.45589716357539
turk1304	0.0044785229443635	0.655453454394509	-1.40794147810518	1.40111539662398
turk1308	0.113420710398089	0.641057460748116	-1.18434573497012	1.59414535895074
tusc1257	-0.0295868714194364	0.646280114911257	-1.48077184924389	1.37071929657519
tutu1241	0.190889829659622	0.563649262895786	-0.813454570483574	1.56702529077934
tuva1244	-0.00844645556871461	0.669910960878212	-1.50548040887731	1.41958884027702
tuvi1240	0.0150330125682264	0.681203943451909	-1.42172439178827	1.53305436301715
tuwa1243	0.160336173688677	0.5745540302583	-0.903418769601266	1.54825134268446
tuwu1238	-0.0880647783821186	0.671655581490713	-1.67904022388689	1.24087887656252
ubir1237	-0.162057170154386	0.633115169722809	-1.68867687320187	1.01757781966743
udih1248	0.010127741737551	0.676735940316941	-1.46327280839617	1.54631158681223
udii1243	0.0679229682394614	0.683861839254473	-1.29962684293124	1.60614752605595
uduk1239	-0.0463387360826348	0.681045499430273	-1.57526218925797	1.37749350129832
ughe1237	-0.169363756108002	0.671243487646216	-1.79374270139158	1.08883659589043
ugon1239	-0.0433590280341355	0.659062442598955	-1.49012696185489	1.3025535739314
ukra1253	0.0685555730239827	0.647048870362272	-1.21418788010494	1.57239451196801
ulch1241	0.0520643440609169	0.68426432527021	-1.33605370379273	1.56632241124435
ulit1238	-0.0655532293238702	0.663104523083017	-1.54344778881294	1.31414085468586
ulwa1239	-0.114101346050923	0.616915467496993	-1.56227244041856	1.08987808743722
uman1240	-0.199089885616012	0.651193865827666	-1.77257082132569	0.986489523179461
umbu1257	0.359119462216863	0.731092452175716	-0.7603013882977	2.28581498684065
umes1235	0.0226694374901299	0.646671342570225	-1.30718205038012	1.4574730502603
unaa1239	-0.237857172003126	0.640017897846986	-1.83624908478763	0.86536249730691
unea1237	-0.23020641553715	0.651463941501723	-1.84758838123609	0.885965663425035
unua1237	0.0479385000961241	0.565305382708522	-1.11482890648623	1.2948617367733
urak1238	-0.0190908888123758	0.638250791862675	-1.45074376103664	1.37538526945416
urar1246	-0.149212271707369	0.666590110493683	-1.72738192319576	1.14140661710439
urav1235	0.0450670275149934	0.625136570081677	-1.26996527318702	1.49552591375523
urim1252	-0.27733349523808	0.643392682850188	-1.84571000910769	0.759174781886318
urip1239	0.146553539162689	0.559439668826479	-0.902410550204361	1.44282540825596
urni1239	-0.0320030126842215	0.626215546918994	-1.43844162203799	1.29737519798621
usan1239	0.127933831451416	0.565898081380704	-1.0032785586355	1.41559367631183
utes1238	0.293196188843027	0.701739190362611	-0.903677940632337	2.08999304052188
uuuu1243	-0.228486499884451	0.660093865008809	-1.88294204901737	0.930924351974741
vano1237	-0.0818923162304596	0.665555566182522	-1.63786493956911	1.2852108813419
veps1250	0.00966273064625935	0.656961519060054	-1.41639172663523	1.40505311624107
vera1241	0.0459491780413858	0.637381744649864	-1.23765391424841	1.48898618870651
viet1252	-0.046621809657773	0.651490072644313	-1.45234951606327	1.26898209680463
vinm1237	0.0823924238181371	0.566459276022795	-1.05053376558745	1.37120111789748
voti1245	0.0367821239513742	0.676138394520983	-1.42546220320459	1.57054326211046
vunj1238	-0.101705095391729	0.694011075786993	-1.6938657345016	1.23087957364159
vure1239	0.0481604281627163	0.637014889260426	-1.27727672726807	1.48449908494543
wadj1254	-0.109651880941248	0.653996712535607	-1.60947474044747	1.16793238891485
wage1238	0.0214179594810182	0.636940025961285	-1.34627494879928	1.45322422130047
waig1244	-0.141911544086232	0.67410711296509	-1.72455469595321	1.14331348804716
waim1251	0.0647213435102591	0.635226808578655	-1.19212949292492	1.50958695894701
waim1252	-0.0982012725230536	0.682945584950438	-1.71854522652675	1.31219227756075
waim1253	-0.279945066482921	0.670255699137381	-1.93920334761439	0.792403756775811
waiw1244	-0.162259608593741	0.665360918829294	-1.79065300960448	1.11425871980319
waja1259	-0.0230933298030183	0.607460418295224	-1.40705181176196	1.27087306928192
wala1266	0.0242196958152303	0.614416889812582	-1.32132682368885	1.34832258370277
wall1257	-0.0154516590462915	0.686090320383565	-1.52636798450471	1.45888847584459
wamb1257	0.138964270328553	0.618972946265727	-1.00874711953288	1.61206398876314
wamb1258	0.0776460827633412	0.665907669619385	-1.29411529393389	1.61070258968173
wamb1259	-0.216704434733106	0.661560773280013	-1.82591821018061	0.990518395326726
wand1267	-0.15469933212535	0.672876430315951	-1.75509621233491	1.14053563880002
wand1278	-0.327310004405285	0.687726269663579	-2.02389034454181	0.775033308709693
wang1291	0.0101717186421674	0.637732808265504	-1.3282257477037	1.46145031460766
wanm1242	0.00935509161668466	0.694506099292963	-1.47271923249724	1.56416894476055
wann1242	-0.0487919683079266	0.644387644562954	-1.48556624860275	1.28867467756306
waor1240	-0.0408075005757042	0.64819739412176	-1.4970428314834	1.35264530882042
wapi1253	-0.140889647743649	0.653689934171054	-1.72404489678324	1.09685927058122
wara1294	0.144369023036947	0.631418807692653	-1.05916234945459	1.67530873285467
wara1300	0.245511359863089	0.679283588970898	-0.918411105318439	1.92999680505243
wara1303	-0.0334584553253607	0.632111623996817	-1.45776002760684	1.30936527504111
ward1246	0.161397497074456	0.648104204482609	-1.05485605794787	1.73209272916197
ware1253	0.148500498103404	0.668172845440321	-1.14258457148055	1.72787651440639
ware1255	-0.0874361883526001	0.635287013662751	-1.54163968614739	1.19192682212581
wari1268	-0.190161402704278	0.681008494191398	-1.8420041264831	1.01909769820418
warj1242	-0.0382931492986556	0.59021357461032	-1.37049473274249	1.19026835470708
warl1254	0.00545452540919176	0.695728472044613	-1.48770505876064	1.52169287368058
warl1256	0.00813831451821694	0.669982104932927	-1.45130715764094	1.53213244804441
waro1242	0.0465069486134525	0.620023991926149	-1.25528153751105	1.44738298067893
waru1265	0.0256314250448462	0.671124756139454	-1.431068071165	1.47892130801147
wash1253	0.174323348584993	0.684795675224162	-1.10219044120188	1.80576889388096
wask1241	-0.0523273671966652	0.59491000358909	-1.46602368717998	1.11174953377038
waur1244	0.230276558911317	0.663023772015665	-0.948642605436653	1.85164042433325
wawa1246	0.00621804865131989	0.630289037794634	-1.33880043861754	1.37192673451395
waya1269	0.14251744447266	0.647180816869113	-1.09338240448791	1.64444213572685
weda1241	-0.218700027373844	0.666076562722196	-1.82392496505576	0.961037096060738
wels1247	-0.0797103602750384	0.697932101948039	-1.64547442184705	1.32078754552595
west2354	-0.252920614309233	0.677239733995331	-1.93161256579782	0.901233979788321
west2369	0.0946722940578153	0.679659098215907	-1.25520391272075	1.70813253321357
west2386	0.110404467272783	0.675755453106856	-1.22148901318663	1.73934746438379
west2392	0.0380511390023396	0.6802465739645	-1.35495869288709	1.51267602075255
west2396	-0.267162171361737	0.669837480911045	-1.92259461789079	0.837323069332227
west2397	0.000370640604073412	0.662607843039202	-1.46092393478803	1.46315821048688
west2415	0.453912390078504	0.71906651463927	-0.518842004274712	2.32430704180471
west2418	0.314032042388125	0.691549228847391	-0.76395563398582	2.07699700450794
west2430	-0.0425101362249516	0.67070202193948	-1.55652258901519	1.36397453886497
west2441	0.0147010713305431	0.65959496083441	-1.40972161030915	1.44780618959829
west2466	-0.091503505540063	0.682534783097175	-1.67067976856942	1.23225286920968
west2516	-0.161716492578594	0.651400291989193	-1.71343345210523	1.07473588508313
west2519	-0.115445802278167	0.642729844164499	-1.60477188921209	1.13741177480007
west2548	-0.0577664807165927	0.679926376452211	-1.60205397888391	1.32955703684871
west2555	0.0157067897768659	0.567056031134686	-1.18886132326841	1.2750244224608
west2557	0.0741931934729984	0.621227597648098	-1.19430973550653	1.4720961276434
west2560	0.0602261598941496	0.597394991102946	-1.13547956567495	1.41753571647024
west2564	-0.0336756439895468	0.656641870773864	-1.46559498742499	1.38011033618284
west2594	0.246353526673248	0.69539526899438	-0.924285304322555	2.03768731051248
west2599	0.336755978928044	0.658781189149278	-0.688105257882653	1.93444571709552
west2600	-0.0399754771333724	0.674215593572014	-1.60179626809287	1.35588177030073
west2615	0.0506586107334899	0.682547212642222	-1.42138033430625	1.59868047944746
west2624	-0.140774923990307	0.648241615214124	-1.72692412888447	1.0878602248101
west2632	0.0204326225461986	0.675823249645121	-1.38246214831388	1.4732864120896
west2635	-0.239151847744899	0.665067776024756	-1.90851907946882	0.89625932563912
west2644	-0.0959565746550114	0.631327285164094	-1.51875131563125	1.17435626785473
west2650	0.000395719311850448	0.66904848679413	-1.47297815366593	1.47094072304532
west2763	-0.142716291301804	0.691744259626332	-1.83149829821719	1.15944338114118
west2778	-0.124211734577427	0.685067803970879	-1.70400207237402	1.2021163496801
whit1269	0.0473365528927861	0.597817495562725	-1.20493725170972	1.41312672332064
wikm1247	0.0751663653345939	0.652441461536764	-1.23880080612893	1.58466881325488
wiru1244	0.389149167614341	0.676936130193391	-0.634573447091607	2.09711630003194
woii1237	-0.0747351741803173	0.667283286892622	-1.6224308906444	1.28004627291176
wola1242	0.268882653284678	0.686340428308348	-0.910199299170177	1.97408089171253
wola1253	0.299063567343306	0.692014320137339	-0.807786642371799	2.03296356947204
wole1240	-0.0123841161115318	0.654500441086551	-1.4466957906858	1.39579330325141
woli1241	-0.0466379655229419	0.660474823465754	-1.55218794884598	1.32786196776697
wood1236	-0.016006612260952	0.682561156630355	-1.59290527788884	1.45993852844133
wotu1240	-0.121700329602712	0.634031292333337	-1.60742357732643	1.12726941809146
woun1238	-0.189764238535118	0.66661393193173	-1.84914023170321	1.0351044541487
wuch1236	-0.0375212437827225	0.659545008917977	-1.57320377652393	1.34240412853763
wudi1238	-0.133703306799494	0.642695731767493	-1.61781238162021	1.1284894778239
wuna1249	-0.048200082391541	0.669130226159987	-1.60868663153715	1.31626141790543
wusa1235	-0.160951598604428	0.650724573785882	-1.71021406937901	1.06743486506177
wutu1241	-0.218822083920183	0.66148874026986	-1.87254309372854	0.942090197183751
wuvu1239	-0.18253188282599	0.691315044782842	-1.9057240094305	1.08737450326486
wyan1247	-0.0331320090591685	0.681805629690815	-1.5504792203774	1.43923682782284
xamt1239	0.230163680197115	0.669696790311929	-0.926683679310596	1.85160207122124
xara1244	-0.0229459880313875	0.606594207056288	-1.37638256957574	1.22655800936763
xava1240	-0.122540260109023	0.665229535927776	-1.67645881625212	1.17123878398288
xish1235	-0.315633499716846	0.694515626858469	-2.05807609737658	0.773138163986617
xokl1240	0.134923995308285	0.66083900049561	-1.08048680439718	1.720901897858
yaak1241	0.0970093293513735	0.655314083785909	-1.26171787309631	1.65154351085742
yabe1254	0.018867812672609	0.614504887423352	-1.36408012545191	1.3222753047936
yaey1239	-0.169633649292831	0.675067564610049	-1.79488764638312	1.14437892267194
yaga1260	0.32541388686905	0.623489184500715	-0.693159715398429	1.90174522307055
yagu1244	0.0875792911898407	0.658461196608069	-1.23506647791487	1.62442975129042
yaka1272	-0.0867060259050926	0.669893387155168	-1.66735939219958	1.29265190000913
yaka1277	0.193458442106567	0.636605227177458	-0.949352628405476	1.77518159131521
yaki1237	-0.192222717259624	0.672069810515582	-1.80688904616282	1.00754970244093
yakk1236	-0.0738582955076343	0.589627100952837	-1.4174381225597	1.16496067104186
yako1252	-0.0499392784275395	0.674459239378165	-1.57217416190481	1.36149504709263
yaku1245	0.0071683483993811	0.678182075900139	-1.49947003796041	1.46096674497918
yala1266	-0.0737303051392044	0.652968117693758	-1.57021931753036	1.29251250563141
yale1246	-0.312381156819667	0.639229425293383	-1.92564151502955	0.7142678375077
yama1264	0.0934403533818725	0.680225341097241	-1.28571738274474	1.69503920099888
yami1254	0.415900995524531	0.709291269691557	-0.589957483590867	2.24455045251321
yami1256	0.0451678040042144	0.656490913631143	-1.2926211378895	1.5539135707185
yamp1242	0.159953225941321	0.619344083667335	-0.978849737487267	1.69934189032689
yane1238	-0.0323403778002478	0.642901123379167	-1.46720432038034	1.33948350489087
yano1261	0.0372395489084425	0.634578239136986	-1.27474335505346	1.45294582634382
yany1243	0.0683141466058218	0.662106442084613	-1.29255872418279	1.60925997077095
yaoo1241	-0.00397920940779972	0.661031847009544	-1.4322146786258	1.41662178149825
yape1248	-0.0297652710003952	0.666785026458504	-1.48588117897598	1.34703013488982
yapu1240	-0.334603701945543	0.670630303208839	-1.99455051949226	0.689635459997629
yaqu1251	0.0249364354653826	0.663773891695654	-1.38338287212544	1.52608945969145
yare1248	-0.0391316495470649	0.618029801760921	-1.45111493766616	1.27828704388683
yasa1242	-0.0497432157540734	0.659869387415619	-1.5853957993909	1.31018137525547
yaul1241	0.236890206354427	0.608925451400881	-0.864961993730389	1.71079812898495
yaum1237	0.332624445345719	0.632436177432362	-0.667195049799968	1.84773062972845
yawa1260	0.0625934877342391	0.634752484789915	-1.2302291498753	1.49345118977173
yawu1244	0.105094061502069	0.686262448219559	-1.23054279360668	1.70453826439653
yecu1235	-0.164318454229852	0.651685370505745	-1.69657431646864	1.05033003136336
yele1255	-0.145176117938484	0.670245198663114	-1.76203982338975	1.13874770003382
yems1235	0.245463165638491	0.682997045098316	-0.911465795292079	1.93911641078006
yess1239	-0.0778594205588732	0.573266747891317	-1.36925053243922	1.0636294354323
yidi1250	0.034594136716703	0.680452545383008	-1.3480269756206	1.58236885503809
yima1243	0.335404751300428	0.640461072579909	-0.674995972786682	1.9455407097608
yind1247	0.00620590527693629	0.684626938503695	-1.47894299818526	1.4859301194744
yine1238	-0.0766911321019496	0.649366203433538	-1.56443159666827	1.24500603490289
yoga1237	0.148342108790328	0.611175098463214	-1.01337506447212	1.61141342300288
yoku1256	0.216968360836944	0.665594164378345	-0.974310512358758	1.85070017944807
yona1241	-0.00507283014180491	0.646495375693723	-1.42642522629446	1.36528715392783
yong1270	-0.490131462217008	0.770177883389132	-2.44597277907735	0.585944127718869
yong1276	-0.00969638774554172	0.688182108014863	-1.54167494305809	1.490578379951
yora1241	-0.0062368759005198	0.670618400705702	-1.44100402126805	1.4627063157888
youl1235	-0.396646186151216	0.720154219653674	-2.24775797740326	0.642345221230322
youn1235	-0.0265385918601092	0.668814498534579	-1.52115397584961	1.36946392054476
yuca1254	-0.0705003765360729	0.658356331843195	-1.59903775379589	1.24862077372949
yuch1247	-0.0249893827229374	0.66879175699411	-1.53715224453309	1.40878538141158
yukp1241	-0.118565285595103	0.666987075714744	-1.69169422797973	1.20428147800298
yulp1239	0.0569202757539668	0.692885304382317	-1.391555671912	1.6364084085504
yulu1243	0.276226088697408	0.708427989410847	-0.959087972654664	2.09023085899828
yuqu1240	-0.260478001949368	0.648775872126033	-1.85894709455245	0.820493952824437
yura1255	-0.262994805888642	0.653632281106033	-1.88514951701254	0.833791462448913
zaba1237	-0.128149312313911	0.641174983456858	-1.63991062766076	1.08153235875606
zaca1241	-0.18719507001706	0.665693637827236	-1.8020028493393	1.06350019304483
zaca1242	-0.0780766638911126	0.628639590288969	-1.54366298885521	1.19693891905986
zagh1240	-0.0756593196752739	0.676197586854455	-1.65987603395325	1.28194036788741
zaiw1241	0.143145999148233	0.626070117619927	-1.07913851603125	1.63197103742431
zamb1245	-0.0881391241365573	0.673297735579482	-1.65949469039258	1.26921754723966
zani1235	-0.141512447546877	0.651375362922733	-1.67857443027191	1.11689670250701
zapa1253	-0.0575086653952769	0.640836695921479	-1.48406259579593	1.25809547075825
zarm1239	-0.0526603439757579	0.665586381402705	-1.53963020335929	1.31936365866343
zaye1235	-0.288728511179469	0.707112054465906	-2.08898988857634	0.929814339799911
zays1235	0.138658672478961	0.643556397121981	-1.10710935717912	1.63263763369514
zeme1240	0.217509895529543	0.62955386991236	-0.898025574694032	1.78301241995101
zenz1235	-0.125466740624375	0.643605579934783	-1.63440584030567	1.10078219117023
zhab1238	0.0175048122910544	0.644131073837682	-1.41593143520937	1.39966046578803
zoog1238	-0.196580839292753	0.683713989053799	-1.85757549430446	1.01911654758054
zulg1242	-0.287605561082109	0.670270486021085	-1.93701247005234	0.849792380505103
zuni1245	0.076540435808929	0.645672897010325	-1.21548659476161	1.566204816966
