Estimate	Est.Error	Q2.5	Q97.5
abar1238	0.602276543999717	0.693661391228191	-0.51148867264904	2.18345455822915
abkh1244	-0.247876272317087	0.839278558459951	-2.16630273445623	1.32633724363452
abua1245	-0.229517612287576	0.772536981905786	-1.94446737331208	1.19794476438359
abun1252	-0.335595710970739	0.833919511273703	-2.2057555101123	1.18578023807949
acha1249	-0.2372895825035	0.802823827690816	-1.99381349026478	1.26090525399314
acha1250	0.260783350349779	0.79507839049041	-1.19275874261749	2.0634179228915
ache1245	-0.297318017317481	0.834444377125878	-2.22576404806702	1.19267950013923
ache1246	0.282918193844202	0.783196855056865	-1.19999779828045	2.0765496021182
achi1257	-0.0652899917845369	0.819301709156169	-1.80233000603299	1.64206197148661
achu1247	-0.00579561642579384	0.795973672429577	-1.6970039255193	1.61916700473809
achu1248	0.178303596384714	0.786377406229696	-1.33599722508396	1.92168671893076
acol1236	-0.103001282446119	0.763967737908572	-1.72967495127165	1.43360930321473
adan1251	-0.277049633929035	0.827808245480153	-2.15121811282754	1.24856989805857
adny1235	0.460903691673115	0.873061509664672	-1.02629671622432	2.54768529188499
adon1237	-0.273052981086703	0.805289653573353	-2.13945420299016	1.2040539472665
adze1240	-0.306044979108008	0.672416723329844	-1.80135329961323	0.932964643865592
aeky1238	0.173712724553052	0.718614675052027	-1.23564820228193	1.79085341227076
afar1241	-0.14476251322465	0.812148532373889	-1.91844934379564	1.4353958640255
aghe1239	0.61606642352444	0.699647801506774	-0.511440067279754	2.20071441402686
aghu1255	0.0428171595948858	0.762765494410963	-1.49540789433463	1.67566718985256
agob1244	0.666582923082006	0.903670541681828	-0.721923520717747	2.77062585187177
agua1253	0.159058081335163	0.800400118347412	-1.38664140574522	1.92689025657186
agus1235	0.130290081931954	0.781884299376465	-1.4537776020403	1.85808344314284
agut1237	-0.207497589946821	0.807825337082337	-2.06141417184307	1.28381667095994
aheu1239	0.155739368648254	0.826563035415468	-1.48090819804316	1.93989865248411
ahin1234	0.167708352027415	0.666791126276998	-1.15639203797746	1.60500104307415
aika1237	-0.121824123996502	0.71536767501772	-1.64922024166176	1.34226848482043
aime1238	-0.0387739816678314	0.746617728307384	-1.68682009616829	1.4838292326723
ainu1240	-0.0988010859007475	0.821546336855292	-1.90808643774716	1.56346453300258
ajab1235	-0.39061876059809	0.822973044603654	-2.28998782955881	1.02558569623401
akha1245	-0.273851606120785	0.815747929447755	-2.09952122217662	1.27479573765938
akoo1248	0.585650985450584	0.825051798802341	-0.751602380575716	2.47021219131653
akun1241	-0.177736763753698	0.723856286912063	-1.76813094963741	1.28969413136827
alab1237	-0.290481488607557	0.81112743670629	-2.1790667927456	1.22754768195337
alab1254	0.169746407220337	0.749834801498552	-1.28255710762803	1.81256860720202
alag1248	0.254224863622302	0.733042134106776	-1.11340066622463	1.93821337878399
alba1269	0.042337493325363	0.778095004842604	-1.57450563757774	1.69695788967803
aleu1260	0.242956409076304	0.81475341985179	-1.25418394424217	2.08631325977745
alor1247	-0.280845725323601	0.813927204127072	-2.14302060095696	1.19713298660882
amah1246	0.156896225190628	0.789867809597026	-1.36691774245893	1.93604026300502
amam1246	-0.177753000410723	0.706067556785524	-1.6778189472089	1.22450214490656
amar1274	0.183341826325366	0.793102926818356	-1.38610744370039	1.93025992918749
amas1236	-0.191441000278691	0.822853668371339	-2.04020552991412	1.39577813934555
amdo1237	-0.139848558440138	0.784154789513411	-1.87254592044132	1.38296859761908
amii1238	0.204605608623399	0.789188210211039	-1.29097986780202	1.98631634020786
amis1246	-0.321094169416405	0.812855987709614	-2.16740653863214	1.16217101652026
amri1238	0.4298415331294	0.786404826410015	-0.941015091890197	2.23745193997629
anei1239	0.316223096594711	0.731246993831864	-1.03888890566459	1.92947602959354
anga1288	-0.162835567821412	0.728887917335005	-1.75993411754694	1.22041635994032
anga1290	-0.245402265610818	0.703304381379668	-1.78666332093107	1.11858170998234
anuf1239	0.0575004191819509	0.760942611142754	-1.51650748877386	1.59109619954472
anut1237	0.147645375650895	0.791470334989045	-1.45374933700534	1.83787952912511
anuu1241	-0.263191997549628	0.814356780521761	-2.10227689706121	1.23148112118232
aona1235	0.137688668994614	0.70622734063672	-1.19774748480255	1.65549590343192
aoua1234	-0.0421161020106001	0.823437718335463	-1.80552388002543	1.66032887941336
apat1240	0.602213106210133	0.822060171106696	-0.701220880152436	2.57907353544358
apin1244	-0.237480010770154	0.81418449829442	-2.06386543999275	1.29443631032388
apma1240	0.226304094187422	0.658677744860123	-1.012577952497	1.70443718714349
apma1241	0.177618536451872	0.691795501553698	-1.16850927195386	1.64444101266097
apur1254	-0.116941517654285	0.766329589428339	-1.8172788908757	1.42714077419666
arak1252	-0.351235660171947	0.688994404967738	-1.91952068632959	0.878461487664666
arao1248	0.172047315898388	0.788898785051129	-1.40923170651162	1.92219501862366
arap1274	-0.174162333574591	0.824308309989429	-2.03041170326964	1.40720950340797
araw1273	-0.257029426826715	0.808247921816053	-2.10947490358475	1.23750896820571
araw1276	0.322493257315047	0.763196790280739	-1.06629842837813	2.07403636158332
arbo1245	-0.386108835027413	0.810930079140778	-2.23399934304345	1.06733123526836
arch1244	-0.0150514197243208	0.776596440262105	-1.6445890459094	1.60014287590173
area1240	-0.0111371284288982	0.740235831966987	-1.58071624706573	1.51560170776985
aree1239	0.653499151675453	0.772871880708398	-0.564567268870817	2.39326500372979
argo1244	-0.158236116285545	0.791717819703279	-1.94680040636635	1.37838847876636
arhu1242	0.311786727799463	0.80992483507017	-1.1533230157893	2.15293222084325
arig1246	-0.57503584468903	0.877227513814667	-2.62425349093588	0.816055690833117
arom1237	0.324678819650635	0.821390308002167	-1.19031417028365	2.23026681484808
arop1242	-0.204113114758613	0.746225200544858	-1.9275360238424	1.2009234802239
arop1243	-0.142921107685431	0.729827636216661	-1.7271628171404	1.30595390783211
aros1241	-0.123568158897674	0.762854658680219	-1.80875315172893	1.39934461075414
arta1239	0.336295853275707	0.714490666785063	-0.954759933132952	1.92752822551446
ashe1272	-0.194303367386332	0.73585193623743	-1.85955610000497	1.21090964253378
assi1247	-0.147956599772738	0.798981528267441	-1.93835602280795	1.38654421274663
asur1254	-0.106668352635346	0.79451228875989	-1.84782701264425	1.42653214000141
atam1240	0.344952814674152	0.791408212787985	-1.07885784664261	2.1817692972219
atay1247	-0.280832676721141	0.820713339948083	-2.15860258071925	1.2157121178049
athp1241	-0.256806390852488	0.727831816603905	-1.8626408285626	1.09753954743882
aton1241	0.121008184474781	0.738250676155071	-1.34729235652772	1.71688881534588
aulu1238	0.199173396984409	0.606245776061842	-0.937734197612758	1.57542091045729
auuu1241	-0.207965295345298	0.735671648368153	-1.90288284761713	1.14634593464413
auye1238	0.209998211938134	0.769867298459712	-1.27997663163149	1.96201430841302
avac1239	-0.279509363533421	0.818585196482099	-2.16160685724373	1.23312669404131
avok1242	0.407316399657157	0.827299463637106	-1.03119981881551	2.34773713141038
awac1239	-0.527685818539052	0.851196306549809	-2.4806568706094	0.935362215698356
awad1243	-0.155264729472494	0.775780785204253	-1.838939627632	1.36872524235849
awad1244	-0.114895527563906	0.663073840943014	-1.53918962867869	1.20056850569524
awap1236	-0.133027352546213	0.681048096462685	-1.59518833418039	1.2326715262994
awar1248	-0.287946740407545	0.656448533739929	-1.73438785808456	0.92589326290628
awar1249	0.262676869364981	0.70141796610552	-1.05683254719156	1.83389237789665
awet1244	-0.726164017457947	0.884272028156952	-2.84369996141855	0.597081457654316
awji1241	-0.127705464425859	0.810001721137106	-1.90105854522343	1.46060636875921
awtu1239	-0.160483049827256	0.726889408745743	-1.78687092211313	1.2588016497531
axam1237	0.204526430100638	0.614531592905726	-0.934994405033435	1.59045514112944
axiy1235	-0.0327171295567502	0.759186718278457	-1.69651284893134	1.47313215634475
ayac1239	0.387115649174384	0.825895505599333	-1.10016267042599	2.28150996586913
ayiw1239	-0.231905377460282	0.743213500133196	-1.90853046272333	1.15953465146764
azha1235	-0.147356295349272	0.791748034389478	-1.90084254108706	1.36620910743621
baba1264	0.754139068097103	0.752655493104996	-0.398612510709774	2.44776254310292
baba1266	0.761023233418834	0.766475124609423	-0.426170167607334	2.5007554111486
baba1268	-0.344365864468994	0.816145044686438	-2.20999083879533	1.10288273230073
babi1235	-0.231365936708722	0.815854227527522	-2.09054392349905	1.28334904457263
bada1257	-0.17898447511195	0.776217320969569	-1.92842895641092	1.32481432051854
bafa1247	0.528701922086688	0.801344989382857	-0.816542360553331	2.38657363661215
bafu1246	0.720035931513595	0.744416806042082	-0.43984194331462	2.40780784708249
baga1272	-0.467736440374258	0.824928283052209	-2.39458783531222	0.910150532829898
baga1273	-0.416559814075576	0.812009069113354	-2.33325266289544	0.951847552509386
bagi1246	-0.554004293020374	0.817247582672166	-2.4335158833812	0.793826362125845
bagv1239	0.133591771393941	0.769166070868655	-1.33776693941604	1.83284810204558
bahi1252	-0.250765929747813	0.686331748507126	-1.78129205714781	1.05351802180395
baim1244	-0.189509789459393	0.780773676084354	-1.92955614807406	1.30810347351015
baki1244	0.262940577611737	0.640797610850042	-0.922743549934064	1.67484831078298
bala1311	-0.11848268084284	0.802539118174395	-1.86705639171599	1.44398562176822
bala1315	-0.1224269958722	0.811699822543248	-1.93275353073677	1.44529321175753
bala1316	0.323305790526493	0.752693373327692	-1.06866163844116	1.99107424854832
balo1261	0.336709608328248	0.829439679366909	-1.14833952330404	2.29462475655973
balu1257	0.27491493615113	0.774795366352227	-1.17138317226753	1.99676830719745
bamb1270	-0.161620820791755	0.830905941964599	-2.01823652282398	1.47970949610856
bamu1253	0.50076529944063	0.722857843866057	-0.745981203275757	2.12101443605333
band1344	0.219535510984565	0.822985907218815	-1.36035683601552	2.06831189417208
bank1256	0.527947437356798	0.813887757259813	-0.807569247893247	2.37988383668315
bant1281	-0.300975870389324	0.723854036133224	-1.92511567452329	1.0336023796373
bant1288	-0.0651321398551009	0.795404524431089	-1.7830570934706	1.51948414927264
bara1357	-0.0264085240689321	0.673205056619634	-1.45712604973476	1.36407880155929
bara1369	-0.0552736731734179	0.831232962878071	-1.92048600221222	1.61893223941456
bara1370	0.136793860130908	0.7971630799836	-1.49432434037815	1.83103505197762
bare1276	0.145243414377001	0.748539033037776	-1.31334833005768	1.79725037716609
barg1252	0.289105153215391	0.691835557098301	-0.987091971414335	1.80866043371918
bari1286	-0.154950730460839	0.718662112104594	-1.72609750123603	1.22585784104782
baro1253	0.633427777564438	0.77155504334545	-0.630249563323707	2.44185549296329
basa1282	-0.581227369787947	0.869607813655744	-2.65661708562149	0.779953749176556
bash1264	-0.296652831073343	0.805575656293083	-2.19360932355566	1.18642896835455
basq1248	-0.101258498658656	0.80249068547353	-1.82035130418396	1.49984108920561
bats1242	-0.0479187857343761	0.731847768237566	-1.58196695117813	1.48382222390746
baur1253	-0.31667543936446	0.798797345380392	-2.17953372019658	1.10830702926687
bawm1236	-0.296150081089422	0.796780700970041	-2.17544822104295	1.18890346997542
bebe1248	0.426661972014507	0.802972193743377	-0.939853240585981	2.28744227470817
beem1239	0.115966753949207	0.819512010214056	-1.47912624459183	1.93008805288808
beka1241	-0.094861669813361	0.814405161778261	-1.85179031284546	1.55800187010998
bekw1241	-0.225756876119471	0.779627169392483	-1.99869898717968	1.20292700350338
bela1254	-0.28794587041095	0.796186045519182	-2.10816372211116	1.18869063941941
belh1239	-0.267310997354357	0.727099692955919	-1.86020259602651	1.11193877916608
beli1257	-0.066640513611209	0.805322843875455	-1.81973678486739	1.56596333367358
bell1243	-0.216320871594679	0.836539053986279	-2.11174840375373	1.37273442568784
bemb1257	0.138915236203589	0.788002455868913	-1.34870674026036	1.88743346487436
beng1282	0.207002215887009	0.806312140239249	-1.32759577527687	2.04605055592229
bent1238	-0.32528464943234	0.856633709166065	-2.29352427038577	1.21833657202815
bhoj1244	-0.367545036565143	0.791447435005489	-2.18987498319325	1.00923856515932
biaf1240	-0.409833798386863	0.846747568152531	-2.36478731124577	1.11103497598132
bian1252	-0.270084944778701	0.723070217730796	-1.87730406571903	1.11708014469446
biao1253	-0.0990276219712134	0.817839397849968	-1.82662293591108	1.5644851418827
biao1254	-0.0717048499229927	0.869339459231486	-1.95598585032433	1.70558646815388
biao1256	-0.0932246484683511	0.831289497921476	-1.89088071850148	1.58217425305808
biat1246	-0.0969156076463401	0.803867027053541	-1.85382119385575	1.45958125716244
bier1244	0.282398455626066	0.641548050177036	-0.887041368946145	1.71432036943224
bign1238	-0.198959614861197	0.62470093089728	-1.56677253431986	0.959010471534438
biha1246	-0.162948664891693	0.797788543279906	-1.90671810159767	1.40020699606378
bila1255	0.430136417113603	0.828879594335421	-0.971104747599897	2.45897698265463
bilb1241	0.160719951536509	0.660490520966304	-1.08199770989866	1.58911630374446
bili1260	-0.152272806722811	0.782175399770067	-1.90263995225963	1.36528637723863
bimi1240	0.238676611590467	0.738149968970693	-1.13120304221518	1.94540685034647
bina1277	0.119316930502623	0.717939574587603	-1.32046535910389	1.64945581455643
bini1246	-0.523420164038056	0.857160336765594	-2.53309521171591	0.83488354518721
binu1244	0.128185267817227	0.772837508363332	-1.44904791992736	1.77535166119306
bisu1244	-0.269878998826694	0.804922392265826	-2.12195184457305	1.23808017334714
biwa1243	0.165718478207925	0.697568581372046	-1.19815967095525	1.65138470369797
bodo1267	-0.034313720216604	0.751238275125026	-1.61991307052507	1.48635689072968
bodo1269	0.449424252101072	0.808133079810542	-0.960028897099517	2.32821530191596
boht1238	-0.179788078017232	0.748434485454537	-1.87002028958187	1.28173338273872
boka1249	0.0808133325344367	0.762558500526945	-1.46672207218595	1.74356900201622
bola1250	0.0640522736574412	0.738361796016589	-1.44977989507064	1.61773809970747
boly1239	-0.0932473915962183	0.801862158299336	-1.82150510995903	1.49234078079506
bomb1262	0.529113647104453	0.837151804521272	-0.876280422323098	2.4976556699706
bomk1234	-0.0498020984137158	0.781835892599126	-1.76787510050752	1.54892034216971
bond1245	0.458944990611695	0.755435423740553	-0.867246945432689	2.20734012429889
bong1285	0.0761221114268455	0.745832571616955	-1.42588083946135	1.66376799934753
bong1289	0.0755690057743085	0.760864651298036	-1.51382674683762	1.70824921643027
bora1263	0.392025702389259	0.831906862569481	-1.06002493311735	2.30678948554394
bord1248	0.00736956498469554	0.753553304676051	-1.52394830648267	1.55133834354212
bori1243	0.25447310038588	0.747499409900784	-1.16476171578728	1.96474419173631
boro1277	-0.0482771466100197	0.792122811437416	-1.72207895762244	1.51525760688551
boro1282	-0.272515527233314	0.788396496793947	-2.01859012409044	1.16161471048157
boto1242	-0.17262560334161	0.749674950354394	-1.86338070215708	1.25037763819375
boun1243	-0.140219086256575	0.790346407711778	-1.8291339309636	1.41674083665425
brah1256	0.428240446170427	0.848190610417015	-0.993186837053204	2.42342579905917
bret1244	0.212679234094133	0.801347304592263	-1.32372176375097	2.01753096635819
brib1243	0.00511539616302535	0.750734402580607	-1.57740258667769	1.6478758741136
bube1242	0.240470084331513	0.790238237042079	-1.22246779368699	2.04300685506853
bubi1250	0.177930497767735	0.802968962646987	-1.37609114833967	1.99975978641494
budu1248	0.405012164786341	0.786646312034723	-0.997276444816493	2.23132069306389
budu1265	-0.283237953413763	0.797068588266102	-2.13973739654155	1.21077738543411
budz1238	0.263300501785696	0.798516079853036	-1.20500249908643	2.04335271334456
buga1247	-0.158853480996804	0.810172821617854	-1.95125010753098	1.43941787101464
buga1250	-0.270995705009919	0.71947056214844	-1.87595394984437	1.08360983518951
bugi1244	-0.156012905604994	0.807201833722025	-1.93090462287848	1.44100379860143
bugl1243	0.134050104624318	0.814223254390517	-1.43925368799089	1.94686192723334
bugu1246	0.283761203892736	0.754602592088467	-1.11614012214798	1.95638502213014
bujh1238	0.0122324551555482	0.682301993757522	-1.34826620887876	1.45204978060182
bull1247	-0.187057212702213	0.760363426942705	-1.90202237699817	1.26484346005347
bulo1242	-0.131024902840786	0.816750599558804	-1.97586869979234	1.46423774481447
bumt1240	0.158903034439627	0.759344709485477	-1.33956293957182	1.80309536617751
buna1276	0.405581441237777	0.754627370483957	-0.944275516962973	2.12106439838018
bund1253	-0.143727267413964	0.770851379023871	-1.85458355726684	1.38788023872193
buol1237	-0.162091166394397	0.815907998174496	-2.0010723460029	1.4435238454723
bura1292	-0.499796699824753	0.769559725352592	-2.3191468859221	0.8233843404158
burj1242	-0.14845269177347	0.800357505589478	-1.91849448966631	1.42006054837442
buru1296	-0.119194454430748	0.772527601874539	-1.82470480108416	1.38037576573741
buru1320	0.328269564318648	0.752197941331188	-1.0010347675733	2.03900699029756
busa1253	-0.232518761356635	0.817017112709497	-2.11857302828174	1.28697866535603
bush1247	0.0961080330185419	0.787461220619335	-1.51222059348832	1.82729269831807
buwa1243	-0.529119567904687	0.747568053318719	-2.27053339234311	0.794688996425065
bwai1242	0.706172118843236	0.764178829085576	-0.471756249329919	2.44554575083797
bwat1240	0.47264131939041	0.793230475677544	-0.931465954269669	2.2749384073029
byan1241	0.520167902338726	0.836711551851669	-0.896604378380107	2.48808581825952
caac1237	0.297290922177997	0.744408565576901	-1.1069130855668	2.00292340581548
cabe1245	0.065615490882566	0.742173749385437	-1.4403446558634	1.74620142044099
cahu1264	-0.180364805644806	0.794727172085571	-1.94399808988338	1.36422496059361
cakf1236	0.100061984002815	0.725807154079156	-1.40685325114212	1.67322338111118
cald1236	-0.510655467381454	0.852923162970343	-2.49935147310028	0.904216893566345
caml1239	-0.280020639673701	0.706933812252483	-1.85823475450092	1.03722881084951
camp1261	0.174743038426155	0.794713635543956	-1.36485340501488	1.95515030404877
cams1241	-0.376148758644004	0.804911314012278	-2.26052551298169	1.03106075580032
cane1242	0.272221696464421	0.801676002980498	-1.20772998076393	2.11349013403438
caom1238	-0.0665505001951997	0.820371453612281	-1.81343054945984	1.60523654064724
capa1241	0.223251378171045	0.805268759051972	-1.31687330338705	2.10698646228564
carn1240	0.163189851100049	0.810008227731838	-1.44486437233418	1.94403356501241
cash1251	0.0296435258726855	0.77882983579476	-1.59082610709413	1.66393264354101
cavi1250	0.0319382192324794	0.779642701306726	-1.52553013737733	1.66878078958192
cemu1238	0.336441149697232	0.756475129372939	-1.04691695633849	2.02789152023655
cent1989	-0.0929606429164417	0.804628954255625	-1.83437896255363	1.5407048792707
cent1990	0.557155050864335	0.907071600941986	-0.933727850726845	2.72890466266514
cent1992	-0.156108872926805	0.810552002119558	-1.98614930406597	1.41536584836722
cent2050	-0.300995142506484	0.818393045335669	-2.1264366085791	1.23142938137323
cent2058	-0.0347888871953673	0.720822781252008	-1.58353406581976	1.42885512478897
cent2084	0.276929135134165	0.770156491306542	-1.17616961526052	2.02679045628923
cent2087	-0.0501132019185561	0.783614759629909	-1.74983023210544	1.51289683988513
cent2090	-0.196543264247389	0.809144459676421	-1.98651497729503	1.32179248179465
cent2100	-0.0540872477166467	0.742441134513638	-1.62935254684271	1.43710342144446
cent2126	-0.066772061110039	0.817105507201173	-1.86577319004594	1.58942962770397
cent2131	-0.170509527362704	0.802203986962791	-1.94219147441414	1.36416695220952
cent2140	0.686810567462846	0.882812389337239	-0.670847309849718	2.79367133936056
cent2150	0.129490680167249	0.800970796246571	-1.45809349250697	1.86158080512751
cent2292	0.519113422111652	0.749987478831606	-0.725812763577594	2.24059263062908
cent2314	-0.093847387372445	0.812069528750453	-1.86098042904005	1.51405625700983
cent2322	-0.0889756559978963	0.795947761198213	-1.79837307744073	1.53188912429015
chac1251	0.140999385150948	0.791368237416633	-1.42059371544253	1.87524648694377
chak1270	-0.243176534786015	0.796757561488471	-2.04325634659244	1.24784567213838
chak1271	0.423211577151468	0.791194070830426	-0.931332637974466	2.27228722209512
chal1275	0.639347033212806	0.866345643256129	-0.7444268478789	2.68679290540706
cham1309	0.144905441766114	0.776188826940206	-1.34318056027987	1.88389869499462
cham1312	-0.0428947470080267	0.824043837195291	-1.8357320274368	1.66334635410616
cham1315	-0.191196077816652	0.802171118006613	-2.00413230374335	1.35155574902784
chan1313	0.0844388594894191	0.706041541657095	-1.31544280030023	1.60245260375037
char1269	0.17711545398322	0.779665192249915	-1.30530247905448	1.89459760487113
chas1234	-0.140998700191097	0.805787457686578	-1.94609296546483	1.34977164809172
chec1245	0.16298845829105	0.797074574786665	-1.3550684074353	1.94536419428841
chek1238	-0.0697504695880628	0.778377505842539	-1.75838326400047	1.46423419264132
chen1255	-0.154986374990928	0.819686904503854	-1.96045972110843	1.48992234741354
chep1245	-0.0528117870783106	0.675769135490247	-1.46056443368516	1.34505534663196
cher1273	-0.122941082008102	0.799054457647204	-1.89277744003082	1.40408912206473
chhi1245	-0.29068333943122	0.73036564887637	-1.92289429446258	1.04911225534831
chil1280	-0.23832803927554	0.824060729020849	-2.11935617751749	1.30573022494868
chim1302	-0.333336767751793	0.82190732973216	-2.27966144799731	1.14323717154743
chim1309	0.227657037291114	0.823342786910214	-1.32694972744442	2.06920351778144
chim1312	-0.510558532760407	0.825028886932115	-2.44965647954096	0.876112982598242
chin1286	-0.0988966333080398	0.802746766441801	-1.85165816096214	1.56539026683925
chip1241	-0.156414952683326	0.784705280891064	-1.88163962751225	1.33919876462814
chip1261	-0.164758989768306	0.830137347385644	-2.02085771289281	1.4891252161686
chiq1248	0.182730785120221	0.805619917172758	-1.37575578653777	1.94641423374055
chir1283	-0.277358820580494	0.732879047634684	-1.93014766987016	1.04922295938267
choc1275	0.131569574186234	0.748163367641307	-1.41631333608633	1.70926632061241
choc1276	0.368847336219479	0.837136187446717	-1.10919218605795	2.30541600597275
chon1284	-0.100004561924724	0.815714801581609	-1.88382280434912	1.48936983691434
chot1239	-0.431300270260666	0.775927513816163	-2.24173135675973	0.917915380136711
chra1242	-0.0911551961155825	0.821474767945727	-1.90843895389023	1.52818772730614
chug1252	0.199176631512137	0.746621812984162	-1.23599712770061	1.78021225450496
chuk1273	-0.107715991518318	0.840514610463132	-1.88294447177881	1.57625498635651
chuu1238	-0.0114423485987847	0.823558321169558	-1.73669085236461	1.61251915628357
chuv1255	0.0744725766092583	0.773701704841499	-1.44933306174773	1.76386412037575
chuw1238	-0.453540021234059	0.833023035306933	-2.37748225428993	0.980951765598068
cici1237	0.104122725529618	0.769227657070563	-1.49625168200437	1.75218828040155
coat1243	-0.529006532465548	0.815398536969278	-2.51068487416056	0.803621731015961
coca1259	0.385486538742557	0.807464543247116	-1.04512834738249	2.2778272884527
coeu1236	-0.274852543739908	0.833212594276516	-2.16471539473983	1.24168776625204
cogu1240	0.30161521678496	0.812812400363876	-1.15024620825671	2.13163034532727
colo1256	-0.537101916164401	0.854725678191626	-2.54230797427623	0.834728721905845
colu1241	-0.184125766831758	0.823319083008699	-2.04769033033877	1.42740367025065
coma1245	-0.216962738991175	0.786773694964835	-1.97987278092917	1.25248907695471
como1259	-0.224291055427904	0.813807669205146	-2.0851986782092	1.32681890783394
copa1237	0.102355899598848	0.732052995393943	-1.39712254335627	1.67752215957729
cors1241	0.184073847069983	0.784021616486773	-1.3405742050778	1.92723169815883
cosa1234	-0.269007382665902	0.817403916777355	-2.1456626618182	1.29568966909033
cota1241	0.213371005548507	0.740497293494122	-1.21681830421121	1.83843171226316
cree1270	0.358795869626006	0.831976778909977	-1.12269016575725	2.26841665716072
crim1257	0.21396791911141	0.800426284941059	-1.31199858111012	2.00572855834086
crow1244	-0.168654659456118	0.821077294899401	-2.0006791804421	1.39173250824862
cube1242	0.270347817293952	0.794883404211987	-1.22069422759371	2.04635174680555
culi1244	0.273137380523779	0.78950832680662	-1.14573859348671	2.09198899452171
czec1258	-0.308262472804484	0.806476488529182	-2.14455248447768	1.16066829904891
daai1236	-0.209414519144604	0.8094537981024	-2.08551174614811	1.35141519090802
daak1235	-0.234918960456623	0.796766306599628	-2.0470795888111	1.2375944550731
daas1238	-0.314506675236426	0.792627231407589	-2.11564690340659	1.14287841058743
dadi1250	0.15705351004568	0.707029884842137	-1.21235964116666	1.68841677622146
dagb1246	0.293717577409776	0.757168911864049	-1.11507775848394	1.99188329520496
dagi1241	-0.281982777184793	0.833584135508588	-2.15647962144277	1.22280733846853
daka1243	0.380580463659959	0.6529112651475	-0.723162900461642	1.85204111596027
damp1237	-0.191442081917942	0.806653629079734	-1.95738638860209	1.36054814964152
dana1252	-0.259708107259423	0.814279198867662	-2.14205658317256	1.21195168348429
dand1238	-0.215389561701207	0.821620099744859	-2.05510780693898	1.30354584384428
dani1285	0.315679134704695	0.823051943642678	-1.1611827468005	2.2220834965135
dara1250	-0.103953337255138	0.70460324690524	-1.59683806485322	1.25488180779868
dard1243	0.219743793223659	0.772953979911224	-1.27769501445322	1.95894796549449
darg1241	-0.106706098904511	0.791686194062907	-1.81585121812487	1.53427700488247
daur1238	0.360485392276217	0.830054331842515	-1.1112669767996	2.28421827979434
daza1242	-0.0534406498257168	0.822392512691572	-1.81931777028992	1.65251499244923
dege1246	-0.491204289379541	0.820691375617437	-2.41721365593148	0.86077167359377
dehu1237	0.0695225443957399	0.759278329955944	-1.54197874668324	1.6600517492916
dera1248	-0.601123765464607	0.793465024459239	-2.48081897725651	0.704219779239315
desa1247	0.374512468144922	0.782179603665113	-0.992466814629691	2.20799228576723
dhao1237	-0.174087968885887	0.830253707234225	-2.08267756170146	1.44909425117521
dhim1246	-0.0473642424641257	0.718532649027475	-1.56901063602673	1.3920085751322
dhuw1249	-0.0679524027895551	0.809290107599716	-1.81554786217943	1.53041637229817
dibo1245	0.27196743359463	0.814668054921409	-1.22194809161002	2.10823612357613
dido1241	0.0934529193801362	0.733343568007811	-1.35152596246381	1.70862499938896
diga1241	0.378114191370438	0.812581402927833	-1.06351926451656	2.27283692560262
digo1243	0.254752238770943	0.779432069463994	-1.20018200358169	2.03053130416248
dima1251	-0.153417474037784	0.751415183840767	-1.83783697887937	1.32940785279469
djam1255	-0.0872642083894814	0.790526005760462	-1.78705266600485	1.51951186300849
djee1236	0.124331578251919	0.812736706350084	-1.50793314685694	1.91496391716877
dobe1238	-0.0567582107039975	0.80723733074102	-1.76631036778614	1.59969159152736
dobu1241	0.587436447255546	0.756388058948292	-0.675584186855302	2.28988392902232
doma1260	-0.137548913770864	0.777227411850619	-1.84726619237827	1.39292953864996
domm1246	-0.0843923297340372	0.694783808872655	-1.54664066979093	1.31998889322945
doro1266	0.571178846462136	0.759473990562101	-0.694452072816364	2.2893713517971
dumb1241	0.272043329346555	0.784027426208172	-1.24863834658922	2.07288426371613
dumi1241	-0.248208118883038	0.706312358991046	-1.83922435324029	1.07406525458705
duru1236	-0.015069088630382	0.776889839973501	-1.66482966974866	1.59381068274644
dusn1237	-0.105431287150692	0.81898554690259	-1.86072818070962	1.5177004495109
dutc1256	-0.295708803559554	0.82272223482374	-2.14097530681453	1.22769206805713
dzao1238	-0.0862188108070283	0.823991499669097	-1.85763242792191	1.58385074859238
dzon1239	0.116963114035425	0.764373641648343	-1.40297549498117	1.78103532817519
east2328	-0.153457457918684	0.774145214041265	-1.86370045297129	1.37441023641
east2332	0.254939126574945	0.821215737343607	-1.30408218188875	2.10734808817114
east2342	-0.285950584589607	0.776943148912472	-2.02574651646285	1.15533002957248
east2443	-0.0759689258624099	0.677439412614392	-1.51822030819182	1.26235811680731
east2447	-0.0915862799991749	0.819645714990242	-1.85702666992997	1.54054163715211
east2485	-0.103641854641482	0.767355182569949	-1.78422861389001	1.40132521175206
east2516	0.252823883106482	0.712056998508994	-1.08513598804774	1.84425328162226
east2555	0.303362521708522	0.803265749355209	-1.16645309758169	2.1510841954744
east2690	-0.164256781667286	0.838084343482474	-2.05565129650294	1.46997874792177
east2694	-0.111282736165752	0.785570988749661	-1.87997059875461	1.40582909674627
east2773	-0.0915166442428619	0.676438010018763	-1.49316177167635	1.29893464249027
east2782	0.110950463276235	0.806082942845741	-1.53144442901676	1.91286035954311
egyp1253	-0.145636951673819	0.803653466148942	-1.90596328175514	1.4092439041014
eipo1242	0.0461395739730909	0.737628424019661	-1.47966612760232	1.60957226060392
ekar1243	0.226907757346628	0.780729337639684	-1.2613274368456	2.00624337419008
elem1253	-0.447115181225051	0.767692199943997	-2.20728214757519	0.851021351998137
elip1238	0.551283257175412	0.810026492838848	-0.78874000095144	2.40438907685711
emae1237	0.150497509112654	0.658405685645958	-1.1228816402863	1.55547398186588
emai1241	-0.592086359743451	0.861964087470051	-2.5951288962493	0.77412794761779
embe1260	0.11441356605196	0.736907098737897	-1.33001099189747	1.71561416672407
embe1262	0.174204354376296	0.803504592049295	-1.36911646370001	2.0186015108691
enap1235	0.15634644057742	0.796973530103727	-1.38156301493725	1.95689805366685
enuu1235	-0.227849238110522	0.807330355847053	-2.02845716751108	1.2604448790094
epen1239	-0.202978233848457	0.815240769990461	-2.0809711860776	1.3558993215787
ersu1241	-0.120571536343001	0.796898101092214	-1.94359838577512	1.4617804570867
erzy1239	-0.0841836505819989	0.814582986101207	-1.82374311299792	1.5436593686928
esee1248	0.188973650579885	0.79230671608819	-1.31224756682801	2.03406766373983
esim1238	0.404797976226729	0.672982932815753	-0.819029339291602	1.87649168934451
esto1258	-0.085223663326197	0.788808005217527	-1.77308527063218	1.5116477464269
even1259	0.285865774932809	0.816838709661386	-1.23978304028323	2.15469922496337
even1260	-0.279625239151757	0.80340272616834	-2.12234884884054	1.21328883502771
fait1240	0.0288869868060789	0.668830807201071	-1.33834649266578	1.45899751159162
fala1243	-0.243964604634624	0.802853908587408	-2.06742813222672	1.27002280128539
fare1241	0.0426726436166544	0.757433564078454	-1.52766029135183	1.5732149775576
faro1244	-0.286530335507602	0.813375769337231	-2.17508133580452	1.21453384218062
fass1245	-0.104777827992662	0.737560328268615	-1.7063156367307	1.32423806168796
fefe1239	0.657985015755322	0.810580332666143	-0.658604289005484	2.54549188773341
fiji1243	0.470372566206877	0.849582383502834	-0.980053466260543	2.49981066294509
fili1244	0.29591429783797	0.778019460193675	-1.14447754157399	2.02248504678308
finn1318	-0.0831814813057611	0.818616779816372	-1.81128027024078	1.56661256917821
fonn1241	-0.390700625234567	0.825807588665051	-2.30517609131559	1.03571319042702
fore1265	-0.0784438187624611	0.826163713584109	-1.87590876470437	1.60152190142176
fuln1247	-0.224016104538514	0.786024708799311	-2.02600654229158	1.24768567509239
furr1244	-0.0785639889491394	0.834380512508397	-1.88955545154868	1.64774533383369
futu1245	0.38693270493898	0.74802775088613	-0.932038907867535	2.09299003566858
fuyu1242	-0.0443616331004181	0.691826639357636	-1.49704715886208	1.38505881446275
gaaa1244	-0.290847260851536	0.809785182262545	-2.12136483670566	1.18316418713041
gaan1243	-0.489399272808604	0.768684951832436	-2.27275492410722	0.857690619251135
gade1242	-0.43925921057392	0.813319522737856	-2.35020246173358	0.932435123087205
gaga1249	0.265987080465076	0.819469823099845	-1.25737972082553	2.07704671485722
gahr1239	0.264727564942795	0.809839603892349	-1.26652517030879	2.09155903275357
gali1258	0.158352548087749	0.778018832047725	-1.37219687824161	1.91235472654398
gali1262	0.315812031396159	0.766496983706195	-1.06864342389257	2.07435057118619
galo1242	0.0874032616430096	0.741733921759176	-1.46373334331806	1.69898609650311
gami1243	0.44989960415448	0.874160990413771	-1.03051399879981	2.52830830961774
gamo1243	-0.0102774599232993	0.769056859907606	-1.57567205526008	1.60145040374201
gang1266	-0.432639672853488	0.771387068404872	-2.22361939497593	0.895033859430303
gant1244	0.374509722913216	0.718082860256615	-0.890196007132098	2.01709251780238
gapa1238	0.630842062934992	0.778477491446469	-0.600676048341465	2.42851909417065
garo1247	0.086337747749776	0.733517645337884	-1.38015329556536	1.63446000896925
gata1239	0.0574251950512488	0.751657212728508	-1.49421165946096	1.58650033772723
gayo1244	-0.05969762406165	0.816479075649495	-1.80479150176851	1.67915855723389
geba1237	-0.273384990821517	0.818608779497917	-2.16926973626457	1.23412611489994
geda1237	0.191671538881801	0.665611028265907	-1.0499506272675	1.63703778378257
gela1263	-0.0722850075332403	0.750859115205762	-1.63098556817612	1.45890008675666
ghad1239	-0.127399041482183	0.821680915858153	-1.95000819623085	1.50927242760912
ghan1242	-0.343038485500615	0.79670588601046	-2.22158825849715	1.05323910478822
ghar1239	-0.179451220993529	0.772676194992819	-1.87367018964492	1.31384094701227
gheg1238	-0.0365511139695297	0.766836569868234	-1.64844432809155	1.52753803425569
ghom1257	-0.189054464973323	0.830733798426495	-2.09374506265786	1.35065764211218
gilb1244	-0.0577163306840335	0.816093986478159	-1.80573400725946	1.60002127344208
gily1242	-0.118564599823259	0.798071526806938	-1.82827440384544	1.45972342171039
gira1247	0.181722216133978	0.670734282233621	-1.07201931220932	1.65976753976456
giry1241	0.220242343412306	0.785824029935183	-1.27166881344111	1.9920689724108
glav1244	-0.569756691972682	0.783883274168875	-2.38155336970372	0.743244050152411
gofa1235	0.155084605061387	0.783924661218742	-1.35109518743313	1.87640442436868
gola1255	0.286888916971187	0.791704362098624	-1.14749029668843	2.13069069412007
guah1255	-0.220990039602852	0.824373694329909	-2.07650562023115	1.34592997313768
guam1248	0.0600496249895229	0.75765186081934	-1.4816240973307	1.65026261266033
guan1266	-0.267835268149475	0.817547953168541	-2.0920687354578	1.27661900198115
guan1269	0.205250768693492	0.752944644976896	-1.24785253772375	1.89199818118909
gube1234	-0.257597304861321	0.815087806134714	-2.09536614305498	1.27115506426289
gude1246	-0.454799768809546	0.718406697361692	-2.04405219256615	0.807415091388722
guer1241	0.221862624944247	0.742671609506912	-1.17051606834255	1.88890443707535
guer1243	-0.067240872068116	0.736404950542655	-1.653864247117	1.44258536303414
guhu1244	-0.116109362202902	0.715819490642793	-1.60959120236255	1.33375663676072
gulf1241	-0.185464060942377	0.799186125864042	-1.99634086715305	1.32661603800964
guma1254	0.525451865657781	0.738064979088425	-0.734514677192309	2.18912252897924
gumu1244	0.208653997294898	0.811246357342299	-1.35645200774351	1.99346831009112
guny1241	0.534524663552254	0.871281920387727	-0.889462436223754	2.5243734838974
guru1261	-0.202907084083066	0.674878157552801	-1.6939269974343	1.10214676002148
guru1271	-0.150476141216414	0.727976184349528	-1.75399198334694	1.27559736751075
gusi1247	0.607151639548942	0.862795009759713	-0.737108673945901	2.67500800873021
gwen1239	0.340927771740781	0.811720797779293	-1.13357446404558	2.2296504472398
gyel1242	0.352929086047243	0.829493605047878	-1.14421517140825	2.26878530966567
haaa1252	0.0791383476277273	0.784194200250276	-1.50772457075795	1.76312416972681
hadi1240	0.0628529196445709	0.735433568753316	-1.46010318119458	1.57290603292827
hadz1240	0.182987149543391	0.808996357654767	-1.37789889092913	1.93764430116797
haka1240	-0.309972348534577	0.795095299154355	-2.08742284813272	1.16261101398244
hakk1236	-0.0959973493728969	0.814426620168303	-1.8283846690849	1.50901117152989
halh1238	-0.238445538765711	0.792647475923634	-2.00960865722373	1.21262921483593
hali1244	-0.324254788394566	0.797099533590024	-2.11665994546601	1.04979062491865
halk1245	-0.193494139149793	0.811141906332201	-2.01316114409364	1.35516830904672
hame1242	-0.413367880723206	0.808810576385116	-2.28874954417242	0.986000693698982
hang1263	-0.21981480585695	0.767431790603672	-1.94142976095175	1.18886410907518
hani1248	-0.196013133120192	0.803136002530817	-1.98409882644844	1.35384939746108
hano1246	0.0686912516500138	0.672737660698933	-1.28839969375112	1.50963529957715
haro1237	-0.117866857018635	0.816789468416021	-1.9485629016818	1.49139557951413
haru1245	0.439952017869114	0.738535023081033	-0.800619897772444	2.11113128697373
hawa1245	-0.07439405715038	0.834119202408231	-1.91574332096949	1.62807266285865
hebr1245	-0.189638153162465	0.835244402067642	-2.05180405283076	1.41238417215097
hela1238	-0.0643155749118606	0.678324612526214	-1.53237233284218	1.33749288837094
here1253	0.119255750917672	0.808267721664624	-1.46820563705127	1.93950699051537
high1243	0.369450396416255	0.719315746713488	-0.934348882283389	2.01158612554779
high1278	0.445117647794985	0.743077834731432	-0.822730873688577	2.17344637937012
hind1269	0.248519580188131	0.777760722262714	-1.21290623588184	1.99635859726024
hixk1239	0.198429235099139	0.821823498941217	-1.41086588885756	2.03051624821134
hoaa1235	0.296274022423417	0.835467489225422	-1.25429767410843	2.19972985642258
hoav1238	-0.404791429666106	0.786660695395644	-2.22036972056775	0.924678138940861
hone1235	-0.467307373219106	0.764727068298777	-2.23553759027344	0.808082256656064
honi1244	-0.196949910683864	0.80788264026283	-2.01415039256686	1.32463529484089
hooo1248	-0.0612465895148148	0.783112326447983	-1.78871064131956	1.54469693363576
hopi1249	-0.353101446101368	0.819925702417887	-2.20892201532701	1.07684275799259
horp1239	-0.243321371451101	0.820848296096998	-2.11540735964314	1.3309140302816
hual1241	-0.118013416216331	0.775688023602683	-1.84915727173164	1.40622050402923
huam1247	0.257151085176187	0.820472203461626	-1.26465392561239	2.15572069160394
huar1255	0.226119531281948	0.780655129891922	-1.24711246579022	1.91561397171573
huba1236	-0.446026622423756	0.736152278755573	-2.10935516893465	0.845027511966293
hula1239	0.676160785070291	0.809716029425754	-0.583348859995122	2.54630889738361
hula1244	-0.137600635454687	0.77557320969086	-1.8120266076742	1.40562461988065
huli1244	-0.0104647459732887	0.716083716762417	-1.51535200834465	1.44859189826343
humb1243	-0.230732993831196	0.825205166300273	-2.11439580291329	1.32049308627672
hung1274	-0.0766869483188082	0.790534357749562	-1.81302387225394	1.56368282784003
hung1275	0.0129880203330462	0.812124456876195	-1.70680435966377	1.71034587795005
hunz1247	0.0569379552087634	0.745423427521564	-1.42152404024058	1.71195465276605
hupd1244	0.400805700344155	0.801498734345573	-0.986838070212548	2.23749246911533
huuu1240	-0.282217164631779	0.80300611310997	-2.12256509272209	1.19896002247755
hyam1245	-0.125051196943284	0.74991599434077	-1.71920658355823	1.38362195745359
iaai1238	0.0964090675042745	0.75432847354426	-1.44095490801095	1.69479217038277
iatm1242	-0.0251681332046318	0.734694892262064	-1.57357605215994	1.46196304525595
ibal1244	0.207523780738851	0.677537550716257	-1.12947632419264	1.67586555915145
iban1264	0.134669706527655	0.823758312951456	-1.48912997289861	1.92219295241923
iban1267	0.52544552570473	0.787633737716879	-0.782937595776891	2.30560951630805
ibat1238	0.00875515839012245	0.782007512872998	-1.66927028788285	1.68688623684188
ibib1240	-0.102795886658393	0.721055722267918	-1.64385610605905	1.28294630893703
idom1241	-0.4915288527284	0.863989092536646	-2.53414919019899	0.958131329894347
idum1241	0.389411212886647	0.816477654669221	-1.04631284761636	2.24036649156932
idun1242	0.690113792398744	0.766032531723249	-0.503818461847891	2.4284411506671
ikkk1242	0.160773390383522	0.824361696622422	-1.47734950212284	2.00074476625968
iliu1237	-0.229206565729321	0.817026983438581	-2.03544279495606	1.3103171971604
ilon1239	0.299758814766536	0.697169950020198	-0.993168401466569	1.8841343921764
imba1240	-0.587615617049581	0.86090982573849	-2.60954881776595	0.770353772621516
ingr1248	-0.0487167308461203	0.813341560499812	-1.80090529120671	1.62855898600934
ingu1240	0.0301512571892804	0.788866947975249	-1.56370345349513	1.7047492803606
iqui1243	0.367698061066786	0.82640740461222	-1.0917280024107	2.3280280305561
iran1262	-0.139324361032545	0.806202755666763	-1.90515011821867	1.45216313005268
irar1238	-0.15943719792315	0.804026505610633	-1.98171630034246	1.44267232980176
iray1237	-0.161377772085928	0.824483929507771	-1.99999634534233	1.45021369188686
iris1253	-0.324111324097891	0.816713564676219	-2.15958018165202	1.17916982569594
irul1243	-0.13471558861065	0.814799807645095	-1.92431045553617	1.48063074728861
isco1239	0.198854646475747	0.806678010911137	-1.3305744168742	2.00795259421804
isin1239	0.202124713619188	0.662619568889008	-1.06658589270729	1.62660719233021
isir1237	0.324240981529454	0.805067079599754	-1.12699603614185	2.1764274404232
isna1241	0.160543756908255	0.757027558275913	-1.37878448792759	1.75938576490432
isth1240	0.219688047308256	0.72939326010685	-1.17919075518007	1.8446098893282
isth1241	0.313190573008151	0.731870151686712	-1.03036357497288	2.00090576227557
isth1242	0.305414057123677	0.727342216043674	-1.03556080678893	1.95952934448954
ital1282	0.175792670630951	0.804199611590372	-1.38445808497997	1.99234597399337
iton1250	-0.322874183434265	0.795678874050649	-2.14164943101669	1.11350994133395
itza1241	0.207285196875942	0.791914834739719	-1.29543748084978	1.99581753984899
ivat1242	-0.120759296868747	0.836744433276542	-1.97209635057461	1.53848227769993
iwam1256	0.204240241752639	0.740159315162626	-1.1943279973039	1.83045727792471
iyoo1238	-0.166263244451514	0.651114112303313	-1.58347455542261	1.11630379265878
jahh1242	-0.152767612034599	0.81782952579333	-1.91968025629818	1.4290155916342
jalk1242	-0.227887829562295	0.704735188101176	-1.78394130540106	1.13873400661415
jama1261	0.0189459631915035	0.764986330032738	-1.52269450123143	1.64395737024383
jamb1236	-0.045348407656821	0.802966760921562	-1.80518162459711	1.58651597449483
jams1239	-0.393563134900925	0.851805344973174	-2.37199350744675	1.08383074221353
japh1234	-0.274057445574172	0.799315576956074	-2.08660931946598	1.20716530129213
jaqa1244	0.190014826514377	0.802273613564322	-1.34367219570212	1.9410100964101
jara1266	-0.160485984910252	0.800965637788462	-1.98475087009418	1.41953654508601
jeha1242	-0.138147324316476	0.809673831680259	-1.88646652889809	1.4542161324184
jehh1245	-0.13549400743342	0.799252954831686	-1.88069223101507	1.38834713673498
jenn1240	-0.183609541120059	0.780556246385495	-1.91928188542956	1.3045528838382
jeru1240	-0.278683072400792	0.699066847697915	-1.8506817255996	1.04075712495853
jina1244	-0.53396746926441	0.809909833801479	-2.37742185166766	0.822489814672072
jita1239	0.431185188251708	0.834191507461911	-0.957382189964129	2.32723917263913
juan1238	-0.200456415798514	0.777510632474282	-1.94489334229843	1.31759496590755
juku1254	0.183529158413324	0.658366463426336	-1.13733322888823	1.56796873762981
kaba1278	0.147100765349091	0.804067589889462	-1.43185217256952	1.96081931558421
kaba1281	-0.290697580000768	0.830232761476315	-2.19319971401233	1.25251375327262
kach1280	-0.170552174251457	0.809041626422059	-1.97710730180383	1.45169750371603
kach1284	0.0146401915321571	0.768171680905985	-1.61626675061524	1.60176663377186
kada1242	-0.151179243512638	0.769179942823438	-1.85102475341155	1.33716119146195
kado1242	-0.292627353050204	0.802924335311217	-2.15317759603386	1.18072898386776
kafa1242	0.157057317047214	0.760213116622365	-1.34011564789072	1.82976156605551
kaga1256	-0.19991519451909	0.80219471491015	-2.00024885490018	1.30936829859761
kagu1239	-0.254240103448463	0.772456032828996	-1.91990526853562	1.16420528892791
kaik1246	-0.0862145160310516	0.754413328716849	-1.73076394014907	1.43402940541568
kaki1249	0.151944063971537	0.728686227948423	-1.26411930862198	1.7596700024485
kala1388	0.179491349033853	0.735985943028105	-1.25017784967407	1.8130362134239
kala1399	0.262991605359467	0.806548348637198	-1.22734160462587	2.14917779835879
kali1308	-0.257980520597624	0.832633812782552	-2.13875357159506	1.31782940756373
kalm1243	-0.205864823971342	0.800843277795172	-2.01106702771775	1.33062396174997
kama1370	-0.240069598532209	0.674885064962627	-1.67940398136512	1.05715774949453
kamb1297	0.192389659094419	0.83025268180316	-1.46713593390066	2.08533373492446
kamb1299	-0.185188380535793	0.808156866294838	-2.02744215200316	1.35617740622565
kamm1249	-0.315630010838692	0.764376810415199	-2.07872299196328	1.06986238491427
kamu1260	0.0978391599093519	0.777389329890656	-1.49529765486575	1.82638888169713
kana1286	-0.333715238866356	0.81138709659504	-2.18458179678988	1.12089864195907
kana1291	0.19519865458908	0.827364881971602	-1.37766179006443	2.07335901904353
kani1286	-0.174730585769636	0.682172094206383	-1.64639935750729	1.17388590029927
kank1243	0.45122217153224	0.725318211998471	-0.767835787084072	2.11336982001934
kaon1241	0.132396222311468	0.790025259464604	-1.43597381570395	1.89567960343148
kara1486	0.121301990205351	0.729428905310247	-1.35001578895653	1.68053147397294
kara1487	0.309280421501977	0.672277188032118	-0.902387985979049	1.80167331076767
kara1500	-0.317775146117775	0.816234870632332	-2.14142530925789	1.24203978072805
karb1241	0.0087785179704466	0.747662503352522	-1.57987931157016	1.56562086295302
kare1335	-0.0917163890953362	0.804259852962062	-1.88943588394491	1.48504163676144
kare1338	-0.363341021265167	0.800452144901704	-2.22017523463074	1.03228983012458
kari1311	-0.341912252367725	0.792541915285952	-2.196935344056	1.04530037271959
kark1258	0.211638354181712	0.745678987130642	-1.20960013016697	1.88937655604062
karn1252	-0.245235842362255	0.740521845153984	-1.90600389527751	1.16277587924635
karo1304	0.255891466084156	0.819218745404085	-1.30033643118116	2.10705574141557
kash1277	0.418016050505214	0.808007567966952	-0.926805769560465	2.30539538621002
kask1239	-0.121738088458148	0.825186687935559	-1.93442167058817	1.54626798880126
katb1237	0.00939112215500019	0.591145926595147	-1.21360927338468	1.25184830014329
kats1235	0.0843802843108504	0.756874185035574	-1.44323731337237	1.72772285394628
kava1241	-0.254084260938471	0.819909242541785	-2.11784420415343	1.25135027638993
kaya1315	-0.291975332867688	0.795348503335678	-2.12671210187853	1.17967775678995
keap1239	0.76409426886867	0.85375309530176	-0.55368648959639	2.71481146293216
keda1252	-0.290687232005111	0.806122987494574	-2.16302015112857	1.16930477795228
keig1242	-0.24747421699347	0.822066850717545	-2.11745185660092	1.27103098755918
kele1258	0.183382556625747	0.754945599197651	-1.30813319656432	1.80185530819036
kele1259	0.399987076916444	0.694190163264941	-0.809304760618065	1.98262539093604
kemb1249	-0.101422322324326	0.813862955166466	-1.91167298086507	1.48272769813922
keme1240	0.603561135017271	0.704568241864756	-0.560272435200589	2.20558867403426
kens1248	-0.134309862256451	0.803434618718785	-1.90889761254238	1.48202856367192
kenu1236	-0.0877395943167129	0.837723490701748	-1.89218199087466	1.62859946676686
keoo1238	-0.230437427060562	0.809926196588535	-2.1060393249622	1.29263902750306
kera1255	-0.217280981179003	0.748041618061522	-1.79669286036228	1.2895922000976
kesa1244	-0.112365610006546	0.660328433715316	-1.50399829627718	1.22114200379893
kett1243	-0.0659912308070219	0.821868998894809	-1.81611081024788	1.57758820624224
khak1248	0.0585210943582275	0.780062388958627	-1.50077486588231	1.73604352475157
khal1275	-0.120333662328435	0.709072190310227	-1.64751088843086	1.32312839655644
kham1282	-0.0467727133037393	0.817067563301856	-1.79742646018709	1.64136386846526
khan1274	-0.151274441924909	0.807502259984021	-1.90558680494526	1.43556897100884
khan1277	-0.168331580612985	0.711848549240109	-1.76055988942938	1.18509461112292
khan1278	-0.377622779150105	0.742462793354025	-2.08296702349697	0.929900003376426
khar1287	-0.195905792714415	0.819459256790798	-1.98042542040038	1.32141014195759
khar1288	-0.331570830389302	0.743182294186526	-2.0367690244187	0.968356233384279
khas1269	0.00822407047594897	0.775689253511024	-1.62456969918641	1.63868750367463
khez1235	-0.183941484151388	0.718515115042424	-1.7982981871103	1.17144416156583
khin1240	0.425323779877187	0.795154045702483	-0.947545012324484	2.2852922802253
khmu1256	-0.19112831928155	0.819995825173225	-2.03820786960531	1.39961328611214
khum1248	-0.319497678455591	0.795453945905423	-2.10599133206269	1.14596386796041
khva1239	0.113691450171053	0.74814740865802	-1.32632151531336	1.79385195728353
kich1262	-0.014065030523273	0.75867157716208	-1.62076442143184	1.58654629963723
kile1243	0.284103537044276	0.820779078475243	-1.18998422124479	2.13778253758581
kili1267	0.244192197224648	0.750438237554008	-1.21123412128216	1.85691080231276
kima1244	0.156572236364401	0.736720165074815	-1.284331551995	1.73170756665958
kimm1245	-0.147847721989168	0.845243120068377	-1.97072845290168	1.48906426068291
kina1250	-0.0595746236935959	0.814915197999847	-1.75827114242094	1.57488732147303
kinn1249	0.521604034165099	0.86395354713273	-0.913978617244087	2.52568790712239
kiow1266	-0.238881767523184	0.825915890066759	-2.10111849347696	1.31321841876886
kips1239	0.584663471526257	0.864852948459314	-0.780959689425509	2.60080570205741
koda1255	0.0831485405087094	0.798573972479742	-1.5482664536415	1.78951614118906
koho1244	-0.127865771491647	0.813302724893813	-1.91415178192125	1.45589797527633
koir1240	-0.330799156766597	0.739361203248004	-2.01064865037524	0.985024897786524
koit1244	0.0772036951661652	0.714326352326771	-1.35099651132508	1.55973484453602
koka1244	-0.0543449697783402	0.821761271790928	-1.84249419756597	1.64389260769043
koko1269	-0.16510473909453	0.783197658697083	-1.87271438986975	1.38438617608716
kola1285	-0.0408796676671855	0.81080007710199	-1.7678336960356	1.6192129019577
kolb1240	-0.425506256407923	0.823478210879946	-2.36195645834097	1.01446036654126
kolc1235	0.453009862146443	0.850773033806846	-0.991028699880179	2.46775944260332
kolu1245	0.664430646698728	0.748083305369561	-0.52273781230512	2.38713293692644
komb1274	-0.130973791780336	0.771484719957533	-1.7781197229932	1.38767544224049
komc1235	0.762664192828686	0.743563883089171	-0.392008373450398	2.44478419166688
komi1268	-0.0757482293301694	0.821795513934783	-1.88569020351717	1.62156859379992
komi1270	-0.388297831249022	0.787543643396216	-2.19343829343285	1.01178126694578
komo1260	0.178556596620535	0.838805613788748	-1.38367038452761	2.06492572950409
kona1242	0.16437901304541	0.715806069995422	-1.21233454809892	1.74557272760449
konk1267	-0.240070242705697	0.804130684768874	-2.03870457622263	1.27380364671466
kony1248	0.092758842274554	0.709212254965486	-1.28822449838004	1.63722531947492
konz1239	0.39915665355709	0.812596901566423	-0.984926205725264	2.30835905398084
koon1245	0.358633768282312	0.822558484407049	-1.07924746341795	2.25477357491367
koor1239	0.00352737959683615	0.772047233359444	-1.57650434795709	1.59926256181248
kore1280	0.22841006454675	0.826375807434912	-1.338695975633	2.12650782302662
kork1243	-0.123106329379452	0.80647110368846	-1.94168470110699	1.53630718515304
koro1298	-0.400922525124959	0.813912015886918	-2.28877096668305	0.976836974912908
kosa1249	0.0944447835445489	0.74101883372161	-1.37685276575916	1.69595574727138
kosr1238	0.452408185502764	0.823895311231209	-0.942142289404967	2.35381242944886
kota1263	-0.211501171554644	0.792947709631023	-1.97159563648502	1.30519277623317
koti1238	0.0143145749254072	0.770916546642737	-1.61535118403045	1.66514164447817
kove1237	0.12759575093612	0.724635993297213	-1.27517689524191	1.67812384196029
koya1251	-0.204045479278402	0.784376906601565	-1.98278078654634	1.26865611515607
koyr1240	-0.11632590536282	0.828746477203083	-1.9334479635232	1.54009722956057
koys1242	0.752803842315071	0.893034847757359	-0.602708842800434	2.88231455125595
kryt1240	0.428767721483285	0.794083133786905	-0.962279509341075	2.29534821826105
kuan1247	-0.152518651194595	0.762933470045479	-1.78285812226308	1.3724790104169
kuan1248	0.161966411174029	0.680512308097654	-1.19912470607594	1.60421795042595
kuii1252	0.440326161295042	0.768827430495643	-0.909009819244503	2.19744433431336
kuik1246	-0.736747851868906	0.889657375071884	-2.85046976318064	0.598167472718466
kuku1273	-0.136106686022003	0.835260083276799	-2.00572772102599	1.45830574232225
kulu1253	-0.143422396245041	0.718589190211774	-1.67993059913447	1.30242992138798
kuma1276	0.318144270756184	0.746406407280293	-1.05615058211747	1.96603898372793
kuma1280	-0.0752585729395918	0.683566980925386	-1.51158625912331	1.30423010804459
kumb1268	-0.0808297854196401	0.802335728000448	-1.78991898693085	1.54268578116439
kumz1235	-0.277120844447272	0.78928208427627	-2.09639212389904	1.21438394418917
kuna1268	-0.0266268192189639	0.823629805305866	-1.79153561100583	1.65133682475723
kunb1251	0.0283503927070114	0.794267040833927	-1.62377948204111	1.71007344527967
kuni1267	-0.15548190494986	0.703805805758804	-1.64977631134555	1.27332118941587
kurr1243	-0.191439310058749	0.807341414085649	-1.97349333463434	1.38277561015544
kusa1251	-0.410722901940049	0.784630746323111	-2.27503045672146	0.92299066588291
kusu1250	-0.0580034556081097	0.747314373308989	-1.64094527647882	1.45198383286957
kute1248	0.200698938157462	0.668697128271513	-1.10995311569082	1.59450312423015
kute1249	-0.321446869380953	0.826158911648747	-2.15439611332284	1.19326142641686
kuvi1243	0.351889316335442	0.755174598744763	-1.02246943174986	2.04090882149422
kuyy1240	-0.0373530040452782	0.79890066173825	-1.7624570376638	1.60941909756974
kwai1243	0.057147847280497	0.72564960029456	-1.43261149564472	1.56051445142101
kwam1249	-0.157336215839181	0.853231624557474	-2.0055753033335	1.52448663170088
kwam1252	0.637932258084439	0.770392467122029	-0.592396220579492	2.38619957628046
kwar1239	0.118452833527593	0.727324617204649	-1.33050658573852	1.70400881618325
kwaz1243	0.0750915658023885	0.785364550874732	-1.47266692547336	1.78460254002426
kweg1241	-0.364549446070719	0.807097441553584	-2.19021804222146	1.05649700701491
kwin1241	-0.106960331032494	0.809228120586252	-1.8751685518928	1.50756638678593
kwom1262	-0.166564624860087	0.751016248720118	-1.84435027170999	1.27478378790606
kxoe1243	0.0783606748981606	0.831567811887392	-1.61332077059923	1.9078248955123
kyer1238	-0.0542945382342813	0.68213156821921	-1.54150574354021	1.28566788664884
laal1242	-0.153735993281727	0.836443749452734	-2.07092873142252	1.46238942457403
labo1244	0.0158665385946672	0.615681595906334	-1.23708945928184	1.29444799884199
labu1248	-0.309502727414234	0.705849693893154	-1.9056465687695	0.995987656568076
lach1248	-0.15472779501938	0.82944111119823	-1.95599407501095	1.50015904098417
lagw1237	-0.517157778758889	0.814853285324402	-2.39523832487044	0.872720309436269
lahu1253	-0.292258483208755	0.803238426101163	-2.12980538887814	1.20332502011555
lakk1252	0.00073081310882182	0.767611549796292	-1.59449106712164	1.57442496146204
lala1264	0.125232784367452	0.813749321912118	-1.48352509339982	1.94116120277028
lala1268	-0.0853786087616242	0.702137653065767	-1.58905790974731	1.31889876828511
lama1277	-0.259909091234554	0.804833134478575	-2.07114944434882	1.22213611446672
lama1288	-0.535901685497854	0.769828034082927	-2.26896446835361	0.787435188849183
lamb1269	0.162871785855581	0.794270819850173	-1.38726655035616	1.92794207110436
lamb1272	-0.114555014381523	0.764424504091406	-1.72432815497083	1.44120553642565
lamb1273	-0.127630866670633	0.838349508724731	-1.92612981738026	1.51775892709036
lame1260	0.307498151676978	0.64323690221937	-0.820802118898999	1.73115306711542
lamk1238	-0.413968584247684	0.786391422566582	-2.19764925235295	0.966043527478934
lang1320	0.285332581928756	0.728514911536456	-1.05502764472092	1.98733008672119
lara1258	-0.0940905054648897	0.823442879545642	-1.88613870082293	1.55860191824036
lash1243	-0.140484725795785	0.812974712459466	-1.93746219137548	1.39948052408683
latv1249	0.205049744168764	0.785980423014238	-1.3279667429356	1.93818769917346
lauu1247	0.212987081714002	0.760368993477547	-1.23641532768906	1.89515661012051
lave1248	-0.0614870705028456	0.777664498120669	-1.72959597189596	1.49821009650833
lavu1241	-0.225754107240512	0.786810866700132	-2.01702058088396	1.28618967260957
lazz1240	-0.213971904256961	0.81686763902059	-2.0685475492507	1.29741355268719
lega1249	-0.0531485368174425	0.786861885132863	-1.70708080894635	1.58908410699155
lega1250	-0.36480803094286	0.804735278508039	-2.25712732447026	1.02694096149912
lele1267	0.102500868961537	0.703903383544903	-1.33436975570641	1.5876851947223
lele1270	0.185173633075182	0.737795564646835	-1.25042957743452	1.7906797021572
lele1276	-0.322680924118729	0.783558268944174	-2.06583245686165	1.08350316628942
lemb1266	0.36690439842281	0.741626361731429	-0.942345700674267	2.04409359230234
leme1238	0.122675218399747	0.713933423718143	-1.31629060017305	1.63895739243413
lena1238	0.664631664304046	0.780644125914668	-0.565283846563671	2.45528832712867
lend1245	0.137336248299982	0.770570343399541	-1.38180043074162	1.80697396737841
leng1259	-0.155227240579527	0.75095224054178	-1.76963858389926	1.28490208704593
lepc1244	0.0148951143141734	0.73648824635718	-1.50000568666111	1.57325064290791
lese1243	0.521000080780872	0.829491955869196	-0.852313977690116	2.50825595893645
leti1246	-0.207321334615329	0.810761310102335	-2.0907510828929	1.33233841651374
lewo1242	0.23762108187551	0.644160673966361	-0.986912366160176	1.65730855070497
lewo1244	-0.253207140576266	0.815105955036292	-2.08036901252227	1.2598041929792
lezg1247	0.224960466458076	0.767529109119114	-1.22829395249898	1.9584440464946
lian1251	-0.304160613046123	0.756679201361764	-2.00237315058633	1.06034778309563
libi1244	0.481969089319112	0.84379549051346	-0.921762360397759	2.49762651386396
liby1240	-0.12430031541456	0.822047980684267	-1.91733797814263	1.51870941459219
lihi1237	0.711679857098959	0.851318903279574	-0.608319634855723	2.73971870642496
liji1238	-0.281147703753784	0.767699805439019	-1.99149030601247	1.15937372836845
lill1248	-0.203725721769005	0.815170436731971	-2.07155552133607	1.29290494889205
limb1266	0.0003321694512344	0.716872662144375	-1.48317693928787	1.52681130245363
limo1248	0.394213074181308	0.7638821006279	-0.955582339626976	2.13833714843811
ling1265	-0.000940306098192693	0.586641113259635	-1.2048541701271	1.19972036904169
lipo1242	0.0548133503507196	0.804505989612336	-1.59195053813444	1.76661049558797
lish1245	0.788066068865283	0.906620548228084	-0.547352747609654	3.04199445530094
lisu1250	-0.0452268772632964	0.803908581478338	-1.78516312515682	1.5531709474483
lith1251	0.195921011997289	0.790532860872979	-1.33035687612052	1.99119743846549
litz1237	-0.0844905453121507	0.593016718538943	-1.33097564359989	1.08617899107737
livv1243	-0.0635648425037772	0.802893248818816	-1.81211502037464	1.51319592379641
logo1259	0.408386684575759	0.814235791501097	-1.03697570153101	2.28806788475806
loka1252	-0.218483111305664	0.782591186113565	-1.96831559364883	1.26767171265819
lolo1259	0.0898807116617295	0.802806031582202	-1.51217213390859	1.84928614762652
lomb1257	0.247522320883709	0.821995245857477	-1.24881823781658	2.15395699832594
long1395	-0.160208758847639	0.75143981058881	-1.8000698507415	1.31090189075689
loni1238	0.201424220277654	0.740471892511921	-1.22305260512876	1.84688986431964
lonw1238	0.377466964197622	0.65597133054243	-0.73264850521033	1.8631463454916
lote1237	-0.067170319671074	0.777255212010515	-1.71783560897995	1.46451088562641
loth1237	-0.00981869405774986	0.712357323405412	-1.50547749703824	1.42272479404071
lotu1250	-0.110304052260892	0.762976363843054	-1.7661757185255	1.42918531922203
louu1245	0.280645740163203	0.766941272855863	-1.13770573051649	1.98457100754624
lowe1412	0.481934588754845	0.756721933008984	-0.779902123955693	2.23555439471295
lowl1260	-0.338241028283362	0.772635309860251	-2.12246523915506	1.04661481491941
lozi1239	-0.293238594743413	0.811467250431158	-2.14533634103516	1.19533030675206
luan1263	-0.198484656388454	0.806073296867435	-2.02722022427175	1.31861820010571
ludi1246	0.069201260652556	0.795396722606655	-1.57751606414302	1.72705206785345
lugu1238	-0.190760508520105	0.761125043945056	-1.8607700332163	1.29984746145761
lule1254	-0.0223198242341237	0.833753740675762	-1.84013433329115	1.71675741568066
lumb1249	0.154850612595343	0.781257790930193	-1.3796532784671	1.91652162786344
lumu1239	-0.299359440122377	0.833860740952536	-2.23808195046524	1.17645349804117
lund1271	-0.115604073665479	0.781790098671842	-1.84229562196876	1.43326733468303
luok1236	0.605157489298552	0.850558993232815	-0.734293942904032	2.61763416262519
lush1249	-0.283304014161277	0.80124717903109	-2.0930323649723	1.20623892513394
lush1252	-0.146485165449251	0.810593283583181	-1.89097540976487	1.4939259572631
lusi1240	-0.0153368246148781	0.713225991481059	-1.49461813175799	1.47433911533604
luva1239	0.115757552807162	0.801211702212228	-1.42954644374283	1.88672058905899
maan1238	-0.0384393434102336	0.804155722383939	-1.73809873713755	1.60623990063632
mace1250	0.195076681310195	0.766127025907819	-1.29665467202828	1.88117829060338
macu1260	0.410255863520816	0.85395010815356	-1.04281009560212	2.41792914294423
mada1285	0.587980592053438	0.773616437217297	-0.670109111034235	2.38230175999308
madi1260	-0.0700154654932511	0.76044402015468	-1.69650777169222	1.51383659930926
madn1237	-0.0338103727429612	0.753543909633971	-1.65647100925305	1.55317637219729
maee1241	-0.205104220830184	0.616275089966101	-1.58184478707248	0.965744049303682
mafe1237	-0.309870317937864	0.682118514819303	-1.84615991479803	0.961279296327288
maga1260	-0.353552376511028	0.784400482480328	-2.13283784213952	1.07409980275056
magd1235	0.105836129174383	0.737529177442127	-1.38615453869684	1.66520115202555
magu1243	0.124141274814995	0.734792573045962	-1.36526488424066	1.68771207990699
maib1239	-0.321546887527748	0.832671052226806	-2.23291635173466	1.18267334640441
mail1248	0.624599824708679	0.836423637516769	-0.752585999021683	2.57248592937585
mais1250	0.50949674281733	0.756261268143388	-0.77736832362384	2.22744393887188
mait1250	-0.389626689011912	0.763881560052471	-2.13897796460235	0.964585053060859
maja1242	0.32366629564378	0.827214674124261	-1.14577290556939	2.25327095332583
maka1304	0.442072054236776	0.814171645617721	-0.977357491422619	2.39070307103552
makc1235	-0.0532895167024959	0.826739550774757	-1.76013673781228	1.65244530515669
makh1264	-0.373800106880643	0.782422729757769	-2.14671528161603	1.00539546654857
makh1266	0.0545100879347954	0.758156190049086	-1.49612687212868	1.70096061584246
mako1251	0.172244459847646	0.820976995349262	-1.39538724820806	1.97720387940879
mala1463	0.118402982633762	0.781099962564072	-1.44290424586527	1.82577542531556
mala1464	0.295176446241212	0.806220351648765	-1.19542580385766	2.16211648795051
mala1522	0.327652638712849	0.813423258438236	-1.14603795349852	2.2193166567512
male1284	-0.168572220011081	0.761305634556673	-1.85011442251665	1.34462748305924
male1289	-0.202042228767916	0.725847237205511	-1.81899288190113	1.18976049327181
malo1243	-0.312936700438359	0.660925934143061	-1.76716045935997	0.897322838072242
malt1254	0.430600323874361	0.843346120440278	-1.00964571211988	2.41456850901501
malu1245	-0.24114494928631	0.631609206932523	-1.64249810655434	0.912359230730631
mama1275	-0.00745457826796036	0.806551071478869	-1.7199754984919	1.61767365358287
mamb1294	-0.471339709824473	0.748099599083363	-2.20024579139633	0.840860200891145
mamb1306	-0.192437909338088	0.818161445117823	-1.97714232119194	1.35381578733466
mamm1241	0.0916587901623705	0.752279475487658	-1.41172442234564	1.73811126809552
mamv1243	0.173115229879962	0.779801225042249	-1.33954725458891	1.84973140766674
mana1288	-0.095757251970751	0.73807976578735	-1.73950185599718	1.36154247426618
mana1295	0.309186523956265	0.712654618086678	-0.989913783515388	1.90859336012263
mana1298	-0.138565600823696	0.763692704340073	-1.84246868191449	1.33554839976065
mand1415	-0.0536544643384034	0.831226327682057	-1.84972831350469	1.64223941207214
mand1440	0.443795321723829	0.785536878794203	-0.936409492454849	2.22160338759959
mang1378	-0.22371207806491	0.785792610746801	-1.99498512281549	1.27218715019555
mang1381	-0.223357176006314	0.813456145614461	-2.08214829792463	1.29927052497101
mang1394	0.292258415847155	0.794819848840467	-1.14098902872977	2.11779195905608
mang1401	-0.0720461747301862	0.786924440959319	-1.77786223361816	1.49471517117504
mang1403	-0.04020402231732	0.778610515799235	-1.71615818859549	1.51172779286224
mang1404	-0.321034690722781	0.706473293634739	-1.88412941319661	1.00566726674501
mang1405	-0.201643614979425	0.803937410758441	-2.01081063519028	1.34777966705198
mans1262	0.11924964695654	0.791030973590672	-1.47773447636367	1.82169608839716
manu1258	-0.176366063010737	0.811127364944622	-2.05598093275537	1.34498099484564
maor1246	-0.0702325702180558	0.785643597779342	-1.79631189329842	1.53988693827793
mapo1242	-0.324028541075947	0.708384701372725	-1.86624328803236	1.00254729100471
mapu1245	0.18836787233318	0.824648028343594	-1.42273132843857	1.99856834592336
mara1378	-0.181472821876553	0.768845876026263	-1.88911674156901	1.31369170903808
mara1386	0.178423969481146	0.771129081738061	-1.30169801689278	1.93405153689735
mara1396	-0.085156545055613	0.834604665761483	-1.95071403166976	1.58266491343653
mara1399	-0.159272768725257	0.605878131811629	-1.48598567042656	1.00681657910562
mara1404	-0.0133573273687123	0.774801734514225	-1.6157955849771	1.59173059782241
marg1253	0.556322236480143	0.890446468542752	-0.894234129274287	2.66007786995293
marg1265	-0.294035473197679	0.732706397283252	-1.8717689136479	1.1150211141544
mari1424	0.0847887385702151	0.752602267948902	-1.46336942878838	1.67694735624103
mari1428	0.164758320131997	0.65948209073832	-1.08596895109234	1.60565120696423
mari1440	-0.338231640352925	0.820873101875118	-2.26777596794367	1.10694473823108
maro1244	-0.381562137924903	0.799681059840549	-2.24419040039536	0.995102522648494
mars1254	-0.102082184586976	0.795137709401766	-1.82865859396435	1.49855097469231
mart1255	-0.174274990107955	0.799529710725466	-1.94656697791399	1.35029034091908
maru1249	-0.141038785889643	0.811018569707289	-1.92146601724353	1.45703104898587
maru1252	0.277550360971282	0.822315264441364	-1.22740330051627	2.15008335811802
masa1322	-0.260380837289124	0.75446352477659	-1.96426625605666	1.17166786193267
masb1238	0.279196979892284	0.765043267852574	-1.13425000915265	1.99487989530834
mask1242	0.269954862102444	0.627905864243318	-0.86729866509004	1.70687015582003
matb1237	-0.170086895643756	0.839292849417382	-2.09965790503411	1.41364675814699
mati1250	0.25595366050811	0.765242478662091	-1.21319953952865	1.98865831889428
mato1252	-0.18093293134	0.657445288156252	-1.56856755418816	1.09390582490335
mats1244	0.288412768426831	0.824610317365102	-1.25091935245014	2.18488613923096
matu1259	0.0340403724777404	0.764528848478263	-1.52858871241222	1.65403250141835
matu1261	0.279581153829449	0.689625018058477	-0.989674354809219	1.79933445851401
maun1240	-0.0557643594548152	0.784235963954092	-1.74425208232519	1.55181884071333
maxa1247	-0.240891462184396	0.802118552654729	-2.07083714365153	1.23241188855461
maya1285	0.319610839099593	0.81229501609026	-1.15084390324715	2.16273196917803
mayo1261	0.0465313364331085	0.751853674917135	-1.52279782616968	1.59400523729441
mayo1264	0.310230475840992	0.812996113588325	-1.15285748528063	2.16661755106353
maza1304	-0.430854047038366	0.707681387342562	-2.02465967569878	0.832208323103701
mbaa1245	0.345749684691813	0.819357230760163	-1.11427656587488	2.26550051298034
mbal1255	-0.319887202055084	0.805077615496247	-2.1490280863718	1.14010215789269
mban1263	0.321842963643636	0.738387789709931	-1.02830848188471	1.96484084646233
mbar1260	-0.37682938933778	0.806235698593223	-2.20585709451131	1.1210637256963
mbay1241	-0.404824400914892	0.809569329686647	-2.26825603471032	1.02682462997545
mber1257	0.0207314313392036	0.787610658377396	-1.58294286504962	1.70721456698524
mboc1235	0.647829067314934	0.81824913613655	-0.668466518319663	2.54016723687113
mbol1247	0.201571241690371	0.813920309702074	-1.33720809616234	1.98170289260332
mbul1263	-0.239871178122281	0.736699809414784	-1.88822746655929	1.1638615427085
meen1242	-0.00160971004757925	0.782978577712217	-1.61267243594562	1.67619293831076
meke1243	-0.106782561843968	0.697330847487463	-1.60278545619251	1.34329365308936
mele1250	0.12504155784508	0.703837269811905	-1.28238753872246	1.62261771227548
melp1238	0.339438425296872	0.726181082982602	-0.916630784033245	2.0261427533036
mere1242	-0.355342075703025	0.707696717312334	-1.95748870372827	0.951825578465763
meri1244	0.51587284617737	0.877305366136143	-0.945559612143867	2.59372596122103
meru1245	0.128085318986526	0.783564911214662	-1.40006143075054	1.86519650704275
meta1238	0.640598477668575	0.768692900110703	-0.621178178642799	2.3818144460975
mezo1235	0.272024985735661	0.758236499931079	-1.17902587936011	1.9545048902357
mezq1235	0.140989757231163	0.744328596475595	-1.31198208572197	1.79805538982111
mich1245	0.387798809982976	0.828192599026217	-1.02667166109799	2.34367481069245
midd1327	-0.296139808738191	0.68498021470424	-1.76341910629066	1.00118787003076
miga1249	0.248698666664445	0.764551306717472	-1.19442197177219	1.96756562083527
miju1243	0.352563489324138	0.810059450931089	-1.10635331932221	2.23542360167442
mikm1235	-0.130195957971064	0.789456265847896	-1.91160873131101	1.38008669075499
mila1245	0.0945083467083161	0.758979959251248	-1.48800401775238	1.72764738192211
mina1268	-0.095964252286034	0.844291922695045	-1.88478130923012	1.60972118240881
mina1276	-0.473978467298529	0.722831183326385	-2.12915321003493	0.781927169901188
mini1251	0.140872933991586	0.681214369727794	-1.24400242088616	1.5902381121799
mini1256	0.287490187143316	0.814327002117407	-1.19184247848513	2.09286489490964
minn1241	-0.115707454434873	0.793395233708926	-1.86557883958753	1.44668056066728
miri1266	-0.0752012285233383	0.833854056866065	-1.87898151109928	1.61677925385142
misi1243	0.0396190437093247	0.780927291131772	-1.61691879765572	1.66643803260791
misk1235	0.305458533803909	0.80866692931414	-1.11864566651727	2.18026146071568
mixt1426	-0.475412549564537	0.79376717484575	-2.36778280698484	0.855539480374934
miya1259	-0.0716047595528429	0.802404690833383	-1.81169376076894	1.5349909698764
miya1266	-0.195271997313611	0.786744259970893	-1.94641870638758	1.29670783835813
mlab1235	-0.138183039450196	0.829449807967442	-1.93532581804162	1.53501490114284
moba1244	0.184543244267232	0.74783975673004	-1.27993045437449	1.79306879513122
moco1246	-0.210768787918929	0.795720904941312	-1.92662053973242	1.27213992935789
mode1248	0.275230749600212	0.801647847312468	-1.18524255108482	2.08773491957598
moha1258	-0.232591209472404	0.812055271869405	-2.05515826658912	1.28833739001471
moii1235	-0.284169271236806	0.82799597859279	-2.18095616894925	1.23693515321415
moke1242	-0.047376814761131	0.850483330600229	-1.88296057509275	1.66809957830292
moki1238	-0.138370452656653	0.79671599921033	-1.8585596225594	1.4302064640629
mokl1243	-0.0637646898152354	0.81801799896169	-1.86839370343379	1.58295132599706
moks1248	-0.0661073617739958	0.785487573030594	-1.70853971754812	1.54541522325665
molo1266	-0.578904244052277	0.778126099563874	-2.35005811774072	0.758775951924737
monn1252	-0.0678536277747345	0.819191155895113	-1.79378419111908	1.62994102322399
mono1270	0.0324768964812181	0.727502515613523	-1.49573390291109	1.49383741043717
mono1273	-0.319355771532505	0.80288272545002	-2.15018300163311	1.15950738213611
mono1275	0.505315043951214	0.824815528637095	-0.875176025288899	2.44557324546016
mopa1243	-0.0795155686406867	0.780257282745955	-1.73953431979385	1.55099164812671
more1259	0.0306577798319255	0.712010891391763	-1.48350340234495	1.55061719148522
mori1269	-0.235942901886085	0.818532656803221	-2.05607163302123	1.2695504761836
morm1235	0.0933845380618705	0.77791702869064	-1.52512265392026	1.78480806444131
moro1289	0.402227832436685	0.815371514862867	-1.01055512140317	2.28263127287821
mose1249	-0.452835868603882	0.833441968008176	-2.38673532087386	0.997545949770846
mota1237	0.180757517718998	0.728140622355579	-1.23375907819482	1.78508152118749
motl1237	0.251673882214931	0.749240289525513	-1.14506369619773	1.93820421813934
motu1246	0.380122323155438	0.726940488536032	-0.909465256328136	1.98676168940661
moun1252	0.0667301349596406	0.687314805779665	-1.30901391505349	1.51589718592806
movi1243	-0.0114289928844191	0.754306654305205	-1.57679155269233	1.55661022831688
moyo1238	-0.425962134012852	0.77223493344563	-2.25561712106618	0.940787638293452
mpad1242	-0.381010846540733	0.838304111081357	-2.34019577437889	1.10711599923142
mpii1239	-0.132659210612762	0.80705266112571	-1.94582303760844	1.49573187475825
mpot1240	-0.485236852377171	0.841378804370326	-2.40917452909875	0.973772249014903
mpur1239	-0.291096474856357	0.821673707248459	-2.13936258560933	1.22667286498104
mual1241	-0.0800191716906435	0.832773980192006	-1.86966257557259	1.55968535149849
mudu1242	-0.0173625744444028	0.733883670010368	-1.54980997259957	1.49035971673209
mull1237	-0.010449039871718	0.75045083022238	-1.56626690005067	1.54319755219537
munc1235	-0.181191366247802	0.797261640891051	-1.975769181453	1.33812145652538
mund1320	-0.185765844141795	0.847702414987406	-2.01680442776093	1.45813053551863
mund1328	0.612398310111095	0.697540738840744	-0.510875242265017	2.18893607250174
mund1330	0.295549647722591	0.81186728390445	-1.16085391618519	2.12839718243246
murl1244	-0.125990808216168	0.826951730940749	-1.91693166591231	1.50460803221044
muru1266	0.0172945595990269	0.764671878883237	-1.58539143033855	1.61411398140737
muru1274	-0.0298283694677773	0.787814207352763	-1.67099533883764	1.57869983662009
musa1266	0.222132225415856	0.679489413656617	-1.01037980984346	1.72164432646021
muso1238	-0.274443216185725	0.687273296745336	-1.82637120806787	1.02338662095111
muth1236	0.051498454940523	0.785357537396451	-1.55981025283558	1.72894266834827
muyu1244	-0.0254127686902126	0.76906090211711	-1.71796266408046	1.56035903841823
mwag1236	0.290743941510869	0.731401665806849	-1.07343779178619	1.94389225987508
mwan1247	0.189878745712159	0.802399439822749	-1.32733356667072	2.0221020357891
mwer1248	0.106856130134497	0.783510923830571	-1.48866248379783	1.80109089993462
naka1262	-0.0611042130156111	0.769209366601553	-1.77705870405407	1.4764079791969
nalc1240	0.0342147380910719	0.730328615873711	-1.43493392227362	1.56642465028265
nali1244	0.217897811852514	0.737902546831698	-1.19833696127025	1.81897410573967
nama1268	0.187876689472426	0.674699180583009	-1.12410891874116	1.63069847226191
namb1293	0.640384436960625	0.906685362581423	-0.793595048221765	2.73074414810506
nami1256	0.0182949646802325	0.725177007439149	-1.50030211878597	1.50947496795788
namu1246	-0.00853374784103534	0.76119431776494	-1.57989443056798	1.5756524936967
nana1257	-0.104783673099015	0.792322746474145	-1.80760861128648	1.46061063144366
nand1266	0.557674278576668	0.853705442695465	-0.841737250239171	2.55577535005721
nang1262	-0.235631000828525	0.774538258600551	-2.01332365887247	1.22225110047731
nant1250	-0.066072561500608	0.766112999474554	-1.74319089579263	1.45721949433013
naro1251	-0.048601129038449	0.796079681506223	-1.77599819475243	1.56534857891562
nati1244	0.0574199713482536	0.612713130773746	-1.16826395509279	1.36326945596818
natu1246	-0.235716389529526	0.76711425310825	-1.98049715200678	1.21022875509338
naur1243	-0.100647068722387	0.816778702067682	-1.89913841428826	1.53887741007002
nava1243	-0.33195036582828	0.836428378520836	-2.26641762334073	1.15298100469163
nawu1242	-0.147176922405146	0.800053932372133	-1.88328566192884	1.44388063359454
ncan1245	0.69566250757937	0.723383880013296	-0.431960449561504	2.36063212387512
ndam1239	-0.0290330256100371	0.798871947507331	-1.66180825079182	1.6529370361217
ndog1248	0.203128141689728	0.778253481856895	-1.31383548586889	1.90118719970073
ndun1249	0.344309942852251	0.813356195430717	-1.1472173891829	2.21335744395128
nege1240	-0.119878627711641	0.814024082958899	-1.87415709411922	1.48344523745671
negi1245	0.123370855182479	0.797888334982252	-1.48017834398182	1.89733429484046
neha1247	-0.15161237517072	0.784105242635884	-1.91124819652464	1.34501606203526
nend1239	0.391739929854559	0.713678022682431	-0.874923267082032	2.01725102784803
nene1249	-0.0942777989972953	0.805039769810242	-1.86143180186434	1.52297052790039
neng1238	0.0328466735726195	0.796419410984093	-1.68741300115873	1.70548376316458
nenn1238	0.628236431454893	0.896852284684081	-0.817711280714219	2.74387576036161
nepa1254	0.000101256363960491	0.649951069265783	-1.33560029316788	1.36287330646233
nese1235	-0.242263236826615	0.631656524312178	-1.64768968604333	0.936044281596243
newa1246	-0.0918414609323594	0.678315708668366	-1.53159069071567	1.29361827922534
nezp1238	-0.297095439399359	0.800408465002496	-2.11841948941925	1.16269325987701
ngaa1240	-0.109943506101069	0.811190279005631	-1.87967168572487	1.48991494531097
ngab1239	0.0318363514502365	0.768953175133467	-1.55930841542276	1.64687012090682
ngal1292	-0.17410584510181	0.801486042015294	-1.93518910814159	1.3853371977774
ngam1268	-0.391629418983295	0.781809859742166	-2.16712101477452	0.980584528676874
ngan1291	-0.1080733296828	0.802630322660193	-1.85460067567674	1.48039091496143
ngar1283	-0.123746565629983	0.822493440049138	-1.95313341774068	1.51921097402077
ngar1284	-0.0637815488782124	0.830238521374022	-1.82919355609026	1.6356051424977
ngas1240	0.157574542800919	0.721600425815262	-1.28460887329464	1.73560125056918
ngba1284	0.416205141165961	0.800108187825277	-0.963937741307492	2.24642727562013
ngba1285	0.554570988238454	0.831944341933806	-0.799479012150612	2.48828635528668
ngeq1245	-0.0891835872510758	0.801930734095224	-1.84398088357195	1.55836507655054
ngul1236	-0.0146759056656126	0.807582916491433	-1.69981676786803	1.68747565638388
nhan1238	-0.103439379551906	0.803608340475745	-1.85897337072647	1.52969592732971
nhen1239	-0.0550075485307545	0.742724123567297	-1.65448344889203	1.47310979808977
niha1238	-0.15305765754206	0.824765082485793	-1.99887316104654	1.48267653739899
nila1242	0.248499276156589	0.800230947978322	-1.24151054833661	2.0322963786012
nisg1240	-0.235298801365536	0.826394032658037	-2.05470733378536	1.28380574473325
niua1240	-0.0745591893340369	0.80622650873152	-1.82789587717668	1.58694148612995
niva1238	0.206878276293751	0.823201609852251	-1.35753030030523	2.08511958868168
njan1240	0.315751162884529	0.701980434732678	-1.02213312934763	1.84173801945461
nkon1248	-0.438207275424545	0.82691467608919	-2.39448309684558	0.949883494079214
noct1238	0.0452040541124548	0.740605340580862	-1.49063682551925	1.60991505950832
noku1237	-0.297109156966146	0.754489531813414	-1.98890183004147	1.12376129615563
noon1242	0.229598135372966	0.803836578309062	-1.2702444919449	2.0272504628313
noon1243	0.729775493456754	0.742203595884492	-0.42443315765555	2.38835314724554
nopa1235	-0.516129817083719	0.814090492983236	-2.42005212114847	0.826439881006291
nort2671	0.47226524184519	0.849219948614041	-0.972145477419807	2.47919013708024
nort2684	-0.0416674968045773	0.818543494757251	-1.83015292781057	1.62488443997368
nort2690	-0.340345003103818	0.818982486626129	-2.19397062298618	1.17017896770226
nort2697	0.236435967809772	0.765266734904424	-1.17121764955755	2.01236420591276
nort2699	-0.159915454075949	0.807485300296629	-1.94665147905448	1.39781451584543
nort2702	-0.234576110272527	0.797493895421028	-2.10550834292908	1.25185791776408
nort2722	-0.247181635887179	0.770869669403955	-1.9696735541875	1.21277621211871
nort2723	0.0561861714821382	0.754817831110834	-1.49585897412026	1.65342831212635
nort2732	-0.083444185288393	0.81615012381987	-1.8508382379077	1.55589017985704
nort2745	-0.11600280631624	0.822422662557943	-1.9092735771997	1.54117612311541
nort2747	-0.0599326426220486	0.799423407864146	-1.76090822866491	1.59488429905895
nort2836	0.124028188690298	0.698984932353274	-1.27793738568585	1.61519120330633
nort2839	0.398641984155111	0.674755744639625	-0.750177444652264	1.94595202633598
nort2845	-0.0626278827584983	0.78282254581125	-1.70118794594357	1.5206998119394
nort2877	0.497189083772548	0.752762472672202	-0.789182008753984	2.21495279961338
nort2885	-0.112245084813542	0.784046472457844	-1.83941110079336	1.40043502057231
nort2930	0.473073617519124	0.828173282871516	-0.900615503819171	2.40293158460836
nort2942	0.40178352100252	0.816964615567169	-1.03170794788378	2.28133813737265
nort2951	0.401079526542854	0.822356645551788	-1.06437686019681	2.33015365471789
nort2954	0.0387050727829123	0.803814426716708	-1.66118353644117	1.69020254913626
nort2957	0.459030825067815	0.738737266115426	-0.792540703029601	2.18316207253596
nort2959	-0.145145596758622	0.746837462766403	-1.78788406439301	1.33302618484007
nort2961	-0.152494151235918	0.802249986227507	-1.92060402860034	1.39121585741907
nort2972	-0.187533565543887	0.782166617851292	-1.91837695851038	1.34439855474403
nort2980	-0.138362364648945	0.766513294989011	-1.83099035290502	1.26360509311008
nort3047	-0.557439557063722	0.768791330578503	-2.34503472505823	0.756832731604773
nort3139	-0.283700429441161	0.78022347984951	-2.09933748699804	1.15847637678268
nsen1242	0.121116121951231	0.795534057458782	-1.43895378502403	1.88193284802141
nucl1235	-0.20035683757416	0.776650249834272	-1.93824845025186	1.30108126404939
nucl1240	-0.355512824387301	0.741924687977652	-2.05420836398518	0.92982506688668
nucl1301	-0.37755974844506	0.812310628438689	-2.29703754424846	1.09644330084749
nucl1302	-0.224621208597466	0.802463566098372	-1.98494453694271	1.28979655218431
nucl1305	0.0957246398792491	0.81780259500553	-1.57517354176278	1.81215681225956
nucl1310	-0.209920613722392	0.803701333597417	-2.06004951527678	1.31595657595505
nucl1327	-0.147356413698303	0.827392708038367	-1.95897309985884	1.46976338763349
nucl1417	-0.451454963097397	0.77103098056332	-2.23991328188945	0.834281150343377
nucl1452	0.290491079812093	0.829229081179245	-1.26239082001357	2.1647443846436
nucl1458	0.299024925699091	0.697194950412893	-1.00552454557192	1.81880292863687
nucl1593	0.00263774739619751	0.735457881786727	-1.53597883588949	1.50733843372883
nucl1595	0.327746992451892	0.781122187670139	-1.12046423512322	2.12981752735446
nucl1622	0.192523465490863	0.795109100941547	-1.31773127883389	1.98848624107315
nucl1630	0.498046978730788	0.746151209393549	-0.751392796965003	2.20647205229672
nucl1632	0.174530490834796	0.757090124541508	-1.24611186658501	1.84267803855901
nucl1633	0.250989243157067	0.7747329535637	-1.23726734614531	1.98123159241295
nucl1643	-0.0303174199351783	0.831417952619616	-1.80194923863392	1.65621812374091
nucl1706	-0.199905267617224	0.811561001597287	-2.0349951021293	1.37664399860116
nuer1246	-0.346486048736758	0.793624358845316	-2.21637144257234	1.05131145152755
nugu1242	0.553885775601572	0.798351042255077	-0.748728890594147	2.39567741943148
nukn1238	-0.180752402702626	0.656511263814295	-1.56657587778681	1.12531957163207
nuku1260	-0.12410552330587	0.816213993398412	-1.90029819643671	1.49719817123745
nupe1254	-0.373142968252329	0.806133998416731	-2.29970622180097	1.01684431317258
nusu1239	-0.0713142045442277	0.799678642019822	-1.79769004001471	1.52911573294445
nuuc1236	-0.240387753139646	0.797238550364343	-2.04532700850636	1.25150019767232
nyah1250	-0.0583127428296637	0.826876417403751	-1.8402635665761	1.61168945304674
nyak1260	-0.307204567974158	0.771304158665594	-1.99891415534972	1.16629112886065
nyal1250	0.351276765343469	0.798174020659173	-1.08064317416983	2.20287157537795
nyal1254	0.137339215961258	0.774326260947843	-1.39217184136003	1.81020585978556
nyan1307	0.277092867140318	0.830518691582965	-1.23794301136933	2.16539065536777
nyat1246	0.267660587299475	0.792803185081656	-1.26688264134986	2.06621299501491
nyig1240	0.290950487583521	0.824762540487121	-1.18413399261486	2.16989484928963
nyis1236	0.600809236875623	0.827775486291636	-0.701654269605145	2.56356451743875
nyor1246	0.243452275914231	0.811776901537912	-1.30131459290594	2.01599030320162
obok1239	0.156653163085764	0.760044814278186	-1.34350473933977	1.8386266781584
occi1239	0.179003017005918	0.791969232496844	-1.36758128218786	1.89246690648275
ofay1240	0.259038903918104	0.838765485364227	-1.33808434851301	2.09055886973362
okan1243	-0.157981762280466	0.80361547037574	-1.95717776312272	1.37429562575371
okin1246	-0.0501805533236769	0.811252846430206	-1.80586426190937	1.64484437610912
oksa1245	0.23593701358704	0.740623418935852	-1.15485359819709	1.90613829421076
okuu1243	0.760344678386664	0.752917154714857	-0.374057315508609	2.45209870063163
oloo1241	-0.234810115725114	0.740294071670857	-1.95537640510448	1.15021391474997
omie1241	0.342223142870873	0.709734049521049	-0.925518412356918	1.93643717148714
onon1246	-0.241680022451482	0.790061485429509	-2.01166345617057	1.24948079394043
oriy1255	-0.19595931326166	0.773223429805884	-1.96819980470606	1.27009597630845
orma1241	0.0351131652898133	0.79957812713759	-1.67482147468326	1.69080562476439
oroc1248	-0.309248799951771	0.798175605218048	-2.11510339672923	1.1568798665245
orok1266	0.423117422349868	0.798265924715437	-0.98172751361627	2.25678123246576
orok1267	0.37409242988771	0.784188094869144	-0.943190769093923	2.2135241895214
orok1269	0.263098368714179	0.703325605024762	-1.02556143459004	1.840865033215
orow1242	0.631168220915369	0.833949021081421	-0.662131004174322	2.57608958902438
otta1242	0.47624745041966	0.864414958300734	-0.944853520406347	2.44588646730125
paaa1242	-0.160891516643436	0.787500611468334	-1.88776810627778	1.3536543933508
paam1238	0.366263374290751	0.660618096478404	-0.774812669009452	1.87838581752797
paas1238	0.432931184929342	0.785058311114167	-0.929622663787375	2.27826040263633
paco1243	-0.0444828594215075	0.82205179700179	-1.83061258758027	1.63313556051025
pagi1243	0.209605193941603	0.804790301964849	-1.31950828850037	2.04641064470822
pagu1249	-0.315801032138367	0.839658909443741	-2.26048214829091	1.19482376321883
pahn1237	-0.133580366443932	0.852693366796235	-1.93569887966526	1.56169716251443
pala1344	-0.0843243929319671	0.795197225001562	-1.73645446159461	1.5885942247364
pali1279	-0.244656964068961	0.79794407760714	-2.01431148519797	1.21921813519919
pamo1252	-0.220869675638561	0.847231465020167	-2.12726958338369	1.38421566637646
pamp1243	-0.188675316511981	0.751812775157416	-1.8533606096152	1.24536805912412
pang1287	-0.216691496055301	0.77213466530911	-1.90420608892898	1.35157973877825
pang1290	-0.0337825263816447	0.704792698625155	-1.54392773672278	1.36591809133911
panj1256	0.112092508796999	0.748538900342058	-1.38744103959744	1.71805258582778
pany1241	-0.148048755610498	0.818240886441259	-1.96435777614991	1.43387371632824
papa1265	-0.382061723647233	0.806562596462879	-2.24392199662758	1.01805856907192
para1301	-0.212868216164454	0.82874299274107	-2.03438653611385	1.38342743313177
para1302	-0.0265736112632142	0.710518380692035	-1.53723686371281	1.37705142462735
pare1266	0.411496667018668	0.754390175360441	-0.922296303641435	2.1098931231263
pare1272	-0.26627445792251	0.825143536393177	-2.19370020616079	1.27213800500835
pate1247	-0.322033641867206	0.696456571635035	-1.85109948607825	0.993500198905337
patp1243	0.597863762847624	0.760156711945112	-0.626669074655538	2.33535787844027
patt1248	0.179682337589527	0.793178054359638	-1.37608146192409	1.94261590006477
paul1238	-0.14990495243397	0.817612267777122	-2.01107487204523	1.44895611992772
pawa1255	0.0957151523499995	0.724236641883188	-1.33773189234006	1.69027486442108
pawn1254	-0.197843333936287	0.791715398301871	-1.99867942757274	1.31636412033657
payn1244	0.385600648143974	0.709337382567862	-0.867096285103863	1.98287800367643
pech1241	0.225915421162249	0.814763222425347	-1.26380210502078	2.14643629547764
pela1242	-0.23894690552387	0.801663135797858	-2.01995600114374	1.25976036199116
pemo1248	0.15386270687571	0.792072924616063	-1.35091376382667	1.91657620054093
pend1242	-0.243127282788461	0.804634146781407	-2.04688727860673	1.26143574962045
peng1244	0.472372412006304	0.772512142227041	-0.839307352955606	2.21538846109222
penr1237	-0.0800522236100742	0.809264526558439	-1.85230374881187	1.53108374796697
peri1253	0.355305563176831	0.822005499488559	-1.11221652382856	2.24138255796925
phai1238	-0.150740815619655	0.813378547854517	-1.97246649123507	1.41923762748157
phom1236	0.160766439022119	0.712405582919564	-1.21202993151332	1.6891407284121
pich1237	-0.18854256151483	0.741401306916405	-1.89398166585719	1.2272497203473
pila1245	-0.184772064908269	0.792702245539654	-1.97745317307709	1.37964430397961
pile1238	-0.223660496003032	0.752374783058005	-1.92050137330289	1.19253922153688
pina1252	0.432354736103929	0.745668540815028	-0.832614791085615	2.13094677869205
ping1243	-0.091830147055349	0.785092498509856	-1.84789827312534	1.44254966800506
pint1250	-0.106483199793942	0.789773201283293	-1.82632200597896	1.44029540908817
pipi1250	0.230609004778501	0.798797127172916	-1.24978735530661	2.01788207758774
pite1240	-0.0921233446189701	0.802927793052965	-1.84044126656734	1.46964784190414
plai1258	-0.185777226024786	0.804647469384757	-2.03784167291651	1.41467622826361
pnar1238	-0.087766363734063	0.779846297248268	-1.72072189478515	1.52324538617827
pohn1238	-0.146251893593258	0.814944377594954	-1.97461771633702	1.44876406914962
poko1263	0.439135342417262	0.841443696873026	-1.01859173393108	2.3926556605049
poli1260	0.218906870702412	0.775835810660061	-1.27205377270998	1.90807530349378
popt1235	-0.048695246665425	0.73544129780445	-1.61836505220564	1.4646879016564
port1283	0.143173566205744	0.781807465541387	-1.37828354885977	1.81855622775208
port1285	0.250758570691979	0.622649176325335	-0.889686118694028	1.65738886926934
pras1239	0.288692046182112	0.801920968589752	-1.20014530853893	2.12913464878215
psik1239	-0.475948392452334	0.737808622943546	-2.14382182447567	0.860497585069893
puka1242	0.533563983442603	0.855377708411308	-0.880291902225628	2.48766137742362
pulu1242	0.453473820769172	0.84882635761315	-0.962715738256313	2.3939339603017
puma1239	-0.328270007816526	0.725597613826103	-1.97316494870798	1.0016683215664
pura1257	0.458275059815617	0.806427998089653	-0.893782582447654	2.36947317270568
pure1242	0.412338526472	0.840448158847989	-1.02929432465677	2.36846318078556
puri1258	0.547234794941417	0.863154898245702	-0.88434050392286	2.53573754222293
qanj1241	0.015709666270117	0.767847364087312	-1.58837114833932	1.62985333345445
qawa1238	0.205099273710618	0.807815797849304	-1.34086159312399	2.00881077105856
qima1242	0.410080298712842	0.857916945076672	-1.11481658914106	2.35711262832182
quer1236	0.29436278526682	0.778985819911022	-1.17334410760856	2.05279877118755
quio1240	0.155203955268034	0.702026225375944	-1.20150857997931	1.67688462472855
rabh1238	0.386431754255881	0.76860206435466	-0.98028548915283	2.11472917042182
rade1240	-0.153988435189901	0.788882482941937	-1.93983995025703	1.38803536592941
raji1240	0.338114583213715	0.787788284150146	-1.08419935169754	2.0910153061298
rapa1244	-0.0774672246943949	0.79572539850373	-1.8588977873285	1.49746084363566
rapa1245	-0.0638720674574592	0.81485231253197	-1.85119417947575	1.60366032961164
rapo1238	-0.389248279861124	0.798675483821225	-2.20332970717719	1.02642774304786
raro1241	-0.0473836192025795	0.806783278439061	-1.82412923258459	1.57851228665037
rata1244	-0.122171838522828	0.821621803792849	-1.91099728009914	1.53400997322678
raut1239	0.357568865326778	0.795305786214799	-1.05344616699358	2.18982397516355
reja1241	0.430439220450389	0.816589721602992	-1.00751881908133	2.36470507899854
remb1250	-0.222436671327709	0.798749855260106	-2.01936977576249	1.27446796252861
remo1247	-0.135547913453384	0.778553431662141	-1.86814840981173	1.37038664896818
reng1252	-0.150042995874371	0.794734455376654	-1.88404784023869	1.40431527114785
rere1240	0.156122409331399	0.597786212605647	-0.976073433527774	1.48266047793092
reye1240	-0.539936661877264	0.83918436847228	-2.47298576802181	0.8495746136311
roma1326	0.225607775143292	0.811549451630175	-1.33596275873669	2.05754497838942
romb1245	0.0463035471041493	0.768774580479781	-1.51964227411057	1.69678759743809
rong1264	0.333407793195159	0.789718763384772	-1.09385709992961	2.11629485510417
rong1266	-0.355608699532647	0.756329819240391	-2.02964114582988	0.9660901644052
ronn1241	0.254565165582954	0.726773602142639	-1.12410192324778	1.89480315850773
rotu1241	-0.102758149326154	0.798668717759298	-1.83777808710393	1.47079580746031
rovi1238	-0.412541397100125	0.791885317288637	-2.29252045156018	0.934521668119463
ruch1235	-0.231277372337122	0.842363981895689	-2.1172442258603	1.34458711517437
ruka1240	-0.295345765637156	0.812578752903695	-2.17767879174679	1.19713785024222
ruma1248	-0.212030230246094	0.824141036242079	-2.06248737590147	1.35539489344592
rumu1243	0.424735824438031	0.79773414264743	-0.932923083869588	2.30160281746462
rung1258	-0.111530685143944	0.838074587011546	-1.91779614315525	1.6105347557666
rung1259	0.111815363304657	0.74404556753355	-1.35241214644445	1.71617444439359
russ1263	-0.349472102011611	0.81093077506026	-2.17025075623211	1.0830026178413
russ1264	-0.145194881290878	0.782917376159031	-1.9353523779313	1.39914280228849
rutu1240	0.190211170355016	0.784170220529995	-1.31341692252487	1.97475972162358
saaa1240	-0.0500187303664991	0.757585530726661	-1.67392895410057	1.51529082935253
saaa1241	0.289264647450914	0.665690220530655	-0.920480020868166	1.78232001034086
saam1283	0.463485639379699	0.860251364291007	-1.01035424573238	2.46919831893033
saar1237	-0.321775873713499	0.810110039250505	-2.17371042714684	1.15183930530393
saba1268	-0.162383066557573	0.733398239265425	-1.75750112970094	1.30419040789307
sabu1255	-0.179783771861683	0.825992103583945	-2.04436446690515	1.42568184339415
saga1262	0.321503321690384	0.799291013857328	-1.14662891574328	2.17392424700313
sais1237	-0.272930929800192	0.818327163004957	-2.18618135008249	1.19612480288728
saka1289	-0.319830536889395	0.724135081774596	-1.9385492846848	1.0495095661826
saka1291	-0.037409301372691	0.83636937013712	-1.83153672317552	1.71843147583421
samb1305	-0.377975413459819	0.741210756723161	-2.11227689890606	0.925053221391436
samb1311	-0.354129754581634	0.744553410194273	-2.08353028056462	0.939868147784389
samo1305	0.534602464413253	0.869791866722323	-0.873825061755197	2.52453753545394
sana1295	0.400165191677618	0.84300202711463	-1.06272608376252	2.27153128500375
sanb1241	-0.537007824939978	0.826012314344039	-2.56772961995221	0.784321630059193
sanb1242	-0.0756007360134898	0.811144398193176	-1.73492711168617	1.57658742670054
sand1278	0.0744984071576238	0.751247280290637	-1.41782516362832	1.70912505165268
sang1321	-0.123500367151395	0.718227419982825	-1.68052230535505	1.25699019896795
sang1330	0.0506588212217743	0.776492744124477	-1.48877860348611	1.72663739540302
sang1331	0.142200123206963	0.835048556249712	-1.46187034853279	2.04268127857375
sani1269	-0.0871494107898593	0.767956347695492	-1.77825652359781	1.42180109573139
sanj1284	-0.193406643301992	0.736089270055721	-1.87641456853279	1.21660693981187
sanm1289	-0.125708560864133	0.778630269110827	-1.82760449595691	1.38479472408769
sanm1295	-0.011211106273368	0.734099671306794	-1.54686874219222	1.48653641106231
sanm1301	0.438799750753135	0.799874808641431	-0.94501744309475	2.31899045332127
sant1410	0.221485482482003	0.781164049671361	-1.25278333173487	1.97303497240459
sant1451	-0.443608100404895	0.792887105043083	-2.31570803054151	0.89537153919678
sanu1240	0.202770886450986	0.831961181059567	-1.39225411386866	2.03035120447516
sapo1253	-0.378523579496055	0.801920805776284	-2.24302154928314	1.0262578258868
sara1321	-0.142640980425512	0.804263943573396	-1.92845677974099	1.41817948022552
sara1327	0.13980063577516	0.781934893115126	-1.41773332885584	1.80818828250507
sars1236	-0.235398345878104	0.811634180750723	-2.07917413074042	1.31581233840315
sata1237	-0.0350084103462632	0.79418111187364	-1.74293331913663	1.58532491664391
sauk1252	-0.239037709602382	0.665856621814587	-1.69850415860397	1.0228456429113
saur1249	0.153289742037394	0.753949773627601	-1.29943095921799	1.79719249640598
saya1246	0.124881845854898	0.717026424267487	-1.34369695061086	1.6736291966919
seda1262	-0.146178453281879	0.794437458198559	-1.90811939094419	1.36773940104124
seim1238	0.0621559337831011	0.796044594993075	-1.64240632108615	1.78413216701518
seke1241	0.243979845503777	0.660089445387476	-0.980160330772952	1.71954239416214
sela1259	-0.0758941752515129	0.825070079302379	-1.84566846655469	1.60174430267722
sela1260	-0.136258970789242	0.801606051754364	-1.94580355934743	1.47330113290272
selk1253	-0.0841812668145175	0.794534006391989	-1.80658079728735	1.52726821158684
sema1265	-0.137487228657595	0.812459704822377	-1.93011037116576	1.4176764004627
seme1247	-0.120636628453257	0.831785551198088	-1.98227225406327	1.52986032606934
sene1264	-0.101720561157333	0.788207919956687	-1.81425136710218	1.40592117690267
seve1240	-0.170603927728421	0.810270731112212	-2.0096504298685	1.37666743792096
shab1252	0.31644961187144	0.82586522483191	-1.12270400790923	2.22936197756461
sham1280	0.249227897160804	0.799131807196756	-1.26667609669702	1.98782244939533
shan1283	0.233242728666484	0.829850759911823	-1.3339622397001	2.10828038686192
shaw1249	0.448822742775157	0.835705932352334	-1.01053143774715	2.38550322673864
shee1238	-0.0641630884580448	0.851176564740458	-1.89836502889007	1.69641486940115
shil1265	-0.408632110449079	0.826570647246488	-2.26195245401342	1.01848578827072
ship1254	0.197135475413236	0.819283225033726	-1.36806590855002	2.0713070372912
shix1238	0.177180819312352	0.79172062207424	-1.37099143250998	1.91254953982893
shol1240	-0.197240018552677	0.800280158000111	-2.01037854373945	1.34377008653481
shon1251	0.138982387236748	0.776041488621739	-1.40626478693208	1.84249509111748
shor1247	0.175144792783824	0.782847327427456	-1.33130217191795	1.90908982515079
shos1248	-0.168390969926556	0.786035011934735	-1.97735312910673	1.39634197195367
shua1257	0.225137605643527	0.826546127054076	-1.28949262369559	2.10383187038182
shwe1236	-0.220186837185995	0.82362159278303	-2.11235355646565	1.3458371098456
siam1242	-0.25986943932787	0.683017937243705	-1.76374678629888	1.02262141197045
siaw1243	0.228207953377179	0.743353465454882	-1.15079167328403	1.89147146832575
sich1238	0.050782755687678	0.763083187890299	-1.51237218765927	1.63997264492004
sici1248	0.26126881762818	0.807172442154283	-1.26506349212584	2.14097938746173
sici1249	-0.0895064017588488	0.68669696468464	-1.54628437149418	1.28255549334638
siee1239	0.789227269101877	0.854694102517639	-0.487467205888982	2.75937168405072
sier1250	0.0601114779555857	0.699246921151445	-1.37580930396996	1.54965275456945
sika1261	0.526474378010478	0.893642919647846	-0.961525821647674	2.6306705657808
siks1238	-0.28434623605101	0.823669260135929	-2.0938236427608	1.20256890430954
sile1255	0.375172351040335	0.709844088463959	-0.886427689075812	1.9833410276683
sina1266	0.643931258233347	0.774231448139859	-0.553392364014525	2.41011091849939
sing1264	0.0315048131610661	0.756399885455923	-1.58618997254243	1.58269667624346
sioo1240	-0.218929791623291	0.700215477612628	-1.73920776964229	1.14485682962152
situ1238	-0.275782595521611	0.800548570186847	-2.11634334881611	1.2356584418622
siwi1239	0.428794117337978	0.846543542545459	-1.05529533776612	2.35285053321354
siyi1240	-0.393395207667042	0.795193589797372	-2.25170407471952	0.992199341611461
skol1241	-0.0423669291421182	0.803489919861783	-1.7773580983124	1.62786390353138
slov1268	0.23976719999474	0.808470949055103	-1.29538740253978	2.08500454272
soch1239	0.263634277126067	0.730985443059211	-1.13395879266812	1.93737760875416
sons1242	-0.0853037820301416	0.814226395775567	-1.82849157588471	1.57713318257295
sooo1254	0.43987627234228	0.856092041626461	-1.10720164132156	2.40903778115978
sora1254	0.364805291019883	0.759866048403039	-0.987339078551983	2.03244784363263
sout1528	0.225010708352336	0.829743870829329	-1.36707992369479	2.0464230111954
sout2649	-0.212518130075631	0.786336472563757	-1.98687840390994	1.27736533842013
sout2674	-0.0980047053924384	0.818559596310813	-1.87776681112026	1.57230651602952
sout2679	-0.0590477471901197	0.791267932140163	-1.77569430083557	1.57529269507747
sout2715	0.0147278620441382	0.657140176783235	-1.35078911159986	1.39416806160043
sout2728	-0.238834889844955	0.786245727906503	-2.03031870494815	1.25919786014088
sout2782	-0.511537137387375	0.753245804458895	-2.23298601013084	0.767148276576664
sout2797	-0.365706977291084	0.687734419733609	-1.86545522975489	0.835026104236708
sout2807	0.171817455997445	0.801610087885772	-1.36403250286846	1.94387199669534
sout2826	-0.194034638596955	0.818271969270267	-2.01486108930136	1.33180434234517
sout2856	0.14820768168392	0.704364240789882	-1.27369031525241	1.66951910745654
sout2857	0.0496854943739342	0.621950030464417	-1.21221203199459	1.35805442370808
sout2859	0.41903744978335	0.675306790732096	-0.731340224768354	1.97884772973777
sout2869	0.647363482079109	0.773803250015086	-0.597848622929629	2.44204576355642
sout2895	-0.171200884361634	0.819712974984253	-2.04684606315141	1.40223977142573
sout2912	-0.0413870128074567	0.790869360713857	-1.77293311004008	1.546948507072
sout2918	-0.123897741331532	0.803055175608508	-1.91414779583218	1.46595536548755
sout2954	-0.0457649996955285	0.820167140344432	-1.76737631528077	1.62609145965913
sout2956	-0.180891685887781	0.844184861813425	-2.07966910915261	1.45209866601641
sout2959	0.4076802565664	0.857109895052966	-1.09282548570404	2.39873351154563
sout2985	0.672153782341193	0.886905087214585	-0.713712741655645	2.78042477847946
sout2994	0.136767465811085	0.77999410613574	-1.33631186166527	1.83978923267632
sout2996	0.162044665698798	0.81493944913377	-1.47512912349296	2.00101882543078
sout3236	-0.140850313325472	0.815413979597813	-1.98190018196942	1.43991158718944
sout3261	0.000427541201538573	0.770963774314903	-1.5820673609941	1.61882188912198
stan1289	0.119939841593665	0.780657527401081	-1.41968909373768	1.84269338694985
stan1290	0.141470275102588	0.808882474039517	-1.41736225555053	2.00719555284883
stan1293	-0.182066928472286	0.799927551083411	-1.988787128825	1.35323844896141
stan1306	-0.128151243289455	0.805944367636282	-1.95287725006568	1.44653664415401
suba1238	0.551424285219526	0.832804574239101	-0.791147474318767	2.57925739390693
suku1259	-0.390065937314436	0.815721963083207	-2.3364368842944	1.06399183091844
suku1261	0.250238613263603	0.83012852889822	-1.26861857961874	2.08183227513334
sumi1235	-0.0490126076673031	0.705161672161589	-1.54228065059228	1.3643504938242
sund1252	-0.0833165989287618	0.832145686240804	-1.93175142070587	1.5815081972296
sunw1242	-0.154346562394908	0.675040321266531	-1.5991386409943	1.18985918673278
supy1237	0.101197352047624	0.759162298116734	-1.42750682823261	1.73828598754183
surg1248	0.474116122904082	0.856676656351547	-0.957588444346131	2.5178430687034
surs1246	0.399617776152745	0.739508936467821	-0.904299975678305	2.07511854122671
swah1253	-0.377290426967196	0.80406686145111	-2.18876926732059	1.05851138835162
swed1254	-0.220335752036135	0.772975824433507	-1.93393542973541	1.23516802788839
taba1263	-0.283547841762782	0.849855686528892	-2.26295434517678	1.28697973154626
tabo1241	0.551099747276481	0.855094268556021	-0.896872060211334	2.51073253003712
taga1272	0.190883233671286	0.737355459931509	-1.21621377671913	1.82898643869214
tahi1242	-0.0798916423477106	0.817301527708807	-1.87405604325657	1.5887141747026
taia1239	0.174679649910483	0.698743076488906	-1.1956346386821	1.66805472824898
taji1246	-0.25663138675018	0.801219263985299	-2.10497303578922	1.21111627272094
taku1257	-0.172002555125857	0.803333319404615	-1.89414962048104	1.39036245923012
tama1331	-0.0966492230735445	0.845100508210262	-1.9761085889179	1.56648273969503
tama1365	-0.40942512114052	0.842521363844395	-2.38965273462622	1.09159610471333
tamb1254	-0.164763025286098	0.772472945011577	-1.87546964074397	1.32231396013141
tami1289	-0.106702615159056	0.822814864939976	-1.90512738821833	1.53709882053564
tami1290	-0.232397896672564	0.743684750994755	-1.83495461082636	1.15338753757002
tane1237	-0.0870006165109617	0.783502037671352	-1.77118647616445	1.44269758808302
tang1336	-0.381122180573032	0.767196476750344	-2.15047033979842	0.946558364720361
tang1348	0.0852347589311526	0.776027518042263	-1.52914138845105	1.67498846689834
tang1377	0.12328170490557	0.751768355080742	-1.39218290341621	1.73497212984367
tara1313	-0.433643855634592	0.776118156830762	-2.21620526536867	0.889278602607646
tari1256	0.317242922314978	0.806395071731244	-1.11772508131535	2.19568372556186
tari1263	-0.185299121405105	0.820715578701569	-2.05575095696301	1.35416668087322
tata1255	-0.231266538585078	0.792766917765433	-2.05245341660267	1.23833615335717
tata1257	-0.184458542225283	0.778899233647828	-1.86412921592525	1.34199336289476
tata1258	-0.409825331527869	0.796276673109412	-2.25790401090648	0.999623984208413
taul1251	0.0947628233783764	0.692226959226742	-1.36280946216909	1.53210089272329
taus1251	-0.123782192330577	0.81743150396208	-1.91301746064482	1.49055988903517
tawa1286	-0.118440922278967	0.79090097028871	-1.81545146789839	1.47618466807858
taya1257	-0.125253671006014	0.79504133083722	-1.94813545775423	1.40032314994602
tbol1240	0.32279889036287	0.770778004099053	-1.10221771252335	2.0480829258501
tean1237	-0.106677239416007	0.784538814656976	-1.80752105370469	1.42769617260986
teda1241	-0.0565600328179512	0.820142844601435	-1.80732928194186	1.61133281056971
tedi1235	-0.374633279500344	0.804065531668597	-2.22585996811023	1.07779993293261
tehu1242	0.210748804400537	0.802366474219464	-1.33446087108149	2.04462474840486
teke1275	-0.339077651270647	0.795824410605191	-2.14139995535094	1.07765984029866
tekt1235	0.0312195231583708	0.750724687227143	-1.48705208770375	1.64092995045444
telu1262	-0.142520886438145	0.781337118620546	-1.87664977843343	1.41494491169273
temi1246	-0.146225441393887	0.822727699887774	-1.94120223286399	1.45951952835781
temo1245	0.254095404437247	0.753047614357841	-1.14523924122427	1.9502243664003
temp1235	0.00251414681481769	0.742100839203507	-1.56209637351741	1.5271320568736
tene1248	-0.27607040025549	0.85666941705756	-2.21457167635054	1.31280260695447
teng1272	-0.0523123634409738	0.80193745208059	-1.74098965703802	1.55283021866584
tenn1246	0.236708350745425	0.804239737022051	-1.3191894334261	2.01565797072871
teop1238	-0.387129930603987	0.795591249002117	-2.20239199059581	1.01075508550689
tera1251	-0.40636212132672	0.774239668966691	-2.1784640007792	0.971910221849628
tere1279	-0.216160065911602	0.793860610720716	-1.98335761048678	1.29409778163789
teri1250	-0.0760660800009641	0.759201012215394	-1.70532799837701	1.42880822164669
term1237	-0.161672371668099	0.82956621998348	-2.06655195002639	1.46973068791184
tern1247	-0.291702279939043	0.827297947403877	-2.22297939298445	1.2365168780673
tete1251	0.0442989014448611	0.724724806627637	-1.46189238087132	1.59000643203416
teun1241	-0.140516820817313	0.836081193424423	-2.00882753410566	1.53582699812919
tezo1238	0.17411680722008	0.732705290981511	-1.25507823258146	1.73405627803041
thad1238	-0.407851407962904	0.795973014359376	-2.26339827260853	0.979208789851525
thak1245	-0.126464241928596	0.760124898452247	-1.73749544415645	1.40925244273447
than1259	-0.0753544375613711	0.744651461745946	-1.749317996846	1.45421594598447
thao1240	-0.324826609636851	0.806310313223573	-2.18864717183309	1.09770537089358
thul1246	-0.0601301598944529	0.71889349665347	-1.5880833085175	1.42990128933337
tibe1272	0.41190700888159	0.839027913234766	-1.05125946435524	2.39584359916612
ticu1245	-0.167123833034198	0.814208122392308	-1.99308028385401	1.36937797277005
tief1242	-0.38848738731736	0.695716785797612	-1.94646424829477	0.853388565497582
tief1244	-0.407585290418391	0.707610744966425	-2.01380547174053	0.84693966193272
tien1242	0.0381309066928615	0.802556151554924	-1.61499467731388	1.73294133371119
tiga1245	0.0561265495193545	0.732977298744689	-1.45641140527726	1.59399572246503
tigo1236	0.427980803047118	0.690164657364139	-0.774628620559231	2.00727944222594
tika1246	0.4096052085279	0.735192465989913	-0.950859185288297	2.07596745239631
tiko1237	0.466032510867446	0.836849975148591	-0.923632900401646	2.43641550674045
timn1235	0.0721428042304145	0.749217474697836	-1.46360913882378	1.68996010048071
timu1262	-0.195843023980507	0.797227353032027	-1.97568708315465	1.3556704930491
tina1248	-0.127892029122376	0.742782476137031	-1.78223012128857	1.27283228553115
tiri1258	0.60531924440458	0.827771789973545	-0.742232793704077	2.5216130989209
tiru1241	0.0968770323105019	0.727241282305853	-1.38502414866686	1.63357432547781
toab1237	0.252147730065675	0.778865980609208	-1.16071912363668	1.98439161010204
toar1246	0.015256115773385	0.703437522190014	-1.40601367491358	1.51307987340764
toba1268	0.0444130587668162	0.769921935381457	-1.55829711510034	1.68011506839035
tobe1252	-0.297539304343562	0.835943308361467	-2.2058285304883	1.26561026812417
toho1245	-0.327350733141298	0.79319405946081	-2.14949429540886	1.05889295792617
tojo1241	-0.11320115438556	0.775499843065944	-1.75055147492797	1.43542570515689
toll1241	-0.0824897502236088	0.790228137293408	-1.80261497337441	1.49842928405039
tolo1255	-0.344325758765402	0.723218967445326	-1.98995560361136	1.02119412780696
tomb1244	0.0648176644349451	0.774963040237013	-1.49396968279657	1.71159711740331
tomm1242	-0.285192638293252	0.86107672032464	-2.20589180937827	1.26552816515567
tond1249	-0.270579066520941	0.846519089946131	-2.22167804844963	1.32732970903827
tong1308	-0.111036588221782	0.821573685517099	-1.9597136942172	1.50781832120327
tong1318	0.127391912556308	0.783390820471435	-1.4312982607993	1.83554122991166
tong1325	-0.0818275722430311	0.789371653725773	-1.79674047784241	1.50502261276449
toor1238	0.348558071714363	0.796579059112194	-1.05678968066941	2.1655210241216
tora1259	-0.371364268425082	0.808704064467762	-2.25408358948457	1.06440934648209
tosk1239	0.331902588762415	0.792487708052529	-1.0742346783973	2.1225420028484
tote1238	-0.0946076974055028	0.771999041298876	-1.73003659084481	1.49009800410074
toto1302	-0.013647900095238	0.740309595605529	-1.56839739349004	1.51001794421219
touo1238	-0.383364749021029	0.802502968244072	-2.33768782514752	0.998403676916464
trio1238	0.222227806334295	0.805991102002536	-1.26963667959841	2.04719416594253
trum1247	-0.650645893134284	0.883820620788418	-2.73149035922776	0.714701223075329
tsam1247	-0.349755934755804	0.796302561924658	-2.1313444260533	1.06347376328487
tsat1238	-0.0453243885827425	0.821169155375105	-1.85638256897769	1.65736628355956
tsha1245	0.154623918782601	0.733872613914436	-1.36503157974006	1.75137811151325
tsis1238	-0.206235792533047	0.782977790682106	-1.98777954350329	1.2512355932027
tsix1234	0.0475677129040167	0.81755652655428	-1.61451690236814	1.80314248330211
tsog1243	0.237978529028607	0.818228057622698	-1.29193886450025	2.06099038387335
tswa1253	0.284359168106745	0.825036652144431	-1.26273728841658	2.15021739590745
tuge1241	0.504456699724356	0.843352625598181	-0.870375164466788	2.47157975105043
tugu1245	-0.222599062204178	0.83138605413216	-2.12555432371446	1.36498750441091
tuki1240	0.529224228147131	0.803307437070563	-0.835409678447824	2.37008534139996
tula1252	-0.60216746727901	0.787412423465399	-2.4434338903395	0.63557798061264
tulu1258	0.39523559719558	0.835341689750101	-1.06381316709415	2.41159593892724
tuml1238	-0.224911770285966	0.759905931090375	-1.94852166596608	1.19291688037729
tune1261	0.588318491053921	0.799595845268001	-0.743463634745975	2.42107062019001
tung1290	-0.0182599432128063	0.800098091242359	-1.75198336788985	1.59417913824841
tunn1238	-0.471042874150002	0.816823409704109	-2.3973426616027	0.895520577019864
turk1303	0.288175834741481	0.800400669785678	-1.12102290262096	2.13758035121008
tusc1257	0.37234344109064	0.860513248049353	-1.1513586341196	2.39734982883037
tutu1241	-0.293167336045997	0.659016723550824	-1.76117559832072	0.931642675645893
tuva1244	-0.135765898457698	0.803742555142214	-1.95029412734059	1.45548183273149
tuvi1240	-0.356750386044261	0.824717476343472	-2.25772790259182	1.11601635880378
tuwa1243	0.380766018757111	0.688088847201436	-0.817920672973648	1.97944153095792
tuwu1238	-0.436751900543081	0.826976100724437	-2.37455491931116	0.958271355230766
ubir1237	0.594267051718831	0.787330046363658	-0.69216129352267	2.38453704481805
udih1248	0.268950594115191	0.820877987754562	-1.25390947830811	2.11784485479581
udii1243	0.45478820362942	0.823339784979029	-0.942571586363113	2.38453221567455
ughe1237	-0.396986054901047	0.798420812550193	-2.32073110753943	0.980941332722531
ulch1241	-0.244962584140672	0.795126931863096	-2.06495940638521	1.21883717996134
ulit1238	0.558474357854469	0.901205270651913	-0.923331913073212	2.74084060786074
ulwa1239	0.246257367355935	0.804974212664407	-1.27012512032254	2.10609505119728
umaa1242	-0.250768800764149	0.804581904942902	-2.05272614110146	1.2906885144127
umbu1258	0.303654748177903	0.721357039359013	-1.04419138434745	1.95281473332409
unua1237	0.104255381504589	0.588171196575202	-1.04631250419631	1.36676706280405
urak1238	-0.0894154814203934	0.820377344747564	-1.88416233526631	1.55912481561554
urar1246	-0.0372598509973251	0.782003282048947	-1.68112647918608	1.55321440470617
urav1235	0.756464320829601	0.844464329398734	-0.497332626051046	2.7314779533089
urim1252	-0.259770729107193	0.767438807937005	-1.98559628292961	1.13113580537123
urip1239	-0.167802489154283	0.60406794472044	-1.50334177196532	1.02976365475032
utes1238	-0.198395529017017	0.782990893749133	-1.97976787029706	1.29843636824194
uuuu1243	-0.247998125071609	0.81551622038627	-2.0568670860716	1.28178191514874
vano1237	-0.123457591664509	0.787574443804135	-1.8241978682668	1.39545824563091
veps1250	0.528023856778122	0.879128416539686	-0.883062939640067	2.54612976906028
vera1241	0.0716022969676844	0.711339878669993	-1.40668273878006	1.5869295250066
viem1243	-0.351886082066234	0.755837154407776	-2.0391249538288	0.989226343774241
viet1252	-0.0598292768623761	0.804652052394132	-1.81414398453209	1.57864799365351
vinm1237	-0.0475152187564221	0.597690102673741	-1.31453276134248	1.16344266138154
vunj1238	0.333943535263609	0.821581828125405	-1.1864887376735	2.21647655014837
vure1239	0.073657771652825	0.713751641094878	-1.42681315947112	1.58256840050244
vwan1235	-0.0642017366202798	0.731324547748739	-1.57099390855339	1.51721315029159
wadj1254	-0.05294642365142	0.793411602331792	-1.74947428421004	1.56947379918219
wage1238	-0.198941459680225	0.812954817917164	-2.03390271801687	1.35249650748289
waig1244	-0.200499949663054	0.812286398213347	-2.02436134625131	1.35107465978478
waim1251	-0.0859792655766096	0.700793304105993	-1.6311265597647	1.2793016854419
waim1252	-0.208053703866632	0.808328743629444	-2.07372308962896	1.32656980298613
waiw1244	0.192267211175753	0.827740045212694	-1.40983081888684	2.02182401576238
waja1259	-0.618497206050094	0.791298692293372	-2.48154788503515	0.643593777135716
wall1257	-0.0881710304224385	0.796085685978536	-1.78146671899944	1.53292258381416
wamb1257	-0.31060552392198	0.713341325146946	-1.90720927589089	1.01112830402971
wand1278	-0.556931289493432	0.799296323737184	-2.3815483080384	0.759617148642195
wang1291	-0.0952681347011475	0.798553010335624	-1.81685257274297	1.45393996122118
wanm1242	-0.095335957108371	0.81285648933797	-1.85915094605483	1.49452810468322
waor1240	0.0644411681813897	0.792381076325611	-1.59906060936716	1.78868833644461
wara1292	-0.184871883202056	0.700040066843927	-1.71937262328266	1.16848706346072
wara1294	0.566701075483106	0.881785969891206	-0.841505263642912	2.67895428091517
wara1300	0.0149861265563323	0.80135065600625	-1.69055664656054	1.71777496710405
wara1303	-0.24390727815487	0.845073932481846	-2.21427950901115	1.34017544645831
ward1246	-0.217348489163696	0.834747101744583	-2.1677170657284	1.34141011680385
ware1253	0.0837554972825344	0.783979641369907	-1.52105277801765	1.79285984409469
wari1268	-0.346016587085972	0.829653036210387	-2.26477346971001	1.12690893321501
warj1242	0.112644625468498	0.764727572799347	-1.40728117172587	1.7650535795852
waru1265	-0.104764530628161	0.812114376138247	-1.90855228410178	1.52858359808804
wash1253	0.569309249456784	0.854221520064429	-0.762156746351411	2.64119369734683
wawa1246	0.212943332219749	0.732684442694533	-1.21201149295921	1.80077004943871
waya1269	0.171163779739966	0.827331308953362	-1.34491677655013	2.02525793783032
wayu1241	-0.208111299875822	0.680628888497987	-1.73960627034525	1.15248968030463
wayu1243	0.311865000941342	0.781339708387437	-1.07387259720109	2.08693473221931
wels1247	0.174887228243839	0.791666264353301	-1.36956524811534	1.98005026589777
weri1253	-0.203352783902825	0.717634053803344	-1.75937339601877	1.21638895530597
west2354	-0.278335987427934	0.7952789450803	-2.04294629827896	1.18289244988993
west2369	0.305493270470417	0.777640428700188	-1.15585666531551	2.09636733476441
west2386	0.0409387288714417	0.739472228598075	-1.49621471826629	1.61021673134587
west2396	-0.245335730122151	0.796776221985586	-2.0163976127146	1.24334556805454
west2397	0.32650400794338	0.818064190953013	-1.21404146862815	2.2302283773738
west2415	-0.00697253236247428	0.649913535866519	-1.34218313912393	1.34593822834055
west2418	-0.166724301650267	0.743822989460752	-1.77512272641194	1.25702200246015
west2430	-0.073403800143086	0.82290951327569	-1.83264699292753	1.67024194501691
west2441	-0.127274351132582	0.803810003699674	-1.90070837139268	1.42097741402858
west2466	-0.310555713887267	0.678002870217275	-1.85193325126015	0.963252165703594
west2516	0.0742952903936955	0.755975062147594	-1.48469076968726	1.6451803069607
west2519	0.291927565461511	0.790411777422533	-1.18623816385488	2.07258740048633
west2548	-0.167215462885272	0.81172808749925	-2.01870993292416	1.38419181664439
west2557	-0.142232665135228	0.814586269666865	-1.92426204582254	1.46901330682886
west2560	-0.144937892398579	0.780043958259869	-1.87877324701455	1.4157588567543
west2594	0.217814649983526	0.789219326033838	-1.27434581175834	1.95574632460707
west2600	-0.276473014809405	0.835413619916767	-2.18422891900334	1.2653114927964
west2615	-0.361642515403085	0.847627309571021	-2.29248834658805	1.17139135626978
west2624	-0.0972799866421113	0.79059621914245	-1.83755774880769	1.48138297873297
west2632	-0.37144929637746	0.810628698218732	-2.26488545201286	1.05275096278758
west2635	-0.0413046319794134	0.73079249204736	-1.5603336745184	1.48218579707929
west2644	-0.467306023786964	0.807296858157633	-2.33817665196516	0.885757385335668
west2650	-0.100114468576738	0.819047067332678	-1.9543509595227	1.57768831709909
west2763	-0.28391685429537	0.774913001111107	-2.06174618161828	1.10692324335303
whit1269	0.660543916144124	0.775462969703598	-0.55858774950153	2.47375115623347
wiru1244	0.196629689002317	0.694423300095524	-1.12693423943547	1.72486056386223
woii1237	-0.0798273327674259	0.838755935812136	-1.89700786281182	1.6299242022546
wola1242	-0.00243641762372554	0.764239525854588	-1.56049901849248	1.57456688924838
wola1253	-0.0330065566933743	0.739183624278203	-1.65416759079199	1.46934616706772
wole1240	-0.0783323286931442	0.824154470218388	-1.82886412826878	1.55175841022211
woli1241	-0.0953806763907018	0.827840237579082	-1.89409997441188	1.54817312354985
wood1236	-0.158329570785632	0.788835487305025	-1.9081590671059	1.38499860771381
wotu1240	-0.224442749436017	0.811629596146779	-2.02409285093877	1.30939340594712
woun1238	-0.207492748602053	0.795533211783473	-1.91259832023105	1.33380408346142
wuch1236	-0.065129442633912	0.81583730843341	-1.7816345221028	1.55458649800515
wudi1238	0.363268605269208	0.823065218890125	-1.10435358072159	2.25526601154964
wuna1249	-0.105166539437905	0.835061364600251	-1.91392531386259	1.56338116499052
wusa1235	0.330453443075243	0.819924160154299	-1.16983523302188	2.21575114030503
wutu1241	-0.122900132454421	0.794677515802738	-1.91018169914249	1.44151612377931
wuvu1239	0.389981449032856	0.815232772521878	-1.0440117701842	2.24076031944173
wyan1247	-0.116687247381371	0.791260100947011	-1.82622671952955	1.42660513980003
xamt1239	-0.090920959954215	0.786370750991063	-1.80273381587052	1.48112181351221
xara1244	0.509974633128277	0.800046450738318	-0.823057313873147	2.32445465430353
xhos1239	0.151548435844583	0.785550405415261	-1.36759323181578	1.93414751455153
xish1235	-0.0747998065802208	0.835685130428542	-1.8846734454504	1.62916662369474
yaak1241	0.158086648749945	0.738208344581474	-1.30609316625352	1.79188264429856
yaey1239	-0.117280363568825	0.810968485874903	-1.8437870231873	1.55578554198916
yagu1244	0.35886983036612	0.836609422753917	-1.09338154479929	2.32921038351539
yaka1269	-0.0600281211205484	0.774052452055856	-1.66316738280825	1.63286717844845
yaka1277	-0.119887161023745	0.802012728624445	-1.91538281062944	1.47524098576766
yaki1237	0.240304817311525	0.829324065700879	-1.2915833431586	2.0930946584394
yakk1236	0.035933244393736	0.726035828834811	-1.4406356373425	1.63820699299534
yako1252	-0.041971426580592	0.769903198273999	-1.68147599018294	1.53971446053444
yaku1245	0.250039866294587	0.785344346040859	-1.19970788199636	2.0017759363023
yami1254	-0.232216657400127	0.824930971561889	-2.10037070469979	1.34430902506043
yami1256	0.228141676406074	0.800536437276816	-1.25634828241019	2.02892046534222
yamp1242	-0.185935111079689	0.718574659707921	-1.77597807860372	1.16595423996217
yane1238	-0.101847529923352	0.724882785687858	-1.69628320558993	1.3539927907297
yano1261	0.192175158575731	0.817268817821728	-1.33768215641559	2.02728927092984
yaoo1241	0.0188115183770184	0.783607610774822	-1.56503911019888	1.69149059782629
yaqu1251	-0.258252542632906	0.827377593068129	-2.09854880032851	1.31412814304974
yare1248	0.623315358586646	0.787372227455321	-0.658596319882223	2.42567493065753
yasa1242	0.3331911986856	0.827157038796008	-1.13451781518479	2.24653593323096
yatz1235	-0.120711194330535	0.731898594316862	-1.76257709779982	1.2991201936472
yaul1241	0.182294089557928	0.692626877250122	-1.19573259145752	1.6332854595871
yaum1237	-0.191290432087108	0.65053526376078	-1.56800065943296	1.0712790875071
yawa1260	0.254400591149833	0.805635572050634	-1.26145617043825	2.08889271010422
yawu1244	-0.132520533922369	0.799813504381531	-1.871072691995	1.47945392255025
yecu1235	0.261115677916114	0.777247793519732	-1.18918373888557	1.91988569117904
yele1255	0.206568110252317	0.799528220160454	-1.29624950369988	1.98635052081133
yems1235	0.00356878585421401	0.755180047086216	-1.61060228035487	1.55553966430724
yinc1238	-0.292457239131556	0.798231963803337	-2.14437767160411	1.14739902570138
yind1247	-0.201988459708026	0.80810594269213	-2.02211875667853	1.36987008421138
yoga1237	0.495371026724562	0.753477405135748	-0.768466137829594	2.21307844693476
yoku1256	0.148815226802877	0.777197252351635	-1.41015191966882	1.82377106259757
yona1241	-0.16812767558459	0.811838049340669	-1.95030484456068	1.4583358975119
yong1270	0.403880309491885	0.829500588904538	-1.06386768436694	2.35198408547543
yong1280	-0.00810072940466717	0.729295554154006	-1.57844395794119	1.42816350542531
yora1241	0.0579999358242405	0.772415089294131	-1.52984800541523	1.67422787485457
youl1235	-0.285487578670483	0.805030621471464	-2.11542406456519	1.17320491057498
youn1235	-0.0786641942146371	0.849674817267843	-1.93247638398764	1.63448708862246
yuca1254	0.315394576329103	0.822940492687511	-1.14377398092071	2.2217750872919
yuch1247	0.260700655179148	0.817087380840116	-1.25244446966117	2.13077747268075
yuec1235	-0.0944407432567333	0.813457633654768	-1.83605011563455	1.5189317128653
yulp1239	-0.116805484237066	0.820432371434216	-1.90564173961581	1.55532414166426
yura1255	-0.296014771681555	0.822059387095667	-2.11344855463791	1.23634874721701
zaca1241	0.484391678029683	0.742027109098571	-0.765225472830551	2.17322674658959
zaca1242	-0.492280523947814	0.812802577785035	-2.3926714030208	0.84294583826261
zagh1240	-0.0239685583385972	0.817914708730602	-1.76615469826943	1.64535340110525
zaiw1241	-0.226794621256841	0.803373229991896	-1.97320104199991	1.31331736708643
zamb1245	0.386974400963802	0.821471954946431	-1.03599201865817	2.35462981606677
zarm1239	-0.0464938278859178	0.809747102278858	-1.77520522860455	1.60316867860824
zaye1235	-0.267587834159654	0.788134547080657	-2.05446134143474	1.18073068717588
zays1235	-0.155048651153441	0.760930508704128	-1.81587112459011	1.3399114557576
zeme1240	-0.271675055482944	0.739663892092733	-1.89411700161441	1.05489373665586
zenz1235	-0.345553335534561	0.775262580581005	-2.13788320655502	1.05159774412437
zhab1238	-0.178688390849291	0.829915912810568	-2.01178480514093	1.41773151072589
zinz1238	0.24102639379596	0.847635016839165	-1.36366566864889	2.12940240329456
zoog1238	-0.111782571193959	0.726740695491401	-1.73544247934213	1.33609794748031
zulg1242	-0.581937494203171	0.778646077831641	-2.36630460139332	0.709419921148826
zuni1245	-0.437987334070785	0.84597305299753	-2.40737920082245	1.03632074314205
