Estimate	Est.Error	Q2.5	Q97.5
abad1241	-0.511953435877398	1.09474430690089	-2.73902825391934	1.64463993886051
abar1238	-0.15237205624194	0.959078411448391	-2.02125655466343	1.8127004312436
abau1245	-0.0529094820035097	1.03501714045864	-2.0729604495465	2.01017325388068
abee1242	-0.383864543456009	1.24719447786946	-2.94195577793106	1.95627906545922
aben1249	0.717654782730999	1.07365379834525	-1.3649813656434	2.89745107077885
abkh1244	0.359194760528508	1.30668574019606	-2.19540143396848	2.93298191318816
abua1245	0.440677902497148	1.14524167589086	-1.82260679202349	2.75101706182071
abui1241	-1.24373598662786	1.23765543609272	-3.84812526154916	1.02584276261151
abun1252	0.496251113330409	1.25760416520301	-1.95480339474944	3.02101443124292
acha1249	-1.00280112604251	1.26849215030787	-3.71574330855506	1.36814663855047
acha1250	0.0904677973624223	1.27144298873151	-2.35725211750577	2.66688183993194
ache1245	0.835554069349384	1.32918065997018	-1.74332500012973	3.51222283294242
ache1246	1.31370757718607	1.27200516594808	-1.0859193508562	3.9435205377015
achi1256	-0.0505636045574609	1.25677644612042	-2.61779503175475	2.44199904273443
achi1257	-0.293000342020244	1.31066856237397	-3.00083142428276	2.19495786066645
achu1247	0.0454541668002874	1.29246531874404	-2.50332069618056	2.59186473087268
achu1248	-0.168260781983851	1.30133731625867	-2.85524495509066	2.30587893621904
acol1236	-0.53756389458232	1.31071914152034	-3.18379493013752	1.95315166627318
adan1251	-1.31064701947565	1.24345882109593	-3.94089456714394	0.94273802789237
adny1235	-0.318721970877377	1.26597386982009	-2.90949165979715	2.10872977688927
adon1237	-0.996105545872057	1.24934747259939	-3.58785756321907	1.28904828998236
adze1240	-1.22862298520327	1.12312896583231	-3.53271317668998	0.913531517819024
aeky1238	0.467054212121857	1.19155688711784	-1.79476196919613	2.88372723151059
afad1236	0.561864825872031	1.14386868132704	-1.5936532950912	2.90293779884898
afar1241	0.115354898962411	1.38218584321472	-2.64191502361291	2.9696604116983
aghe1239	0.0653545966450687	0.994725338450211	-1.84761186041416	2.069537515215
aghu1255	-0.211145429815331	1.26218703545938	-2.77335626436862	2.30874781327248
agob1244	-0.236372779194003	1.18130420052149	-2.58372955448125	2.08135321853265
agua1253	-0.741175389426939	1.35887456845964	-3.65365581715855	1.7575335066731
agus1235	-0.53149236674635	1.31299631999927	-3.23883203128767	2.05642301219703
agut1237	-0.547799862030649	1.24801417717338	-3.1896697483953	1.80228496216815
aheu1239	1.13924393496446	1.24632443595647	-1.24744251627986	3.71670404793611
ahin1234	-0.265319754405281	1.08358765309141	-2.46067363321147	1.82277255367328
aika1237	-0.574804703685889	1.22354842439557	-3.06851495729812	1.78192313624628
aime1238	0.0844663484439705	1.11813402016047	-2.12869569800673	2.2946287254796
ainu1240	-0.187355183832004	1.39806179599396	-2.97884928555248	2.58913822263362
aito1238	0.894529617442926	1.11436829896746	-1.24039858724438	3.16841927496375
ajab1235	-0.88680678880709	1.18457369228113	-3.22452751727576	1.38077050491659
ajas1235	-0.293078842955772	1.35253624640532	-3.03251988428131	2.31131496908084
ajie1238	0.426690809962187	1.09894689208302	-1.76857496519037	2.57512229059328
ajyi1238	0.371344646773618	1.1962405186926	-1.95069345638942	2.79868920183024
akan1250	0.504489565759272	1.25393989045967	-1.88363934071759	3.06416750396425
akei1237	-1.04555263446227	1.16097920794595	-3.50760298475414	1.15052909406438
akha1245	-0.222494193469213	1.12773627880154	-2.48869835672166	1.98394085159636
akoo1248	0.356637154195315	1.17487365484588	-1.92315315744499	2.73599421309887
akun1241	-0.657850780564998	1.23273287321779	-3.18147936312615	1.72903203695372
alab1237	-0.171444809620296	1.31433988907012	-2.84109623970372	2.3870891799746
alab1254	0.49936878920015	1.29446000017982	-2.0085351426313	3.15738886963238
alac1244	1.0852287494996	1.15985544747379	-1.11789423223288	3.50816377500814
alag1248	-0.302219717458584	1.21386406664337	-2.73495950962329	2.03943826154843
alam1246	0.390262913112642	1.130447783249	-1.8012382853668	2.62132387935825
alba1269	0.460381181165858	1.2137525218009	-1.91128919539622	2.83873760737506
aleu1260	-0.243895407993815	1.30563362267476	-2.91084593859379	2.32985280762777
alor1247	-1.33980159063276	1.24386655002281	-3.97102862107419	0.895851310942914
aluk1238	-0.421518462664255	1.18405632876502	-2.74776629582938	1.93425690569951
alya1239	0.305027799184207	1.25162450135514	-2.20723558423007	2.78231073080581
amah1246	-0.031261786492246	1.25743313711055	-2.51632128040079	2.41862602519281
amam1246	-0.214491945701779	1.04236291109853	-2.22673318226418	1.819224224584
amap1240	0.494406288780921	1.07434525238846	-1.5386605718344	2.7250767466836
amar1272	-0.35241536943445	1.07975987014921	-2.57861178772754	1.70177853965336
amar1274	-0.220055278204096	1.30482463532223	-2.87566916921919	2.28832193796843
amas1236	0.0374982434549432	1.35279645295542	-2.63919071811484	2.73338390184994
ambu1247	0.6176367154147	1.14369619875189	-1.65435185759072	2.88574214784155
amdo1237	0.957641878786002	1.2275851147908	-1.32712022380495	3.46983944404931
amha1245	0.175618168813887	1.30418870115239	-2.31345738037788	2.79444242769293
amii1238	0.872141140856197	1.25124466699555	-1.49917100410073	3.40519648852189
amis1246	-0.148294590661087	1.14729088418333	-2.44624110543395	2.03729799397689
amri1238	0.321153119311332	1.09860185553247	-1.86162008219924	2.4946861477965
ando1256	1.40663368760028	1.29300681961485	-0.981913735214124	4.14169292258655
anei1239	1.4282123401478	1.21140401206711	-0.826366617199451	3.91290997065262
anem1249	-0.165967456345681	1.06013284743441	-2.29847387928636	1.84943321469029
anfi1235	0.295013015818381	1.26819389674216	-2.15348060253034	2.86522225582237
anga1288	1.11682751035309	1.00709257753111	-0.853429811711518	3.13517694903082
anga1290	-0.973948894798072	1.07407007715379	-3.25852575609214	1.05385717854651
ango1257	-0.810493611218528	1.25621948876319	-3.34721205821326	1.48478014223453
anin1240	0.447262810994287	1.27289423403757	-2.00775654969883	3.01481463342931
anta1255	-0.115474308062707	1.33362761761723	-2.84665974218396	2.45802219258242
anua1242	0.489112095049467	1.27528518623918	-1.98973405078746	3.08963436248074
anuf1239	-0.2415266369469	1.18847953478882	-2.64711880705403	2.06581154722063
anut1237	0.400641752705149	1.30187949208116	-2.15175073901483	2.98080348507806
anuu1241	0.540394774021792	1.17986689911261	-1.73815911206251	2.8508350869933
aona1235	1.66985284579261	1.07641378105256	-0.366478914793583	3.85583224850341
aoua1234	-0.109513084634092	1.34446428192535	-2.84676274751876	2.50372315680553
apat1240	0.906974060727054	1.13051643540091	-1.2520006917262	3.15632519746096
apin1244	-0.533853557905344	1.30444483202194	-3.26987367399277	1.91046007957189
apma1240	-1.07135949729283	1.09304169263958	-3.29545676239534	0.96578985468363
apma1241	-0.174301958001762	1.07884378968895	-2.28475036361682	1.91539785248735
apur1254	-0.298830310064292	1.23621166498712	-2.7110294564858	2.19140085758295
arak1252	-1.12516432469375	1.12780724146471	-3.51267513375442	0.994688632888182
aram1253	0.469475546226594	1.24934425941964	-1.99792155430121	3.03004372885356
arao1248	0.200637217513258	1.25347340338114	-2.29632783574319	2.62050850924067
arap1274	0.0337103620328188	1.33877033633929	-2.60735177686863	2.721670136096
araw1273	-0.142832028527111	1.3426008552398	-2.8253928991237	2.47818012125303
araw1276	0.739016532882582	1.2232928946828	-1.52426073143034	3.30948250689037
arbo1245	0.937594932843503	1.2708020432462	-1.46978780002929	3.56060893376859
arch1244	0.803518253418027	1.34408256226587	-1.81530349748313	3.55201726971486
area1240	0.214355728712522	1.11629306275575	-1.97583675491409	2.44861788412759
aree1239	-1.25796931940431	1.15016907406599	-3.63758595445118	0.869860401343202
argo1244	0.177422808173809	1.38378580622165	-2.55902261765417	2.95490399207005
arhu1242	-1.04626779167524	1.2170234063973	-3.57622050123593	1.22931925391336
arig1246	-1.61550087054799	1.13638867363479	-3.91171465487184	0.510739030864062
arik1265	-0.619875013793898	1.20831283611282	-3.05341566777	1.72137639124985
arom1237	0.270903768782449	1.31387958220704	-2.27494228239032	2.93179507583866
arop1242	-0.085877260211581	1.07778325757413	-2.26159317867203	1.97940080798604
arop1243	-0.742746164186577	1.21999317952404	-3.19654312640328	1.61026761576704
aros1241	-0.355398041129098	1.21724764552988	-2.88790192049694	1.95206556651301
arta1239	0.0799651274254538	1.07628797494032	-2.05939759532096	2.21088851065456
asha1243	0.415995842077731	1.26916691496361	-2.06090584657734	2.98245227808267
ashe1272	0.457514619833294	1.20724774468746	-1.85017571332829	2.90544820532731
asoa1238	-0.232538299570006	1.21399477699349	-2.62368975493985	2.07951359080092
assi1247	1.04204524260818	1.3288837672653	-1.4840423199734	3.80141628505123
asur1254	-0.760420376530501	1.26594782890017	-3.42336754946323	1.59364623133036
asut1235	0.0416928385878096	1.24201090025651	-2.38870379186962	2.54898835460707
atam1240	-0.797026244208901	1.26905190985668	-3.45745609550567	1.58288630082171
atay1247	-0.618281331079552	1.21568513319323	-3.16982814073977	1.68028980523108
athp1241	0.101326750770107	1.059111972627	-1.9988736114061	2.20301424182962
atii1237	-0.483164455933074	1.29783499344817	-3.17660240850859	1.95878210953102
aton1241	0.268644790954486	1.12613383794522	-2.01088621829193	2.4947112608485
aulu1238	-0.849150816614758	0.965282507797883	-2.78553411332705	1.09453911840391
auuu1241	0.236655714262682	1.05100514363794	-1.83370365647148	2.30582687300486
auye1238	0.906081691972355	1.15324860855853	-1.28639570543634	3.27464776828132
avac1239	-0.178527431160613	1.36482310122357	-3.02917461809894	2.43111684582633
avat1244	0.708439576710985	1.11754174175844	-1.4611080388804	2.96467125160222
avok1242	-1.01613011375917	1.14533965188508	-3.42560852834935	1.15029899910899
awac1239	-0.388985775007874	1.27049830606377	-2.92272527631357	2.06078368342292
awad1243	0.182941269934156	1.23787220232704	-2.1829888935866	2.72437652948712
awad1244	-0.719557888956342	1.11893115763182	-2.98859566760873	1.42092630487117
awap1236	-1.61699307047256	1.15175049538423	-3.99022089003021	0.515307094470532
awar1248	-1.11634398019143	1.12055224739751	-3.39157730092634	1.03307869883896
awar1249	-0.48977052811854	1.07110703547865	-2.64877522419519	1.58217192715056
awet1244	-0.262497265669557	1.024277868904	-2.2925347048611	1.73880723896697
awji1241	0.146378113455729	1.34755566617639	-2.45494649111652	2.86328251864214
awtu1239	0.105294233660783	1.03835673500681	-1.97356315536054	2.14211813520789
axam1237	-0.712262319395727	0.978215799229832	-2.68636278557759	1.20827811242683
axiy1235	0.590715095125072	1.17347856876115	-1.67551808063382	2.99523864469932
ayac1239	-0.292115652442671	1.3038770368684	-2.97210600115835	2.17127797134432
ayiw1239	0.16111642156926	1.15728519142518	-2.08962596359583	2.42463303788271
azha1235	-0.0938225737590847	1.20603392629826	-2.50537581915803	2.2347077884251
baba1264	-0.173542778221885	1.03693081954419	-2.1873669315517	1.84811027834069
baba1266	0.10654081469105	1.06089086690647	-1.95232908500386	2.26498218328649
baba1268	-0.153908256129092	1.17688353543725	-2.54933167398656	2.07959868574221
babi1235	0.370512112024147	1.2698372259059	-2.08864556034418	2.88996820637494
bada1257	-0.268523093533939	1.1851890723516	-2.61709097711026	2.01928014551243
bafa1247	0.311630478144937	1.20995230806322	-1.93420276944453	2.77305482565849
bafi1243	-0.213689940493185	1.17496459298818	-2.52466283090863	2.13931053504028
bafu1246	0.16642955936129	1.03632861322595	-1.85737112265448	2.22467929637559
baga1272	0.325061391747906	1.29644244286854	-2.17241518244783	2.92822942348703
baga1273	0.255386496660596	1.27560066528124	-2.23777855479992	2.79981062105666
bagi1246	0.539301635397918	1.09515543177604	-1.55258496933603	2.80382890320072
bagv1239	0.965728656690068	1.33472996373995	-1.55535402450017	3.7158508051853
baha1259	0.0810070546326971	1.37393861761462	-2.6601789108183	2.84481755116292
bahi1252	0.428310251420378	0.978996257840046	-1.46706416091352	2.38748722527184
bahn1262	-0.542811036266455	1.17295940672345	-2.93746347407171	1.65143164387756
baik1238	-0.730157929243466	1.26501161713115	-3.40086262973695	1.66327446761492
baim1244	-0.340704395374341	1.25433454827671	-2.92980807289405	2.05338933369191
baka1272	-0.678560266581852	1.20297223183003	-3.14855164084399	1.69679584048153
baka1274	-0.733908937662097	1.18196299825018	-3.10018091023283	1.5359223041516
baki1244	-0.661510376867309	1.00739898933232	-2.71325212863579	1.32179435794363
bala1311	-0.489678464166952	1.32755081642653	-3.24384722797793	2.04429269810737
bala1315	-0.0844456917330668	1.31776156894595	-2.72056960483739	2.53123787193988
bala1316	1.55543856074324	1.14024615181549	-0.584228336913786	3.87783453654581
bali1278	-0.366483970121111	1.28620698417891	-2.98084249629895	2.06045067428104
balo1261	0.431401195778013	1.29953416908185	-2.04132291066184	3.18181766588672
balu1257	-0.781281998225115	1.22972011941045	-3.34390545768292	1.58023492402727
bamb1262	0.0242960654649269	1.30661249350176	-2.51204412794268	2.61931107317006
bamb1266	0.111443046001051	1.03341953023025	-1.90359690214305	2.18832829682851
bamb1269	-0.0570095115480985	1.32551609298313	-2.69173479726458	2.56589372790378
bamb1270	-0.172172579966672	1.32902255467238	-2.87495406958678	2.35012434413834
bamu1253	-0.442896224552761	1.13727697165851	-2.66538652753986	1.76929079311079
bamw1238	0.737486242676058	1.28151967450222	-1.68279477770542	3.43456456453315
bana1288	-0.638906762811086	1.14590185144259	-2.97918307405708	1.53484765085358
band1340	0.292255484541773	1.274758728416	-2.08177217774417	2.8397108512829
band1344	-0.556798130956774	1.20780209769354	-3.03037330930506	1.70049010414337
bang1354	0.193901631198368	1.35140153158852	-2.42924550348157	2.93688924057367
bang1363	-0.0261402651968149	1.30273653689907	-2.61015748428663	2.55622897191744
bang1369	0.583137287461797	1.2011286744091	-1.76354256534451	2.98956796108427
bani1255	0.553536930489761	1.25435624203337	-1.83547342536315	3.1004643673993
bank1256	0.330176691271747	1.21280609889095	-1.94710937493952	2.75568806073352
bann1247	1.51689039138537	1.03184408532005	-0.455496752348896	3.63123770017301
bant1281	0.164575096790713	1.03363110638053	-1.8649813831817	2.26066323160448
bant1288	-0.301302353302649	1.2757071249268	-2.91285465055531	2.11663203147339
bara1357	0.504587029396043	1.00654888216594	-1.4338248787288	2.53360615466167
bara1361	0.265740748552388	1.18584992244833	-2.04572755232276	2.65643191218594
bara1369	-0.134471583242085	1.34433322476872	-2.88497843633348	2.46615562644192
bara1370	-0.137957918783835	1.22059500925004	-2.62742456477152	2.25011033292838
bara1380	1.37436633223099	1.30410825246854	-1.0302395223258	4.10390411130718
bard1255	-0.406360463644907	1.36527899923242	-3.21157975994058	2.21797635461535
bare1276	0.605067196617434	1.21443677758867	-1.72685047106828	3.06844266904763
bare1279	0.581708906218787	1.25533731874735	-1.83774510063749	3.06178687195958
barg1252	-1.08579391777542	1.13743897219166	-3.49768610751023	1.05441402719175
bari1286	-0.381555875831565	1.08452737481713	-2.60424310566882	1.68823101570588
baro1253	-0.628182368023219	1.09614143060058	-2.89286105242729	1.41914808569078
basa1282	-1.23031010543277	1.17273154051145	-3.63260117046293	0.946952259909493
bash1264	-0.0286184600282255	1.3597908112568	-2.68672906373443	2.6459887863669
basq1248	-0.426143115044085	1.33564803932113	-3.12045047695858	2.25535940368712
bata1285	0.226867273430685	1.31341400036048	-2.31937378236004	2.91086445863425
bata1289	-0.260683886782959	1.28605316280735	-2.83352039612766	2.22064577388015
bata1293	-0.24596707639356	1.32254287035465	-2.9305278688344	2.27396381239192
bats1242	0.72903178129881	1.28762495326541	-1.70814693444069	3.34791544304575
baur1253	-0.269413359390976	1.17889353509466	-2.57019369388931	2.06296564216179
bauz1241	-0.642900382049552	1.19504714633836	-3.05264114776831	1.65482122013924
bawm1236	0.471077473150706	1.14761490487898	-1.71564477232753	2.8005472482906
bayb1234	0.285248631075397	1.23620172953263	-2.12011856843279	2.71362117124102
bayo1255	0.270450169128711	1.29655120023075	-2.14889610634614	2.87499530537745
bebe1248	-0.327715363760356	1.2711291198454	-2.8598299387773	2.16337316625802
beel1236	-0.70175839124315	1.06557879177099	-2.84048234271731	1.34518240217911
beem1239	0.15876024097948	1.37157050713189	-2.45340245359987	2.93014766618316
beja1238	0.0352664666182422	1.32386531369593	-2.55263777538188	2.66409473406222
beka1241	-0.40454575780501	1.25073989559147	-2.99245208549543	1.91189612075777
bekw1241	0.0816331412548158	1.20698307827599	-2.26759989049835	2.53660269992749
bekw1242	-0.279309948500686	1.2772811860683	-2.78474642458401	2.31996110551142
bela1254	0.125480898685305	1.31896104253676	-2.48533215924464	2.76858937285568
bela1256	0.458442784388456	1.25171675866448	-1.93182213386997	2.97894631328159
bela1260	1.39484547086903	1.16893377287375	-0.805735303623956	3.82414495888951
belh1239	0.113382739273333	1.04151789306006	-1.95057482291521	2.23027561365206
beli1257	0.496273904056815	1.20308309827966	-1.81098192842309	2.95357838485783
bell1243	0.686737100471831	1.22618074029879	-1.69330995226273	3.19061255624065
belu1239	-0.362189146513516	1.19194024034615	-2.74969124445962	2.00405705225356
bemb1257	0.115973272154443	1.31329370367072	-2.47215197756564	2.77517338712049
bena1262	0.0234820224342191	1.28598139453201	-2.56822373027351	2.61088716903568
benc1235	0.150227154572793	1.24847972669384	-2.36183944940835	2.61604842830135
beng1282	0.217864794590842	1.32884848637669	-2.32996683975286	2.9235439648227
bent1238	0.105785791975766	1.29466532053271	-2.44361779992325	2.67482253850517
bera1262	-0.0881140854466676	1.29512698622976	-2.68115674128027	2.40443302099961
bert1248	-0.146505856636982	1.30859947454043	-2.74436937199543	2.43613445181263
bezh1248	0.888522322721958	1.32269927611981	-1.58803729103628	3.62289095504871
bhoj1244	0.00282745765971081	1.1996237107175	-2.41061266021933	2.42794608711056
biaf1240	0.274998691242064	1.3094950692707	-2.2859468188948	2.87608561211818
biak1248	1.07151078283553	1.19860834558856	-1.18579408390838	3.48769457342414
bian1252	-0.733804777454087	1.02967050834632	-2.80690361817937	1.22647032287201
biao1253	0.535942964279086	1.28951848797094	-1.99100171177559	3.14575938255824
biao1254	-0.0860079857217743	1.3086285935138	-2.6945244983948	2.48037429297638
biao1256	0.155691594267979	1.3618299947685	-2.52652741038959	2.80897894773824
biat1246	-0.51278135229753	1.27298692127855	-3.14844484695207	1.84156770242822
bidy1244	0.2690181257913	1.35553357457825	-2.37648327495571	2.98267744717391
bier1244	-0.696883621032247	1.00825152896504	-2.74853768429873	1.2596756835472
bign1238	-1.08706683274898	1.04473122637495	-3.22167528659596	0.899128521304825
biha1246	0.202682300191894	1.13177312360445	-2.01893114192822	2.45073812431479
bila1255	-0.299913332983065	1.19736308570481	-2.66060814254102	2.05604795923601
bilb1241	-1.18282125362836	1.11503336547275	-3.55990633100825	0.858545454041007
bili1260	-0.113108816454259	1.3292299405588	-2.76078254673632	2.58430688155013
bilu1245	-0.0607435830523683	1.15208815665496	-2.39138429005608	2.14797951706808
bimi1240	0.678665860216788	1.09641758515224	-1.38968542627128	2.89246288026695
bina1277	-0.286679011600978	1.11984599986994	-2.49471075010289	1.90551461735604
bine1240	-0.254621416936168	1.19947178224105	-2.67505399024713	2.114306952886
bini1246	-1.74595101027668	1.27547740604289	-4.38687199432809	0.562030692546846
binu1244	-0.83135039376834	1.26735726522041	-3.41280932589034	1.57126373298632
bira1253	0.880740680822794	1.25026629248085	-1.45985029598116	3.47915666650284
birr1240	0.969199234095761	1.23281547709871	-1.36862827466746	3.44678428146214
bisu1244	-0.607172974402309	1.20898619748381	-3.10314366531238	1.71950838442617
bitt1240	0.553220925396613	1.08724675382264	-1.55623283439535	2.79938289631962
biwa1243	-0.0348453889598719	1.07627255948362	-2.15938182814109	2.04531901402374
blab1237	1.87716592566646	1.08905169238629	-0.1229335477698	4.15629399306489
blan1242	-1.08154890499577	1.25516445676742	-3.73269159632472	1.22223606304048
bobo1255	0.0115917380074112	1.30294332034905	-2.62686263024247	2.59344246924322
bodo1267	-0.256624626133785	1.12640277485296	-2.60839097325005	1.88290173336009
bodo1269	0.685968945429402	1.11509601542824	-1.46687234410966	2.90410279002938
bodo1272	-0.710634036435971	1.25286622386468	-3.23091953899156	1.69315068514004
boht1238	0.367507611282355	1.33595360765629	-2.16348320591781	3.09438934910756
boka1249	0.878119532054833	1.2214233966585	-1.38153303842444	3.44225185639142
bola1250	0.385101694276481	1.07619839130394	-1.70486713567994	2.50613110568211
bolg1251	0.72853667162405	1.19995103080253	-1.56141920155822	3.16970206597421
boli1256	-0.0726138505568057	1.16376478786391	-2.36150298905245	2.21307554924474
bolo1262	0.450607817354728	1.29126601943312	-1.99738217579158	3.11991643783265
boly1239	-0.148993641069718	1.24540204772866	-2.65930056399203	2.25575145840823
bomb1262	0.759465508074081	1.25863770371166	-1.64478524611669	3.40103975766875
bomk1234	0.134928403793016	1.28829327437338	-2.36114684619332	2.67364513018724
bona1250	-0.20506878760988	1.24891590779559	-2.78933185782085	2.16684313182564
bond1245	-0.0185765436798753	1.03398497697949	-2.07939022881375	1.98674630806398
bond1247	0.10640882546306	1.25390565378366	-2.33026582484768	2.60583266671086
bong1284	0.228433272799722	1.33926322502026	-2.35477335089434	2.97114703124856
bong1285	1.08603735880138	1.183345478992	-1.18146951275277	3.49872240484838
bong1289	-0.204964853378708	1.22257454693843	-2.6673340233908	2.15163627273689
bora1263	0.997256628170907	1.2817596967915	-1.41418360910824	3.68720575219168
bora1271	0.170505676508045	1.31473113984542	-2.43654800060904	2.78206858333554
bord1248	-0.592891067539908	1.30753617520323	-3.22332362717651	1.89009651045286
bori1243	0.582959147574169	1.1376904764508	-1.62795425812188	2.79937831532994
boro1277	0.069691897762589	1.30714279613105	-2.46410697471303	2.71620312638643
boro1282	-0.59855535288772	1.31427487530774	-3.29461846921041	1.91958992981065
boto1242	0.714446999568441	1.08490583309201	-1.43646744924557	2.92248849610439
boun1243	0.437478411142791	1.30530134549057	-2.03705029128443	3.03872768815761
boun1245	-1.3657871136824	1.14717887995143	-3.71085765075751	0.798767287592558
bouy1240	-0.360031936993163	1.33537922456584	-3.10412171716119	2.20826677250296
brah1256	-1.24376707269803	1.32634687527348	-4.04743053072171	1.21795643939631
bret1244	0.126235759765687	1.35319694661042	-2.48314675583194	2.85321358741617
brib1243	-0.315049605839143	1.24241625521318	-2.8462905948654	2.0991026729065
bube1242	0.00242926917310118	1.27798058547285	-2.47829011670548	2.55466665806783
bubi1250	0.195729150915141	1.36865708083565	-2.5076034489424	3.06628054476904
budu1248	-0.286164448519428	1.24825724694191	-2.76547319728571	2.15470322310746
budu1265	0.417890510719111	1.228994082378	-1.95637998725384	2.89805656012223
budz1238	0.625552027276137	1.33673694206763	-2.02282643006175	3.38687382213811
buga1247	-0.349105779960667	1.22839385767947	-2.84128371155424	2.02495314840474
buga1250	-0.490071571850042	1.01641792709277	-2.52740846817931	1.47106094408703
bugh1239	1.92053827300533	1.1093962812622	-0.131717169632943	4.16884651879364
bugi1244	-0.264878571648488	1.34540227167008	-2.93301974944266	2.34492836202666
bugl1243	0.947198733686834	1.28079340719759	-1.54631640173917	3.55459916963631
bugu1246	0.907298461562758	1.06824075025738	-1.13268019417132	3.06072542860267
buhu1237	-1.2265787356916	1.23840392385271	-3.85783558726864	1.08690991211593
bujh1238	0.349335494584937	1.02625772443701	-1.6256180648341	2.40378104203316
buka1257	-0.548225671511938	1.2638853614885	-3.23033338431399	1.80423757110005
buki1249	0.492009574221444	1.16315753492556	-1.84051525545384	2.8289050919575
buku1249	-0.226731892986024	1.26337024459885	-2.77070784112593	2.25448032878338
bull1247	0.256774715527616	1.28042918085238	-2.25176571945426	2.83278644822439
bulo1242	-0.281820340967156	1.25636380393017	-2.82217481564575	2.17890430735769
bulu1251	0.116126989898359	1.31677208479682	-2.36157467717839	2.80818009490373
bumt1240	0.166070960405365	1.12332407754895	-2.04823627198131	2.330205653778
buna1276	-0.700491725330586	1.22208278670697	-3.23845088565193	1.60848132205413
buna1278	-0.302080530512559	1.217549530758	-2.77328942829563	2.07165770144623
bund1253	0.284091225819197	1.30879033750001	-2.20584105652229	2.98854654533416
bunu1267	-0.282632886037394	1.13622932880039	-2.54527182472745	1.9128908981206
buol1237	0.277108167397076	1.32352668790554	-2.42365648206168	2.84466967229392
bura1267	0.911749052983129	1.27028849129383	-1.45508058529959	3.57448703266921
bura1292	-1.41312321429422	1.12104713453619	-3.71459126691196	0.690285349741668
bure1242	-0.386295409613453	1.09054051474666	-2.59641529549244	1.76110218393227
burj1242	0.410904908120065	1.34418592409909	-2.20064787922615	3.16105793993131
burm1264	-0.776435719655159	1.16952626708203	-3.21200584748555	1.43720939517506
buru1296	0.507741444686791	1.265512146482	-1.88776034909314	3.13953181045511
buru1303	0.0598659508732232	1.29650109919082	-2.54632804608608	2.5718376857307
buru1320	0.0664010785350292	1.26454531167914	-2.38753751744766	2.51482358106016
busa1253	-0.146008839162453	1.30036551231409	-2.74606741899967	2.3489935996297
bush1247	0.112030871399797	1.36612246363806	-2.54837096966114	2.94782716400235
buwa1243	-1.99991878507766	1.0635170598541	-4.21596495767286	-0.00306324423134779
bwai1242	-0.947358543466967	1.1314449559556	-3.35766036834092	1.14780524481212
bwat1240	0.675898499471833	1.13014707965575	-1.56373607176442	2.8613693851399
byan1241	-0.598154912862724	1.23281312487324	-3.1344226507749	1.70755369091393
caac1237	1.80841445160287	1.16454420578422	-0.350580472556659	4.22565572483358
cabe1245	-0.248322057764857	1.29086441499071	-2.83950494299327	2.26952259104837
cacu1241	1.41640680764239	1.24084687353635	-0.914862379821273	3.96357713584047
cahu1264	-0.280987022874684	1.25582880464413	-2.79971675653362	2.0890269806308
cakf1236	-1.43828229018778	1.11279087038747	-3.74841053727808	0.645851160730859
cald1236	0.275864924395262	1.23486168460486	-2.14808268644101	2.71405685696442
caml1239	0.313772534321747	1.01876667129866	-1.6991139358014	2.3475362533348
camp1261	0.126007704579501	1.35514030512028	-2.48464889421034	2.86748923968324
cams1241	0.0283804223560911	1.19232159213926	-2.42754480804254	2.340954756739
cane1242	-0.470124779829433	1.26173027093881	-3.0870452718231	1.90381468019693
caom1238	-0.330244928963567	1.31193408305708	-2.91469414720483	2.20326107763784
capa1241	-0.776603929638214	1.31556249026257	-3.39165798120595	1.6923468850306
carn1240	0.893701744686023	1.25779214990463	-1.49171877206683	3.42934910941577
caro1242	-0.20720749845198	1.3392699592418	-2.96698485562708	2.38615092872294
cash1251	-0.41461919002699	1.25710227604413	-3.00292074936838	2.01731040486995
casi1235	0.154186182364189	1.13361404987059	-2.11810835202927	2.32870617283042
cavi1250	-0.221834133343249	1.22870828153468	-2.68762510180151	2.09932242265661
cayu1262	-0.230117971813871	1.19634740961295	-2.65407726552813	2.07158497321632
cebu1242	-0.776771613100398	1.28345768804771	-3.4334242527249	1.67301897173966
cemu1238	1.363285497096	1.12475605606882	-0.800889414402275	3.64846911031374
cent1972	-1.14083775078674	1.24661234848827	-3.71868026839016	1.19366911153055
cent1989	-0.439729629066856	1.29747664129147	-3.10783569552504	2.05888148125744
cent1990	-0.109720535844768	1.22491666676182	-2.50858905913785	2.30650707456336
cent1992	-0.175932983949944	1.19399761550407	-2.56031708796515	2.09299627241942
cent2004	-0.598819849794234	1.27135416796255	-3.1992637209146	1.82587028762883
cent2050	-1.19706472901873	1.27388939728995	-3.77776499193998	1.20296896514231
cent2058	-0.75958709249488	1.19022439851851	-3.23788656975735	1.50956330468612
cent2084	-0.11754966210633	1.16090078424576	-2.45008322014526	2.09658607219467
cent2087	0.898583797362682	1.21120119527312	-1.37110988164615	3.40758818662574
cent2090	-0.516705887005611	1.26029637292965	-3.09653747088031	1.90082060762953
cent2091	-0.323453563172042	1.30480213105329	-2.92763128528407	2.16778692752608
cent2100	0.68160743336454	1.09101099373952	-1.43138960084392	2.90936917733418
cent2126	-0.437660749751908	1.29050487531942	-3.00598371774882	1.99860408603595
cent2127	-0.201525929632689	1.3045882788961	-2.78906931978682	2.29682631544262
cent2131	-0.535235031238364	1.27568073301018	-3.07282853664611	1.9497097763619
cent2140	0.526494784812928	1.24029434159148	-1.88645785346181	3.0509004735287
cent2142	-0.445933099932389	1.28643044363876	-3.1065724536102	1.99892728615248
cent2150	-0.783820412830825	1.28933427786205	-3.42927702685867	1.68949551468071
cent2292	-0.697462693189644	1.12413265555825	-3.09415430597943	1.38980516122903
cent2314	-0.320161145070904	1.27578623918123	-2.93945126354558	2.0817021040205
cent2322	-0.0399726711032683	1.37670709639162	-2.77904198066718	2.64423653307045
chac1249	-0.104331947374381	1.26773662066787	-2.76065943208085	2.33417027327274
chac1251	0.132268734409815	1.21903711095757	-2.35269751628964	2.55907096919647
chad1249	0.0758363373228464	1.38628348579664	-2.63823240955812	2.88142999713559
chak1270	0.333321406134264	1.2061937656694	-2.0580943460845	2.72040150399928
chak1271	0.320478769911226	1.19645357241906	-1.94425873989015	2.7721800936043
chal1275	-0.958289492915127	1.25535129690834	-3.53487748745033	1.45559158855591
cham1309	0.959405731734594	1.33413695845437	-1.6477891078678	3.76087147609399
cham1312	-0.245778970452545	1.29445684513481	-2.84835409468275	2.25748011815776
cham1315	0.45808926987881	1.29451017020717	-2.05065442303869	3.06801437261739
cham1318	-1.52209057648135	1.25171712950069	-4.17113973392879	0.791509805538153
chan1313	1.38201323874147	1.06141854013785	-0.638724937591151	3.56304174174168
char1269	-0.0949891648292123	1.2205413028345	-2.52125863393048	2.35228092403398
chas1234	-0.809463218939026	1.27586594363137	-3.46853442787579	1.57013804814345
chec1245	0.529030415037322	1.3398395901099	-2.06404794225053	3.31788323710638
chek1238	2.00633155303053	1.1056898904127	-0.0373939356024766	4.28207493238025
chen1255	0.250150862463403	1.29777066180857	-2.24234575574706	2.87171077691622
chep1245	0.324051092316445	1.01394933677091	-1.59514922073544	2.33234306763096
cher1273	0.240807238193718	1.33784261175442	-2.37613917638725	2.96078977141299
chey1247	-0.104639929630262	1.29772036523279	-2.68056622420792	2.48047551798042
chhi1245	0.098754873342645	1.04830792102303	-1.9734993267246	2.20536052505424
chic1270	-0.115830897909034	1.33323927827291	-2.80779437532197	2.47009828219177
chig1238	0.034616414637735	1.33758777302687	-2.54480421253379	2.78140379515268
chil1280	0.449819023221119	1.30881228773541	-2.0277777444008	3.19322467267845
chim1302	1.20644962017531	1.27830548506938	-1.14409349332227	3.82982507778819
chim1309	-0.87600106324888	1.28670259012545	-3.55847287204573	1.55555999521311
chim1312	0.139334845091907	1.32215864853943	-2.38237613177412	2.80209708388421
chin1286	0.428867127822432	1.30013730721911	-2.11378742792214	3.04155367544992
chip1241	0.113286355890451	1.3295855526701	-2.49708018127831	2.75448405674972
chip1261	-0.739400880463332	1.22320286757285	-3.28456922848965	1.67247890359137
chiq1248	0.269470068594708	1.31202773881194	-2.32201786958386	2.92072160227628
chir1283	0.956842264109782	0.99016143694599	-0.957230135683084	2.92156050889817
choc1275	-0.0258170352819814	1.08274147828559	-2.21380917599081	2.08263626755176
choc1276	-0.252010792418003	1.31594655321768	-2.89079977592603	2.32527442335962
chon1284	-0.396844365149512	1.26999771151973	-3.01512001100231	2.03219115681058
chot1239	0.387122841704326	1.04118958359237	-1.67397096820775	2.48092517103127
chra1242	-0.0976450427449943	1.24340044633231	-2.62157392351842	2.27659940502228
chug1252	0.510473630101107	1.06675447941111	-1.57705479482373	2.64845157300197
chuj1250	1.01442969912275	1.19505330746116	-1.27776309669071	3.50044226574524
chuk1273	-0.477928993181947	1.35284159725008	-3.13408233237732	2.15667504486059
chuu1238	-0.178194810745443	1.33559705905678	-2.94099080221686	2.42331940518662
chuv1255	-0.0470290926534928	1.35945959940649	-2.71288778899388	2.58837926067363
chuw1238	0.162956627167012	1.37859855025858	-2.46707034597908	2.93561725213395
cici1237	0.550538312190736	1.27504138018877	-1.86304092101704	3.12286456038705
coat1243	0.300087705260644	1.1208333975434	-1.93000655964366	2.51592379583748
coca1259	-0.604248940996327	1.30315775845045	-3.22066266123163	1.9310589843934
coeu1236	-0.767590656334581	1.28846565157953	-3.37496608622521	1.62577836184382
cofa1242	-0.052529901413598	1.21028255255989	-2.46008054665255	2.34765237541729
cogu1240	-0.938540220977781	1.2252414397922	-3.49056334508891	1.34658853520062
colo1256	0.782284176465374	1.22949304685118	-1.53362993410741	3.26858804345451
colu1241	-0.686320566629659	1.27688410436208	-3.28717637835853	1.68198445647595
coma1245	-0.196325263942124	1.25708885215524	-2.77425588535137	2.18190791475188
como1259	0.606269188507887	1.25722632402742	-1.77219610613382	3.15749894743429
cong1236	0.116758267585409	1.31834517221603	-2.46341701175728	2.76487367594373
copa1237	1.23977312232015	1.15497072777168	-0.895275457278107	3.66393567780058
cori1240	0.349743319496135	1.15656352355354	-1.85189874241638	2.73047639466872
cors1241	0.130073031430105	1.37003951668782	-2.53525415295586	2.83635421678081
cosa1234	0.0108739020150869	1.09949799221343	-2.15626173712624	2.15591737763942
cota1241	-0.81285579893648	1.22148860269137	-3.36447358577643	1.45798248201655
cree1270	-0.2159664778118	1.30366813360841	-2.80737852965683	2.36547363058018
crim1257	-0.0389432658088859	1.38502109640898	-2.75603490015477	2.7124334319242
cros1244	-0.0783978231567488	1.14171845048878	-2.27959528787534	2.1989407524318
crow1244	-0.317795572422916	1.26389023287459	-2.89253570956147	2.11722911487292
cuaa1241	-0.884863857216349	1.19960377986197	-3.35708381417781	1.35610130290569
cube1242	1.06095223091224	1.29361153242442	-1.34135847997039	3.71378322581447
culi1244	1.10192124688742	1.25541453718861	-1.30399699736383	3.7253540385139
curr1243	0.768221407700344	1.23355621465053	-1.53972147540527	3.27877845498126
cusc1236	-0.280989825138497	1.29604473629045	-2.92427049386043	2.23291592412233
cypr1248	0.0769859399231555	1.36388898540658	-2.56335373361752	2.85065073797901
czec1258	0.135628994449804	1.33688928259949	-2.39632204392886	2.8153394923378
daai1236	0.747788752707744	1.19292142199232	-1.56356041979445	3.14369365527455
daak1235	-0.127535605830025	1.28007535322983	-2.75208287638799	2.33599893840571
daas1238	1.16617727934696	1.29896217155796	-1.19118572312966	3.89930444061107
dadi1250	-1.99455940694911	1.20357737673592	-4.53687025281284	0.246724359768193
dagb1246	0.32094998320698	1.2685710849613	-2.16479918357103	2.91094196165302
dagi1241	0.852343235086845	1.35826758535305	-1.7466860137226	3.5953535677755
daha1245	-0.424896580146724	1.33375018505863	-3.13586602218761	2.12706408206871
daka1243	-0.965148879577917	1.00106816524498	-3.00027873400249	0.90310243046664
damp1237	1.08245774032911	1.26365763731006	-1.34232136562706	3.63715125868729
dana1252	-0.794064238863225	1.22091906956346	-3.36412836484229	1.51397440741641
dand1238	0.116793334559266	1.28723397242008	-2.38778707084113	2.69901487336374
dani1285	0.0961887936540993	1.35087577155104	-2.55989495554324	2.89028489369409
dara1250	0.386482853477854	1.08742123464681	-1.69183537247174	2.49323714942514
dard1243	0.636064521911009	1.27934308990938	-1.79729902291589	3.24367360511251
darg1241	0.566201790077053	1.34130284662196	-2.05134740524196	3.29732758567554
darl1243	-0.201267388878929	1.32493599471984	-2.86506836627061	2.40443254400147
darm1243	-0.604237141640924	1.23225314347153	-3.14253781831624	1.67585952850597
daur1238	-0.0500102381696143	1.36719328856711	-2.75603694600155	2.66537028695217
dawr1236	0.266973746350193	1.27332247602812	-2.17390823646841	2.78247054237286
daww1239	0.836620376167572	1.23228587897245	-1.51497033476767	3.36335014336649
daza1242	-0.0644486600230667	1.38529642711446	-2.78690294910425	2.67992269103373
defa1248	-1.21035725463999	1.11863781518306	-3.48414616820484	0.886627501532155
dege1246	-0.976452034396897	1.14989314806622	-3.28760015443895	1.20396455725275
dehu1237	-0.347061799017416	1.21768058391212	-2.81682246522813	2.0112273637749
dera1245	-0.562933087056148	1.0834200092251	-2.71862020693094	1.54234739526201
dera1248	-0.998854849501107	1.06581558080021	-3.16867059451285	1.00586549106207
desa1247	1.45118914890817	1.25373451292873	-0.899203336165591	4.1025315355477
dhao1237	-0.500100900060934	1.29190140775732	-3.08799668318585	1.96293172992074
dhar1247	-0.150641163327063	1.37807965632959	-3.02554629042113	2.47847334695806
dhim1246	0.313750732170774	1.17499730623085	-1.92929715492351	2.6036091033358
dhuw1249	-0.000159986022230081	1.30653590147197	-2.58837727251867	2.56857233353823
dibo1245	0.321072499007946	1.32648427564532	-2.20348275787315	2.97437882801593
dido1241	0.912325266105433	1.31408853167058	-1.60180115279883	3.61121245377521
dier1241	-0.202741782501551	1.31184340114383	-2.89661275328611	2.3414778393285
diga1241	-0.583260365471336	1.23408187351576	-3.13929522798192	1.71186711105789
digo1243	-0.252654095818203	1.25793266440819	-2.74111662853457	2.23523981922743
dima1251	1.06205164081496	1.05949106239458	-0.988359127639123	3.1412870921343
dime1235	0.200273675473612	1.23028480707179	-2.25932136934283	2.65978897799864
diri1252	0.0647115289037488	1.3468272358018	-2.53206299496663	2.76773661898537
dizi1235	0.399339711915408	1.2905436163372	-2.14411571841903	3.0115424254861
djam1255	-0.118353970547319	1.20927473861262	-2.56512770134799	2.23844308214923
djam1256	0.0513279109423993	1.27537235570396	-2.43558243416799	2.53220677049525
djee1236	1.1795468835691	1.25157294380172	-1.11723994619372	3.82203966937136
djeo1235	-0.0472214371114283	1.25483034741338	-2.50714380342439	2.40987098352562
djin1251	0.815131102294135	1.30314660702151	-1.73784767315707	3.48419088799309
djin1253	0.495937901618516	1.27181012813022	-1.91421687488165	3.06901811764505
dobe1238	1.51801990386266	1.26562262340793	-0.878972015016439	4.11083995462097
dobu1241	-0.634187253422852	1.16380858102239	-2.97999542938184	1.5700374578665
doma1260	0.50579441201361	1.27554860110199	-1.89862024760133	3.16697898054292
domm1246	-1.85452137090619	1.18419188824365	-4.30072093289102	0.331234490278035
dong1285	-0.415388959626324	1.24793036576442	-2.95898294320513	1.9430406478671
doro1266	-1.12902096318876	1.15563305066479	-3.49249967737326	1.06478912796031
drun1238	-0.473243983056836	1.31284827987567	-3.1177456331329	2.05231079984429
dual1243	0.303458065475854	1.22044415202936	-2.05081226076092	2.73697184728163
dumb1241	-0.384620172362051	1.25632954789982	-2.97492719820686	2.02552054745506
dumi1241	0.305240091315016	1.03289693519254	-1.72654046822859	2.33391172554651
duna1248	0.44206949380194	1.08583617677016	-1.64576221081097	2.58949480060736
dupa1235	-0.254712380011574	1.20644676404752	-2.67474993184237	2.09603375431778
duru1236	-0.1130584703996	1.19926451426229	-2.48323681337114	2.24841398567614
dusn1237	1.13185844643657	1.15960064725452	-1.02366474282381	3.56413775174678
dutc1256	0.141145584884809	1.35809332889604	-2.53824627685445	2.83690484971536
dyir1250	0.733996126167599	1.25297061005132	-1.68669801230052	3.26734835477279
dyul1238	1.03305415755308	1.10764594520951	-1.05803024635209	3.2623080484232
dzao1238	0.0677237973209143	1.3369516076058	-2.58990481092186	2.68678151895738
dzon1239	0.873028146261199	1.17100811339382	-1.29455643678991	3.30971905488333
east1236	-0.692645964761897	1.20465117508565	-3.17646944220248	1.58105435426611
east2328	-0.0441097860279019	1.39416308776389	-2.77305877277322	2.62710595461897
east2332	0.0945906552089893	1.25334092300771	-2.41237792918609	2.55674403573753
east2333	0.271250814086663	1.10808124059407	-1.93014647101298	2.41061748080514
east2342	-0.849782345859479	1.25725101605053	-3.45829556591858	1.49497499387768
east2379	1.27712185283638	1.32848914473715	-1.230507575545	4.04791111016328
east2440	0.413146574206208	1.18086002168746	-1.90065228741726	2.71558062506573
east2443	-1.02604937371012	1.14324444285398	-3.44397234386158	1.11203913179806
east2447	-0.207727580294768	1.32635634736263	-2.89549455361564	2.33896482933336
east2485	0.706300647702361	1.15926083951984	-1.61392292846222	3.03997045888418
east2516	-1.44134547256859	1.13355791055334	-3.79810677065178	0.689748128278433
east2555	-0.259491045254622	1.30706256671347	-2.84855108659928	2.29720450561113
east2556	-1.02335214469052	1.15170196616227	-3.43850366936063	1.1504180143714
east2563	0.251467039137602	1.20372449060978	-2.13722406314248	2.6535408963827
east2690	0.116777198162189	1.35779971927707	-2.52036843741315	2.78612775309809
east2694	-0.732123574014955	1.26138213867209	-3.37767915822769	1.60810839646995
east2773	0.432968466355079	1.01701397173542	-1.51574983765978	2.47160730165195
east2782	0.190603148008627	1.36674619725319	-2.43340176126583	2.89527938222604
egaa1242	-0.0384384035221203	1.22108192478029	-2.49089531625593	2.42193379373771
egyp1253	0.0642554262357041	1.37277791637425	-2.64653261768586	2.77135930040164
eipo1242	-1.03439990082089	1.19153123823859	-3.52401736962567	1.17234209118964
ekar1243	0.96260842065906	1.16350067554261	-1.23717706157138	3.33608595125662
elem1253	-1.32138750868759	1.10140941912961	-3.60686958591483	0.743707486575819
elip1238	-0.0683745095227829	1.19267983670371	-2.41822984691409	2.27212596621732
elna1235	-0.671363778403239	1.24422703331246	-3.24220079143657	1.65795584005774
emae1237	-0.353861264944093	1.07002975776127	-2.46165997935031	1.721387488863
emai1241	-1.8330903045657	1.22147260252741	-4.37324869756567	0.452343493886334
embe1260	-0.511956826560566	1.29546070287047	-3.23065319549805	2.00062082308656
embe1262	-0.445421122896858	1.29522352811978	-3.09602679498931	2.0651177665413
enap1235	0.737993883976166	1.257991135388	-1.62786985010703	3.31255944482299
enuu1235	-0.64995458725019	1.19864645158705	-3.10748183268754	1.62833383925431
epen1239	-0.48108653502418	1.32272695180124	-3.15311022779239	2.04551494046835
ersu1241	0.127894241611118	1.24674166513897	-2.41302308643379	2.55557934586271
erzy1239	-0.0326384726067354	1.35596094489658	-2.70759622427815	2.58934329819971
esan1238	-1.74021150191401	1.27677831926405	-4.55475805514236	0.601430855012504
esee1247	-0.738627112223526	1.14290598050733	-3.10965523105566	1.50017824015073
esee1248	0.740390141876112	1.23822680573627	-1.65331798872489	3.24469766262113
esim1238	0.151136396607666	1.0406043721074	-1.83653566018816	2.22620751524871
esto1258	-0.00955975382264342	1.40534462659647	-2.85773860371486	2.78576533444844
eton1253	-0.0100856855339739	1.23612186177833	-2.4520948224627	2.45397477680369
even1259	-0.179087741673041	1.30487101609348	-2.80294587065115	2.35020797169687
even1260	-0.175205699666938	1.32134274524708	-2.83807760961279	2.32207954222953
ewee1241	-0.288521233682941	1.18161496213625	-2.68571888656433	2.03508695261398
fait1240	-1.52948404853469	1.1431597906783	-3.86796051519445	0.657664751541239
fala1243	0.558432131570987	1.22224043385022	-1.81908311581524	2.98767893475872
fare1241	-0.00222075714025416	1.23185993096608	-2.41340093607916	2.41009729588165
faro1244	0.164903323813571	1.32647639217842	-2.40955737377509	2.83593625658091
fass1245	-0.369123885246758	1.06658322810143	-2.54993805901814	1.71272958224648
fasu1242	-0.497784774029667	1.11591725812525	-2.75041654872001	1.70645243012702
fefe1239	0.276374054412955	1.15713835870378	-1.95542799218848	2.57136948080359
fiji1243	-0.167453330743831	1.3077032296178	-2.89183839116965	2.40098051445717
fili1244	-0.0617403515224774	1.24226854425522	-2.5672875876045	2.30815056829933
filo1235	-1.17242850297526	1.14839612960886	-3.56864407986921	0.954928049816367
fina1242	-0.657177911582425	1.10334172579755	-2.95917262015359	1.42571446197514
finn1318	-0.0216415295417625	1.37290138204417	-2.7434510453676	2.67295367886437
fipa1238	-0.0241321872472976	1.32293086529568	-2.5749191998734	2.61466679615373
foii1241	-0.779088614358819	1.12686116544428	-3.08310370363238	1.37667858655767
fonn1241	-0.865903094684182	1.18807195584578	-3.25844102197649	1.34724109210734
fore1265	-0.0335442453103744	1.36742126159419	-2.79700502369819	2.65910102473043
fore1270	-1.77185015810913	1.15492181956813	-4.14774823243878	0.376638637935674
fran1266	0.0823902640321121	1.31814714971753	-2.49898047615405	2.68781169990469
fuln1247	0.372921431508103	1.31130311388391	-2.14360937693899	3.12478103425994
furr1244	-0.363207545446511	1.36479460861619	-3.06129466416103	2.33867885931401
furu1242	0.395048910942146	1.15982402159822	-1.88641509501948	2.6879909949465
futu1245	1.43329420271447	1.2214512014356	-0.854779950102523	3.9346235321179
fuyu1242	-0.473565488252223	1.06114118798076	-2.62997795833952	1.5482553345414
gaaa1244	-0.48585906071543	1.21241889433064	-2.94738353578833	1.87210908789773
gaaa1245	-1.15080453940448	1.06246806421208	-3.2794743151563	0.867486093809982
gaam1241	-0.237168423545886	1.32260435577113	-2.91315679239112	2.36711598800857
gaan1243	-1.41202736160816	1.08459670666348	-3.65356634771177	0.619902184361847
gada1258	-0.573685715887459	1.13186626379131	-2.92064769508406	1.62306994100237
gade1242	-0.198817071428632	1.13370102075806	-2.44397024228612	2.07220538027279
gaga1249	-0.0224552494742075	1.34049884000027	-2.74673984251719	2.63101032445356
gahr1239	-0.470364007127869	1.32135908575602	-3.17397080630622	1.97013241997234
gala1264	-0.778999336858523	1.07702816791278	-2.99473838493387	1.30547941886101
gale1259	0.451710099895298	1.34998498062497	-2.15579710819892	3.2298107233462
gali1258	0.0870409642177835	1.36445053828448	-2.60953837978678	2.92364077426215
gali1262	0.776329593029069	1.22936487949123	-1.5089030352328	3.31092744565718
galo1242	0.369442463326274	1.15890623987839	-1.91973069157745	2.69519041914318
gami1243	-0.305662276468903	1.30985153756485	-2.98395859216132	2.15811233488605
gamo1243	0.591741061188365	1.27657373887041	-1.89778867353153	3.17022407826529
gand1255	-0.0767980907551089	1.31020490841239	-2.57859002793232	2.5361417171713
gang1266	0.412103576895095	1.03500734839443	-1.63411774144104	2.51993917247767
gang1267	-0.53900164494317	1.33127386766504	-3.18230524291655	2.02076232107978
gant1244	-1.14204853614574	1.13261480865191	-3.45586718640778	1.02565936177846
gapa1238	-1.36343649435427	1.15455887127676	-3.75051091360067	0.751971319684226
gara1269	-0.448600360051594	1.33923642849604	-3.17002077136999	2.1587209629662
gari1256	-0.244592919617199	1.20606876172642	-2.64505265834344	2.21610832165138
garo1247	0.2262956895383	1.15989935391895	-2.12756465469814	2.50424923781681
gata1239	-0.26299445991058	1.0903033293264	-2.46089776076831	1.79757894387526
gayo1244	-0.23981634940698	1.32643917182729	-2.98030481033896	2.28618351859995
gbay1278	0.519307131311786	1.1861015180267	-1.69113151297221	2.92329675816006
gbay1288	-0.415771974901228	1.3747628381285	-3.20260362534446	2.24545875007833
geba1237	-0.692081157938043	1.24249929046071	-3.25043836604414	1.6438492250042
gebe1237	1.59246919673861	1.26568652330557	-0.743177429950465	4.28610169088919
geda1237	-1.1522819515027	1.11977020075695	-3.53882265094849	0.943196529917792
gela1263	0.875855553185462	1.07240692424649	-1.13316832139797	3.01977868130261
geme1244	0.176282557123799	1.2246777390661	-2.213008064244	2.70571634955908
geru1240	-0.260227333361165	1.1468885245947	-2.49919283973609	2.03537311795239
gese1240	0.362284761856989	1.24580838652801	-2.10651022240384	2.79958576483459
ghad1239	0.116345490491805	1.32188846604365	-2.43576174813583	2.73306418807796
ghan1242	-0.0492585468380079	1.15387481999082	-2.39475309638405	2.13877260117753
ghar1239	0.542067133423697	1.12504891183402	-1.62820417302943	2.82209926715061
gheg1238	0.284632615192958	1.28590822844354	-2.18980188449519	2.90126298333117
ghod1238	0.925952162582959	1.34113433444771	-1.61875245930666	3.7701130064554
ghom1257	0.165071688049877	1.2869198972214	-2.3855681670186	2.70452934713378
gida1247	-1.8812454630013	1.05739034678864	-4.08176608215514	0.0917911961477068
giiw1236	-0.475023619812583	1.07963639317534	-2.62091411905166	1.61535879510092
gilb1244	-0.271762152954862	1.33500906238064	-2.99262800197888	2.27866264949177
gily1242	-0.445189011570722	1.36105749785329	-3.28007313942045	2.19290414150624
gira1247	-1.345008983544	1.13136699297335	-3.67081188595772	0.790055552933075
giry1241	-1.33777549510155	1.29188551687067	-3.94139636890309	1.05039507159728
gizr1240	-0.154432938318023	1.19517930319498	-2.53850338117463	2.21879614245302
glav1244	-1.40287261036043	1.06832916270205	-3.52155716980046	0.638630763045051
gobu1238	0.400868483245234	1.17979667567803	-1.88905037490092	2.77086771040035
goem1240	-1.96628046306103	1.21635004507367	-4.57655791503886	0.242808037943176
gofa1235	0.376334852206323	1.27315883379254	-2.10162136157114	2.86274492446296
gogo1265	-0.923708667758418	1.1901605269969	-3.37947820367408	1.3519063832484
gola1255	0.0579889920270065	1.27099116589593	-2.38632929041218	2.64978075255005
goli1247	-1.94691345516405	1.19087592554329	-4.49605569233248	0.220350025703819
goon1238	-0.466404399438897	1.32433691186954	-3.18739419111031	2.03996207829098
goro1270	-0.624059614596643	1.19806633636936	-3.02044104969894	1.6353253965706
gras1249	-0.946731962687268	1.15859468664651	-3.32243977819622	1.25733156437998
guah1255	0.263340537929247	1.23637492431417	-2.21492565269962	2.75859198338749
guam1248	-0.606083859955453	1.25683495946103	-3.16673230364813	1.78742422368127
guan1266	0.00409093172532566	1.19908338096225	-2.38795322773009	2.33562322838869
guan1269	1.31027390132448	1.243344888538	-1.030900591371	3.908835259194
guar1293	0.609296532967807	1.20722488203293	-1.65993227440985	3.07318992619467
guat1253	-0.388316539740186	1.33235596500702	-3.02952737484991	2.25471966267828
gube1234	0.283258192402714	1.29072822802555	-2.25233746047535	2.86332112099898
gude1246	-1.84118725877448	1.08661574023812	-4.08100749425705	0.220119293187855
guer1241	0.238975496868547	1.1971855778064	-2.12508542611613	2.65863536893463
guer1243	1.16583454410194	1.16876585580706	-1.05741173940906	3.54436856565665
gugu1255	-0.10436061199609	1.30145383385008	-2.78867118097853	2.427491316189
guhu1244	-0.273929113222023	1.04664236119935	-2.27630498599281	1.77379541695357
guiq1238	-0.0982638119039102	1.27471207272239	-2.59026662036331	2.40601244809784
gulf1241	0.0892745370863635	1.35719613803422	-2.53506283559332	2.87407964120187
guma1254	-0.3154504172991	1.13442550001343	-2.68230232462131	1.87478292441442
gumu1244	0.160835420403092	1.31926498550803	-2.38236523543959	2.86880535485955
gunw1252	1.30563298232124	1.28449004126353	-1.1012232117998	4.0334556171797
guny1241	-0.372680481896843	1.29625069206333	-3.00428610047273	2.17246312525581
gura1251	-1.57202720948784	1.2247587690462	-4.11419092121491	0.667146015405033
guri1248	-0.176541006402745	1.01445303692222	-2.14799525897842	1.79590649419584
guro1248	-0.394570503850009	1.34497327761351	-3.15369694737473	2.17540092808911
guru1261	0.394915484068841	0.982721586548378	-1.50077320591946	2.38750724532314
guru1271	-1.26232471524969	1.11395617267431	-3.59478583869733	0.772161548859858
gusi1247	-0.588528796268696	1.23130450261722	-3.03263931179901	1.86535689443568
gwen1239	-0.0483411706323307	1.24962985358898	-2.49346325005594	2.43701808136488
gyel1242	0.272300305443107	1.33626556788347	-2.25012573452655	3.02965100994562
haaa1252	0.0843447815337986	1.31874475463916	-2.51447097923455	2.76764183292656
hadi1240	0.482470597292709	1.28716732484878	-2.05498280727291	3.11647989294742
hadz1240	-0.235080298466025	1.2580508331587	-2.78559500703621	2.22651602608469
haka1240	0.281394081210489	1.18035824362518	-2.04512855775111	2.64259272310738
hakk1236	0.0017318133703608	1.28472753362424	-2.482116225764	2.5190727853226
hala1252	-0.657401600091574	1.15834043709623	-3.02987197654504	1.55883797504744
halh1238	-0.0837609472941428	1.3522962351003	-2.78185792257992	2.58103071357168
hali1244	2.3621960431482	1.16991650567754	0.243946454138293	4.78609939856203
halk1245	-0.0896601335863672	1.25484119901486	-2.66167564660996	2.36896828504937
hame1242	0.911917633227098	1.25154783764297	-1.45958592552193	3.49972546781838
hang1263	0.667530635440407	1.1255224729939	-1.55826887861962	2.94614905448944
hani1248	-0.139665157824325	1.25323380442592	-2.62221119152792	2.31269482925505
hano1246	-1.01689479859849	1.13167017048844	-3.35539067035828	1.10724304500892
haro1237	0.107963822640761	1.20245050016185	-2.35081454682744	2.45011575422834
haru1245	-0.890781501481009	1.0773648846337	-3.06503737635841	1.20264295386655
hass1238	0.0723284554765935	1.330975470497	-2.58257350210935	2.76620091378386
hata1243	0.206767491630848	1.19085659774661	-2.11133534810039	2.56816670618293
haus1257	0.40781307895508	1.26664591810419	-2.03033506573846	3.00070423551675
hava1248	-0.1438752234057	1.33475493363081	-2.8569625572206	2.56045718899228
hawa1245	-0.154296938831554	1.3394394795135	-2.86242041895986	2.44470122261081
hdii1240	-1.64961604136994	1.05379223206384	-3.80481132972356	0.32976071073085
hebr1245	0.149074030578911	1.35113934764763	-2.49984928971126	2.84793871375745
hehe1240	0.124260746403117	1.30408183546467	-2.50493843255543	2.67342543547073
heil1246	0.353987663974939	1.25199471806343	-2.0877977805925	2.7929857097732
hela1238	0.683430874169533	1.0016791086648	-1.20998331314403	2.77410322957475
here1253	0.0246108738184637	1.34696673322766	-2.61802789179647	2.70999232886282
hert1241	-0.387375362949653	1.3148633380352	-3.02465750006236	2.23980961024499
hida1246	-0.352649117045887	1.31772754235885	-3.02457506561468	2.21374924950224
high1243	-1.20876699420855	1.17135375644728	-3.67428832884605	1.00039230138546
high1276	0.196543352445588	1.09608674929678	-2.01182605202954	2.39349378058319
high1278	-1.16963841735439	1.15476373721313	-3.57109989262991	0.990542138269534
hili1240	-0.396303501431946	1.30763772306757	-3.09716467737068	2.15744483369523
hind1269	0.289841515751366	1.30560009140545	-2.20405085391719	3.01879411929283
hinu1240	0.930872234500003	1.32078260092969	-1.60048532790707	3.71937641834022
hixk1239	0.631678008218528	1.25842206858369	-1.75573546361507	3.27528575979732
hlai1239	-0.384010604418146	1.27697001101631	-2.96709054208468	2.01908280336584
hler1235	-0.456720074834897	1.25865120606483	-3.09626631068927	1.93175710388263
hoaa1235	-0.059038804741796	1.39723583067657	-2.87526339835065	2.73243858397014
hoav1238	0.00280895561841152	1.12087914165086	-2.25639051758227	2.17396090143224
holo1240	0.13330515357409	1.3533043998618	-2.46690964989418	2.8255489767261
hone1235	-1.04466512668928	1.09171311209729	-3.29117784033716	1.06356893463383
honi1244	-0.624961260592077	1.21277515805357	-3.10879018288353	1.69256641674718
hooo1248	-0.0149796860875688	1.18888661535668	-2.38160579949641	2.30348171257072
hopi1249	0.715314581073807	1.19957783889919	-1.5737802292573	3.16722579274419
horp1239	-0.140565928755389	1.24030009867772	-2.67052862387698	2.27983285225585
hote1245	-0.817477740176909	1.01296536819797	-2.86737978488996	1.15730802537137
hozo1236	0.25187694883464	1.32477595094743	-2.3568149005875	2.9182156670049
hrus1242	0.914278211255847	1.09062439173062	-1.20178166250397	3.11585756476734
huaa1248	0.258679196861632	1.3896431727581	-2.46828948121859	3.04974646079678
hual1241	-0.127682134958871	1.20690235579665	-2.59506890580933	2.22511066835387
huam1247	-0.565563568739231	1.37977759522627	-3.3621922221644	2.08654263512078
huar1255	-0.593910094966086	1.26648898941781	-3.184160229013	1.77945935689733
huas1242	-0.016024983222763	1.150401570898	-2.29474594602191	2.29953094293818
huba1236	-1.73186545285801	1.10439195826968	-4.02818302545722	0.281333946969315
huic1243	-0.571436707230942	1.25203784042287	-3.14750301180776	1.81609109762571
hula1239	-1.11400878051453	1.2137758081164	-3.59078824169154	1.11714059803833
hula1244	0.171322805082828	1.31786628502902	-2.39724244770931	2.91043484844895
huli1244	0.231543338972411	1.1157736159225	-1.96437867515736	2.44342186630772
humb1243	-0.0403728720395787	1.33886558033278	-2.71750216068017	2.61623593037201
hung1274	-0.0099077397848206	1.37692677730217	-2.69994476086515	2.71056712318982
hung1275	1.11088860569448	1.21860108790346	-1.16013753566297	3.59756734067993
hunz1247	0.861226529997327	1.32762722156372	-1.64174236574832	3.58985658985036
hupd1244	1.49531847564141	1.23785514793076	-0.841712105162154	4.08742755214442
huuu1240	-0.824803392545806	1.12732219724575	-3.14484217697342	1.24868501858982
hyam1245	0.384706325837906	1.16637661354833	-1.80516459988942	2.79045002368641
iaai1238	-0.151805289716638	1.15701433145011	-2.44311180462732	2.04996385121101
iama1237	-0.672531458242294	1.13549137596249	-3.07050420353542	1.47171335887913
iatm1242	0.536754696765115	1.13890745677644	-1.64639936919022	2.82026567001855
ibal1244	-0.357486917024434	1.10098408286843	-2.66271814359517	1.78126700247435
iban1264	-0.328748256439314	1.34463881811706	-3.00945292318146	2.20992789041396
iban1267	-0.390383395069328	1.16599462519333	-2.75809150663426	1.84162432191851
ibat1238	0.989562401242274	1.22750762388848	-1.30874251712079	3.50817475788568
ibib1240	-1.04145801526326	1.16490381120489	-3.48391294045808	1.16754520280801
icel1247	0.0799921365262295	1.32950261636031	-2.486732009761	2.82667157275601
idaa1241	-0.403830082214539	1.25226056217619	-3.00289981882967	1.97037781668918
idii1243	-0.45660720618071	1.20146353485908	-2.92561908160447	1.92102709438415
idom1241	-1.01641615139757	1.23497526512701	-3.59466217696768	1.27889807366148
idum1241	-0.152711808541298	1.29679916137575	-2.72850408826162	2.39719110815476
idun1242	-0.824559693311627	1.13066670717877	-3.19867143148748	1.31966911859319
igna1246	0.372059669495791	1.19554816965753	-1.89499630729646	2.85105938214718
ikkk1242	0.0369197582212619	1.30768530273556	-2.57555078277952	2.62663885832512
ilaa1246	0.147575487096333	1.36028150752408	-2.44811433726394	2.85814981759719
ilia1236	-0.9752604156827	1.23482129035036	-3.5628690726496	1.28939997375379
iliu1237	-0.721659834297744	1.27561290268564	-3.33995939442969	1.70282509696235
ilok1237	0.0948250293105661	1.11163875289979	-2.10996208782811	2.27931217238924
ilon1239	0.0358316895338254	1.06711986850038	-2.07300817066094	2.16028856829678
imba1240	-0.112373638155896	1.2250413688537	-2.59309763883421	2.2426534926841
imon1245	-0.541855200386164	1.0684601752418	-2.71667671092005	1.4881884927115
indo1316	-0.435346714288505	1.25981082890263	-3.0288602884827	1.95867723773913
inga1252	0.0456461948370526	1.18281869899526	-2.35657365666795	2.38915015270983
ingr1248	-0.032369051858294	1.39617833546208	-2.84892630882677	2.8019011471828
ingu1240	0.490873944371522	1.31158743384466	-2.05375027556635	3.1743364368832
iqui1243	0.131938008381356	1.27967587695316	-2.32049895739532	2.69080213681213
iran1262	-0.295019159213534	1.30896463100142	-2.92310288118381	2.20258021019393
iraq1241	-0.325770966582441	1.210850168523	-2.78592781875677	2.02000183068378
irar1238	0.636874359180644	1.18963432438565	-1.70569013063135	2.97968951964825
iray1237	-0.183219488003196	1.24831028264688	-2.76457302066625	2.2184737558784
iris1253	0.147499367546364	1.3252099217585	-2.41530206160551	2.82557525033846
irul1243	0.14156260729147	1.31134808787445	-2.34948687011695	2.79189823190531
isco1239	-0.601301260465462	1.28885730784178	-3.23149113956298	1.84973864474536
isin1239	-0.205564043865292	1.07326678057855	-2.39316712586053	1.83599636288232
isir1237	-0.778754323834049	1.21330700416588	-3.23478275451876	1.5724283431157
isna1241	-0.154455957024563	1.20864254158779	-2.58331784438327	2.17504895294447
isth1240	0.397222287872096	1.10470874847296	-1.76130304682114	2.56170382702914
isth1241	0.132973147677458	1.09800590493366	-2.04799136308443	2.26034749065862
isth1242	0.174932076021277	1.09143963058958	-1.97485739760827	2.33668129962899
ital1282	0.108321770157025	1.34834700216836	-2.48209090169417	2.83633589705386
iton1250	0.109866535360841	1.20613135061925	-2.23212713176795	2.56994558303725
itza1241	0.694950968228191	1.30134265741893	-1.79414963780666	3.36863026575322
iumi1238	0.34150616705147	1.1513184716836	-1.91780364602982	2.62219492746079
ivat1242	1.2226743612987	1.26042926602382	-1.11299645906419	3.82672547444119
iwai1244	0.480136270067923	1.2892218012801	-2.04779963564391	3.03883237724338
iwal1237	-0.671650005042386	1.01559989296092	-2.74659737421738	1.30259158946823
iwam1256	0.651046408270295	1.10140312074285	-1.43224349561429	2.95396777763582
iyoo1238	-1.10140535731481	1.1102059445341	-3.35557051975317	1.03282286161624
jahh1242	-0.768973174611479	1.22558031242592	-3.32746636667396	1.47265906732124
jalk1242	1.1849618503594	1.11985219454415	-0.913499478654318	3.4757637410091
jama1261	-0.653981927169084	1.25005832497707	-3.11454138758667	1.77717521492464
jamb1236	0.137352731963997	1.27373291860089	-2.43092586597274	2.62950127510105
jams1239	0.0107833558028065	1.27322925471894	-2.455297689344	2.50597406519859
japh1234	0.0422485603734664	1.1725626520998	-2.25379464495405	2.3077493528632
jaqa1244	-0.377303626588359	1.30334396428643	-3.00056882939936	2.22496275914729
jara1266	-0.301392405667815	1.19170381077634	-2.70559268807511	2.01165947873271
jaru1254	-0.155694417256751	1.29511206960306	-2.76842177651389	2.32327896261988
java1254	-0.394667263637552	1.25003124940248	-2.9327785874236	2.02036740277637
jede1239	-0.368597375252167	1.21865181067566	-2.89347114845731	1.92808435769596
jeha1242	0.0356414684003814	1.17990177103804	-2.35238638967226	2.38084950755832
jehh1245	-0.8613482326567	1.15493676757781	-3.20444395533596	1.31698992293567
jenn1240	-0.274005014370011	1.19629792378549	-2.5793725414393	2.04986241143821
jeru1240	0.368997554773785	0.995379978824021	-1.55869139859824	2.40578400570281
jiba1237	-1.23791251642868	1.06793461221251	-3.44103655655545	0.745810982228548
jina1244	0.534849130145836	1.08773383074851	-1.53123135424597	2.74159343942596
jita1239	-1.40164734590386	1.32624193121456	-4.13116466317081	1.10272815477229
jjuu1238	0.443350627955932	1.18008334377114	-1.78773247116404	2.90639790416662
juan1238	-0.878221595818486	1.19518292261841	-3.40072303574968	1.35790660983873
juho1239	-0.0620204165482625	1.34483556570533	-2.73564487877092	2.5225209559338
juku1254	-0.70848919686945	1.03475557745379	-2.77980154131611	1.29541141226133
jurm1239	0.57726257459879	1.20187171268701	-1.65589213129264	3.03038023593933
kaba1278	-0.382133979119269	1.32887235908595	-3.06684173877403	2.22426210313977
kaba1281	-0.892251733725124	1.30467485116903	-3.61525698381731	1.54810471067056
kaby1243	0.138523401625152	1.35178700356948	-2.45827060350367	2.87447042070243
kach1280	-0.600418842028362	1.28184799291315	-3.25634110014073	1.87847489948944
kach1284	0.657578993443107	1.31919810331382	-1.92711543679439	3.37214996060311
kada1242	-0.269752664245686	1.20118864765145	-2.68293820741834	2.09780146334568
kado1242	-0.913286451219915	1.19325609171465	-3.44094999284528	1.3319007913951
kafa1242	0.10833557535289	1.26194291914154	-2.38932662278714	2.69827390404938
kaga1256	-0.532970824982002	1.25732645278142	-3.14472637807686	1.83317514078909
kagf1238	0.541085839875565	1.26641567350101	-1.89373645665086	3.17653921242073
kagu1239	0.312729950120432	1.25235698529625	-2.05676576219117	2.86793621066365
kaik1246	0.243650639215986	1.14666883402042	-2.00821147120303	2.4758987827722
kain1272	-0.23217972174646	1.28210476664661	-2.86112672255066	2.17495919313847
kair1263	0.396241243671563	1.20218627464424	-1.99139687006464	2.85209793134782
kaki1249	-0.922479234372721	1.18769354957202	-3.31686397265474	1.34103752879716
kala1377	0.8087471102089	1.2704213531821	-1.59249080811611	3.44232874181502
kala1384	0.112201072659535	1.35544414768967	-2.52701664731851	2.87384099184476
kala1388	-0.841247907433237	1.27120389088273	-3.47856874751538	1.5267233530651
kala1399	-0.210761333103717	1.31151842692766	-2.79249845478246	2.37777983267404
kali1308	-0.536348885552192	1.29005001386261	-3.23569919656313	1.91835457082268
kalm1243	-0.0414280660573603	1.36558990585614	-2.78882501146571	2.63269300708268
kalu1248	0.0569255291295651	1.10985231504274	-2.11996314385299	2.22757485744019
kama1367	0.306238371413763	1.16892556911699	-1.97639009293211	2.66724506378995
kama1370	-1.61319733385794	1.11946242868518	-3.93059382218468	0.47726023661257
kamb1297	-0.0668302638718212	1.32670614838375	-2.71481606718006	2.50644859690261
kamb1299	-0.487391394004124	1.30615380506342	-3.18721176425553	2.03756346736173
kamb1316	0.515789069335764	1.2851768879179	-2.00877114478179	3.13930408026806
kamm1249	-1.63423417303302	1.15034063209152	-4.03302411738864	0.496213103079017
kamo1255	0.803747845961642	1.16381113059032	-1.44319538687134	3.16923599222338
kamu1260	-0.35670069822054	1.18643574360274	-2.75307030415731	1.9570744796876
kana1286	-0.183408806783356	1.12686514412115	-2.46887123705376	2.00935568947092
kana1288	-1.49924850246898	1.1977749825834	-3.969027564442	0.698184378884533
kana1291	-0.323734848653782	1.29923469299102	-2.97087473076272	2.17482583129686
kani1286	-1.75930960656438	1.13070190833773	-4.09431073702755	0.316024558414522
kank1243	-0.612903761909137	1.14113102087488	-2.94394582698109	1.54883294645644
kaon1241	0.107251533933523	1.32107000950525	-2.50783742816071	2.78059834081172
kapi1249	-0.189937253779049	1.32508427011525	-2.89780126866689	2.35570880338738
kaqc1270	-0.0525988019420175	1.20524927950464	-2.44672236537307	2.3729596419162
kara1476	-0.579298981753856	1.28178214098479	-3.25049702050058	1.85103145340726
kara1482	-0.490677317650639	1.26398624136984	-3.09618980422684	1.90092539419705
kara1486	-0.638528569224698	1.16131753351546	-3.06683241583974	1.53294495006613
kara1487	-0.44792617565082	1.07061662529908	-2.65742466286268	1.5893889650215
kara1499	0.216243167432682	1.27885803737604	-2.3558878038729	2.75046326007092
kara1500	-0.39694534370288	1.2664390316722	-2.97282059705545	2.02707804953828
karb1241	1.39515719597568	1.10708283618312	-0.685052618653846	3.69089667484923
kare1335	-0.014672906019113	1.39350667654056	-2.77335826419796	2.78648799200632
kare1338	-1.52739984824902	1.25495371191031	-4.24149829871851	0.758065154303421
kari1306	0.287251925218621	1.24688949980594	-2.10010284666709	2.86488418013459
kari1311	-0.135300412802722	1.32881479295291	-2.8582251286128	2.51370026251203
kark1258	-0.421079361604308	1.05335354088532	-2.59878567267208	1.59493388543859
karn1252	-0.65603902519542	1.1048173835849	-2.92798963377802	1.43008996553045
karo1304	-0.383992271992145	1.34266472550359	-3.11883421631147	2.23493837531027
kash1277	0.130475426077359	1.29234253034863	-2.3719546359806	2.77734211355196
kask1239	-0.677016074540575	1.24577800437193	-3.2189251326873	1.7151863829771
katb1237	-0.963928667858775	0.982727790007269	-2.95440028652012	0.963268575669505
kats1235	0.132145134959243	1.19686473295719	-2.23192898190689	2.42421392985415
kaur1271	-0.971253595356845	1.17235453829419	-3.29874063097812	1.21775582428641
kava1241	-0.609079810855933	1.23358796181758	-3.20911263633469	1.83727698880826
kawa1283	-0.332774715483758	1.23715742608302	-2.85570161447567	2.06804190660763
kaya1315	-0.788735274406968	1.23113778759723	-3.35900124571205	1.53046439033326
kaya1319	-0.556429542973104	1.34042345740734	-3.30059249339521	2.05103436205704
keap1239	-1.16521682856758	1.2498075932803	-3.76894958579508	1.11268136509029
keda1252	-1.23571021018459	1.25480609915603	-3.91205963737688	1.06023991369149
keig1242	0.159947989811824	1.33141851488433	-2.41415493923096	2.78267372451661
kele1255	0.287636402070837	1.34278700071986	-2.33899712165053	2.99794760419006
kele1258	-0.731471458653938	1.20664479559131	-3.24341548114792	1.47684476284641
kele1259	-0.518679392366194	1.07619436835731	-2.76138742472985	1.50685864954964
kelo1247	-1.28872397385748	1.24219937512555	-3.93127265554418	0.970401722800904
kemb1249	-0.539800045323603	1.25658916626114	-3.13611331415479	1.87274735415186
keme1240	-0.543615346915477	0.960131476521311	-2.43652530825638	1.33583953201413
keng1240	0.424802853917912	1.21008810490918	-1.98552019789628	2.84716521338511
kens1248	0.836355029906189	1.2212628474446	-1.51331877490381	3.34235572624086
kenu1236	-0.163321980871077	1.33933444387933	-2.76099924434083	2.41192248637924
keoo1238	-0.612911714642079	1.27139365694414	-3.16308982332999	1.84525847062203
kera1248	0.309773498016091	1.27915743121391	-2.17298220030804	2.87032784692644
kera1255	-0.832828579380388	1.10656227637714	-3.04823875438663	1.33903701865708
keri1250	1.59246365683773	1.2956281658019	-0.781745623854252	4.32834222608218
kesa1244	-1.51450806986247	1.11036463345585	-3.8344468952176	0.557553553753784
kett1243	0.373768566076894	1.36254508645086	-2.31088319789533	3.17693676494527
kgal1244	0.104161306571494	1.39324453732641	-2.66992767656434	2.97379242047347
khak1248	-0.0675864249792791	1.33880614456581	-2.69293453810937	2.5609988422387
khal1275	0.256011366664769	1.06411886141009	-1.81277939367162	2.39599063894718
kham1282	-0.413207391703058	1.21053703679822	-2.86540776468731	1.92494165914455
khan1274	0.474809469671938	1.16824649170575	-1.79720697029808	2.87925673548283
khan1277	1.29485763498194	0.997918422284834	-0.642566140774312	3.27192873375544
khan1278	-1.30714843427627	1.10491119401152	-3.58347513851551	0.734142041911457
khar1287	-0.647443959160077	1.24228083673225	-3.18400178891389	1.7046000293378
khar1288	0.642732530713509	0.987208919272544	-1.31239981119221	2.55553329530767
khas1269	1.3630083889401	1.12353453697096	-0.725648532774824	3.69206380765395
khez1235	1.27020250121415	0.992198109292975	-0.672863138739067	3.2443075285227
khin1240	-0.390221698246632	1.24126798111074	-2.84417990837021	2.02420841630114
khmu1256	1.15837478948514	1.20456836723706	-1.11505611295253	3.6280321923092
khum1248	0.305565822409213	1.19129671307687	-1.98223953789753	2.68488869688525
khva1239	0.944464859478999	1.32335321699236	-1.59446997061386	3.69186315974909
kich1262	0.105843796313861	1.21602544653879	-2.25346998760339	2.57087868280045
kiku1240	-0.027929344791977	1.32660805984282	-2.66825880617454	2.63787001924521
kile1243	1.44933061027506	1.34654729384655	-1.04230618817559	4.24039396341321
kili1267	0.643678924303225	1.22258853777165	-1.6952002322677	3.18816349322249
kima1244	0.101663672096233	1.15035965908355	-2.16970570097979	2.42528976569206
kima1246	-0.531615816120302	1.26062247267367	-3.04760416158908	1.94067944894675
kimm1245	-0.292028082162348	1.27186598269172	-2.89457473446348	2.12886003931468
kimm1246	-0.585915902714025	1.12706691787248	-2.84131743250688	1.53202864015051
kina1250	-0.505301520933501	1.29027422238274	-3.17755138271548	1.92759329569927
kinn1249	-0.488105993623885	1.28056955763064	-3.16256809117992	1.95369527551252
kiow1266	0.423262396254701	1.32768870630958	-2.11922554372578	3.2015768831494
kips1239	-0.392598899396477	1.27610463402806	-2.98025714746908	2.06625199186705
kobo1249	-0.987801506439435	1.09739975477194	-3.20072343879355	1.13501530227336
koda1255	0.106315494481549	1.31608297029965	-2.42643331737159	2.721327154163
koho1244	0.432395727353939	1.15159697712149	-1.74868312854205	2.73407731745312
koir1240	0.697759368890594	0.983306041636622	-1.25375452416429	2.63353455586081
koit1244	-0.709117591344337	1.13491167627288	-3.03931832264415	1.47286597997423
koka1244	-0.17830074744751	1.37109411936119	-2.95497073426885	2.49833087926551
koko1269	1.76331937197705	1.09555221100133	-0.23917577811285	4.11602137840868
kola1285	1.62536316814718	1.25226261720348	-0.735396923869213	4.20659076407107
kolb1240	-1.4184743369836	1.21080743606508	-3.92021340911891	0.879926712413939
kolc1235	-0.0666909219424473	1.28061466308041	-2.53206853258622	2.50447363904782
kolp1236	0.313658866996734	1.08385141394783	-1.82072754952734	2.52756554241721
kolu1245	-0.743099658507447	1.12770621989888	-3.10811275611415	1.36074668296985
komb1274	-0.755420732020638	1.21243702401634	-3.2782567022959	1.55773875721151
komc1235	-0.0664053931920749	0.993352510082354	-1.97160134443836	1.89538461311145
komi1268	-0.02606261874212	1.38519352520022	-2.80183654218971	2.71077732642149
komi1269	-0.0229128141566573	1.3442035005103	-2.74934101431128	2.58622863263166
komi1270	0.46055113954125	1.08116579275423	-1.62488779521996	2.66283879127153
komo1260	-1.01127779351362	1.29797617047874	-3.75368991346975	1.460959852966
kona1242	0.512882657687336	1.12693437860853	-1.63682759411404	2.8176444670741
konk1267	0.316055713909153	1.27955682962815	-2.12662825988222	2.92982268144668
kons1243	0.810676603526384	1.25782731225801	-1.52764921297872	3.47080369463668
kony1248	1.21831358846757	1.08440840521066	-0.876301064573616	3.41825133520194
konz1239	-0.107482920107005	1.2607359103001	-2.57929975989622	2.37076818046727
koon1244	0.16026074533468	1.36324063745031	-2.53320006965398	2.89232132214046
koon1245	-0.246876430103035	1.30639633739837	-2.86310257982551	2.3416642112659
koor1239	0.728718811851734	1.27409030602295	-1.74780872699879	3.31388621234111
kora1294	-0.918917028971317	1.18989179518998	-3.38042267177963	1.27424781018541
kore1280	-0.208534101804375	1.36379022282776	-2.92358907803294	2.53524193068837
kore1283	0.457771814694392	1.29046577107201	-1.93593851175738	3.08957557715347
kork1243	-0.495552053631748	1.26500280232582	-3.20583443957492	1.91027926062302
koro1298	0.052663219805279	1.2237991925633	-2.31161691131612	2.50204939868277
koro1312	-0.83999269898698	1.17405165008061	-3.29199171470642	1.42271221667118
koro1313	0.80337525816133	1.08067401840062	-1.34928546782272	2.92619087198087
korr1238	0.258720655481845	1.32374499054074	-2.33095744735302	2.992695131948
kosa1249	-1.12555622596545	1.22317912665861	-3.62240905000273	1.12875049323945
kosr1238	1.11107681657173	1.2544883239181	-1.25978977988884	3.69521200717773
kota1263	-0.524836262273844	1.17616731807785	-2.8504423197968	1.78191978241664
koti1238	0.10850365602111	1.34259904077079	-2.61012252713709	2.85749656758098
kova1243	-0.717963340663798	1.12328097950334	-3.00153772703936	1.40094525988845
kove1237	0.195015458517054	1.08820548998825	-1.9745841247359	2.33755093107807
koya1251	0.149569701676846	1.30783714036107	-2.40032044905715	2.81390868087896
koyr1240	-0.075923345274909	1.37491979780501	-2.91002076070176	2.61307673197041
koyr1242	-0.0783677051334277	1.35492046898387	-2.7738930264027	2.61277688667711
koys1242	-1.55895954916204	1.25627245864781	-4.09305779494665	0.784560806750317
kren1239	-0.243296002935679	1.27312067608571	-2.76615075656736	2.23344473350226
kris1246	-0.387618278539899	1.1448713625463	-2.70141157174651	1.82590998022153
kron1241	0.895161725085544	1.36213282491385	-1.75509939411336	3.66596499331812
kryt1240	-0.344313739493066	1.23913289551706	-2.82198725997233	2.06159680442507
kuan1247	0.120914294221967	1.34912095205302	-2.47418829663434	2.85260437940829
kuan1248	-0.200895273666968	1.04598895048866	-2.35383090205345	1.78681738430644
kuii1252	-0.0824973330994071	1.05943141344271	-2.15783311658673	1.98081005575997
kuik1246	-0.32332767320728	1.05055556176107	-2.39521223010822	1.72689447415823
kuku1273	0.160910041340462	1.22179309337804	-2.25915319087022	2.54745851922814
kuku1280	-0.400171625029028	1.29253175835365	-3.03334868578082	2.04261902890313
kulo1237	-0.444165417506731	1.16244958677535	-2.85696927889243	1.74751763151573
kulu1253	0.264063779181248	1.04922103908619	-1.81373750695861	2.34262317604823
kuma1276	1.65758967790752	1.14978186472769	-0.525094767845962	4.08873166867029
kuma1280	-1.76658308682623	1.16387316530996	-4.18494450977875	0.384747692873792
kumb1268	0.335052495574739	1.25938758548576	-2.15723522490132	2.85506075953457
kumz1235	-0.899905361051654	1.22738788624643	-3.39670285535324	1.44306092103635
kuna1268	-0.364459294872559	1.37871810541597	-3.22523137369399	2.28819360576838
kunb1251	1.38131722965785	1.25265425462818	-0.934973599068183	4.07659242030165
kuni1267	-0.162869878289219	1.04966639089552	-2.21641179364374	1.88688940909091
kunj1245	0.892814940965619	1.28058257562757	-1.53257502688929	3.53068007699645
kuot1243	-0.577537501381369	1.09254649775624	-2.86304916802667	1.49811995634034
kurr1243	-0.399735616040338	1.29202456901968	-2.98349102527521	2.0535564392586
kurt1248	0.0344277223770767	1.10886638051017	-2.17149262630037	2.18592954316011
kusa1251	-0.0779356809858844	1.13312260523528	-2.41677632330752	2.09031845870822
kusu1250	0.0582891390627658	1.19461652885289	-2.32362204377494	2.45423442165774
kute1248	-0.398228956559517	1.0150514881306	-2.39569951432449	1.58730665465229
kute1249	-0.533556891601828	1.28784134588337	-3.09961965245761	1.96799184979992
kuvi1243	-0.0298265146439202	1.05570860828169	-2.09261490491371	2.03846737070901
kuyy1240	-0.0690449127242886	1.2396797368658	-2.54872130424718	2.32079696006552
kwai1243	0.50237101399102	1.06882294323297	-1.61370592908917	2.68938057452437
kwam1249	0.224899523773007	1.30068545126168	-2.28646421215934	2.83176629936954
kwam1252	0.61474009765261	1.07286582702417	-1.48523708071412	2.77901768514114
kwar1239	0.578328899009515	1.02973883088611	-1.43083416871756	2.60898673668988
kwaz1243	-0.0696787847002459	1.27713396331504	-2.57715541727017	2.47786071593495
kweg1241	0.66241125674913	1.24846438229358	-1.76683097431459	3.15738633425457
kwin1241	0.430503939586064	1.34711734789215	-2.20992851236442	3.22774063174198
kwom1262	0.732689781065133	1.12729271765153	-1.45712618662695	3.01802280529416
kxoe1243	0.228071841834992	1.36013767673982	-2.42222680208422	2.95822046344469
kyer1238	0.696237418132543	1.00334691530712	-1.21314064157896	2.72195806625547
laal1242	0.420915351059723	1.24530131747705	-2.05270410069671	2.96533298958753
labe1239	-0.129834681513454	1.06989396555981	-2.31015792010817	1.93177847658279
labo1244	-0.813621173830447	0.997781494147336	-2.77899387448892	1.14570774830406
labu1248	-0.892316047102592	1.01395376215346	-2.94118315721992	1.06670805365151
labu1249	-0.0361980431499829	1.22897507254004	-2.48517527039513	2.40200835931175
lach1248	-0.23339996696296	1.26689351833307	-2.79142949460625	2.16138668606157
lafo1243	0.801079364876641	1.35349818139942	-1.77985291193273	3.49927143427258
lagw1237	0.736707820513409	1.11414212283848	-1.37612250088422	2.99968991557249
lahu1252	-0.198084361484077	1.12721964506961	-2.47299129881367	1.99017131293123
lahu1253	-0.75003345560253	1.18231222748999	-3.2373468590831	1.50129047839277
laiy1246	-0.55941117559355	1.25751780273748	-3.19890972547211	1.7639004307092
lakk1252	0.615889350501336	1.33657075522898	-1.93676024879941	3.37680059420142
lala1264	0.11895746132799	1.36905794555637	-2.54267107274191	2.88809640512014
lala1268	-0.281736726804323	1.10349944367831	-2.51734438320393	1.86593976386049
lama1277	-0.874335740481864	1.27335399642378	-3.57322292742078	1.48747109196501
lama1288	-1.56630829390523	1.06050464515972	-3.70956017670165	0.43832611452911
lamb1269	0.446322887970811	1.30135146424551	-2.07325995984167	3.15754179757016
lamb1272	-0.273599319598504	1.28919401335647	-2.87621128662646	2.23554387475636
lamb1273	-0.373336094621739	1.31543748468414	-3.09942556690498	2.10483714245498
lame1260	-0.743463501289183	1.01516040111342	-2.79808503399158	1.22007693608785
lamk1238	0.326252557964766	1.0942416737217	-1.84181373727418	2.51390439071449
lamo1244	0.218690520485742	1.07974817121663	-1.9190701632419	2.31493912438086
land1256	0.281202063723808	1.27747323608143	-2.26187648151504	2.8599964569904
lang1320	-0.265598506847548	1.22047382136222	-2.7145566450298	2.13385306680902
lang1324	-0.3107688023709	1.37024139673521	-3.10174446104075	2.32979613606654
laoo1244	0.683872342127103	1.28106120192792	-1.79104828117148	3.24382735745787
lara1258	1.07149998015241	1.28132262734103	-1.35832872720849	3.65576595294156
lard1243	-0.457978446707418	1.34378695493923	-3.14614735775056	2.1698313120385
lash1243	-0.807248140200814	1.2744111935062	-3.48009856433368	1.55844177304716
latv1249	0.136196892998726	1.37755878004567	-2.59870404634201	2.88914252085353
lauu1247	0.545932043737884	1.0662198752693	-1.51209456839582	2.69861711439635
lave1248	0.728085939308361	1.12378469390548	-1.39140750824795	3.02064004048136
lave1249	-0.225373275222926	1.15695501743109	-2.50906161016822	2.0555795701719
lavu1241	1.25269441858386	1.22376989663164	-1.07189969594533	3.78529662691694
lazz1240	-0.19880875041315	1.31887013914582	-2.77155994531091	2.33857450206456
lega1249	0.0723842148566976	1.39020560783211	-2.66376920491682	2.97501724648401
lega1250	0.053330189585382	1.3339754016811	-2.52651678680031	2.69749274478781
lele1267	0.15173698519441	1.09463080674959	-2.01304493247852	2.2769471713094
lele1270	-0.750318086208017	1.20576740441832	-3.26362316691783	1.52892135045114
lele1276	-0.780808529119742	1.16208191704611	-3.17079646851555	1.41967102325618
lemb1266	-0.491872814566873	1.07766308276069	-2.61782728836452	1.55976619406041
leme1238	0.314566837278189	1.11669854135818	-1.90631525726599	2.56226563455792
lena1238	0.344928240577273	1.07753507427343	-1.79750344891603	2.5016926131738
lend1245	-0.694094070660687	1.24267723323491	-3.24458214829494	1.66789169252167
leng1259	0.156983516033681	1.10833003470148	-2.02955569936336	2.34227807054789
lepc1244	0.476765773123131	1.1019190071698	-1.63605491262327	2.66551439505353
lese1243	-0.432040341112377	1.18616856012444	-2.81952329059964	1.8931196838249
leti1246	-0.546754793160246	1.26459674232703	-3.14691469791103	1.84346201264591
lewo1242	-0.628256542548784	1.04246700549652	-2.75246907034624	1.37329226395345
lewo1244	-0.850705932425519	1.27761830492243	-3.54341113892217	1.50011320971601
lezg1247	-0.305666894587549	1.28779841818957	-2.86561021691423	2.26312639040357
lian1251	0.619438565425572	1.03473831433761	-1.46302708631771	2.67970717863235
libi1244	0.69003509611374	1.27880291205886	-1.71768657817765	3.40094743741654
liby1240	0.0584648847711748	1.36438123026277	-2.63170337411564	2.81280985596094
lihi1237	-0.587245973753423	1.17251272898985	-3.00442223083933	1.63366830404344
liji1238	-0.378180323723673	1.15873360915236	-2.72439146148889	1.87506023829981
lika1243	-0.48163103773894	1.19848064263859	-2.86666732701322	1.86027077729332
liki1240	0.647142087242637	1.28931539579496	-1.74664865930487	3.32001072278574
lill1248	-0.177767110146661	1.31520627861277	-2.86587708663961	2.36011534422394
limb1266	0.487440438333185	1.0726052206992	-1.63266088424907	2.64203279763696
limo1248	-0.563364447270932	1.14757369267943	-2.91662559831248	1.58329208045081
ling1265	-1.02658542383388	0.989333807741221	-3.03678619054874	0.904078576800197
lipo1242	-0.231321206219724	1.23697717297659	-2.75194108498382	2.16425770476166
lish1245	-1.78519012233689	1.2827931783596	-4.4596872460831	0.592909277587322
lisu1250	-0.688677131872855	1.19784237651898	-3.17346117276486	1.54301286849474
lith1251	0.137210336518064	1.33838297362061	-2.4656970214189	2.79604531197557
lito1235	0.837684211033197	1.23355860269147	-1.47917780002509	3.42241702291911
litz1237	-1.07827248590695	1.0044167415456	-3.15189137053688	0.854146652802831
livv1243	0.00108518111243409	1.33995365599338	-2.62117953227843	2.65413233754637
loba1239	0.615293567094896	1.29670894141301	-1.79132754051764	3.32469366463979
logo1259	-1.04497599416663	1.27617860878634	-3.63654162684129	1.26450322541837
loka1252	-0.24813778039044	1.14482811789699	-2.51015776448835	2.04890692082802
lolo1259	-0.135113824761961	1.23445077351577	-2.60369236761702	2.25810328826116
loma1260	-0.235715958268192	1.31000093130341	-2.88714546652963	2.2815271683413
lomb1257	0.155822068288717	1.33643739840417	-2.48373674221839	2.84351449211509
long1395	-0.0637068653482869	1.12952942880304	-2.33515564375474	2.15321578797116
loni1238	-0.76343077563282	1.21240328819201	-3.34773099593901	1.48488523498999
lonw1238	-0.991273085116353	1.00817183857654	-3.06252807241058	0.899084293651291
lote1237	0.687523954891691	1.05777703612877	-1.42222813725116	2.75148973642557
loth1237	1.58548137119347	1.06295719699726	-0.439705376563116	3.73400615335375
lotu1250	0.807533428383585	1.09286780966328	-1.27836421216881	3.08744876997926
louu1245	-0.796241090799239	1.21472094842471	-3.38757523985633	1.53269370333023
lowe1412	-0.639391048057841	1.12807157549004	-3.00175730025387	1.49544034755616
lowl1260	-0.0248191758291974	1.18556468797905	-2.44984984591552	2.31758964449815
lowl1265	-0.624221123835801	1.25480117738514	-3.21473259548622	1.73150039392633
lozi1239	0.289626990519115	1.3116219659742	-2.22998953195751	3.02475889940282
luan1263	-0.500668001299578	1.27808423790081	-3.11646692790535	1.98975198806257
lubu1243	-0.694899105463453	1.12744056617242	-3.02915472580165	1.39459544804675
luch1239	0.179304645075567	1.28985838529416	-2.27918529963868	2.89797649769568
ludi1246	-0.00244348960327351	1.37985682781988	-2.77158178451706	2.63104093181666
lugb1240	-0.928648474433193	1.25088606573246	-3.51133382322214	1.49531675083012
lugu1238	0.297759905211014	1.27155619600868	-2.22542518559475	2.84565917693555
lule1254	-0.0109148369525149	1.3814925864822	-2.74932289713	2.74924432383032
lumb1249	0.118747691140171	1.40371301735155	-2.61627168739961	2.86212761719375
lumu1239	0.850483006244883	1.33065370706991	-1.74835573747401	3.52476281971737
lund1266	0.118553200865931	1.34385439109723	-2.51944863450064	2.86486857983416
lund1271	0.435830142955732	1.18028642027231	-1.82415988584808	2.75467161719779
luok1236	-0.757803469668996	1.23875807278585	-3.22658578917123	1.63209257084777
luse1252	0.335559744207638	1.33718616907232	-2.28175309168136	3.09173600544423
lush1249	0.31032952246652	1.16020778156228	-1.96996328306467	2.62471087102166
lush1252	0.555370482366623	1.25876246617338	-1.908572992271	3.08878276758086
lusi1240	-0.0885667735436233	1.06746791174254	-2.21644029361727	1.91152606539736
luva1239	0.15435304098144	1.28289203020002	-2.34562761270081	2.73373712559151
luya1241	0.197963378841096	1.32879929485603	-2.36787433826864	2.91342243611188
maan1238	-0.138466690261154	1.33904324692819	-2.77993934659567	2.46628560459115
maas1239	0.538739393818305	1.26255837377007	-1.87469940874519	3.14242605758181
maba1270	0.719171075808875	1.30286284950983	-1.72190960726862	3.42179692602452
maba1277	0.506307337191005	1.29916878877282	-2.01562199608425	3.17011188344728
maca1259	-0.784585035885001	1.25720387094778	-3.38272216072594	1.53986090298633
mace1250	0.291317170314973	1.30288547932161	-2.17496900434203	3.00340528178471
mach1267	0.366827818183648	1.22313647049757	-1.95434120946762	2.85337643372692
maco1239	0.339411250491333	1.28546159139447	-2.17469970719201	2.96636138821987
macu1259	-0.189944634270269	1.23018800517801	-2.6049965677957	2.2610705478916
macu1260	1.3827757018111	1.34447630017503	-1.10526439292023	4.21018549925812
mada1285	-0.627609651211795	1.09554549240907	-2.89766876951985	1.42941678841445
madi1260	-0.732732233997712	1.29564744722776	-3.4226450585468	1.71933734833673
madn1237	0.487500841203179	1.24072814460861	-1.98214400631197	2.97146281382316
maee1241	-1.14799975077286	1.03667402978441	-3.26626006387746	0.814623664452122
mafe1237	-1.14497583025791	1.12532116763749	-3.47765454812338	0.940360134067106
maga1260	-0.854482089354749	1.22889015704398	-3.35923770264386	1.45915940106702
maga1263	0.760275727897888	1.09671917053995	-1.35996416180516	2.95768066986676
magd1235	1.09735203435051	1.17756312995719	-1.15842575494207	3.50784427566149
magu1243	-0.954881477233025	1.25478923797415	-3.57585715537285	1.33259319442703
maia1253	-0.8690618324192	1.08464596080159	-3.06361367852894	1.2401076493487
maia1254	-0.773530950984228	1.07446157162176	-2.91177145259908	1.28387770928642
maib1239	0.606685681797	1.23847647870038	-1.80005487936048	3.09698879622806
mail1248	-1.45575308470214	1.25009582500774	-4.13182277548586	0.830749664258252
mais1250	-0.987541511512993	1.18944739758546	-3.44523127616641	1.26140237088592
mait1250	-0.455415658297204	1.1324830261489	-2.71443904213738	1.76178556569837
maja1242	0.320835754349248	1.29116427426472	-2.24198507629854	2.93196869117214
maka1304	-0.127181294645225	1.26904110115703	-2.56957177352771	2.42059675731461
maka1311	-0.435059338063516	1.26510214037601	-3.05973620634563	2.01201149784344
makc1235	-0.367753135439911	1.35219288158884	-3.09766890600705	2.23729867236361
makh1264	0.110794696232097	1.33582699940231	-2.53491350500451	2.83406027351781
makh1266	0.12318959288062	1.33304083394669	-2.55112117431338	2.82878316944155
mako1251	0.178578039895501	1.35051736019384	-2.45418481949821	2.84742250071213
maku1277	-0.602218126301155	1.25356563951374	-3.21086233563824	1.70308484869113
makw1236	0.186016000222694	1.3578508329121	-2.47215710473617	2.91635694203755
mala1463	0.155911723353646	1.34632500475773	-2.47020925476642	2.92404164680473
mala1464	0.131639057755291	1.32929933525588	-2.47299913663671	2.85197671275891
mala1479	0.973847977638533	1.25026843290121	-1.38317990295585	3.50293537882066
mala1522	-0.99684924252008	1.22243519616202	-3.58632214224887	1.30333065704909
mala1534	-0.415404541999368	1.15469414091443	-2.74873085524933	1.71262888444271
male1284	0.642272068459079	1.24052107974802	-1.75568134284058	3.22787940273634
male1289	-0.45957840863135	1.09839944766662	-2.66330776914727	1.60294156462941
male1297	0.0522147195869226	1.25636537923601	-2.54564523241131	2.49989125162991
malg1251	-1.02870507132448	1.19730453410809	-3.45434218904396	1.28508920460183
mali1284	0.00211267328433681	1.08917095118178	-2.17425002024298	2.21274343995806
mali1285	1.06842954442647	1.15967055303379	-1.15592144892406	3.45258949940691
malo1243	-1.18050923208396	1.09000401283316	-3.48007511941911	0.866814443827095
malt1254	0.119975176177545	1.36739169235295	-2.53666815156993	2.93274150454393
malu1245	-1.13920134834703	1.04956489701021	-3.27238942964774	0.816494697514628
mama1275	-0.32194610605672	1.28385003344399	-2.95749515228505	2.14289132464055
mamb1294	-1.8891871400826	1.07184673753436	-4.12701232389304	0.0942507097934781
mamb1296	0.0266161879507489	1.30411204786224	-2.53188578893969	2.60319872408837
mamb1306	-0.273589792487104	1.21008953705286	-2.78874920217386	2.02551209651246
mamm1241	0.725540112129819	1.23474635554773	-1.57110808951378	3.29533428208096
mamv1243	-0.85883439110052	1.27327259020957	-3.54606405235432	1.55778166694612
mana1288	0.48199856768957	1.0885431353127	-1.64454694903895	2.66598909982285
mana1295	-0.562549377583759	1.08543934896488	-2.74022775147902	1.47969244276929
mana1298	0.74110979186569	1.14646003310562	-1.43190281124864	3.16100956048538
mand1415	-0.21902584470259	1.31844016498539	-2.91286911210974	2.33329372554981
mand1423	0.145194027386041	1.31766815332743	-2.47318639266802	2.80612592203313
mand1436	0.124268947606704	1.30850295508748	-2.36488215514889	2.684896060491
mand1440	-0.625849824520298	1.17793322323785	-3.10595120455863	1.66743551311158
mang1378	0.501798856570129	1.12479053996294	-1.69622005410951	2.77091389166159
mang1381	0.223137175754304	1.32448976212387	-2.36149910692423	2.87467359616769
mang1394	-0.341176274797317	1.1791331173964	-2.74265226655289	1.9591963865945
mang1401	-0.168660078781826	1.29856496920601	-2.80433716877391	2.35171399210819
mang1403	0.685639042371012	1.05352033523298	-1.43121446419039	2.75110831953879
mang1404	-0.957302826379171	1.02338514767156	-3.05963347057924	0.965499844518756
mang1405	-0.494012064053595	1.30663438566421	-3.16228967748565	1.92189078229978
mani1235	0.414042094458391	1.18993897880853	-1.86863313493716	2.83810973465338
manm1238	-0.867798510024606	1.12984464829966	-3.18121219917588	1.21124220199071
mann1248	-0.249415616976869	1.32232710434235	-2.91645779136834	2.31675630435184
mans1260	0.129816088381622	1.20463891182675	-2.22919680806088	2.54632122825009
mans1262	-0.592086917858662	1.33837065983441	-3.3812003117176	1.93996601415972
manu1258	1.59631645731641	1.11848964191345	-0.535167040385745	3.85172046875321
maon1241	-0.357629838465033	1.34651689249813	-3.0780665602267	2.16319912228299
maor1246	-0.12606665526445	1.29758008255897	-2.71986527377197	2.39326420409886
mapo1242	-0.954781053080177	1.01637742249881	-3.03431002573279	0.985113140471661
mapu1245	0.478591399431282	1.29347671838095	-1.94930422045004	3.14882744826417
maqu1238	-0.0197941338890572	1.17666674053909	-2.44521701399821	2.2711150513581
mara1378	0.404649527798341	1.29149716159358	-2.09352713808647	3.0580537342967
mara1379	0.90122550977395	0.977653125972494	-1.04879305427081	2.84114551536027
mara1382	0.704763483424157	1.14315872507239	-1.52758594726784	2.998777087746
mara1385	0.382899757638301	1.33542610931379	-2.201142525341	3.04569466815041
mara1386	0.827739890591348	1.25134131015127	-1.59311563065956	3.33681908082151
mara1396	-0.214811432462238	1.35108214684986	-2.92903204797145	2.52717871978878
mara1399	-1.11330171201799	1.0239687399107	-3.19778626869704	0.860062736756662
mara1404	-0.89166327223404	1.26547084140704	-3.56069279046008	1.46518986840503
marg1253	-0.29239982881802	1.33216630168138	-3.04096190550575	2.25344875152203
marg1265	-1.71205078972372	1.18758830076159	-4.18397116237455	0.483407609750376
mari1414	0.192479540869008	1.31143740966059	-2.3833130018438	2.89429673501268
mari1416	0.390100624700337	1.04488432990241	-1.6755709003972	2.46078705026526
mari1424	0.677893547886644	1.25635780236957	-1.78794954815667	3.20328470400969
mari1426	-0.697226315992172	1.18318655868528	-3.23645653770121	1.57126874955082
mari1428	-1.30328589318659	1.12924677153199	-3.66303037336497	0.816659552335493
mari1440	0.0580680648530109	1.28070076486979	-2.47096804894917	2.62308311343654
maro1244	0.150392169922823	1.12818106085814	-2.12911263100892	2.40105998599839
mars1254	1.34859465394152	1.28786974336895	-1.01642700783772	4.04906988889064
mart1255	-0.353081087954396	1.28827510138892	-3.014504912368	2.17434979496527
maru1249	-0.833884217528738	1.27212138346929	-3.40897095119776	1.54773262006397
maru1252	-0.117131761172868	1.28074549799098	-2.7203270925176	2.36914944553649
masa1322	-0.477602323070818	1.10389048249792	-2.64860010651771	1.63887850723512
masb1238	0.0020790525817933	1.24166913723623	-2.50673962828909	2.40026127811914
mask1242	-0.721968759978989	0.981285908916345	-2.71451789433104	1.22305659045464
matb1237	0.886178460263476	1.23752982025672	-1.50301709448592	3.38989365902433
mati1250	-0.891793289876633	1.23823227742804	-3.48749398833471	1.43105269219108
mato1252	-0.898891966361393	1.068916095757	-3.10426181202726	1.12482428094055
mats1244	-0.318746145018859	1.32602585155253	-3.01201514267397	2.33841672343209
matu1259	0.18962424173127	1.31970383244225	-2.32124268549506	2.79279497069389
matu1261	-1.08768907160064	1.13604762533866	-3.49477570257832	1.04225837588036
maun1240	1.30834132304458	1.26907282235349	-1.08393479687272	3.98552549674783
mauw1238	-0.915724050612981	1.11155150152359	-3.24495895134096	1.17605290372092
maxa1247	0.658508829866799	1.28744052187118	-1.75733936948718	3.36489643891626
maya1285	-0.765550379199168	1.29783732486322	-3.45325835244301	1.69130196595999
mayo1261	-0.747126291710016	1.17397736922332	-3.1716823647284	1.48168392954178
mayo1264	-0.475489295110547	1.29144741842315	-3.10727784167364	1.9721876337193
maza1304	-2.03354757673887	1.06831982739826	-4.223238684405	-0.0435676650488761
mbaa1245	0.37123026859088	1.25630412344289	-1.99998273040814	2.92896821863037
mbal1255	0.117540699704055	1.32764064436368	-2.45864597258264	2.7946625829819
mban1263	0.674035594845627	1.19163840382161	-1.61066308711634	3.05438952848279
mbar1260	0.404912312091246	1.11600975908839	-1.75325075388288	2.67914036719952
mbay1241	-1.27153188969296	1.2444841620518	-3.89841237694742	0.96761484516643
mber1257	0.151099758055729	1.33931749758493	-2.47344761737719	2.87367657653129
mboc1235	0.351806251643028	1.15294508245117	-1.86325998938516	2.69126316627207
mbol1247	0.157015803166841	1.35048180816128	-2.52392233459136	2.91644895982633
mbug1242	-0.518111293957296	1.22417494347211	-2.95997327255441	1.87933053997318
mbul1263	-0.638669868974156	1.11260229734203	-2.93443179265945	1.49934040490028
mbya1239	-0.20658713456747	1.25404785950364	-2.79911205457783	2.21279417951771
meen1242	0.196872875830372	1.27301821269119	-2.2823629247198	2.72980813875566
mehe1243	0.470126840101873	1.10011508942533	-1.62847296884885	2.70321871805062
mehi1240	-0.278524636245608	1.03422810782221	-2.31256328516387	1.76038670638835
meke1243	-0.196657494264158	1.06238544081302	-2.33241341228925	1.90328060404987
mele1250	0.2303150225117	1.09649148382967	-1.95370133403924	2.35054036486513
melo1242	0.215017563513189	1.25632699853669	-2.26962689311218	2.65948445361742
melp1238	-1.37068678096541	1.170054300088	-3.79975652246423	0.792009610629215
mend1266	-0.0265395491507965	1.29004801529116	-2.66725453141981	2.51850920923348
mend1268	0.472572354365108	1.10329591830087	-1.67194920417367	2.71217100361984
meng1267	0.521619586604687	1.07291562714498	-1.56099007408559	2.64194802557234
meny1245	-1.08931473613164	1.11614534069797	-3.37843776818821	1.01860432273748
mera1242	0.20166875518525	1.09025942771771	-1.94017139326901	2.32964677386765
mere1242	-1.04445462684019	1.15627421222118	-3.49037642136562	1.14265844962816
meri1244	-0.775625160925992	1.32844447314423	-3.45978842724087	1.75114413370108
meru1245	0.15726546963187	1.33008461683791	-2.45512499177838	2.89298969066789
mesc1238	0.752315175241096	1.26969393244747	-1.62595987793402	3.45044119238087
meta1238	0.339308571143664	1.12493590819018	-1.82039000830654	2.61077248581834
meya1236	0.162219786831229	1.21259817623044	-2.27072518975418	2.53125179290488
mezo1235	0.79813959541651	1.16726699768645	-1.46714766270067	3.20973788641361
mezq1235	-0.477569472214874	1.14944419878318	-2.71379462880756	1.75415317163395
mian1256	0.715246639261221	1.10477681697517	-1.36835672712648	3.00963592557882
mich1245	1.02176345531582	1.27151219084676	-1.4559265119789	3.60703038516349
midd1327	-1.11071571488805	1.08188522680444	-3.385670176469	0.967453337232635
midd1357	0.857941380328782	1.24131703371248	-1.54107103801815	3.40354162570275
mido1240	-0.157610646871643	1.38201161748304	-2.90658777184018	2.52560078507654
mids1243	0.600819718951414	1.22490496283622	-1.75361249900611	3.09908409443516
miga1249	0.638005921876039	1.28437848798281	-1.8314833443343	3.26020194170261
miju1243	-0.596350079646948	1.25298740331756	-3.18479538122732	1.72647552122317
mika1239	-0.14570439332588	1.32091161938383	-2.8194025450585	2.38606507187933
mikm1235	0.134502808018758	1.3320678889234	-2.44717361030225	2.76140452742037
mila1245	0.0133544798080177	1.21304773592279	-2.34469265298562	2.39407553665278
mina1268	1.62492611609536	1.28686632383928	-0.765605659967107	4.33480927233921
mina1276	-2.08420043755982	1.07092662202085	-4.25965213616539	-0.0806704773764906
mini1251	-0.177335161246629	1.05519974067046	-2.34659901299572	1.82436583067083
mini1256	1.05801153106954	1.28389225437334	-1.31981289402059	3.76918685302722
minn1241	0.955842104034204	1.25254874538177	-1.42226297365428	3.49192607217495
miri1266	0.297096115198788	1.31248155470074	-2.28315097727892	2.95299235537308
misi1243	-0.299411388411216	1.27066485526257	-2.86639949524295	2.16399315570789
misk1235	-0.604797010586804	1.29365720572106	-3.28678075534198	1.85382213105744
mixt1426	0.169211976517985	1.12924044824119	-2.10642646433781	2.4079613475443
miya1259	-0.361437463772921	1.2947226091866	-2.94152237510231	2.13625772997412
miya1266	0.140296841064524	1.20374209314286	-2.20533254540211	2.57879065839799
mlab1235	0.494509387852302	1.1794807520915	-1.78303032032373	2.85375081671653
mmen1238	-0.113439696938671	0.961880461362478	-1.96271941859473	1.84222347248362
moba1244	-0.0160200338796097	1.21694000910598	-2.44406001640594	2.38606234985474
moch1257	0.628824949854607	1.16614286538312	-1.60638977589477	3.00930681052688
moco1246	0.364160945610139	1.31110880667955	-2.22170454949511	3.03336133502533
mode1248	0.188369191035023	1.34081436210437	-2.42111166264979	2.86182926965188
moha1258	0.316247831876277	1.3779412343861	-2.32506403342185	3.13880615910621
moii1235	1.12276848263507	1.27229794697614	-1.29271258298596	3.738917099217
moke1242	-0.137764204868563	1.33817473580298	-2.76778348798815	2.5140625874823
moki1238	-0.334890737672735	1.27712401223312	-2.93002364790867	2.11789660284944
mokl1243	-0.110965364934314	1.2657834190857	-2.65220335128639	2.33786197340424
mokp1239	0.199508921248387	1.22406868722208	-2.17130138564268	2.64027935689442
moks1248	-0.0259369314682777	1.3611416389731	-2.76549334148491	2.67147750859575
molo1266	-1.63892215128745	1.05175008794415	-3.83146638441244	0.365916439173798
mong1338	0.154720605805464	1.34368621032657	-2.54395526692152	2.90928365915586
moni1237	-0.918339890067595	1.25585744842425	-3.48688276160938	1.44895828041357
monn1252	-0.346460285755111	1.23846683064041	-2.81144902042045	2.0371284457996
mono1270	0.576125977904237	1.14769217417091	-1.60669927998451	2.90514362844677
mono1273	0.381847349328909	1.16260988159177	-1.92153824114755	2.64994455637164
mono1275	-0.273831122792806	1.25702070952249	-2.79144803870553	2.11661175642581
mont1268	0.127861774911533	1.31066905612254	-2.44239234310611	2.65984245051789
monz1249	0.618211079628841	1.15465955775694	-1.57099409728255	2.99981991442408
mopa1243	-0.00522624713703548	1.29430448734459	-2.50453400270349	2.59998446893194
more1259	-0.691522805712921	1.16371897168022	-3.0958148042016	1.5253535546155
mori1268	0.779496605302108	1.22989024077945	-1.60236911826859	3.20036600563341
mori1269	0.424985157478413	1.2007987607704	-1.99058923830628	2.79285933051224
morm1235	0.63336174945011	1.12795350136999	-1.5734032827626	2.88252534372513
moro1285	0.798495513369599	1.3264850069266	-1.78588895239465	3.50108709818664
moro1287	-0.381236303536106	1.27156521269125	-2.93145579386341	2.00323802394672
moro1289	0.748785165633113	1.30992829730903	-1.70970032750993	3.52271016076362
mort1237	-0.262835591692693	1.2946093269524	-2.9112475147093	2.21674462801962
mose1249	0.100212230541816	1.23500706893894	-2.28634482699956	2.62192706359105
mota1237	0.400118120731285	1.1062103278047	-1.70370403529109	2.60651441063215
motl1237	0.631195324530375	1.12447406003675	-1.53908548679696	2.84783309094874
motu1246	-0.987155845395038	1.1836253461188	-3.4033558475483	1.21199418529473
mouk1239	0.0117250713571763	1.07113450350994	-2.09234801783602	2.10601715213294
moun1252	-0.700413316354418	1.08768676662049	-2.95954605819711	1.3583890433081
movi1243	0.0197295745198509	1.20199482578607	-2.36507029353073	2.41194217724624
moyo1238	0.433203401647071	1.05402976170129	-1.63348059722513	2.54219696000499
mpad1242	0.440638521514868	1.19609060044855	-1.82453491340804	2.96592324927387
mpii1239	-0.00354183485863834	1.25953215908341	-2.51012577381269	2.44681223390202
mpot1240	0.143022099891069	1.33948245876293	-2.47993599522192	2.85267405089964
mpur1239	0.307051122706878	1.23562861028591	-2.15845992262817	2.76726002597633
mual1241	-0.509164098159214	1.25085749855425	-3.09292673499922	1.86154847375
mudu1239	-0.187094994078992	1.18971451668106	-2.51813364984234	2.16692652349416
mudu1242	-0.300701503370201	1.19930976164896	-2.72882692881895	1.9981996235956
mull1237	0.88901698516488	1.25734802983682	-1.52390869226313	3.51652732455687
muna1247	-0.607129455789463	1.22661341375843	-3.13064114219159	1.71924517959161
munc1235	0.347711041175653	1.19400644683397	-1.94570138069861	2.72481108798295
mund1320	0.436809453813006	1.21674513212011	-1.97077040210588	2.87586347807078
mund1325	-1.61456064025649	1.08476544187462	-3.81740527043247	0.413174619266702
mund1326	-1.10859594043046	1.14415139725486	-3.50667525650433	1.05229015906102
mund1328	-0.205900741124836	0.955058137493853	-2.03173881477783	1.72399101063305
mund1330	1.01644184029928	1.31740794769192	-1.48834216579346	3.80877308434478
murl1244	1.07102740177197	1.31553612593996	-1.36346743025342	3.86182420703005
murr1258	0.210616798742847	1.22826621606315	-2.13713038440887	2.6478490424638
muru1266	-0.489628482401659	1.27824747807056	-3.07395812161827	1.90379485211094
muru1274	0.956801683920894	1.28010057037546	-1.47213586248034	3.60999934135293
musa1266	-1.34581467505365	1.13454422945632	-3.63396815991505	0.818464543833765
musg1254	0.00720778501822919	1.0805118942898	-2.12017685521672	2.14533781303052
muso1238	-0.917725294438879	1.02149731434213	-2.99346764517335	0.97641386325407
muss1246	-0.424540704332249	1.32178998296985	-3.07036277280694	2.14251349622834
muth1236	-0.0229236300222294	1.27092242367033	-2.53717349809951	2.48845801816831
muyu1244	-0.0723486503210625	1.29894954756887	-2.67875377854748	2.43735634076158
mwag1236	-0.764819843705834	1.08865555934532	-2.90931707025725	1.34193150579651
mwan1247	0.156755304873593	1.3510974905948	-2.4847906450775	2.85680652133076
mwan1250	-0.509952037509789	1.33832054855326	-3.24670486053617	1.9559384944755
mwer1248	0.202099991265207	1.36921451118988	-2.49836374432827	2.97643098565668
naas1242	0.804099673237122	1.06766773241231	-1.27085659498214	2.95186806183226
naba1256	-0.911799367733473	1.02433077815177	-2.98216432915286	1.00152403928991
nade1244	-0.23374214590147	1.26728347965308	-2.8075642408924	2.22561555327469
naka1262	0.808749436568141	1.04511584098485	-1.26806439504127	2.87195702694983
nalc1240	-1.09862340030236	1.20503973729373	-3.61870071312667	1.12254711238102
nali1244	-0.607617247165702	1.12352615502078	-2.93546314659347	1.51332970827289
nalo1235	0.385003870745684	1.10567191743518	-1.76750682490104	2.56857818425375
nama1264	0.181673745271067	1.34232664877551	-2.43109411202744	2.85898066843093
nama1266	0.062422316183677	1.23799265461303	-2.33907354474634	2.48757737872951
nama1268	-0.476609226727594	1.08100632645761	-2.65483750504588	1.62280555883795
namb1293	-0.22197312665008	1.21804138766838	-2.63143808223976	2.16518288152062
nami1256	0.286594009413597	1.03992365967643	-1.70174926172893	2.37390164469898
namu1246	0.607500303962763	1.16585654095313	-1.68191159355261	2.95607625772611
nana1257	0.149996884997121	1.29893753352058	-2.41951782174623	2.77788344422225
nand1266	-0.301522077684332	1.2799478404084	-2.86958982528943	2.19095225659538
nang1262	0.391942036078197	1.0928037025728	-1.74499329884654	2.51467304617299
nant1250	0.342191491250795	1.21430711108578	-1.99372052080921	2.80704025539079
nara1262	-0.35529002822353	1.35624458234025	-3.06347879602319	2.24368243236253
naro1251	0.233633250025221	1.24002899158428	-2.21821264505931	2.68595159537878
naru1238	-0.286847926769915	1.29270351222268	-2.99479502675203	2.21734011476106
nati1243	1.0952345723021	1.09737356234826	-0.949687368618034	3.3992372542669
nati1244	-0.765043266116073	0.992572240209149	-2.73259271668093	1.19854299484113
natu1246	0.418880216616409	1.09670392573359	-1.75421696862899	2.60280183380157
naue1237	-0.588266841815239	1.22800658873673	-3.07829005499414	1.71291765563127
naur1243	1.11370125763082	1.27242981564049	-1.31642031952014	3.7019430717579
nava1243	-0.262576342849997	1.16936797478706	-2.54960038543321	1.97692802477689
nawu1242	0.809734461195193	1.274133358265	-1.62797707963032	3.38811959030669
naxi1245	0.110279350430245	1.2040192109073	-2.24827382524301	2.46998447783638
ncan1245	-0.439757744086621	0.973727405852021	-2.33943344523289	1.44999709756172
ndam1239	0.147733664375453	1.32156220917427	-2.45785731489085	2.80437554363749
ndam1251	0.252515039881137	1.24159866526181	-2.16297412445443	2.82712036700409
nden1248	0.187825687858653	1.33500371792081	-2.42534076386529	2.87571639527465
ndob1238	0.545238556772745	1.29003966875681	-1.91008425674268	3.17421340871732
ndog1248	0.883205817170605	1.19586928926083	-1.34410209887853	3.36200067629996
ndom1245	-0.519843370491215	1.27920060198671	-3.10689289243125	1.96131398530448
ndun1249	0.872387417647531	1.2589224437482	-1.44340291281954	3.45849692181104
nege1240	-0.175916700448186	1.19968735408676	-2.63115323437799	2.1620672424356
negi1245	-0.387435309261647	1.32021987687021	-3.08144134326458	2.17074545508348
neha1247	1.50857541474791	1.19743605629608	-0.720144296110706	3.99504169295523
nend1239	-0.908831610251012	1.08818112963832	-3.03920872046862	1.16648034823232
nene1249	-0.012359113097607	1.3531310698005	-2.64244435403245	2.63978327000939
neng1238	-0.243749468792668	1.27389130108728	-2.83827796277597	2.22110674496698
nenn1238	-0.341584672495432	1.21569856149913	-2.78809356667733	2.08141629816293
nepa1254	0.422120972609155	0.958454605965845	-1.4218202496666	2.33051143031717
nese1235	-1.15315021126363	1.05087397098041	-3.29756679302423	0.803850784834146
newa1246	0.445450583493193	1.02108563982405	-1.54086011113666	2.4687030010852
nezp1238	-0.524532043661928	1.29663456517875	-3.22693538474263	1.97371592348611
ngaa1240	1.21362117273158	1.30050983321508	-1.15435948753212	3.92311902753442
ngab1239	-0.0352287069308822	1.2444586709455	-2.54833039202334	2.4126674361897
ngal1292	-0.219436742926724	1.25322490881334	-2.6843777914298	2.19167317944995
ngam1268	-1.21663691921769	1.22979403923391	-3.77851101715749	1.08211179638621
ngan1291	-0.0242559093656325	1.41218502480739	-2.89529771380163	2.73293664029048
ngan1295	0.470755426457665	1.26554555155017	-1.97599679222541	3.04956971329734
ngar1235	-0.177942755252782	1.25773399324762	-2.70403382733735	2.27773316632131
ngar1283	0.932582180952883	1.35018194554475	-1.59182251900153	3.64969259633072
ngar1284	0.172912328100342	1.34174046949073	-2.45441589658923	2.92704025404909
ngas1240	-1.73768014448431	1.15217901870861	-4.13698235057104	0.356584587555803
ngba1284	-0.2767494447276	1.18209223985602	-2.63604526644478	2.06571692366349
ngba1285	0.857141804335149	1.19874222539462	-1.38551806228924	3.39673937869667
ngeq1245	-0.142377515927737	1.10937953441962	-2.37715539052071	2.01162212512424
ngge1241	-1.03719162644671	1.24159283587321	-3.68320578860984	1.2303255874189
ngit1239	-0.448754460293833	1.21485551264225	-2.87352264548442	1.90359348032342
ngom1268	0.557988723426171	1.33170166493602	-1.97420395458147	3.31629974509939
ngul1236	0.18287874396725	1.29140118991448	-2.40725989284242	2.72031948328499
nhan1238	-0.245229526885364	1.31667223493393	-2.94501527700344	2.33646006587118
nhen1239	0.506118317206057	1.17143052187557	-1.74153548911285	2.87608071007262
nias1242	-0.139004606190426	1.30692262437725	-2.78470795253573	2.39299319870238
nige1253	-0.669430781407845	1.18907814539817	-3.03075257820734	1.68467473182645
niha1238	-0.475187032433695	1.32339381122053	-3.18287138261067	2.12016610634975
nila1242	0.00579994795518452	1.3090576088348	-2.50080737054951	2.59574535622027
nina1238	-0.395223919553755	1.21573785603086	-2.85474708013994	1.98913987077709
nisg1240	-0.300376815799777	1.2517720520997	-2.86396149423613	2.01512934346403
niua1240	-0.191585711941994	1.30599197420994	-2.88582259749642	2.31695427413842
niue1239	-0.166939992785156	1.32400742306993	-2.81765641228849	2.36175407454914
niva1238	0.424641428902476	1.3062808440887	-2.07542687245407	3.0365664628015
njan1240	-1.60767740761161	1.16756987247955	-4.06551554399343	0.571316397406835
nkon1248	1.07357086261176	1.13744285773076	-1.08971746881198	3.37539153916111
nkor1239	-1.22232677638979	1.11139699788197	-3.49163275015514	0.868408127257348
noct1238	0.424568699460151	1.11463577358708	-1.78253674172213	2.61689339518656
noku1237	-0.767220813876016	1.22662535644894	-3.2799998246141	1.53331080513348
noma1260	-0.0229122134684616	1.18278328927385	-2.33203739195149	2.38563540990501
noma1263	0.454619831903167	1.23895416641658	-1.94976846683775	2.95211096380253
noon1242	0.171663943957504	1.31936499124638	-2.32255876257734	2.84297328693373
noon1243	-0.387770399266392	0.993579994957415	-2.31996915770782	1.52442836644395
nopa1235	0.449786219429872	1.10910653329211	-1.74416160379186	2.63358478631612
nort2671	-0.0199609552467959	1.38510321502513	-2.783387086458	2.73376861710798
nort2684	-0.276491582922431	1.27197460796671	-2.81292000689582	2.15872808111156
nort2690	-0.0432921338586717	1.40728532631381	-2.86161493169308	2.71343986063193
nort2697	-0.0183287418867153	1.34851636214076	-2.71823252334971	2.59019225568453
nort2699	0.136100228531668	1.28383766871211	-2.32289729318335	2.6977819362273
nort2702	0.140452657191226	1.28862033346674	-2.35032776412725	2.71480971631527
nort2722	-0.10917855019302	1.19173290578828	-2.5180858813834	2.19442074986688
nort2723	0.380271229147958	1.16296688530928	-1.89111234918655	2.65880393739879
nort2724	-0.380441878486237	1.22611523496658	-2.86895732997528	2.02261740895439
nort2732	-0.24836251914085	1.31809164538543	-2.92333784310858	2.31111290639805
nort2745	0.538490862109963	1.32478743940232	-2.05416990932507	3.20003301338295
nort2747	-0.303672026651774	1.37865339764807	-3.10543529844272	2.36401116965882
nort2774	0.959829787177409	1.23169563314636	-1.34420359777916	3.57473105874704
nort2775	-1.13239127789747	1.32600238950297	-3.9016115674798	1.26237963166232
nort2795	0.138848325617855	1.34584108411539	-2.45590721436813	2.89156211168618
nort2836	0.16856091489799	1.09173754315764	-2.00183144666497	2.33900881899028
nort2839	-1.01435810643655	1.04236542250137	-3.14715507464085	0.967492080114729
nort2845	-0.142384363435671	1.30261153232707	-2.81994972749506	2.36869581393905
nort2847	0.330247904957067	1.08727762151496	-1.82598091544724	2.49968579974062
nort2864	2.00495620629075	1.14523210990723	-0.139773215681195	4.38208182690267
nort2877	-0.692803074081874	1.13562099223752	-3.05966868893797	1.44788375697488
nort2885	-0.687302793917491	1.26085651390092	-3.27783943802595	1.65956324409528
nort2930	-1.86548409481053	1.24955678330432	-4.4468319597123	0.411837727214093
nort2938	-0.429274587939576	1.32325538609767	-3.15145430591561	2.09768223646111
nort2942	0.518066886567294	1.27217494116845	-1.86018891108804	3.14480878736676
nort2951	0.771067312438346	1.29224517423058	-1.68914985363845	3.4571376797234
nort2954	1.02054632458104	1.25046025932174	-1.31084896389944	3.6451513345742
nort2957	-1.14606736641948	1.14076645100126	-3.51350556965111	0.974636544316124
nort2959	-0.506783384124865	1.28983843349095	-3.12085378729629	1.93915414753849
nort2961	0.1241924862494	1.35999920834317	-2.54551039915998	2.9307986649212
nort2972	-0.514326674956775	1.31649451572732	-3.26005770692636	1.9747628781415
nort2980	-0.0250913304283524	1.24296768325497	-2.51794124764258	2.38430192398704
nort2994	0.181982833283241	1.15831895503632	-2.09701723198621	2.46816328168505
nort3047	-1.81872528318182	1.06720456592298	-4.01925875080328	0.189034235526241
nort3139	0.169507841253347	1.35096291390383	-2.4598685248228	2.90094884257844
nots1237	-0.596821207590012	1.0943563412077	-2.85971929430799	1.51197436980991
nsen1242	0.110716510965574	1.35833323858007	-2.56789607523491	2.82611473366175
nucl1235	0.0530043296608258	1.30214706934665	-2.52991732183527	2.63845517565936
nucl1240	-1.36407550270698	1.06734354759804	-3.54102283608652	0.655877305802457
nucl1301	-0.0480936774560169	1.41033471356736	-2.83780744904174	2.72549439582923
nucl1302	-0.0531173446359175	1.33839809458587	-2.66162933023366	2.62812573111366
nucl1305	0.201880251836148	1.31714012672979	-2.36671008273717	2.84670224706601
nucl1310	0.797114894220375	1.18192229724741	-1.48627043469918	3.16330444765224
nucl1327	0.918704414279129	1.29741139090194	-1.51577071281859	3.63228533449552
nucl1347	0.168407947254552	1.31568682186168	-2.43195151845836	2.81800996365189
nucl1417	-1.26773826474683	1.09743843225467	-3.51363181627762	0.819519616538133
nucl1452	-0.386206526943755	1.25650040129031	-2.92639480432081	2.03540120233848
nucl1454	0.6084337865809	1.16224868945439	-1.62850147893804	2.93277403126355
nucl1458	-0.592639418379665	1.05884351485701	-2.71986411528635	1.4246575129037
nucl1460	-0.305551982724805	1.31230051637532	-3.06289475665363	2.19746452907073
nucl1593	-0.319881139322538	1.01982936875315	-2.33789496827494	1.64338074666661
nucl1594	1.03511305705588	1.2569602663183	-1.4117679183418	3.6800779284676
nucl1595	-0.821784743928677	1.18785424466971	-3.26511532518855	1.47071146644055
nucl1622	0.610949337407254	1.29396304889239	-1.84795992794096	3.25889445150449
nucl1630	-1.04240935659052	1.14872606686911	-3.42644803394362	1.14770516552325
nucl1632	-0.718906937327304	1.17233011121537	-3.09433351385034	1.48551782367388
nucl1633	-0.753864776735718	1.18524495762799	-3.17984402044514	1.49792613309365
nucl1643	1.23899227387667	1.32394358447779	-1.21074217144707	4.01894638391286
nucl1706	0.0862916744449694	1.30773363880506	-2.46020902672844	2.66796283530773
nuer1246	0.0747563808810096	1.30945054448815	-2.48469129945613	2.60676766696926
nugu1242	-0.181201684495335	1.17756495618165	-2.49282624109256	2.13572995947052
nukn1238	-0.913676699978537	1.0593143949918	-3.07188901396975	1.06401008917383
nuku1260	-0.221402008371488	1.31003411579314	-2.92410197712337	2.27742057624586
nung1282	-0.619476581834158	1.23024372207954	-3.15364406470109	1.78548667523988
nupe1254	-0.823323957075383	1.23701681340989	-3.39875631478667	1.545760510584
nusu1239	-0.740175895243413	1.20321615640216	-3.18292670095946	1.48549791660362
nuuc1236	0.116603370556303	1.29602795108072	-2.47181619623161	2.70406007644962
nyah1249	0.577362333062692	1.09713199907863	-1.57324147618781	2.81366288234549
nyah1250	0.0511068440505741	1.2551270654084	-2.47933313317521	2.52025884565707
nyak1260	-0.0896171318103215	1.25816621465115	-2.5603523026587	2.38867919805206
nyal1250	-0.611633920971718	1.21922063339092	-3.0531148223106	1.72938953803995
nyal1254	0.73099258063105	1.21820517153626	-1.65069959307741	3.19515514239405
nyam1285	-1.41668468946548	1.14712655793804	-3.68708485301436	0.755853555030202
nyan1301	-0.265157073614193	1.31501316158179	-2.88873061488711	2.28419444882567
nyan1307	0.0246372160502219	1.3369769152594	-2.59908455598064	2.80709302328246
nyat1246	0.0864676043282273	1.32564786842819	-2.54654141250313	2.82458522043413
nyaw1247	0.0185677348836809	1.29056065877741	-2.59579695758955	2.57954084845598
nyig1240	-0.546342667556031	1.32352413242118	-3.30650006488824	1.98506712727472
nyis1236	0.850081027208262	1.13993079700271	-1.35396036236326	3.11625149275004
nyor1246	-0.130042799790934	1.28308998530366	-2.64537968029706	2.41141187150372
nyun1247	-0.129037904573165	1.36056552413242	-2.88079159958364	2.53247405271251
nzad1234	0.129663926819585	1.35769184189262	-2.55642439516705	2.83755806088766
nzak1246	-1.492552459001	1.25496393707109	-4.17466042917899	0.75043111092369
nzak1247	0.952683188500688	1.2778819721572	-1.44701127773754	3.54950257174974
obok1239	-0.774902926881858	1.18246029664729	-3.22855084698336	1.49319437240917
obom1235	-0.939572536227734	1.23262783041548	-3.46326743413294	1.30714276121825
occi1239	0.129754619512042	1.42656462258856	-2.67119412546901	2.9824177000163
ocot1244	0.447637396751517	1.12345291203602	-1.7373915325727	2.74719550588786
ofay1240	0.592106697901025	1.25325243240891	-1.84361935184314	3.14311589499521
okan1243	-0.525236432395353	1.28742662286063	-3.17292794621301	1.97711306388534
okin1246	-0.40522580732247	1.33624330053414	-3.13702285821342	2.21558461362783
okoe1238	-1.66446848614171	1.13545626001727	-4.03211952489765	0.437011984519744
oksa1245	0.664355068534592	1.08321017120523	-1.3930013534544	2.88835673235017
okuu1243	-0.224901922772671	1.00874876111705	-2.1930219516114	1.73368105752084
oloo1241	0.0601560330029329	1.06231143282609	-2.04624389263741	2.11836540220904
olut1240	0.419438657571337	1.11411502572307	-1.75634600800197	2.62974790558029
omah1247	-0.353093619797963	1.33388437062196	-3.10041058462797	2.194510311491
omie1241	-0.600253202716354	1.11722937899462	-2.88149696209426	1.55203274767593
omii1238	-1.02881671681793	1.26872420479537	-3.69155860655583	1.35605759994345
onge1236	0.160569349113647	1.39743022083647	-2.59179346548819	2.86633528609607
onon1246	0.450234331119085	1.33806595865854	-2.10521826731924	3.13957135749551
onto1237	-0.00912263555650782	1.29786267681084	-2.70765685871817	2.49400524903724
oriy1255	-1.15781204134503	1.21546112132312	-3.70016748264362	1.10456558398117
orma1241	-0.335956043764517	1.303286967166	-3.00967569074742	2.26395416582921
oroc1248	-0.189958138390047	1.36165240147445	-2.93732138567565	2.45308335488413
oroh1237	-0.217228679508042	1.20266804112122	-2.6448212253498	2.07616274688502
orok1265	-0.136250640218451	1.3267616279277	-2.75940145472326	2.44585113287414
orok1266	0.16524152105709	1.20259762630665	-2.18965556291537	2.57998581381844
orok1267	-1.36180482601035	1.22549635527365	-3.90648201720299	0.984713504547939
orok1269	-0.335711694236234	1.10169665474953	-2.55727364148399	1.82598925228797
orow1242	0.113993248873681	1.13530647821132	-2.11653751216599	2.31816031974391
orya1242	-0.755017049696375	1.1826934455437	-3.13073180977798	1.56772792141864
osam1235	0.0839292397870298	1.37962450710425	-2.61050904438545	2.93669604575524
otor1240	0.708400706938772	1.33338681236552	-1.84264980548551	3.42277562513973
otta1242	0.134276660080121	1.34847905846693	-2.44421630957178	2.91626286613479
owaa1237	-0.297487292964246	1.30712204189609	-2.92991541495879	2.23638486410231
paaa1242	0.298662727491404	1.22348171254746	-2.09128725335816	2.75074416011586
paam1238	-0.836319543695135	1.01867101121229	-2.92471503375849	1.11974961716297
paas1238	0.0745763671932831	1.1460937965621	-2.16718397851771	2.35325887376804
paco1243	-0.382302812328638	1.2504296164807	-2.91567108538391	2.05063980528866
paez1247	-0.583636478317691	1.25306242378719	-3.10969528964773	1.87543920432829
pagi1243	0.937795453560776	1.25999648146894	-1.43788043814679	3.54760480967508
pagu1249	0.704056616717311	1.27096714350605	-1.79269626152693	3.32194088957693
pahn1237	-0.274712848841395	1.28000183055536	-2.87626615143546	2.14973453458026
pait1244	0.614401860317014	1.09688254863327	-1.53243351426698	2.8135345829349
paiw1248	0.317985048308638	1.18066680953651	-1.9737917402085	2.58952406781598
pala1344	-0.202721957200472	1.28944287899771	-2.73994753982701	2.33608311717807
pali1279	0.223314377379364	1.27358475364171	-2.19081910617926	2.81339315676245
pamb1243	0.553400452188827	1.1923915447276	-1.73145844766089	2.98735470446634
pamo1252	0.20073456270859	1.28617218897132	-2.35710499548554	2.73130828984923
pamp1243	0.625339221894614	1.12943349693356	-1.60373711451735	2.93689245920722
pana1305	-0.0804888613660427	1.21882270512228	-2.54350620622122	2.26528299140598
pana1307	-0.389572910890702	1.2639997264841	-3.02300731411162	2.05409046450989
pang1287	0.103911931461993	1.31516077133815	-2.48742200178889	2.75854196405538
pang1290	0.218566367758076	1.09195443090889	-1.92883572926653	2.34925550160197
pang1291	-0.437585279695658	1.32097766780251	-3.1139166287852	2.07107770211489
panj1256	0.375159261171034	1.22560321564332	-1.99625498696566	2.81190726471533
pano1254	1.20370977155367	1.26148909559948	-1.1916140288413	3.79845798210031
pany1241	-0.322455401848539	1.31969751814488	-3.0253421099636	2.19359556931514
papa1238	-1.06672120947102	1.22811966986244	-3.59175491233537	1.24082236861009
papa1265	1.85387903152162	1.04486121662673	-0.079650401841428	4.02031141573305
papa1268	1.69016166104591	1.10877526842785	-0.350393645620055	3.97702391848236
para1301	-1.10543225323967	1.31459265970704	-3.85298084594537	1.31651690025402
para1302	1.11815257908545	1.07559463145136	-0.897892639879108	3.29840786602951
para1311	0.9394581274979	1.25483957200132	-1.4433482832356	3.52318287240327
para1316	-0.983622051136789	1.19425779654304	-3.42174223198311	1.28158290987629
pare1266	0.0662722979641347	1.03525220052878	-2.01257381638083	2.06782665738966
pare1272	0.115147188408973	1.3021420205449	-2.32695353962996	2.73264896198667
pate1247	-1.00679345765229	1.03037554350746	-3.13577997830268	0.949000583986098
patp1243	-0.541522254550118	1.07500343049787	-2.69696630185922	1.48327555332032
patt1248	-0.399168768718171	1.28247950963243	-3.07692868076713	2.07752312812976
paul1238	2.01532209708643	1.15452000450065	-0.120947805741992	4.37601423296588
paun1241	-1.02021073318353	1.18758880711641	-3.38287742374078	1.29251026546321
pawa1255	-1.95193698108254	1.18509446897293	-4.45347059565854	0.261334699027428
pawn1254	-0.239553284440464	1.32820808535668	-2.90778361213148	2.37055665753538
payn1244	-0.849858124603971	1.08640468434424	-3.00945799118676	1.23939029708234
pech1241	-0.438297794274144	1.28128405981271	-2.98027366497221	2.02605313423681
peer1241	-0.893262826728627	1.11881674073056	-3.16160670737013	1.2829941952602
pela1242	-1.08107186880593	1.24657677942293	-3.77534271280536	1.22914082463735
pele1245	0.763876587711089	1.04210878008562	-1.24280449106234	2.84268543033511
pemo1248	0.307344442744034	1.20846552303528	-2.04318285153053	2.76861883092727
pend1242	0.319435156297681	1.20187769925347	-2.04927594852304	2.63998138731284
peng1244	-0.0743491976525296	1.07273236548625	-2.20301205462114	1.99411963525249
penr1237	-0.142639489064389	1.30557821052049	-2.79456549918719	2.35051945689184
peri1253	-0.0723262137998014	1.39042449840321	-2.83098665013534	2.70084099736918
phai1238	0.927254295729779	1.18500881285688	-1.38762199170191	3.37418864470069
phak1238	-0.195316671387303	1.22408724070884	-2.69628093132418	2.1914742872003
phom1236	1.55772244602258	1.06717353260458	-0.444778777926313	3.73547649675817
phon1246	0.149327075610485	1.18836088315448	-2.22432933198635	2.46482767694424
piap1246	-0.761466509712429	1.22090212893091	-3.27745101957751	1.5320430246549
pich1237	0.524043418939054	1.20335314985945	-1.73404600915631	3.05380866881377
pila1245	0.464235811794442	1.30010534996827	-2.04787430584365	3.05529173400135
pile1238	0.16035284114428	1.16006185102191	-2.16288765636406	2.4302338522087
pima1248	-0.519041553255053	1.30828927262549	-3.16974866262412	1.88511200910233
pina1252	-0.816578719943322	1.07789945698845	-2.96148855760546	1.24819646272038
ping1243	-0.201647877806355	1.30571071495976	-2.91890331561324	2.29633553087082
pint1250	-0.127831052395245	1.34119816063772	-2.85823284659993	2.48284389606601
pipi1250	-0.465882486720797	1.27423020431812	-3.06175027082365	1.93578408831737
pite1240	-0.0241889465689854	1.38677046577024	-2.85152614445244	2.73955352410043
plai1258	0.225259799280708	1.37138250022854	-2.40839440210489	3.06203557695378
plat1254	-0.151937667140587	1.3349248481795	-2.82449302125718	2.42034977462784
pnar1238	1.34251572103343	1.14056311240643	-0.785712310597259	3.72282648697933
pohn1238	-0.254839181522629	1.33538274438333	-2.976379492754	2.29095297113005
poko1263	-0.22852295027214	1.3097483155707	-2.85688125241578	2.29699659193736
poli1260	0.10351611146949	1.34599401258489	-2.53047650279889	2.80316609653845
popt1235	1.1166445594689	1.19399200653898	-1.13589939334747	3.57595525540768
port1283	0.0938990096766206	1.35538992255632	-2.55929568381856	2.91136597395397
port1285	-0.718795847388546	0.97911198857583	-2.6958335123723	1.19569387644507
pott1240	-0.238116505721694	1.11043399742705	-2.49907037118729	1.90067117612173
pras1239	-0.93411004311174	1.26120264881929	-3.57352537658418	1.45759069493482
psik1239	-1.78336379379688	1.05763433166108	-3.96095392590542	0.195164093035487
puin1248	-0.342188658806131	1.250177203066	-2.88623751771551	2.04571568327948
puka1242	-0.172830485661254	1.3176719362321	-2.78862559753766	2.38385057335968
pula1262	0.107004102244117	1.34936889547272	-2.46348877476018	2.84951384694785
pula1263	0.111770827054794	1.35092124982785	-2.50120819975759	2.83664982074846
pulu1242	-0.17832615478938	1.28275497988268	-2.79937320775053	2.26337258614791
puma1239	0.23196096587691	1.02714919929773	-1.77545405721001	2.32352040788291
pume1238	0.667412572926081	1.30755823855108	-1.85713016804393	3.34760624592228
puoc1238	0.108479076288209	1.17242782475568	-2.27643459012708	2.44627104878075
pura1257	-1.68563572028335	1.23054460162642	-4.17240223569209	0.622932147461922
pure1242	-0.407200246671262	1.27058022047653	-3.01786204973507	2.01506127283825
puri1258	-0.305095655730212	1.2854103719836	-2.94137040277892	2.18800113563753
puyu1239	0.253034820921137	1.12139775317816	-1.9489601781446	2.48900174565773
qanj1241	1.06333267228343	1.24662223568768	-1.31897319542712	3.56363541536115
qaqe1238	-0.069489349860598	1.12274898333239	-2.38979688061165	2.10243166060277
qaua1234	-0.215351853589977	1.34388469342213	-2.99580671271616	2.3790110002165
qawa1238	-0.430517413964372	1.3138829876318	-3.11470647101251	2.07729774989807
qima1242	0.0456890808341579	1.31774461344192	-2.47832305477646	2.69655913607241
quer1236	-0.786647913428559	1.1582928291273	-3.11158894874712	1.45017585831212
quey1238	-0.320372469347431	1.2551864112743	-2.88279799658351	2.08391271192085
quio1240	0.811915738372463	1.07090519627839	-1.23576229308603	3.00685744187671
rabh1238	0.277070453839673	1.12051760243266	-1.96238985623639	2.48159940310868
rade1240	0.434265047011167	1.15172108262938	-1.80369831062548	2.68486847899781
raji1240	-0.322598767829673	1.24377305867188	-2.86533968071023	2.07105061623312
rama1270	0.867160065955788	1.28558023929104	-1.5383650833971	3.5105226303691
ramo1244	-0.341623683630361	1.05114475313226	-2.44610852339675	1.71095949283529
rapa1244	-0.170074680223591	1.29386627141962	-2.87180177486696	2.32405233308136
rapa1245	-0.0942185192156874	1.33190284900503	-2.77180822691708	2.48568014459861
rapo1238	2.3277271532914	1.09982519297966	0.315099406859909	4.62621435042184
raro1241	-0.163949148304192	1.32755158803331	-2.91352255797968	2.41528585485349
rata1244	-0.0897482546342199	1.32151207157788	-2.79723485459319	2.46839885942695
raut1239	-0.452593917125251	1.25319496795975	-3.055438673445	1.93856861090669
rawa1267	-1.24940025746853	1.10300713549238	-3.51468822155962	0.869647720530419
reja1241	-0.305616137424669	1.28419377899157	-2.98039962211505	2.14066299693213
remb1250	-0.58821976183341	1.25250062500262	-3.14643545118231	1.85853391707402
remo1247	0.165008008817488	1.1941556547858	-2.18984776630798	2.54356401623629
rend1243	0.254834552213312	1.36059760290648	-2.38955718875985	3.04974002376275
reng1252	-0.810717266955991	1.16093886948257	-3.26449475869757	1.37445736492027
renn1242	-0.251513908223439	1.29092105396264	-2.96036540210783	2.2576955239438
rere1240	-0.920634449598159	0.96721007509591	-2.8315346535168	0.987972897862357
resi1247	1.30970463868706	1.25860009513453	-1.03962151941489	3.98197283149532
reye1240	-0.0486590388950375	1.21653436441886	-2.52433292250498	2.32004538121862
rian1263	-0.0257497131942792	1.2602837265522	-2.49291338091499	2.47125173067118
rikb1245	0.765689594498692	1.28665513978286	-1.6382586519852	3.54415434528661
rita1239	0.0482941416909193	1.28386626252522	-2.50967498067987	2.56472785693808
roma1326	0.14668203171776	1.32856725123004	-2.47234248415213	2.86784993286692
romb1245	-0.242839327873459	1.22262264748133	-2.71201733511138	2.09796484138359
rong1264	-0.528557325730416	1.27589343665771	-3.09828485456463	1.90120349979672
rong1266	0.500903374212491	1.02457420264037	-1.571913230574	2.55302121520001
ronn1241	-1.00619289437906	1.07344769148184	-3.16467573441122	1.05240710112252
roto1249	1.96766184935549	1.050236237288	0.0297809680847628	4.12416519536848
rotu1241	-0.103227528312782	1.34767453765934	-2.80898634633607	2.45185174213094
rovi1238	-0.0493744512677999	1.12023952901032	-2.32295145068075	2.12267682447832
ruch1235	-0.932058499115068	1.27886794416754	-3.58125073952068	1.5074987098719
ruka1240	0.279071527214204	1.11455673207945	-1.92785191402594	2.55718016362382
ruma1248	-0.945455389441822	1.21562639925588	-3.40944311363422	1.30548488704511
rumu1243	-1.75005490746471	1.21596786943285	-4.26204717057831	0.465352340369842
rung1258	-0.495952619669404	1.28426923596494	-3.09906145964521	1.99435349456182
rung1259	0.092215490937455	1.15486010390846	-2.16139950773472	2.36743787468269
russ1263	0.057271190329367	1.34958868755431	-2.55297728088494	2.78790015282161
russ1264	-0.0952539933604344	1.33280311818429	-2.76255820173984	2.55003890049696
rutu1240	0.0650505857795482	1.32074620346045	-2.50338101332337	2.74012819012945
saaa1240	-0.145148778405221	1.18952712255605	-2.5887779163956	2.13157634824893
saaa1241	-1.04997706779263	1.09302271059586	-3.26575421877182	1.00371614273372
saam1283	-0.148148748324911	1.26561230088627	-2.67629924779896	2.3731252688848
saar1237	-0.0796761688758214	1.12402271275075	-2.33857034313102	2.09922080810321
saba1267	1.56791265088073	1.10395409391113	-0.461017838630088	3.85062291047972
saba1268	-0.616339919763165	1.24913325510544	-3.12621040869991	1.75985782220025
sabu1255	-0.493160022339494	1.31752226070976	-3.18629436972598	2.00989341058351
safw1238	-0.938958304811197	1.25428861546341	-3.52098111441098	1.44380147112664
saga1262	-0.367580121485509	1.27240059749925	-2.88917464944168	2.17108717436531
sais1237	-0.526298572757238	1.25407200766931	-3.11516517240714	1.8461764487748
saka1289	-0.95846684555518	1.15159690553381	-3.34415510447324	1.23069956640456
saka1291	-0.242977975026331	1.35364194549969	-2.97598357399107	2.29102405457183
saki1247	-0.62120759666729	1.17914658766279	-3.02484689862796	1.62885886565851
saki1248	-0.793583174520588	1.25092160652948	-3.37002070657701	1.5840214937551
salt1242	-1.95331173312224	1.18229957378382	-4.41347996105506	0.250538629655106
samb1305	-1.22687063531725	1.05773852798692	-3.37830508712498	0.73756585457092
samb1311	-1.20865562567422	1.0699937913004	-3.33496124808078	0.831317341396347
samo1303	0.34943962454471	1.14806287379288	-1.88630260509947	2.66304530917823
samo1305	-0.17992321666298	1.30697379510059	-2.90200849135016	2.3950385165412
sana1295	0.0644810852942633	1.35859244308297	-2.56009241544247	2.82068946536946
sanb1241	0.249126299466306	1.12084687250737	-1.98568622731749	2.45608618948789
sanb1242	-0.508368135616738	1.28275382639296	-3.15507480195031	1.93922560499521
sand1273	0.123828009350631	1.26923959637935	-2.33483035211913	2.65250700960762
sand1278	0.558926780328277	1.25363535127419	-1.90967134166407	3.11384325587228
sang1321	1.50923315150738	1.04501916605247	-0.470468019076726	3.6431553066737
sang1330	-0.69802171538462	1.26066562718805	-3.23018396487431	1.76926964068866
sang1331	0.122272025727513	1.34155878941489	-2.46565191302072	2.85338923045925
sani1269	0.280071397330042	1.15156811475138	-1.92448926744199	2.60802624625006
sanj1284	0.629735128655987	1.1052501774821	-1.52589126452997	2.8570550970003
sanm1289	-0.710681572736485	1.29642347379895	-3.32054556694335	1.7427635381886
sanm1295	1.07788632738044	1.1637079387975	-1.09993644412495	3.45310764923056
sanm1301	0.305287969576466	1.13865733217231	-1.88739418828795	2.62024548874732
sant1410	0.71186629222006	1.18641638555495	-1.51140901204887	3.26394935272678
sant1436	1.07722340113114	1.146466926681	-1.10847472955489	3.4076164871136
sant1451	0.0104445645181254	1.13456986703974	-2.24021393894711	2.17305930876596
sanu1240	0.072536954953592	1.17608599748291	-2.25734250539203	2.39039171850994
sapo1253	2.43178518299467	1.12110132602807	0.394826647106353	4.78139327273253
sapu1248	0.00357484881443357	1.07464795822086	-2.14970376707226	2.09679788460695
sara1321	-0.0637612327385355	1.2481502595716	-2.55467684058306	2.35860684785307
sara1327	-0.544761586214829	1.34822774251112	-3.33901562119593	2.02100067333095
sars1236	0.354217053722715	1.24470682602733	-2.04048332113295	2.94931668348136
sasa1249	-0.284421749867763	1.33016425261348	-3.05357974846086	2.27303187263516
sata1237	-0.189358680985631	1.33447280733416	-2.90594309128869	2.42309207991649
sauk1252	-1.02601986271054	1.05490037158601	-3.19429203701288	1.01534877705872
saur1249	0.587820864714893	1.19056794237202	-1.66978623217529	3.02850806709647
savo1255	1.09844226244496	1.12568023024912	-1.04382057319868	3.44788451384289
saya1246	-1.50801854229756	1.15490707325177	-3.98728200044843	0.568456588702912
seda1262	-0.924960571659131	1.15548245807256	-3.28009347334936	1.25833315108232
seim1238	1.17936883633906	1.28152268142458	-1.29640174420453	3.74085796890223
seke1241	-1.067628880444	1.08985286170263	-3.26234188406362	0.967074929503594
sekp1241	0.799250093196078	1.12316715444086	-1.36311017797584	3.0565659744538
sela1259	-0.224621710816798	1.27668409402595	-2.84886996956826	2.24598383994639
sela1260	-0.559586419337455	1.25786939318273	-3.21056503913163	1.86064206899004
sele1249	0.994957074973298	1.12099885147982	-1.140654913907	3.28275140643953
sele1250	-0.817403201377006	1.05967209666231	-2.95489811503752	1.20136227077466
selk1253	-0.0130626315180073	1.37152339216169	-2.71706575916807	2.65982886986854
sema1265	-0.651932704095256	1.26678939712813	-3.29858786536166	1.71496474189531
sema1266	-0.704430484118786	1.25782865560588	-3.27376294076702	1.61279341204997
seme1247	-0.13219924227632	1.17469420955519	-2.47458669784012	2.17212909646229
sene1264	0.455269844412308	1.35455986958621	-2.14295329627037	3.1358433281903
seng1281	0.746155714905153	1.1368503461931	-1.39236242162202	3.05653753703229
seri1257	-0.46621157040181	1.29932928357134	-3.14727047398077	1.98757978429891
seve1240	0.129184001392326	1.35746463161978	-2.46344100451187	2.81267215582566
sgaw1245	-0.432054974287134	1.33134764449356	-3.19414041258332	2.06356055403246
shab1252	0.310507682652009	1.28708654177188	-2.25349054031988	2.87994999010322
sham1280	0.0782211991905387	1.25812168576702	-2.44493089677447	2.61019802105276
shan1283	-0.171677122762595	1.29741772431973	-2.85924866595861	2.3425571976168
shaw1249	0.136336987457968	1.3200974035732	-2.43837130977459	2.82994535858417
shee1238	0.245300814908027	1.34941376541297	-2.44362209595156	2.92286906917788
shek1245	0.358768868688947	1.29128319127301	-2.11913485582534	2.9836828558882
sher1257	1.08103588589704	1.10060314261703	-1.00586776008494	3.30329912713237
shil1265	0.182912856264713	1.31897643515325	-2.44356259961618	2.81205133280363
ship1254	-0.763408889618053	1.28777344087384	-3.39742350746608	1.73384512795468
shix1238	0.335361126725533	1.21336346112155	-2.07462736504544	2.73447115462139
shol1240	-0.367904713808429	1.23854324490673	-2.8668624807951	2.01762586223546
shon1251	0.123658301091689	1.3365390221143	-2.51375581884767	2.83001321832532
shor1247	-0.0255701893508886	1.3555980824453	-2.67312156793249	2.70637840962614
shos1248	-0.240762018773539	1.27241503460457	-2.85003783802062	2.20336087140001
shua1257	-0.349695227432604	1.3579443526435	-3.1586857887546	2.27930804284953
shwe1236	-1.12116756411859	1.21436841763416	-3.68097624843315	1.12897444876524
siam1242	0.842815802696363	1.0809365144813	-1.22830762067273	3.05253298715226
siar1238	0.0579089455899077	1.10589423931568	-2.17002894470782	2.26458954975603
siaw1243	0.116459458697414	1.04609275989366	-1.95746290850987	2.21050374036001
sich1238	1.02160058817908	1.21772395924118	-1.24285158703774	3.5630695900606
sici1248	0.0918609354484906	1.34962443099529	-2.57627934323137	2.83122801725973
sici1249	0.5814739232765	1.09638914551392	-1.51127804446616	2.84714932703052
sida1246	0.546507833183799	1.32756594495322	-2.04254391297315	3.26858630194545
siee1239	0.0948579554148539	1.16930289360586	-2.21488603675748	2.41154629558703
sier1248	0.408520430449535	1.15538901903441	-1.82362625370389	2.68216449310628
sier1250	0.758107360269169	1.07579880096395	-1.30573125999082	2.9528676435744
sika1261	-0.118832476451825	1.32832215508817	-2.8551005696884	2.47543006737209
siks1238	-0.0193923781854844	1.29923411901795	-2.54312178817787	2.52136661691566
siku1242	-0.283682588628755	1.33735368231247	-3.01264991205091	2.32492355374974
sile1255	-1.05625095241586	1.10198880620301	-3.2629670931742	1.00518483819746
simb1256	-0.0443484550611951	1.16029609167502	-2.43387777360618	2.18776040650663
sina1266	-1.1776194764403	1.1819270110233	-3.59171764451267	1.01080180755462
sing1264	0.153566049650576	1.14947293774194	-2.18704188596804	2.3749484220657
sini1242	-0.0734791601006603	1.28235141948072	-2.63422911726246	2.49655067926171
sion1247	0.456217138728845	1.28978886536903	-1.99840649601699	3.11973402938846
sioo1240	-0.772880461212141	1.07016513502595	-2.96894404651971	1.25998578855933
siri1273	-0.202714856065774	1.27974531444174	-2.80940355982035	2.28878378797576
siri1274	1.43039805558081	1.29378101384291	-0.917056635676149	4.11176621234249
siro1249	-1.0490795251173	1.09979512015322	-3.42147943099631	1.04010117272203
sisi1250	-0.0586669316027087	1.2008687267701	-2.50415990309472	2.25189779346567
situ1238	0.337807582367606	1.18973365650693	-1.97758762095155	2.71318256965358
siwa1245	0.808894541610358	1.09875687347951	-1.36298820540452	3.06963272747035
siwi1239	0.118224279151002	1.36984206964393	-2.53419863105183	2.93161135929548
siwu1238	1.00717738560333	1.12061593910832	-1.12286139166089	3.26064070061471
siyi1240	0.478297603533164	1.12265438876177	-1.73630463999783	2.71973865989464
skol1241	-0.00513238526533206	1.35263289797347	-2.68446824907359	2.7277336130586
slov1268	0.110912049465467	1.36958668167831	-2.64410761421574	2.92433182532465
sobe1238	-0.769412806190026	1.23036694111653	-3.23470883798925	1.56508736440513
soch1239	0.823964714616095	1.09232870199296	-1.23701387427637	2.99836273558259
soga1242	-0.118452662798315	1.27836616405575	-2.64093655093887	2.43038919163227
soli1239	0.129889514476571	1.39195484160303	-2.61558950514473	2.99862161799621
soma1255	0.0748343658743248	1.37511480734561	-2.63287507403139	2.78381723439082
soni1259	-0.0793391763137895	1.3507632854597	-2.80485071359778	2.59132644453101
sons1242	-0.1357157333395	1.31265483263793	-2.77895264746885	2.43404082205694
sooo1254	0.19212639426089	1.22004225488228	-2.27144153558056	2.57166112431887
sooo1256	-0.0980322793121578	1.32793238558214	-2.76923689901163	2.53846615991619
sora1254	0.179956457325223	1.08000456100499	-1.93685827241775	2.35606656686635
sout1528	0.139124654866732	1.34846449294806	-2.40650337341626	2.9037732664665
sout1549	0.214364536116204	1.28873806303355	-2.21579138055446	2.79896418156703
sout2649	0.24360238717031	1.27808514290937	-2.28680580876035	2.78071663955366
sout2674	0.00284778477728162	1.36477054000363	-2.73681242299988	2.67880346802847
sout2679	0.00918391064993836	1.39226014864994	-2.74968109238577	2.7443265490725
sout2715	0.386346207428483	0.971458424651769	-1.48362239298167	2.31469515546728
sout2728	0.089322351628471	1.2303418247604	-2.38818039804732	2.50804708780661
sout2729	0.729923827438847	1.19436367719706	-1.55092004610402	3.12430979910139
sout2730	-0.589011622726244	1.26156487302737	-3.19121597888054	1.82605797186272
sout2741	-0.333301101464453	1.32098221797667	-2.95896041383106	2.26121037951948
sout2782	-1.89325993491245	1.11621128944099	-4.23864557400578	0.195838004945862
sout2797	0.95787405656048	1.0929829890158	-1.11092667150032	3.21468556693054
sout2807	0.0743623972708355	1.36520050787714	-2.63378094103791	2.82573068886414
sout2826	-0.81999336133769	1.26758515468724	-3.460117407151	1.59799036247803
sout2856	0.262227285491089	1.10509800082426	-1.95347922598843	2.41877204345446
sout2857	-0.726156187212973	1.00786082651295	-2.73029205459796	1.2468731438493
sout2859	-0.94415563831394	1.0317507679324	-3.04564986804659	1.04074921506681
sout2869	0.50367571409214	1.06477092231361	-1.58929510383569	2.63660664827695
sout2895	1.96059420165608	1.11082825863164	-0.0895590007706345	4.24976716417215
sout2896	-1.10647812619695	1.23464790386514	-3.72284031731867	1.14235201154934
sout2912	0.444506073287797	1.24230430449137	-2.00044850749059	2.95084832426154
sout2918	-0.38213919143863	1.31246300981727	-3.12664693547768	2.04978035384818
sout2949	-0.853948633990627	1.23501386811391	-3.41439577378491	1.4804867933727
sout2954	-0.335607942652528	1.3301123697787	-3.0641751015358	2.23763882665024
sout2956	-0.393134362551011	1.32905202856301	-3.06017037485461	2.21639972667163
sout2959	0.546330968226724	1.27962119745952	-1.90062974106863	3.18658792624113
sout2976	-0.512664558676395	1.30094558337822	-3.22034111399881	1.97276380572591
sout2985	0.631231056675894	1.24079518417113	-1.75809327180907	3.16243143456895
sout2994	-0.522311960164811	1.27677953712251	-3.0880585470333	1.9317812762886
sout2996	-0.490116559973156	1.28617013905142	-3.12638204134076	1.93649922341275
sout3236	0.173679062661505	1.36094112060113	-2.47188635819226	2.94221775740127
sout3261	0.261452315450363	1.32453101672175	-2.38939641556619	2.98601129801101
stan1289	0.0594052709905229	1.35616675328239	-2.5430900719953	2.79898453743991
stan1290	0.106729415081828	1.31350831678889	-2.51324325203596	2.758587156107
stan1293	0.137538207439208	1.34381992143666	-2.43475053894371	2.8222834512035
stan1306	-0.536821049163134	1.24866367402944	-3.10672392954407	1.81819433873143
stan1318	0.0722225106462929	1.36290538793486	-2.64010983102743	2.77842489728804
suab1238	0.714369946759313	1.28350455845844	-1.75272203574852	3.31813766004058
suba1238	-0.868789808229471	1.25448690106273	-3.3044060799412	1.51084915847775
sude1239	-0.0556573022351458	1.27600559869681	-2.61615238154898	2.39655515610883
suen1241	-0.275363558638718	1.07075664851362	-2.41559199189387	1.8348757298302
suku1259	0.218814965870317	1.33188579252984	-2.40685413277179	2.98626960497901
suku1261	-0.183360006556571	1.33683841205104	-2.76500606912476	2.42954865702709
suku1272	-1.67843851599595	1.05176136048188	-3.82729471069644	0.321859371863982
sulk1246	0.117323408885784	1.09823048547633	-2.10489214900889	2.26132354961901
sumi1235	1.68066684942662	1.05168845950468	-0.327575232562208	3.84278442726638
sund1252	-0.180980550596371	1.30734350663016	-2.84035985616042	2.37418332930259
sunw1242	0.39663189632007	1.00200040190121	-1.52990527028514	2.40825907533379
supy1237	0.573508603051779	1.18927103325539	-1.6505463596236	3.00575704967242
surg1248	-0.00186980929038111	1.38475513356998	-2.72457294406429	2.71714108213077
surs1246	-0.375238611770899	1.07905246566635	-2.63508070822643	1.63440287160817
suru1261	-0.388578518138118	1.31661870766962	-3.12373970658647	2.05466106131324
suru1262	-0.0568766002992677	1.27915681170606	-2.61633034821314	2.48012295250049
susu1250	0.139947002147513	1.29377746723917	-2.41755208367049	2.74211810461173
swah1253	0.223242373491655	1.32041061466229	-2.2839628916095	2.88026875737566
swed1254	0.105076336862692	1.33742188503007	-2.4855236088217	2.77628225905673
taba1263	0.618090044899588	1.29241349725258	-1.90989435584555	3.26094646806607
tabo1241	-1.14833126927464	1.20859151066817	-3.70306990428856	1.17433520066446
tafi1243	0.62192762777388	1.12542067392081	-1.56570241775578	2.87877953211058
taga1270	0.0766239311187936	1.26255136783425	-2.43641672789515	2.45847782659557
taga1272	-0.901714647893696	1.26537149786818	-3.51325328143332	1.42423157342757
taga1273	0.290046450566563	1.19237027188345	-2.12893349722178	2.65010111438616
tagb1258	-0.430894396324698	1.30651493578782	-3.1586265309746	2.04518841617933
tagi1241	0.582078796772784	1.16283972469599	-1.65883831903494	2.92394790809357
tago1246	0.301930433801591	1.31121062768617	-2.2245020513066	3.02911563403792
tagw1240	-0.570431394283458	1.22432320768289	-3.06872671026868	1.79713273776762
taha1241	0.112001849400945	1.3464563955625	-2.53034383612031	2.86118660508322
tahi1242	-0.137444683706608	1.33472719398331	-2.83129964495	2.47024525779581
taia1239	-0.205423598347524	1.10872232691985	-2.32613066593954	1.97663062777056
tain1253	-1.2765420875151	1.15287073438761	-3.60269011101402	0.946458246603433
taji1246	0.211114328578191	1.21286472271203	-2.18187035035567	2.59569521068518
taki1248	-0.97703906759328	1.15841389300124	-3.39495040806976	1.20600830147216
taku1257	0.190424704577036	1.31085547496635	-2.45743661416827	2.64369105830387
tali1259	0.0896802118216718	1.14005275932168	-2.19941444512221	2.31252871413515
tama1331	-0.286077700356546	1.35402161341845	-2.95939248503619	2.34038441650222
tama1365	0.00557710924806299	1.26158850033256	-2.48353574773971	2.50837216481515
tamb1254	0.821509555667457	1.10472859518249	-1.32200295886189	3.06538570101505
tami1289	0.0200177189905982	1.34916800525188	-2.62620867218615	2.69244832266733
tami1290	-0.0242943708064288	1.0560597556649	-2.09814950088455	2.09196150012519
tane1237	0.138733215048306	1.18840791826805	-2.26274374936787	2.47451193411676
tang1336	0.515069673979122	1.03757582258049	-1.56255677436984	2.60162690338481
tang1347	-1.12521459715403	1.13435067381048	-3.53858921706557	1.02342160754485
tang1348	0.343302192475472	1.15087753138288	-1.9800078524687	2.57255052055493
tang1373	-0.42059129244304	1.24186601321319	-2.94319001326085	1.97103402432706
tang1377	0.144075085439343	1.23096894572917	-2.28850559756242	2.59314248730138
tani1257	1.3169076240149	1.32610036473856	-1.0805818934544	4.11554376100775
tara1313	0.392629274442285	1.03712584330117	-1.65083778484024	2.47113308540627
tari1256	1.19085928811063	1.30542857367574	-1.20775472625844	3.91326790085614
tari1263	0.18248788706205	1.32256758099468	-2.31975300779725	2.88667570913709
taro1264	-0.580808100768797	1.15933041559716	-2.94447607529249	1.61880156878191
tata1255	-0.0407544271616336	1.38112641591564	-2.77050157298389	2.63275866203046
tata1257	1.69254162616604	1.1069458605571	-0.338005528209479	3.99358766130449
tata1258	0.632824069462392	1.12011669203726	-1.62268750985933	2.89071672875264
taul1251	-0.111953144318071	1.05701209117282	-2.23381575051151	1.95487887739034
taus1251	-0.443523057703928	1.26356001166854	-3.01652627534549	1.93132424154867
taus1253	-0.471937562318842	1.28865013859558	-3.07217486930631	2.01788494190561
tauy1241	-1.60234156766607	1.12425239209613	-3.94010566613693	0.520437223878103
tawa1275	-0.998169464318059	1.22435575274991	-3.56065730973113	1.2869433545844
tawa1286	0.165392559724993	1.35686301083547	-2.48054703857085	2.89251829921514
taya1257	0.101109394232104	1.32873229993501	-2.43406809608314	2.81459692764551
tbol1240	-0.767322898122368	1.23542257306124	-3.2888493015953	1.54908136208893
tean1237	0.115825974587734	1.18597030734861	-2.29208415577045	2.42628481877421
teda1241	-0.106535393075897	1.34189881282395	-2.77482654154638	2.57032669810024
tedi1235	0.409139399370664	1.17430468946937	-1.93306341071243	2.74510185412669
tega1236	0.236446591779935	1.31762687842736	-2.33605584971445	2.89508913989267
tehu1242	0.397084141278999	1.34054234429631	-2.14797447267853	3.13491756387617
teiw1235	-1.32567652801311	1.23761683659042	-3.90840838704357	0.941648807161464
teke1275	0.178366830413152	1.33102596325051	-2.40917096383571	2.82061979723455
tekt1235	0.685816817726202	1.16241482446868	-1.57507179952225	3.04555852497195
tele1256	0.840791875999254	1.13331331198828	-1.31285939807008	3.2059245881239
telu1262	0.316543463327156	1.336904962018	-2.26831242536988	2.99427404799846
tema1239	-0.982258536846104	1.18814260709633	-3.40370293996439	1.21916042184664
temb1272	0.669325870416328	1.31798100510878	-1.8547008035837	3.41751975420175
temi1246	-0.464378076293328	1.22802322195833	-2.97236158866004	1.83461125290847
temo1245	-0.985778233381071	1.15804343091632	-3.36573479086571	1.17786165590487
temp1235	0.50543612383154	1.10157526103001	-1.59354324317361	2.71382582954617
tene1248	0.320611992940913	1.31031149192586	-2.17954081163374	2.94770422826946
teng1272	-0.365073865129878	1.34906735045877	-3.10716283618544	2.18174051587772
tenn1246	-0.289026652012221	1.28245905160778	-2.88143167144893	2.17552089054711
teop1238	2.37622370852841	1.09477625487814	0.392863300636481	4.67202674230738
tera1251	-1.3844116646625	1.22952230501062	-3.9579703065251	0.927759637161328
tere1278	0.598055025849184	1.11742516581189	-1.59960722021948	2.85518414856544
tere1279	-0.919302129276731	1.23029021676661	-3.43089013432422	1.43489034382725
teri1250	-0.332131541750083	1.24603285172421	-2.94794807979716	2.05633130565071
term1237	-0.483749736915811	1.25777656431626	-3.04255313096818	1.98359505509116
tern1247	0.545975147740281	1.25312852225063	-1.94881130359076	3.04312688822326
tete1251	-0.567505912963789	1.17348030621776	-2.96653618837673	1.67078291747016
tetu1245	-0.314937664840122	1.21412962205038	-2.77203055887056	2.0389775101212
teun1241	-0.33028285769982	1.28428119623271	-2.97346314645665	2.18232013553143
tezo1238	1.10073590354916	1.20381289761208	-1.2027966824517	3.61592887541736
thad1238	0.55729581855715	1.07621769253587	-1.55099425017494	2.68439104122438
thai1261	1.17642712860242	1.27547802066833	-1.20321408945416	3.81651374704758
thak1245	0.563923375690646	1.10233904076021	-1.52297205416072	2.77193125105777
than1259	0.48260496017606	1.14122578043908	-1.71705305212401	2.74835768201922
thao1240	-0.454147506160047	1.17037474397797	-2.8718689288394	1.74245360727972
thar1283	0.141355222765209	1.37359466936492	-2.51888905023815	2.94707697399277
thay1249	-0.297832114491984	1.31434623712103	-2.96058055314283	2.19590763244233
thul1246	0.312416971167356	1.08607153979441	-1.76880488474692	2.49900231967353
tibe1272	0.880250672158996	1.20163838331817	-1.35881995162332	3.3342979944765
tibe1274	-0.923872993573401	1.17410265720833	-3.30365905548013	1.31442218855872
ticu1245	0.612265604879837	1.31098222320013	-1.92303428837648	3.32145512779487
tido1248	0.599524117760599	1.2203911368728	-1.8030163099713	3.01941601792814
tief1242	0.98658258884622	1.09685800522037	-1.02946890083876	3.22956508341629
tief1244	0.925361403690952	1.11271084075611	-1.13775155873507	3.25694673311161
tien1242	0.146209414498193	1.36420027921074	-2.49828417495943	2.94565579415424
tiga1245	-0.651601738526029	1.20244962459615	-3.12077032343797	1.60542904615667
tigo1236	-1.05064456408642	1.04371942177655	-3.21771944696257	0.912324008833328
tika1246	-1.19790316654779	1.17104116102344	-3.58525297663845	1.00211172362209
tiko1237	1.33499115338301	1.26969399952683	-1.03675084656037	3.93721677680079
tilu1238	0.463158798770032	0.98917266361879	-1.43953999032956	2.47857183709579
tima1241	0.0581602670621814	1.3520128564674	-2.66117615964614	2.68454063584326
timn1235	0.211602389941404	1.30409922519568	-2.29943015160877	2.82293059946186
timu1262	1.16029140016583	1.10653762502664	-0.955204125685124	3.43912195905823
tina1248	0.664163223600801	1.08383366141867	-1.42114177320528	2.83661704644527
tira1254	0.654026826418523	1.33454910985218	-1.88897564721781	3.3594176040901
tiri1258	-0.150430175581558	1.17976524611022	-2.51395198079149	2.0498705244945
tiru1241	-0.892936412018515	1.22762612267266	-3.49059334126649	1.35646941835455
tita1241	-0.689913125786116	1.22212523894999	-3.26095010719176	1.60529940948926
tivv1240	0.068261450269714	1.17839754348508	-2.21794170347166	2.4372011300941
tiwi1244	0.763263595900994	1.30033694252082	-1.75233655309572	3.35218484901748
toab1237	0.773488243686874	1.09379390537683	-1.35024821947054	2.92137144845664
toar1246	-0.544835829556281	1.13967890372663	-2.90893337856539	1.66473642154886
toba1268	0.52166474139668	1.30072800185725	-1.99112137439137	3.17582259307103
tobe1252	0.802204757381902	1.30259427320739	-1.69798502041287	3.51683126324584
toda1252	-0.574968085463603	1.19102591064193	-2.94355297429566	1.75701799919343
toho1245	-0.293846467423006	1.28672738848854	-2.87017545105789	2.13626235218914
tojo1241	0.606585715720116	1.23311322920451	-1.74965927197954	3.06142664121717
toke1240	-0.154763239113506	1.30311229940126	-2.79098558772751	2.41843702853974
toll1241	-0.538569853106237	1.24749816826831	-3.08051665637138	1.90639535882316
tolo1255	-0.947709195921526	1.1754799331142	-3.43118470143659	1.26137595517427
toma1245	-0.268366152298169	1.30219393010892	-2.91112709935369	2.22998436274285
tomb1244	0.0434081072863476	1.17391075116235	-2.29982053988882	2.38827170564865
tomm1242	0.0196536303762692	1.30363559755792	-2.52259316116918	2.61229018416798
tond1249	0.0111476943473026	1.32506860426154	-2.62386927674717	2.70150362335479
tong1308	1.0313669388498	1.21518035957608	-1.2748706275027	3.52123120140679
tong1318	0.154242759425949	1.38126181518516	-2.51762736915884	2.92431967906316
tong1325	-0.158508917808264	1.29870108616205	-2.80518811707822	2.30321632768477
toor1238	-0.117462200224059	1.25962217327306	-2.57247200175397	2.36045354477097
tora1259	1.20501158516139	1.03256619737544	-0.755834900337141	3.26543182022125
tosk1239	0.283484181176793	1.3289102137727	-2.30609597684903	2.98747836041084
tote1238	0.257845641995426	1.29782747329531	-2.26433178321416	2.87731978789326
toto1302	0.349025122365729	1.1496268948425	-1.93229904666863	2.66408229547157
touo1238	0.0950927139368801	1.15330467268781	-2.16380460103355	2.31222692179553
trin1274	0.384303550426108	1.20311300684093	-1.94783608753453	2.87888069074644
trio1238	-0.681400730127713	1.25844866231129	-3.22012301899476	1.69066403196699
trum1247	-0.0300778321673003	1.12290011293989	-2.26253255365478	2.23798787921031
tsam1247	0.875118132703714	1.24877187385466	-1.46108675394192	3.50128949289419
tsat1238	-0.424213271459944	1.25407802057841	-3.06136090899451	1.94956001570694
tsha1245	0.16121619676049	1.0642319982093	-1.96509398546659	2.23339010561305
tsis1238	0.212534829273049	1.21803485410835	-2.2072756552186	2.65930079005136
tsix1234	0.275441845554923	1.34184613288031	-2.30480787672396	3.02475915863936
tsog1243	0.164430620108493	1.32971735782703	-2.35301899923512	2.87467433924957
tson1249	0.159530901871514	1.38087097036054	-2.56771337492146	2.99280485807625
tsou1248	-0.0695831624963446	1.11743099514729	-2.30268379976997	2.07820982982094
tswa1253	-0.026076168838053	1.3747980769714	-2.78299172762237	2.7249172603689
tswa1255	0.142445940871949	1.36084016184742	-2.53486865319629	2.86391693877611
tuba1278	0.597872576100782	1.24567377095662	-1.83907186443502	3.10455838033522
tuca1252	1.47422175199489	1.23897499504629	-0.860283031974215	4.05567300770162
tuge1241	-0.264871550755703	1.28669055212103	-2.85559571678002	2.2720028967229
tugu1245	-0.631756786849995	1.27632407632897	-3.27730466072077	1.76594407075006
tuka1248	-0.455155410331663	1.32009362833238	-3.20619892510483	2.05412840189114
tuki1240	-0.323888165323355	1.17456381515582	-2.67290395886414	2.00188252802227
tula1252	-0.854336786625416	1.06050929990111	-2.95399986035466	1.25269828870972
tulu1258	0.254709249548378	1.31102138993696	-2.28101108111065	2.88968114516418
tuml1238	0.0623204912226332	1.09215347731374	-2.14706557792193	2.19524499171671
tumu1242	-0.342928620808019	1.19908800575936	-2.71624688097468	1.99169876000555
tune1261	0.0356648241668567	1.17958604151053	-2.29359226950789	2.41234949833783
tung1290	-0.601193074370244	1.25210849295551	-3.15815902596843	1.77213804079383
tunn1238	0.140440557932231	1.31812906068136	-2.48498057707225	2.7259123039406
turk1303	-0.135106314318161	1.40561248921992	-2.96435388334359	2.6257465391536
turk1304	-0.0282497711634577	1.36485543438298	-2.77331133197225	2.74379967435469
turk1308	1.27901559770477	1.30408685723923	-1.18558158933405	4.00826899152176
tusc1257	0.342122648200036	1.31661098265082	-2.17046096212667	3.07702576341145
tutu1241	-1.18193307903052	1.10214350516465	-3.48714247834407	0.853751918535717
tuva1244	-0.163696701708135	1.2922188545266	-2.73644004850865	2.295475764632
tuvi1240	-0.0284297321355414	1.37330919760575	-2.81483171884221	2.68763125357468
tuwa1243	-0.460360653870589	1.0679206047091	-2.64179428369904	1.5446008680918
tuwu1238	1.07018573673326	1.13823099587965	-1.13116330471449	3.38083031782588
ubir1237	-1.34681255269004	1.20266785580764	-3.91967702346957	0.828320435943382
udih1248	-0.0228047694446239	1.30151442239002	-2.58028257500695	2.55006328772888
udii1243	-0.591802495445155	1.27011635516477	-3.22534730114747	1.80882819960813
uduk1239	0.152568223572662	1.32623292720497	-2.41767603844401	2.83340243152165
ughe1237	0.0491963088479843	1.13397868583005	-2.22623475304325	2.29683844457696
ugon1239	0.775149562676979	1.26287350297059	-1.63909014369212	3.2973333371766
ukaa1243	-1.60776509590698	1.12209902688902	-3.89362268130394	0.48290925196158
ukra1253	0.112863605866092	1.32640711029486	-2.38264286968407	2.84714195650243
ulch1241	-0.412695293627159	1.3356435085294	-3.14321554991619	2.16059042380147
ulit1238	0.216860764738659	1.31060820059431	-2.5190651741115	2.8067337184065
ulwa1239	-0.219276257276045	1.25957026990798	-2.77432204488143	2.2682947231046
umaa1242	-0.1025656760739	1.25987505456605	-2.57801280778579	2.32713208005363
uman1240	-1.49952747171638	1.18528829095356	-3.97461354852382	0.694391690302078
umbu1257	0.152294711340288	1.35696865089687	-2.43386779011325	2.88849705419981
umbu1258	-1.29511761796539	1.13431036829118	-3.59436218450147	0.851619389069111
umes1235	-0.0226659321778029	1.40255696712435	-2.79342394545632	2.76745066319483
unaa1239	-0.950043495908028	1.19187301444059	-3.41434908647825	1.28142712966241
unea1237	-0.390962594631739	1.16483821858973	-2.73427355891396	1.85574848059172
unua1237	-0.955404784464131	0.974467438234095	-2.87926338117362	0.948724175950347
uppe1275	-1.21030592714932	1.13549498661985	-3.55333194817612	0.944788955585309
uppe1427	0.303079398397428	1.18440348840948	-2.07308489549252	2.69004631701104
urak1238	0.137167823554738	1.23614930660873	-2.33514634679972	2.5413334032552
urar1246	-1.2680896566469	1.31093732643921	-4.00030489934504	1.18563947402005
urav1235	0.0715495319017777	1.17930921008072	-2.24066435309275	2.41292399849807
urim1252	0.394667785059501	1.10023127364604	-1.74256348445975	2.59660073034945
urip1239	-1.14770507566037	1.02735344657626	-3.26593930221761	0.800240042936167
urni1239	0.53545242461328	1.27824175403273	-1.90652948442963	3.15008003224473
usan1239	-1.04450446454276	1.10558889801602	-3.27398889218762	1.04244583338563
utes1238	-0.364989923538097	1.27316279714822	-2.93918348105802	2.0487924603384
uuuu1243	-0.626858694171522	1.19723790663248	-3.11460644612838	1.60445679918135
vano1237	0.0987557136081289	1.1874213530782	-2.27621269787398	2.40100829521707
veps1250	-0.0345348879511328	1.37903351972622	-2.77092274056283	2.67890956356134
vera1241	0.156343566252496	1.10405332559459	-2.08308686233572	2.33716096331916
viem1243	0.688543221317752	1.19502435103747	-1.61708348633926	3.18415834181453
viet1252	-0.427506774203241	1.25853424945753	-2.98647320785451	2.00879777002808
vinm1237	-1.0067886880051	0.996450846037446	-3.06702685116646	0.920774231366274
voti1245	-0.041482834990589	1.39327612805656	-2.79664835963678	2.73293729843503
vunj1238	-0.0995838081050562	1.26620690554503	-2.58365232362926	2.41177232483493
vure1239	0.157210501718046	1.10257766385105	-2.07213619991861	2.31571667415875
vwan1235	-0.405219806152984	1.26238247618089	-2.894687749603	2.0553374245043
wadj1254	1.07444921453858	1.27461069213471	-1.37536422415824	3.71829197147965
waga1260	0.763537298744294	1.27241056977865	-1.5931481932113	3.33469126580402
wage1238	0.221626560243593	1.28559606543964	-2.2506416670233	2.78183635407798
waig1244	1.68106245110484	1.27336170855813	-0.699158725062331	4.32843830498856
waim1251	-0.0536800693521213	1.11002890046044	-2.27463421112835	2.15901219881369
waim1252	-0.623128028399236	1.22024671178097	-3.15310466086508	1.64826213270123
waim1253	-0.165629829027262	1.28319715592333	-2.67134994417255	2.31433224854178
waiw1244	0.933960037308631	1.25907365870156	-1.44817587958616	3.54736929685022
waja1257	-0.131832989794968	1.3683332156772	-2.90588076349416	2.54707938191791
waja1259	-0.848953030649238	1.0605179568915	-2.92382246028801	1.24027131055482
waka1274	-0.089828569341444	1.31443845211573	-2.70773892938854	2.48599491445276
wala1266	0.600928823610754	1.03297241752814	-1.40206711583912	2.64082632819517
wall1257	-0.209121178857731	1.32509741878831	-2.90884651886065	2.32772114095923
walm1241	-0.321134416001244	1.37440393590765	-3.16762496144065	2.35547287170339
wamb1257	0.443319934622578	0.992991729638712	-1.49013879139876	2.44141873680741
wamb1258	0.798131852763194	1.3260643472913	-1.72371643489905	3.52757675618623
wamb1259	-0.44598467642732	1.17473683866274	-2.87342209829178	1.84455929656392
wand1267	0.656276294548031	1.15583317629888	-1.51750231522913	2.99350296344131
wand1278	-1.0980483561332	1.08496216724312	-3.29288406133483	0.992633235634971
wang1291	-0.41802964922663	1.30393809597919	-3.11432803187479	2.05798482375942
wanm1242	-0.273993713911376	1.33907641514276	-3.04425629026665	2.27802190560372
wann1242	-0.528310937073978	1.34436706345594	-3.31621256218589	2.00024305675399
waor1240	0.61707054845865	1.27418958392987	-1.80264727771784	3.24208293325211
wapi1253	0.500669632293909	1.27862976233291	-1.91563700924145	3.10739420713929
wara1292	1.02522960667292	1.12357929944256	-1.10705818860353	3.35569661449153
wara1294	0.334726684357753	1.25067782199876	-2.04463611736595	2.84289789827187
wara1300	1.00544665053462	1.28105069073675	-1.37961109684223	3.62760908008896
wara1303	-0.350004662524502	1.31030941053987	-2.96993064983737	2.26352656622524
ward1246	0.412007946405379	1.34888414340083	-2.27363890720509	3.09337509286872
ware1253	-0.382918401667201	1.18561629087922	-2.78953458101852	1.95603393508056
ware1255	0.378688238889473	1.2377093080242	-2.01593351885844	2.87485288834001
wari1268	0.213883375581349	1.29477377926864	-2.32819528443056	2.83634723501024
warj1242	1.12904433038034	1.11376983157893	-0.942959305629985	3.37660142135198
warl1254	-0.193424325946121	1.31569309342193	-2.92729814410226	2.38418137472961
warl1255	0.180678435729152	1.32529222349041	-2.48008572314453	2.79280010200652
warl1256	-0.275767838107242	1.26158841858826	-2.86135805525763	2.19466696502728
waro1242	0.138422118738839	1.17501088990904	-2.21959540713904	2.43368774300014
warr1255	0.127157403416951	1.2660884727407	-2.38107526098365	2.6385174525778
waru1265	0.0624354181370223	1.3151225908663	-2.56888514240406	2.65138784700434
wash1253	0.410949879569345	1.19813386015522	-1.87444523471148	2.83898023427501
wask1241	-0.947591051174064	1.16224371587341	-3.3419514689777	1.25227639621119
waur1244	-1.00426068055606	1.22102750692122	-3.54369262600222	1.27383173792231
wawa1246	-1.72138706932425	1.20757323415305	-4.23046954727121	0.543491248623631
waya1269	-0.558982561082184	1.2960832406931	-3.22546652764301	1.93027213573399
wayu1241	0.35842889260021	0.999122183083248	-1.575816550522	2.35764048812967
wayu1243	-0.59984873061885	1.18564352196342	-2.99514421951902	1.67517581183382
weda1241	-1.30851454067813	1.18466567366148	-3.8590948495166	0.891816368218862
wels1247	0.157699157805652	1.35580515653873	-2.42791223600602	2.94365989874612
weri1253	-0.322813586639144	1.03817141903551	-2.39563160013507	1.73076309544851
west2354	0.154062102024726	1.37032941439011	-2.51092175339522	2.88855685269344
west2369	-0.914386042017361	1.27437289425458	-3.5420908836418	1.53288997788068
west2386	0.390909060828659	1.23920978128987	-2.00405005823832	2.93107969377407
west2392	-0.0650414482928904	1.38660364633088	-2.79849785008613	2.65100282063815
west2396	-0.641032644702635	1.23773042530523	-3.24871453100918	1.68376730378445
west2397	0.0959204560644968	1.24567308227049	-2.31560986210663	2.52900273607701
west2415	0.453852625199297	0.953535961418262	-1.38335075692427	2.32113123375565
west2418	0.3978119154223	1.13035477055092	-1.84991431529902	2.61461421767363
west2430	-0.240189988466933	1.36287909748063	-2.9652056452177	2.43372292620382
west2441	-0.0103677092939134	1.28708787427707	-2.56956476688762	2.54141307258148
west2466	1.07652993742851	1.07399267492942	-0.966208696412839	3.26818438366859
west2516	-0.0863490483596944	1.1714859595471	-2.39009369590343	2.12229534947047
west2519	-0.164193395899157	1.28476830223997	-2.77897184937592	2.29302102587961
west2538	0.99698871246237	1.26160292859775	-1.39508422437872	3.6022308935445
west2548	-0.389721774249251	1.28904369843681	-3.02977065447587	2.06515981884702
west2555	-0.946356621584193	1.23977779327763	-3.53856236658496	1.33628172018642
west2557	-0.545570860055485	1.26914240976746	-3.18563768748876	1.84325726849905
west2560	0.950084078492634	1.08383036991369	-1.11626358522598	3.21743349634883
west2564	0.10134350218804	1.22524668967697	-2.3594714585621	2.46403640309534
west2594	-0.782281714097642	1.25073442909459	-3.32256873169008	1.56770324201525
west2599	-1.12876710771139	1.11850817759531	-3.40099820059907	0.984525277093182
west2600	0.610168708624837	1.23483398942395	-1.78877335240569	2.99974758851186
west2615	0.827603287368264	1.25567557990383	-1.56843654970849	3.40628558682563
west2618	-0.216055683314406	1.334961093262	-2.94171950479123	2.3180119537609
west2624	0.167482250695543	1.15373543004816	-2.10829305734977	2.53039613243902
west2632	1.00577580811315	1.31879637186408	-1.47220943225007	3.83058118305141
west2635	1.00786194647966	1.16680850370404	-1.20310006549751	3.50313146430814
west2644	0.507187279593289	1.10734814014104	-1.71641923359022	2.68086461008
west2650	-0.424882323907267	1.31928438670623	-3.13486847052069	2.08228090262218
west2763	0.174217701010386	1.35724235265595	-2.49842249258605	2.95922607607943
west2778	-0.62234784212011	1.22906176397857	-3.11693033866912	1.67362982528246
whit1269	0.47846220336382	1.06403282530796	-1.65505144491316	2.59566464648197
wikm1247	-0.388106698536063	1.29847916707429	-3.05718781106257	2.07224383920862
wira1262	-0.215788571519222	1.35030217589044	-2.98002690320321	2.35981966622121
wiru1244	-1.76504087908339	1.16641104696874	-4.18064099848748	0.427677549700817
woii1237	0.710154489218852	1.17000877115545	-1.5626565843057	3.05257320625872
wola1242	0.674900035128021	1.30067578919594	-1.86295656007263	3.32855810004853
wola1253	0.374322154974489	1.33715509800012	-2.16312700434262	3.09645139278094
wole1240	-0.252423863304435	1.29037570430088	-2.92768972697311	2.19001992928249
woli1241	-0.592726859869986	1.23339321374576	-3.11727884011322	1.78151861465134
wood1236	0.0953020559912382	1.36318113978624	-2.51505996760531	2.81942788952714
wotu1240	0.440616908375569	1.23151421410671	-1.99307845969805	2.87476780076697
woun1238	-0.583745328621099	1.30418763460769	-3.22964037189621	1.91445049682478
wuch1236	-0.194572384776812	1.32202596384281	-2.85259326561954	2.37487861854979
wudi1238	0.821848596754244	1.16711380252852	-1.39807859009566	3.16009854815966
wuna1249	0.394154667949795	1.34885996371011	-2.23222325426742	3.10441674628504
wusa1235	0.696201125783407	1.17364980759406	-1.5323327699692	3.02943443244913
wutu1241	-0.147273273919298	1.24563069970698	-2.69860499795156	2.21699016600515
wuvu1239	0.186769914494144	1.2594431289444	-2.30370642639316	2.62616022379119
wyan1247	0.426886938887632	1.31381653815247	-2.07411721062544	3.10226745281912
xamt1239	0.120214727642985	1.3290383985021	-2.48465787344684	2.75378540744595
xara1244	-0.199802229640733	1.20095367207866	-2.60960069838698	2.07999267211441
xava1240	-0.758173311822483	1.26192836361558	-3.37810611414703	1.59190186480907
xhos1239	0.0747611826004083	1.37455973391928	-2.63889690801513	2.84356960065088
xish1235	-0.614378620686248	1.27251212426582	-3.26224186320776	1.80669397099762
xokl1240	0.851990672579662	1.27389895154026	-1.53061569363999	3.44857775488438
yaak1241	0.0798788434059086	1.2948830017528	-2.48422022980854	2.63570488900159
yabe1254	0.00166092461545918	1.0686939098747	-2.12687698230034	2.14777163531383
yaey1239	-0.489754352024196	1.31201797995407	-3.16964021514924	2.03284503779874
yaga1260	-1.84595339488587	1.14823794231479	-4.22217707894203	0.256112201501129
yagu1244	0.0894066650005244	1.27144690351484	-2.41964961907867	2.60375700652007
yaka1269	0.202703104428024	1.39259122585758	-2.52681365935853	3.07086131676343
yaka1272	-0.140622145886303	1.27525822944484	-2.69960286128304	2.41518054596865
yaka1277	-0.534075846208652	1.30838741941467	-3.17216779786801	1.92940290894723
yaki1237	-0.0456655356734154	1.30321248892853	-2.67208333642104	2.51627164736707
yakk1236	0.502765129068827	1.07964923353538	-1.5987834432652	2.66820152465565
yako1252	0.952352405345235	1.23468126880315	-1.36733674587101	3.53563815246752
yaku1245	-0.0251215575559682	1.40045815798304	-2.80385911830719	2.67651509068044
yala1266	1.79217500049874	1.1224551795799	-0.257967624081657	4.09623413842309
yale1246	0.0309886225126482	1.01464087034714	-1.92340379595684	2.05342159770287
yama1264	-0.577770871154618	1.29145504727718	-3.23382693198053	1.88192167163401
yami1254	0.223425414963356	1.19252393696715	-2.09796639156444	2.59561861720353
yami1256	0.0397337694809909	1.2787626487616	-2.52163743152291	2.52685225980542
yamp1242	0.232272414794279	1.08543056563314	-1.8791388683871	2.4172008137665
yand1253	-0.219452842038391	1.33132337919448	-2.8571755218102	2.39652474058341
yane1238	0.34002935287577	1.18422006125985	-1.91868179860524	2.75706396871243
yank1247	-0.119974492053513	1.32118099487412	-2.82375197695918	2.45955842184443
yano1261	0.5513916743553	1.30408702130864	-1.98177959520667	3.24398785399434
yano1262	0.553647738538967	1.26546559588664	-1.89916812709791	3.11696156134772
yany1243	1.03724454704363	1.2678409706727	-1.32342846103119	3.83732305777202
yaoo1241	0.100802305338303	1.36290858646737	-2.55531319094705	2.83364057335839
yaou1238	-0.355544401793378	1.33424229589669	-3.07536357995019	2.19888605743133
yape1248	1.02699891522009	1.22574058759863	-1.34866024986518	3.4878642103009
yapu1240	0.295628836919303	1.07138444429785	-1.77125352145528	2.40919550839905
yaqu1251	-0.444702965081556	1.27631420240975	-3.1129901784571	1.95676155352315
yare1248	-1.19256941905835	1.20783144754195	-3.70298570590244	1.03582025693562
yasa1242	0.25338865406319	1.34222661086937	-2.30948825712977	3.01673858344486
yatz1235	0.800295213807344	1.11052700551667	-1.30587839782736	3.03444130428125
yaul1241	-0.138252736047906	1.07585730817038	-2.25393695456083	1.94934850859765
yaum1237	-0.957469448397171	1.05746226884895	-3.1565872762547	1.06469209316927
yawa1260	0.497125473421973	1.25041697549007	-1.90616183625352	3.01146540871945
yawa1261	-0.288836590779646	1.02513450213929	-2.31343919881449	1.78546840400905
yawu1244	-0.62782207075009	1.31321726725868	-3.35081841752084	1.88979860708839
yecu1235	-0.875481948495744	1.26503488013849	-3.44553761700117	1.51989987198516
yele1255	0.164127669206506	1.29026320208746	-2.36992416617387	2.81840960243781
yems1235	0.408701431151722	1.29054692177949	-2.10859492363896	2.98373789537793
yess1239	0.749836245062338	1.12789731048498	-1.42774789354949	3.03560388229249
yeyi1239	0.257907382237594	1.34118418329009	-2.28186673721886	2.9658342662437
yidi1250	0.95042662377915	1.25143693795527	-1.40744242595559	3.51275331101278
yima1243	0.123165022962457	1.08633459636393	-1.98015057561997	2.25637131879674
yinc1238	-0.928854015996338	1.23495748801218	-3.47454382796958	1.36462246989442
yind1247	-0.420506387381066	1.28150042315197	-3.00809099177453	2.03741110112129
yine1238	0.449041033477246	1.24905497810204	-1.93280546488899	3.02450067331223
yoga1237	-0.134865221629513	1.09024995270418	-2.30703241684926	2.01390813590301
yoku1256	-0.396391632402933	1.26725030300154	-3.07138306123892	2.01938270914074
yona1241	-0.611389508609193	1.24335432565874	-3.10335269973455	1.72933024288778
yong1270	0.766260120256766	1.17673122137846	-1.49130141624136	3.1429843896903
yong1276	-0.214891463767661	1.32362989872039	-2.94375525231292	2.38914898097805
yong1280	0.643024010656304	1.21231181705606	-1.69497602083715	3.09720059197785
yora1241	0.0855499271746363	1.24399683546605	-2.38871429057047	2.54538742991616
youl1235	-0.737957996006748	1.12549254204293	-3.06563727207642	1.38102977778281
youn1235	-0.19538652626133	1.3319186242758	-2.84265566818849	2.35830461629113
yuca1254	-0.339396012085823	1.26093027773303	-2.8900873110831	2.08855712337857
yuch1247	0.403619112587742	1.30755852805654	-2.1121762966996	3.04706817843154
yucu1253	1.36189499004128	1.28044372441768	-0.973321703779033	4.07460473681823
yuec1235	0.953640799071807	1.24306593383178	-1.36987983307033	3.47165775099377
yukp1241	-1.09629928386805	1.22050180361103	-3.62182877126359	1.18708050923433
yulp1239	-0.555271428719758	1.26621290600976	-3.18826202192357	1.90815648509317
yulu1243	-0.397767335753325	1.29054778701349	-3.08844169978109	2.05983689718908
yuqu1240	0.136773744205926	1.18597045742588	-2.16534386112407	2.46974258869387
yura1255	0.181367932775345	1.17220749990046	-2.16821260501087	2.50206341578614
zaba1237	0.839920910723985	1.10431087379894	-1.3332595434475	3.05672208422469
zaca1241	-1.13193943924306	1.13270539738711	-3.45825582246551	0.997532520580376
zaca1242	0.513851970623778	1.12247571481552	-1.74222700896454	2.71678332065108
zagh1240	-0.0895241115162181	1.37791556414394	-2.87078069889892	2.61741099601268
zaiw1241	-1.09989359276527	1.24536302219343	-3.74263681004491	1.22926153805881
zakh1243	-0.598543373781125	1.24447047948231	-3.2162124679736	1.7351867815156
zamb1245	0.497568141657706	1.28671949121722	-1.87121071849471	3.22491146436853
zand1248	0.366497516474269	1.20190430940422	-1.97899327202353	2.83288551653838
zani1235	0.642571073244548	1.1312554531811	-1.57619015531122	2.92454163471239
zapa1253	0.410560812750084	1.28145249921579	-2.08782990315305	2.93237046727218
zarm1239	-0.0220419023832102	1.39028417018243	-2.82686192067923	2.71066318560315
zaye1235	-0.759838224512137	1.21129708844505	-3.25547850207915	1.54295777168954
zays1235	0.76033126299559	1.24491246406649	-1.62866652196986	3.34776107427075
zeme1240	0.720780300958336	1.01002836346304	-1.31182867520365	2.73516870744564
zenz1235	0.636489669675903	1.11012397723971	-1.56658037335772	2.86463552566343
zhab1238	-0.345362278532812	1.24740234238632	-2.8846093826013	2.05167881176631
zigu1244	0.195630896670727	1.28523969814716	-2.25358525382636	2.76931528529352
zinz1238	-0.145435327203969	1.308451984859	-2.72412497598205	2.40287963190404
zoog1238	0.797396957147349	1.09995703514331	-1.31589002423085	3.01944982983024
zulg1242	-1.78507654167638	1.05758828207733	-3.96129345468318	0.223834362586543
zulu1248	0.0734105086322023	1.33963844726874	-2.53416410545717	2.7838216546437
zuni1245	0.978383523251212	1.26041857535084	-1.38011632300932	3.57528107823594
