Estimate	Est.Error	Q2.5	Q97.5
abad1241	-0.775918948438821	1.9675357313285	-5.24858074095404	2.88073718257348
abar1238	-0.228189157118236	2.01312961708219	-4.43601342949615	3.67511440781602
abee1242	-0.0395069712943509	2.1093956161034	-4.2820196911391	4.09402015988716
abkh1244	0.733581631667789	2.00029756210514	-3.18891570038013	4.84893142054924
abua1245	-0.774308465074791	1.96801574674077	-5.09009055078453	2.90176963666739
abun1252	-0.384375178167384	2.04422769531819	-4.72519218232424	3.52362421035681
acha1249	-0.352058747736797	1.98281948612589	-4.5681286761049	3.45776607548209
acha1250	-0.157780640139945	2.04651468291395	-4.47586904033532	3.8950556179494
ache1245	-0.268494766621109	2.04670479169509	-4.58766301074753	3.72943198657877
achi1256	1.76589343824055	1.61510965487636	-1.20589331324649	5.15378903675549
achi1257	-0.407437174256172	1.92414804671809	-4.49353337518127	3.24655858042085
achu1247	-0.328140670217496	2.09521098788346	-4.68042680349184	3.77824315025451
achu1248	-0.35205593131205	2.04894822929528	-4.5797771397713	3.70176635011905
acol1236	-0.164926381902363	2.15039303444783	-4.50639690929473	4.09905146286247
adan1251	-0.499270440709502	1.97691638432234	-4.86009725704671	3.19705437582332
adon1237	-0.568405937124617	1.97643725852673	-4.9385805668193	3.04936267149377
adze1240	-1.05824556266097	1.90919186222251	-5.2247068552946	2.41511638408354
aeky1238	-0.23172805116208	1.9897118984008	-4.45611343694257	3.5699991290906
afar1241	0.384339599749872	2.04710826399688	-3.64090954307698	4.56392097831286
aghe1239	-0.230598688535785	2.01776702327441	-4.55121878850838	3.68252237152906
aghu1255	0.50288296765561	2.02750523711983	-3.65792790887502	4.64035151333585
agob1244	-0.0198799194419276	1.9804012957768	-4.19768526087147	3.96261886935477
agua1253	-0.228400262717719	2.02777495873284	-4.47578188795293	3.85573902283359
agus1235	0.891693411008832	1.72398860647922	-2.46326952021839	4.41440960595901
agut1237	0.00807281145302555	1.92202124182732	-3.9547184425023	3.7826154127961
aheu1239	-0.217125034795558	2.05849306758121	-4.45024345698466	3.79038937724554
aime1238	-0.334316745386663	2.04400361300859	-4.59528844695435	3.5651049508494
ainu1240	-0.122612678553157	2.12359399005516	-4.59633823582408	4.08913041324759
ajab1235	-0.0923505754676973	2.04894141818878	-4.2763459076685	4.04569140347366
ajas1235	-0.125995910816011	2.09048550418795	-4.52175067088423	3.89920707227304
ajie1238	0.250849151915177	1.66625387989876	-3.2096092004415	3.40412728641976
akei1237	-1.33596521718738	1.85924214242718	-5.51240418741599	1.93226195661285
akha1245	-0.130110182104518	1.88374045095731	-4.01500827179361	3.50165225938802
akoo1248	-0.234642515454903	2.05209618751674	-4.65344788584758	3.80350540848247
akun1241	-0.258377404990075	2.03686400174713	-4.65091875854998	3.63919215983759
alab1237	-0.199438006226545	2.02612593496186	-4.54009154262199	3.81718727129911
alab1254	-0.193813288251607	2.05017169167084	-4.56054920669077	3.78363147857818
alac1244	-1.40774449359341	1.8826001725858	-5.61920874744539	1.87727027785739
alag1248	-0.147266492692361	2.14023550907016	-4.60043239328024	4.09375438296428
alba1269	4.45504691252719	2.13976059485636	0.330708040510646	8.89725892794235
aleu1260	-0.165626822334585	2.04725594834815	-4.65294613773365	3.76676216800638
alor1247	-0.514466973794179	1.97568380033497	-4.82935161220983	3.3049220726093
aluk1238	-0.365511171784996	1.93837561538207	-4.65145738277563	3.32256797634866
alya1239	-0.101890998819122	2.08046356376982	-4.38762845681637	4.08520680652885
amah1246	-0.216954321260302	2.07794603645894	-4.63541197045311	3.88269208785481
amam1246	-0.918661301342498	1.9407175221574	-5.2161554416558	2.58941276972437
amap1240	-0.701431054556325	1.95525697893748	-4.85094235505083	2.89943254431809
amar1272	-0.81781310230498	1.92428713810282	-5.09024297012419	2.72147810777484
amas1236	-0.185767336504458	2.1003798302225	-4.37530569566945	3.91880074093246
amdo1237	-0.154821582446063	2.05276521436965	-4.39816007794972	3.90810756257152
amii1238	-0.249038865502454	2.03163251149076	-4.46760357726329	3.74146329463639
amis1246	2.24021377646899	1.76976939935995	-0.784484922341182	6.12523685993603
amri1238	-0.245131387136926	2.02592775684835	-4.45588443900171	3.65210255863182
anei1239	-0.264229389910038	1.87500517275882	-4.19891789465825	3.28276737701499
anfi1235	-0.316258727502353	2.10172668231288	-4.7644335876489	3.71661982325824
anga1288	-0.64459708161785	1.94259610530874	-4.91274845637249	2.91284427687891
anga1290	-1.02284461516779	1.90520266608945	-5.21241706759641	2.41939817463745
ango1257	-0.19008858473408	2.10119743316176	-4.64010423840836	3.91573582293465
anta1255	-0.0473039314199684	2.11890140951935	-4.3591953505417	4.24683873727364
anut1237	-0.327901663140931	2.09065743844665	-4.66372402104315	3.68921210013277
anuu1241	-0.351722911632675	1.99715380752615	-4.50098147356473	3.57097868579615
aoua1234	-0.171591602625872	2.16199168241527	-4.67798950115912	4.03649975420953
apin1244	-0.117643102225204	2.08942415285942	-4.48323937276869	3.9146648174193
apma1240	-1.48046578450015	1.77475565604909	-5.50211062014712	1.68556477174859
apma1241	-0.852691805254593	1.94403953274817	-5.08088121960141	2.75427034826008
arak1252	-1.43982318906124	1.792282222387	-5.41489489465237	1.61470905538933
arao1248	0.0846543923379483	1.96227550458616	-3.95010346402606	3.92847831020712
arap1274	-0.230149741764625	2.03587170012141	-4.61704229134939	3.70848375297998
araw1273	-0.113888361481909	2.11272752443186	-4.39271190130822	4.17267027577725
araw1276	-0.173137270963145	2.04765884128814	-4.54568239092621	3.85433352519157
arbo1245	-0.328616303893475	1.99979710250419	-4.58840237775001	3.53889877181363
arch1244	0.742328358910123	1.78440641684113	-2.69218828166095	4.440878314496
area1240	-0.96699758879681	1.87451521103609	-5.13848135247845	2.42132457798165
aree1239	-0.684955321402238	1.93434013463801	-4.95939979914071	2.75711185516713
argo1244	3.54906012328678	2.45977075212989	-0.459067972119888	8.88287037352962
arhu1242	0.20350909026434	1.8283735944587	-3.58198769892073	3.78039310127505
arig1246	-0.120992205360507	2.19888020453503	-4.64089251452189	4.23367760071871
arom1237	-0.207956421500277	2.09650394510907	-4.71422975507473	3.85202425824975
arop1242	-0.737529195176424	1.93864875228888	-4.96318275247931	2.84652824515731
arop1243	-0.873290929759782	2.00336633905163	-5.12868282051526	2.76624118484308
aros1241	-0.71252704432392	1.924938566545	-4.89482908445122	2.85010519624774
arta1239	3.31162663875061	1.51962985855793	0.2072845736544	6.41030498679477
ashe1272	-0.615011527581859	1.89578832996591	-4.78480816608497	2.90872588113966
asoa1238	-0.0873958737545138	2.12508031742028	-4.50617119844516	4.16787568431115
assi1247	-0.195540329770454	2.00512912375808	-4.3335583301701	3.67774698528798
asur1254	-0.194665356368362	2.08451231359079	-4.47645660563226	3.88598605094043
asut1235	-0.0517387361528165	2.16549869761931	-4.44130433103591	4.21758467275433
athp1241	0.88780713241353	1.8267918807048	-2.61838953233325	4.57516383646608
aton1241	0.0241528219059931	2.05501122422064	-4.27406744982763	3.97216584620773
aulu1238	-1.62840189630945	1.72268407821001	-5.51314191936525	1.25600046329643
auuu1241	-0.807484186416635	1.87894941727572	-4.99429922894663	2.59422896943437
auye1238	-0.424797720090077	2.0582816581476	-4.82108120441312	3.50935935070855
avac1239	-0.139827210319885	2.05626004725905	-4.46211893798747	3.83768973891114
avat1244	-0.15822714008485	2.07463133979217	-4.57234278256893	3.83776996155805
avok1242	-0.185066819246359	2.12825296735813	-4.51567949172566	4.01545397159676
awac1239	-0.291744930645383	2.03629007210049	-4.42966689481969	3.6189344527775
awad1243	-0.371748459376843	2.04215471164024	-4.74995635701166	3.44098142895279
awad1244	-1.02034462440159	1.91740241128574	-5.21036410758098	2.49254869610768
awar1248	-1.05943064582642	1.88210157387252	-5.20805432426503	2.37185388364121
awar1249	-0.818504917099198	1.95754610254156	-5.1261751405337	2.77895662651159
awet1244	-0.362024632185229	1.98595056237099	-4.61677358657362	3.46262832114218
awji1241	-0.0532147591162013	2.1053746251068	-4.41372041302518	4.10969207256631
awtu1239	-0.785105438676631	1.87640782694453	-4.89539957166815	2.6665446080048
axam1237	-1.58998561282159	1.75287222549506	-5.48034357169384	1.3626357507654
axiy1235	0.125960992969593	2.06156994345296	-3.99904061313367	4.17385480518977
ayac1239	0.250976414716265	1.99603490500635	-3.77236352106677	4.33439248640245
ayiw1239	-0.652423704472092	1.87957417698668	-4.72001436056239	2.78877457734379
azha1235	0.112769259593511	1.99740529965584	-4.0196472993525	4.08747581940489
baba1264	-0.230206264325523	2.01975171284195	-4.49456306199301	3.78367426238327
baba1266	-0.229187627217206	2.0261306423309	-4.46918144040378	3.71534918980508
babi1235	0.439672492082707	1.94545912804075	-3.43971763762363	4.34432313579347
bada1257	-0.352380617559261	1.95314165511775	-4.67906717298313	3.38583320259667
bafa1247	-0.207574984930873	2.06432282438778	-4.54240057836864	3.85254738401748
bafi1243	-0.164582871322119	2.12045427874363	-4.47978859078227	4.02886720811194
bafu1246	-0.231534996338047	1.99905468808636	-4.41494467199841	3.71671846627861
baga1272	-0.0816741362939791	2.07491218733342	-4.39853770640189	3.94112073748882
baga1273	-0.0784984807207212	2.13788158266	-4.482851815746	4.20803305898387
bagi1246	-0.360736457130406	2.00058444744587	-4.62319235618142	3.52379613342378
bagv1239	1.27932642147683	1.72310061302235	-1.87546967075449	4.90451520067121
bahi1252	-0.155963007909978	1.80923540349715	-3.98544817494194	3.28333160733738
bahn1262	-0.391484612918715	2.07763234102999	-4.64012797845766	3.68176958795677
baim1244	-0.191322292493295	2.06875228054539	-4.45252334706108	3.88937380077672
baka1272	-0.0283620800495887	2.13940693114567	-4.36123711118538	4.2629030116419
baka1274	-0.172345631942074	2.09470144248741	-4.37571141237244	3.97917410684334
baki1244	-1.44192812805361	1.73057331283958	-5.32846756213913	1.5499698566601
bala1311	-0.393239365358205	1.8869263144456	-4.41303835895546	3.07517434495193
bala1315	-0.285954621195358	1.96467917811201	-4.55810967897006	3.51029017787494
bala1316	1.47223887873399	1.62713196012875	-1.55602820568471	4.74861494366715
bali1278	-0.337630816836527	1.98363847946776	-4.62019251517267	3.38597082379093
balo1261	-0.102562233670302	2.08079575490331	-4.29146891715121	4.12451761737234
balu1257	-0.61677458772883	1.92528815827313	-4.70952158399347	2.94854781742245
bamb1262	-0.304380167708911	2.07320055135858	-4.51105625128473	3.75573946101709
bamb1270	0.491375314679269	1.85771374291999	-3.23961033851368	4.15190580110521
bamu1253	-0.20498140972128	2.07578084585951	-4.5880921293168	3.74610156547729
bamw1238	-0.103907040511675	2.04034908158282	-4.28373769800853	3.90927496492189
band1344	-0.084604179025117	2.04407608180222	-4.26678096434133	4.03366761130486
bang1354	-0.0538013193327524	2.14138327324945	-4.52888410255769	4.29377475149681
bang1363	-0.235419450616878	2.12497273438067	-4.67332787334336	3.93782973340933
bang1369	-0.378613183424636	1.99648289444886	-4.69465769786828	3.35168097674572
bant1281	0.389432973255688	1.7916366011181	-3.30935059328443	3.92033160302231
bant1288	3.35592307790766	1.93482990564013	-0.0235742978208502	7.54279576725745
bara1357	-0.484629368363992	1.93955333371702	-4.63846470006069	3.23963264156906
bara1369	-0.0805925585976726	2.12149146607174	-4.44704950790235	4.10764355221164
bara1370	-0.590428051854559	1.92865050638311	-4.85507373515922	3.01764945746947
bare1276	-0.291088163960743	1.97462141930228	-4.40236565590761	3.62190913474857
bare1279	-0.184648789919216	2.09946240820665	-4.55747569283445	3.85499226955167
barg1252	-0.913972681982449	1.98169554211482	-5.23868782170286	2.6992549689947
bari1286	-0.817059643572057	1.91668808557429	-5.10122011022441	2.70802493272137
baro1253	-0.882566069523584	1.89686884280623	-4.99026966603354	2.551785287957
basa1282	-0.1530277914859	2.14584127275582	-4.67062476871966	4.03849624396175
bash1264	-0.13014567790946	2.09181699932571	-4.47075947327353	3.99590862384429
basq1248	-0.110610870498343	2.10794812888416	-4.54820343321401	4.08193446842385
bata1289	-0.340363752739615	1.94589949783452	-4.48672405773409	3.31236418673746
bats1242	1.2540315003275	1.7750623736897	-1.89050463741737	5.00527925961541
baur1253	-0.162888032340599	1.83033782850956	-4.10881938182709	3.37536038718468
bawm1236	-0.419216134235688	1.9951911691916	-4.70126708879471	3.29277000128765
bayb1234	3.39992990464717	2.15650301877685	-0.262371936669279	7.96966184756077
bebe1248	-0.0986978501502148	2.18096314160567	-4.77883696401672	4.24280961229771
beja1238	-0.104572133734455	2.07113614051213	-4.53073907403495	3.90292873538368
beka1241	-0.417479686300626	1.9548819267128	-4.65316305809356	3.28630690338396
bekw1241	-0.182387516704033	2.08062820738225	-4.50243351873225	4.00915755193743
bela1254	-0.0962610373635083	2.07507641200857	-4.36370265489916	3.97482120727867
bela1256	-0.178122119433385	2.0855007379412	-4.3514165294767	3.92216340212636
beli1257	-0.132893015896501	2.07674659469586	-4.47295967923398	4.00046538531973
bell1243	-0.425193450087949	1.83513803050041	-4.38701043323008	3.09194715531912
belu1239	-0.0899102299152369	2.14180656392461	-4.51307136130114	4.27165559254256
bemb1257	-0.000666890922463908	2.09756461257479	-4.14651315336725	4.15356771617831
benc1235	-0.347954909799004	2.06502221091601	-4.7736510469835	3.62835648269377
bent1238	-0.262461233004785	2.03528249538589	-4.58953826599626	3.61597541582792
bert1248	-0.243739402364431	2.07010657755656	-4.54798658558436	3.86751963370048
bezh1248	1.68328223003179	1.84967995406547	-1.55778612824854	5.72730701900692
bhoj1244	-0.288041482965926	2.05573080883875	-4.56048317031117	3.78546530603045
biao1253	-0.275033501890027	2.09915005975962	-4.81036690711782	3.75239460575316
biao1254	-0.234141767013686	2.06186720806414	-4.62123387795807	3.80538237301996
biao1256	-0.235384107096859	2.07567534227676	-4.71837929037198	3.83891918364804
bidy1244	-0.0531786422455312	2.14792170556802	-4.46389089197473	4.20485829391021
bier1244	-1.45988360319502	1.72595095398699	-5.33415321874462	1.49226434832595
bign1238	-1.59675863634704	1.72107038280338	-5.53855954675096	1.25927569262916
biha1246	-0.440822261108556	1.99664763501266	-4.70967031042215	3.35189640957715
bilb1241	-0.996614707033644	1.93666632849579	-5.2434546964015	2.45108573100944
bili1260	-0.105802447374469	2.05907755432972	-4.35030339697668	3.93311839831397
bimi1240	-0.53950494810404	2.02225514506193	-4.88967264056542	3.25532739663816
bina1277	-0.766696922874999	1.97932872848039	-4.89129425237938	2.94264213282071
bini1246	-0.0970419174196542	2.16977404165894	-4.6373372583434	4.11537154395755
bira1253	-0.381418839598239	1.99302466324842	-4.60479515962471	3.34001341049156
birr1240	-0.0863083390263273	2.10590016963858	-4.35412504581157	4.22200691000954
bisu1244	-0.291135754125191	1.99628598657385	-4.53176440113572	3.51849478329086
bitt1240	0.0945696179722489	1.91851283651704	-3.89175559061605	3.80473660358988
biwa1243	-0.833478032120118	1.95086089837389	-5.0178653477031	2.78454554955254
blab1237	-0.93315034860153	1.91017601472648	-5.05935603802363	2.41011411063351
bodo1267	-0.303581371570561	2.04577793262218	-4.59705259262045	3.61960518366055
bodo1269	-0.365141241136357	2.02931135435454	-4.68422377659414	3.53668209202153
bodo1272	-0.0817506737034788	2.17612526508969	-4.72786597895921	4.27237996447324
bola1250	-0.809599675970036	1.95599402079232	-5.17740113203166	2.74508578500591
bolg1251	-0.130172136722445	2.10339799294605	-4.47511570427282	4.12066067923194
bolo1262	-0.0965221136089934	2.09772935738101	-4.32006812128889	4.09930898989758
boly1239	-0.104389153374124	2.07269463838176	-4.43864543393596	3.8422411368278
bomb1262	-0.105432428905839	1.99336405239049	-4.15040864510609	3.8377687167804
bomk1234	-0.0957073773166572	2.12229318160885	-4.50962027379228	4.1207264427267
bona1250	-0.224312870460402	2.03620856128637	-4.57816585703249	3.65163906440006
bond1245	-0.324904130212516	1.96269572641451	-4.44723320814452	3.40415382362802
bond1247	-0.0334237790682082	2.16872633245785	-4.46890974737081	4.40946988256068
bong1284	-0.0609826779508818	2.10048438062808	-4.30330900694667	4.19473324285865
bong1285	-0.15138415794747	2.06679879249039	-4.42473347452367	3.93618587398904
bong1289	0.75620520445202	1.80204541880142	-2.81998403813598	4.40322001932757
bora1263	-0.478666247809339	2.0381017990727	-4.92075161225619	3.35659731097224
bord1248	-0.286916000139164	1.98980449498689	-4.46122659494709	3.60582501513003
bori1243	-0.498079697097548	1.99829718310841	-4.75254043321657	3.31630087645302
boro1277	-0.19738185509224	2.0521176346613	-4.46186261135692	3.80367221481378
boro1282	-0.109997041162468	2.09944276974798	-4.5578821643293	4.00923598745869
boto1242	4.01981216453468	2.04472096101	0.172359296114834	8.32032524141658
boun1243	-0.0906216719976879	2.14684666825577	-4.44137028137311	4.15701946135885
boun1245	-0.810887741473981	1.99317481720965	-5.15698977572214	2.82851782295686
brah1256	0.368454549847322	2.04207413545046	-3.75773499259418	4.49364512488917
bret1244	-0.0831801536564612	2.01074703577013	-4.18032632954624	3.85286302653384
brib1243	-0.615511508619175	1.90621939015803	-4.76547059964023	2.81581163692938
budu1248	-0.263622568466858	1.81964715759153	-4.03530005217106	3.28267325550824
budu1265	-0.185664588770099	2.11981898903457	-4.58847921828	3.96664490675902
budz1238	-0.0851109681939091	2.02424802704109	-4.13625344805517	3.94363147308495
buga1247	-0.139364662608629	1.98442266270967	-4.22919380855827	3.69349159248262
buga1250	-0.949324607634959	1.93674806054621	-5.1719187377835	2.650534943414
bugh1239	-0.994352597008362	1.89498776604187	-5.00742747975796	2.45389024255491
bugi1244	-0.265318036703282	1.9005183635885	-4.36062611315884	3.31079113343618
bugl1243	-0.292297108853819	2.01836798860842	-4.45210437796648	3.65765091372082
buhu1237	-0.535356422976427	2.00655715814775	-4.84237525889772	3.17478891813068
bujh1238	-0.530489852805843	1.92741557576121	-4.64398430516474	3.09402966759493
buku1249	1.37379698370586	2.08104068970835	-2.24495136727628	5.89637670672892
bull1247	-0.0545376352585157	2.10405910524226	-4.39218955125212	4.17198267698021
bulo1242	-0.305763060149336	2.01985163197524	-4.54240311117209	3.59418905450443
bumt1240	0.0157305329362433	1.95306175523298	-4.02390697937104	3.8186808837855
buna1276	-0.522784329593867	1.95379386383232	-4.62772528356382	3.23641447340595
bund1253	-0.0931760287114779	2.11435362007557	-4.4188042968337	4.11913272252792
bura1292	-0.348531968452572	2.04481211526959	-4.56653906335138	3.55931325315139
bure1242	-0.285710348086954	2.09351345275328	-4.62203751607138	3.85631067773857
burj1242	-0.143298262236999	2.03079409987278	-4.38857410365807	3.86106671406868
buru1296	-0.19553990129565	2.00852346242334	-4.41885338070637	3.69491855823963
buru1320	-0.127352983860718	2.11102808356324	-4.33137664570764	4.25400655790977
busa1253	-0.0876766811255596	2.09568943322466	-4.40236991702001	4.12608683872184
bush1247	-0.0705002804447129	2.18009201424715	-4.63941257204705	4.39168373807637
buwa1243	-0.461857531811278	1.98325187194416	-4.67670123095812	3.32435754382073
bwai1242	-0.668828990018571	1.89080901926908	-4.79408887540253	2.85334134170254
bwat1240	0.399320798131024	1.71972697282675	-3.14965937848559	3.89227860293389
byan1241	-0.23479690694714	2.05842131504643	-4.43602174138153	3.74742584512265
caac1237	1.92240814939681	1.74146086414553	-1.08839279198687	5.6546730571674
cabe1245	-0.623818348816951	1.89644100554702	-4.83265785198564	2.77599798816799
cahu1264	-0.346083776664629	2.08488859977688	-4.84909329299641	3.66478898924823
cakf1236	-0.301477910310756	2.1270352627771	-4.75140462403873	3.75134598713324
cald1236	-0.370660240216259	2.07370616990523	-4.81710390461191	3.60735822519875
camp1261	-0.120973396858502	2.14814851942363	-4.54488582060719	4.1403513976521
cane1242	-0.104135485354724	2.05496723087544	-4.3403806227092	4.01405024421997
caom1238	-0.222636781108231	2.03693026151645	-4.51192444377898	3.70794824688681
capa1241	-0.31399012160651	2.04941778266567	-4.73862701451035	3.77733838588929
carn1240	3.46433963608159	2.39942466277182	-0.372941709929152	8.64523524438813
caro1242	-0.160156159439666	2.03731169066968	-4.38358911613874	3.72141288495943
cash1251	-0.365385995490693	2.07649980706718	-4.90877088013507	3.67287121236645
casi1235	3.65913130064802	1.75085672958917	0.222177866670665	7.30013483854682
cavi1250	0.530163207134044	1.93370586788061	-3.13312869678864	4.51058711240226
cayu1262	1.73989501639933	1.82410505565742	-1.40506608352232	5.78381018897775
cemu1238	0.900143699242765	1.62577024424796	-2.27442778263755	4.21404223994436
cent1989	-0.264465033032857	2.05781721182051	-4.64847990417234	3.83180543881761
cent1990	1.19394701645808	2.09093713783193	-2.6999024773441	5.64353504221314
cent1992	-0.423113953210974	2.0281289941644	-4.66797493806439	3.40121124949504
cent2004	-0.331667826989317	1.99628673305982	-4.54084214411704	3.48417916750732
cent2050	-0.327022432852505	2.07804358606664	-4.7151298208886	3.72043569763239
cent2084	3.00378200317494	1.60857299520147	-0.000582201470194115	6.40053095805361
cent2087	4.2324249984462	2.13766174635128	0.236873191287569	8.87906128108302
cent2126	-0.157766495222908	2.03603270221791	-4.31109713698716	3.9018619309539
cent2127	-0.166371025425149	2.06105300781113	-4.49913916799502	3.80329716762079
cent2131	0.116670873849533	1.93729284949907	-3.89417887705979	3.94043170337308
cent2140	-0.473746371302358	1.95969031622298	-4.695296383447	3.21466725772062
cent2142	-0.473096197657938	1.94662150643514	-4.70360032517863	3.15521438959015
cent2150	-0.155234481594473	2.0758011116019	-4.47543122113031	3.93407576969183
cent2292	2.48587275364785	1.3733675811017	-0.060108502571813	5.28158718143132
cent2314	-0.184039922643113	2.09719919920353	-4.46727014811609	3.99195076563038
cent2322	-0.18743732314733	2.04498638119362	-4.43718447411601	3.66243897925678
chac1251	0.479018962293956	1.98216618774744	-3.48029304149765	4.50002226872951
chad1249	-0.105185592941264	2.14708755447437	-4.57018983944342	4.15946049527034
chak1270	-0.325626394944657	2.04414253068241	-4.65611072379973	3.66099526968193
chak1271	-0.112670079207444	2.08029312284279	-4.48236245644535	3.94282015923104
cham1309	1.13977617386407	1.69785864762423	-2.04618829945895	4.61681503726499
cham1312	-0.293756775909	1.93687149526407	-4.44361036897896	3.28328895290564
chan1313	-0.592083672947787	1.96895290329122	-4.96437788151039	3.03536636659897
char1269	-0.39577146036222	2.04533420890822	-4.73543093891526	3.50067336213771
chas1234	-0.366467022018393	2.03722216078816	-4.64510965318101	3.4874914812756
chec1245	0.22540694572958	1.89971849116781	-3.60690337625314	4.04252737242714
chek1238	-0.961715474883954	1.90475759235138	-5.22186961465302	2.45851594114384
chen1255	-0.180364095583069	2.03567563643501	-4.37357041222446	3.84971185457239
chep1245	-0.508141536050647	1.93721595461419	-4.67905161520409	3.16923290518847
cher1273	-0.212528494131026	2.03160524380965	-4.50701805322409	3.84431639329738
chey1247	-0.311723709071614	2.00323772490504	-4.51391382014051	3.52025833938193
chhi1245	0.644347479735479	1.80718945265524	-2.90872235586043	4.27542901056142
chil1280	0.467997221137882	1.93257295603405	-3.47690345074958	4.36349177299814
chim1302	-0.30260360225397	2.09842288450741	-4.68434050018738	3.73600008990279
chim1309	-0.268127294320716	1.88496942910304	-4.32881472619211	3.21206341163957
chin1286	-0.064939664096407	1.98617474362735	-4.1335907100324	3.82932823975516
chip1241	3.03800591092174	2.16883502649269	-0.555028225790055	7.78099183604274
chip1261	-0.167675827708228	2.06763467197434	-4.52718970914901	3.84274813733883
chiq1248	-0.146304009207657	2.01214474257373	-4.40162959805942	3.81641576668909
choc1276	-0.23329596689176	2.05211378772044	-4.55338046875779	3.72958683188857
chon1284	-0.204783124980024	2.06656151350416	-4.5827474436747	3.82528422869865
chot1239	-0.593404560951115	1.98053921786699	-4.8599880169571	3.14952837161749
chra1242	-0.2305169023977	2.089626555084	-4.55705303462053	3.85022815126565
chug1252	-0.323500449438478	2.03925431737873	-4.6368998764077	3.5574467029972
chuj1250	2.97930781027674	1.68904769368266	-0.0837836159475102	6.56227638004039
chuk1273	-0.147893854815438	2.11214022976876	-4.61149958217678	4.00581101679766
chuu1238	-0.145380853886206	2.11454281856537	-4.48323509249254	4.02491360731753
chuv1255	-0.376532286604612	2.02312721365691	-4.72826535610811	3.5552402982367
chuw1238	-0.0389708094274052	2.1190527569884	-4.4167928534844	4.24757588526717
cici1237	-0.0801904553095682	2.10864668298119	-4.49193326042657	4.15195213081332
coat1243	-0.640663162768106	1.63036409066501	-4.12015674230942	2.41307060667801
coca1259	-0.322322373990084	2.0656876386099	-4.69928680630555	3.66102365915894
cogu1240	0.18683884363102	1.86617835917039	-3.61106500414978	3.851068125722
colo1256	-0.299439709085139	2.08425995438915	-4.65235284303713	3.76393437884778
colu1241	2.87782968963343	2.15440962273181	-0.610521016671786	7.66132556508549
coma1245	-0.185389154930491	2.02756413542354	-4.36487997042478	3.8182150515919
como1259	0.0242132017602111	1.77778605103366	-3.60835289090243	3.48645665105516
cong1236	-0.0220450339354686	2.19302125016799	-4.4744453705131	4.31051523772205
copa1237	-1.65238888647636	1.78928843531087	-5.62033512213467	1.40907027628215
cori1240	-0.23169315954181	2.12729223350457	-4.64237110203731	3.86563458700483
cors1241	-0.106167573837451	2.05850504626964	-4.39118898347339	3.97494706305143
cosa1234	0.244155999102705	1.88345621546085	-3.73369151130571	4.00559265639864
cota1241	0.95107914724578	1.66272923078653	-2.22793632542606	4.41022863951317
cree1270	-0.240733181560947	2.0435593046187	-4.6031628462502	3.75296026510088
crim1257	-0.0739078447635671	2.11370023077596	-4.4493944694057	4.0723552711618
crow1244	-0.330743196426164	2.00194031736523	-4.64710115590762	3.51840846777089
cube1242	-0.436868109979884	2.0167097353207	-4.73713661084821	3.39499822354033
culi1244	-0.273629559051845	2.09967067476201	-4.81866029664043	3.85961505206727
cusc1236	3.22893262378802	2.2709502732903	-0.515837475667184	8.0844268788178
czec1258	-0.0981730555322823	2.05345594955408	-4.27875207103691	3.85231571089461
daai1236	-0.345974882723811	2.04331802988074	-4.63897326018066	3.54218932180208
daas1238	-0.22177266845679	2.00825743051355	-4.53851708903191	3.62509015225884
dadi1250	-0.788302112603431	2.03421622747998	-5.20318647701726	2.981208295122
dagb1246	-0.082174871108141	2.13987628031673	-4.4023501965977	4.19758217119041
dagi1241	-0.266067113014963	2.07724595123374	-4.56651258659845	3.68969061201421
daka1243	-1.59176032016667	1.70758142544339	-5.42618572942048	1.35361979967598
damp1237	-0.206201367150745	1.86305918211029	-4.24335893544365	3.32350053346638
dana1252	-0.322902244796786	2.07622376024593	-4.7519129910929	3.60821534029157
dand1238	-0.280533295056535	2.03287906802149	-4.65232395532254	3.57289006995239
dani1285	-0.120904360955909	2.16035595756136	-4.58989668036529	4.1681429258424
dara1250	-0.515461477206467	1.95133444969645	-4.62738295102394	3.18936402746327
darg1241	0.234508218664078	1.86223498989427	-3.52831732415502	4.04230748182146
darm1243	-0.236892218085738	2.04639122038034	-4.47141961236364	3.78555844941849
daur1238	-0.12102924019658	2.08730795335936	-4.5716180680497	4.03205500213826
dawr1236	-0.365228512361174	2.02234435777207	-4.65356817698494	3.45160110737945
daza1242	-0.069014516635811	2.07117015027072	-4.25154190270285	4.20919979797638
dege1246	-0.115563587519879	2.16613821844541	-4.62137028232865	4.11631661368629
dera1248	-0.338231492343919	2.05022529472525	-4.60820560300048	3.59414296134044
desa1247	-0.572258735233414	1.88906736501478	-4.57795811255608	2.98386083431348
dhao1237	-0.43130502474784	1.96701879924596	-4.69130752591499	3.27312822931234
dhar1247	-0.0565667647910655	2.07411372288318	-4.2786676147404	3.96888054835203
dhim1246	2.68692335040813	2.0493564700064	-0.792752624367402	7.00122305517108
dibo1245	-0.0816122595388398	2.10702529432086	-4.28647393497467	4.0929263400176
dido1241	1.46941927868141	1.75615286996152	-1.6153025144751	5.1825286842543
dier1241	-0.0311589006877596	2.11231889104288	-4.42944215563691	4.17287932441797
diga1241	-0.364290721794617	1.97864479264078	-4.39056744242854	3.39831801072101
digo1243	-0.0466913013237622	2.12271909920823	-4.28740318412589	4.32150273532648
dima1251	-0.581050076188483	1.97390185774804	-4.8135193634985	3.1337347751211
djam1255	-0.194536760845652	2.06061291450041	-4.44720819746056	3.85974710711411
djee1236	-0.233879319724432	2.06994231928062	-4.62749254306709	3.83069326244997
djeo1235	1.16597324355775	1.92526786511772	-2.35280068570311	5.19766301588787
djin1251	-0.107584498657876	2.10107943466046	-4.48719605236482	4.09914117282488
djin1253	-0.183992510535873	2.12884251932713	-4.63303016201242	3.97386850801868
dobu1241	-0.597995658645358	1.89194447366383	-4.64692278219357	2.96328233481479
doma1260	-0.189077415472125	2.00874249065099	-4.37697406476592	3.71878700631277
domm1246	-0.946993607622829	2.00586425721985	-5.22427312633692	2.71181154006719
dong1285	-0.21851803576567	2.02526458567505	-4.37074669324632	3.62511654087609
doro1266	-0.772020817636717	1.93006105355048	-5.00634342375905	2.77965758000476
drun1238	-0.349521599338886	2.03264774131298	-4.73181747497542	3.52641057546904
dumb1241	0.434151087996207	1.81250471042891	-3.14346586264613	4.1459640725124
dumi1241	0.00600788902150129	1.78440013930023	-3.77239269104293	3.5005471042732
dupa1235	3.66704777940711	1.79601677310574	0.186312383141703	7.43434993651989
dusn1237	-0.59638177861384	1.98874880181098	-5.06767933564928	3.14701900358546
dutc1256	-0.12875769337185	2.05959673715122	-4.48532831568092	3.89972122371301
dyir1250	-0.153125712688666	2.12768568187338	-4.64679752735767	3.98922965437221
dzao1238	-0.239656399389079	2.09906643346933	-4.790561951054	3.86437118918832
dzon1239	0.741272558869452	1.87585059114077	-2.88185695750034	4.63255298248278
east1236	-0.367625009194362	2.11574501063122	-4.88110102261465	3.67712714365532
east2328	-0.375238264036927	1.99471781182699	-4.79540680367918	3.46699814091698
east2332	-0.261476015207556	2.04220102847259	-4.46879865085396	3.76559578129179
east2342	-0.346800737967276	2.0048263095283	-4.58624764064857	3.55963237678616
east2379	-0.073633017471392	2.04947600362649	-4.3662948146858	4.07989861666318
east2443	-1.42575512279448	1.84449093325052	-5.55831486067662	1.83239754499467
east2485	-0.486488485294975	1.89052577577076	-4.57001499735244	3.04342695159272
east2516	-0.714357656679652	1.99208169767526	-4.91021378312959	2.99846807743752
east2555	-0.111100883224886	2.07249538356654	-4.44656331049059	3.93935772957198
east2556	0.897235273561294	1.5347614643102	-2.02806052134208	4.12962127249113
east2690	-0.141935844165135	2.11522701646501	-4.49267292909859	3.95969532178111
east2773	-0.338952812348145	1.83639418484862	-4.30291559354265	3.06406075604485
egyp1253	-0.0644357757750316	2.19204198600589	-4.66676070851134	4.32243288847056
eipo1242	-0.334609201710598	2.03769874755254	-4.62578879607341	3.54744232161876
ekar1243	-0.325035740154555	2.02652850507634	-4.58915132866862	3.72110578862704
elem1253	-0.135861488596427	2.14743246906239	-4.6593373592365	4.13530243462547
elip1238	-0.152833081535549	2.12799471878384	-4.41668015956216	4.0355063809361
emae1237	-1.26492639168281	1.83091857435643	-5.22035884679246	1.95268776645072
emai1241	-0.105782617497715	2.21845496272212	-4.70000049578839	4.30976396795241
embe1260	-0.276616485798403	1.95621137989212	-4.43543797436464	3.51353403740207
embe1262	-0.165747797720757	2.04787762076809	-4.47946212478264	4.00595716832571
enap1235	-0.168944465350124	2.06544199958918	-4.52151589892972	3.79430966150393
enuu1235	2.34799199776987	1.95413057694148	-1.05831464664037	6.50183077970844
epen1239	-0.16834845034908	2.01230776896646	-4.36348151947424	3.84952282005649
ersu1241	-0.302563968184776	2.02922343270836	-4.59902382267566	3.67215187891208
erzy1239	-0.225495745335492	2.0511575102781	-4.53466530128691	3.78186419463008
esan1238	-0.122965356035872	2.15190388728055	-4.45140019401298	4.08237155174376
esee1248	0.11160153834115	2.01534172411318	-4.07724876374405	4.0670647380045
esim1238	-0.22362036473288	2.03234607971018	-4.62374917442961	3.77606119593507
esto1258	-0.32887432877084	2.03408896848878	-4.65393054442457	3.60196868504753
eton1253	-0.133803593297041	2.14565864685394	-4.51065498236547	4.05438500421934
even1259	0.00869771610425615	2.08212028048138	-4.24253453957981	4.10573415852774
even1260	-0.079855387420576	2.12168616496812	-4.55584713487665	4.17562998895857
ewee1241	-0.112666808720791	2.07662342158015	-4.35604605837873	3.98255760327897
fait1240	-1.02144309164508	1.95618446459113	-5.34595444959186	2.51535911751694
fare1241	-0.0880707613061637	2.14708797027441	-4.42122384296968	4.16512250727848
faro1244	-0.0887786458014573	2.06423077145414	-4.4545047484337	3.97355089324485
fass1245	-0.677965566927875	1.93346334304535	-4.75350087810496	2.95471452543519
fasu1242	-0.536252583579577	1.98716723322696	-4.73155937869193	3.19853339136761
fiji1243	-0.303029367110407	2.00280388757333	-4.64964773298835	3.43454576582782
fili1244	3.34987840247008	1.73407079213045	0.0244734664105321	6.8632440760876
fina1242	2.51591982358543	1.35634563514356	-0.0348645263773375	5.316968164014
finn1318	0.105663397075736	1.98444840018431	-4.08218457542124	4.00070314562249
fipa1238	-0.00165798173864864	2.09174718245082	-4.29611456529808	4.12593880578299
fonn1241	-0.0978752561889504	2.05445983261296	-4.27893116899013	3.96920431598946
fore1265	-0.180670214818824	2.02204898631703	-4.47400673764837	3.78975590156282
fran1266	1.01645338353486	1.86014563247384	-2.60184688341806	4.9055001742473
fuln1247	-0.0932013637311119	2.07700997964707	-4.42206498343182	3.98245695485795
furr1244	-0.118287372973304	2.16290146990047	-4.62921897547823	4.0824422471078
furu1242	-0.0805075465778223	2.0977708426827	-4.4588887687283	4.15118189898158
futu1245	-0.517818367772182	1.90626391125998	-4.65966782463216	3.04535240486965
fuyu1242	-0.828755561695577	1.93469010685176	-5.04327845605883	2.8048301544126
gaam1241	-0.162417990686005	2.11800533963949	-4.64862393052262	4.09793478206555
gaan1243	-0.360412102516808	2.06403357812699	-4.71375320419297	3.75712190087147
gade1242	-0.173684006412731	2.12258900875281	-4.52709607769054	4.12122008110991
gaga1249	-0.119300352330608	2.05306860154166	-4.51691209211109	3.94112510764873
gahr1239	-0.169335499265916	2.08908841505892	-4.64208750881858	3.85888583881296
gale1259	-0.164628034260495	2.06511791840217	-4.48174942380053	3.81319002812477
gali1258	-0.063079270113094	2.08031218690126	-4.30918699730917	4.10740808545588
gali1262	-0.163974673579894	2.06302519355009	-4.57777684715811	3.99189495638975
galo1242	-0.465179362472253	2.02713959871293	-4.83499504098765	3.35486739481316
gami1243	-0.0735458938984198	2.05616777853445	-4.37000417472756	4.14401432280554
gamo1243	-0.406184068261796	1.9506064984578	-4.45703596519093	3.22144347036236
gand1255	0.00650006846140686	2.08199257413002	-4.19950225370323	4.2625811873799
gant1244	-0.951633358281839	1.99980572092564	-5.25944267574967	2.65918402328948
gapa1238	-0.683537106159069	1.95596041782359	-4.98666761889807	2.89827120454272
gata1239	-0.321292631503183	1.99595428029224	-4.58453468978009	3.51707691037794
gayo1244	-0.430361332920523	1.97514448009336	-4.75942087098288	3.33776889878408
gbay1278	-0.0897809314837373	2.04767343906897	-4.2032113939781	4.0299887105005
gbay1288	-0.11276331826535	2.04654113919496	-4.37950000823836	3.9254136097563
geba1237	-0.328943773812304	2.0367851869714	-4.62692639640493	3.52670763973292
gebe1237	-0.314236823826183	2.05874157735285	-4.6925373171783	3.63058880684168
geda1237	-0.978469860964825	1.94489819473279	-5.24610684840574	2.46102972316704
gela1263	-1.07774876520708	1.90783149788145	-5.22445340230601	2.28407339511336
gese1240	-0.264150612967199	2.06749268129202	-4.6200883899213	3.64450709468208
ghad1239	-0.0308784269050588	2.12091783847558	-4.40789514670705	4.26930567287776
ghan1242	-0.73152510055865	1.95729255194615	-5.00408271894121	2.83604004420013
ghar1239	-0.973592160502217	1.9578706514197	-5.17293000503278	2.57728841045319
gheg1238	-0.196790731280376	1.99598365821867	-4.46414277369109	3.58220975660681
ghod1238	0.769822367934895	1.74206757936948	-2.5391119283065	4.29364137477909
ghom1257	-0.0747628307299834	2.05966535568648	-4.33690350283994	3.93661032710809
gida1247	-0.368738079965574	2.02772224946584	-4.68924538882553	3.59797289424337
gilb1244	-0.0880101209252805	2.04588024764253	-4.40533806838544	4.01831980918965
gily1242	-0.200607305344419	2.04670963098215	-4.43906988317703	3.75625424332104
gira1247	-1.01096161038875	1.9412053385535	-5.27226516784274	2.45682644819464
glav1244	-0.444305392033306	1.97246653363768	-4.58580266347926	3.41593812662227
gobu1238	-0.068823621659735	2.11448583285638	-4.41855393211871	4.02030424451541
goem1240	-0.278795265743513	2.14056184996699	-4.77030560105507	3.89535231007516
gofa1235	-0.404694730276209	2.0066463298868	-4.58207493811134	3.3725807960112
gogo1265	-0.192402808544471	1.98330581924547	-4.37789586762806	3.68218441639406
gola1255	-0.0703128514227248	2.11439320618403	-4.46846970910573	4.11113655305623
guah1255	-0.167236489123032	2.08898872743953	-4.50217887540749	3.87424806068167
guan1266	-0.362612042660002	2.02650194393828	-4.65083788277912	3.47626036472797
guan1269	-0.493468952526418	1.93684479980034	-4.57674413571605	3.21969250541314
guat1253	-0.326337708602529	1.91359249424378	-4.32631482128101	3.19563475920988
gube1234	-0.0733163703489831	2.14577896157165	-4.54069478640512	4.33171198065116
gude1246	-0.400931059565744	2.04289725520041	-4.68254483739192	3.54964767239285
guer1243	-1.52395346040739	1.81923975657785	-5.50670801526912	1.69861013617853
gugu1255	-0.154014245810735	2.06162429814801	-4.50200077157263	3.93133741831473
guhu1244	-0.889726850757458	1.96716666463364	-5.18333215716946	2.71466413402
guiq1238	-0.344106376694308	2.01961822372469	-4.56586629333332	3.457889511427
gulf1241	-0.105728193007247	2.12159802974166	-4.36289202510592	4.16313477191658
guma1254	-0.600147728795006	1.92835399859588	-4.79492766770628	3.09516655151219
gumu1244	-0.0697114371216557	1.96768905528751	-4.19165043147539	3.81029384856889
gunw1252	-0.241765354027786	2.07080047321722	-4.68999264376944	3.78420195039686
guny1241	-0.0525852131482284	2.09088248791811	-4.40384061702571	4.16646575464339
gura1251	-0.11420759035635	2.03204063164343	-4.36168540580972	3.77718525165579
guru1261	-0.221258065306435	1.80336179456157	-4.04787835662573	3.20271621666687
guru1271	-0.311044152185259	2.12437255238363	-4.74556575406387	3.76719370290197
gusi1247	0.605658311679858	2.0174995810494	-3.2703420772315	4.7810121288853
gyel1242	-0.0734284427186086	2.08150562575753	-4.35240971123192	4.12281325707628
haaa1252	-0.00651277341373769	2.15156273777636	-4.3798912970204	4.32235442438617
hadi1240	-0.228818416937628	2.02907820077189	-4.5598817153877	3.6022398130259
hadz1240	-0.129017946758552	2.08695001074342	-4.4442070787663	4.03256956872219
haka1240	-0.427569628653663	1.99749516757654	-4.67344990529041	3.28902542991751
hala1252	-0.426410764166461	2.00461102113497	-4.6706415555763	3.4576193049973
halh1238	-0.100229698864313	2.10215028296867	-4.4671747379814	3.99499576977634
hali1244	-0.645102088552896	1.95143044607698	-4.84673701022917	2.99997314383325
halk1245	2.17944923336577	1.87690817665912	-0.874950317307416	6.33518835249138
hame1242	-0.354746135244411	1.9972763214877	-4.6249586408259	3.39820764767983
hang1263	-0.831159523583472	1.97107243985231	-5.18941744276641	2.78536355617663
hani1248	1.09049048875332	1.92036475783808	-2.63204741499507	5.06780721887239
hano1246	-1.39902603115868	1.85040920500722	-5.44215065011502	1.90104441622368
haru1245	-0.900185462884683	1.99558160674028	-5.27580954880193	2.79259946246179
hass1238	-0.0428168832643238	2.11828349018105	-4.49092886691299	4.15742504498336
haus1257	-0.185382088637295	2.06074084554327	-4.38733491042214	3.88204119282146
hava1248	-0.593712542886873	1.90698505973173	-4.69348587498118	3.00428949358647
hawa1245	-0.246242182808265	2.00382138943912	-4.54674820219925	3.52075284669596
hdii1240	-0.452278373843307	1.9749372246085	-4.58852642524809	3.34331389722922
hebr1245	-0.153245736789742	2.08070804717853	-4.57200086119716	3.92713323971139
hehe1240	-0.0839035662372143	2.06340719188487	-4.34797098609455	4.08293442524362
hela1238	-0.440200616311562	1.91641725631187	-4.60718169450124	3.24613386668286
here1253	-0.0255726169380458	2.12880491391613	-4.50322181620558	4.22773840761121
hida1246	-0.159488958337225	2.00948486685018	-4.38564130146734	3.71662535572161
hind1269	-0.135151178133164	2.04892738972655	-4.52619663392681	4.04892561730913
hixk1239	-0.127418722903594	2.09734238638799	-4.49256267521499	4.05432057475897
hoaa1235	-0.0796403701269464	2.12802954223152	-4.54852780735984	4.17281320124013
hoav1238	-0.902489836969029	1.83005405070949	-5.02028044660445	2.24256771615726
holo1240	-0.00926773929038519	2.10552827041952	-4.27328475344233	4.28170701104519
hone1235	-0.294453696284827	2.10313592944599	-4.58533535918594	3.78351718657577
honi1244	2.7511085716826	2.12008660247994	-0.893544098265022	7.24372715249695
hooo1248	-0.0212791585746279	1.99880181662683	-4.16458371429062	4.04684579772238
hopi1249	-0.432004846590355	2.02014958387699	-4.8195714305525	3.53629280971459
horp1239	-0.374851386553495	2.03076615608069	-4.74494406716623	3.52513753411481
hote1245	-1.01214856191274	1.91455551671313	-5.20162831308717	2.40113028050324
hozo1236	-0.316980373950146	2.00885894491154	-4.56225829810611	3.5586890811908
huaa1248	-0.0597453732228147	2.11104036480614	-4.42157137644016	4.13684635111855
hual1241	-0.422001294524345	2.02743839240026	-4.71906407663425	3.58008794800555
huam1247	-0.318927698221377	2.02249377572712	-4.59536812173971	3.64778902444557
huar1255	0.33418174640587	1.83808517154412	-3.37058140684927	4.0568789293466
huas1242	0.23374196754738	1.91972815750082	-3.65198487415263	4.09773978594245
huba1236	-0.394400820728288	2.08182633648863	-4.73380864095301	3.6004254176437
huic1243	-0.377362496828516	1.964919011848	-4.55959548623823	3.37979338434057
hula1239	-0.675042832206661	1.9968338800121	-5.03770961570066	3.08300027639999
hula1244	-0.151820058853704	2.17018126657375	-4.52245321903302	4.16000146855256
huli1244	-0.565833496419481	2.04487240766147	-5.00543414551784	3.30967435032763
humb1243	-0.189850986540047	2.08700369690461	-4.39815069783974	3.86762353146584
hung1274	-0.185077871147662	2.04194463335125	-4.40873485856427	3.82779709445857
hung1275	-0.213747614581644	2.1099976521996	-4.63368635150902	3.96060869534279
hunz1247	1.62686352933053	1.84196449755189	-1.6391635416209	5.63993386688991
hupd1244	-0.603320937228578	1.88441035774733	-4.60393989564427	2.94076071214907
huuu1240	0.345950172962497	1.8663824956233	-3.61023670118784	4.00092310415486
hyam1245	-0.221397434514331	2.14710967474964	-4.71416264116689	3.96003289700354
iaai1238	0.460446079304367	1.76020354650568	-3.1521160142186	4.01368839415079
iatm1242	-0.797246812282126	2.02876880644227	-5.08090014420781	3.14869223276618
ibal1244	2.30025181434279	1.36485337780538	-0.160995686655755	5.13854549269465
iban1264	-0.396381714693308	1.97353248270461	-4.63041475388571	3.42449478279834
iban1267	3.7276429161403	1.75374589586356	0.191482850375164	7.37459100251369
ibat1238	1.36039181686968	1.69365386652782	-1.8839736770936	4.81383173368071
ibib1240	-0.172177684284932	2.11216330500136	-4.49552661885353	3.95914967431458
icel1247	-0.0925770034864959	2.10440761201176	-4.54720624132206	3.94007473600513
idii1243	0.0517619779165289	1.95145666204244	-3.90268720389764	3.8782150873618
idum1241	-0.285669993746604	2.06374467098262	-4.66341056037113	3.67792893166407
idun1242	-0.658060017186826	1.90354068186768	-4.8485875103033	2.89861505492892
ikkk1242	-0.0400342436779252	2.05486655193674	-4.30305536499563	4.1685490376767
ilaa1246	-0.0110453269714337	2.19156519918093	-4.55282680065459	4.44782780431036
iliu1237	-0.456875153445738	2.01499689547668	-4.64849425665853	3.37180977701136
ilon1239	3.37307701669598	1.55066972047718	0.248438956941864	6.58179836391719
imba1240	-0.366755393788474	1.99390505188025	-4.52523392569987	3.43312510305781
indo1316	-0.256951319791514	1.97193593217828	-4.59011906601331	3.48106273928893
inga1252	-0.312401500561351	2.05550782131686	-4.75070523214811	3.71283689878144
ingr1248	-0.37307080637861	1.96667341007429	-4.56045013318474	3.37488014741733
ingu1240	0.424509397906385	1.86221528854545	-3.22240610725855	4.20113545846449
iqui1243	-0.404930802389789	2.08222111405598	-4.73858110882831	3.67539567825179
iraq1241	-0.154954619437482	2.07027855537933	-4.46676143460891	3.86075663701501
irar1238	-0.4663467607641	2.09123278352308	-4.9554475533357	3.58471334749771
iris1253	-0.0877255513749726	2.10726484075454	-4.33544943647861	4.11602096243342
irul1243	-0.159440547951464	2.13633195772414	-4.66878861340166	4.06571837517786
isco1239	-0.368738286660376	2.03172329323866	-4.6900158988885	3.56720155194141
isin1239	3.09583451540502	1.53802990696485	0.13880451505232	6.27701049479872
isir1237	-0.44942140497009	1.97009529982763	-4.66536950431054	3.1853957568511
isna1241	3.35083768666605	1.88099934898078	0.0248705711770606	7.44069698637594
isth1240	0.26534877249181	1.86493672157641	-3.52279401148644	3.88241547718644
ital1282	-0.103748818571747	2.09208150429707	-4.36083596241529	3.95501431306529
iton1250	0.703708066094763	1.83480225616264	-2.82931992998755	4.52015409254252
itza1241	0.86112485369811	1.70392102253992	-2.40437805171412	4.32332072298367
iumi1238	-0.204954302192147	1.93193660016948	-4.35346904894792	3.46165014840224
iwal1237	-0.989261309764971	1.91795837204122	-5.17689563785119	2.5087479128142
iwam1256	-0.710475625511231	1.96429299002246	-4.89124459426968	3.03408946591885
iyoo1238	-1.05771364595197	1.93156480170269	-5.3137509699638	2.42794811423341
jahh1242	-0.328670225920125	2.04382328580387	-4.63636946057364	3.67055458971398
jalk1242	-0.188232258045885	2.05455784362196	-4.63668158946628	3.86649208274692
jama1261	-0.0651206917316015	2.07101522537146	-4.31881241261636	4.03495511525625
jamb1236	-0.293524033087799	1.98160766595291	-4.5172343912421	3.45097726152185
jams1239	-0.23641274373724	2.02339179701102	-4.41376755009409	3.71754770274766
japh1234	-0.327256554271973	2.0588483339605	-4.65509144712095	3.67302830030387
jaqa1244	-0.203397539725407	2.05164072737768	-4.48369719715086	3.78912908137945
jara1266	-0.451388273271815	2.02330443297663	-4.76762410940478	3.47479154754298
jede1239	-0.310786140482868	2.05543190912414	-4.66129989545951	3.61730608522384
jeha1242	-0.30445393153708	2.02573282698474	-4.69536873837569	3.62811157032973
jina1244	-0.365382533320985	2.02104611077738	-4.61205982886677	3.55757555130524
jjuu1238	-0.215384230463595	2.13003171039949	-4.69433158604413	3.94320650414424
juan1238	-0.210461270464525	2.11292831676355	-4.58549815861231	3.87284166505384
juku1254	-0.209887026089632	2.10016897551385	-4.59723418538893	3.96054450355201
jurm1239	-0.146897580872093	2.06458553854154	-4.45500826056398	4.04564423414302
kaba1278	0.31759718019164	1.98305037973774	-3.5940226500187	4.30145691422037
kaba1281	-0.136753732434831	2.13854225677411	-4.50930312170891	4.08412369522059
kach1280	-0.374892703100454	2.02390491498538	-4.65521466489797	3.61878946272499
kach1284	-0.327526606732057	2.02779742111853	-4.59478130208378	3.50370385833063
kado1242	-0.151019574098913	2.0118126895867	-4.44760673314837	3.70332694174619
kafa1242	-0.328223065857674	2.07746430932481	-4.67102225440265	3.84775178632
kaga1256	0.0290925872491891	1.89199077869353	-3.8535683864014	3.76820675214147
kagf1238	-0.0842682934567147	2.06518012490994	-4.31560709694263	3.99452980379675
kagu1239	-0.0749425815283851	2.1353318350718	-4.42014803819738	4.29550255939913
kaik1246	-0.424267602248563	1.99186622886067	-4.66474731481994	3.39099040591307
kaki1249	-0.85632666089297	2.00741180335709	-5.25055403915492	2.75769566235915
kala1384	-0.0172185086429932	2.19015334520433	-4.47895679274201	4.41943062093292
kala1388	2.6257523846645	1.77185705615386	-0.359604818524793	6.36299784206703
kala1399	-0.46051164019493	1.8589358450812	-4.54341877251252	3.01464894924535
kalm1243	-0.110889735728095	2.06407570729355	-4.35578544467633	3.97161890128488
kamb1297	0.196686339736358	2.15344064012254	-4.12628857889982	4.65618469536537
kamb1299	-0.468631024851314	1.95586108205725	-4.60643553331122	3.20973134437839
kamb1316	-0.249146912352167	2.03409585060009	-4.56926146035448	3.69598470363241
kamm1249	-0.252976163800249	2.17189243882887	-4.69878520339611	4.0352389190509
kana1286	1.45758037619679	1.52568963441402	-1.37072757530758	4.63506504668461
kana1291	-0.537332275292407	1.97952252600436	-4.88675196490885	3.14316865884322
kani1286	-0.993632398655388	2.01025855578161	-5.2943440280757	2.71918180363742
kaqc1270	3.34617857048861	1.9246913436252	-0.0370153811346449	7.45116993419546
kara1476	-0.155771399497489	2.13297842085327	-4.64665414183958	4.01854227638355
kara1482	-0.0700928669619834	2.13770157301145	-4.43558833427559	4.17841109668738
kara1486	-0.839233130193279	1.8807375649936	-5.06835283863331	2.52170745965016
kara1487	2.42048762824281	1.30210221884176	-0.0497849673415703	5.04783979276603
kara1500	-0.47248226901482	1.9028295420516	-4.62158631819477	3.0585268237135
kare1335	-0.0820784360732327	1.9942930589912	-4.16621654548405	3.80012808396864
kare1338	-0.116942726932717	2.1871043102119	-4.66926924857018	4.31212312517895
kari1306	-0.102963423140746	2.05835802658745	-4.38720375567192	3.99053055310806
kari1311	0.738355501199307	1.98390470688695	-3.13080462829312	4.82700962548815
kark1258	-0.590704465762307	1.93235223897907	-4.62032173788771	3.09590890757084
karn1252	-0.860708992613842	1.93885730245673	-5.02636258297906	2.69483780962957
karo1304	-0.251508237940983	2.02308292660576	-4.55066063222951	3.62581395351856
kash1277	-0.168066911068576	2.1075740677094	-4.600519474	4.00373106640363
katb1237	-1.62371974776123	1.71243888500087	-5.41254517290819	1.22477583301924
kats1235	0.662620659292284	1.96400505901258	-3.19007839760458	4.65972754101138
kava1241	2.64905943889379	1.91294723990156	-0.569436919634932	6.81980357350427
kaya1315	-0.340138344035098	2.01272599289714	-4.57940139357988	3.43737084106913
keap1239	-0.645641602133474	2.01709325515334	-5.12556083317476	3.19085093946786
keda1252	-0.548344878730972	1.98882742046441	-4.81884505126711	3.18956150263252
keig1242	-0.237474009167386	2.08882784549556	-4.60743177874071	3.79851107293297
kele1255	-0.0415856919755909	2.11864527324132	-4.47714958446595	4.12239185033347
kele1258	-0.587198095234057	1.91700970236719	-4.76479376191414	2.94536593672036
kemb1249	-0.507302405546533	1.91222368072294	-4.56586008647907	3.1362597178658
keng1240	-0.155688372810288	2.11084277951338	-4.47730268494642	4.09939980691339
kens1248	-0.29667185887384	2.09891716463825	-4.76731485713919	3.64191158343903
kenu1236	-0.0770660621246577	2.14549047527296	-4.58329321745009	4.19153372515421
keoo1238	-0.599536207352027	1.94259598808253	-4.88933826942204	2.95601511994267
kera1248	-0.0690657605838235	2.08061037364299	-4.43456430282846	4.02993831441559
kera1255	-0.344271750299732	2.07696953348428	-4.68770015245306	3.69200300441615
kesa1244	-1.03557816978001	1.95578033436155	-5.19572184210228	2.49594359063691
kett1243	3.04086838538756	2.32523410780427	-0.711782449402216	8.03392304877814
kgal1244	-0.0461503678316069	2.13351455995875	-4.31850990940554	4.29623123242943
khak1248	-0.121999522197862	2.03409152985309	-4.41533086674424	3.86657014724038
khal1275	0.654850529756495	1.75389890547962	-2.87139802584661	4.12940058642046
kham1282	-0.0947569924381427	2.06342485593573	-4.45999397725813	4.06959806648946
khan1274	0.038407420458067	2.055508470889	-4.20793701536721	4.12248720726948
khan1278	-0.137853261744612	2.13960401241474	-4.66303062518181	4.07812426919515
khas1269	-0.401835161795648	2.05594846871931	-4.78727160655383	3.58634581059191
khez1235	-0.674481914237311	1.94463674887468	-4.99535910355392	2.78546089393402
khin1240	-0.212915596667689	1.80169803658968	-4.04949718726439	3.32988231774804
khmu1256	-0.245287793061904	2.00555403420792	-4.47420855764029	3.64919564689504
khum1248	-0.428133413545137	2.01411219309191	-4.65313154831784	3.32048344502408
khva1239	1.4987316567555	1.7636123501316	-1.6798448273245	5.16255790851091
kich1262	3.1786853598208	1.82406790196537	-0.0572764806768732	7.11787676116533
kiku1240	1.31217777879614	2.15090915502052	-2.48502070938067	5.911127519545
kile1243	-0.125595343347866	2.0281646724451	-4.41989477259202	3.8567067435782
kima1246	0.629318773542637	1.92680388602626	-3.33347176047482	4.48189533851347
kimm1245	-0.163143267567458	1.90857584081332	-4.20520950131978	3.56085628151101
kina1250	0.945967056851657	1.79046038033926	-2.59905834883947	4.48175218382929
kinn1249	-0.176893342052046	2.10078618639263	-4.51671211220101	3.95915907869997
kiow1266	-0.219155147056206	2.00171559137519	-4.52550148778565	3.66928540853503
kips1239	1.26152789558867	2.06359978114542	-2.45465314922177	5.85957170935332
koda1255	-0.295486631166373	2.02355447437665	-4.53238074289082	3.61201577760868
koho1244	-0.336821706128656	2.04711820640784	-4.66343421722834	3.6586093899769
koir1240	-0.666043866196671	1.92414672086391	-4.92037139310003	2.82047775833273
koit1244	-0.726328312271685	1.98995279211314	-5.06056298152755	3.10379219663388
koka1244	-0.0999236304705634	2.13084193206649	-4.60809977908918	4.05276210614882
koko1269	-0.921464914513901	1.90667835342389	-5.12697361828978	2.58325339129167
kola1285	-0.210470292615736	2.04246694254796	-4.4793372775613	3.71557224454877
kolb1240	-0.218012173838269	2.10501703722475	-4.64986948418946	3.82989969723919
kolc1235	-0.0572219066966752	2.11219944739223	-4.37275574146363	4.16050213565306
kolu1245	-0.657235242800973	1.89603829444462	-4.91513455354501	2.87971128860561
komb1274	0.0141788370536984	2.01110496380103	-4.08883045567539	4.03004919016534
komc1235	-0.232562226179213	2.00146127994839	-4.48225151752076	3.69958044463585
komi1268	-0.186284927478363	2.01014564790039	-4.36502010667412	3.7853659389057
komi1269	-0.191340564884156	2.05120610684155	-4.50420892018831	3.90345043543049
komi1270	-0.61250946699079	1.97717921571592	-4.81185358170225	3.16419243080235
kona1242	-0.469462084664784	2.06070949076055	-4.80059523093561	3.44011939436591
konk1267	-0.0937312452834698	2.06863695270838	-4.51019098041523	4.01134816884682
kony1248	-0.558905680726456	1.97617567595732	-4.90848409593051	3.25825666207264
koon1244	-0.023677825590473	2.10991375365767	-4.42443769719775	4.32749542907178
koor1239	-0.313626017987653	2.05511940792199	-4.58632639659275	3.68526143504706
kore1280	-0.10418348892707	2.04542353917304	-4.31001778385304	3.95726423312544
kore1283	-0.245769357707118	2.06334620783101	-4.6069222709854	3.77567279725019
kork1243	-0.113632154146677	2.16026307118969	-4.59638035928905	4.06168560738747
koro1298	-0.183689351389695	2.07387566507094	-4.45676279902835	3.90633426548618
koro1313	-0.630232803485679	1.958643140913	-4.83008616117857	3.0201531520348
korr1238	-0.243952661559894	2.05716717542322	-4.66457137093146	3.78187155600761
kosa1249	-0.358216235428087	2.0594285176919	-4.74081941469541	3.58032206548752
kosr1238	-0.276872088646487	1.9714644774869	-4.48758442932595	3.43058444275739
kota1263	-0.364275112879247	1.95870405597638	-4.63707929695138	3.37740779392066
koti1238	0.0144017692011232	2.18566081704179	-4.37520102446221	4.46156792854686
kova1243	-0.853406520047142	1.92315971928944	-4.94042499012707	2.69463256425461
kove1237	-0.80574585438601	1.94777892889849	-5.09488925817154	2.68841692449165
koya1251	-0.236717735226794	2.04599205150492	-4.54076698565521	3.79998135304004
koyr1240	-0.13680661122489	2.16279104241229	-4.66010442332704	4.13713496012093
koyr1242	-0.0966051851424737	2.07253973821871	-4.41663481334848	4.03088589715394
kren1239	-0.103248737536825	2.04826267286401	-4.40301441737544	3.89613182848703
kryt1240	-0.242491267638157	1.80379804169582	-4.00851326474918	3.32169889932036
kuan1248	-0.783750019293972	1.93870986064364	-5.12583713651845	2.7526038260631
kuii1252	-0.333688167946563	1.92234426368153	-4.40467644375798	3.24955774250763
kuik1246	-0.360112571525342	1.99691396605669	-4.64072056009029	3.46065840584111
kuku1273	-0.135750224248839	2.11498799987851	-4.49836272222684	4.00545300051799
kuku1280	-0.109641110289883	2.06363963995789	-4.49499836019252	3.93639827368761
kulu1253	0.959379967380117	1.76850370417914	-2.50029507336316	4.47839007420369
kuma1276	1.50383365334352	1.6281405953069	-1.53047952365978	4.94809168412978
kuma1280	-0.972450080861471	1.98617770985241	-5.3183997364715	2.72214736679049
kumb1268	-0.0629405803469653	2.1734559372238	-4.49877486470572	4.26647988259375
kumz1235	-0.106366259520914	2.08902589727876	-4.49171160729898	4.0511842443733
kuna1268	-0.105540554808599	2.06104388471625	-4.48909111513149	3.88293490631556
kunb1251	-0.239924079718945	2.02863226482179	-4.51742471202469	3.70089604536623
kuni1267	-0.907469076076471	1.92106433643659	-5.08932832133419	2.52988655782459
kunj1245	-0.10929285710991	2.17159809357369	-4.60454150744518	4.28184730525671
kuot1243	-0.935224932216185	1.8525184381365	-5.05355481889671	2.33853714637092
kusa1251	-0.885330071746498	1.85002479978935	-4.92278005228701	2.43356240192026
kusu1250	-0.418399663829493	1.98128346042484	-4.64661911385653	3.3650871729615
kute1248	-0.213104616429454	2.09982959252084	-4.62043253652924	3.92657461090658
kuyy1240	-0.292837891812388	2.08160443650479	-4.58727124255447	3.87099035719135
kwai1243	-1.0035393360257	1.81558866919976	-5.02746946680596	2.23277482610957
kwam1249	-0.304329880113941	2.06566302844142	-4.61670340627264	3.59083347826505
kwam1252	-0.568827763274878	1.71280636001737	-4.22530621767275	2.55795042714458
kwar1239	-1.01822052473897	1.80894314611171	-5.00552257692801	2.14947436204406
kwaz1243	-0.190860194520084	2.00715487751952	-4.44951305318502	3.6697961728411
kweg1241	-0.35601291571466	2.02302112720951	-4.66522244361291	3.4783472529767
kwin1241	-0.0859096165353203	2.08584564761258	-4.45863568016888	4.15841737582638
kwom1262	-0.826212739790623	1.97810434326638	-5.0813088347993	2.80673715476362
kxoe1243	-0.0884598404765887	2.05282743070297	-4.28680601333178	3.94567249641479
kyer1238	-0.448054506881035	1.9458631570141	-4.68918173509448	3.24232000522419
laal1242	-0.165282220681507	2.11426794804016	-4.52714797837596	4.06192894694142
labo1244	-1.56723113231676	1.76949056556502	-5.5298488599199	1.48803461975578
labu1248	-1.02628172576231	1.90548181889372	-5.17423972273521	2.38421285493408
labu1249	0.574537494001809	1.90308721850414	-3.1849819683677	4.45532134253521
lach1248	-0.107471357801084	1.883010139674	-4.03256541604722	3.62067549673528
lagw1237	-0.339199374554632	2.05106366451617	-4.64400178951313	3.60566611347275
lahu1252	-0.136633202012207	1.88072922965622	-4.02603339841665	3.47203895272078
laiy1246	-0.534353211778337	1.99332519126862	-4.97131704913376	3.14246372141273
lakk1252	0.537196143805638	1.79297252005864	-3.00964552598753	4.20514486258387
lala1268	-0.776658746702314	1.94835165070639	-5.06487642057474	2.8101850416173
lama1277	-0.560167227458411	1.97862949625566	-4.83571437183819	3.18837053382555
lama1288	-0.450629054353141	1.96816430118657	-4.58869237514064	3.37853985410908
lamb1272	-0.051598963352609	2.15390255434693	-4.49210760581065	4.28452738833411
lame1260	-1.47389428978213	1.72722959758117	-5.29714183914854	1.47005273347947
lamo1244	-0.787178749079151	1.91904149229685	-5.08486056253004	2.70640205133352
land1256	-0.0881820680271207	2.08049027591617	-4.46342456742507	4.05447894631507
lang1324	-0.0101127953418238	2.14467031907011	-4.39762574132788	4.30312955281999
lara1258	-0.290281596796388	2.06763578297351	-4.57170665000954	3.78323842297536
lash1243	-0.378376255865913	2.03066835034575	-4.75376920030888	3.43271382842458
latv1249	-0.185207685472223	2.07174197482258	-4.44916533653723	3.87691971320755
lave1248	-0.383764311098208	2.03802560718159	-4.76349783575446	3.52799784565504
lave1249	-0.433671286383714	2.0276741912292	-4.74548977098526	3.36446661770859
lavu1241	-0.879799015694236	2.00441129945348	-5.16113846359088	2.81613305453189
lazz1240	2.95976296203586	2.26258754824739	-0.682774767124671	7.89106596414292
lega1250	-0.0184686741597674	2.20378016433552	-4.57917481165706	4.31336779745012
lele1267	-1.08735779274751	1.89814669208972	-5.14599654457007	2.27759765423945
lele1270	-0.579882578679203	1.91522977228267	-4.78445358305671	2.93313432020378
lele1276	-0.27804470811834	2.08628610634828	-4.73938732502126	3.7463656576161
lemb1266	-0.85122638946717	1.97032506768906	-5.20208708370339	2.75461538286729
leme1238	-0.944556052223421	1.86187366147893	-5.05220597457055	2.28402561717978
lena1238	-0.601347235213788	1.73666492547077	-4.51086098177765	2.64554829062277
lend1245	-0.161210496155053	2.0750070115171	-4.49158771552058	3.86494570747049
leng1259	-1.0242117530203	1.87464174151561	-5.13317662225854	2.3084184265526
lepc1244	1.85830348790924	1.8474895828859	-1.45253753284867	5.78625162854457
leti1246	-0.478875747735902	1.88280315442813	-4.48126255161196	3.01118144466909
lewo1242	-1.37334151198093	1.77327774540091	-5.31295428699404	1.75477576061555
lewo1244	-0.556139970005162	1.98504743682868	-4.91700554114359	3.19341460512195
lezg1247	-0.122223053467701	1.78813562786341	-3.79443574911303	3.4157928611164
libi1244	-0.0988270139527005	2.03685230837544	-4.32439250792514	3.91600337515142
liby1240	-0.027036350078796	2.1216747275908	-4.34927291988951	4.26602635714097
lihi1237	-0.755307180534662	1.9350613881516	-4.95172000900632	2.80960814403648
liji1238	-0.236844522469416	2.09402850205883	-4.66829792379803	3.88781040746848
lika1243	-0.103508205288345	2.14479028304366	-4.54702574933712	4.1864744231458
liki1240	-0.111076669817263	2.10284746296775	-4.56412477507095	4.05121120590635
lill1248	2.40945374635748	1.97676045300901	-0.84774480424941	6.85957162842088
limb1266	1.18712632302844	1.74923584046137	-2.16297419490033	4.77527137077938
ling1265	-1.64162195803585	1.69063482323332	-5.41508861779138	1.15280666992092
lipo1242	0.0916240715128449	1.96829519368684	-4.08043491620959	3.965895589777
lish1245	-0.108370716319553	2.02995357729039	-4.3675971454005	3.82096625287491
lisu1250	-0.392763174268384	2.06687887756338	-4.79768789252107	3.5626529535365
lith1251	-0.134418714650773	2.03750585978182	-4.34659256073913	3.80503050858956
lito1235	-0.105530726828498	2.06218302470765	-4.27955910678297	4.03933844883433
litz1237	-1.64053078368785	1.68327370512121	-5.34419881680216	1.12298687286196
livv1243	-0.268848306005881	2.03107498643652	-4.50008921147397	3.74710899968386
loba1239	-0.0917612469124161	2.06660230131008	-4.34596738512651	4.09504799735049
logo1259	-0.200132403307888	2.04968435783184	-4.42888652942154	3.9016624462386
loka1252	-0.181449838812403	2.11798534081375	-4.5267256011766	3.96927136892228
lolo1259	-0.0460756207395963	1.98442103780906	-4.19143821975468	3.82182969293885
loma1260	-0.0939821410543035	2.13837428112525	-4.50003709937376	4.05730280034493
lomb1257	-0.154467797896947	2.06757726992724	-4.45095360231987	3.89502450690963
long1395	-0.958431255296128	1.88893701044876	-5.23140881537184	2.37490868706455
loni1238	-0.569089079891386	1.91147762862614	-4.70683025976467	2.94846744797029
lote1237	-0.67193910074197	1.95505761636075	-4.98167872631856	2.92935643762545
loth1237	-0.641787231632487	1.96460038997125	-5.0611753263526	3.00470063021769
louu1245	-0.609552690610159	1.91345087345741	-4.7629824968703	2.93279767965059
lowl1260	2.3120104317425	1.87175120212001	-0.846207779288193	6.45991138034018
lowl1265	0.488232712795116	1.85180870938233	-3.17038994234002	4.28970101250551
lozi1239	-0.0498811274903503	2.11295951247096	-4.35871444650182	4.19976881098193
luan1263	-0.455008493985111	1.91717644311065	-4.43584039365515	3.18866343034419
lubu1243	2.76270762118566	1.47866401017441	-0.00468348751856225	5.80510575363233
luch1239	-0.0208855264633095	2.08504357705366	-4.15689700269784	4.26745150421054
ludi1246	-0.279820767383274	2.0188528301087	-4.52173222302468	3.67456977835339
lugb1240	-0.201273970296802	2.00395972578912	-4.39872465828928	3.70321976148054
lugu1238	-0.0638607495333419	2.09746492839536	-4.41148690362804	4.13601962412985
lule1254	0.0271611508951066	1.9304692948907	-4.02382003106104	3.81713924742595
lumb1249	-0.0196132350064787	2.20103410365305	-4.52298755727567	4.44632479398042
lumu1239	-0.270733638843877	2.05817174600296	-4.585537111701	3.73937623607575
lund1266	-0.0226837926735036	2.10471908284579	-4.24334708471653	4.13448468704734
lund1271	-0.38211868461686	1.87575199581186	-4.2812033422154	3.11892401412339
luok1236	0.406759703768738	2.01585131429945	-3.60138122142821	4.68494681135501
luse1252	-0.0972821648426821	2.11182990563944	-4.43111584462708	4.0655694383713
lush1249	-0.399397864388897	2.0013998947973	-4.62709806376728	3.42987577735967
lush1252	0.678153346354692	1.67105546979377	-2.54719391656302	4.11646778003441
lusi1240	-0.795231425276659	1.95994119454294	-5.0736472848543	2.76026722485606
luya1241	-0.0113955012739699	2.0715784915714	-4.2328837396712	4.04998730751876
maan1238	-0.252825980046256	2.00208472304157	-4.50490409086052	3.58631298962823
maas1239	-0.147217855878808	2.06282628504305	-4.50006651250143	3.90521979856149
maba1270	-0.0904630462455096	2.12599114838721	-4.4232803396179	4.20516906913867
maba1277	-0.076751159852897	2.0787520160598	-4.36285484793338	4.25766770339217
mace1250	-0.220571110142892	2.11215901271986	-4.75409323292772	3.88988346587234
maco1239	-0.255581498372825	2.06284617858701	-4.67586242257847	3.74204839787522
macu1260	-0.688805619170226	1.89868253869705	-4.81104551713819	2.75307718891392
mada1285	-0.923749423221528	1.84592719429225	-4.94216091207433	2.34304722610185
madi1260	-0.169698875480735	2.12966269682508	-4.60543116674025	4.08893341987647
madn1237	-0.28294989271093	2.02535430872496	-4.46941924094714	3.67291332570828
maee1241	-1.61796216006611	1.70038919053815	-5.48063196698502	1.14845164084423
mafe1237	-1.49248988555216	1.77560520199928	-5.50090597979291	1.56832498975945
maga1260	-0.130054461929162	1.98675572546969	-4.26683668121477	3.73533923586946
magd1235	-1.65616910443499	1.83018157766434	-5.59313831613028	1.52604389998181
magu1243	1.89806403775212	1.67866470663725	-1.0563237357198	5.45127329266461
maia1254	-0.87786204159878	1.94576465430802	-5.07039938717516	2.65868106300826
maib1239	-0.427980237930751	2.0517427143835	-4.81679712320857	3.55464028824054
mail1248	-0.568645180119559	2.03591270176725	-4.91043567171719	3.33064758068668
mais1250	-0.700628949901632	2.00918916910289	-4.89570555815635	3.03065196216354
mait1250	0.0478813979084649	1.9572383352403	-3.94943949130441	4.02779068557388
maja1242	-0.299827987156308	2.12076013193561	-4.79182589029682	3.89930221219611
maka1304	-0.0667652781528869	2.17155280339278	-4.56220175124441	4.14035643290255
makc1235	-0.207886032817111	2.06974537796788	-4.57454019807966	3.78662185675161
makh1264	-0.0127067226224731	2.13482450587067	-4.3648297552678	4.28829880984762
makh1266	-0.0353957949344144	2.10565355983645	-4.39173854409905	4.29429706916464
mako1251	-0.046366755138729	2.15222101419099	-4.42913258907195	4.42559425227954
makw1236	-0.0347511830976661	2.15701037387733	-4.51229519461241	4.31646523127557
mala1463	-0.160114266722674	2.04348202727159	-4.51464210406936	3.83403767718232
mala1464	-0.202729904110824	2.03910448826753	-4.45718375027541	3.74719354261734
mala1479	-0.243849470590797	2.0379852537506	-4.50653865112468	3.79956066333875
mala1522	0.518317179329896	1.8130525869735	-3.04041998053975	4.22185927184172
mala1534	3.56487934156264	1.75669010231827	0.122491847017609	7.14470742572207
male1284	-0.425646477705628	1.98431319449836	-4.72363768727207	3.3558766642687
male1289	-0.825280130209041	1.90920832440726	-5.01366704299327	2.61221091404018
male1297	-0.380822057439955	2.05085888676585	-4.89292661635985	3.60031265092963
malg1251	-0.365701588789558	2.04923597428729	-4.72822765128949	3.62760161480828
mali1285	-1.37541389692439	1.89506092453029	-5.54144339920787	1.89318995701228
malo1243	-1.53465135936011	1.74947242774746	-5.44557617023009	1.39707928212053
malt1254	-0.123612136568829	2.07578617270337	-4.58620281809878	3.96582492731067
malu1245	-1.58856235950699	1.72194708219361	-5.47345960935163	1.27506146663373
mama1275	1.08260170087303	1.78104600843506	-2.36808581104613	4.79763168290644
mamb1294	-0.337427662803181	2.06025057209038	-4.64389775448692	3.65488584613513
mamb1296	-0.0107297141506848	2.08630417654387	-4.18704168744177	4.24153290165198
mamb1306	-0.418806768461251	2.01033179765022	-4.7413176851111	3.37381578498591
mamm1241	2.22021491187496	1.57893450506429	-0.531831675650585	5.55133283239015
mamv1243	-0.156545606619546	2.03625182857143	-4.44790312447171	3.89226827384285
mana1288	-0.480366965457204	1.94753619997645	-4.5246970821419	3.25430522547032
mana1295	-0.7958865693365	1.96350511640573	-5.08994860438864	2.84175443335342
mana1298	-0.81778309464201	1.9889647537202	-5.10436610468728	2.85337661760235
mand1415	-0.0670468699993041	2.06057046074987	-4.26535309127526	4.02907171125828
mand1436	-0.0727579032478934	2.068279384959	-4.23896486374891	4.00789128094982
mand1440	-0.854061766541738	1.90053204910205	-4.97335865140897	2.58420015847318
mang1378	0.173553110210405	1.9409467012951	-3.76593902005901	3.9511937567049
mang1381	-0.154178730459242	2.09837081917337	-4.52362414349611	3.87987866908016
mang1394	-0.10512468709069	2.13998831088503	-4.51641682460899	4.11349920322368
mang1401	-0.129868779892285	2.06728998636141	-4.46919166134973	3.91795017572043
mang1403	-0.72447132032478	1.96683371097931	-5.03270664106968	2.84459980908871
mang1404	-1.02982107100506	1.89843009415517	-5.27793187760095	2.34882498906296
mang1405	-0.532541254770474	1.99675753275699	-4.70110382452488	3.21429690479533
mani1235	-0.553450377589112	2.03141969450422	-4.92487292540513	3.21038202261039
manm1238	0.383181026799027	1.8738026875508	-3.49281447089171	4.11345892330807
mann1248	-0.0905754951737523	2.12629733030538	-4.5111957555382	4.09727249500197
mans1260	-0.512067466690559	2.00385858105976	-4.75840160090728	3.16506768407496
manu1258	-0.327020969539414	1.96325413683547	-4.55688322974347	3.35900891652893
maor1246	-0.109586386275104	2.04960108191193	-4.4549100825254	3.86156883904177
mapo1242	-1.03317933498426	1.90383938697168	-5.2323812750195	2.35695829195623
mapu1245	-0.123036907121363	2.07504916716494	-4.52587188361922	4.01754861640589
maqu1238	-0.26292061487564	2.0125529707223	-4.59185136578387	3.5053938568313
mara1378	-0.129278199655452	2.11604149328121	-4.56593677642593	4.07716122175723
mara1379	-0.674568366569837	1.91783624728523	-4.88111382484358	2.78606767811122
mara1382	-0.396048383048188	2.01522604696277	-4.66362002725008	3.43519911935705
mara1386	-0.265247904204361	2.02870428234158	-4.49232898584264	3.75599757487926
mara1399	-1.62946704036978	1.68964634733466	-5.46689498000387	1.20870346580087
marg1265	-0.419527334262845	2.07255429616353	-4.84125959239062	3.65709723535116
mari1414	-0.175989579006223	2.01905157578115	-4.38207274546818	3.7898345134899
mari1416	-0.595376569940285	1.96841706872879	-4.90312434979134	3.15194270043715
mari1426	-1.19938775523253	1.97157328272074	-5.51954775590487	2.46301502872344
mari1428	-1.01206222460809	1.92788899391847	-5.28367910228055	2.38969593977738
mari1440	-0.436734050838436	2.06668764619707	-4.85379447422919	3.53528838345305
maro1244	-0.899705430150189	1.82222215381481	-4.9874765468914	2.34320944158643
mars1254	-0.241035313075808	1.98210247764133	-4.35261835635019	3.59198814437447
mart1255	-0.119493489747608	2.03886860361808	-4.50805058288611	3.88537903192763
maru1249	-0.102507643560812	2.00837862216257	-4.27576479743267	3.85646270770943
masa1322	-0.339399193050287	2.0437280573807	-4.70929549034346	3.69446180432576
masb1238	3.49055644137283	1.83183245794466	0.0621447655227079	7.2547953725525
mask1242	-1.57772897148593	1.74265969190194	-5.54690067506526	1.37796120761447
matb1237	-0.333851122187737	2.04240711106399	-4.63335896669778	3.45618398164614
mati1250	2.2894921296695	1.60851096095333	-0.421331524639936	5.65557721678883
mato1252	-1.02872790034428	1.87927790478367	-5.21520795965535	2.3559435086252
mats1244	-0.246416301302652	2.08104918053318	-4.51991796471201	3.7199724977223
matu1259	-0.0610402139268121	2.23074291855269	-4.58789436763683	4.35799553299225
matu1261	-0.921894082572292	1.97803720632492	-5.22934220256079	2.70845260016568
maun1240	-0.21324536987348	2.02527296855927	-4.50877390376233	3.74658640082689
maxa1247	-0.155573669715512	2.10825675847676	-4.66100640641636	3.98291741999976
maya1285	-0.506536402046002	2.02584407878692	-4.86869713208728	3.34594863862993
mayo1261	-0.105074840950608	2.11952544343785	-4.42016247390752	4.02839826735668
mayo1264	2.87868055007241	2.14499456784407	-0.662898636426662	7.53462040895077
maza1304	-0.409612240448959	1.99765603525377	-4.61074584590139	3.43674697108867
mbaa1245	-0.0533129281205957	2.10249978882826	-4.34766613793747	4.19153977964603
mbal1255	-0.0138667575675197	2.15629327064812	-4.35856328244255	4.36366770112576
mban1263	-0.0793520322634051	2.13915117663746	-4.4435303032408	4.25139253739798
mbar1260	-0.34645140350971	2.09610819390767	-4.66764939913325	3.68847504252019
mbay1241	-0.223475037523906	2.11545037714229	-4.77307901174045	3.90109357734541
mboc1235	-0.227974275896393	2.10022682607467	-4.64329431359817	3.89569165121327
mbol1247	-0.0399862549190464	2.12628009651616	-4.4357337736061	4.28897680299988
mbug1242	-0.0763519669773389	2.14409082743959	-4.47848334371235	4.14487895057357
mbul1263	-0.844845670843956	1.92641162483337	-5.04140763935759	2.68861193315243
mbya1239	-0.109592965450193	2.03259761742785	-4.30390065717152	3.77627855587236
meen1242	-0.345818164296761	2.09317741601097	-4.77693509091675	3.75121997205968
meke1243	-0.897005382684775	1.92329341499624	-5.14708915309737	2.56008751790848
mele1250	-1.06018826159242	1.89678415734238	-5.07882682854374	2.3088901320987
melo1242	-0.42349639244482	2.0181943229126	-4.70652198381527	3.39859167749622
melp1238	-0.876929904295781	1.97624259757733	-5.11002613949251	2.76681145438872
mend1266	-0.0979120078071586	2.13994588868442	-4.49292961652223	4.07798744364817
mere1242	-1.33831151920953	1.82914560660525	-5.44520038730072	1.89615909333694
meta1238	-0.229651354057936	2.01357051379927	-4.39892677064725	3.80260879827908
mezo1235	-1.26889898286018	1.81707178809816	-5.05475097168049	2.01828266278279
mezq1235	-0.270820841184419	1.89100058855745	-4.31506768151541	3.4508517298341
midd1327	-1.04447020925839	1.91043858961949	-5.14969531088684	2.45459766999035
mids1243	-0.0855468550231318	2.0812743486004	-4.38901145016271	4.19898165824549
miju1243	-0.367068706054506	1.99259841018632	-4.55359575653801	3.50901893604522
mika1239	-0.173897979286064	2.065357261041	-4.50967263633319	3.7922646126674
mikm1235	-0.189926419661599	2.04285705975467	-4.60500854385389	3.72097670926224
mila1245	-0.423137492602084	1.9918795824569	-4.81040188728959	3.34510454592345
mina1268	-0.321583842847856	1.98183683150972	-4.46247861551863	3.42916919213085
mina1276	-0.444313401668597	1.99151813251694	-4.8140812204561	3.32704144946324
mini1251	-0.787363729485094	1.93077504689947	-5.06387692260503	2.74395931075265
mini1256	-0.624451935022005	1.88838064300563	-4.71650771288561	2.96317762417096
minn1241	0.0505888560632993	2.01951786927527	-4.04482584476886	4.06174299911428
misi1243	-0.345349154642396	2.12371374769015	-4.84011051602464	3.78099396110195
misk1235	-0.355699653285593	1.97832505733152	-4.53314669604684	3.37811318800541
mixt1426	0.419696284034128	1.50067779363847	-2.57132253147737	3.44689085260633
miya1259	0.000304410064456462	2.03622831353727	-4.25518708007029	4.06700337223313
miya1266	-0.272038772771297	2.06914134107571	-4.67423675644395	3.70160994312116
mlab1235	-0.272710007110953	2.05031539301231	-4.54367342776328	3.67977252596716
moba1244	-0.0910510299175813	2.13733212037645	-4.44025848170771	4.16650208789954
moch1257	3.22290467481039	1.80567216745998	-0.0022558701472155	6.98285100604433
moco1246	-0.108226708225604	2.03436497771793	-4.28207797881654	3.89857353805755
mode1248	-0.111019749940357	2.04660828893302	-4.27659704242986	3.91805523276199
moha1258	-0.180736158455847	2.03326271572397	-4.35725008345827	3.76646307132888
moii1235	-0.367266391218613	2.01156421515743	-4.71997612199239	3.52662437256109
moke1242	-0.148310817410328	2.02266898178162	-4.33120115090632	3.82054003006324
moki1238	-0.182788340095373	1.98081660249825	-4.43191425179971	3.6564722677415
mokl1243	-0.202846279534923	1.95848952258649	-4.3375015222904	3.62447195833984
mokp1239	-0.184032277140034	2.08721313871701	-4.5238618131513	3.88569188394316
moks1248	-0.238841508784155	2.04314142279483	-4.62595301165506	3.71302049881645
mong1338	-0.0230795734035444	2.10161015586943	-4.27548890772941	4.12717537095502
moni1237	-0.556343591316035	1.97439117665285	-4.89731468608099	3.09067153357996
mono1270	-0.0764688099556005	2.12335796695443	-4.43352088111193	4.26312024867922
mono1273	-0.606733704578608	1.97335874002408	-4.86950771421416	3.06758068996971
mono1275	-0.414231973126198	1.98759733768471	-4.66846044921714	3.43612728386884
monz1249	-0.0617060246464961	2.10501495923415	-4.27252556101217	4.07767210024347
mopa1243	2.15750209060419	1.87786915553542	-1.00086113763698	6.20091974365856
morm1235	-0.526104761036042	2.00396111980417	-4.85761115548768	3.27694656960851
moro1285	-0.270318800446717	2.06227016659564	-4.61170612621835	3.81137161996459
mort1237	-0.266897601159451	1.95881307155318	-4.43351051156286	3.49738479343874
mose1249	-0.108057452982781	1.9879155500573	-4.30827892462151	3.79192134833792
motl1237	-0.899639788294142	1.89402035201125	-5.07983951807883	2.43525931769829
motu1246	-0.712374451852282	1.96755490158375	-4.88738208016578	2.92504007110359
mouk1239	-0.79751830339416	1.9544047731549	-5.00166634945126	2.76960398310909
moun1252	-0.791542243851337	1.97320478324322	-5.05597744079879	2.80721951751007
movi1243	0.73837704191698	1.67077972825675	-2.50642256729034	4.18420442775072
mpad1242	-0.249953738969046	2.09469005139402	-4.75548721909052	4.02213472178647
mpii1239	-0.231192086398582	2.09668248781311	-4.71573361335618	3.83526670963163
mpot1240	-0.0351658423622696	2.11706594246066	-4.47582842969681	4.29225880210015
mpur1239	-0.427182876834477	2.03218323767709	-4.58955449891007	3.4473865179903
mual1241	-0.448207305431806	1.93642485005625	-4.58065548745929	3.23423522172513
mudu1239	-0.332918353997915	1.93143592918083	-4.4938133587961	3.29559490260512
mudu1242	-0.690026872631962	2.00576304335926	-5.03267849059844	3.09853807597173
mull1237	-0.3011986174598	2.03375631242234	-4.54872852040086	3.62113704595768
munc1235	-0.313762822846329	2.0731205337301	-4.76953195751328	3.737181906277
mund1320	-0.17597603735113	2.11583379648588	-4.66227786189999	3.98884568115442
mund1325	-0.357172993233151	2.08752713534019	-4.77979253309157	3.71682137795359
mund1326	-0.188574211057397	2.14191718479627	-4.602949444808	4.0906464923699
mund1328	-0.230498107830193	2.00989159590333	-4.51071725478179	3.67211477539995
mund1330	-0.0883485516381709	2.0814637284662	-4.41542766403955	3.96572501972197
murl1244	-0.206441596876011	2.14399153644851	-4.59122060427929	4.04396275503664
muru1266	-0.0983319101017223	2.04189207878913	-4.40394257771197	3.906879182978
muru1274	-0.445601702344076	2.01385406028997	-4.72048103890481	3.45560748842457
musa1266	-1.00452870984833	1.9775061946868	-5.2589385329441	2.57441610548488
musg1254	-0.38255759273531	2.06853275891146	-4.9774182990379	3.70766829558999
muso1238	-1.03222417917682	1.88598686199543	-5.10600327523339	2.40028843397894
muyu1244	-0.332701348053381	2.07067168426312	-4.77391778834102	3.70743329156809
mwag1236	-0.311993593948275	2.06736386264878	-4.73959248171327	3.61713214193412
mwan1247	-0.0481518810776731	2.13910901438985	-4.45198937394089	4.35040539544387
mwan1250	-0.0964426862493891	2.09951147679966	-4.31108736284597	4.10835174530934
mwer1248	-0.041710015903857	2.15900111055721	-4.34730600668244	4.22268149533367
nade1244	-0.176042961300469	2.0973685033966	-4.52928179278325	3.98489375858622
naka1262	-0.748864206863133	1.90582473417855	-5.00239507561746	2.77975032343888
nali1244	-0.904670155529229	1.85941065160688	-5.05969807042211	2.41141455393723
nama1268	-1.24383318868762	1.8200130018487	-5.19754262276505	2.04599453478091
namb1293	0.267137924351136	1.89761558693243	-3.55384451379436	4.00645689479397
namu1246	-0.341505578063419	2.02941156105799	-4.68240566283224	3.58173759236972
nana1257	-0.146132931469876	2.01505056804362	-4.26122505027366	3.77166244044343
nand1266	2.43672426606699	2.19574873240158	-1.11157040308243	7.37981372411359
nang1262	-0.70929740953937	1.88222710873141	-4.78452929333295	2.74636922980652
nara1262	-0.141311202535702	2.10366904260908	-4.65866583994187	3.97856938539984
nati1244	-1.56659742994635	1.77474505134192	-5.58139226148728	1.49431116585444
natu1246	-0.696053357581835	1.87292627813959	-4.71438073625422	2.7269341609632
naue1237	-0.467517985931947	2.00502594028033	-4.63668340611268	3.31057602881956
naur1243	-0.286024304033651	2.08798296888258	-4.90158313863451	3.58344164878823
nava1243	-0.403681220779272	1.9725625497088	-4.66677318993155	3.38178268726761
nawu1242	-0.102097455569724	2.18885670549506	-4.73859941733461	4.35177031225309
ndam1239	-0.0627552562814999	2.07707349082291	-4.28442518753606	4.15695766163405
ndog1248	-0.159677834035897	2.09276521705892	-4.48540032186371	4.00448491956353
ndom1245	0.390210941867393	1.96753371215464	-3.64906866452126	4.27545939911838
ndun1249	-0.102616662852368	2.08736712251312	-4.45460021819899	4.00469977527376
nege1240	-0.352049678836926	2.0477357907622	-4.73739058616915	3.71871163318979
negi1245	-0.186089375788092	2.10000493944408	-4.68608040750046	3.83219437382315
neha1247	-0.504214590006689	2.00615336911435	-4.74655480047368	3.39908480172546
nend1239	-0.950691428756158	2.00743315226127	-5.34460153162387	2.72718713864728
nene1249	-0.146695688055717	1.97560792355719	-4.22247324688123	3.76710753458531
neng1238	2.51343475248033	2.02606636775863	-0.928968781968196	6.88639864828799
nenn1238	0.200182991907501	1.90002889883915	-3.70559166747179	3.84807858492013
nepa1254	-0.508670714555617	1.91728193420182	-4.72675021925894	3.09280225455216
nese1235	-1.59393223802792	1.71816431170158	-5.51089939839414	1.25414275589511
newa1246	-0.476863046227455	1.92159669536906	-4.7464269093284	3.19127001872265
nezp1238	0.196116645287208	2.05444304461219	-4.00902926971299	4.28780137554573
ngaa1240	-0.0471322167409853	2.13998459837401	-4.4986919327388	4.23563899242777
ngab1239	-0.452041014261495	2.00397495736123	-4.74256277744669	3.27817520396463
ngal1292	-0.180985711231663	2.14810113547302	-4.63731670655389	4.01837780992345
ngam1268	-0.255595536571247	2.09453179868408	-4.82789562860671	3.77394124246632
ngan1291	-0.169512763330212	2.0268381532882	-4.42297580873916	3.79568103958751
ngar1235	-0.171249769230497	2.04775634725923	-4.36502338242493	3.82114689943849
ngar1284	-0.067591561716905	2.11065688235806	-4.4365362718474	4.11077929864269
ngas1240	-0.307754669507859	2.09792141505981	-4.79060558220949	3.70310495554794
ngba1284	-0.0423884952982191	2.13723271468007	-4.44134348928366	4.31630828672622
ngba1285	-0.0928147880697435	2.05585346050022	-4.2476626434201	4.0050151648984
ngit1239	-0.10902753161496	2.07699373472505	-4.43006736005681	4.05215396770576
ngom1268	-0.0720691056158903	2.1486268874994	-4.47116021160813	4.28390147763125
nhan1238	-0.0969749150249403	2.11372625316622	-4.49116054463	4.13854144690081
nhen1239	-0.300979575017285	2.05449065415936	-4.62271114721677	3.63977995578107
nige1253	-0.248479741938459	2.06257343485432	-4.43738672188032	3.81350302728779
niha1238	-0.128984158935425	2.06609749172952	-4.43545346222859	3.94453088093118
nila1242	-0.097726063726349	2.08699697304671	-4.51177324530211	3.98388569821232
nina1238	-0.206555498649395	2.04377055493225	-4.36637964751607	3.66211670426832
nisg1240	2.14849389078591	1.90978124427699	-1.04169722671138	6.40187947331963
niua1240	-0.113233854188271	2.06528993375297	-4.48768888694487	3.97568290821408
niue1239	-0.106415134413109	2.09361138535865	-4.53333719649712	4.10292814691493
niva1238	-0.119030081986025	2.11118825892347	-4.72023443421804	4.02470707200296
njan1240	-0.164817699773532	2.11932612485022	-4.53750222503938	4.12048543775993
nkon1248	-0.150293761887983	2.01460175560498	-4.31551408424359	3.71346758016498
noct1238	-0.508719403736417	1.96700593623011	-4.7499955309487	3.12618477093343
noku1237	-1.09355408582583	1.93444760334994	-5.36179329925052	2.46005352055931
noon1242	-0.0212559912872208	2.19133693620797	-4.56011461702761	4.40450669539092
noon1243	-0.23211637308889	2.01409917310065	-4.48150898922196	3.77208472596787
nopa1235	-1.03715998168906	1.72555365898023	-4.84876952424473	2.12232862203183
nort2671	0.108671583592778	1.9783850380217	-3.94313858671203	4.1013396619992
nort2684	-0.237670149392507	2.07038549171998	-4.57974772472903	3.83212500003817
nort2690	-0.103398999763591	2.10635241059041	-4.43327632496464	4.06052280290484
nort2697	0.495952129567628	1.93842441099163	-3.23962927651013	4.54166681122785
nort2702	-0.271836363348648	2.05631353321777	-4.62219172363254	3.80358460993461
nort2722	-0.293098133031489	2.03299912841683	-4.56143738575505	3.54644642091695
nort2723	-0.364347338490678	2.07540405488693	-4.97080996561228	3.48502292985183
nort2732	-0.12346112568123	2.11713109733851	-4.47526574297613	3.983890276455
nort2745	3.04837173616895	2.29995241878961	-0.645102951519673	8.06342270230504
nort2747	-0.220002298319719	2.14016328403957	-4.65675829696171	3.90537007936513
nort2774	-0.10977888932979	2.06713691823983	-4.48273830054532	3.97286948511847
nort2775	-0.0573806684845668	2.18960448180475	-4.55477061967309	4.31165040987204
nort2836	-1.09875642726793	1.89564673838766	-5.25354015440923	2.34457157286094
nort2839	-1.54418665262169	1.73758714897358	-5.45638163075707	1.46959369622471
nort2845	-0.11809500112498	2.06146671160152	-4.39438074025419	3.93573308007259
nort2847	-0.665064599517874	1.74102957776476	-4.45140436218804	2.49299809446594
nort2864	-0.331601033616747	1.90643891826663	-4.4226128298028	3.27067982402727
nort2877	2.50867091261161	1.44609671878914	-0.123507325116504	5.54938429879825
nort2885	3.08412836096222	2.04602046810182	-0.278850492156833	7.53378207097956
nort2930	-0.729649794957014	2.0584814712379	-5.16877144748174	3.04427713512898
nort2938	0.151598115511965	1.94330833191641	-3.77957287181801	4.0456776119727
nort2942	-0.200653663744172	1.99842502626957	-4.24231592839136	3.637584051142
nort2954	-0.375072143300782	1.99640033281715	-4.56822127753672	3.43849154901242
nort2957	0.883921095672162	1.38411248839554	-1.74017981549806	3.77029683043075
nort2961	-0.205588712445593	2.07944216171349	-4.47525724214892	3.69509289212171
nort2972	-0.260722817671823	2.02295994778046	-4.32285316361444	3.6535866162432
nort2980	-0.484646141720748	1.96832986817292	-4.80705187133277	3.37126145645528
nort2994	-0.347404529583009	2.06529097355754	-4.73855934297304	3.60733901106416
nort3047	-0.435265429684458	2.02138336710167	-4.70779356092715	3.45942794519744
nort3139	-0.136440760880899	2.05789445078339	-4.38720755504538	3.86086287726051
nots1237	-0.932547595351317	1.84338166064999	-5.01586461243929	2.34370732474993
nsen1242	0.00350814808562462	2.16657829794312	-4.41351640672258	4.33015686423225
nucl1235	0.343670705563047	2.02097945820487	-3.6378778492549	4.43602247097188
nucl1240	-0.275035097877454	2.08718090877916	-4.68297267899381	3.69393571205933
nucl1301	-0.128205504076809	2.06222957832905	-4.38421331754907	3.975754419956
nucl1302	1.08579758156087	1.97264978766634	-2.55438879556807	5.20728805145247
nucl1305	-0.190340526853527	2.06382209872825	-4.47690592442636	3.8420788395638
nucl1310	-0.348213907129997	2.06256724864604	-4.73554605174845	3.49947136576998
nucl1327	-0.277258911541911	2.09483324610216	-4.5977740787271	3.77326964937052
nucl1347	-0.0399079926724443	2.16881967425006	-4.37976022384455	4.27897009787878
nucl1417	-0.127086707104422	2.14573302479462	-4.59903577107733	4.09643223046286
nucl1452	1.1055830495277	1.95017850146552	-2.7159485651213	5.15414129076343
nucl1454	-0.546710393511328	2.01259711309793	-5.00091644735945	3.1728166044317
nucl1458	-0.842035529830484	1.94910209447303	-5.01942082930504	2.72410314325865
nucl1593	-0.697134444469463	1.91566473638764	-4.75008628815872	2.83410723475839
nucl1595	-0.48033045000176	1.96608123720807	-4.72697277626864	3.24708173259262
nucl1622	3.08193201938091	2.29736439251097	-0.779387901453526	8.03115576225526
nucl1630	-0.786097696293375	1.93749137687033	-5.05346924963282	2.75951236991772
nucl1632	-0.432497183597392	2.08510824951727	-4.83063141562598	3.53505992522912
nucl1633	-0.412484415858343	2.10688447508354	-4.96334558303253	3.66553595350079
nucl1643	-0.128989438274732	2.04548291220102	-4.46225289674558	3.90897796244481
nucl1706	-0.132752736061735	2.0431293513282	-4.42854477816189	3.86593600731021
nuer1246	-0.150468326933652	2.05553554150252	-4.4191217979734	3.97159039114994
nukn1238	-1.02132161191226	1.87537111835233	-5.20265985356813	2.28933147394258
nuku1260	-0.189843113941452	2.09881926621949	-4.54521609333299	3.78105514440775
nung1282	-0.412140366585829	2.08954784595621	-4.91991179336558	3.5911054677569
nupe1254	-0.105203092315764	2.13433667235918	-4.46475492962058	4.34009821906208
nyah1249	-0.401720957729475	2.00304001683176	-4.70565926852279	3.44004005298311
nyah1250	-0.155891822566538	2.0813557614529	-4.56331201975074	3.90890059704259
nyak1260	-0.0677963312309499	2.10824470674131	-4.46384790154073	4.114437913006
nyam1285	-0.28657601688211	2.12227010783897	-4.654221356512	3.76657127155286
nyan1307	-0.0410151317505663	2.12138684012217	-4.3101868301482	4.35749375756462
nyat1246	-0.0875747166304731	2.09165085493259	-4.30262268374624	4.14141179517286
nyig1240	-0.0904699895421036	2.06967730362853	-4.31256768225394	3.97597876295655
nyis1236	-0.483301390409037	1.99065026519363	-4.68985339934478	3.28579161859299
nyor1246	-0.0594815229342843	2.09894126214389	-4.44304074842816	4.19163386041661
nyun1247	-0.047493401037486	2.11564861482226	-4.35988482832042	4.22789085361971
nzad1234	-0.0459830243112925	2.13192123594694	-4.47461703370115	4.35124461465352
nzak1246	-0.173857505741413	2.13214093543441	-4.70603779833874	4.09211986992093
nzak1247	-0.108604812324747	2.07732278602147	-4.41243900500614	4.03762413252181
obok1239	-0.499138973812715	2.00317843733789	-4.87421847961915	3.21705274050097
occi1239	-0.104529698404475	2.01408998169825	-4.21574736431764	4.08731547156406
ocot1244	-1.12983488446351	1.66620051407071	-4.72851294376769	1.80869156156061
ofay1240	0.180231962632867	2.04345539736789	-4.05680769699295	4.32793378865831
okan1243	1.43595931331882	1.89649604055676	-2.07231967245068	5.43439329292998
okin1246	-0.191816434287913	2.02745230169441	-4.43632768285812	3.75547882527517
okoe1238	-0.116096452711923	2.19314810060233	-4.8203721144393	4.18421765682851
oksa1245	-0.61601262344518	2.01787638284877	-5.00862083173199	3.13681623024749
okuu1243	-0.232458415192006	2.01441568322626	-4.49313570481285	3.79685277125384
oloo1241	-0.786280170503159	1.90756316224831	-4.92664627023534	2.7580526384235
olut1240	0.241428269516231	1.84818019374242	-3.5301440347177	3.84359566066698
omah1247	-0.452454708590297	1.88173779836805	-4.53463520786389	2.95808919432117
omie1241	-0.763514023957733	1.97686296596647	-5.1208231252979	2.89398183672763
onto1237	-0.2570699771176	2.05328180386759	-4.68248811331886	3.6626128069359
oriy1255	-0.232562651618216	2.07107308553197	-4.68231212489605	3.79490526240465
orma1241	-0.00180075998208204	2.0898201768504	-4.13873559448966	4.15639581978909
oroc1248	-0.110458001713003	2.13102996216814	-4.60027987189672	4.16985762454175
orok1265	-0.11560202103611	2.04612173982312	-4.43985319362891	3.87796679893086
orok1266	-0.221494847682302	2.04374315369308	-4.43469877721709	3.84113005872351
orok1267	-0.796441703064239	1.99443672296339	-5.10471962093478	2.87903794931502
orok1269	-0.752913963355373	1.97686098685834	-4.99271815731107	2.92046660407114
orow1242	0.0911298864265898	1.71976270346356	-3.59082774100594	3.43408771091658
otor1240	-0.264671303937773	2.00871562727759	-4.36565573018062	3.73456348354842
otta1242	-0.166154292421861	1.98312942851973	-4.41109793743606	3.66581066276412
owaa1237	-0.507068746067567	2.03256898377737	-4.79308894521893	3.24326668691149
paaa1242	-0.255672319047493	2.06349981545286	-4.55494703397281	3.7173379185326
paam1238	-1.48399684990987	1.73956324922201	-5.38652728108241	1.55225265303394
paas1238	-0.105143709681757	2.06497753944174	-4.28270052867299	3.88859373547447
paco1243	-0.3405269575927	2.11226803421647	-4.82065857534511	3.61866397854106
pagi1243	-0.103681860409219	2.07162035922808	-4.46409227499767	3.89483228947539
pagu1249	-0.300357823986387	1.97338805878606	-4.58144527127732	3.45292444794679
pahn1237	-0.173172979290761	1.94805667817374	-4.37444514688273	3.63155998607328
pait1244	-0.581708690392886	1.93893155499889	-4.74556904714094	3.0529241017513
pala1344	2.76670464378575	2.07424630791164	-0.660534748003878	7.17794800899668
pali1279	-0.0959925471508796	2.07651985014786	-4.42893146581859	3.97577422288416
pamb1243	-0.0973823309231242	2.10385419638437	-4.50263826379721	4.06758809086806
pamo1252	0.516464809396168	1.80030767899992	-3.11978866288741	4.18523210096842
pana1307	-0.251711402420878	2.11566309450544	-4.67875175572441	3.90590278726501
pang1287	-0.0618971897656899	2.09644462692847	-4.40456910777072	4.18203173363152
pang1290	2.81717907998422	1.56137782834648	0.00245475887188418	5.99029963658378
pang1291	-0.429786940940902	1.94153463622715	-4.55513116967526	3.19977264782777
panj1256	-0.179020990387915	2.07217283611168	-4.51623218769285	3.9025784987779
pano1254	-0.317330041794825	2.03293059798636	-4.586480484753	3.63208219811717
pany1241	-0.0904761379873368	2.08225402356713	-4.41078734510763	4.00303872719703
papa1238	1.97649493367111	1.73923957366664	-0.998426241293788	5.95807116033733
papa1265	-0.687666749974342	1.92639407079395	-4.90324087761268	2.85271838796207
para1301	0.0540112506899897	2.0536276646037	-4.23382142683903	4.12923804721974
para1302	-0.578725613231457	1.99636751140573	-4.95277659221567	3.09881797907471
pare1266	-0.303486241866776	1.98818968395592	-4.47055279818875	3.53606064105767
pare1272	-0.219226099346958	2.0477638766035	-4.44483550887594	3.74273854392161
pate1247	-1.03805263350152	1.90172143938598	-5.25931004557683	2.42825959105989
patp1243	-0.807020959939215	1.92854637596658	-5.01118490981572	2.82856686827553
patt1248	-0.168908768916703	2.09823048805929	-4.56670395895009	4.03917196382566
paul1238	-0.317902149833575	1.8826417376509	-4.32897989835346	3.16307617347785
pawa1255	-0.867706845062832	2.03145019099889	-5.2854084106987	2.8894558877438
pawn1254	-0.214722557594467	2.0234454619731	-4.50588390893051	3.63710293887925
payn1244	-0.938415493515471	2.00746302168595	-5.41416986292541	2.67174513863613
pech1241	-0.159673550886018	2.03953960796749	-4.52631116436661	3.69633498343895
peer1241	-0.212504714116728	2.16090635951156	-4.73196399883713	3.9380041579379
pela1242	-0.336284579420863	1.9720384760462	-4.46998047212645	3.46389966613006
pemo1248	-0.167260803215308	2.02128834745253	-4.33091570495416	3.79407123949038
pend1242	0.180871021102721	1.73973066173584	-3.4626337827928	3.49475511922194
peng1244	-0.326033170747472	1.95502741338124	-4.39134286549212	3.37722417716393
peri1253	-0.0474706272476355	2.09959885499895	-4.48447408974412	4.12408756519347
phai1238	-0.28291938065694	2.03809104685959	-4.65654206270697	3.7171251647744
phom1236	-0.595949202482344	1.96030181959447	-4.8551686858657	3.106314233444
pila1245	-0.120991136006892	2.0584076378898	-4.33843972269322	3.85737860294549
pile1238	-0.621787217679918	1.8707663229499	-4.6321297397586	2.79644393906238
pima1248	-0.289923156495691	1.85924126392903	-4.23918265220963	3.16521124644718
pina1252	-0.87670556149438	1.97819071906794	-5.25835323986154	2.74205183978026
ping1243	-0.18840633521196	2.02337051675125	-4.39316662218938	3.72198509566434
pipi1250	3.42869367111654	2.14789352430171	-0.190869079907676	8.08316739341099
pite1240	0.468678546328199	1.95432094039856	-3.52548844918994	4.29763867420808
plai1258	-0.226335571474927	2.05519912827229	-4.63578658006803	3.72710254060083
pnar1238	-0.435823677810652	2.06121434673381	-4.86176304543797	3.49437486826535
pohn1238	-0.15611077298227	2.0820501091029	-4.46701726502347	4.03735638052876
poko1263	1.36188079185466	2.1052497263638	-2.35575938934668	5.83081381699612
poli1260	-0.109327845150504	2.11214292184065	-4.44209179147944	4.05004869206831
popt1235	2.71187937572364	1.60168630365664	-0.127801909223733	6.01374967393047
port1283	-0.113435632634554	2.09303441121776	-4.57428112682623	4.00370017892677
port1285	-1.58316663181951	1.74643904598724	-5.43547554080887	1.3640538849076
psik1239	-0.451194336432573	2.02443536796596	-4.61818772360841	3.38747667319286
puin1248	-0.270429224650474	2.09556330403449	-4.59471775547881	3.74621061128192
puka1242	-0.1229526157217	2.0545696241576	-4.43194358323034	3.90730483022159
pula1262	-0.0740939675064244	2.10125480477551	-4.45689141789391	4.08399536565169
pula1263	-0.0568845254403971	2.15915040765132	-4.43801288094516	4.34411318763351
pulu1242	-0.175836912400343	2.04915178244602	-4.51081401823862	3.86230081569521
puma1239	0.229122784954482	1.81865049951827	-3.58768302470776	3.83274075547719
puoc1238	-0.112675958058446	2.0746600160996	-4.4697330091204	4.00578257555041
pura1257	-0.772510147715691	2.03090297381514	-5.23188084527671	2.98062136456004
pure1242	-0.343372436029021	2.03640300569877	-4.71401821175889	3.63562758853006
puri1258	-0.17818041550078	2.07414498719486	-4.5680945777418	3.86975779870602
qawa1238	-0.105358617752723	2.10853868445512	-4.55751180930904	4.04900729867784
qima1242	0.0726430838990082	2.13660079452674	-4.39228517426035	4.30132045843582
quer1236	-0.343628829532722	1.94160648674712	-4.50341965658897	3.42067368060269
quio1240	-1.21282057751233	1.75494846338444	-5.02527568938906	1.86273929527582
rabh1238	-0.151394302686602	2.01448862201488	-4.34964584416841	3.77992258411199
rade1240	-0.434123625066651	1.98963935630167	-4.67137630763153	3.38252227695063
raji1240	-0.30059424285423	2.06520420619388	-4.70132818580915	3.86352521059106
rama1270	-0.452445637921351	2.02552605130204	-4.8185467037347	3.43152435452112
rapa1244	-0.110006126531841	2.10609066447838	-4.55167013349923	3.95527590078846
rapa1245	-0.250316803209596	1.98852893586921	-4.48808805023404	3.48773396071581
rapo1238	-0.70559379921625	1.94239298565874	-4.96432380924077	2.76946369779859
raro1241	-0.130681713487527	2.04030499652189	-4.395068271003	3.89842081655108
rata1244	-0.17059993988947	2.04844148095015	-4.52483373640752	3.77473379920338
remo1247	4.64407782040708	2.34505539647661	0.235879008072466	9.55784827213195
reng1252	-0.423209128777195	2.07674799762268	-4.83888549527966	3.65295868597334
reye1240	-0.207757349217119	2.01598315560547	-4.42504569670024	3.77282863460258
rian1263	0.630414658034241	1.94996381558165	-3.19572058693682	4.49186631443951
rikb1245	-0.156314170530752	2.09850843974293	-4.60179711638483	3.94067969992746
roma1326	-0.116932534303265	2.0573754042678	-4.54625332269396	3.81542760034302
romb1245	3.06279627899883	1.77734638048252	-0.0686222448020671	6.77872577529898
rong1264	-0.202721995540531	2.08117375364242	-4.63884610837154	3.88296338052164
rong1266	-0.638104485199169	1.92676404914129	-4.68549986934214	2.90432944247535
ronn1241	-0.311030119961982	2.10087136353984	-4.84686044958475	3.65987289541276
roto1249	-0.694895655863723	1.93557994032464	-4.81417734830201	2.80083907177494
rotu1241	-0.122007438193049	2.08959984135214	-4.64622779320268	3.98124316798306
rovi1238	-0.895320505971449	1.84099376150876	-5.02821034102502	2.37989169498442
ruch1235	-0.273088990750175	2.04876590207229	-4.5333368004117	3.76335694494833
ruka1240	1.25351891600265	1.6580075213198	-1.8747663930321	4.74215246951379
ruma1248	-0.322827811092378	1.98258577403455	-4.58283264028962	3.5306692981069
rung1258	-0.141852440549146	2.08723100618845	-4.49919172983872	3.95705176026981
russ1263	-0.124221483135305	2.03545316928971	-4.3594534790177	3.85517120827868
russ1264	-0.13180278124658	2.05661499609049	-4.47101061629607	3.97578738599777
rutu1240	0.234057329940627	1.80980976827311	-3.42463523613068	3.83278405488862
saaa1240	-0.856568913838931	1.89959494867852	-4.91781116423431	2.65860446676346
saaa1241	-1.47849964070784	1.77165691082597	-5.43064880206475	1.67110684857482
saar1237	1.18335059961465	1.53588094781671	-1.74121712449569	4.27438877433302
saba1268	-0.261565083643765	2.01938835175705	-4.60831437393402	3.66801599649973
sais1237	1.91354879107447	1.77889367884394	-1.20582536846573	5.7098154989082
saka1289	-1.31690026285317	1.84936568328651	-5.34214776720682	1.95454457236251
saka1291	-0.09229502244066	2.07943736269974	-4.47473381427234	4.08054738400357
samb1305	-0.266569186000501	2.1263741913298	-4.74823381919931	3.75020942993666
samb1311	-0.252115100774282	2.12821067096793	-4.71638299459017	3.79919509636841
samo1305	-0.294140704331065	2.00913461768508	-4.61746496337167	3.51548189403925
sana1295	-0.109367849889467	2.04951678577543	-4.36903296986292	3.87253968560464
sanb1242	-0.229971989360558	2.05299009798832	-4.42160582653593	3.81461943063607
sand1278	2.79342634688276	2.02586204163333	-0.511618422243212	7.39845068154899
sang1321	-0.65819704567054	1.99356885305115	-4.97774568887999	2.9750185586624
sang1330	-0.0770170118628227	2.09347400113056	-4.46404549054669	4.10104516734139
sang1331	-0.0190291832323679	2.06815219275501	-4.25962016323441	4.20544609185607
sanj1284	-1.08808097002591	1.6551923018466	-4.74278845590439	1.90970248746358
sanm1289	-0.196545703643603	2.00964706324574	-4.3694244466291	3.79597215680238
sanm1295	-1.68236841566283	1.80051590696424	-5.56609878380809	1.39830617997117
sanm1301	-0.737159458052645	1.82219315625009	-4.70205902865009	2.59352422021485
sant1410	0.527975856798273	1.9946557554226	-3.58929321764659	4.60479615786918
sant1436	-1.58100856198805	1.80264339823865	-5.53858432005044	1.54508037832949
sant1451	1.10867908710192	1.53736314531642	-1.78471795076674	4.31093969722468
sanu1240	-0.275186220933765	2.02747917920142	-4.56355879036392	3.65135110901382
sapo1253	-0.694558534043997	1.94209448548249	-4.88691734995976	2.80049865783399
sapu1248	-0.395632867443405	2.05682593913791	-4.80061708932172	3.43549431097126
sara1321	-0.106631625603617	2.17077517693503	-4.56259571494279	4.33556684962801
sars1236	-0.109852302863128	1.96661988482277	-4.255059594005	3.69727826965944
sasa1249	-0.347852608996444	1.99504509153236	-4.52182775022957	3.40787974293049
sata1237	-0.191512407572885	1.98010901759677	-4.33387458517233	3.70370105347952
sauk1252	-1.05082228479462	1.86047207735495	-5.12501790567491	2.31589652613695
saur1249	0.343222410697845	1.98210666165285	-3.80878180874166	4.30973092337026
savo1255	-1.0093551355718	1.94722840951085	-5.17804956783169	2.56410643362814
saya1246	-0.311984618955616	2.11311870355975	-4.75120378795446	3.81859750770709
seda1262	-0.401795809465323	2.0582707357722	-4.70713332193911	3.66113829151633
seim1238	-0.423988143850637	1.95777510513189	-4.6781625976138	3.28799304465787
seke1241	-1.481982898244	1.771557676373	-5.43658932838912	1.65978132693879
sela1259	-0.170716051336822	2.06197957304608	-4.45898605147283	3.83786177569729
sela1260	-0.52681087849417	1.95787365444966	-4.82982528365993	2.99321086815617
sele1249	-0.157384557436798	2.01870373136363	-4.44936520461927	3.77893939975672
selk1253	-0.085485557857341	2.03052746170235	-4.25254755559379	3.84597128311374
sema1265	-0.278775185540649	2.07440711576913	-4.56659084366681	3.78855998909699
seme1247	-0.338645709571283	2.05902936831458	-4.6934782312739	3.66920726515709
seng1281	-0.737867885709976	1.97990411841766	-5.20523419831998	2.84710281898414
seri1257	-0.179090215949889	2.04041204366566	-4.43548590195308	3.63975595102824
shab1252	-0.29620198031798	2.08406191241073	-4.68605662202209	3.90561758261386
sham1280	-0.0319125226666953	2.16187464699351	-4.46111479968075	4.30268599071535
shan1283	-0.330190810079338	2.05810698631987	-4.8183802008044	3.70303630981202
shaw1249	-0.203843517574657	1.94951790649617	-4.25732052439369	3.54154289120878
shee1238	-0.185343458113383	2.00948092671555	-4.39939118370323	3.61261832391571
shil1265	-0.176513457134156	2.05038335360667	-4.38915572884733	3.94899650933412
ship1254	-0.328466325876176	1.95986915593096	-4.54491487142975	3.43593259970739
shix1238	-0.373995345054233	2.07525729410715	-4.92332780507966	3.6443738861613
shol1240	-0.313248169737032	2.04559630062928	-4.68821310070882	3.57933474232447
shon1251	-0.0173427670436051	2.1730415926373	-4.54966929737593	4.36566862833315
shor1247	-0.0634978451639002	2.02498653019005	-4.18228079580101	4.0430070586261
shos1248	-0.198937563645413	2.05024818072817	-4.55779138291878	3.74960574987723
shua1257	-0.329224041787543	1.97242323746912	-4.46525037127265	3.39653226892965
shwe1236	-0.319614914664882	1.97586303432564	-4.4574657905311	3.5537602964527
siam1242	-0.201400251715988	2.084943191816	-4.6709929277926	3.81484299323811
siaw1243	-0.666006380699318	1.94811708817221	-4.81780830058482	2.90426215753175
sich1238	-0.315936838481864	2.03727219089794	-4.61236901718783	3.68521077894473
sici1248	-0.11855948365845	2.09650734156033	-4.4965990170469	4.00602674747687
sici1249	-0.186949585463761	2.10347877873535	-4.61260783368383	3.87513957816288
sida1246	-0.240142388186393	2.06198021760839	-4.5686740362759	3.74495896186951
siee1239	-0.800615825084772	1.84369826348825	-4.79520099896187	2.65085275882788
sier1250	-1.2384315705849	1.72595284700102	-5.12189022785776	1.82631957694571
sika1261	-0.378765240844046	2.03507869623889	-4.63682832226938	3.64470590547997
siks1238	-0.130814332336484	2.06866955944277	-4.60758759214084	3.89268565040295
sile1255	-0.962058593315076	1.96950975210248	-5.19051751648276	2.60896616175678
simb1256	-0.739566309604995	1.94099364155095	-4.9778656284198	2.83391182218894
sina1266	-0.725264743252758	1.95677900662244	-5.00260695100102	2.83041466477857
sing1264	-0.484516456860932	1.98613431141725	-4.74401544364272	3.26139351618496
sion1247	-0.332264423340616	2.08069395984299	-4.58014834586323	3.66644182746454
sioo1240	-0.940324441308897	1.95499794410457	-5.12580170263039	2.62708363112503
siri1274	-0.621297714812329	1.93485885156972	-4.93256382928156	2.97063506366058
situ1238	-0.362937346382539	2.01339876525205	-4.68212653060209	3.4720322471752
siwi1239	-0.0484393384788137	2.10508150097868	-4.28169429995609	4.24311093606778
siwu1238	-0.156672590766642	2.01088159962114	-4.38941186340902	3.75936637006754
skol1241	3.06172265587715	2.18427480791467	-0.544498625853115	7.72220810594817
slov1268	-0.120610048036714	2.0678111460454	-4.36832962219047	4.01745001555735
sobe1238	-0.427749973043885	1.99578841929311	-4.73111039552325	3.27714320244961
soch1239	-1.12912942092446	1.81523281528	-5.05416070000821	2.13191750603136
soga1242	0.266720132610985	2.13048547309805	-3.90049366298164	4.65554505736829
soni1259	-0.0596132099969192	2.15682437632104	-4.39538316338496	4.36683422122965
sons1242	0.0845473095583648	2.02758531059709	-4.20141706301754	4.09191893088835
sooo1254	-0.26600063647724	2.03224167397085	-4.54174259777189	3.67306318162772
sooo1256	0.348725486888652	2.07052225590691	-3.78467028774124	4.75523581521852
sout1528	-0.113639898133349	2.1152681846813	-4.61374137416045	4.07825302750375
sout2649	3.43741871735482	2.36651680852938	-0.344933071596053	8.58737983804967
sout2674	3.22605915226556	2.27559386382279	-0.393191726026724	8.33359958478323
sout2679	-0.321083816353726	2.05637978645393	-4.6545019799138	3.73562920215557
sout2728	-0.29307084682143	2.01706087732887	-4.6704002844225	3.65726908690501
sout2729	-0.372197838923025	2.08221293898237	-4.85802108941716	3.64326370355224
sout2730	-0.209560231323507	2.04854566244154	-4.46674014837618	3.75429404156003
sout2782	-0.316378071818057	2.05166031122572	-4.56595662528795	3.67277294171864
sout2797	-0.198379638142734	2.07269105930526	-4.64935684766271	3.77364411658649
sout2807	-0.0149895833305882	2.14090889865023	-4.41427227863382	4.38802821713284
sout2826	-0.0333617280451762	2.12555312504411	-4.42524747115853	4.33175457523492
sout2856	-1.05672934266747	1.8964420299572	-5.11738468425532	2.34590517708255
sout2857	-1.54227200369286	1.79103020585665	-5.5296826975024	1.5820030328537
sout2859	-1.50978120674976	1.74593779656176	-5.4304505422667	1.55795542989264
sout2869	-0.564012971550407	1.71055868823329	-4.23138860061709	2.51740328923004
sout2896	-0.568774066993837	1.99662099884462	-4.95105237107587	3.02560794988584
sout2912	2.49412131213134	1.82044217231023	-0.833427271053231	6.23338700632519
sout2918	-0.425438697712499	1.94161413058857	-4.70563841487941	3.24692040832624
sout2954	-0.144049418595573	2.06735892362831	-4.41054730230158	3.86809579283341
sout2956	-0.0473457674662707	1.94522354420535	-4.12607186055329	3.70930382135387
sout2959	-0.166466750650897	2.02763831348732	-4.40877971598717	3.72876477961553
sout2976	-0.538137904780499	1.92627225012545	-4.68570896955851	3.06393579186507
sout2985	-0.478664565417736	1.97284994217053	-4.70973858628192	3.23555737094526
sout2994	-0.203939866971461	2.12841452240624	-4.75831139760288	3.9583512733499
sout2996	-0.0780567696566568	2.01627081808791	-4.27973313438749	3.80328376235557
sout3236	-0.208282013274505	2.12087208856521	-4.58278981754284	4.02086698641682
sout3261	0.134116483355283	1.79938329601788	-3.46762613192861	3.72568909512957
stan1289	-0.0807368080338082	2.06026999033628	-4.38213973496215	4.01362799204468
stan1290	-0.107668165686236	2.16267303004413	-4.51069330039442	4.15183742804521
stan1293	-0.127345334082169	2.10230186065233	-4.48711792079975	4.11335318267427
stan1306	-0.354102861751934	2.07810756919233	-4.64256721746497	3.63591596884252
stan1318	-0.105017271322249	2.10805113671347	-4.40824019921388	4.02355978656302
suba1238	0.271329554435195	2.06332061700964	-3.79708319072487	4.62520459456089
sude1239	-0.288466839166752	2.06120655217448	-4.65723451102098	3.67648974454314
sumi1235	-0.659669512879428	1.97267005136059	-5.0521982483254	2.95220269027743
sunw1242	-0.258464194977086	1.80863140296242	-4.11045837296336	3.09549202651197
supy1237	-0.143358799391166	2.10201729713649	-4.56074008956756	4.0687668234672
surg1248	-0.160404909432063	2.06588744479324	-4.53868296044189	3.86013011600414
surs1246	-0.700337681751672	1.97593636000241	-5.03108289631157	3.0645562370428
suru1262	-0.116877251631847	2.08385096910547	-4.49585998556982	3.96026397299056
susu1250	-0.0874290622434136	2.12277915551651	-4.56041624894529	4.10435797284173
swah1253	-0.0746321048737866	2.12068306419974	-4.38837698471451	4.19196940852474
swed1254	0.088258948530949	2.05064210163078	-4.23691806631902	4.14628418985658
taba1263	-0.271272933218245	2.02753729376312	-4.51075949265374	3.56996573836133
tabo1241	-0.309716695114318	2.02191086439935	-4.54005271691875	3.61222016340148
tafi1243	-0.159184167510377	2.07115344148296	-4.56840677143393	3.85432769041186
taga1272	2.50683846167692	1.64840618545352	-0.365774256675201	5.93249864886477
tagi1241	-0.460401829095276	2.04740352621163	-4.78429645107283	3.43290754716577
tagw1240	-0.0999532531406204	2.16361353309434	-4.58410362817843	4.1394355841206
taha1241	-0.0672753888866846	2.09354158780891	-4.43616311142924	3.97862637965931
tahi1242	-0.114255872069542	2.07897897346773	-4.57028083879433	3.97548493577475
taia1239	-0.816298324432052	1.98541677451273	-5.13891487271018	2.81343576597668
taji1246	0.376876650776393	1.74278746399022	-3.22351840428113	3.82469947142956
taku1257	-0.299028071059932	2.07827399124179	-4.62662228180132	3.64923635696399
tali1259	-0.951125533863457	1.93700688026425	-5.28004839034524	2.47555930837244
tama1331	-0.0753466995721661	2.07427768683968	-4.23032558044207	4.19423101532125
tama1365	-0.231179250760636	2.0257479405523	-4.44046678121783	3.7424383693702
tami1289	-0.210209169063409	2.13278562541189	-4.76333545423261	3.91133488811924
tane1237	-0.778825423450668	1.89681587285952	-4.99654721565808	2.67212227531896
tang1336	-0.647031396365661	1.96410472453533	-4.85492191746029	2.9336535431127
tang1347	-1.4347351134445	1.78827082707089	-5.32747151419999	1.59930597573586
tang1373	-0.21040874313235	2.01694580784125	-4.35140124944243	3.66190828142905
tang1377	-0.358050792423016	2.08924089787927	-4.83110285744885	3.6795093102885
tani1257	-0.586313412306572	1.99339380306279	-4.895731239226	3.17720735730199
tara1313	-0.597042291815854	1.97380044088389	-4.93832667605531	3.05083477507857
tari1256	-0.449913166311526	1.98232011905206	-4.59141820000229	3.37376458395375
tari1263	-0.0595106874221332	2.08161936912497	-4.29046556744081	4.11135479321061
tata1255	-0.309744322801117	2.00483634052445	-4.66699321213687	3.60095684718922
tata1257	0.232739503589645	1.79623855646467	-3.36541101310111	3.77146413237266
tata1258	-1.40919971540616	1.77010145651626	-5.35077937938845	1.62125440086626
taul1251	-0.7501398688935	1.94055772776392	-5.08789875297523	2.80074689891099
taus1251	-0.339088555460721	1.89463724063634	-4.48733687796182	3.18322235406681
taus1253	-0.348076326419223	2.06174645342296	-4.80257723324898	3.61549519545503
tawa1286	-0.0908425678503781	2.10363990223208	-4.56644205724008	4.09664970163358
taya1257	-0.0346137813905183	2.11506271560128	-4.42448459496644	4.07135934193551
tbol1240	0.987937616689456	1.63029191118808	-2.17067126546972	4.33047177911004
tean1237	-0.79046311612945	1.90459068576025	-5.05648620718427	2.60284562849492
teda1241	-0.0523918766685244	2.12650227283602	-4.46003753000315	4.26069599317093
tedi1235	-0.519831435903638	2.00574834072904	-4.66674176814395	3.18349654097948
tega1236	-0.190786789859897	2.07026219662897	-4.4084824334456	4.01136702946817
teke1275	-0.00682774086483346	2.17579150502063	-4.38065932869107	4.37984034008944
tekt1235	3.21981258108104	1.7776357874084	-0.0125699728121879	6.91492892880296
telu1262	-0.183980984482247	2.06245099569241	-4.44690083392578	3.89611548830435
temb1272	-0.0850395630138224	2.16053751938117	-4.48369805688263	4.36223994156049
temi1246	-0.310127521622292	2.05255434573491	-4.59573963202493	3.69077806617716
temp1235	2.16030624485264	1.89901789346433	-1.10303401931345	6.18188405834972
tene1248	-0.224146856794249	2.01562453835959	-4.48072508114868	3.62895685342129
tenn1246	-0.131412399770477	2.09139704302934	-4.42942591366489	3.98806015120813
teop1238	-0.709865509428965	1.91196883933613	-4.89487229311957	2.74944582922596
tera1251	-0.288713361208518	2.02629320902431	-4.60860468710664	3.65939461388129
tere1279	2.28901773632358	2.02157514320233	-1.06686055673082	6.7569018884027
teri1250	-0.558315181659419	1.9879716194867	-4.81145699833627	3.18127592494973
term1237	-0.38918872965314	2.00634643693787	-4.70416571814039	3.39769221898013
tern1247	-0.261740608902533	2.03906976302986	-4.60504863801921	3.76709221977862
tete1251	-0.77547587764664	1.83022496846112	-4.76009886403283	2.64562584553993
tezo1238	-1.55614801564926	1.80404780229467	-5.49723677935961	1.59059464971905
thad1238	-0.593274172982034	1.9456328859427	-4.73215139496748	3.09036978400626
thak1245	-0.470440235442326	1.95942913326253	-4.58590698656334	3.15712728823564
than1259	-0.329373963424029	1.99125364489398	-4.51137913127788	3.5696825868539
thao1240	1.54600340553395	1.68030017157169	-1.39570174458559	5.27762746096862
thul1246	0.618533943267786	1.76552027310421	-2.88218272108484	4.16166577654004
tibe1272	0.0867327463442826	1.9975916164341	-4.10540682862547	4.03454658046959
tief1242	-0.190392801144784	2.0709803577771	-4.66820187137405	3.96619462441572
tief1244	-0.185168217676212	2.08629753317128	-4.64153798147589	3.92035543062882
tien1242	-0.0341394127049859	2.15127637869318	-4.4458149151864	4.27845719848496
tiga1245	-0.762206601449707	1.93117179526977	-5.00361955241259	2.74409869043862
tigo1236	-0.200985774777219	2.03489002202078	-4.47270285465596	3.87826399091691
tika1246	-0.156667299043097	2.14169263596138	-4.59191530043571	4.1621882368518
tiko1237	-0.557346623343078	2.03259241862891	-5.05934007258913	3.31555420011462
tilu1238	-0.0828178962889684	1.81195170320764	-3.87784786022647	3.33086128054346
timn1235	-0.0670300300827279	2.10332102168912	-4.42706521885772	4.19335636177986
tina1248	3.61277254948135	1.8462567567576	0.128007357490124	7.5543178687054
tira1254	-0.2424624479768	1.97226295737303	-4.32943517048502	3.63642586440655
tiri1258	0.068556327271533	1.7833735294665	-3.66562793497748	3.49992981414005
tita1241	-0.584562486904838	1.93766040674193	-4.75963226097804	2.98783876571642
tivv1240	-0.200976537100772	2.0811814209482	-4.52613843956971	3.84795895261521
toab1237	-0.957504883627442	1.88852677018346	-5.11645621241739	2.37333181397395
toar1246	-0.899430813847644	1.94762481133394	-5.22038573890769	2.5596387234447
toba1268	0.353801000919039	1.9896113483883	-3.52498390888759	4.35578782264057
tobe1252	-0.292813810265053	2.0680546273902	-4.60476621460477	3.65069361452694
toda1252	-0.362994489930181	1.95598345642546	-4.66213666755506	3.32379216738828
toho1245	-0.283483060479162	2.06336342557012	-4.6936513553505	3.73321763309153
tojo1241	2.87409597436084	1.83776774641273	-0.248644572080223	6.84545961568275
toke1240	-0.273934123272003	2.00861917101242	-4.52308418590093	3.31737197987096
toll1241	0.293565504423604	1.99172270164326	-3.73046515295161	4.21234551730003
tolo1255	-1.24521248732336	1.87379674853462	-5.39872010775595	2.01863659701238
toma1245	-0.101193031914569	2.13615842518452	-4.52156508598915	4.14557484060922
tomm1242	-0.2721628217101	2.09377738980361	-4.71913625849266	3.71448052212297
tond1249	-0.241623377124476	2.09360593744993	-4.60764896166906	3.8698358622434
tong1308	-0.276983463839781	2.05509564012391	-4.71461561864052	3.70744027419866
tong1318	-0.031773420040458	2.19944883908331	-4.57901914548939	4.34252124287138
tong1325	-0.262073919998016	1.95851181340427	-4.43243066504586	3.41950304468701
tora1259	-0.659550495422219	1.9710456224594	-5.0105378468813	2.84783015258937
tosk1239	-0.196750633355568	2.11096672841324	-4.7026235894328	3.87679188242782
toto1302	1.92100057831698	1.89620605131202	-1.40208604551875	5.94805422057929
touo1238	-0.851093078592716	1.87497517473164	-5.01552740871035	2.58826005553556
trin1274	-0.447253592319233	1.8866792828203	-4.43128437064067	3.17028372305194
trio1238	-0.171572680888566	2.04803529265402	-4.5782764727852	3.77228581600549
trum1247	-0.336303773292497	2.08174647692405	-4.62773063705349	3.74610692168258
tsam1247	-0.38931572934731	1.99242377644584	-4.66228121266823	3.41533584358972
tsat1238	-0.168735960846002	2.05993593708275	-4.48537172682322	3.7006089062082
tsha1245	-0.242592431189925	2.014887553627	-4.38089120096175	3.66255486727205
tsis1238	-0.0964611038751048	2.09151577000962	-4.53323911203655	4.13162235257458
tsix1234	-0.0637277251216213	2.08791550442643	-4.38728981512366	4.10202310283887
tsog1243	-0.0503128848544864	2.10393455058387	-4.38776295760308	4.14567576173226
tson1249	-0.0239759321531912	2.14332920907552	-4.3742876461382	4.31844905642523
tswa1253	-0.06433715135367	2.10303072098882	-4.55908486252548	4.28053061153109
tswa1255	-0.0313689015881133	2.15884347038926	-4.41397809694124	4.36428581457034
tuba1278	-0.581534509315741	1.87958390014557	-4.71810658538403	2.88119995713088
tuca1252	-0.583098476658043	1.87913560311746	-4.61837104928349	2.93158459674162
tuge1241	3.21071081818203	2.45898835272895	-0.562691687867259	8.72281436853739
tugu1245	-0.472821970683236	2.04134066585272	-4.90479633705325	3.44222103301813
tuka1248	-0.426620426732789	1.96987656443449	-4.67825568879188	3.23234640758442
tuki1240	-0.142866393610724	2.11756189766094	-4.48353681829333	4.0083503732875
tula1252	-0.300536371506594	2.09000757029332	-4.63630293633766	3.76921475842659
tulu1258	-0.255071678471442	2.05531229450675	-4.70278328765922	3.72646463287637
tune1261	-0.184075860331149	2.1514902958843	-4.57942766841809	4.07106031477292
tung1290	-0.542626843335767	2.05745486382932	-4.85708810515122	3.32155734031862
tunn1238	-0.0833452074812625	2.15739202987151	-4.47572387772171	4.29142139174415
turk1303	-0.150311910891492	2.04449376737983	-4.37392566950162	3.89882719217035
turk1304	-0.106155029296459	2.03289459088051	-4.31220782675474	3.85960555282234
turk1308	-0.159068082111945	2.04118274249531	-4.40974916918176	3.84624942064422
tusc1257	-0.200885723394427	1.9977106214336	-4.34419746713947	3.6157032626033
tutu1241	-1.542993732582	1.75161940407994	-5.48082427545703	1.47091443186778
tuva1244	-0.118712084717167	2.09547817252639	-4.39652147963308	4.01688869916821
tuwa1243	2.49532353417144	1.29515595036138	-0.000667351471885837	5.19223130694285
tuwu1238	-0.152336085892031	2.00068204016875	-4.35832314271927	3.71085970147075
udih1248	-0.161604967922056	2.13749839442728	-4.5522279152141	3.85242425814359
udii1243	-0.110059910875043	1.88772073009795	-4.03596361030963	3.60586662726224
uduk1239	-0.29862981789548	2.05655235266004	-4.70868251870934	3.64992841215234
ughe1237	-0.880264253770774	1.84406209882901	-4.98325533962757	2.47289088006733
ugon1239	-0.0824460148376267	2.11512894329845	-4.54054486323714	4.11945840719459
ukra1253	-0.0706537876498512	2.13401360112378	-4.54868336640894	4.11754024866304
ulch1241	-0.184153943595145	2.07737887333427	-4.56798508824818	3.85735648782674
ulit1238	0.616133542957993	1.82759088673076	-3.13595104859402	4.23080685332373
ulwa1239	-0.459352859622795	2.06557703418462	-4.79178117710629	3.42721150879082
umaa1242	2.71798664247055	2.14910953773926	-0.800955687725666	7.40913235406691
umbu1257	-0.0128769730189043	2.17696314995257	-4.48724769224656	4.34757758392459
umbu1258	-0.780527621036515	1.99004996774668	-5.12863159013096	2.89801933264906
umes1235	3.15894174345268	2.22739259184656	-0.463855003991197	7.95769127335256
unua1237	-1.64112362056519	1.70546621246857	-5.4267623814695	1.21610377420426
uppe1275	1.33367421390498	1.45718105374578	-1.24549608161872	4.44036082043828
urak1238	-0.250067709828936	2.01044999838296	-4.60685803334248	3.6340489832716
urar1246	-0.293661849969066	2.02067807511703	-4.54028644733281	3.5642037480963
urav1235	-0.811098162301424	1.8803859527307	-4.88171386430016	2.69228108915036
urim1252	-0.815892134239668	1.96029939936921	-5.11054376534921	2.79637944298309
urip1239	-1.63428584245854	1.69260242537337	-5.46070100575051	1.13154520647586
utes1238	-0.208530160479889	2.07041951285243	-4.59217151834344	3.82419705277018
uuuu1243	1.77467864930832	1.8700327368528	-1.61471944432594	5.72296560028187
vano1237	-0.796612884143327	1.91367689725999	-5.00210139964298	2.58690419004502
veps1250	-0.256111241181357	2.01960181271243	-4.55888511652547	3.61046606105551
vera1241	-0.978650677906711	1.87615834859227	-5.20208975950007	2.36253138356244
viem1243	-0.147889729652	2.07612325741003	-4.48649702983689	4.0079839715468
viet1252	-0.154302744755259	2.07063586179726	-4.44085711707027	3.93242697164632
vinm1237	-1.62477869119398	1.70395720592719	-5.39947539799674	1.19622360507079
voti1245	-0.400706354258973	1.99748037591826	-4.68406794003255	3.46332562469841
vunj1238	0.0060225676288889	2.12423554249991	-4.31784735537616	4.31216791247266
vure1239	-0.981043475286611	1.87659757837492	-5.26350392298836	2.35842632586134
vwan1235	-0.0971771865608173	2.12570575820168	-4.56215724586867	4.16362473680947
wadj1254	-0.301134873117396	2.05636413520847	-4.69481165815464	3.7021534488826
wage1238	-0.248617729767989	2.12775619052334	-4.59826501198638	3.82461501917827
waig1244	-0.330241823277977	2.03474835990605	-4.7108569302377	3.57447149179976
waim1251	-0.807826547117905	1.91585317827197	-5.04761335909027	2.70462745204176
waim1252	-0.481739502150486	1.99191043207877	-4.7509074590818	3.3222757297431
waim1253	-0.128328827296907	2.05109616532474	-4.32045548404553	3.93842846674857
waiw1244	-0.174399328699899	2.05260439028769	-4.55256813887017	3.92745101917505
waja1257	-0.130988075484976	2.09390323351851	-4.51614614628027	4.05919827032868
waka1274	-0.0668673535963752	2.06064038205068	-4.31634760601235	4.10601796351984
wala1266	-1.04288800650024	1.80420912508336	-5.00404725353349	2.11235598303821
wall1257	-0.129804406363935	2.05166740195969	-4.4453891699725	3.96381677141794
wamb1257	-0.0534088594251844	1.82470605894204	-3.81808637915862	3.44465832909577
wand1267	-0.57445160879614	2.06421447158999	-4.98515827112392	3.34790453363089
wand1278	-0.428291343594422	1.99996013535471	-4.57381460610738	3.56519362068558
wann1242	-0.098335825771567	2.09993181899398	-4.30635570021478	4.05630518095578
waor1240	-0.362238129881939	2.06712789207154	-4.84629874228182	3.55284443676864
wara1294	0.683149557909709	1.91287475782738	-2.995643218002	4.57663658898865
wara1300	2.27692846552693	1.84825196839552	-0.982445258037492	6.07003198631489
wara1303	-0.124196965067824	2.05603763153482	-4.38182845113708	3.90172956480396
ward1246	-0.157981232282096	2.08149098250343	-4.46990478561248	3.89080782044357
ware1253	-0.447519581718711	1.95457064109558	-4.58334010535038	3.32531085834896
ware1255	-0.329089641012077	2.04101525202937	-4.67766959611661	3.64036170802453
wari1268	2.29201195364635	1.96530401248062	-0.987682815399261	6.65064960003903
warj1242	-0.318023356766619	2.03029813364055	-4.63819368189006	3.65253205589804
waro1242	-0.551031522134097	1.98154907982418	-4.90505484866165	3.2259267476307
waru1265	-0.0991107587348517	2.18425868933875	-4.66723395961323	4.20157288681085
wash1253	-0.456541577817112	1.95970954865408	-4.56504386271515	3.28357514574775
wawa1246	-0.151202039162294	2.17841823189246	-4.73426021087873	4.21822816821679
waya1269	-0.149043071994635	2.06610977410667	-4.585997301679	4.02729887573078
wayu1241	-0.26172929345208	1.84005513514855	-4.18706963298435	3.18247367816811
wayu1243	2.20308806666828	1.97494881290347	-1.07314441786659	6.44975929289811
wels1247	-0.107141761918929	2.05017965061322	-4.36920761391424	3.92275624519529
weri1253	-0.9329858952415	1.95309599888398	-5.17435443463516	2.61880121484878
west2354	-0.140085830953478	2.06464926308813	-4.40903631853642	3.86325496283643
west2369	-0.109123483320048	2.0632317012594	-4.266985617308	3.89583858790158
west2386	-0.172258673342665	2.07608345544014	-4.50216143416877	3.89632998860585
west2392	-0.36397999293447	2.01511121774807	-4.54967251365508	3.47847592756987
west2396	-0.315209978196635	2.01907044669658	-4.54626519414963	3.55827868325244
west2397	-0.276709686212113	2.08188729033424	-4.70525900109276	3.76540773856152
west2415	-0.504198264688118	1.91205741353826	-4.74400965494229	3.06581208790525
west2418	-0.497039483309577	1.95595561199005	-4.62752392238183	3.18542911276283
west2441	-0.0513372912101406	2.03901310911611	-4.29545138542768	3.9311807969087
west2466	-0.194090931765516	2.06348709085601	-4.58933810225959	3.84816757621296
west2516	0.396122225964846	1.77851796762458	-3.31028232487204	3.90372685704199
west2519	-0.28487707637688	2.02512285094011	-4.49853119076115	3.63566486470875
west2548	-0.30904506440309	2.04187243625787	-4.70200846931602	3.52126466659744
west2555	2.80788021189066	1.77340055237596	-0.210067686271863	6.58147439021527
west2557	0.554194696896005	1.80729008474561	-3.16101229772853	4.11026531908407
west2560	1.25748093046443	1.67428453601443	-1.8124734030079	4.76199045268483
west2564	-0.583683773848512	1.88561408789455	-4.72185756098332	2.87669653986835
west2594	-0.363282883679346	2.06618998343632	-4.83441673631695	3.66339003520057
west2600	-0.259341627244267	2.08513311091582	-4.73981130998599	3.8247665693165
west2615	-0.439529362639313	2.04969676962908	-4.81946642083504	3.46400339679937
west2618	-0.172400728544213	2.09054689700369	-4.53657676616112	3.89640718509908
west2632	-0.609898269082522	1.89404369151203	-4.77128087498133	2.96192348292654
west2635	3.02495728985491	1.67308156146804	-0.0354227208427049	6.50421570338515
west2644	-1.31075262677142	1.73462234772987	-5.12919290885889	1.75728573137755
west2650	-0.264774054790284	2.06658830016698	-4.57970271128466	3.66128102716894
west2763	-0.143097504370507	2.02617054616145	-4.4192642251674	3.8402109323859
whit1269	-0.6117559433906	1.71241193635297	-4.3531590899977	2.4637816930038
wikm1247	-0.106646050226525	2.06223104870737	-4.50395525042274	3.96858930649293
wiru1244	-0.782957876476788	1.98655297283529	-5.05405476852442	2.87471355235183
woii1237	-0.545291279570823	2.03665892330178	-5.01848291550749	3.29198114454553
wola1242	-0.354248653763353	1.99555575252557	-4.55041863693879	3.44245883074651
wola1253	0.0509723113768563	2.04857181013772	-4.14451727223343	4.18556927812147
wole1240	-0.270740651764368	1.96599641587299	-4.5340756298657	3.4700543224695
woli1241	-0.383977858587482	2.04803914668155	-4.86710566014577	3.52002097022971
wood1236	-0.203467201657249	2.05151206685595	-4.52878327013955	3.7841726455169
wotu1240	0.550758249594903	1.81339697667629	-3.02755950598309	4.25050857809117
woun1238	-0.267998082253564	2.04844824409072	-4.46814628601606	3.62201388409552
wuch1236	-0.0808984585970713	2.08510214855132	-4.51783509324628	3.95869725189809
wudi1238	0.0221073170351274	1.9631436023969	-4.0320407010201	3.8793009310689
wusa1235	-0.0785432305781101	2.02943339157405	-4.21188264384967	3.9138803527513
wutu1241	-0.235188117669552	2.07856651102696	-4.60155136596386	3.84544628563259
wuvu1239	-0.524553389872898	1.99699791363195	-4.71527135992895	3.1637815170618
xamt1239	0.65143057995448	2.05842658227795	-3.30000495267696	4.93793764313133
xara1244	0.156963739456214	1.7543128544264	-3.39414855606938	3.52798640567902
xava1240	-0.160214500696318	2.05213147052757	-4.57772436180828	3.84704054731915
xhos1239	-0.0170010846861405	2.18334262072494	-4.49011851248116	4.44833404095637
xish1235	0.162623573739314	1.95520128229624	-3.92319829255082	4.00653117090826
xokl1240	-0.102549210448745	2.0831921204352	-4.3540827423326	3.93054485889318
yaak1241	1.32946888143085	2.1081484158955	-2.48011333231786	5.92077128029144
yaey1239	0.48205194189744	1.98658322897938	-3.34040415205072	4.48343273397451
yagu1244	-0.310883486947968	2.08425442738656	-4.62507309968781	3.61539839036824
yaka1272	-0.0344555706635089	2.08796372202734	-4.35988397798125	4.09246504587815
yaka1277	-0.256622446343842	1.87104841592615	-4.27855369967601	3.28739071591398
yaki1237	0.109802005837631	1.99096139217104	-4.09159681540166	3.98572730112479
yakk1236	1.0869463207166	1.75754730332263	-2.33434817699665	4.63259916756725
yako1252	-0.100828455546564	2.10902553505227	-4.37361806474026	4.04065750303951
yaku1245	-0.0927063981516136	2.06875561477912	-4.35357776267245	3.95302605950281
yale1246	-0.728210013201539	1.90065304500755	-4.79680261340065	2.84094314804893
yama1264	-0.129145909575698	2.07922908928471	-4.46090413858593	3.91234270172401
yami1254	0.756170675484555	1.75582228742806	-2.66534498922929	4.36208240489225
yami1256	-0.214149506080106	2.07238607824639	-4.602452689999	3.82737712978745
yane1238	-0.580071150371326	1.95381859641946	-4.81389312129296	2.9936914496788
yank1247	-0.0355606886374346	2.09808962869013	-4.3088567082982	4.09570871796853
yano1261	-0.207843687804871	2.02541997281144	-4.35020723026114	3.78109070999926
yano1262	-0.184662190034622	2.04449196349471	-4.45339651838807	3.79160535357299
yaoo1241	-0.00935010736495642	2.11037472890981	-4.26911462322909	4.27886701034941
yape1248	2.75807133622361	2.06539440375427	-0.680303684234224	7.21342981732024
yapu1240	-0.810576728164326	1.93566081459546	-5.09861849688375	2.72878681721788
yaqu1251	-0.251050584724322	2.06087384501418	-4.57471825316759	3.69350679961958
yare1248	-0.706616320788953	1.95277205554416	-4.92686539805579	2.97689861039348
yasa1242	-0.053960154809339	2.07748069331741	-4.29770555941323	4.10152529450422
yatz1235	-0.740210263091243	1.6665728834598	-4.37635527989087	2.306365475377
yaul1241	-0.851121685310932	1.93497411273757	-4.98348086032866	2.73247687010269
yaum1237	-1.0413847657256	1.87558576001378	-5.27184879179349	2.33598412910491
yawa1261	-0.350701390440532	1.99851852394907	-4.66821668684461	3.47807891625145
yawu1244	-0.11612595420151	2.1073331364931	-4.46940558028361	4.12708129187111
yecu1235	1.27484336445203	1.71885793333206	-1.87034163648704	4.94947079895726
yele1255	-0.256105824531227	2.08644259188891	-4.76621505018448	3.78752959671195
yems1235	-0.2089656754461	2.03736323417821	-4.39458803480864	3.71545833895052
yidi1250	-0.128133015632468	2.06696079083708	-4.54591099974686	4.00513826352361
yinc1238	-0.347242457730992	2.00669148394734	-4.57685909603215	3.48436286173511
yind1247	-0.126193543248348	2.09851685885003	-4.41607498147963	3.94797566276434
yoga1237	3.01280808407371	1.46958970626998	0.0748938582762848	6.10808441446722
yoku1256	-0.368229436241576	1.96125067053815	-4.44351983157338	3.37865865497082
yona1241	1.14357464083923	1.9051393260979	-2.54829898285609	5.11036148711113
yong1280	0.198365427487787	1.98762235662132	-3.80999414628735	4.10752723665414
yora1241	0.114299856727075	2.03602216931846	-4.17671316540382	4.21313051986372
youl1235	0.463730682310843	1.8855054887148	-3.42582767084351	4.2728730613746
youn1235	-0.223117882550315	2.05130175248507	-4.57044484398856	3.8083739479298
yuca1254	2.18187627574292	2.00375414672554	-1.04363172789	6.73328388823869
yuch1247	-0.203155422037052	1.99375205323896	-4.48881458803283	3.59912185955178
yuec1235	-0.228018305788818	2.05256831436584	-4.72208644888386	3.76267097450755
yulp1239	-0.161431955600791	2.12310361236292	-4.57844126806893	4.02537297982458
yulu1243	-0.0777274810698082	2.10428590471876	-4.44218877843093	4.08937236063059
yura1255	-0.279399666628608	2.00842299594969	-4.42495843375334	3.5721422734391
zaba1237	-0.829823562974704	1.86932941363884	-4.87040271607783	2.56048414457231
zaca1241	0.905501974155816	1.40585403502922	-1.66901232017145	3.76180872355727
zaca1242	-1.14874750266192	1.7560234938188	-5.06561165256334	2.01374363082229
zagh1240	-0.0270407772317941	2.11857076232648	-4.39947140406991	4.22917267147855
zaiw1241	-0.263092272479536	1.97808200598582	-4.43563401890339	3.56321203451579
zakh1243	-0.386437691894757	1.98720732132008	-4.52991455814363	3.45676162433741
zamb1245	-0.10646753299239	2.09769647207943	-4.37543807606822	3.9756019530354
zand1248	-0.127239581762428	2.03940173441204	-4.41843265992858	3.96728113166252
zani1235	-1.54082661392584	1.75496245406885	-5.43198524988497	1.55606511966619
zapa1253	-0.360873336927791	2.02597169876314	-4.62051267818832	3.51449015377564
zarm1239	-0.0806758121209212	2.05501954639272	-4.28607850326911	3.98050270081393
zaye1235	-0.325927730014694	2.07244167065724	-4.77000701675615	3.64805536440237
zays1235	-0.383339123599472	1.98975532190441	-4.42562199664077	3.38424881809244
zeme1240	-0.635771278488152	1.94035400591633	-4.72704708827861	2.98429543020128
zenz1235	-1.53744145230155	1.75078560355627	-5.53980921473305	1.47517561095075
zhab1238	-0.321345498446791	2.03650438872936	-4.5501809241224	3.63011563189231
zinz1238	-0.0275247589783321	2.16071078393548	-4.48977939113044	4.39433891681017
zoog1238	-0.844936584218816	1.67116012380004	-4.50374662848936	2.18552428919788
zulg1242	-0.448770809829993	1.97451936239732	-4.59974853221178	3.35263851966928
zuni1245	-0.551738909486379	1.95863031816094	-4.65177887593232	3.16231329839126
