Estimate	Est.Error	Q2.5	Q97.5
abad1241	-0.520478719147543	0.892189404779141	-2.66183863063271	0.929938423949931
abkh1244	-0.0069146134830306	0.894922262767083	-1.88244116976161	1.91461863759481
abua1245	-0.507611353124182	0.932021564412752	-2.76922543563076	0.961562874231874
abun1252	0.332438294755823	0.878350785635505	-1.1734867974222	2.47298345800551
acha1249	-0.031702043414577	0.851062753148463	-1.83581719423145	1.72628849047308
acha1250	-0.317165551078709	0.853733269219585	-2.32870556715988	1.20577191730611
achi1256	0.229088295130601	0.854598736857637	-1.38296933132206	2.23606010167578
achi1257	-0.0521910268084509	0.836256353475779	-1.89923944813963	1.73133617513698
achu1248	-0.287534651869649	0.885475132091046	-2.39701931738343	1.32232078100385
acol1236	-0.1210704609121	0.853671329694514	-2.04996190113858	1.59728089457275
adan1251	0.149631544352895	0.854227132992276	-1.51754701229111	2.12892842107592
adon1237	-0.1175828805991	0.819195703573898	-1.92676128284074	1.50533656798671
adze1240	-0.115967628158603	0.736450741022994	-1.69106545873622	1.38494517063032
afad1236	-0.0610535198666205	0.87894899136296	-2.0133231648984	1.81060784666761
afar1241	-0.0310259233064768	0.887180380654701	-1.9521596238646	1.82716056588695
aghe1239	-0.0390577373122456	0.889765059010055	-2.0246932952133	1.83158512796767
aghu1255	0.317033423235545	0.863956719198157	-1.27683622589072	2.43640777779033
agob1244	-0.0410275527012737	0.873372059991247	-1.97986260927038	1.79769981064773
agus1235	-0.0795100969042379	0.872186126875516	-1.97267782853375	1.71030377198433
aheu1239	-0.0103513181774803	0.887268502025482	-1.84915785192302	1.86577861254769
ahin1234	-0.193209685121004	0.81921922578942	-2.13675150919565	1.35335053196315
aime1238	-0.0931154650030351	0.859221149481768	-2.03024235136824	1.63483616760023
ainu1240	-0.0254528990683842	0.90071414517958	-1.94944620694973	1.87196061047451
ajab1235	-0.0116548561253221	0.884477189199042	-1.88747010362684	1.88084193830703
ajie1238	-0.2165687754176	0.813461523431091	-2.08702073114424	1.33903744904404
akei1237	-0.032997345384976	0.75212782142978	-1.63424988235417	1.57842661329152
akha1245	-0.217470937967566	0.854665681436597	-2.19805644479856	1.4334619010901
akun1241	-0.34517166265219	0.86289282721054	-2.4094810335748	1.15276077522889
alab1237	0.101931894772152	0.854164930058076	-1.64607626717725	1.99441067072057
alab1254	0.466720855626183	0.940653061577781	-1.10150985855692	2.7704068116037
alac1244	-0.368487423085444	0.818189711810286	-2.25683212515099	1.03158784146319
alag1248	-0.0757670161506836	0.888045091552597	-2.00772110943618	1.74145684269519
alba1269	-0.102410669374477	0.879478229953414	-2.10252604274862	1.61332613277916
aleu1260	-0.0866181660288592	0.865856390346339	-2.03687705990071	1.62607119474308
alor1247	0.105530597057399	0.842835440436432	-1.62364829899097	2.01218336055114
aluk1238	0.439821290549666	0.910276487695499	-1.0910128292874	2.66175107124129
amah1246	0.393577487202064	0.870727867592421	-1.11228324098775	2.43438681564421
amam1246	-0.283094372379658	0.794880379335077	-2.16861216606757	1.22047820179679
amap1240	-0.563112712844424	0.924950317048017	-2.79534335297291	0.88194939458357
amar1272	0.874002973249692	0.930133483309431	-0.434356247196961	3.01775211307782
amar1274	-0.102393271769904	0.844446254356715	-1.9960431185848	1.56795118483062
amas1236	-0.0567150518842204	0.893849368310831	-2.05001080823645	1.7311645073265
amdo1237	-0.00379567753251354	0.869974977976059	-1.84624583175988	1.92991337883356
amii1238	0.177476467696606	0.859926148693523	-1.53666133955236	2.11729402484166
amis1246	-0.182956446155755	0.868362690350329	-2.20034612495047	1.48930895907585
amri1238	-0.0343091775273527	0.815648083881047	-1.79086009540822	1.64707832952426
anei1239	0.198485364417903	0.806522696810272	-1.32599065253279	2.08480074279892
anfi1235	-0.0375056991020283	0.851607208973763	-1.96477880271973	1.72872484370001
anga1288	0.623474875975835	0.84936299915152	-0.696297063329186	2.61526770336297
ango1257	-0.107482759702432	0.853251983947992	-2.04215531218359	1.55847211092693
anuf1239	-0.00872009731950344	0.860495942144788	-1.8280891017412	1.81401914249627
anuu1241	-0.207866305753239	0.883394703604581	-2.21292073421065	1.49762747824622
aona1235	0.556111792187192	0.856874498773098	-0.78710903949142	2.58651636965866
aoua1234	-0.0375257267805875	0.86016174913863	-1.92477680942558	1.77100086891324
apat1240	0.219314846092476	0.83098892393935	-1.34494447752036	2.12201993257552
apin1244	0.132682244257195	0.845902998627663	-1.56079130454261	2.04406799357948
apma1240	0.0247915107516087	0.73796055731059	-1.57371901517105	1.54260477455295
apur1254	0.0947095458397927	0.81735695418618	-1.56402851145957	1.92029608854953
arak1252	-0.0263078335296645	0.74612101808661	-1.58528836623352	1.53492605179452
arao1248	0.0293282282247768	0.847893066785233	-1.71098787991918	1.81830312919295
arap1274	-0.141056362413189	0.840505981732775	-2.06125859187536	1.55020456434192
araw1273	0.309672288050933	0.865238014128203	-1.21240242150044	2.33221620709976
arbo1245	-0.0692441256344883	0.8595741665171	-1.9276581054101	1.67886092446938
area1240	-0.203882882083374	0.848271926296033	-2.07446889159647	1.38974221239844
aree1239	-0.292273235023315	0.835908136190772	-2.22975400597675	1.25936695824199
argo1244	-0.00337034169661754	0.903397031044591	-1.97056219357949	1.88020749023666
arop1242	-0.545887069126218	0.928323599832359	-2.73868462172427	0.98596655119066
arop1243	-0.0102319952246334	0.76977671433585	-1.67458388427959	1.64374199872912
aros1241	-0.186082473337556	0.853723756534353	-2.13183867624191	1.42190998002148
arta1239	-0.184115045431035	0.832265496403383	-2.08049412202804	1.40194298078018
ashe1272	0.237030312468643	0.823943843742877	-1.33722491704412	2.14682687270098
assi1247	0.140306403881709	0.842653079725815	-1.55995691213224	2.04170535981432
asur1254	-0.0275201002169012	0.89315205698382	-1.95832986558425	1.80223343491749
atam1240	-0.117616279055735	0.86992347026542	-2.03367557604725	1.61137273057138
atay1247	-0.189147736793909	0.833558317698753	-2.07037257655355	1.43271228532742
athp1241	0.569022012961826	0.888139959376544	-0.83719616663463	2.72514607990155
aton1241	-0.0734127189111742	0.85112513125784	-1.94751643225478	1.69828022023995
aulu1238	0.320233204058599	0.70556140487517	-0.935523934778102	1.91180114405348
auuu1241	-0.615387319880543	0.950241098987146	-2.93316680044611	0.845841472555696
auye1238	-0.0631164058789394	0.831030896517945	-1.89210799048303	1.60800976304521
avac1239	-0.237237988408798	0.848388211112506	-2.13442066437482	1.34560061627942
avok1242	-0.171726423502766	0.838789850205154	-2.0875778094557	1.53131091783873
awad1243	0.129065625618427	0.863600690605667	-1.5620624733222	2.0641833447488
awad1244	-0.0726945819714187	0.74804502015757	-1.69616729186917	1.49307165128463
awap1236	-0.10085318578255	0.778562589314936	-1.79578285587933	1.49557171937513
awar1248	-0.122693795378518	0.734528880158323	-1.7432608182579	1.36592464386541
awar1249	0.0655107457228192	0.795912557949233	-1.50850809365959	1.77176300223029
awet1244	-0.035914099575685	0.738906920992384	-1.57541525007751	1.4900556290118
awji1241	-0.00638324070473417	0.890183772596389	-1.94610262270377	1.93850594707444
awtu1239	-0.616652576812847	0.938421092454619	-2.86548475841274	0.819004085389342
axam1237	0.390597960585129	0.729299861450648	-0.871808057830528	2.09389849377317
axiy1235	-0.120247038352689	0.874863684359907	-2.06518180081854	1.66403005480336
ayac1239	-0.0457362140945784	0.868686984604009	-1.98156958642632	1.73391869907083
ayiw1239	-0.0188314742175774	0.837078110689647	-1.81944530032726	1.7521638568799
baba1264	-0.0126773568070831	0.895646264068393	-1.92914517525098	1.88603690756112
baba1266	-0.00468526165764839	0.895780369991304	-1.91338322406616	1.8757808174736
babi1235	0.239846868768613	0.821811101527043	-1.33323307772977	2.17949965803482
bada1257	0.380686257604071	0.89212161701816	-1.17322358666861	2.55828650781532
bafa1247	0.0699425463976721	0.859616371382187	-1.69467123213303	1.96949207446315
bafi1243	0.178819524724412	0.870529729234636	-1.51646244021995	2.27074460666506
bafu1246	-0.0199663394448385	0.892984089698192	-1.94103728274733	1.83510981836919
baga1273	-0.015044562186516	0.880007771734977	-1.98694310918053	1.84178102182975
bahi1252	-0.195503047494441	0.754970628000577	-1.91447172394978	1.27587648526256
bahn1262	-0.0274480374203969	0.907232099265418	-2.0155279492724	1.86907377218369
baik1238	-0.016911061114701	0.878199015635898	-1.9294346906899	1.85732142338945
baim1244	0.0903055325496944	0.868224772494544	-1.72193113088403	2.03713309130624
baki1244	0.490321854973296	0.761850225801608	-0.753001147655261	2.27922768435173
bala1311	-0.0713218170794575	0.865209380292581	-1.90888826586407	1.76471801774082
bala1315	-0.0649766054260062	0.878772692732496	-2.02919347062101	1.7849778876875
bala1316	-0.167093133399849	0.802386489604682	-1.99365043295414	1.42109843006666
bali1278	-0.027541851804967	0.863434605525868	-1.95465797448878	1.70298778597428
balo1261	-0.00747465365298916	0.897688402068246	-1.93094428805628	1.92279076434371
balu1257	-0.128547812611287	0.811168454253396	-1.97156505672919	1.48729620555648
bamu1253	0.0500473514783955	0.864859252670522	-1.82123250142977	1.91934614934327
band1344	-0.0513034883404095	0.883122024528625	-1.97571640482575	1.79760944217274
bang1369	-0.00791485245902864	0.862615200524609	-1.8741700637631	1.84878766298626
bant1281	0.363890655294238	0.803857200871292	-1.07514533092904	2.24389034079789
bara1357	-0.249365303142095	0.82481252461161	-2.11995423652307	1.31419012433957
bara1369	-0.0174149035769607	0.912031600549292	-1.97001843266245	1.84375506161539
bare1276	0.254568147060166	0.798126295882009	-1.23403919382191	2.11142664836955
barg1252	0.208965615111052	0.751587207394879	-1.2150353167706	1.90410628946604
bari1286	0.867902945428526	0.928386042132243	-0.440416944416585	2.98586825382949
baro1253	0.380776254840182	0.789195813158827	-1.01201856411564	2.23578888052409
bash1264	-0.0202321417878494	0.885932632902647	-1.87462028101007	1.84740632964193
basq1248	-0.0216797595920916	0.900699203268041	-1.9891941159781	1.89554311577932
bata1285	0.059096990603362	0.858194937255095	-1.7081496979356	1.91033518341508
baur1253	-0.000831973108649611	0.814406157229507	-1.79577498297148	1.71228044005144
bawm1236	-0.175312357377872	0.837746342840358	-2.12833070103527	1.40970742081065
bayb1234	-0.0476310692430323	0.848632061660651	-1.87610925145849	1.70283895371506
bebe1248	0.118891745754598	0.86232628411191	-1.59841999735542	2.01418135416502
beem1239	-0.0137505827845617	0.897794806139062	-1.92403094183553	1.90574678606923
beka1241	-0.0532785446422794	0.866727536002012	-1.89120160623971	1.77752649834816
bekw1241	-0.0339143519720012	0.901880889736174	-1.91798384617365	1.82503936151461
bekw1242	0.0330991140522738	0.888444161562636	-1.83397592449601	1.92748767214448
bela1254	-0.00617706003231907	0.891252422736164	-1.9250470399609	1.85781322654165
belh1239	0.559630519940427	0.881312650005139	-0.840455612870957	2.67693767762312
bell1243	-0.0201484667869576	0.886226971086392	-1.97523087251042	1.84070298788623
beng1282	0.0505731507041672	0.849581128249357	-1.79205393309872	1.90543200520247
bert1248	-0.0677374479329455	0.869743257135369	-1.95300332983885	1.74669860762981
bhoj1244	-0.110476182904452	0.868124114480374	-2.05681647448902	1.68601243692212
biaf1240	-0.0217743068938653	0.891376795195891	-1.88212715727825	1.86828229572372
bian1252	-0.0968543485856778	0.737834918376379	-1.71609931724091	1.4424287102218
biao1253	-0.0454347946894645	0.885726569259293	-1.99666771402611	1.77617408611234
biao1254	-0.0276250793565645	0.876352353404631	-1.94507504000856	1.85769410560753
biao1256	-0.0219923832790167	0.92627811130759	-2.04808301330493	1.90495829244603
bier1244	0.46947885063366	0.753261232766349	-0.749647039746316	2.19313870847207
bign1238	0.212766892348425	0.723522874774698	-1.13769658658213	1.84793116537167
biha1246	-0.057328950488949	0.891507770258601	-2.0641075381036	1.76523661846329
bila1255	0.282890192640499	0.873708704580512	-1.31708323506788	2.41030785456389
bilb1241	0.0976705686909424	0.724027515797958	-1.34693327420682	1.71614692696512
bimi1240	-0.38271549701529	0.874037333421095	-2.50577419499777	1.19521496241334
bina1277	-0.357512756164247	0.849444151988915	-2.32801240676473	1.15351789796601
bini1246	-0.0205352596011968	0.89568903637406	-1.96566699922929	1.86076108456282
bisu1244	-0.182066609069551	0.860078993336888	-2.08947919247956	1.49718215399001
biwa1243	-0.293717359848046	0.866820308189447	-2.30022806727833	1.2903460070094
blab1237	0.148686815416297	0.791187440334066	-1.36831329447383	1.91545988391798
blan1242	-0.15592940442053	0.85346130960613	-2.13508103112593	1.51598963060391
bobo1255	-0.0881709072117561	0.858387701138908	-2.01418878748028	1.68788780923698
bodo1269	0.111444016904627	0.833135673427553	-1.59524062279526	1.93761490972425
boht1238	-0.0396000235891079	0.892020264720267	-1.97154315767178	1.90056492911112
bola1250	0.85712518166234	0.941447557633972	-0.466110375348957	3.09293812221199
boly1239	-0.0612851744631039	0.894587877064061	-2.01512049418789	1.80087825390004
bomb1262	-0.0308293395803113	0.887165693934788	-1.99041338399341	1.81716937364867
bomk1234	-0.0280354964618346	0.876503762060525	-1.9037306361834	1.83087883726328
bona1250	-0.02443325908983	0.868944640029228	-1.90901095158236	1.79579869221184
bond1247	-0.0339689893472334	0.882116985383495	-1.88187102632329	1.82184891671829
bong1289	-0.0974665792542333	0.865880321932543	-2.09217161481961	1.67199876929054
bora1263	0.0684168105797614	0.836280148847492	-1.67768917948972	1.86945477356417
bori1243	0.14830230589897	0.82392368840003	-1.51034358640132	1.93267467540543
boro1277	-0.0388318126172266	0.839575801449117	-1.87780338664446	1.72788329781094
boro1282	0.232571337552249	0.862868471441608	-1.36797694889029	2.27069247285468
boto1242	-0.111666240670124	0.859528872682596	-2.06554060678922	1.64958002846362
boun1243	-0.0147565832685917	0.898453157852098	-1.9926531519542	1.87889252146998
boun1245	-0.23365180485421	0.810317406489769	-2.10260014840408	1.2566584511085
bret1244	0.00682494997317149	0.882991484420013	-1.86327699270052	1.91581592508653
bube1242	0.0481301432065278	0.883550244753336	-1.81282389032424	2.03759615422003
bubi1250	-0.0162567003102515	0.856198412078885	-1.85799835952879	1.8200491989006
budu1265	-0.0295181482316351	0.898889339481429	-1.99398808290549	1.91276834322883
budz1238	-0.0116235233537804	0.889747973623212	-1.92759627300147	1.91265230103211
buga1247	-0.0562502079076938	0.858330198839679	-1.92523061694491	1.70546375545114
buga1250	-0.0210919597074907	0.742323515787817	-1.62149425442544	1.50840841353236
bugh1239	0.113314110937067	0.81363075905168	-1.45996633169474	1.93297311559502
bugi1244	-0.0608559333233313	0.858431627337109	-1.97036571154176	1.69737293180747
buhu1237	-0.155575729040236	0.825956127177039	-1.96681874126325	1.53475702079849
bujh1238	-0.127311504039904	0.83231362407026	-1.97762896893132	1.57109406697797
bulo1242	-0.0270662228000572	0.885265232098836	-1.89551079137762	1.86824043850601
bulu1251	0.707129193945116	1.07955638191472	-0.834863802316099	3.46507800418214
bumt1240	-0.0484761680899388	0.86887916738933	-1.92489327308623	1.74173275136007
bund1253	0.0032987361495842	0.87817432567175	-1.83095049819703	1.90490145458668
bura1292	-0.0865800094246903	0.860419308651636	-1.9833399355959	1.73897333742011
bure1242	-0.0585481832223181	0.879515976045036	-1.96758822610002	1.76344506290196
burj1242	-0.0368353261390038	0.855568761834737	-1.8334662439713	1.75619692644227
burm1264	0.33287722395005	0.835271340791591	-1.16815627971336	2.31594357521219
buru1320	-0.0696686079915312	0.887672950834759	-1.99177712497592	1.80007549607276
busa1253	-0.0179681684865334	0.869940074402739	-1.88392984115353	1.86475800077729
buwa1243	-0.0860109088432908	0.871945430894877	-2.06824190753364	1.64028002755573
bwai1242	-0.233204694284018	0.81814263104554	-2.09247596013912	1.33085804493969
bwat1240	-0.207496847148608	0.819519373242013	-2.04857373867287	1.40388030004567
byan1241	-0.0238408766447645	0.866782550711504	-1.88339918884054	1.78599818600349
caac1237	-0.180290095525238	0.80054179004823	-1.98648945794315	1.39915537680803
cacu1241	-0.242062699712409	0.855329093942708	-2.23488054317453	1.35980872949948
cahu1264	0.409528691904131	0.882796013291422	-1.09943125316406	2.59340809815558
cakf1236	-0.0773645514484519	0.867236487943275	-1.93829325698396	1.66874044155182
cald1236	-0.193016385339889	0.879875730878032	-2.25808639891758	1.52905546871144
caml1239	0.0568202454900538	0.750456113733835	-1.52226872584646	1.69903297655505
camp1261	-0.00432830798537485	0.858206676732702	-1.81619017006064	1.80401157965276
cane1242	0.1252952006112	0.8516342728924	-1.61182846663493	2.04457167403114
caom1238	-0.0229605305886	0.880680309160279	-1.9231174596683	1.80788642682778
capa1241	-0.362312366511625	0.876525102089644	-2.40655091993731	1.14818948466256
carn1240	-0.0110664124961117	0.869411277542959	-1.87055881639239	1.84490432724195
caro1242	-0.0301726245266249	0.873183014213636	-1.9504410488467	1.77289714523148
cash1251	-0.182596804350421	0.824993222226884	-2.01185667376384	1.4023875473824
cayu1262	-0.178631338971442	0.816270933444849	-2.03872008218478	1.40682801958084
cemu1238	-0.201189286750978	0.806414602199974	-2.02743361975924	1.40210586557807
cent1989	-0.0281901617602758	0.884040026573823	-1.949004903767	1.88006426584528
cent1990	0.00923054199522512	0.869523605540638	-1.82346242948382	1.84292324399709
cent1992	-0.0413113084095692	0.889398313128207	-1.97896027323736	1.7981180786149
cent2004	0.169140799294276	0.833452820873118	-1.50489121082289	1.9836453561054
cent2050	-0.0811838485770103	0.853412324265575	-1.94007674132549	1.69115250083863
cent2058	-0.155214434148122	0.812198815378241	-1.99427460614145	1.41818050912829
cent2084	-0.157581106857838	0.866903878853467	-2.13311912595997	1.55227345834416
cent2087	-0.0941504810780059	0.905998503918375	-2.08576054465031	1.71491093592862
cent2090	-0.0332736092460601	0.868564860536307	-1.94054997344326	1.77225756061732
cent2126	-0.00655650791034735	0.902727429836881	-1.96951281970694	1.92631281884529
cent2127	-0.0531763698382048	0.892526035827534	-2.08358329932945	1.75963987173913
cent2131	-0.355363369207479	0.842967007490053	-2.28070358222131	1.13155977287374
cent2140	-0.293298668702524	0.875181880254713	-2.29411281684577	1.28724722136463
cent2142	-0.200125100959128	0.862470586895506	-2.17653461299553	1.4840339192801
cent2292	-0.192160029737952	0.852241661840232	-2.11232739978903	1.44783302391578
cent2314	-0.00881914516695924	0.885889673794747	-1.88928288918146	1.88920032781045
cent2322	-0.00753722713606081	0.889916474507306	-1.96822777334033	1.89876963141243
chac1251	0.271481701724094	0.842282187027797	-1.30504996895906	2.22180066272511
chak1270	-0.197241863240985	0.900086316532197	-2.28441107051227	1.51621755578385
chak1271	-0.0193096937067623	0.877945074497714	-1.90718503981919	1.87548366970587
chal1275	-0.0359038768431198	0.858475859507345	-1.88595310142152	1.7678059028802
cham1312	-0.040998005914137	0.88958064191861	-1.97559631278217	1.75519347855712
cham1315	0.416029952239285	0.905950987948488	-1.11627815958469	2.63546364897451
chan1313	0.507756375640449	0.849141646993515	-0.889527586780131	2.52944345225163
char1269	0.102146660318253	0.858932698152254	-1.6268088042811	2.04514994613314
chas1234	0.306292469300577	0.842002511328451	-1.18836487602485	2.25948449583168
chek1238	0.186022991443922	0.8077515930439	-1.35657322227449	2.02672781447809
chen1255	-0.0246602806708273	0.887962267925467	-1.90701935543591	1.87287975167494
chep1245	-0.265558092109814	0.837419617743191	-2.19686531479661	1.38727980136724
cher1273	0.29434678599542	0.89319715983647	-1.30277326895437	2.3118823936746
chic1270	0.199913342423652	0.890334077539861	-1.52354053692142	2.23670287445487
chil1280	0.241284833994793	0.838275337317124	-1.31209964383442	2.19812951390403
chin1286	-0.180841260646916	0.849019323416244	-2.10306778371927	1.46203304307549
chip1241	-0.201189074571156	0.867932627325288	-2.16175243507604	1.50180410206534
chip1261	-0.280194506570264	0.881685623901478	-2.32617505860943	1.35486332620405
chiq1248	0.167686204224763	0.83815751846938	-1.40324174785006	2.06577580969399
choc1276	0.18519666757902	0.875737435699448	-1.46867696522016	2.21454976891683
chon1284	-0.0138713738672098	0.879963413875128	-1.90260842474377	1.89831585832229
chot1239	0.55280490300573	0.837624928213196	-0.778474928028604	2.55933985870065
chra1242	-0.0224256189450284	0.864682232827126	-1.83608356617523	1.85473970566932
chug1252	-0.0029173798392364	0.879094984436435	-1.85111814110509	1.88119759081289
chuj1250	0.0152083585736936	0.79734631279006	-1.66250722712527	1.7047670471565
chuk1273	-0.0340942104556117	0.928359617820256	-1.99354043534728	1.93349408120624
chuu1238	-0.0378379084495686	0.88874972167996	-1.96058903015113	1.81539138448488
chuv1255	-0.0119366009444773	0.869623662673102	-1.87872176834586	1.84731450220367
chuw1238	-0.0118298816639225	0.866055226620696	-1.8292476562408	1.88970232153572
cici1237	-0.0269768581240758	0.896983667246985	-1.92050449304003	1.83975075203469
coat1243	0.244193023090876	0.80882359783567	-1.29123464795411	2.13566666559186
coca1259	-0.396895886390544	0.885421892049332	-2.56987567174217	1.1393889924799
coeu1236	-0.154875823429822	0.884122731290152	-2.17975789535775	1.62333567695424
cofa1242	-0.257440456063279	0.893856361523767	-2.34824526291015	1.39915575836585
cogu1240	0.0621103117884712	0.825339260173018	-1.60455022462801	1.87259476761288
colu1241	-0.165972160378938	0.883578182195756	-2.21430541269369	1.58380980020837
coma1245	-0.0886154990028119	0.862640340562505	-1.95658889795426	1.63213999094708
como1259	-0.128545995929748	0.851321032640796	-2.03758705648807	1.59111612810446
cori1240	-0.0361237146820637	0.890889805571787	-2.01032068295764	1.81353788790545
cosa1234	-0.197255059032128	0.868556911350897	-2.20722514751842	1.4487653560106
cota1241	-0.116678988188265	0.859554649612476	-2.14227486402319	1.51330282992245
cree1270	0.155504867641177	0.865236386112985	-1.54779446711567	2.15264191842356
crim1257	-0.0282903451675853	0.895212921145997	-1.99011492251302	1.82520891793163
crow1244	0.121967721549423	0.857765322187539	-1.58860045054556	2.08100420416567
cube1242	-0.207495638701387	0.858034570077482	-2.1753829090788	1.40691296499248
culi1244	-0.092605186313411	0.857367932907615	-2.00872098896371	1.63263427949265
cusc1236	-0.0813618980797936	0.860242591837782	-2.02672628615774	1.62742988200776
czec1258	0.00412946508257967	0.913401533669844	-1.8797517223956	2.02244507205613
daai1236	-0.1921207219551	0.842797161506021	-2.11388578487972	1.41655109612445
daas1238	-0.0590343725683915	0.864062853211221	-1.97256849746524	1.72197985025426
dagb1246	-0.0173806699989167	0.871331470251705	-1.88107137925159	1.80750352938392
dagi1241	-0.0863533096162539	0.888509625258805	-2.02451791346412	1.74973376541052
daka1243	0.235062071716258	0.693736337137739	-1.05781123108793	1.7937210321194
damp1237	-0.0763124237628969	0.86705393807932	-2.00433699221974	1.71166335106243
dand1238	-0.0827388627744221	0.887059182364974	-2.04917287313261	1.73577493948787
dani1285	-0.00657518071312992	0.884601224014847	-1.89336399683039	1.81660636307509
darl1243	-0.0158075779575002	0.897656635780064	-2.01058692860049	1.8286981022506
dawr1236	0.272862339917322	0.875098610801432	-1.30852926932742	2.34787289246738
daza1242	-0.0299937951219453	0.90006146102091	-2.03137977682243	1.85211447031552
dege1246	-0.0135584095496083	0.907190079127781	-2.00349293284827	1.90144712627934
dera1248	-0.0872035600998328	0.861568373244141	-1.95106171482103	1.64472833590235
desa1247	-0.22599985875675	0.865566986426135	-2.21993784622148	1.36857215897342
dhao1237	-0.128925958175893	0.837937632622214	-1.95426193501955	1.49701870320002
dhim1246	0.285575667006966	0.819836237551227	-1.21918699194096	2.20245372551959
dhuw1249	0.0431639883477554	0.853231118317065	-1.74570764908373	1.92436500341273
diga1241	0.1197662102737	0.832481346227521	-1.56285556736706	1.94937792803175
digo1243	-0.0232917387252544	0.880864559453195	-1.97911199284186	1.85981283381194
dima1251	0.658846809453052	0.892539385681811	-0.670952597154192	2.80096273707466
diri1252	-0.0050020696593703	0.898144775530429	-1.95229842958543	1.88188869444992
djam1255	-0.0731258608947978	0.855132826393756	-1.96377161884759	1.72449804250384
djee1236	0.363616461192005	0.904488540943686	-1.22855985932634	2.50113968483214
djeo1235	-0.262188614971349	0.823171644894222	-2.1787116538946	1.31027533140115
dobu1241	-0.0689188718940268	0.827688811660501	-1.89832146645827	1.59796068359519
doma1260	-0.00231864912410376	0.877913931025234	-1.86261334575792	1.85451953163505
domm1246	-0.0557690258326437	0.785213173209191	-1.73736984717406	1.56680432848212
doro1266	-0.555716128883291	0.902864550595453	-2.73602752264235	0.852608767691847
drun1238	0.602147769988616	0.947730586347952	-0.887399395485702	2.96147132879619
dumb1241	-0.161841763955463	0.82199161245153	-2.01819825636706	1.45357971818518
dumi1241	0.0343983612399097	0.756916539098925	-1.55465312149885	1.68372647452786
duru1236	-0.0764388920080009	0.882727505215146	-2.06317255894602	1.72896230060778
dusn1237	0.275622479169482	0.824108983220361	-1.26324978074888	2.15616875242061
dutc1256	0.00851613868775423	0.882384224512848	-1.87489056941386	1.88875597844441
dyul1238	-0.0502516865727198	0.878525716055421	-1.97301344438739	1.74999080836036
dzao1238	-0.0196595615676974	0.859577143915459	-1.8422096587073	1.78537533838527
dzon1239	0.0660252685299885	0.813521570356549	-1.67166497152172	1.87650209581933
east2328	-0.00794411447064595	0.86468755418212	-1.8494106564407	1.8094813971812
east2342	-0.114453166090211	0.883360178239766	-2.10504717195942	1.62346563536208
east2379	-0.0112470688766907	0.888418332594881	-1.88989218632396	1.81439381716575
east2443	-0.110165617064661	0.804490251365817	-1.85819716770681	1.49486906179937
east2447	-0.0486455481798609	0.856263925359304	-1.85965102115539	1.71568056511116
east2485	-0.0853904421568311	0.888737443992762	-2.10287706665265	1.75332404162092
east2516	-0.265279265744817	0.84677962007435	-2.23093165509824	1.23965441554079
east2555	-0.214368765804902	0.851798962733628	-2.20062344267724	1.42251118652459
east2556	-0.320081197815842	0.826245277718544	-2.25769314926153	1.19761405659258
east2690	-0.0186420933943012	0.899540750981571	-1.9866389005273	1.88236597500103
east2773	-0.329608049441815	0.787810593497323	-2.19900864185961	1.08161130632954
east2782	-0.00668994879458301	0.883796547335694	-1.90503865581344	1.85997275758928
eipo1242	-0.260680513177084	0.868701969133025	-2.27074195733441	1.38384990739437
ekar1243	-0.0763994292297785	0.833627818570335	-1.91136463344929	1.60515108901314
elip1238	0.252936798141961	0.882094733836624	-1.36898766978982	2.31936429855204
elna1235	-0.0127844947094396	0.764985915851625	-1.62126109312866	1.5850525057773
emae1237	0.612855435975154	0.838924635421877	-0.673389873357916	2.6154414018445
emai1241	-0.0140496314368634	0.880986592804212	-1.92055100232311	1.83121687246438
enap1235	0.213608628511023	0.867783117920475	-1.45196163283957	2.22866019300387
enuu1235	-0.165402452557316	0.867577265024744	-2.1338653309236	1.58009942216067
ersu1241	-0.08795328528686	0.877962437052415	-2.04355229523667	1.64635797393911
erzy1239	0.00373708758026531	0.830604943060271	-1.80269462658942	1.74412553108621
esee1248	0.0917512631214327	0.826322745562648	-1.59973124603506	1.92366981010397
esim1238	-0.0453336475547093	0.888531382950163	-1.98440993302624	1.77078537371071
esto1258	0.00211757499859729	0.861826443134416	-1.82605229232817	1.87250900926739
even1259	-0.0217248160729196	0.909930673448804	-1.96944905994076	1.91253974568895
even1260	-0.00958550187600891	0.868905818909034	-1.90232949719593	1.8633075634613
fait1240	0.119324761290052	0.740126660805494	-1.24837962203363	1.77481474674046
fala1243	0.0389596169117427	0.816465598452858	-1.65800001908654	1.79888356575762
fare1241	-0.0165832510548802	0.876680823866448	-1.90913265616037	1.84522489156594
faro1244	0.00219214839759855	0.878904291621851	-1.89095925212356	1.92013467402721
fass1245	-0.542939617336542	0.907514762222534	-2.70758871095069	0.948672274909095
fasu1242	-0.195926298170041	0.85591888182461	-2.12342505264152	1.45796415059208
fiji1243	0.383878839853081	0.893340451599926	-1.19198988043116	2.52902258086759
fili1244	-0.0876140094257204	0.862956817721979	-2.00534368609639	1.63463298179958
filo1235	-0.287553200514713	0.82636303322561	-2.15922534214196	1.27582753664765
finn1318	-0.00585370746940714	0.89023328873705	-1.95802499039747	1.8750784461991
fonn1241	-0.0124569369588333	0.890930104003266	-1.89116546091762	1.85287651286362
fore1265	-0.0127916824019687	0.901958193665596	-1.99568249147484	1.93921857995594
fran1266	0.137285041225024	0.855237273653333	-1.59567028115376	2.06250890761226
fuln1247	-0.125395810765748	0.893743620113835	-2.16241371986722	1.63739331124129
furr1244	-0.0268418876644775	0.905468131444341	-2.02183645938312	1.91687026805097
furu1242	-0.198619388888175	0.840480649687378	-2.13158837152924	1.40611612767495
futu1245	0.213407583368859	0.789794773184004	-1.3018623441891	1.99386600971895
fuyu1242	-0.47204217871429	0.875147317262397	-2.55871206316131	0.987587964413776
gaaa1244	-0.00630049831209109	0.892692264061064	-1.9297699366571	1.95301874271897
gaan1243	-0.0833269368003042	0.857591543320391	-1.95596075885784	1.68084073484387
gade1242	-0.0222136505487691	0.867791870930615	-1.90485104958294	1.80231894799136
gaga1249	-0.0103114779870306	0.879506894274614	-1.91541053327277	1.85262822685059
gahr1239	-0.0510281919092192	0.855526054600928	-1.8816338795423	1.73656451835524
gala1264	-0.0563355365518791	0.865507807647469	-1.94736730854273	1.75400440702158
gale1259	0.357325240913671	0.917128019427899	-1.26538570491143	2.56242017786957
gali1258	-0.0110253625504173	0.877505118962599	-1.86040015948364	1.86977382651567
gali1262	0.279422009765715	0.821631223652461	-1.2815818117441	2.16396382154231
galo1242	0.0737774507504214	0.833738860046768	-1.66407991494308	1.82880870863973
gami1243	-0.0205478788673653	0.888282864848221	-1.92530554109018	1.81359242327716
gamo1243	0.135315611169668	0.849750660869423	-1.54559923478616	2.04356783742658
gang1266	0.61227396141258	0.854536766222542	-0.710505195498633	2.61471105155487
gant1244	0.0978266591330921	0.780468722494412	-1.41815253437394	1.87282360244
gapa1238	-0.309647406221981	0.847273386198196	-2.24998381524334	1.22370350550118
garo1247	-0.0705515977178401	0.853444295579827	-1.89640841210425	1.71152447212342
gayo1244	-0.0535406100970484	0.841628745834534	-1.9055982758586	1.66062835392037
geba1237	-0.120253489800688	0.841144812539389	-2.00895564698403	1.60133671987513
gebe1237	0.181651109124568	0.837406055154665	-1.50616017801807	2.11854471109386
geda1237	0.119140694978213	0.725433242889037	-1.33144999508299	1.72734430599838
gela1263	-0.107771426876803	0.816156431009341	-1.94415754156187	1.54122458087622
ghan1242	-0.17724616665788	0.872187001884894	-2.19723770318323	1.5132751129231
ghar1239	-0.155034615330019	0.851673300128265	-2.07444091593648	1.54023198306595
gheg1238	-0.0123740139033846	0.895255338911076	-1.92933462250403	1.87752376605435
gilb1244	-0.0482818398464256	0.885882399610006	-1.97407766134188	1.74796313268953
gily1242	-0.0487150573098237	0.885374304058308	-2.00717202089116	1.82644996213185
gira1247	0.144658125660488	0.724440510456826	-1.24483133170705	1.79018411370986
glav1244	-0.0896559426466361	0.860732960309034	-2.00791140828484	1.6632504371557
gofa1235	0.183266901627756	0.854153804647119	-1.42827517455709	2.14041544176777
guah1255	0.241129305283797	0.864824842319082	-1.36621250579362	2.23245389980287
guam1248	-0.160173306293092	0.883446317523088	-2.10594836621074	1.60979754701719
guan1266	0.228166828348836	0.831060204264782	-1.33174028219388	2.18845279680444
guan1269	-0.231084205276754	0.848017393238818	-2.18986907231308	1.36316363078848
guat1253	-0.0410551166536941	0.860009117035495	-1.9229889802338	1.78150941704863
gube1234	-0.00340975989858091	0.872467618954142	-1.82481092980969	1.85394038036103
gude1246	-0.0772137443705443	0.876029033273267	-1.96748051690522	1.72732273872692
guer1241	-0.223586360417416	0.787472512306156	-1.98252405592749	1.32153535962694
guer1243	-0.319197319050009	0.833408303271624	-2.2306632782659	1.20975143088897
guhu1244	-0.305349031852634	0.815780679987051	-2.17995618273135	1.2119242564216
guiq1238	-0.00827469741553764	0.862449805493808	-1.85755175011516	1.83567650245126
guma1254	-0.0782048328655073	0.832981419419277	-1.87822336109478	1.63125735862865
gunw1252	0.24407333192397	0.876410953602396	-1.3959020416223	2.22527457113121
guny1241	-0.0267157467968195	0.879798513806918	-1.9559380885786	1.77159940591236
guru1261	-0.25269589192549	0.765442466146926	-2.0335912933312	1.2028455675945
guru1271	-0.0635473555404192	0.843017145487003	-1.92359439519789	1.65909978751578
gusi1247	-0.0257503840397632	0.885047610337663	-1.99585858388404	1.87825205698535
gwen1239	-0.0242235503453787	0.882969584125852	-1.95892848193801	1.84129306994489
gyel1242	0.218719076288191	0.882908289255185	-1.49214258478217	2.23704355140209
haaa1252	0.00155544595765539	0.861071306617847	-1.83062960183168	1.78576971316759
hadi1240	0.591875451846571	1.00218999653018	-0.937781126993864	3.06964999070651
hadz1240	-0.0692975100684719	0.89120249276033	-2.06331145326475	1.84808181519443
haka1240	-0.116812865606988	0.85542989462645	-2.06270392873451	1.59050590743167
halh1238	-0.0101035290183822	0.885988122250276	-1.9264039107591	1.86811021501354
hali1244	0.0161735400183697	0.814087599518994	-1.7169801956785	1.72263878381475
halk1245	-0.131180996679468	0.872802522728674	-2.0667585360352	1.61562808697704
hame1242	-0.0614416995687085	0.857806129603705	-1.98747087676219	1.70296231205998
hang1263	-0.546423685317134	0.936659849030292	-2.84317467524811	0.921616696523189
hani1248	-0.149007065609146	0.892280656094328	-2.15132856142259	1.64771355323201
hano1246	-0.0698827408234172	0.785577192985948	-1.76777024764185	1.53964374941896
haru1245	-0.0876863737073818	0.784738252693038	-1.75309747908063	1.50123489898977
hava1248	0.138764800472403	0.860177314141156	-1.54901894532136	2.05431291285267
hawa1245	-0.0321071361820749	0.866560598792994	-1.87490634026623	1.76876594369652
hehe1240	-0.0146211918877728	0.901008926250408	-1.91497589997753	1.92528626640064
hela1238	-0.348995640766756	0.835823708184745	-2.27087143789824	1.13548472898313
here1253	-0.00810095290401525	0.882066919378609	-1.9274710379545	1.87077015730138
hida1246	0.154314570839244	0.884495119189471	-1.62568872832198	2.20030453401658
high1276	0.272330740600893	0.795100432558277	-1.20508771118814	2.09090918785429
hind1269	-0.00774509421989308	0.875243814979241	-1.82562734342855	1.83995628566014
hixk1239	0.277025277279109	0.841994599713699	-1.26003159372771	2.25672295841534
hoaa1235	-0.0365588387839195	0.91633425753558	-2.01170501591249	1.8634711241955
hoav1238	-0.212247229659671	0.813491264101621	-2.12721033931193	1.31852235976848
hone1235	-0.0701467645346985	0.868834132310671	-1.99393614752198	1.73538415528396
honi1244	-0.161943933623954	0.872045068884639	-2.15306436378248	1.56909206510133
hopi1249	-0.330266929603732	0.867865709539465	-2.3580267457961	1.24806185522415
horp1239	0.0884638139358545	0.817844783705369	-1.57895751324201	1.9163565025782
hote1245	-0.027607505747097	0.710471951994047	-1.50477010364153	1.47356869045847
huaa1248	-0.0363014663057972	0.896962800338028	-2.01621053637412	1.86066060028569
hual1241	-0.0135911837248649	0.819192175692849	-1.75887678841473	1.74980002332286
huam1247	-0.242876543517321	0.895807118642105	-2.34857982526969	1.45728077237557
huar1255	-0.203601761924126	0.801243487069411	-2.02682165452893	1.31646995245577
huas1242	-0.401347412524057	0.897238353786585	-2.54258008985866	1.17616612867282
huic1243	-0.122319054988247	0.797440865617961	-1.86436847568592	1.43939740374879
hula1239	-0.513813158430774	0.881277192544754	-2.61674774006743	0.905412211677702
hula1244	-0.0155317585332549	0.883074849699509	-1.89145451134408	1.84970068623033
hung1274	0.000257119772946014	0.854732152162599	-1.78691460443682	1.84991040497113
hung1275	-0.00551470978878434	0.875096803182764	-1.87118665834188	1.90863653365451
hunz1247	-0.0470682170388203	0.907477359103259	-2.03513174280072	1.88850204223806
huuu1240	-0.200709690810463	0.858410051406215	-2.16245238648301	1.42288320441243
iaai1238	-0.129268005076223	0.82325200827735	-1.93229328197427	1.51695933276004
iatm1242	-0.441459402678392	0.901403560853154	-2.6259908479463	1.02321916572552
ibal1244	-0.189177168665046	0.827420416585302	-2.11000076840762	1.38630957715525
iban1264	-0.0553015187628788	0.881960024815623	-1.93746468594634	1.75959370828227
iban1267	-0.169954521274598	0.865756676762226	-2.14116784944403	1.49610022139074
ibat1238	-0.111135218916762	0.897034418564283	-2.06369738822333	1.70609465361595
icel1247	-0.00259649900006385	0.878588070261953	-1.81363605816117	1.88341175701293
idii1243	-0.020953131707897	0.843298056065563	-1.86493693062535	1.740700179927
idom1241	-0.0271139761260285	0.856086517801407	-1.84863536286702	1.80697606268862
idun1242	-0.230690835211926	0.812842812803691	-2.0969933346344	1.29744020285339
ilaa1246	0.00487093534724729	0.914525496598793	-1.95034098319948	1.94840491835259
iliu1237	0.243667763595491	0.847200233007465	-1.3156622063262	2.2565739170376
ilon1239	-0.187537705624594	0.831008381448875	-2.14068114178899	1.38111839927123
imba1240	-0.165859867309002	0.89739041868994	-2.15263475943857	1.62353625486655
ingr1248	-0.00925696213631096	0.899054831250568	-1.96798277512081	1.88386657523781
irar1238	0.560392111746604	0.888465562088024	-0.84973462969492	2.69385245866231
iris1253	0.00133682261435656	0.886366720703267	-1.8652388137402	1.87366528093501
irul1243	0.0143279351706514	0.861606104854171	-1.80570058322636	1.82492780890627
isco1239	-0.321468009221135	0.838776687181943	-2.29790476202906	1.16202792180978
isin1239	-0.195941180009897	0.821907283123159	-2.1511430960245	1.31987380076345
isir1237	0.225975373610484	0.83662638257496	-1.37033575869592	2.12030855018605
isna1241	-0.147307152654665	0.863580973237088	-2.17833877802249	1.55434680525379
isth1240	0.320128754097667	0.79507766571459	-1.12815711501442	2.22490437892295
isth1242	0.288553592624635	0.784841221375658	-1.12111982293977	2.14771341519013
ital1282	-0.00500090176208705	0.896167603114356	-1.90436565460607	1.94889991891698
iton1250	-0.0365321507090295	0.780347180353934	-1.68432415508783	1.61498940751503
itza1241	0.228302566637507	0.885201437024509	-1.46975391525034	2.28094249098763
iumi1238	-0.182184203646756	0.857863972330211	-2.1339807234924	1.51462453380114
ivat1242	-0.0749258863992398	0.857582909302289	-1.94307182028592	1.63752085280803
iwal1237	-0.0478702971581446	0.720943475740783	-1.58401453240575	1.45052078614535
iyoo1238	-0.0539754103387693	0.740519781795078	-1.62325507720457	1.46909665896839
jalk1242	-0.0515692795288295	0.894149389966023	-2.0730264872912	1.71112873593384
jama1261	0.0270702285238938	0.828730651430032	-1.72558546616511	1.83208477908716
jamb1236	-0.0300424233505243	0.857836875180787	-1.89173942797397	1.76248530535478
japh1234	0.429982790353971	0.914674537543777	-1.09342951903513	2.61435383525374
jeru1240	-0.224561395888308	0.765095462261908	-1.986748441585	1.22703747130928
jiba1237	-0.0725239244051881	0.895968003770783	-2.02636179445276	1.79125720645065
juku1254	-0.0505818841238656	0.912295101491953	-2.03195265849537	1.89097780487688
kaba1278	-0.0360067146204743	0.90445309018869	-1.99812959435769	1.90022513011663
kach1280	0.12446918481929	0.852979890455326	-1.61508691869987	2.00138600669535
kach1284	0.213296676888444	0.8797013371698	-1.51002936828486	2.2262870050959
kada1242	0.350765769106746	0.876020991232032	-1.20493786771833	2.47286839906023
kado1242	-0.199749031832811	0.831784967904651	-2.11819093679338	1.38887583815456
kagu1239	-0.0260522345860809	0.886438563822913	-1.97355288073724	1.8660995148977
kaik1246	0.17322210838826	0.852051349500561	-1.49130774708401	2.10618743092431
kaki1249	-0.306633864995555	0.855703436092474	-2.24117590080007	1.25864683297999
kala1384	-0.0182453497431875	0.898171969135469	-2.00452471282323	1.84523743712352
kala1388	-0.123518839173398	0.873514417015297	-2.11297431040592	1.60293564713922
kala1399	-0.0810122836333811	0.852094878375712	-1.91672809379496	1.61685039944817
kama1370	0.00628803822877761	0.761370180704156	-1.55680667073917	1.67554454383554
kamb1297	-0.0180453954286784	0.887951914880147	-1.91552721083254	1.80533724539316
kamb1299	-0.110892140627663	0.851933086040542	-1.94908207073071	1.62666872183152
kamm1249	-0.0503558120647827	0.869363786672397	-1.92869644524874	1.71866602400851
kamu1260	0.0673419699349635	0.867194069440619	-1.70264581175011	2.00718227041199
kana1291	0.265834242370087	0.886341358882942	-1.35071658844203	2.397644798629
kani1286	-0.0404213875346949	0.768457372617966	-1.6813045068143	1.61459074643684
kank1243	-0.18720220201642	0.835891441237679	-2.1062275075539	1.42659353636164
kapi1249	-0.0370793434639744	0.863755873120044	-1.91767614821218	1.78674921600578
kaqc1270	0.258425631766704	0.850629287496271	-1.32801504950037	2.274885554544
kara1486	0.153293612233368	0.760534605145256	-1.33030300271402	1.83418045044259
kara1487	-0.202691106496848	0.827431532137186	-2.12068619590702	1.33000654075917
karb1241	0.604337756284329	0.89528170069288	-0.785685121526151	2.73941546362157
kare1335	0.00262726990084013	0.858565374966898	-1.81926326270191	1.86337107886393
kare1338	-0.0232113539523878	0.882459849058065	-1.86507460112653	1.87052552278033
kari1306	0.0406618146992009	0.870573488131566	-1.7799813907542	1.90526653846546
kari1311	-0.276415693860345	0.879353716718535	-2.36651158263178	1.33303247378639
kark1258	-0.522272973537976	0.902289780075833	-2.69603407769995	0.87810135769756
karn1252	0.313935192187084	0.756000051093801	-1.05990676597213	2.042901384271
karo1304	0.268651178420862	0.849211629116673	-1.2900006445972	2.34076090405748
kash1277	-0.00587244395965623	0.858102774005908	-1.82868226082748	1.81076426766921
kask1239	-0.255781372346403	0.845209027849998	-2.27154094533161	1.29522899333174
katb1237	0.295397918522416	0.714066060903118	-0.965661234628087	1.95157963867803
kats1235	-0.157888663634657	0.868529570155433	-2.17225845958899	1.52287177234043
kava1241	-0.172171893449321	0.835053504330205	-2.06977452841742	1.52906701368505
kaya1315	-0.121087665587298	0.849084781808193	-2.03813519164959	1.56068412979097
keap1239	-0.490666588282599	0.88686424599048	-2.65062040888557	0.955912870662515
keda1252	-0.0224766673642153	0.824574517668552	-1.78409797799528	1.7496507454651
kele1258	-0.15800312841607	0.829131134960062	-2.02847214584872	1.43006385129434
kemb1249	-0.0730210256675071	0.839200348371625	-1.87434578006362	1.63287135929503
keme1240	-0.0446072991005947	0.902302914667475	-1.97940704526541	1.80657291012747
kens1248	-0.0164243524540989	0.883054366199084	-1.97330585930131	1.84967452998231
kenu1236	0.191321607952223	0.879629765924129	-1.52305414895116	2.20890578709292
keoo1238	-0.138493885867192	0.86014671534012	-2.0412512643799	1.52980700366853
kera1255	-0.0610460959766646	0.917483292730135	-2.08106211523244	1.8124244906603
kesa1244	0.0391960092754097	0.725093077919203	-1.42503168270362	1.62773024265888
kett1243	-0.0365795185484841	0.913595339500852	-2.00767415653625	1.8723565240567
kgal1244	-0.0112634124496481	0.864215686525742	-1.83437593661924	1.81142693561116
khak1248	-0.0129676354068	0.906701539035645	-1.98197323130697	1.92389385969405
khal1275	0.631993905163725	0.905355216791582	-0.721521740440781	2.82216363633534
kham1282	-0.0337399607203407	0.873758189466121	-1.97477598786751	1.78617906287601
khan1277	0.575200137908768	0.836416906178511	-0.741772535396735	2.5410677874154
khan1278	-0.0167807990703295	0.921125435861515	-2.02309474882276	1.9499887167331
khar1287	-0.0160739451248611	0.890420260825769	-1.93884536195652	1.87462578017558
khas1269	0.171092811257658	0.859457724284202	-1.55944284198593	2.07025509574855
khmu1256	-0.120092690711497	0.861410635419522	-2.01432044798669	1.60486251791754
kich1262	0.251559406101707	0.845654497590183	-1.32171710130064	2.20103941908963
kile1243	-0.0130704149630106	0.909895011825438	-1.95766642475111	1.91390280882377
kimm1245	-0.0583938105135554	0.864957296244212	-1.97737877041267	1.68922050203106
kinn1249	-0.0641944651682673	0.880579736491422	-1.97845984147723	1.82306356738162
kiow1266	0.19461770920059	0.842184241674937	-1.42522629076381	2.13938899722303
koda1255	0.178196408003947	0.883044251672365	-1.54797552043886	2.21769918099502
koho1244	-0.0354725501618097	0.871208450464458	-1.89933488662207	1.83740302022944
koit1244	-0.523844143246473	0.886469235150602	-2.63333868906069	0.919115598997078
koko1269	0.0829624840481073	0.796826307565808	-1.48145361857987	1.78798574422418
kola1285	-0.0355529978163824	0.848792743336041	-1.93817217441718	1.71696935343678
kolb1240	-0.047155253328364	0.899239997694035	-1.97574481198245	1.83674365198075
kolc1235	0.273785780012035	0.950810724858008	-1.48149589300979	2.48334016881815
kolu1245	-0.184839569743796	0.81757363049768	-2.00691230802265	1.41903644481929
komb1274	0.0120257330795041	0.837908624210705	-1.75931931072029	1.84773244857244
komi1268	-0.00711814977000969	0.899256902595602	-1.97995878774617	1.95107717670644
komi1270	0.68557677500028	0.913317502545451	-0.652714261116292	2.90936588389745
komo1260	0.0454438612008021	0.886745271200287	-1.78133372235485	1.99826950950371
kona1242	-0.317935550137174	0.853677078332108	-2.31648052143753	1.2813039969853
konk1267	-0.00517876769412273	0.917272326543322	-1.91610113139121	1.98065232609089
kony1248	0.517425962845674	0.879339534595923	-0.949990921551499	2.627964843611
konz1239	0.111086255634984	0.875462776700075	-1.64410839670786	2.04477185083248
koon1245	0.163800912342076	0.927851393582238	-1.70087303349093	2.26689293806511
koor1239	0.0714968915918529	0.851444295892143	-1.70373612298927	1.90604365349554
kore1280	-0.034454499970396	0.88652331851414	-1.89882815516307	1.79220874484424
kore1283	-0.180788400096106	0.86403297232145	-2.13403138138177	1.49809935206359
koro1298	-0.0116091561686199	0.877052998190296	-1.8485093565656	1.87529976387246
koro1313	0.0487378844697683	0.801175995016391	-1.57930248624835	1.73239786852338
korr1238	0.0469554749683749	0.849552853778734	-1.76909289714213	1.92264172764336
kosa1249	-0.208719599624798	0.879587610270683	-2.24365462758115	1.53368492758672
kosr1238	-0.0544637049847162	0.871546137082515	-1.97696015249113	1.69773653493272
kota1263	0.490799393196133	0.934961107388433	-0.999872558619744	2.82092310272339
koti1238	-0.010265067660844	0.854857388274777	-1.8216171586744	1.81155164780268
kova1243	0.286469647193031	0.747959237218479	-1.10708375199697	1.98888513408329
kove1237	0.981984374244372	0.978735379898308	-0.347081149131111	3.27029931299523
koya1251	-0.0666588154759723	0.870536754939506	-1.93945681054483	1.7075668085138
koys1242	-0.0342803587027428	0.876121368423514	-1.98116161521437	1.76069907286775
kuan1247	-0.0166861760804446	0.899871625507247	-1.98083613938997	1.89447594656624
kuan1248	0.305458176936072	0.797203215442129	-1.16226245080127	2.1401408009854
kuik1246	-0.0472104130571302	0.739816440798685	-1.63627185080876	1.48603163395635
kuku1273	-0.00413234133895834	0.887439181813398	-1.88814246890388	1.90026103070314
kulo1237	-0.208103388416187	0.853859187139045	-2.15227222005534	1.4498186010695
kulu1253	0.639740583364094	0.903614718876175	-0.72182628314535	2.80417779585458
kuma1276	-0.169434678257923	0.807639072684757	-2.0718276812555	1.41727561382059
kumb1268	-0.0234487186726118	0.879590074796163	-1.93488065877996	1.81365727784479
kunb1251	0.369174716509683	0.895876885850888	-1.23246918875189	2.55307013715282
kuni1267	-0.349163107701109	0.818251673217419	-2.3015564040069	1.10570775709206
kunj1245	-0.0223350402251265	0.875907430801315	-1.95848106812368	1.84834050671875
kuot1243	0.328242945847399	0.754175676176271	-1.03931886578695	2.10724967440897
kurr1243	-0.0113568712202834	0.88986316032898	-1.93549622672578	1.85989257627299
kusa1251	-0.21289885785292	0.825052031322568	-2.14158907601736	1.33821615147982
kusu1250	0.18618908102153	0.858561632177922	-1.45753062237586	2.14119804920227
kute1249	-0.274130091774878	0.849341224941115	-2.24833572336358	1.2847231251362
kuyy1240	-0.00386677418881821	0.875022880883727	-1.84692819064611	1.89360723600261
kwai1243	-0.177766532708205	0.827950162745468	-1.98971249282174	1.45835918940988
kwam1249	-0.0587444049701491	0.860942508535138	-1.89474922504088	1.75186924655542
kwam1252	0.359787607836571	0.791749317304985	-1.01660036591402	2.23433494289127
kwar1239	-0.140347917489603	0.82390211663394	-1.92217981553666	1.51748950151493
kweg1241	-0.0413001379950015	0.870573826492877	-1.9695491243084	1.73069446438217
kwin1241	0.200055957449231	0.889351860074632	-1.50405725845996	2.25663851295596
kwom1262	-0.561649230394226	0.934720857027296	-2.85547030217297	0.882513216312103
kxoe1243	-0.00916492188058727	0.89090248433041	-1.92462197833525	1.92574076291386
kyer1238	-0.300786865134139	0.842492180700376	-2.26562884839774	1.26000067990738
laal1242	-0.0287125864918272	0.86069896619949	-1.8669466936981	1.76691807375885
labe1239	0.189119645206471	0.804828885548111	-1.39435646052508	1.94744698556183
labo1244	0.378317416554549	0.744812093595802	-0.912462025164887	2.1396308320476
labu1248	-0.0734970825115587	0.706940859618499	-1.58741493359775	1.35311754028235
lafo1243	-0.0980822854777479	0.86772388413457	-2.04460929170817	1.63644031650888
lagw1237	-0.0690510864848156	0.896430242118842	-1.98811866532792	1.78718820804074
lahu1252	-0.216187469557277	0.854207658699225	-2.20966014632884	1.4391258178263
lahu1253	-0.204991220334906	0.833765671820244	-2.10508713835408	1.36731687351106
lala1268	-0.492092311865414	0.89233898214803	-2.67480884030873	1.00109184487759
lama1277	-0.137360883305785	0.828711569601668	-1.93563238655517	1.48826417454486
lamb1269	-0.0133469627575723	0.903563487432867	-1.92073667258553	1.96924310171801
lamb1272	-0.012444867570567	0.892507681221698	-1.94090269843942	1.90014444677369
lame1260	0.432130740064693	0.740294783288233	-0.806529546947903	2.12768026408974
lamo1244	0.951831639530379	0.967188111157452	-0.413061124079319	3.15964277185821
land1256	-0.0115830612806697	0.902239800917051	-1.94783087645884	1.81487512683944
lang1320	-0.0726792194146199	0.892991685035053	-2.03509993738027	1.7878037173515
lara1258	0.220876679840789	0.885067049888635	-1.52567354371457	2.27091665509524
lash1243	0.304424397868797	0.839605318214954	-1.21856310711426	2.25394204301087
latv1249	-0.0115229437794235	0.881115469009203	-1.91702447666051	1.80575411703156
lauu1247	-0.106843767209658	0.836236851189117	-1.92521973282729	1.6125704193152
lave1248	-0.00972090982055162	0.863287916694015	-1.85309878327848	1.78995212257539
lave1249	-0.0227128576699006	0.894782730146199	-1.95416035366175	1.82937859790479
lavu1241	-0.0586954402685274	0.814736668994854	-1.8277565238743	1.617515742673
lele1267	0.84464606381971	0.945910328789304	-0.485317632148582	3.12203669839535
lele1270	-0.157455907915509	0.823690655002066	-1.99799880953896	1.4478768576906
lele1276	-0.0442650730706909	0.881129131052806	-1.96766213470721	1.77168434780077
lemb1266	-0.26478935801541	0.844959547391024	-2.15244872102422	1.29018355698254
leme1238	-0.151236559690705	0.802518184096858	-1.95433979808969	1.43182185359109
lena1238	0.344986823364008	0.793615931519799	-1.0599506769574	2.14725498916192
lend1245	0.20927219548485	0.84495328265478	-1.42009195011721	2.11609154673251
leng1259	-0.202206613337034	0.830305026477516	-2.09012900773676	1.41387240221251
lepc1244	0.28947031523638	0.827721042750942	-1.25690558960977	2.18500752806303
lese1243	0.313853168250363	0.844778755515486	-1.22817700874934	2.2740401093519
leti1246	0.0927616462462331	0.788694307735376	-1.580727479029	1.80279863647285
lewo1242	0.481044187745917	0.765841280401428	-0.794235445888064	2.2815121198665
lewo1244	-0.139907722136599	0.849209033026702	-2.05421105382247	1.56276700471652
lezg1247	-0.0284183561308364	0.892093966880955	-1.95856353097461	1.88518519166617
lian1251	0.766287848614538	0.93387654993206	-0.588477971540608	3.00385445393273
lihi1237	0.444626748016675	0.854562557919912	-0.986926829193399	2.51043945061953
liji1238	-0.0422606405694729	0.887628203698342	-1.95646209589165	1.72931731620431
lill1248	-0.0136100598083584	0.837853490861224	-1.78693160069889	1.75559441983949
limo1248	-0.175882308950381	0.846126608837016	-2.07997938990515	1.45052575608526
lipo1242	-0.155055228035772	0.878005485381025	-2.1382794324542	1.60453905810662
lish1245	-0.0419210434769651	0.882512150550285	-2.00353401781198	1.7797475350025
lisu1250	0.531904081560705	0.880930946688511	-0.883952298320713	2.61357790764037
lith1251	-0.00951430633184268	0.87836250252489	-1.95923201981829	1.88375832747744
litz1237	0.239432629125549	0.709867573399766	-1.07630601637612	1.87347974282057
livv1243	-0.0164686144690124	0.866408341090708	-1.88242094332749	1.81886452159038
logo1259	-0.0861125067588072	0.859765100865272	-1.99984793310544	1.61041920414829
loka1252	-0.024323832928064	0.893879308574111	-1.89637338296356	1.87541237138984
lolo1259	-0.139665465701019	0.883500603340294	-2.12077264185122	1.633455397273
lomb1257	0.00237286896791575	0.874662552851663	-1.81941492316292	1.90318575880506
long1395	-0.21745419821896	0.832184413142346	-2.12713844405727	1.35121608859103
loni1238	-0.152958771038268	0.825413350397644	-2.03115864167244	1.43905144978149
lote1237	0.633255601953917	0.887476115243026	-0.76468496808888	2.70879581959297
loth1237	0.533585034769706	0.827768988431827	-0.832359875656594	2.54171120331322
louu1245	-0.142918859398392	0.809017092582394	-1.98703447467045	1.40909914949484
lowl1260	0.403439503450424	0.843734543330779	-1.06526484164136	2.45207479716436
lowl1265	-0.336542815894762	0.850551729658908	-2.32980752003226	1.12976928146584
luan1263	0.0540322739159533	0.796735521670046	-1.58527764425885	1.7672574451925
lubu1243	-0.183195135806988	0.85494910576048	-2.11451985900556	1.45888933938134
ludi1246	-0.0107534678167308	0.888591412276735	-1.97479312313372	1.91284048770303
lugb1240	-0.0573303715243015	0.823846345202056	-1.86665856274741	1.72642593746018
lugu1238	-0.0180853359970485	0.896625223376707	-1.96258760569565	1.85270984753698
lule1254	-0.00652387188618218	0.877613207213587	-1.84244614266084	1.83220808649066
lumb1249	-0.0153658518229857	0.893386946595951	-1.94299076548303	1.8451946146369
lumu1239	-0.0995231313074721	0.879428715232732	-2.03419387545501	1.67263084866377
luok1236	-0.0310068839966301	0.89378955249641	-1.99154737726873	1.87679113604208
lush1249	-0.164476046103601	0.857723252654651	-2.12852713487792	1.48378044245533
lush1252	-0.148996563966411	0.880617118768694	-2.19600171973554	1.61916688303345
lusi1240	0.971904180215936	0.971030125192961	-0.375846532109834	3.20229348350641
luva1239	-0.00389074887929573	0.889016078699573	-1.90500773048174	1.8854576087422
luya1241	-0.0093455899118801	0.876422321825729	-1.88130015709253	1.89733744013204
maan1238	-0.0469887415298088	0.860978032506626	-1.94183597360381	1.73415303678948
mace1250	-0.012133577405062	0.892196288405049	-1.84988986888709	1.86829300956986
macu1260	-0.202950011265839	0.84889144970391	-2.15703141050104	1.42447610579974
mada1285	0.38330038725942	0.782671674077899	-0.9735423201677	2.24340872479848
madi1260	-0.159676149691278	0.835387353496708	-2.08440878491611	1.54489377356609
maee1241	0.177587601115315	0.724192441669587	-1.18401364548197	1.81939178389497
mafe1237	-0.0857284313941502	0.756960711942769	-1.72763672338744	1.47931378004077
maga1260	-0.0260251720973859	0.921460187681864	-2.07558069515184	1.93095037282069
maib1239	0.515911025145678	0.938580817010693	-0.993318822412926	2.77000948023821
mais1250	-0.438404626690387	0.875784021935485	-2.56563579362719	1.05439803580003
mait1250	-0.0116490233491598	0.854373674335042	-1.85695758119386	1.81042587156227
maja1242	-0.0204102933110658	0.873593101398726	-1.88985976913003	1.83495216392401
makc1235	-0.0236025638001858	0.875619654389306	-1.92224234037479	1.84076997667015
makh1266	-0.00457246114025383	0.868236617002102	-1.82434344712511	1.80610840153888
mako1251	-0.0176026953238073	0.904120386532474	-2.00942369307261	1.88872765071326
maku1277	0.140235583753351	0.793461427799798	-1.46254205175415	1.91399212239387
mala1463	0.0105144980182356	0.838150079564399	-1.77082702540337	1.80773802161227
mala1464	0.0667126357022548	0.848869477513141	-1.71294942252278	1.93962837773205
mala1479	-0.0160552554993477	0.822830618699164	-1.80830093810622	1.69401411094712
male1284	0.0400042610036678	0.840055095773434	-1.76698379570322	1.84081783218488
male1289	0.762789948287416	0.882940100242105	-0.520815729292153	2.84361329565407
male1297	-0.0457864871194094	0.840893344001685	-1.87049338936691	1.69197634998133
malg1251	-0.0769808157907856	0.85436078291093	-1.94622145290763	1.66376151593393
mali1285	-0.363321854751992	0.816356822475432	-2.25964507751806	1.04844877200146
malo1243	0.0107763239192553	0.739129386973022	-1.53074527549066	1.58434850218146
malu1245	0.160096311608535	0.728785780061201	-1.24856185544699	1.7743526471371
mamb1294	-0.063371699748701	0.895045167351152	-2.05564183248179	1.7842617054555
mamb1296	-0.0127700467066126	0.903678878559811	-1.89596924097855	1.94503577511671
mamm1241	0.180047317829133	0.827513247935418	-1.41927817863808	2.01423311906496
mana1288	0.075741603584168	0.847297508412072	-1.66974272909492	1.90429218489483
mana1295	0.102671119292448	0.796211823488642	-1.50597504029602	1.85028535085028
mana1298	-0.531135612495705	0.919499074701066	-2.75780446187313	0.910250798728911
mand1415	-0.0345483630830573	0.851408742043799	-1.84542481857015	1.73307425468103
mand1440	0.326029636989418	0.787796422999698	-1.12671996104879	2.11820782035887
mang1381	-0.127397860380487	0.875411265997461	-2.15904833552587	1.62732501088664
mang1394	0.366024513137515	0.890055750915804	-1.19126196690446	2.48926849084003
mang1403	0.741386692551563	0.910392694765267	-0.603761179595674	2.93918529319391
mang1404	-0.0653339492769226	0.713705932444295	-1.59017659004723	1.39961047200276
mang1405	-0.101255249079098	0.870303984164428	-2.04940576887572	1.67536406375757
manm1238	-0.196002536801548	0.858230212733717	-2.13271336919223	1.43170871712499
mans1260	0.369083652767792	0.90751151111027	-1.23420780664222	2.54008213388009
manu1258	1.01991495952591	1.08359416138814	-0.432015391773495	3.65836903785302
maor1246	-0.0286778614669365	0.86099435302518	-1.92445304469826	1.81641017648388
mapo1242	-0.0682398993602493	0.706545045262589	-1.57483222120566	1.37359996464069
mapu1245	-0.120362146010878	0.892297825346576	-2.13402279115805	1.65724477273826
mara1378	-0.000145651686630229	0.900368733659094	-1.92119948206983	1.99161832554972
mara1379	0.694774226113367	0.893749082259224	-0.62973521967628	2.84144065986727
mara1382	-0.199725386597009	0.856482420087372	-2.18870797680236	1.4163287926162
mara1386	0.136362671012523	0.867535050658311	-1.65954634745111	2.07583334270026
mara1399	0.215682264658809	0.715431529071707	-1.11705524719812	1.86691122570883
marg1253	-0.0265375607047083	0.876255505408974	-1.91056927722865	1.8357703736375
marg1265	-0.0869762178305464	0.868624997490743	-2.03638289374174	1.68934068427169
mari1414	-0.0494971833116525	0.859617941630595	-1.9134128977772	1.68830082339204
mari1416	0.546893740153576	0.837330248109054	-0.78834044318086	2.55294420046857
mari1424	0.0675586313699828	0.860698272845464	-1.81012911444611	1.9170434815547
mari1426	-0.167153539146036	0.817644029531728	-2.06912468986501	1.40017042981483
mari1428	0.109500486019302	0.714777381901953	-1.30801794679322	1.69210114543763
mari1440	0.144852508007773	0.879529225948894	-1.59898764087157	2.11347687969275
mars1254	-0.0348594223080991	0.84693412012406	-1.90281086151326	1.69910163667207
mart1255	-0.0157708306821483	0.856025890242327	-1.80038763615436	1.785958534714
maru1249	-0.0722976166992934	0.847409875911437	-1.96489264206387	1.6617421244287
maru1252	-0.267571761017687	0.881297395816734	-2.28512075166815	1.39731271414045
masa1322	-0.0604657941532304	0.916588818393284	-2.06418083145428	1.84371343161254
masb1238	-0.0847980807979311	0.862417149696094	-1.97413852464958	1.64806764107899
mask1242	0.393105774308214	0.724939619322535	-0.835185078772874	2.09057440054463
matb1237	0.871980215382377	1.07211254833357	-0.624700571680609	3.51519356173565
mati1250	-0.128642848003621	0.877729625376482	-2.17936156611322	1.57535765249721
mato1252	-0.129172303384547	0.73455355218829	-1.7656133439351	1.30926204372559
mats1244	-0.290507159764836	0.860788493501138	-2.36117960476411	1.2742702105885
matu1259	-0.0223468123762981	0.881990538083322	-1.90009300194661	1.84812317596267
matu1261	0.197998944583871	0.746853077811873	-1.22618471353138	1.8710200698258
maun1240	0.370579945163892	0.893999303211879	-1.20864293847324	2.49459346965029
maxa1247	0.148517572630251	0.843296719852513	-1.47736760695353	2.04714877234766
mayo1261	0.242732046786427	0.87180541911854	-1.35745302808087	2.31694997387051
mayo1264	0.144518133504627	0.794942967593435	-1.43974980509649	1.92331435433243
maza1304	-0.0791558243710786	0.880007585303996	-2.04266775721593	1.77053864161119
mban1263	-0.0875903670347823	0.897369903829257	-2.06993857575906	1.77701482702503
mbar1260	-0.063282991205901	0.910079322919704	-2.05779809060856	1.84430512151806
mboc1235	0.0441263564600161	0.858311923948809	-1.70337130605834	1.87528163067691
mbul1263	0.418517988742608	0.771888398684362	-0.926116410799216	2.18356534031596
mbya1239	0.351878031702958	0.857860831296967	-1.12510190845458	2.3663713053059
meen1242	0.0163455338545647	0.875968677988309	-1.8273987695679	1.89802157527644
meke1243	-0.384133276817922	0.847448042393549	-2.37527563002191	1.13802195064406
mele1250	0.853595629719953	0.94926512347405	-0.45918018262501	3.12224149591682
melo1242	0.13578685508717	0.850582081226728	-1.56374309490386	1.99390240676843
melp1238	-0.133401488909823	0.797551236697751	-1.89222404590499	1.45397287698483
mere1242	-0.131145468357483	0.757219646030666	-1.81202158825823	1.33474297373668
meru1245	-0.038291018284059	0.859613661455992	-1.94505910880026	1.75932818030856
mesc1238	0.360422071458535	0.849619378098903	-1.12424993452048	2.40210883295325
meta1238	-0.00782051206952042	0.892041646456714	-1.90510015066112	1.90683759866826
mezo1235	-0.418036597978688	0.892110595652559	-2.51883673157932	1.11197485521592
mezq1235	-0.387325698342366	0.873205214462005	-2.46854219074255	1.07876302635465
miju1243	0.15073561587654	0.833659040739763	-1.49682366024318	2.01420172006829
mika1239	0.131486609803027	0.852152007399826	-1.60101340522563	2.01262433640053
mikm1235	-0.166492020850437	0.846095988221023	-2.10891716180524	1.45578018671475
mila1245	0.00264987704406163	0.877632026914887	-1.92316943468094	1.82963209462517
mina1276	-0.0835195088255549	0.878303574502932	-2.09956651673697	1.73612247072266
mini1251	0.315895966410526	0.798926924776944	-1.12805480823773	2.17658067788032
mini1256	-0.121815356572217	0.843406741287311	-1.96233244534324	1.55276733188292
minn1241	-0.0813710415807191	0.86943687257021	-1.97305319795794	1.68866775587278
misi1243	0.843845634448308	1.06138856563573	-0.619855490220008	3.42758404801044
mixt1426	0.460866122622739	0.866324191664236	-1.00215711138348	2.52989018118222
miya1259	-0.0269159776242207	0.901399312671369	-1.96437821985161	1.85407784457588
miya1266	-0.0597648543063574	0.883742574529796	-2.01760514814459	1.76807676227531
mlab1235	-0.0654298361128771	0.864042919124478	-1.93704047119876	1.69363231946444
moba1244	-0.0106892689463792	0.847926676947877	-1.83549370954023	1.81948244316553
moch1257	0.0987916490518254	0.820202357410056	-1.54977480748119	1.92321030495332
moco1246	0.218350018608617	0.895437774901408	-1.49483857322312	2.30166576707391
mode1248	-0.00733956981225039	0.881490403374835	-1.93279530237937	1.87579906957832
moha1258	-0.292715466852908	0.864428851213304	-2.316252874158	1.28206239293188
moii1235	0.553282847345825	0.947763289330601	-0.918954202693996	2.87843795850576
moki1238	-0.0751892284145254	0.871673093973784	-2.0086901863154	1.68006912005602
mokl1243	-0.0279265523959267	0.90448375488263	-2.01610634335633	1.89176710139707
moks1248	-0.00231982797251676	0.871957349761587	-1.81872776145221	1.83992414324365
molo1266	-0.0845689790654712	0.878952450225822	-2.03190097014781	1.74451948764143
moni1237	0.421409485464384	0.881261841527469	-1.05931910300404	2.56926744059806
mono1273	-0.0506633624098284	0.835742179640267	-1.8558463631075	1.66747217121806
mopa1243	0.237180282961232	0.892555191923349	-1.47238356663952	2.28883315859178
morm1235	-0.00519846239264113	0.850019569290975	-1.82360216477344	1.81366255394579
mose1249	-0.234739448453449	0.887423445955899	-2.25236600589117	1.47538596518683
mota1237	-0.166598485941038	0.805791864616764	-1.98854909460893	1.37643493083685
motl1237	-0.144307930020495	0.806294180692864	-1.95975481097239	1.43521078282686
motu1246	-0.540826780567493	0.892605671409874	-2.66255740945664	0.862416107639425
mouk1239	0.957512006948213	0.966343885644907	-0.394570257272801	3.15960195901355
moun1252	-0.540227930650795	0.8862899944281	-2.61632172538047	0.883000272511745
movi1243	-0.21980797517802	0.826260282228337	-2.13967974547805	1.34118324934629
moyo1238	0.578055096158128	0.849312088803902	-0.758966911162478	2.60564155427018
mpad1242	-0.051697786671656	0.865834746374189	-1.91210408471373	1.78468567451575
mpii1239	-0.0814473669118466	0.872963794386638	-1.96271497671755	1.69827315191488
mpot1240	-0.00781324586777455	0.893441180683674	-1.93062645330529	1.86013641377456
mpur1239	0.333949771837835	0.884072201416373	-1.20544416011865	2.41885091758059
mual1241	-0.0588928203416503	0.875632407003697	-1.9229569537043	1.7541981407002
mudu1239	0.317115362705398	0.865417644928002	-1.27438993941551	2.38716704183946
mudu1242	0.58538933799268	0.865627357741159	-0.799585980506167	2.61349552619374
mull1237	0.0921177043131845	0.866339813887079	-1.72850117293166	1.93555447582288
munc1235	-0.159914423148909	0.857588559131113	-2.10749329692432	1.48795036246455
mund1325	-0.0631891188187573	0.900987411965454	-1.99433227864593	1.76031858050509
mund1326	-0.174267442533829	0.847284651270858	-2.08348340974478	1.51458519291114
mund1328	-0.0418755236944238	0.892622313793053	-1.96418162467282	1.82103341842917
mund1330	0.34838570484466	0.884779056610996	-1.15763787354764	2.43455277408145
murl1244	-0.0556931701674923	0.896398648883047	-1.97978678390814	1.78440997396007
muru1266	-0.024891257097115	0.904864589260188	-2.02292807147747	1.86451672766781
muru1274	-0.185761761949627	0.862157355614135	-2.2086803815503	1.46912227203669
musa1266	0.176118503362847	0.75786901743143	-1.26352850607357	1.90792679353788
muso1238	-0.101069411704232	0.722914462287539	-1.66476315774546	1.34066887615427
muyu1244	0.702245915479413	0.975740553382708	-0.687621553856559	3.12723206047266
mwag1236	-0.065152450699925	0.869003037736497	-1.96680826062935	1.69431017527784
mwan1247	-0.0137576343710872	0.856292226350508	-1.87938207561828	1.75359261520186
mwer1248	-0.0104991126830699	0.887037511211918	-1.94315224734365	1.89089848237374
naka1262	0.606614259733806	0.863185497748027	-0.715014499772712	2.64062392184063
nali1244	0.237796635464884	0.760878603140063	-1.20770052717213	1.98473601282852
nama1268	0.493125078851057	0.802743811629236	-0.851186405722002	2.41103042960395
namb1293	0.0504558458121003	0.818364181690562	-1.61089683764395	1.81092314139962
nana1257	-0.0202420273599444	0.923327880798063	-2.04640876095232	1.8762956803081
nang1262	-0.00319260753366969	0.839722567091841	-1.80126933150169	1.77563888330327
naru1238	-0.0138430430309436	0.86400460588536	-1.89969606037253	1.86859039373718
nati1244	0.400333085725942	0.749585465034384	-0.896106268775178	2.16662728501665
natu1246	-0.0172141921751744	0.836010660091076	-1.83657723743713	1.76339710220077
naue1237	0.124413981743565	0.824137310877966	-1.49205241484369	1.95636700559151
naur1243	-0.0390514743872394	0.875312107034091	-1.89321332286288	1.80037581577703
nava1243	-0.367013636228209	0.870855033749329	-2.46040864042342	1.07657117812946
nawu1242	-0.0143272822279962	0.870692619334395	-1.89215483528413	1.82966396350161
ncan1245	-0.0357449885281655	0.899510550331555	-1.92780874602977	1.80305563102524
ndam1239	-0.0127577007376962	0.891755042273171	-1.90270721266032	1.89886457555488
ndog1248	-0.0169930123469974	0.876719992863064	-1.86489776268428	1.84999400603483
ndun1249	-0.0453491990874887	0.876478202178252	-2.01429535804631	1.78100565819167
negi1245	-0.0326944098535414	0.868479025412286	-1.911880633171	1.77094804629061
neha1247	-0.043372672275025	0.831754923624212	-1.8498683400893	1.66805424038339
nend1239	0.151684454701253	0.790035917205791	-1.38737792907495	1.9561403596639
nene1249	-0.00118151209624625	0.886200773200433	-1.84909371128757	1.90217609339697
neng1238	-0.0358890578575188	0.860880198563279	-1.92097457889488	1.76224431333819
nenn1238	0.0322975030209314	0.825205116673165	-1.70543031117416	1.79957237491923
nese1235	0.14879794384604	0.727579791466138	-1.26556415229152	1.76571395316325
newa1246	-0.340988477932384	0.833338727983583	-2.26797174190305	1.20023415852127
ngaa1240	-0.00597135049879428	0.882341410601995	-1.8937802458978	1.78812214444139
ngal1292	-0.0547032374272966	0.857110834397883	-1.93555247854184	1.68092972657742
ngan1291	0.000746668954482709	0.875270959010528	-1.84320922925979	1.90122308474689
ngar1284	0.195820052307058	0.898658731505817	-1.60315309686059	2.1857007964543
ngba1284	-0.0380527165740653	0.887020163828184	-2.01263990951613	1.79531569382789
ngba1285	-0.0447882540571011	0.848892256908829	-1.89935477622593	1.73785939317536
ngeq1245	-0.0183724329519656	0.87393966823822	-1.93973689792653	1.81875889175746
ngit1239	0.0986310544524603	0.837203681017879	-1.59206644881799	1.94474549961348
ngul1236	-0.0635164992255215	0.883573293371214	-1.99886728946944	1.78432334378134
nhan1238	-0.0115213357472764	0.888153337214168	-1.88584080948704	1.79447586826583
nhen1239	0.37022903112276	0.846563014349083	-1.04859126894485	2.37174802839354
nila1242	-0.050164231260758	0.900671138702013	-2.09994063799713	1.83482311071551
nisg1240	-0.118183163992426	0.855710722440491	-1.99026787051256	1.57700348185754
niua1240	-0.0579699718773934	0.860714148485328	-1.95451643598071	1.69542203712996
niva1238	0.283606195563577	0.886707282218151	-1.39411745545316	2.34716626182611
njan1240	-0.0137743443811532	0.891863133599175	-1.93799950901815	1.90868171386234
nkon1248	-0.0161387798413335	0.884415442417986	-1.92603049813815	1.91986307790164
noct1238	0.320932579582274	0.857349863351468	-1.27606605073082	2.32252693722752
noku1237	-0.154739045168211	0.805590023239281	-1.88499863717777	1.42081851502155
noon1242	-0.00938390218499449	0.88594900037229	-1.90037866132064	1.91389095767129
noon1243	-0.0297857244620354	0.901787366992019	-1.93866053208935	1.83782109202507
nopa1235	0.102215697574776	0.776224137301871	-1.47608277912843	1.78640502140381
nort2684	-0.000175652064566461	0.890949718159882	-1.82384063157831	1.85519408661518
nort2690	-0.00125791083294294	0.867667894907144	-1.87965839607043	1.8475835299896
nort2697	-0.0368552929014016	0.882410317805679	-1.93859581854806	1.80892633683352
nort2702	-0.0759905395657125	0.874048814169962	-1.94868873006738	1.73769164157304
nort2722	0.236928494766689	0.873219628289074	-1.42015438702359	2.21911058277901
nort2723	-0.0524779815152087	0.884710930858851	-2.0217872126827	1.8061491218535
nort2732	-0.0505028443011098	0.893094844237665	-2.02597793407778	1.78806935166892
nort2745	-0.0362504443119502	0.825439283297062	-1.77682791374817	1.71941441492313
nort2747	-0.0187776704751277	0.90374060245123	-1.93084835098315	1.88460921497733
nort2836	0.84408493943361	0.947989933973113	-0.475911111755095	3.10164998828026
nort2839	0.168692648993374	0.703365458307959	-1.18564252938271	1.7250258172599
nort2845	-0.0321382575009327	0.881370783809443	-1.8986255005478	1.83328258591959
nort2847	0.341249077561436	0.796427958210201	-1.1052830679744	2.14643991260849
nort2864	1.13984625459737	1.14107820266024	-0.350350173762626	3.85977666325759
nort2885	-0.0743401004252244	0.870769566572372	-1.99063683281509	1.69343779467101
nort2930	-0.243767432132873	0.852623772657087	-2.12364837269315	1.36122042111474
nort2938	-0.175847740682413	0.869922982097207	-2.19676924876596	1.53621651166318
nort2942	0.263835417512237	0.866315060800687	-1.31364519864695	2.25898259001844
nort2951	0.134971772956	0.814705839973681	-1.47029221970816	2.00793661801296
nort2954	-0.164442301931589	0.820040854258843	-2.03913885765939	1.42107465663065
nort2957	-0.258904313898761	0.788060016086887	-2.0397216968283	1.22855502007875
nort2959	-0.340258446355627	0.857039650045946	-2.33625711209467	1.15948554224702
nort2980	0.125449117829292	0.846173468757246	-1.57034858491995	1.97838557572669
nort2994	-0.0567741191956363	0.852525090270047	-1.95287204729517	1.73657179819561
nots1237	0.360263915366727	0.759646133223792	-0.973644666103997	2.13717736190997
nsen1242	-0.0119156314756457	0.888464294432919	-1.94748170198366	1.92638723815076
nucl1235	-0.0127569483691954	0.887084564183547	-1.99215566842321	1.85465479471715
nucl1240	-0.0716907843137858	0.870088282701018	-1.93979269366109	1.68790228184922
nucl1301	0.000140815984943897	0.901268405516338	-1.95074670934823	1.96136516241613
nucl1302	-0.0328221701893587	0.879070110836288	-1.89088483176145	1.88986039352932
nucl1305	0.0304284713521255	0.87279897316087	-1.80486759854783	1.80527653729488
nucl1310	-0.185660905317386	0.846941374548912	-2.1117081770768	1.45737706740399
nucl1327	0.0973184012942301	0.853679088182138	-1.67087831057216	1.96187033165615
nucl1417	-0.012975521786765	0.90890911610309	-1.98752152036539	1.921778768904
nucl1458	0.132173798849431	0.787559211790597	-1.40113753789977	1.87986041120734
nucl1593	-0.583582013285284	0.91645950681008	-2.81375622662188	0.841037857386718
nucl1622	0.0794333951054648	0.869168034521073	-1.68021766697464	1.95221955086936
nucl1630	-0.558940043343853	0.900407305055349	-2.73549526659936	0.849524575831089
nucl1632	-0.317940305733172	0.859853220932331	-2.38119968678626	1.27362750507044
nucl1633	-0.259285721247247	0.866024604447526	-2.25295878101209	1.33317505672559
nucl1643	-0.0022369006829279	0.861075399460207	-1.86809835265159	1.82165731058012
nuer1246	-0.0449490666667426	0.870310252140533	-1.93349488806496	1.78000687233541
nukn1238	-0.119058967102876	0.734453133992113	-1.71562333330211	1.36751606365141
nuku1260	-0.050598017595113	0.849407275704027	-1.90987064254423	1.72813731792596
nung1282	0.529372718287375	0.889579266663511	-0.89790883648951	2.64833412770672
nupe1254	-0.0230073844990675	0.857409700789342	-1.89880766947411	1.7701577039538
nusu1239	0.541214553918984	0.89798690874675	-0.881268463309573	2.73576984597601
nuuc1236	-0.170961092675804	0.845497498680594	-2.09272221656347	1.46135048216066
nyah1250	-0.0110715064959618	0.87391920512531	-1.832019944523	1.84445596267543
nyak1260	-0.018962609655555	0.892397870381902	-1.93625115002443	1.94534108201143
nyal1250	0.194759697552358	0.847588751105999	-1.43884444711539	2.05771567594586
nyal1254	-0.116628292861074	0.835854093611335	-1.98014759606422	1.58180654150546
nyan1307	0.0303315789294584	0.885113593880095	-1.79561052389227	1.91989972802193
nyat1246	-0.0539876325042315	0.88935705862817	-1.99598180401367	1.83002671171953
nyaw1247	-0.00856418588190108	0.875410777909971	-1.902891136079	1.8783560623668
nyis1236	0.183644417203951	0.830279352819742	-1.38319907919801	2.07437482527661
nyor1246	0.0494593358519771	0.872538889511051	-1.7494117334221	1.8974958506869
obok1239	0.206507083722545	0.818107499165557	-1.35140934855504	2.08138556759261
occi1239	0.00514342199251625	0.891194836533594	-1.83021227994247	1.90205286227631
ofay1240	0.196817559957675	0.872491300755225	-1.47497325855639	2.16608866187588
okan1243	-0.135796539854354	0.885164511838133	-2.11271633621632	1.58033689263562
oksa1245	-0.426465356305075	0.874362095483431	-2.5701135237425	1.06628504316899
okuu1243	-0.023286273588198	0.902341827183206	-1.95716840011046	1.86797969183527
oloo1241	-0.586483818509814	0.94603295084482	-2.91342667194481	0.931839600596599
olut1240	0.314200447403015	0.795464532809018	-1.09037416385772	2.20686197812483
omah1247	0.119443825997786	0.883166791116203	-1.56514445898904	2.13463835595949
omie1241	-0.495794758906766	0.883919688625692	-2.58465437955442	0.952091508628654
onto1237	-0.0269896316848191	0.866841969217467	-1.93748423522876	1.80837343402784
oriy1255	-0.0333634035181633	0.883773418581803	-1.99407132933771	1.84085554472093
oroc1248	-0.0103894221115123	0.892808091328214	-1.93896716294857	1.90307908112747
oroh1237	-0.199966165200991	0.863518196467172	-2.15017036913529	1.47010056931928
orok1265	-0.00630055189456871	0.897325061788121	-1.8964279310218	1.93261810034105
orok1266	0.0273572633164223	0.865088665491768	-1.81231298218803	1.93152965096399
orok1267	-0.270248118871382	0.873393196496238	-2.25418291897812	1.36937482148758
orok1269	-0.450334041524248	0.869683859766457	-2.49815411739889	1.00538957342795
orow1242	-0.212796581683187	0.809020660412889	-2.0473090637707	1.35810452593135
osam1235	0.0156533607510383	0.873334992938982	-1.85065474757286	1.83689494622185
otta1242	0.41891710446903	0.843593577254165	-1.00282576013801	2.42645032330348
owaa1237	-0.128802360772802	0.837781234460379	-2.01314501027531	1.53409551899224
paaa1242	-0.0583225227143888	0.874642463643437	-1.96767346793528	1.75746274153414
paam1238	0.337726173256194	0.718721953074646	-0.932089778037096	1.99672232135715
paas1238	-0.0176132363622093	0.862179676333906	-1.84320578341778	1.84438825859311
paco1243	-0.00853051738398615	0.894082179695137	-1.95172441861305	1.87697125859538
pagi1243	-0.052654280302063	0.868852167791923	-1.93497792628539	1.75042877302279
pagu1249	0.0881426955858636	0.829291390219367	-1.61733256860054	1.90387139830336
pahn1237	-0.05395124561651	0.87422002557932	-1.97885210562145	1.73916650399988
pala1344	-0.048673565686733	0.846188837716188	-1.96180403764682	1.67109560222303
pali1279	0.17944950748672	0.840185517992455	-1.453509561058	2.06461707352378
pamo1252	-0.108208357492306	0.873448231389254	-2.0786807894979	1.65629085867319
pana1307	0.154087559366812	0.83736340905765	-1.4240170694646	2.00999984506295
panj1256	-0.0108720483552173	0.872090162657083	-1.8607650050068	1.87278949414865
pany1241	-0.0109389828655424	0.903533399483231	-1.98137195975848	1.9369980458663
papa1238	-0.291973138369028	0.866377158589359	-2.27212802577578	1.32916030666725
papa1265	0.19717266684669	0.794482297134129	-1.27795218965803	1.97046412686234
para1301	-0.105425999421712	0.865836963916753	-2.02757603927767	1.6307927838526
para1302	0.444229828544542	0.837085493817833	-0.995789221395997	2.46235349559826
patp1243	0.321365119961718	0.787853984874738	-1.10821799933847	2.15848091549581
patt1248	-0.0522532478193071	0.844764983576742	-1.8644376545813	1.68678299960181
paul1238	1.13005350195416	1.13337204919463	-0.325078772810955	3.79084290816868
pawa1255	-0.197828881111551	0.832300655166125	-2.08497844386259	1.41377109636466
pawn1254	-0.0983364612867324	0.858676967464662	-2.02218949046971	1.64934697183044
payn1244	0.158359096303893	0.789490793590523	-1.39824146404472	1.9285282748408
pela1242	-0.0466789556352964	0.846884695609397	-1.90328377985285	1.70618766992692
pemo1248	0.232279761353432	0.834414326258822	-1.29949635118467	2.15787259062224
pend1242	-0.101725624512531	0.859010280122636	-2.06306634252058	1.62245029900417
peng1244	-0.0587267794922346	0.871463147277939	-1.95703887810517	1.72043112695186
penr1237	-0.044064441433526	0.862729632690284	-1.90993302397371	1.77415059244019
phai1238	-0.0796208358089916	0.871953205932272	-2.00628748872978	1.7302218032674
phom1236	0.529777354924822	0.857413277395427	-0.845320705428238	2.6213747282571
pila1245	0.259170265543756	0.858809173436004	-1.29674983506922	2.26683326064413
pile1238	-0.0343305476373037	0.831832612396349	-1.83088719438217	1.69264078007797
pima1248	-0.00245814554059917	0.782132764285065	-1.63072159463184	1.65660327307932
pina1252	-0.177519681500647	0.807235569791155	-1.94312272973593	1.40083002596261
ping1243	-0.0563434698543866	0.870128941685423	-1.95776181146652	1.73265874681629
pite1240	-0.00206742734986828	0.859336007976358	-1.87578246851853	1.8660109782651
plai1258	-0.190566641041749	0.867048475987896	-2.20370337483345	1.41376863970278
pnar1238	0.245420458502324	0.876763441472058	-1.45106179557873	2.21987707421334
pohn1238	-0.0580508740461546	0.883140473696603	-2.00453541122497	1.76073141935849
poli1260	-0.00322700749477083	0.876899383653398	-1.93639167377992	1.88351263414235
popt1235	-0.0183219908338703	0.79595425677494	-1.73706426030165	1.64406802363319
port1283	-0.00853016826784016	0.891685242642537	-1.91963011576283	1.86551538305525
port1285	0.388988600946867	0.723544222887943	-0.863716064783958	2.08249167314241
psik1239	-0.0868718258062702	0.859270437824653	-2.02016328458285	1.68761814364267
puka1242	-0.0446063494938555	0.855604315302127	-1.96187014075184	1.69037667864716
pulu1242	-0.0486593672510026	0.900081404072033	-1.95257541459669	1.8509119743396
puma1239	0.184575247088204	0.768805116563589	-1.33927444985221	1.92321221200298
pume1238	0.00240731147965941	0.873864547443416	-1.88303926850178	1.83759693094497
pure1242	-0.275003020149369	0.888352350238476	-2.3204325583232	1.42136654672272
qawa1238	-0.15303934623114	0.873425804006855	-2.10691762299539	1.53763187370553
qima1242	-0.0224570585395175	0.850484258044214	-1.87128962475555	1.82986209856272
quer1236	-0.369004104944996	0.884719267427572	-2.49533948567516	1.14648563108809
quio1240	-0.0240271052241568	0.799838225559823	-1.79529080601305	1.66292852165816
rabh1238	-0.0635405129480043	0.813788240486938	-1.883585220503	1.5831325763317
rade1240	-0.058765679596943	0.8824726148472	-2.0133373511603	1.71763979418504
rapa1244	-0.0431190532861198	0.874320144809086	-1.96476215044614	1.82994323700346
rapa1245	-0.0346748669911902	0.884096027254438	-1.97424938996096	1.73775517021105
rapo1238	0.0959191489802109	0.786572577489269	-1.49681179864473	1.83643432671245
raro1241	-0.0153305534566459	0.873019695349288	-1.88998643031636	1.8397307091576
rata1244	-0.0502028600939898	0.864587813063454	-1.97065279367789	1.71808511078732
reja1241	-0.0511480224337849	0.888942211569977	-1.9322570468672	1.77785096652333
reng1252	-0.022719717686512	0.918758499542535	-1.98356124055871	1.8490837760011
renn1242	-0.104471485103191	0.853367242525385	-1.99459055608041	1.59446612863747
rere1240	0.291319561233205	0.701554076942155	-0.960601408606112	1.88184552515527
reye1240	-0.233069071668941	0.875662799977705	-2.30050988450555	1.39650906475694
rian1263	-0.0182287335060361	0.860696904221516	-1.87652334676683	1.75511627422911
rikb1245	0.167624699224322	0.873129712338048	-1.54553332868207	2.14856565225781
roma1326	-0.011856736749945	0.864574544010127	-1.85622338235036	1.78422206003537
romb1245	-0.0717489206687815	0.863121724234315	-2.03337757208496	1.64153724101892
rong1264	-0.0503403788461627	0.862971929348774	-1.93078547064167	1.72598780871329
rong1266	0.791093770630466	0.942484752236104	-0.530373251834499	3.07467394562324
ronn1241	-0.0694213874810422	0.862033456343052	-1.99132713036719	1.65117879396089
roto1249	0.177513238680124	0.792901289880735	-1.31757756975622	1.93254985899963
rotu1241	-0.0514444699028578	0.858962186220254	-1.93766844124891	1.74991605630676
rovi1238	-0.222808871563327	0.823398491893848	-2.19198704121616	1.2830285024511
ruch1235	-0.0762584805578626	0.903343867054072	-2.08790891139118	1.79569206099454
ruka1240	-0.152704191604949	0.856143931255306	-2.05825360300719	1.54104046922194
ruma1248	-0.0164951630820436	0.844695027739822	-1.81982019501061	1.75557386302407
rung1258	0.169520525067514	0.898381582783171	-1.58254275173819	2.2248936912109
russ1263	-0.000306251822562182	0.880169426921533	-1.9087556968044	1.88438815048144
russ1264	-0.0163489018282609	0.875569958689869	-1.9495006812428	1.90220341856769
saaa1240	-0.203543796149077	0.86886850121954	-2.23095260393557	1.44673927663107
saaa1241	0.0612263794190147	0.724821680351597	-1.46546315765163	1.57966174516557
saar1237	-0.183422633888531	0.85727003259099	-2.10556118849696	1.4415339139909
saba1268	-0.293081768171971	0.874649403224951	-2.36920723496935	1.30760256134944
sabu1255	-0.131252731490802	0.874477139424925	-2.09756761981805	1.62895455826028
saga1262	-0.00846021831589196	0.891250125591118	-1.90788315205156	1.91576591086092
sais1237	-0.179703664493809	0.8407790167562	-2.05035724516558	1.46526016116859
saka1289	-0.166598236337711	0.781883120029225	-1.89324803138508	1.39111814249579
saka1291	-0.0102365424087158	0.893589421900172	-1.9446861148483	1.8530282680926
saki1247	-0.205630185478342	0.849935019210276	-2.16284729758209	1.4503383815817
saki1248	-0.283806177880908	0.866351831745727	-2.30396804422406	1.28561309146352
samb1305	-0.0501967630701686	0.876462939147295	-1.9433518841951	1.71411492521677
samb1311	-0.0448944833264258	0.883749132729566	-1.96151272071622	1.75691393748793
samo1305	-0.0379852520600052	0.886996577426936	-1.9763057533764	1.79755732484211
sanb1241	0.249543733168475	0.806676222973597	-1.23930199225504	2.14643861468824
sand1278	0.411631305790325	0.874489230554848	-1.0808250919101	2.49869848988012
sang1321	0.506341491301922	0.827985490227018	-0.864485360513768	2.44218745526297
sanj1284	0.268387176112354	0.828754043220722	-1.27670113630082	2.16835922964484
sanm1289	-0.171285196767775	0.866126034068074	-2.16323684926818	1.54275948746038
sanm1295	-0.255685450152974	0.814982418538455	-2.13725839337227	1.29795035829833
sanm1301	-0.420897998008081	0.886283872145144	-2.46763888449284	1.10981750425439
sant1436	-0.264458028537222	0.819773298516279	-2.1405206826659	1.33081848940099
sant1451	0.460996316933679	0.854700948882596	-1.01133042393166	2.50152712879589
sapo1253	0.063787316813897	0.797061436447888	-1.5684858978297	1.78916464332632
sapu1248	-0.0159515712055833	0.86454304251014	-1.93577339842867	1.75918712102818
sars1236	-0.354174566431338	0.833755864713289	-2.31656231955836	1.10515386809396
sata1237	-0.0304092280651997	0.874534240493495	-1.98263144646991	1.8291538504734
sauk1252	-0.139899666657459	0.730335906473252	-1.73411148886967	1.28605764853176
saur1249	0.0346818730982601	0.858686333164399	-1.8008376744529	1.82882721613744
savo1255	-0.090280238403253	0.824158625798943	-1.86685820837572	1.5845635298046
seim1238	-0.127451266169551	0.838340475972644	-2.02637101953071	1.51091720591164
seke1241	0.0344597060933266	0.732481871944318	-1.52173287631425	1.54182790561338
sela1259	-0.0447657829004185	0.904215648505554	-2.05502843719402	1.84656678290402
selk1253	-0.00414207615791231	0.85219488485914	-1.83763384894287	1.85996112757757
sema1265	-0.00590507469426023	0.864792862159437	-1.87659033345636	1.7952505331958
sema1266	-0.0108686032742174	0.871432676506705	-1.84709197577556	1.80575107123741
seme1247	-0.0166795197277045	0.87596575306925	-1.84671493856647	1.82461288305789
seng1281	0.954637072203068	1.00792153464258	-0.426204640031786	3.31679544367845
seri1257	0.19878617693974	0.854162637931742	-1.41103422049053	2.18464422900982
seve1240	0.405797801231567	0.859788064322358	-1.05723804561375	2.46554912610204
sgaw1245	-0.085083449761589	0.871001906883445	-2.00972893512789	1.67478888458279
shab1252	-0.00082193181440165	0.864663404265594	-1.82327005159228	1.84791070279446
sham1280	-0.0262760474200572	0.878395759091342	-1.90199300050975	1.83392413589406
shan1283	-0.227257793032205	0.862921008744746	-2.24959631059731	1.41880191432512
shil1265	-0.0574503675593459	0.890951918146073	-2.01359271559859	1.75788286911328
ship1254	-0.349472729120295	0.846377761305336	-2.3247575011634	1.12183657074628
shix1238	0.0777286851073057	0.877341156294948	-1.74526676839426	1.96340579498758
shon1251	-0.0057774527146237	0.889754805973509	-1.96320602758781	1.85093837394309
shor1247	-0.00636786152822488	0.879748805205802	-1.88837473106861	1.85007239329844
shos1248	-0.179577990651416	0.888724842062862	-2.23074281954975	1.51758008829914
shua1257	-0.259454606534653	0.899002293812271	-2.36315777223478	1.45155321677295
siaw1243	-0.559143912347398	0.9305486571764	-2.81020995404811	0.906655832116784
sich1238	-0.0791580662636168	0.839911122048488	-1.97622266334022	1.58726032388901
sici1248	0.00855059287596186	0.908287181996514	-2.02334723875925	1.9747628568711
sici1249	-0.0398138883345783	0.879099570191651	-1.97815960037092	1.76325437492221
siee1239	0.344919459382934	0.822556389516046	-1.16680649943076	2.24935602047403
sier1250	0.0367787222580642	0.796941016212389	-1.62057581204805	1.74138244181014
sika1261	-0.0952305120218631	0.884223258320492	-2.04199389091663	1.72933780487886
siks1238	-0.271443103143856	0.860261240104358	-2.27739022802928	1.35821927170573
sile1255	0.233687997941191	0.776904731429914	-1.21882978330717	2.02136160924436
simb1256	-0.176988081762506	0.857812247869096	-2.13304682779167	1.49114286061671
sina1266	-0.547283777004241	0.896283666355275	-2.70785065441335	0.919136616078845
sing1264	0.25121482763392	0.855789422948601	-1.39702565907386	2.20973767500145
sion1247	-0.233445219873544	0.886293212050325	-2.31077292876348	1.43159336764276
sioo1240	-0.00913159777408156	0.748744243324278	-1.54850049423626	1.54830500471762
siri1273	-0.261350683309291	0.811309713004708	-2.1405044447214	1.29404462245082
situ1238	0.240268301560537	0.851173559160319	-1.33981928799381	2.22432211522878
siyi1240	0.283614630872611	0.808323253114404	-1.17634488626303	2.1825667785417
skol1241	-0.019444069671602	0.882745871339753	-1.93090487457053	1.81006695989411
slov1268	0.000177642044024896	0.900649743504485	-1.97599708368228	1.89717352003842
sobe1238	0.165357784452405	0.830560061384178	-1.43028660051585	2.03730793096719
soch1239	-0.108092537612397	0.824952222280071	-1.96640816525485	1.5755887783205
soga1242	-0.00878634969008846	0.89398009142087	-1.89986412876355	1.85631038799528
soli1239	0.00188142457488715	0.874791872962177	-1.88210591019413	1.84686668711861
sons1242	-0.0255725656588389	0.849573519106191	-1.81682964794425	1.75445218973823
sout1528	-0.0103598413818995	0.896915290096172	-2.02022161884295	1.91002589864551
sout2649	0.000265103562062911	0.870308244093125	-1.86266923870219	1.9063948061337
sout2674	0.00114864472298038	0.876050125336366	-1.85322384437049	1.88652167123159
sout2679	-0.00493514037529832	0.883896739622284	-1.93059837768418	1.90903303772715
sout2715	-0.235793698816636	0.834003361770934	-2.14640752428519	1.35810009504727
sout2728	0.122036704257256	0.856523923723042	-1.64840698727654	2.00463935744906
sout2729	0.0608355795895949	0.843507045216188	-1.68205509806132	1.88430682210948
sout2730	-0.0546565025428664	0.858627562781839	-1.88159953779972	1.71857584328014
sout2782	-0.0619213422679563	0.883967195735754	-2.02446233060036	1.75140124453161
sout2807	0.00358648544810369	0.891618904981194	-1.88542024566574	1.96927313229573
sout2856	0.838760857633929	0.94744685021041	-0.468267044596429	3.08163750822021
sout2857	0.422511326020507	0.763137051599851	-0.885746042662503	2.23744330515475
sout2859	0.230316206488171	0.705598269028117	-1.0834562569426	1.83260325511972
sout2869	0.354131082290985	0.791877060828715	-1.02861451752806	2.19896777284806
sout2896	-0.0806037482594652	0.815039002822758	-1.86897688826741	1.62322160465524
sout2954	-0.00403445935922181	0.902250122415019	-1.94697267382929	1.90911722114726
sout2956	-0.173161735275192	0.868255151600442	-2.1353639535345	1.52566994839608
sout2959	0.280492014963185	0.838006750725278	-1.23693586636588	2.27256906909538
sout2976	0.142405176886372	0.788840611873374	-1.40467994708067	1.94653987036954
sout2985	-0.267541594250617	0.869470841706653	-2.22842100302612	1.31684171365174
sout2994	-0.181308655101793	0.869187527573266	-2.17018514072928	1.51569768278024
sout2996	-0.157807732656915	0.888319207430548	-2.18843009263538	1.58275807436772
stan1289	0.00187506973188058	0.92388130367425	-1.90809520980741	1.98337195396857
stan1290	-0.0113935326526732	0.894133556262593	-1.94486492119421	1.95713173546698
stan1293	-0.0159681287260767	0.867921064237432	-1.84341769111037	1.76536311738597
stan1306	-0.0211984583814052	0.850182915021859	-1.87451679140591	1.74439537095936
suba1238	-0.0358229949317866	0.900349408417129	-1.96447609133136	1.83168541297356
sude1239	0.770048365425818	1.02234666854306	-0.661010012001399	3.26499738892723
suku1261	-0.0191759185972258	0.915488925943002	-1.95703473236865	1.94202657393658
sumi1235	0.524377605856921	0.825564128703838	-0.844920782769697	2.49360557404261
sunw1242	-0.274274398017726	0.770206741036709	-2.06621116122449	1.13144960783306
supy1237	-0.0221224311126718	0.853229627255645	-1.82857298711705	1.75699365839427
surg1248	-0.00848290567087836	0.883396529129796	-1.91814352298522	1.91108437681772
surs1246	0.227737114732729	0.786641914492518	-1.26087157866225	1.9946034971405
swah1253	-0.0164855815281582	0.902656435016956	-1.97646255996157	1.93345263410638
swed1254	-0.00119893012788678	0.85850220904385	-1.83649488893661	1.8341852031099
taba1263	0.151594988772015	0.837998884716685	-1.48557021892954	2.07909999509084
taga1272	-0.134948948661036	0.877952368506771	-2.12653808162045	1.58750622881812
tago1246	-0.0803951344187141	0.88865943565912	-2.12544400795138	1.71777323992175
taha1241	-0.00580834751922253	0.883561112566948	-1.83900825658804	1.96095053695784
tahi1242	-0.0473537156718966	0.860886674311812	-1.94832914216928	1.73445649283215
taia1239	-0.0679426618825145	0.819674522874505	-1.84682355036974	1.6027226026029
taji1246	-0.108762290619883	0.861500859565475	-2.00891137539578	1.64698989027501
taku1257	-0.0290370330739956	0.866509806196608	-1.91554003263822	1.83005445157613
tali1259	-0.197399535563342	0.839670058703565	-2.14343461076551	1.42427616543343
tama1331	-0.0552327533827174	0.851186055685432	-1.89237406164105	1.74739790685898
tama1365	-0.0144667309492839	0.884917620525826	-1.89806541133436	1.93314974123519
tami1289	0.0651361112297851	0.854600754062527	-1.72115148618289	1.92597924774711
tane1237	0.317067328984305	0.83251443386519	-1.14130337047815	2.27736792687287
tang1336	0.716930339586792	0.912673001326371	-0.618182326714337	2.90227779306602
tang1347	-0.0507639245598555	0.746979386055248	-1.63069641596895	1.51054283935561
tang1348	0.0501457592383763	0.805927692200899	-1.6136723743588	1.78395797848178
tang1377	-0.0259413319867662	0.882297718047771	-1.98269717112514	1.79479952600112
tani1257	-0.156379900677631	0.855257601328229	-2.09155379568304	1.51541005351401
tara1313	0.573114904533756	0.840639366639712	-0.75182478746335	2.55406445077224
tata1255	-0.00271130923143508	0.884553796358805	-1.92635068930959	1.90244778907454
tata1257	-0.117300907664643	0.853464239276356	-2.0457187634716	1.56317704427989
tata1258	0.00789633945692789	0.775223569449683	-1.62231679158499	1.67905676206408
taul1251	0.313548294667988	0.814971297954497	-1.18706551479164	2.1531668612558
taus1251	-0.0461125005262977	0.857845918012619	-1.9143752655329	1.68148334104488
taus1253	-0.315677275213264	0.887676772237334	-2.33761108035409	1.2953649504404
tbol1240	-0.10028661144216	0.86346348947087	-1.98511395451302	1.64344931987819
tean1237	0.323296724963017	0.83154865312479	-1.13365369867848	2.2731208231684
tega1236	-0.0814905547894323	0.876411894807887	-2.07058427069539	1.68282058207221
tehu1242	-0.138662162071978	0.85678683451859	-2.07571299162913	1.49011184242031
teke1275	-0.0123104090476022	0.891766143234688	-1.90870640785747	1.87848613961119
tekt1235	0.085026288280393	0.817993358070637	-1.57399002101412	1.87791408890048
temi1246	-0.010343034230539	0.865256007152226	-1.87854092565643	1.79329519354694
temp1235	-0.116030459332206	0.838950513602449	-1.97726795049775	1.58589822431514
tenn1246	-0.0991302559447507	0.896948383570362	-2.0680791606608	1.74801365975075
teop1238	0.109769940529149	0.78646861139825	-1.44916244706399	1.80211247951309
tera1251	-0.0695753808448922	0.892353764800356	-1.98735956340965	1.75377938667688
tere1279	0.250929050959253	0.860136106999013	-1.34410250850354	2.24542152458669
term1237	-0.121387060588797	0.856904171255312	-2.09438296789212	1.55123216202392
tern1247	-0.127840952420847	0.846077153078071	-1.99240433031113	1.56153379557727
tete1251	-0.431666026325746	0.874097066614515	-2.44253192985562	1.095234636221
thad1238	0.417702049315391	0.815219412148418	-0.966804958206541	2.35080938988021
thak1245	0.17043209892692	0.853377956495532	-1.48384095596242	2.06868958284335
than1259	-0.217796952688697	0.844332915144834	-2.16804855109009	1.41315318188677
thao1240	-0.206010746209685	0.856099983166811	-2.1385095904533	1.4612188072542
thul1246	0.619796677105143	0.91061130677961	-0.758069395571154	2.89003490571766
tibe1272	0.00172308879130185	0.864527091801119	-1.87673878132989	1.81701836307871
ticu1245	-0.101031000669566	0.863455283641781	-2.01470768378241	1.67991517410942
tief1242	-0.0406128603292047	0.880530182565622	-1.98131153186629	1.80462279042153
tief1244	-0.0389567245636118	0.880730941829081	-1.95825769134161	1.80158128260095
tien1242	0.00359183754936137	0.881629383026501	-1.85686847628426	1.93376675413373
tiga1245	0.0946018867287054	0.763675710305986	-1.4493303763851	1.79243422322391
tika1246	0.0257446430180174	0.867926546458079	-1.80795531779091	1.86076539717475
tiko1237	-0.0133825543887516	0.872012453653879	-1.88966820002632	1.71689087368692
tilu1238	-0.136417681523756	0.74959984488046	-1.84102880730135	1.37692775538855
timn1235	-0.0203510733078524	0.88671911800287	-1.95378712024391	1.87825047051526
timu1262	-0.12229733894657	0.849332210455207	-2.01133106106217	1.55723744456294
tina1248	-0.125218575884693	0.847821743245671	-2.04152170659396	1.57006317605503
tiri1258	-0.199064293107012	0.807447182389314	-2.04568552561973	1.37504247543931
tiru1241	-0.120086343075264	0.862486616481715	-2.09822991671182	1.52612797485769
tita1241	-0.14964035728768	0.82731875930597	-1.99558028614733	1.43755148960346
toab1237	-0.0493698403347457	0.843586161253875	-1.84284716934747	1.73230804028071
toar1246	-0.331017109885528	0.844327070165048	-2.30054012117186	1.20033583996636
toba1268	0.415528676386892	0.919145314156915	-1.12513425845477	2.61257189749984
tobe1252	0.174341491126533	0.8457523409472	-1.48515807889509	2.07241959036031
toda1252	0.478721245180624	0.926272700276082	-0.99431596941115	2.7770730352606
toho1245	0.243737790765939	0.873864752753799	-1.36428018731992	2.31574925524335
tojo1241	0.0897718877803719	0.815039062515412	-1.58175604331269	1.85312972402783
toke1240	-0.0427352938165027	0.850452307329385	-1.90746672599702	1.73378017270757
tolo1255	-0.146922239999783	0.766365795045774	-1.83381026066933	1.34955370690663
tong1308	-0.017114456186772	0.868053801586491	-1.92490905822388	1.85270489045656
tong1318	-0.0126063466622913	0.877416857373582	-1.97761798647647	1.88453677486916
tong1325	-0.0394578440118726	0.877871322968788	-1.97958371236523	1.764360349571
tora1259	0.125731762647051	0.790075568892774	-1.42455810189628	1.84402854469601
toto1302	0.115331764142842	0.803094750789028	-1.50741952588506	1.88615017586781
touo1238	-0.211114055972976	0.811984122733482	-2.15801429400434	1.27472995329268
trin1274	-0.149155631014675	0.800347808715659	-1.90600423017107	1.44114408923203
trio1238	-0.376231928182951	0.867189538918362	-2.42231849666407	1.14577927251212
trum1247	0.112942566625146	0.789478530486393	-1.46033012806193	1.85515977360541
tsam1247	-0.0409051873346671	0.856818048636818	-1.92565157370225	1.68873568169229
tsis1238	-0.0256651384580784	0.879098169966838	-1.94199444740354	1.83067591371222
tsix1234	-0.0245229726523819	0.883317510982304	-2.00264190399151	1.82107809647088
tsog1243	-0.0176137391944223	0.874986038880613	-1.90839526444229	1.82840440618031
tson1249	-0.0101204067966769	0.879693923451301	-1.87522247506456	1.8654721553799
tswa1253	-0.01981392275007	0.906469911723748	-1.99319575719642	1.89055078241564
tswa1255	-0.009888404996005	0.870579721696025	-1.92069308145114	1.79314372369444
tuba1278	-0.141060092741569	0.819501712433253	-1.95881195231589	1.44163614873767
tugu1245	0.431299826348141	0.900911100121242	-1.10770697300436	2.55031226455154
tuka1248	-0.0364501962715825	0.883094978023466	-1.9899352063361	1.80818261175579
tuki1240	0.220256034020035	0.888647229371952	-1.51907241254327	2.32041526562497
tula1252	-0.0839150079916406	0.88516461172566	-2.02163053581067	1.74359869252084
tuml1238	-0.544012245560108	0.926912314616726	-2.77824716790314	0.968761283398592
tune1261	0.14433797126032	0.867525935959682	-1.5785808726704	2.1731989717479
tung1290	0.0107007081008552	0.82368827694723	-1.78565114670422	1.80902570441479
tunn1238	-0.0162739296348004	0.885773407565387	-1.88788721918961	1.89421136378684
turk1303	-0.0176445886181708	0.895717186292054	-1.93917015093114	1.84163045532157
turk1304	-0.00939445475922941	0.856310516596601	-1.83290869366059	1.78099310552576
tusc1257	0.287557318077631	0.862480783343203	-1.26975395914338	2.32396510401839
tutu1241	-0.0287478075038085	0.74590331209482	-1.6121752176389	1.56796964960795
tuva1244	-0.0338027840035142	0.883317605590137	-2.00491982291395	1.84792241365765
tuvi1240	0.00313592753587131	0.906046947622421	-1.91145289357785	1.92138962368451
tuwa1243	-0.206903839347941	0.838677915027734	-2.1415977495625	1.36128841861935
tuwu1238	-0.0173006974333094	0.88441408808417	-1.93508710257691	1.83852986590687
ubir1237	-0.372306015665637	0.882008289257295	-2.44111697739395	1.1817581039175
udih1248	-0.0147120855084823	0.891688453443915	-1.94794515876238	1.86932333255129
ughe1237	-0.219103757033317	0.813181912797925	-2.13466845495987	1.28325093883212
ulch1241	-0.0349217349418338	0.890060552072761	-1.95301242925449	1.86478947937728
ulit1238	-0.0577206776337283	0.871271849282112	-1.9653739228255	1.76719523320194
umaa1242	-0.101279185396693	0.890117333168552	-2.08423252223105	1.72472118583936
umbu1257	-0.0114031131535159	0.871029360747682	-1.9133285976422	1.84368048185743
umbu1258	-0.259591254088675	0.824112113649349	-2.16642831854478	1.25777902772458
umes1235	-0.00498985625471804	0.89616464539943	-1.93318533175746	1.90550404999385
unua1237	0.283052892610799	0.702307336514589	-0.97192073592184	1.9025561291036
uppe1275	-0.274492470407557	0.803350538087742	-2.11721641680203	1.22062352348196
urak1238	-0.0286408058395026	0.889688870324703	-1.9984759377556	1.80843505686897
urar1246	-0.345409691188803	0.893149650913576	-2.39667095209795	1.26130618173215
urav1235	0.376281144233625	0.838900723636369	-1.13639248538047	2.33040222983945
urim1252	-0.570650798759432	0.951135707451267	-2.92813493648951	0.893016874973674
urip1239	0.192131871866758	0.717817867520449	-1.15054316726397	1.83324944703736
urni1239	-0.0260095254004612	0.885642901758106	-1.98319127688224	1.83490738525876
utes1238	-0.167262861427046	0.87674973465382	-2.12052914309766	1.5582288645892
uuuu1243	-0.174368272597774	0.863087676549104	-2.17452776404664	1.49568569554001
vano1237	0.313400597568821	0.837865034006453	-1.22343183391886	2.2696508550205
veps1250	0.00560321937764663	0.860107815337371	-1.85569050252083	1.80337452447012
vera1241	-0.171294925718042	0.806161469747927	-1.97652778967153	1.38734125210148
viem1243	-0.0248584878533516	0.863331016767939	-1.88734591935707	1.83077900775079
vinm1237	0.27748119908152	0.714647148188164	-1.02295019618122	1.90133404575544
vunj1238	-0.0241520631890829	0.884534692615062	-1.92719115352119	1.80139902934796
vure1239	-0.173062686133913	0.805469213732804	-1.97446575090394	1.37670246239291
wadj1254	0.168271084638684	0.865935159723896	-1.54160223339775	2.10016597181064
wage1238	-0.0642889532104301	0.8539475453752	-1.96378456709798	1.74107840044258
waig1244	0.271504814149227	0.86156167633327	-1.32892437316046	2.25731831031612
waim1251	-0.449354090115621	0.870079081104004	-2.51597743555477	1.07683312625858
waim1252	0.157531328751021	0.821964213621274	-1.44290220656791	1.99090552632182
waim1253	0.301293774651267	0.879880585253052	-1.35650806515689	2.39339070985842
waiw1244	-0.226662658907112	0.860033649231011	-2.14544697482012	1.43954914653587
waja1259	-0.0879770387300561	0.874629727827135	-1.99045579661042	1.6781636992233
wala1266	-0.141086686861122	0.815824885410863	-1.88940490252783	1.45894073616019
wall1257	-0.0556141700124236	0.862624389633198	-1.9380271199067	1.72628403400965
walm1241	0.00354081732750007	0.899640899766672	-1.92113274402251	1.95476867767041
wamb1257	-0.113324053400192	0.752227402206882	-1.832197280349	1.4078824321135
wand1267	0.374308241990779	0.868125579469244	-1.19017241041699	2.37350264690541
wand1278	-0.0844319702861132	0.852086065436944	-1.98258927595177	1.67431743794722
wang1291	-0.0133820148904393	0.900904317587319	-1.92518611706228	1.92087206827374
wanm1242	-0.0280423355270516	0.86112037616233	-1.9145763246562	1.78269588252292
wara1294	0.18606160211787	0.852827061899216	-1.4754334949702	2.15767936373371
wara1303	-0.0693955540263542	0.860226600799023	-2.01580748427709	1.66035049624601
ward1246	-0.110379272405348	0.874853462703851	-2.09765815631338	1.59851556639247
ware1253	0.54346959754739	0.922052072371289	-0.929267822501965	2.78468623390573
ware1255	-0.118619329509618	0.797644208424916	-1.9203199371258	1.49544751180577
wari1268	-0.300674937068994	0.885459563266964	-2.36773381602204	1.28174646343302
warj1242	0.0668055994975088	0.845056722409013	-1.68045595598104	1.9183354029348
waro1242	0.166302451802152	0.84069221754203	-1.51914955748515	2.07637290005585
waru1265	-0.00187074747106804	0.884997496109975	-1.82234170846106	1.94139729304673
wash1253	-0.262180183637464	0.884831114752461	-2.34726949113501	1.36069386566268
wawa1246	-0.0135193919927874	0.881887264982018	-1.96670339351547	1.84268078633256
waya1269	-0.373342908463946	0.868316502213115	-2.44856313102503	1.158944803759
wayu1241	-0.288733389075769	0.775229615587133	-2.10069588623777	1.14812682695951
wayu1243	0.236376983250217	0.856261522368455	-1.33494913418729	2.27007373216157
wels1247	-0.0110945749229567	0.903311331432449	-1.95321224954355	1.93344444346618
weri1253	-0.218851799568587	0.77097803303455	-1.98957865118015	1.31137450616744
west2354	0.000149852281281085	0.88405474550464	-1.87779914891433	1.8599502471307
west2369	-0.000885126077839161	0.88738149314615	-1.90727570873034	1.89265652323308
west2386	-0.00744094912284989	0.851687236631018	-1.78598258476949	1.80512857769274
west2392	-0.0106245498687233	0.88646657353666	-1.95841143223985	1.8937044146733
west2396	-0.110161469359228	0.860213154118712	-2.04303362486781	1.64410379688409
west2397	-0.015004923058237	0.865404136518628	-1.87733799032133	1.84232476655377
west2415	-0.290581246208825	0.834467750422744	-2.1836640633018	1.23686174456112
west2418	0.280703914847248	0.86742932624576	-1.27850637008539	2.31396801516346
west2430	-0.0447875328636922	0.894618590791023	-2.02110377835701	1.88376684802171
west2441	0.000570315147765961	0.877746492293369	-1.89569425557205	1.88264550478508
west2466	-0.0497408195329225	0.887018436298036	-2.01020415642431	1.80133171224771
west2516	-0.104465037523846	0.826182605615616	-1.91181568420482	1.59657421171999
west2519	0.580021618270983	0.943602189614857	-0.895764107379761	2.88307331558464
west2538	-0.0723509101806938	0.855517617481787	-1.98286674681004	1.68928597487668
west2548	0.0482745983515636	0.832394607038785	-1.68716640235947	1.85503850761831
west2560	-0.121456218363036	0.833319464193774	-1.99507283344515	1.51147678076586
west2594	-0.0323732658887418	0.844684986302386	-1.87517197940599	1.76422484454823
west2600	-0.127830967050233	0.865739012645772	-2.08231817050995	1.5633951230262
west2615	-0.236443298885287	0.843721422373335	-2.24189201114189	1.35267870447498
west2618	-0.076704192873152	0.89592647962745	-2.07497826105549	1.79068107194136
west2632	0.104413477493917	0.860257131160245	-1.6158290893341	2.0587369047502
west2635	-0.00260752390830903	0.793787375735946	-1.68288398770239	1.68680456684192
west2644	0.0651702749418423	0.777777426626075	-1.56476574256623	1.79550147071317
west2650	-0.0292041956570933	0.878137395850265	-1.93660543625414	1.77923882978335
west2763	-0.0175230170086005	0.884403145696614	-1.9102100699525	1.89233547010057
west2778	-0.0892072314572624	0.771582062580053	-1.83028702042818	1.4715094348273
whit1269	0.35481958220739	0.789384426841207	-1.04897302136605	2.21344547944686
wiru1244	-0.238003295394679	0.829995736576999	-2.12260676949924	1.24481915625414
woii1237	0.126256876909171	0.834057060867322	-1.54551354189727	1.95637307576926
wola1242	0.19134277531807	0.872963199128063	-1.55466297402765	2.20665525434374
wole1240	-0.035186140797003	0.88165148055907	-1.94360974707911	1.83569897967734
woli1241	-0.0558329580266056	0.891023281480893	-1.99931388592115	1.75743512600764
wood1236	-0.161108510422028	0.841052084387913	-2.05423266652524	1.46122928505407
wotu1240	-0.100601033315579	0.892210221973594	-2.11630184180054	1.71068254825265
wuch1236	-0.0255490078446116	0.868950955318235	-1.87109812467848	1.79340057524041
wudi1238	-0.141110422899737	0.858830011893575	-2.07881772577762	1.54670845103932
wusa1235	-0.131454455928888	0.875756251421258	-2.12602459273744	1.59892675472187
wutu1241	-0.0207032001876365	0.874756857918372	-1.98036798637293	1.79686610208924
wuvu1239	-0.225270829564083	0.903172276869388	-2.33258381904739	1.4773159083665
xamt1239	-0.0283375134436984	0.859303495897979	-1.86188629380795	1.76385361387916
xara1244	-0.205288089639548	0.820495672938365	-2.05310880043397	1.34541576749233
xava1240	0.10362347988685	0.8491275514073	-1.56124552985742	2.02599593854127
xhos1239	0.000768377051560491	0.874067462314376	-1.86962188617412	1.81465729896438
xish1235	-0.142978014941223	0.865738629461209	-2.14460190444623	1.55618686350458
xokl1240	0.158864443328335	0.878634276258828	-1.55072563119037	2.16084066951676
yaak1241	-0.0446988848667416	0.869953975561638	-1.9201205769216	1.71890872565464
yaey1239	-0.0637842448325348	0.865742341630945	-1.97010976294889	1.72986464463877
yagu1244	-0.154545584457693	0.854780349333577	-2.06696677798911	1.53699163242093
yaka1277	-0.0792235479081854	0.842774257176532	-1.95186541107966	1.61843488970357
yaki1237	-0.188101529402143	0.866942579021509	-2.1966141844032	1.44343359666735
yako1252	-0.074693973476457	0.877615474656981	-2.04303770721135	1.73091525182295
yaku1245	-2.04626076693536e-05	0.860055388981757	-1.86590924665839	1.8659418201741
yala1266	1.05494552577467	1.10535244227681	-0.433852313685769	3.63575489651303
yale1246	-0.597958236510854	0.920994649992369	-2.83815158943509	0.782916656369268
yami1254	-0.124389259107824	0.848355470319181	-1.94859630114308	1.58908951278325
yami1256	0.126114195060098	0.8171268291613	-1.56275201419244	1.90861975629404
yamp1242	0.234234664818341	0.791755107554532	-1.2404266222676	2.07871055520957
yane1238	0.216184275813975	0.819953452468757	-1.34296561915966	2.12285203159765
yano1261	-0.0467294757959854	0.833174537981922	-1.86839474567409	1.65348999780484
yape1248	-0.0859542495806822	0.877584354147207	-2.0096125049824	1.72991395523917
yapu1240	-0.585771687062008	0.945467255834356	-2.84792463709979	0.882120377669431
yaqu1251	-0.147419996348917	0.857605964590335	-2.07723449120332	1.49723241263497
yare1248	-0.481299473126184	0.889231642923568	-2.67215255402607	0.978366685866391
yasa1242	0.244377457435948	0.907151831946331	-1.47998350020384	2.39848110561225
yatz1235	0.349269738491986	0.827687246678399	-1.10072514174762	2.34029961567835
yaul1241	-0.251642792016299	0.84911987024764	-2.19097631037854	1.34067225858236
yaum1237	-0.13706537629641	0.73306471671681	-1.73544296727813	1.34017582765519
yawa1261	-0.0585331285965929	0.753982189542187	-1.66498272754297	1.47390911347828
yawu1244	-0.0639444312991976	0.895568043656043	-1.98206690684369	1.81433444748296
yecu1235	-0.265291999811373	0.878449186938673	-2.32078722497767	1.36579039360627
yele1255	0.536762736236148	0.941874587479694	-0.951164582002664	2.78734431315994
yems1235	0.503057062462605	0.968115543507736	-1.06225106758926	2.91529955437533
yind1247	-0.0250647550743484	0.853529931941922	-1.86251696023355	1.75340129972623
yoga1237	-0.184474796719274	0.846526509852138	-2.12324325772506	1.45740563801998
yoku1256	-0.219390332248922	0.867902328789125	-2.25542793316653	1.41566911763765
yona1241	-0.10280273089975	0.849277507379387	-2.02874357615631	1.60979253916706
yong1280	-0.000841673183011397	0.841016772332884	-1.82774024033121	1.77224899435304
youl1235	-0.197334005474708	0.848528477705082	-2.14203878651725	1.44062531509588
youn1235	-0.0271705616903186	0.887063950558738	-1.96098935341295	1.85103109494395
yuca1254	0.181632810063094	0.876976594067603	-1.5498173597773	2.19180484462518
yuch1247	0.297950640568474	0.886602115801786	-1.33167565768623	2.3502252489681
yuec1235	-0.0454091092876882	0.858646721812861	-1.92594901295875	1.7265576392894
yukp1241	0.26555466848384	0.847918663732404	-1.31199992389594	2.22852778697933
yulp1239	-0.0478165399454998	0.863137289186029	-1.98045576115562	1.72465993835907
yuqu1240	-0.383309879762234	0.850762764812829	-2.3736238875106	1.04368288592199
yura1255	-0.382814648804122	0.857132595305348	-2.41973170876772	1.06913167519123
zaba1237	-0.0190462973339463	0.811130153758675	-1.7685498419437	1.71205144613443
zaca1242	0.0635454637367398	0.770952683060186	-1.5336777737788	1.73379823006222
zaiw1241	-0.0624973938670453	0.855030090503778	-2.00421239467764	1.65573486483125
zakh1243	0.187814859816731	0.837748043245286	-1.43576314837423	2.0980321995568
zamb1245	-0.0154466041124583	0.8971832760706	-1.9016981963637	1.88707908142892
zapa1253	-0.295329806696191	0.886184772744798	-2.40903834546406	1.33496154596092
zarm1239	-0.0250976386111027	0.862867311602507	-1.88467741516546	1.72698132033716
zaye1235	-0.109993496334495	0.856379236558193	-2.06575452076148	1.57927472252216
zays1235	0.0507630334763568	0.848777703814467	-1.75321580029632	1.94292556181162
zeme1240	0.737561259632403	0.903067142593939	-0.581136807777854	2.93072624266928
zenz1235	-0.0459193269634676	0.784209672122653	-1.72002977924104	1.57826503092608
zinz1238	-0.0221574365881746	0.891764058535041	-1.89161298117704	1.87030049167336
zoog1238	0.321330512612183	0.819899992072043	-1.15061905730132	2.28153243962422
zulg1242	-0.0884470471205563	0.875053597206204	-2.04879802222824	1.67724939774589
zuni1245	-0.204714166078447	0.859045332704136	-2.20782579730225	1.4350054654566
