Estimate	Est.Error	Q2.5	Q97.5
abar1238	-0.637056526469352	2.57948557993113	-6.00307740825191	4.2511262876248
abee1242	-0.137701591379385	2.78891475973097	-5.69779066167664	5.44771068268343
abkh1244	-0.175704011599029	2.83873014203205	-5.91939275448106	5.58435753982571
abun1252	-0.894504565962085	2.77744184324822	-6.59775837784748	4.4893901547224
acha1249	-0.314762729467291	2.74588296819257	-6.09700960038458	5.03844051814053
acha1250	-0.829724816138916	2.45590111137859	-6.16651792211779	3.67715579358283
achi1256	0.176346457437471	2.24673008431056	-4.2675393829388	4.72926639868968
achi1257	-1.03973120917373	2.48179552587111	-6.27410550746654	3.34824458774014
achu1248	-0.313632386697924	2.63696170239602	-5.74061890394174	5.01737105871274
acol1236	-0.0948246835233766	2.39265317383333	-4.84935472560167	4.47162374363248
adan1251	-1.63363426242424	2.54929552622152	-7.03303763797732	2.93942909455316
adon1237	-1.61170293890563	2.45237121723032	-6.9754212070608	2.71115365073548
adze1240	-2.58905369832556	2.49790088755389	-8.05558348413032	1.80048320323071
afar1241	-0.275457386747271	2.74952136060738	-5.94782427476262	5.03525147149248
aghe1239	-0.5644747951252	2.57197463816959	-6.08115812762097	4.36739152957564
aghu1255	-0.22423249635889	2.83445818313649	-6.09077312392617	5.36700672961201
agob1244	-0.378060929062407	2.76839193628191	-6.02367843298109	5.01184435072263
agua1253	-0.601731101634583	2.73515776262036	-6.32070643931892	4.54349448704627
agut1237	2.65392946742369	2.35963973638326	-1.51932857875296	7.83445629982286
aheu1239	-0.585239310591165	2.68256530927455	-6.14342100991755	4.55182670409131
ahin1234	3.6941121800174	2.33939141854284	-0.36808271174945	8.8332134046615
aime1238	-0.686570482232806	2.8345296388508	-6.59158910419955	4.68894087484932
ainu1240	-0.042892513665126	2.80914823226514	-5.57865013579832	5.44512345085193
ajab1235	-0.112769715323279	2.78208178314882	-5.65565857691094	5.33068606491308
ajas1235	-0.316010831886906	2.81393312043188	-6.21062026473897	5.33679412451789
ajie1238	2.58261933760947	1.75310301040387	-0.734507280367286	6.16343017338898
akha1245	-0.788975274192092	2.63695072236167	-6.34466867159223	4.19865443347539
akoo1248	0.612527248646315	2.62991183319932	-4.56109382337854	5.7693459458225
alab1237	-0.220041181552915	2.73538097406304	-5.8491756831022	5.08321733507794
alab1254	-0.77733181558093	2.68300828042614	-6.39102479960947	4.23106920969679
alac1244	1.07150577350792	2.21326655311154	-3.16724023265367	5.7574659815041
alag1248	-0.799127100700485	2.60298918697125	-6.20611570309978	4.04847910671844
aleu1260	-0.46606347884538	2.58624695880222	-5.96978671539205	4.35306562310735
alor1247	-1.65564180968399	2.53283027568034	-7.09921582003055	2.8891261529607
aluk1238	-0.0794620153530766	2.74648650785019	-5.69471389153828	5.31789965754058
alya1239	4.06182878286312	2.57441572527687	-0.43049399993346	9.61282136911291
amah1246	-0.458878127124802	2.68954881153734	-6.21885536796568	4.69613537893137
amam1246	-2.24326708274468	2.57869150520819	-7.87043559213293	2.4485979797039
amap1240	0.109877499868968	2.61301742386889	-5.17196949909203	5.30833447144703
amdo1237	-0.0331630217387546	2.86242150485891	-5.72036190449244	5.54586272493026
amii1238	-0.3646212548707	2.82501788646859	-6.30720605453478	5.1388730536931
amis1246	2.1434545290934	2.11010061759663	-1.67898092246392	6.53573041189501
anei1239	-1.81720867716727	2.32108656865077	-6.85847458726541	2.36112568511031
anfi1235	0.261674694674073	2.7372055201907	-5.12508237107172	5.83951145078045
anga1288	1.0274047847419	2.82653162201293	-4.56070473598811	6.90008298187307
ango1257	-0.403926689379183	2.68073627714158	-5.89840138791966	4.7824709592598
anta1255	-0.693541218022428	2.57925477353962	-6.17286115272796	4.15032696025063
anuf1239	-0.168909423572519	2.76155637643109	-5.71142621834272	5.15574657635306
anut1237	-2.18165765401672	2.36491479154433	-7.39204864196764	1.87209255602397
anuu1241	0.165774609511134	2.90799728770955	-5.57947005488692	5.93660731661648
aona1235	0.458174398168952	2.79566886691937	-5.03238284533207	6.18133815503508
aoua1234	-0.187927592006051	2.82215162971645	-5.93329059580744	5.42656678492277
apat1240	0.356822487609229	2.89559164366419	-5.33233842646687	6.37972420533458
apin1244	-0.277193521104001	2.65085057949776	-5.67307013678216	4.88261556839899
apma1240	-3.77427449694084	2.36909131856079	-9.11927559697479	0.246714134768997
apur1254	-1.19631618628288	2.44321027443591	-6.48421980500544	3.33920163077204
arak1252	-3.33598502318844	2.28433116083898	-8.44547237296494	0.627746272945256
arao1248	-0.573255629899943	2.50282854303487	-5.74681463342865	4.14509979577372
arap1274	-1.13759439347309	2.52621416755686	-6.62271660629154	3.51565469265035
araw1276	-1.25812203957752	2.33934956667347	-6.37365523997693	2.94311766610118
arbo1245	-1.99011725662427	2.59867871401359	-7.53212415990876	2.76225336143411
arch1244	-0.273945313561205	2.800192799758	-5.92668485615023	5.34216251371093
area1240	-0.295347733477608	2.00825628007829	-4.50185598655424	3.51547720889354
aree1239	-1.44000507634405	2.29611882209379	-6.46162498823609	2.57178972365018
argo1244	-0.513584959110199	2.66116131091729	-6.03161327511719	4.50658405781385
arhu1242	0.244144079134314	2.50510892593894	-4.95688824937286	5.01897054530011
arig1246	1.33279945927789	2.59968447929315	-3.71140962413597	6.86760907576851
arop1242	1.04409552414197	1.94667075798051	-2.76212809993673	4.94685369234353
arop1243	-2.40891095773324	2.50313617975656	-7.88736141943049	2.02184923399284
aros1241	-0.439999122319588	2.16534366185173	-4.95459951185711	3.56103540388612
arta1239	3.74820098098498	2.42312139254411	-0.551755158778259	9.12113834840978
ashe1272	3.09389641914368	2.4303264484628	-1.19752249555811	8.2035293361384
asoa1238	-0.190268996824507	2.75860190405864	-5.82533783568382	5.36657060654398
assi1247	-0.344125298812708	2.79654647098052	-6.23118104778721	5.03431775230242
asut1235	-0.365901076075312	2.67655778521309	-5.86381287545136	4.73922806310365
atam1240	2.42149534538975	2.39554520396982	-1.72529536496881	7.72352219567711
atay1247	2.08542334757024	2.11805663345535	-1.77200870553955	6.72137172143631
athp1241	-0.116281512206799	2.71883265332407	-5.7081270849845	5.28663083713435
aton1241	0.790271491753369	2.64083392925125	-4.2699201803624	6.1972063674524
auuu1241	0.922753179614474	2.21023762018254	-3.35309240614396	5.35485576368956
auye1238	-1.3080574515955	2.67157068978651	-7.06607185511213	3.58914837314832
awad1244	-2.53089078132281	2.51120384007043	-8.21071330814232	1.86204690561137
awar1248	-2.62321767601258	2.49739331586037	-8.18968369754078	1.72647370747646
awar1249	-1.61232235249196	2.47202244907835	-6.873609716511	2.88511755663242
awet1244	-0.938345304261114	2.56560274595292	-6.36797538162158	3.78684941796834
awji1241	1.81302180814776	2.40061676545136	-2.48446170542968	6.90346700533157
axam1237	-3.89279331098473	2.26988546917455	-8.82690024050395	-0.00866505143624131
ayac1239	-0.00326784556482802	2.72336347590077	-5.60420836627845	5.28902624743137
ayiw1239	-2.34995894565313	2.28103582065278	-7.69820995844648	1.4774898420886
baba1264	-0.592727120741603	2.54829197813892	-5.91363917452786	4.42138205399015
baba1266	-0.48398145241324	2.5520866679857	-5.68351364777497	4.40234914104867
bafa1247	1.26927751541008	2.58850594479351	-3.70709630279929	6.53737709302842
bafi1243	-0.180267537374287	2.62890219496867	-5.53579945142065	4.86772921458929
bafu1246	-0.499030702809282	2.53371038969029	-5.80520421963261	4.34951304415951
baga1272	1.61941922313274	2.63669427211008	-3.38073927362108	7.11017634251925
bagi1246	-0.979342100801606	2.33240790358641	-5.79211569646464	3.53499009972345
bagv1239	-0.27610338216992	2.78341898497168	-6.07458143235095	5.14304781971458
bahn1262	-0.833941039609607	2.62753841071464	-6.49911920179159	4.07239223254121
baim1244	-0.00927076888767511	2.85660849664205	-5.61642292610163	5.78795042668157
baka1272	-0.146063651792428	2.80342895568744	-5.7518862366952	5.37491756986837
baka1274	-0.118944747300272	2.76294408372368	-5.78497226395861	5.36390702800979
bala1311	3.40938530515246	2.48575014033169	-0.852882375354192	8.8963333906179
bala1315	-1.16772655198451	2.48586527121371	-6.69824182101273	3.2170661546998
bala1316	3.99706793861496	2.35487935041509	0.0476900034198316	9.22628936085598
bali1278	-0.92735487928289	2.46534919470736	-6.12584187163507	3.59364749652909
balo1261	-0.268818407333113	2.7045123992555	-5.78356133172855	4.98718451945079
balu1257	-1.86204503539753	2.41453038003959	-7.09444098047071	2.43959840479552
bamb1270	-0.653887975207399	2.34725429195407	-5.711647765971	3.73601852465714
bamu1253	-0.43108726562062	2.69781870486264	-5.99234491294701	4.88275714181481
bamw1238	-0.338463820717925	2.73915064367722	-6.00097842135729	4.85823778536541
bana1288	2.62037829957426	2.1623731476773	-1.25939481248694	7.06691749309001
band1344	-0.155386135868029	2.73187281409988	-5.61834203418465	5.22215172594874
bang1354	-0.177139272398762	2.83065208171864	-5.847918375836	5.28169525772907
bang1369	0.196608438826228	2.82910438733677	-5.36051763554763	5.93554130735764
bant1281	-0.126592685292184	2.77277201195944	-5.84873282236543	5.26004919895587
bara1357	-0.114213346016994	2.7590206040604	-5.64506196479983	5.25982293758023
bara1361	-0.190485952388551	2.78693653621459	-6.1024268216069	5.24340914452711
bare1276	-1.01928143858165	2.46747263846338	-6.42730672040076	3.65632590881619
bari1286	-2.336325854219	2.3987643935597	-7.56633650255407	1.84203422733349
baro1253	-1.52465407509525	2.15605091125179	-6.18804449551342	2.35963816768772
bash1264	-0.00259029372044186	2.77938040372497	-5.4717375999223	5.57528175627481
basq1248	-0.285213598195767	2.80060714372993	-6.1086998929103	5.23911617862309
bata1289	2.42321700150294	2.31574055619556	-1.74426101565529	7.33888016689957
bats1242	-0.281854215845905	2.85458583358362	-6.08809987659317	5.35127109205337
baur1253	3.28576589340483	2.45682918334353	-1.06122980278457	8.82261641363402
bebe1248	-0.3212408582338	2.66532608475542	-5.80961929631831	4.84455103789302
beem1239	-0.116877180162824	2.79353174979955	-5.78772534037441	5.35033459081098
beka1241	-1.2634728948344	2.49257346700629	-6.61848561997968	3.26219619695313
bela1254	-0.193693250648014	2.74012394890044	-5.69033747217245	5.13077924759829
belh1239	-0.126454576986716	2.72770732181655	-5.77765734925334	5.19083102456389
beli1257	-0.120735298769376	2.85348915448861	-6.00466408419162	5.65163973492319
bell1243	2.11970578132162	2.5151353558347	-2.37414628298164	7.41816335026197
bemb1257	-0.0942238294928151	2.82470995374176	-5.83010538689442	5.40899908944485
bent1238	0.559536406403718	2.61799228467757	-4.47703801417396	5.95363599939794
bert1248	-0.51816443539796	2.72743901884828	-6.16160349328204	4.78457301085946
bezh1248	-0.293640579571695	2.8069901740496	-6.10259946946886	5.24011887468489
bhoj1244	-0.131292053241883	2.79802595265096	-5.7756390548963	5.42950335349951
biaf1240	4.24646299829529	2.87874178017846	-0.6021095635901	10.5338700739531
bian1252	-2.45800395069692	2.48166103038241	-7.97256398147893	1.92014267758307
biao1253	-0.109992260019679	2.89246814688316	-5.86342916092349	5.55309785318117
biao1254	-0.0763436007119534	2.82141176699146	-5.82592129406172	5.68301417923916
biao1256	-0.102098741461023	2.86523584658194	-5.9547277182236	5.56776053977779
bier1244	-3.87520210285288	2.27365643245973	-8.95641425256017	0.00317877847541795
bign1238	-3.69888840169163	2.20225710702015	-8.55676931274581	0.102702477742689
biha1246	-0.848318374609213	2.65779273873145	-6.48431067945609	4.17415971702179
bilb1241	-2.33832244773572	2.45983890923477	-7.72496314210383	1.90969877831851
bili1260	-0.591244063429144	2.60954935752814	-6.17307889433681	4.26486823482999
bimi1240	-0.416117695301877	2.73866137558709	-6.12008804804655	4.89743970125436
bini1246	4.32299493273922	2.85492225097317	-0.498760988617767	10.5198846031528
bira1253	-2.02158483424893	2.57729630632476	-7.49218804421	2.58209324408861
birr1240	-0.111131547259525	2.76935492987417	-5.88433016085239	5.25000168481006
bisu1244	-0.644921981896443	2.65952703867716	-6.07946877343809	4.54209051403468
bitt1240	-0.851833132964289	2.55192200183575	-6.13907979320101	3.9216376698045
biwa1243	-1.01491888507387	2.60519793228591	-6.42166403675147	3.96723965952161
blab1237	2.42735470568511	1.7259324429385	-0.788672072971265	6.06648817908766
blan1242	-0.777674881112611	2.68296536571039	-6.41214445780485	4.29566665341572
bodo1269	1.19572981702483	2.68841815752704	-4.05657321904162	6.89502347870313
boka1249	0.0556076393166556	2.88316365411323	-5.66689908171945	5.85209073876217
bola1250	-2.19483680894572	2.42446546462075	-7.30427494641713	2.07471962247467
bolo1262	-0.264936641655285	2.70174665487944	-5.78088732745723	5.02399112088589
boly1239	-0.462093906596856	2.67561373758826	-6.00495930127574	4.71243349184073
bomb1262	-0.334058283987677	2.78195391719845	-6.30854774490945	5.14700032551101
bomk1234	-0.176932726705498	2.68511041149949	-5.76768871253161	5.00402242106285
bona1250	-0.0541954014044062	2.87867037991235	-5.89246170527839	5.71142228850273
bong1285	-0.146753526566138	2.79211247298843	-5.7000005881579	5.40892492013389
bong1289	0.350494701355518	2.19305462956972	-4.14933122660333	4.59554590470325
bora1263	-0.241689745860684	2.50970609131115	-5.27081447008679	4.63694362166131
bord1248	-0.361910391828111	2.7121016112981	-6.02955486998791	4.81846522591642
boro1277	-0.499203556137707	2.79091802945156	-6.19741377506295	5.02029302840485
boro1282	-0.322500222721856	2.64166807050868	-5.84989048444127	4.77523997564305
boto1242	3.01885217104481	2.57595412747047	-1.49012435439361	8.74876946838149
boun1243	-0.15420085872362	2.78532089966605	-5.7384985591752	5.19087335099752
boun1245	-1.27881434585035	2.74720166068212	-7.09168741992712	3.97129827319263
brah1256	-0.128939777434357	2.79895113971814	-5.66753460289238	5.56381705021144
bret1244	3.81049912015524	2.7187124899473	-0.873149682387633	9.85682349384569
brib1243	-0.550381029299759	2.63266903214903	-6.10683678120675	4.51511691618523
bube1242	4.53840533486436	2.87755144748643	-0.480875363441192	10.7870774317972
budu1248	-0.198382351812292	2.77260245934971	-5.96904708321112	5.36852473311886
budu1265	-1.32347555661814	2.4940684192809	-6.67695434610938	3.21083755841774
budz1238	-0.228368909675582	2.80556144838485	-5.99251742114062	5.22450868821583
buga1247	-0.463930180464504	2.64023982474617	-5.92665184805259	4.56924410784902
buga1250	-2.69779636974425	2.39644970409897	-7.86159406746943	1.51780568359892
bugh1239	2.32829615157101	1.76806494628021	-1.09004487394438	5.93556614986246
bugi1244	-1.37161806277715	2.44937730363215	-6.58055873768017	3.10386515482006
bugl1243	-0.437813246335146	2.63506707277157	-5.85440504224401	4.62431070088924
bujh1238	-0.137267321267622	2.80196242872326	-5.80073680154694	5.45326431952125
bull1247	-0.017414496954407	2.70727413790753	-5.59628145531876	5.22981517183855
bulo1242	-0.698489653373656	2.73726333798783	-6.47443402992729	4.49758963741183
bulu1251	0.0520958970627951	2.82312347192089	-5.60174745789408	5.70597377926118
bumt1240	0.189611082300187	2.7875949773396	-5.34707818075678	5.97689104215936
bund1253	-0.139648101741856	2.80687018621008	-6.03151142639883	5.20808306267823
buol1237	-1.9684422645688	2.33742579587335	-7.15304187140544	2.16981294435646
bura1292	0.281638939100341	2.07191072411434	-3.82803109871152	4.31366652140758
bure1242	-1.24143026173008	2.47789663194509	-6.58835187116899	3.34266581653474
burj1242	-0.641498632003887	2.78743122365226	-6.46772775904399	4.67050162934984
burm1264	-1.23561667582285	2.64542352984121	-6.83019520836642	3.70622967528485
buru1296	-0.19388094857615	2.76779572916633	-5.88337686257032	5.23896858550167
buru1320	-0.762451499281745	2.58098693917871	-6.1395650768597	3.93285567659486
busa1253	-0.223964627845274	2.6890522047628	-5.70873470945241	5.12986555458149
bush1247	-0.0607050660550266	2.83865283200571	-5.72200612441665	5.57036108955119
buwa1243	-0.0661733312795601	2.02614282808681	-4.15641269145171	3.90454769175887
bwat1240	3.14137931554674	1.99931409978323	-0.430501590906078	7.47405647874132
byan1241	-0.120150822791597	2.8684254529601	-6.15966928403891	5.48857566057723
caac1237	4.03388431096664	2.32436830566709	0.0521747141800012	9.16328648925421
cahu1264	-0.585129950254166	2.6578615248821	-6.17885966386951	4.40295208792822
cakf1236	0.23337337034854	2.17764227678356	-4.07805405367261	4.62877627193518
caml1239	-0.116969691457393	2.77074338470242	-5.7574303766932	5.23223482036191
camp1261	-0.174187501177275	2.72340331635447	-5.81503970665906	5.09067243324698
cane1242	-0.333408261901023	2.67696879632529	-5.80522202588975	4.91026510582017
caom1238	-0.0906088120996259	2.74840563370852	-5.77057976831442	5.546442698972
capa1241	-0.569124713684385	2.72424856923066	-6.34332281628996	4.66641394957435
carn1240	4.20865890066651	2.73066306344008	-0.467551573330033	10.2465206252847
caro1242	-0.0989593458608286	2.51763444848705	-5.2918392570057	4.6435689623922
cash1251	-0.128030460160839	2.46978302788884	-5.31065026322712	4.42717190520529
cavi1250	1.06806203470639	2.43635681856247	-3.64734539751103	6.07328107543467
cemu1238	3.51149153472613	2.08608338275964	-0.238560429530725	7.87672045110443
cent1989	-0.669174626756161	2.74120379146096	-6.44486749361719	4.55109145195764
cent1990	4.18211009785972	2.66745877717671	-0.500890981095558	10.0934759146233
cent1992	-0.847971802491239	2.7081468939829	-6.50363677077924	4.28973452496402
cent2004	-0.141874991246231	2.83498495956857	-5.91975056186079	5.54827049143343
cent2050	0.0627713925747917	2.43955669730129	-5.04725067879191	4.85394132176113
cent2127	-0.517382147620345	2.64494145572787	-6.15667544844595	4.58327059765522
cent2131	-0.32691753080133	2.34683244961193	-5.17511013616538	4.13209119000683
cent2150	-0.380621006965652	2.72703850740804	-5.87957143821538	4.7382146860794
cent2292	2.1929746759502	1.95133816514913	-1.48360513908693	6.19710381569259
cent2314	-0.503368558890004	2.70349826734539	-6.0076157404816	4.71593526531792
cent2322	-0.0260986879805442	2.86925847747598	-5.80807210569833	5.70745679286151
chac1251	-0.00493781947724865	2.56613492829333	-5.07485961678452	5.10135564826097
chad1249	-1.51936303089565	2.44295156797249	-6.86647103953558	2.81580305567859
chak1270	0.154008262888254	2.89980673757774	-5.59849642547246	5.92416638944106
chak1271	-0.211714345267491	2.78108887973728	-5.97427098037559	5.34675603439899
cham1309	-0.271022265322495	2.79015132012515	-6.05432133292143	5.27772459557022
cham1312	2.11770397641762	2.40695037030566	-2.13393512662618	7.31045298027704
cham1315	0.695795285711466	2.46967366963984	-4.10832916185212	5.76103538107944
chan1313	0.264381363596868	2.78904197741786	-5.42275934315342	5.80386601105823
chas1234	-0.110446900574532	2.82934951265902	-5.74108365865731	5.5588316121247
chec1245	-0.169114002837044	2.85441212317148	-6.02812810983381	5.3968883650552
chek1238	2.07191649291063	1.67009608948071	-1.12924277435369	5.55148051025265
chen1255	-0.0559491609358959	2.85080002682597	-5.83678779398927	5.61470571907476
chep1245	-0.139908763615689	2.75610493065111	-5.72862916924091	5.22248942309231
cher1273	-0.528499918483542	2.61915263285313	-6.19216020962405	4.50814041259848
chey1247	-1.19995218111418	2.39793597577867	-6.45367783964243	3.16311625236933
chhi1245	-0.12905686882196	2.7298911440762	-5.694926741918	5.18039593966108
chic1270	-0.345179436331769	2.73474226337045	-5.99880871508157	4.79142944557319
chil1280	0.521213142239218	2.56523626709914	-4.66618730077577	5.65930358428414
chim1302	-0.595857669116484	2.77915792566933	-6.41913560991946	4.78704421667322
chim1312	-0.408746836608436	2.67870315585226	-6.03337656810033	4.66994494735903
chip1241	2.29744342303237	2.38444262571098	-1.92730635465502	7.54792855777327
chip1261	-0.414168828581455	2.66281874934322	-6.07390038962662	4.50515062408843
chiq1248	-0.571529856674376	2.689762791362	-6.1843024496795	4.6525763360666
chir1283	0.732276918739418	2.84184486946564	-4.81947853893222	6.65120553912287
choc1276	-0.478424790960009	2.66971906372454	-6.14560945689481	4.5545508443402
chon1284	-0.558012181255559	2.68116044324154	-6.0731809792677	4.55060525157177
chot1239	0.945966476602824	2.83162454230343	-4.44602532652012	6.7811902025228
chra1242	-0.329263640427255	2.80292162503957	-6.03061367377412	5.04370662537118
chuj1250	3.17155560181706	2.65350190949428	-1.56167091257075	8.91515470950466
chuk1273	-0.0939218566941997	2.82345456493738	-5.85675128161232	5.5076800199098
chuv1255	-0.0507309197289697	2.91766967407444	-5.90488727468657	5.70847764968843
chuw1238	-0.0580842410350915	2.7953509284559	-5.81833574894923	5.52183669190314
cici1237	-0.344587939159933	2.77979526562824	-5.98315573801087	5.06675302202534
coat1243	3.68674764666585	2.74181189580651	-1.07931308018131	9.76638001547913
coca1259	0.121048762447803	2.62217537538665	-5.17972661021132	5.22695005002714
cofa1242	-0.380444019581537	2.5846220968574	-5.86100714712473	4.64450159026104
cogu1240	0.264075383155599	2.54593023241362	-4.96242957316922	5.17813052178694
colo1256	-0.829210067865255	2.66174387651897	-6.34950582445479	4.23217881890883
colu1241	0.738417536710316	2.38553328765542	-3.55583892572619	5.77908826577149
coma1245	-0.602177239209665	2.54925185740935	-5.85880760830603	4.23075540920359
como1259	2.20359062163002	2.64870818707567	-2.46565323268698	7.92249957589501
cong1236	-0.121991212830298	2.79947367884085	-5.83730552756684	5.26736647584848
copa1237	2.63292996084187	2.47473414755768	-1.81048771876226	7.93690997228345
cori1240	-0.513289921511893	2.56555091095761	-5.808695795361	4.37734755057751
cors1241	-0.205841623199502	2.73820774335988	-5.89662245881193	5.09728690354447
cosa1234	-0.844645779672589	2.59340400201739	-6.41458549205541	4.06216609567785
cree1270	-0.69790041851997	2.56102376085167	-5.99896827776755	4.11998072980644
crim1257	-0.028530810273767	2.86067563985534	-5.71964820222088	5.76670619187709
crow1244	-0.963019780606352	2.68182087743521	-6.51637038797568	4.09255142863188
cube1242	-1.51889817609168	2.54129254484054	-6.96476287038128	3.13027300392134
culi1244	-0.914953734250748	2.59820678000557	-6.28893199317188	3.97857519196514
cypr1248	-0.944523647434118	2.38741535936095	-6.21540730191942	3.41210789972268
czec1258	-0.156613870552281	2.73896448259368	-5.85601452464918	5.26274983177042
daai1236	-0.00129682208985665	2.91488799593077	-5.79520880824746	5.81213216795415
daas1238	-1.46368644910666	2.52608857964311	-6.81333560141844	3.15548813084322
dagb1246	-0.202407841212848	2.84886368277985	-6.00203443176777	5.47812602619647
dagi1241	0.222109251757561	2.7655455543468	-5.37377718959962	5.91097348278669
daka1243	-4.0100415797073	2.24750243143329	-9.06777120325912	-0.17186894048091
damp1237	-1.59245726431182	2.47932258891254	-7.00826395774769	2.99086716824771
dana1252	-0.291332490441936	2.78235351732264	-5.9696460271683	5.12839877291792
dani1285	-0.243189187730202	2.7461378779106	-5.75380035045406	5.11559373088352
dara1250	-0.134123583798043	2.8126437585841	-5.94001606517892	5.47776102032864
dard1243	-0.355944408640995	2.77928724819002	-6.1414732493442	5.02408819490289
darg1241	-0.220787009135386	2.78365851970755	-5.8974201625769	5.35156289001903
darm1243	-0.11496464293575	2.88586772206888	-6.18994098755366	5.56544307166427
dawr1236	-1.20993212728014	2.77057994797122	-6.86269656929854	4.10146847716801
daza1242	-0.365782046473807	2.80182432817232	-6.01159761872162	5.096044491277
defa1248	1.10324577816948	2.54573084092488	-3.79600031088815	6.31303198755734
dege1246	0.945797925863869	2.58127414513497	-4.16827525479355	5.98660038349958
dehu1237	3.33725711023577	2.19964253695695	-0.428269707056314	8.16804871263038
dera1248	-0.187794415232843	2.18188203628413	-4.71445008913968	4.00681845973537
desa1247	-1.88304637077742	2.38893437122811	-6.96225937088508	2.39041406027127
dhao1237	-0.00249983147790218	2.14890983472384	-4.49382732797231	4.16415010436036
dhar1247	4.11849660638095	2.7092237740059	-0.599416417888522	9.98351955533253
dhim1246	-0.0493285619188959	2.94758129858165	-5.83889043079116	5.80248146025127
dibo1245	-0.184550552630451	2.72528555337043	-5.7706675241534	5.02562488795363
dido1241	-0.276550644497614	2.79301815771542	-5.99797013578878	5.2651527347831
dier1241	-0.26062619298339	2.7788376875702	-6.04828254468329	5.19982067736076
diga1241	0.0119543609003605	2.84163742454319	-5.78159076953748	5.57005664071307
digo1243	-0.233542379683525	2.78664148686439	-5.86888601917958	5.33522759822018
dima1251	1.8850980993336	2.73976834804497	-3.14468637003527	7.68278052838429
diri1252	-0.0930536732701426	2.84482362381908	-5.83788379119274	5.44699593360354
djee1236	-0.579811844942869	2.67485088227507	-6.07475723321342	4.52173655574785
djin1251	-0.202116253013855	2.75885764410532	-5.87760664726831	5.30678723114685
djin1253	-0.599005124403692	2.67683881197848	-6.4378236617406	4.45251616722264
dobe1238	-1.15110036008251	2.42813806091111	-6.32838595295573	3.22201374950855
dobu1241	-0.567782979024565	2.15141969297265	-5.05469166878511	3.3987578201379
domm1246	-1.66063540990673	2.66310898827201	-7.21105366644633	3.40304253698148
dong1285	-0.0440133417420664	2.88324698646386	-5.87001666615646	5.69356236564951
doro1266	-1.79518481764831	2.47598336408336	-7.15169338838953	2.69978524251356
drun1238	-0.0691883667221566	2.84618978512518	-5.81048210713165	5.5639514418221
dual1243	1.78411216337807	2.60272159553138	-3.15262706731355	7.33423317735521
dumb1241	0.776782640162126	1.96341120395259	-3.22459693023286	4.57525413243357
dupa1235	3.20659035356223	2.46237046710452	-1.06015161637087	8.60671137501573
dusn1237	-1.7677646168887	2.4463215622386	-7.18252028522102	2.57875614159326
dutc1256	-0.257594527331194	2.75177299823186	-5.86247644235868	5.02327486252465
dyir1250	-0.591146564717801	2.74015835570421	-6.35701812219809	4.46775884043095
dyul1238	-0.448353026174292	2.78359163073953	-6.36035449322551	4.96326620097303
dzao1238	-0.0861532352105517	2.8086427339694	-5.83654293937504	5.56302100587829
dzon1239	0.0925630040689623	2.87116472517408	-5.84133904931597	5.73042097512126
east2328	-0.0840735981553456	2.79185348680772	-5.76599175839664	5.37990111837952
east2332	-0.621848648452029	2.69962905973342	-6.28761965152706	4.52284604233253
east2342	-0.396545311030367	2.79536836452449	-6.07645083352498	5.01620002563201
east2379	-0.667374664946302	2.60835895117627	-6.16253525964742	4.37326063614922
east2443	-3.56882798051462	2.40602773805048	-8.95159904737296	0.529918556747162
east2447	-1.33107040116297	2.21411040553254	-6.03773305223722	2.74229919763485
east2516	-1.18483224326221	2.6883889241559	-6.87699635782906	3.91875915451128
east2555	-0.133157665150393	2.66178381914796	-5.4676653506244	5.07414351224788
east2690	2.56811179183259	2.34282005937877	-1.4794995982418	7.54154516349339
east2773	-0.13178343023676	2.76587015525976	-5.84483916349497	5.33122073641528
egaa1242	-0.104816869728937	2.87948162477943	-5.84752499450108	5.79179433613002
egyp1253	2.49536155040377	2.36481781297699	-1.66332091010685	7.60471695017892
eipo1242	-0.211751301844797	2.82717154499033	-5.96565580242673	5.21825033097112
elem1253	0.927032750136064	2.52947003031441	-4.09380912566693	5.97511550275696
elip1238	-0.0903806159332994	2.66736906700748	-5.44986689569909	5.15483442026471
elna1235	2.84384995045945	2.24268721785316	-1.11264316101912	7.76996140892936
emae1237	-3.62206646726175	2.25823776922476	-8.65520548746945	0.232272952989931
emai1241	2.37677900919412	2.55923900750028	-2.37437141440273	7.92037606159039
embe1260	-0.374265381842177	2.74416459527138	-6.10952417078463	4.89522799772516
embe1262	-0.449367892528492	2.70605612928775	-6.07601780728322	4.80279699210718
enap1235	3.38336129292213	2.58518013842852	-1.23081399557886	8.98938498920748
enuu1235	-0.602491699999151	2.65074373177347	-6.20274029737768	4.46113829779248
epen1239	-0.18901868763538	2.73199313410914	-5.86250733015725	5.18648704559284
ersu1241	-0.0386505557293865	2.77472673033823	-5.77315195313468	5.44397811966546
erzy1239	-0.0385914892544661	2.81284095326368	-5.80806863360311	5.60305116871043
esee1247	-1.73895045883255	2.50632199931193	-7.21287930887919	2.76455096598895
esee1248	-0.650648087887634	2.57119229206018	-6.01455558548152	4.28191452023601
esim1238	-0.498256990366844	2.59859820845193	-6.0059088713875	4.43722986497573
esto1258	-0.010689135244722	2.76406280252612	-5.56421604688061	5.48119575047585
even1259	-0.0576386713086454	2.83677180309922	-5.74401430276564	5.53586670129444
even1260	-0.0705214202417736	2.75445506653161	-5.67508128117757	5.40595869791304
ewee1241	-0.180105520158274	2.77733867573123	-5.8230647183667	5.19855090963741
fala1243	1.92499629536206	2.77294616268698	-3.24757859377288	7.79820444393522
fare1241	-0.115663555626756	2.74375928947356	-5.58684688184502	5.23753886924105
faro1244	-0.15497434104366	2.73347811756319	-5.91791532052844	5.00769047912091
fasu1242	-0.894433627154124	2.718313957451	-6.56521906844024	4.24757189863428
fiji1243	-0.327383918420774	1.97894374989106	-4.48670101306152	3.38598497159728
fina1242	2.6527800741593	2.02331715595349	-1.10118296494134	6.81133865899024
finn1318	-0.045580313619833	2.83453371020492	-5.66503463959245	5.6404669334918
foii1241	-0.995536924324011	2.69915948793049	-6.57564616782266	4.04339701576879
fonn1241	-0.112018277795583	2.77296520606092	-5.66413627968496	5.23266029594606
fore1265	-0.0534619490975533	2.81371670654333	-5.67573017256395	5.59113876657992
fran1266	2.31877401041077	2.55017581539066	-2.22021514888152	7.98312200239854
fuln1247	-0.577234039191253	2.66903553262226	-6.12519314771226	4.56484547681791
furr1244	-0.266791475119604	2.84107998088119	-5.90751370837552	5.35915559056494
furu1242	-0.193733747056662	2.79825613193162	-5.89054106736204	5.4776285758291
futu1245	-2.42699329709011	2.23011316377964	-7.51889257513353	1.37558826243848
fuyu1242	-2.04789202858134	2.54173321459327	-7.78971351662446	2.51164218932762
gaaa1244	-0.169948499737683	2.78946174038831	-5.81464907856781	5.20757307761417
gaan1243	1.02611267474227	2.05115052028224	-2.94619083954758	5.22286682472045
gada1258	3.18356141529363	2.22280554338287	-0.900933897423374	7.91735530315246
gade1242	-0.208493963252995	2.68272912662324	-5.7449855444757	5.06882700860644
gaga1249	0.00109746432348725	2.7790471558842	-5.49725536912713	5.6170371231292
gahr1239	-0.0225048560227969	2.81772813339356	-5.84975741255684	5.56395877507256
gali1258	-0.142922990111177	2.72269424019984	-5.72914478792293	5.31643880735504
gali1262	-1.22177232633643	2.36655151025825	-6.35955318111206	3.04638799604024
gami1243	-0.432506714026145	2.64181165446921	-5.78519599300448	4.59904467368529
gamo1243	-1.51078274646819	2.72487954519025	-7.28837716180985	3.59264578666985
gand1255	0.00239835851822125	2.72779605671244	-5.64542873971742	5.38734496353589
gant1244	-1.69150390590859	2.68372001127443	-7.40097997115324	3.16461071728447
gapa1238	-1.51405454847216	2.37180555161634	-6.70326167737597	2.65016000525363
garo1247	0.671508808343358	2.6777940648527	-4.40018875239255	6.11873620830635
gata1239	-0.242181438674104	2.62210500801403	-5.7458872426842	4.75121119783088
gayo1244	-1.19844875370557	2.39102326404254	-6.25033161239771	3.08859536865815
gbay1288	-0.324332947426481	2.81919149267895	-5.91634029194762	5.08885901993896
geba1237	-0.204590322687887	2.78236937553956	-5.8066509929228	5.33530856668998
geda1237	-2.32627419642053	2.46340134377789	-7.80909184273701	1.93983092470517
gela1263	2.6512658672262	1.94186379809688	-0.899636382702562	6.7147028510162
ghad1239	1.64260666622335	2.46102382494528	-2.7892128463881	7.08563336981881
ghan1242	3.60316082140274	2.35498810426903	-0.476569689026211	8.81658481280088
ghar1239	2.94046933724601	1.98505476777104	-0.69740594531231	7.07295459893073
gheg1238	-0.294715910726871	2.72953213118349	-5.83118779699421	5.00120763953595
ghod1238	-0.263506800847343	2.80876912854313	-6.07150763674563	5.32219416773138
ghom1257	-0.88185511128647	2.30091310402051	-5.76601365858362	3.61024181041067
gilb1244	-0.585597987111887	2.4832974562037	-5.81922613468633	3.96373227930241
gily1242	-0.0953628994073547	2.76216669830076	-5.54949775978141	5.50062911131272
giry1241	-0.247130307481371	2.77297529648346	-5.97167263953359	5.30763531571957
glav1244	1.4308371791036	1.97376520685734	-2.31149942282124	5.47445151453552
gogo1265	-0.51888959403273	2.76247261042061	-6.11497416200694	4.83220872479484
gola1255	-0.203778923997687	2.77154627669025	-5.87818206848721	5.12083394596668
guah1255	0.0374972795139266	2.7395537990341	-5.48463648681981	5.45422609466748
guan1266	-0.0114222056835244	2.88477004216091	-5.71489496190456	5.9118125877925
guan1269	-1.70091813868844	2.47482137440851	-6.86337425225071	2.97838305627049
guat1253	1.97782172581873	2.64241452769926	-2.83869451029567	7.77927496098544
gube1234	0.4321446918103	2.72946883928584	-4.97589328089152	5.87485496155353
gude1246	-0.255609295603081	2.10616988928997	-4.52705723504558	3.84698713964462
guer1243	2.23819057583199	2.44768611871916	-2.11214216155926	7.57252027966048
guiq1238	-0.0442367066047303	2.83989699896069	-5.83856499113846	5.52036689078552
gulf1241	-1.2525377006807	2.39598897536211	-6.3616568912436	3.10385595643982
guma1254	-0.0444415694382199	2.0476312154935	-4.3177120481301	3.82256024932977
gumu1244	-0.451387745693855	2.84298481382548	-6.16909551622485	5.13859538450297
gunw1252	-0.478494129305276	2.71077349065068	-5.93746168640529	4.75476020141052
guny1241	-0.506446717091694	2.69518512537626	-6.05239246789488	4.63432430805295
gura1251	-0.585397235236114	2.66043368336663	-6.16923677232808	4.5095549219209
guru1261	-0.12709510060785	2.77520155140628	-5.87739393318056	5.29150768038695
guru1271	-0.695228727776446	2.35479190467302	-5.58406612421864	3.71848575241131
gusi1247	0.658941729205029	2.32659864530439	-3.96134668187693	5.35267996870205
gwen1239	-0.34403830449444	2.68028983482637	-5.83702615833158	4.84111939697473
gyel1242	0.912838924230089	2.78307926198641	-4.55141417813811	6.60482433963454
haaa1252	-0.142792828703084	2.78371205417639	-5.89654920558306	5.52545845508459
hadi1240	-0.843734540504636	2.64001365894694	-6.38525161422415	4.11481977628944
hadz1240	-0.627160041200384	2.71521893564884	-6.4234060589785	4.57171772620389
haka1240	0.792800280957615	2.82296425475184	-4.66248900115576	6.64038370974682
hakk1236	-0.0239367955656224	2.83899496727875	-5.63320703340424	5.51660721384485
halh1238	-0.0700605090581461	2.81902180389344	-5.59592494673335	5.62614491771768
hali1244	-1.92016110086173	2.4359693213666	-7.27028883497027	2.52478942356353
halk1245	1.78005409015414	2.62568370453587	-2.88167824577144	7.47078815850711
hame1242	-2.29247378796982	2.56392005313333	-7.87537418503368	2.48155820136151
hang1263	0.329325319376013	2.46877768816398	-4.57252842547437	5.23563776047079
hani1248	-0.530670370557344	2.81089308251071	-6.24730204630295	4.89454890461786
hano1246	-3.56139446559195	2.42281952336363	-8.98880348172143	0.60469070100742
haru1245	-1.45690555871917	2.67348187371404	-7.059547176411	3.54018149792998
hass1238	2.40822825164599	2.35823721476105	-1.79158235250433	7.71805144675889
hava1248	-0.861220893971122	2.63515060161604	-6.33585711420086	4.1387130536583
hawa1245	1.4840310621468	2.31629446270048	-2.61461082842315	6.58232227372653
hebr1245	0.0155007996886693	2.42764227775819	-5.02424884336865	4.60670556186387
hehe1240	-0.225686739396153	2.71178168681186	-5.67971767290922	4.97391791770077
heil1246	2.36473921366601	2.59282997067913	-2.27607565652874	8.05571458417036
hela1238	-0.144846046443264	2.75931241376863	-5.70912036209988	5.18125102637016
here1253	-0.0698033677647027	2.79162169546579	-5.6726539975328	5.36729985632696
hida1246	-0.588443894245859	2.58951084905493	-5.99636061501325	4.30324417916757
high1276	0.779158566176348	2.07148316073963	-3.27667803939061	4.97882614294821
hind1269	-0.215241685138156	2.86787125438934	-6.01103345942006	5.42420687209383
hixk1239	-0.619556497044508	2.59190362217352	-6.14483751182277	4.09104783426591
hoaa1235	-0.408903433992002	2.75720258257153	-6.08533603935195	4.85071635717979
hoav1238	5.23208966065156	2.37433591633087	1.17154402241016	10.4271926749004
holo1240	-0.136328185974034	2.72633719133841	-5.58540586606762	5.07466076228392
hone1235	-0.911738603994418	2.48925876103428	-6.09892688916487	3.82265492175803
hooo1248	-0.25940227394194	2.68859038320937	-6.00217334303924	4.88136704602271
hopi1249	-0.858101278486192	2.60633484839306	-6.51554061239035	4.05451537347368
horp1239	-0.00278192800113737	2.84705616947555	-5.73731112692923	5.83458527087342
huaa1248	-0.283085538141574	2.79979824321637	-5.96496580587868	5.23435681507138
hual1241	0.848352718278221	2.39987654212738	-3.90540630830828	5.5412484371845
huam1247	-0.598486669267608	2.76116255071733	-6.34731723629783	4.84630843785051
huar1255	-1.18897974730247	2.39556551732701	-6.24901198687332	3.18582495379985
huas1242	-1.74520860202831	2.3982479924289	-6.87953671853558	2.66971243824607
huba1236	0.329101862701129	2.07243166685126	-3.81232965727761	4.43312102568235
huic1243	1.18858452484017	2.06947754210751	-2.95371701959574	5.34711677799657
hula1244	-0.729811598300148	2.54413944779686	-6.16480077485955	4.0975459510246
huli1244	-0.795940050392919	2.79196819796157	-6.70653071204074	4.59311887980337
humb1243	0.337782926524727	2.66756356136872	-4.99179532406305	5.73541947402245
hung1274	-0.0518756955619941	2.78709300256691	-5.62114050440217	5.52104758125292
hung1275	-0.577529585668921	2.77028317682437	-6.40178720590994	4.85410721230344
hunz1247	-0.297287029461182	2.80314192009771	-6.14290076169357	5.15151394979659
hupd1244	-1.92891896344019	2.43347813757695	-7.00537249210196	2.55036226679377
hyam1245	-0.509814679349719	2.59324467634103	-5.91034810696643	4.53038917895211
iaai1238	3.57172182872447	2.10759626220228	0.0132407347197222	8.01333712840123
iatm1242	-0.425495890706411	2.58312563337677	-5.73926657836505	4.59521824219612
ibal1244	3.3466241769651	2.28229202124612	-0.614928468059627	8.35537776882864
iban1264	-1.07651102362184	2.63639824712876	-6.86586079016153	3.65021542135897
iban1267	3.35717753636853	2.37837899712179	-0.889587767598988	8.44420992901216
ibat1238	2.69644515349369	2.44910084910099	-1.51069092626721	8.10519617923563
ibib1240	0.828590258939948	2.62281109689426	-4.31238059347493	6.30548683662077
idii1243	-0.417294797774939	2.74799484730188	-6.13459568259966	5.01154693755564
idom1241	0.342194619019215	2.70519505084232	-5.14560176375406	5.70420957863201
idum1241	0.00680311929336682	2.85477399439642	-5.6565348811958	5.70500267133566
idun1242	-0.949304702598318	2.13359530305973	-5.59982982999377	2.91173785487968
ikkk1242	1.28138748065532	2.77133045627948	-3.77831940836015	7.23712116654342
ilaa1246	-0.130130356027862	2.86121341821577	-5.94512961717432	5.47950222998412
iliu1237	-1.72648448049546	2.46207106388592	-6.95664334392053	2.75334647202942
ilon1239	3.80898864956762	2.41036596778985	-0.441077600844399	9.08990085798181
imba1240	-0.655941036183889	2.7114209230506	-6.22713177242858	4.60038929539528
indo1316	-0.615479473551403	2.50520640829073	-5.95976675685008	3.98882981694862
ingr1248	0.0106287310130755	2.87949690363166	-5.74144721308366	5.83315038711911
ingu1240	-0.219358373711738	2.8536671168731	-6.06937863862693	5.27514472025325
irar1238	-1.60758951759137	2.46469063311305	-6.72008103921184	2.83581352923963
iris1253	0.149607760937074	2.69795058047384	-5.19450382569988	5.44753515947214
irul1243	-0.0223519085672472	2.74147749547383	-5.62538647691811	5.58688187111383
isco1239	-0.61310968285129	2.66737133591241	-6.27733938401744	4.47724495877188
isin1239	3.824083447741	2.37517463160523	-0.302877376003755	9.09831571882158
isir1237	-1.28355607074908	2.56788092784831	-6.77745767567246	3.31611166887411
isna1241	2.80463658619389	2.39875665512338	-1.45004104598556	8.02459818993427
isth1240	0.398849111087529	2.02288671057078	-3.70960821778344	4.29132740521346
isth1241	0.574186770036792	2.10668013603381	-3.59596594087484	4.66705928188889
ital1282	-0.197523831912044	2.74329342613272	-5.84675165112441	5.00502612451498
iton1250	3.57343165586675	2.7190137009688	-1.09266939320712	9.63260896480057
itza1241	1.80620744789152	2.68389033291248	-2.91871538496886	7.65906399913176
iumi1238	-0.772083948913713	2.66262978178749	-6.35136970270675	4.22939015490204
ivat1242	1.6777042635144	2.34569129999098	-2.5398813574125	6.90937517796112
iwal1237	-2.55625137755498	2.43722032666144	-7.82370261863056	1.75018485953987
iwam1256	0.116185388537556	2.61053450156457	-5.13642876094566	5.28994922783358
iyoo1238	-2.49029399681092	2.52593616909372	-8.18104818257006	1.91649370341582
jahh1242	-0.692510936219469	2.60123427516731	-6.06999533173491	4.23280468045361
jalk1242	-0.384225974584474	2.78692737317125	-6.17669742598443	5.03787779372489
jama1261	-0.980043854874956	2.54995862065219	-6.34830135985692	3.80330110913801
jamb1236	-0.616972124719667	2.52192597956527	-5.93645602945566	4.07162043349754
jams1239	1.05051830400484	2.34962817149968	-3.38228657320571	5.97267423007151
japh1234	0.000644745462981074	2.91181091479797	-5.82636204911688	5.69045009477628
jaqa1244	0.103265676714456	2.52444153260242	-5.13563572915943	5.14229838551001
jara1266	-0.944554444905609	2.60333366100998	-6.45929569951047	3.83785633046966
jede1239	-0.66783832933807	2.66126979564314	-6.19612832449466	4.35597114073394
jeha1242	-0.641709287836779	2.64905806557711	-6.21498843538501	4.47653310412851
jehh1245	-0.772258569213283	2.62276234521869	-6.34073544619618	4.14742206205205
jenn1240	-0.0843944314630349	2.78132004731097	-5.6790428888793	5.37158572734701
jina1244	-1.27582767682807	2.33487626291096	-6.27705305901178	2.99827532909282
jjuu1238	-0.535549043386868	2.60676395089694	-5.96270397939876	4.45048398932685
juku1254	-0.538660297887468	2.68292266557392	-6.23877294261184	4.55855551450793
jurm1239	-0.0762789630359941	2.83807448649607	-5.80174791322252	5.53643121416065
kaba1278	-0.226547296309297	2.80979469865251	-5.71642762214064	5.38323994604483
kaba1281	-0.446497595548165	2.8501301760736	-6.32700709171092	5.24202299066575
kach1280	-0.0739992835723193	2.84181575440174	-5.77678887475294	5.51552208317825
kach1284	-1.04948945614298	2.80263724906653	-6.73941236615997	4.38731462285486
kado1242	-0.759907511151503	2.69743789001243	-6.40483512124888	4.51946043941491
kafa1242	-0.771173208644623	2.70976006922342	-6.45466813430062	4.59056588881786
kaga1256	2.68261453063213	2.38332396866687	-1.40496406976765	8.01429986129727
kagu1239	-0.341073786911686	2.79445552951074	-6.14283341044724	5.23630225658042
kaik1246	-0.112270399064478	2.81183494028187	-5.75464294600484	5.45731855573531
kaki1249	-1.79570526272104	2.69150239551405	-7.72238181353929	2.98591294143513
kala1384	-0.0755257240141163	2.73511186834553	-5.57315905278172	5.1918673127863
kala1388	2.2844538087755	2.22483421390836	-1.57850715204648	7.27537414092086
kala1399	-0.509636817640036	2.62550348405839	-5.99917029272366	4.26850781500493
kalm1243	-0.0780039764263056	2.84152253823396	-5.82378726014717	5.73508045798185
kamb1297	-0.120689638636309	2.75597168573781	-5.70215480824954	5.25871378253145
kamb1299	-0.823599803430705	2.3702022850261	-5.93467924663354	3.56750879563676
kamm1249	-0.497929451409638	2.58838928965604	-5.76238197770394	4.43500145693956
kana1286	1.64096476492485	1.89577712211219	-2.02346828375337	5.50035247610409
kana1291	-0.859701030561639	2.69673968028237	-6.43450030664892	4.36905795193499
kani1286	-2.04363755204872	2.67322128217251	-7.79534390331954	2.69714858446243
kank1243	2.54190081889061	2.08527024864121	-1.25624820131779	6.88872715023705
kaon1241	-0.12551078169868	2.81214764999735	-5.81562033558154	5.41511003204708
kaqc1270	2.34325155751861	2.36416467105015	-1.83013982728044	7.54566247218389
kara1476	-0.552519770915607	2.53583961546058	-5.99148659179721	4.25141630100249
kara1482	-0.17849607698534	2.89450087059365	-5.96738103818634	5.59619927152184
kara1486	-0.978294068931926	2.08173191168021	-5.404023924459	2.88816676810041
kara1487	3.42162134916591	2.21592049082586	-0.494056795848703	8.0768784917749
kara1500	-0.342768009047044	2.68399262516476	-5.99279929024188	4.85946750257102
kare1335	0.0251953275669005	2.81485430195178	-5.74562801565668	5.66400281191502
kare1338	-0.427676103035342	2.74363480680375	-6.00227238860644	4.82541226245735
kari1311	0.445617904637973	2.56691888073323	-4.68746702259919	5.62650974688895
karn1252	-2.52004688416411	2.43047111628007	-7.88406583888958	1.76274641804813
kash1277	-0.230824894098597	2.77414369188131	-6.01769417052626	5.0483514229567
katb1237	-3.86108979132272	2.20035595953562	-8.72214985535976	-0.162202852620853
kats1235	-0.291139880184691	2.8754905288514	-6.17959874464245	5.49948958691805
kava1241	2.19265321125451	2.24468536252136	-1.88038876738681	7.0276062531231
kaya1315	-0.246210591198759	2.80540816126883	-5.79814450266304	5.17809752975989
keap1239	-1.51240588754789	2.55430660853117	-6.98247158910108	3.04998627077255
keig1242	0.914239039494637	2.75890164569028	-4.46692157137134	6.66791563349491
kele1255	-0.188209410657184	2.75966307875012	-5.70485144235434	5.19195703409461
kele1258	-1.80053296273686	2.37945170109286	-6.90923884219419	2.30054282403086
kele1259	3.2156053791624	2.13994308614326	-0.588964018603981	7.75643819023604
kemb1249	-1.45322542605477	2.4641485970301	-6.77305318681474	2.98377138625943
keme1240	-0.688078902308268	2.59743982418934	-6.17331216421628	4.18148085343208
keng1240	-0.434248550466384	2.83910169160283	-6.24041163437689	5.2283381625743
kens1248	-0.599879165567789	2.7211603555954	-6.07689430275589	4.5838654951566
kenu1236	-0.205043183779393	2.78356873823523	-5.77578599326876	5.21035932905251
keoo1238	-1.27456386378564	2.38201243221822	-6.4026770271092	3.07230906668193
kera1255	-1.84168664670017	2.48760135661017	-7.05726891397831	2.69696587015276
kesa1244	-2.19502218554044	2.59375150066041	-7.81078895977278	2.40645353810529
kett1243	-0.171895556024559	2.84370297735917	-5.92591110633221	5.54025367181802
kgal1244	-0.180080277142761	2.77750383261557	-5.86595797401983	5.37884365133127
khak1248	-0.0319878225978282	2.84352015865771	-5.82069054332687	5.72560486969924
khal1275	-0.0990815901944492	2.7405277732854	-5.68038635101546	5.31346579507446
kham1282	0.0125224787103948	2.90351849149623	-5.73616246907239	5.7100002227069
khan1274	-0.668176585498221	2.75593211054307	-6.55474246005442	4.55407499522363
khan1278	0.984791071592776	2.52697865318038	-3.93821736382684	6.04606047958812
khar1288	1.05617895138907	2.83344878289432	-4.36340215666754	7.1414055237125
khas1269	2.8633651011048	2.30132301255679	-1.26051088524117	7.78707330382761
khez1235	0.715255534619406	2.8540040865801	-4.98701756530912	6.60708727203213
khin1240	-0.220122830373362	2.78096389657567	-5.90239152450298	5.19344523104238
khmu1256	-0.726700643176192	2.73183702704677	-6.57022253443014	4.47386739393172
khum1248	0.747005043178872	2.82992271875895	-4.73778582386917	6.55925792064254
khva1239	-0.280901390285968	2.78914187716884	-5.9974576337012	5.16963922101538
kich1262	2.58027566837917	2.39064071590649	-1.63816892540265	7.797951537042
kiku1240	0.761460597669584	2.58605488406265	-4.27817214916929	5.8617761181689
kile1243	0.0314726237200638	2.87286349750902	-5.86943852749204	5.92741064198249
kili1267	1.83482110614394	2.10474704827735	-2.14358648228933	6.05434555908184
kimm1245	-0.430911516288021	2.72030152834989	-6.00693833948306	4.99249980191204
kimm1246	-1.68856633191415	2.57811640933089	-7.21966215830975	3.00215604008317
kina1250	2.32055016478286	2.50742878040539	-1.95393591285737	7.72782629061313
kinn1249	0.0320752885339057	2.84407082101798	-5.74314039377471	5.94058902252192
kiow1266	-0.634034943061602	2.66863451145556	-6.11986937197887	4.48470275328438
kips1239	1.96073771107549	2.54202922068537	-2.56202137515257	7.56837729406819
koda1255	-0.0807110460684286	2.81713453833301	-5.84545479212113	5.59672250686715
koit1244	-1.82651796804533	2.53913440971254	-7.2725810517542	2.78751191537195
koko1269	3.28778384577115	1.88325041792648	-0.202400451761526	7.22325007887703
kola1285	-1.27210699228667	2.50576986787205	-6.77429751270844	3.37179182299844
kolb1240	-0.502038916510028	2.67840140869095	-6.16191969750902	4.56857053419983
kolc1235	-0.234108738136442	2.71482672598869	-5.85037746874359	4.92128079245367
kolu1245	-0.788526462590428	2.06620673911301	-5.03744137452883	3.00403706689242
komb1274	-0.195697892935622	2.82647601823073	-6.1008278728263	5.29697889790856
komc1235	-0.59941785520799	2.54979597799714	-5.94342648630968	4.21512390238118
komi1268	-0.0347777007470776	2.83903840663964	-5.76263893270014	5.62242124614233
komi1269	-0.0160348939223107	2.82211775947511	-5.80268582558841	5.70524847012822
komi1270	0.766863591337289	2.81048803632878	-4.71015394492612	6.49126356228046
komo1260	-0.171391926139274	2.77911332777216	-5.83657229471074	5.37757612203461
kona1242	-0.485876752821954	2.78885214528988	-6.38081518852313	4.86588701604306
konk1267	-0.0806348438071353	2.80169474410278	-5.67423513294057	5.50308464576939
kony1248	0.210825632342035	2.77233473061939	-5.43410419893473	5.7547791392557
konz1239	-0.150159928948657	2.80556721214492	-5.83279090827189	5.31840738337142
koon1244	-0.0944692411979692	2.76953823113973	-5.76389743938962	5.35888349336577
koon1245	-0.217434972944656	2.75611741419787	-5.88063149850754	5.15709044913222
koor1239	-1.19893042609644	2.74340322846955	-7.05231755563017	3.9777075327594
kore1280	-0.0486703962354704	2.73603166234306	-5.60984655702379	5.34185218569989
kore1283	2.68882261807413	2.48194824437319	-1.6216256813719	8.09648659477462
kork1243	-0.132849487534912	2.83821987269302	-5.91255321064317	5.3520148811191
koro1298	0.88938374280707	2.45359132118484	-3.75530110167657	5.97075520006267
korr1238	-0.0538972423199073	2.71508927811621	-5.54975062382486	5.36038827239869
kosa1249	-0.304488911621677	2.75801423148173	-5.96756711424871	4.97669901071676
kosr1238	-0.681598233878742	2.49044389127582	-5.87461118406109	3.93716628977708
kota1263	-0.0679935377979801	2.78821004834319	-5.60601201055149	5.4433405222913
koti1238	-0.0744202547931121	2.77145881396952	-5.67412701001228	5.30098914242992
kova1243	-2.49053509060035	2.4241046089392	-7.7364190618002	1.83381252500356
kove1237	-2.24342785652252	2.45281799429116	-7.62276684569962	2.17270099231463
koyr1240	0.0585771808059199	2.77860507363249	-5.69057752586241	5.47712257355983
koyr1242	-0.0519870599096609	2.78998296098538	-5.66778144170181	5.57987921855145
kryt1240	-0.207661151144956	2.771036696806	-6.02475731884944	5.21694829897043
kuan1247	-0.104740566438615	2.73800798622711	-5.56187308769408	5.39057841105222
kuan1248	-1.92333683203193	2.29684304282946	-6.76586249082393	2.22130397892499
kuik1246	-0.92071690437292	2.55546249317364	-6.30414415485826	3.85180412735257
kuku1280	-0.691468331220822	2.59928946941679	-6.24238710368554	4.23402252407174
kulu1253	-0.0921499473502729	2.7418724629296	-5.81457022644565	5.34552021816836
kuma1276	4.00216002490395	2.3412558050021	-0.000272557201016566	9.27968518981733
kumb1268	-0.429750323871743	2.59414695226386	-5.95050397648131	4.50131214300191
kumz1235	-0.188017731958859	2.74146893052754	-5.75460476630978	5.20803276340631
kuna1268	-0.646220223078009	2.81933923512854	-6.52387947655203	4.83972327579772
kunb1251	-0.538687476149958	2.66770700761151	-5.94413541185049	4.65215555327815
kuni1267	-2.20016976076427	2.57279109944029	-7.69470608682829	2.35508880579755
kunj1245	-0.555862113665263	2.65556132976615	-6.09773455252809	4.59317415195418
kuot1243	-0.643871254634665	1.97647748656025	-4.72824417340231	3.06196856337581
kurr1243	3.39962872572795	2.55011875298816	-1.08276644932646	8.96130240210045
kusa1251	5.0457471011033	2.36859823211319	0.937486856807503	10.1505045917084
kusu1250	-0.151261527143231	2.78987508719435	-5.91502891936932	5.43475673970365
kute1248	-0.533319196548627	2.69219979547221	-6.17376020076486	4.53874994761371
kute1249	1.88687725890589	2.56986103923074	-2.8872472695316	7.36554385386648
kuyy1240	-0.693347636654364	2.62911436629663	-6.11382411579804	4.30611068816974
kwai1243	-0.213253852796702	1.92312934723992	-4.19720204058912	3.4462828575333
kwam1249	-0.34114645943809	2.79582931098525	-6.09158272434711	5.21188229329624
kwam1252	-2.40135332240004	2.22975021544047	-7.27942198870509	1.42541988253117
kwar1239	-0.0454457883055986	1.87278731194081	-3.93297944427471	3.53126677315964
kwaz1243	-0.323155995242111	2.59329170652898	-5.67916990204079	4.74829573919809
kweg1241	-2.58019068488444	2.56953613912301	-8.15429731656073	2.05143472200463
kwin1241	-0.222236742965878	2.8695726589058	-5.97051183124344	5.42849351801123
kwom1262	0.258051784579721	2.51202675605446	-4.79934776093383	5.20485965567891
kxoe1243	-0.256931150053323	2.7927727060368	-5.77450835745083	5.20971470876332
kyer1238	-0.122712618071097	2.73096449351579	-5.64959412588476	5.26297858094526
laal1242	-0.768795040037516	2.77880151825441	-6.44185557813092	4.53620240880281
labo1244	-3.71633665596148	2.2517255147027	-8.58392888089412	0.149922350885454
labu1248	-2.75985604052402	2.35203810593364	-7.88381851872961	1.37135654992798
lagw1237	-1.24619709748076	2.38708375553208	-6.39031855920359	3.18642524474792
lahu1253	-0.735568491289452	2.68957053438369	-6.23771537331438	4.48006790787866
laiy1246	-1.47323609391466	2.52454373816767	-7.06068713956079	3.08519772442721
lakk1252	-0.265880764872185	2.77250101009376	-5.84761043728492	5.13704311945328
lala1268	-1.98265910477937	2.50291917221081	-7.46012894637541	2.4045568587054
lama1277	-1.57557579561244	2.42321616962062	-6.95493122481235	2.55586787197764
lama1288	1.48522598218468	1.9843370519753	-2.26516798396472	5.57016136431169
lamb1272	-0.191528555726678	2.76284204744424	-5.84636001096689	5.31539949407457
lamb1273	-1.1331661818697	2.45917879817671	-6.40577236247488	3.36770719927809
lame1260	-3.89148415415433	2.27007478034895	-9.00376148491801	-0.0504847756010708
lamk1238	0.849889011730298	2.85859214214579	-4.81880390097912	6.73362006413971
land1256	1.58630569947858	2.62876412316956	-3.35316657746862	7.12657028500575
lang1320	-0.786754741778315	2.66175818229105	-6.29261942308463	4.20297443691977
lash1243	-0.0963923702107531	2.82360554759712	-5.69987887330211	5.53621918529736
latv1249	-0.194439133769958	2.78551697560379	-6.19543416946178	5.16089703678283
lave1248	-0.754360990681423	2.60905973794369	-6.27657661273811	4.16999008675686
lavu1241	3.11490483829585	2.34395588824614	-1.17264150750082	8.06944620202424
lazz1240	-0.153423539697389	2.88650542141889	-5.96991297036065	5.58820653739548
lega1249	-0.113944211265723	2.86979606921775	-6.07806428641596	5.58388830030826
lega1250	-0.126333835430747	2.80074140036322	-5.74783480620947	5.30461417910496
lele1267	-3.17395485511798	2.26549058453303	-8.14881789949987	0.683238397611174
lele1270	-1.80587029678077	2.35916666983634	-6.93137909176494	2.33591425846137
lele1276	-1.50364452176367	2.57134620981646	-6.90323344600922	3.19714915666005
lemb1266	-1.16496299857684	2.64740759322525	-6.52437926459973	3.73962188343099
leme1238	-2.63016570963552	2.41636613254978	-8.01982344686866	1.61911324699686
lena1238	-2.3338361387138	2.25011862403452	-7.27810967621851	1.66502273738133
leng1259	2.46954798485349	1.80249411871323	-0.814129002160605	6.28462943608422
lepc1244	-0.0164412685572003	2.90539378815485	-5.89299548471663	5.79338526038173
leti1246	-1.7761607563224	2.50902749705499	-7.12269828490318	2.65022753893612
lewo1242	-3.76871361994174	2.27349636800103	-8.90334817190426	0.0887289217604972
lewo1244	-1.490376498591	2.42292779082126	-6.86973041888758	2.67884109767128
lezg1247	-0.211756077329153	2.83458905363247	-6.10294574295918	5.32957885479718
libi1244	-0.325127826387895	2.69674342110279	-5.9137054851647	4.90147109694202
liby1240	-1.27917911729556	2.41879197967831	-6.58534685819249	3.20430246720036
liji1238	-0.254281310455288	2.57044003182136	-5.58450811545038	4.69566461164365
lika1243	-0.250638745265368	2.73595015514168	-5.79394052598358	4.93384947677983
liki1240	-0.319936942247815	2.70621476796108	-5.94683087142667	4.88845734041553
lill1248	1.47479569157737	2.47217087087081	-2.95138875111359	7.0105476101808
limo1248	3.09611824809201	2.28026384631186	-1.00252668434235	7.98420362370197
ling1265	-3.90798328407856	2.18509683279163	-8.75979222515866	-0.227323380649103
lipo1242	-0.15760594216736	2.8797799480805	-6.0122295537181	5.5650871734153
lish1245	-0.796379348030742	2.53886966041562	-6.13527819222251	3.87585341850894
lisu1250	-0.0876420655622827	2.86096561821863	-5.98027356037959	5.73052864094034
lith1251	-0.236538835580817	2.80820127150468	-6.02016299341574	5.11859392569098
lito1235	-0.31941435935627	2.79977083298185	-6.110548655278	4.91444145225049
litz1237	-3.86328038101959	2.17980026415051	-8.64081831794479	-0.160898527375646
livv1243	-0.0367193045312288	2.80846046301368	-5.69325628616143	5.61644093907246
loba1239	-0.300434330741534	2.81741816587167	-6.16380572632008	5.23209110326344
logo1259	-0.154493198826195	2.85034670411838	-6.01036412262674	5.59447814460072
loka1252	0.454167917979056	2.70620293169673	-4.75346480876403	5.89100335176783
lolo1259	-0.127337701679445	2.8951411348857	-6.06827125055821	5.73948681195841
lomb1257	-0.29674463090742	2.65768372338667	-5.75021364892428	4.84549349702171
long1395	2.0181424096561	1.85820379052924	-1.36090441517134	5.87385467991139
loni1238	-1.78842205551576	2.35653833720854	-6.87304548852663	2.3910986985133
lonw1238	-4.01044963886444	2.25372689073361	-9.04641762536912	-0.151654210422547
lote1237	-1.75602596330662	2.38376768053211	-6.86202371423101	2.52107902443422
louu1245	-1.86896863782985	2.37010158469362	-7.06756442079067	2.32724823446012
lowl1260	3.55554251683915	2.60059469497933	-0.970802366830844	9.16769508204749
lowl1265	-0.550948541279835	2.30357299471793	-5.33382959097866	3.8837330389771
lozi1239	-0.212784132604013	2.72385372324925	-5.7595798912949	5.05593336289942
luan1263	-1.68570337465999	2.51486046878151	-7.0220064750197	2.79319071961879
luch1239	-0.143185037859508	2.82780576693573	-5.92394282438602	5.27819617103483
ludi1246	-0.0128253694434697	2.83541752042982	-5.67585972488617	5.61636993360462
lugb1240	-0.1390767785269	2.72497952626265	-5.6556886903873	5.20704743541137
lugu1238	-0.251535648493861	2.85388094608662	-6.09420922747057	5.38547170488476
lule1254	0.0112381673171666	2.83803369189842	-5.7227599866872	5.73260769437104
lumb1249	-0.06760011760505	2.7358207906736	-5.74207658789502	5.35575078225736
lumu1239	0.0874560798522678	2.74002529759351	-5.41896438612854	5.71566748959185
lund1266	-0.134692799252699	2.89770015695477	-6.0604695345227	5.69620816466704
luok1236	0.162594201909311	2.31332742225027	-4.57851301882065	4.68591762503621
luse1252	-0.202719135137337	2.76529297717722	-5.76390142837119	5.33738107472111
lush1249	0.627407558152761	2.79842715530503	-4.83938289850174	6.37227132929819
lush1252	1.59292069276615	2.59829621004958	-3.12174340586256	7.26537922870997
luva1239	-0.135140899912858	2.87763323193315	-6.27306126342224	5.47743308910648
luya1241	-0.137285906922904	2.69854988958357	-5.72113939096439	5.04028449617152
maan1238	-1.04951378080239	2.43249976460404	-6.27569859115179	3.44451096190342
maba1270	-0.248872323407404	2.77222601978078	-6.12805085226988	5.01563755522267
maba1277	-0.232618498016579	2.84789827212494	-5.9592123220095	5.28292311906138
mace1250	-0.312613010649265	2.74597023239594	-6.07710436704754	5.174466510044
maco1239	0.193492893857789	2.53317663861766	-4.91565507779999	5.18908665187884
macu1260	-1.62456649666418	2.45900789156331	-6.77592845912388	2.90582981626998
mada1285	-1.24710836169639	2.05394725802081	-5.5146084654902	2.54545552731833
madi1260	-0.115410045587948	2.57469747378952	-5.29548482159646	4.94849421060459
maee1241	-3.77609069921388	2.178884801552	-8.5826984240337	-0.0430550612739137
mafe1237	-3.55017411502544	2.33184331673088	-8.6028494358351	0.491604031919742
magd1235	3.42833284897401	2.67949409381698	-1.27140839786672	9.35850615322345
magu1243	0.889373988922744	1.96291721296219	-2.85755186832146	4.93192083162328
maia1253	-1.89364567271354	2.54406061604503	-7.33126924302456	2.7449880264684
maib1239	-1.07892325212512	2.74335414514171	-6.81725115322031	4.10119727739536
mail1248	-1.29809894418495	2.6585450910737	-6.83767834948617	3.77719901146686
mais1250	-1.6809191774233	2.4612794005589	-7.03058599334974	2.57383860734232
mait1250	-0.213084267970594	2.64705788066952	-5.60727904662932	4.94769281756309
maja1242	0.754021026510876	2.48762364862174	-3.91547811156809	5.95447987996265
maka1304	-0.259581987935302	2.72807260244535	-5.8417881334937	5.03134828388411
makc1235	-0.161199498712556	2.72384292098177	-5.71269937803264	5.27290784030873
makh1264	-0.102617644960057	2.69302036623536	-5.59305227793057	5.23586965548636
makh1266	-0.0989610338734094	2.77694609798814	-5.74186199246383	5.35816995811795
mako1251	-0.0980399532044642	2.7619312913548	-5.77084156499022	5.52427531047811
mala1463	-0.053555824026383	2.80218411235388	-5.73776021485375	5.49785824275597
mala1464	-0.0609923697396327	2.85307688353183	-5.65740715504035	5.82009166769584
mala1479	-0.492920190841229	2.61568175628458	-6.06672662510305	4.46505100220398
mala1522	0.588959037718641	2.4836418585366	-4.45984046317733	5.46735614764183
male1284	-1.88029557087945	2.6608214942926	-7.41002653940508	2.91406342421149
male1289	-2.39041492274576	2.3929917068261	-7.57128356275979	1.75803622672681
male1297	-0.495882696421471	2.76602022669244	-6.2002565416855	4.78174971130465
malg1251	0.143892990602484	2.20568654075772	-4.29798215513756	4.40454690165437
mali1285	0.946612732270058	2.19954984900721	-3.28964291861776	5.4434403754958
malo1243	-3.60580803864365	2.24165920117747	-8.6191490785244	0.24833233958982
malt1254	-1.20309545136885	2.4144837503169	-6.40635408534791	3.09040267680356
malu1245	-3.68450842818495	2.20315057355955	-8.60095136905009	0.043345571650221
mamb1294	-1.05488348803525	2.4825802301037	-6.2976216290004	3.60723243504717
mamb1296	-0.122265198883758	2.81848930777217	-5.87501762169505	5.4144282282435
mamb1306	-1.57434231061768	2.50185956419216	-6.95416410945136	2.79494870286183
mamm1241	2.93830563789901	2.56124038349024	-1.561145854252	8.71768339547755
mamv1243	-0.155898455216796	2.79674026877157	-5.96613347955328	5.22539330455796
mana1288	-0.127822125858288	2.82421015541354	-5.918016718165	5.4749469234617
mana1295	-1.69083026775408	2.44683316395507	-6.85285274847765	2.751323041505
mana1298	0.0368751601832126	2.55375447363595	-5.06456419552512	5.07203540312617
mand1415	-0.0100275872851619	2.84280475801196	-5.80980418783912	5.65964365124603
mand1440	-0.919915943663615	2.16246801220581	-5.48371965367688	3.05413049903922
mang1378	-0.84875824438367	2.56519299719891	-6.16312047534096	3.95495209695613
mang1381	-0.436520428435577	2.75442053363394	-6.25908128100104	4.99809773903389
mang1394	-0.215262252618773	2.79599346961779	-5.92560402017315	5.35502028933079
mang1401	1.5476974335169	2.31790740464169	-2.45351142823609	6.78987756593481
mang1403	-1.90218584612094	2.37650253677446	-6.99803123709887	2.29127163206896
mang1405	-1.54107237965729	2.43749507096977	-6.70111743561944	2.90877634709028
mani1235	-1.37033437530477	2.70191234170801	-7.07086987632521	3.68618138542128
manm1238	-0.77915135721111	2.66836531404255	-6.35123343110829	4.28940992848013
maor1246	1.50539738305524	2.34016881235966	-2.63552564178402	6.66808737049748
mapo1242	-2.71716708579245	2.36106440342689	-7.98266100326225	1.37689582469258
mapu1245	-0.634811181922125	2.64048075333588	-6.28660437268285	4.41374304088114
maqu1238	-0.645877870500105	2.46713768153214	-5.81533070242283	3.97383935871986
mara1378	-0.141802929901312	2.74720431586818	-5.82951906633116	5.23432741953264
mara1379	0.866251229261229	2.82606955940056	-4.57687933184496	6.7513777157715
mara1382	0.356935130391705	2.83904727739039	-5.1755294308082	5.92817015676379
mara1399	-3.80578674728212	2.17348283177649	-8.55252855476192	-0.131816660573715
marg1265	0.659226735823571	2.16895691015885	-3.68218359864639	5.00906900651963
mari1424	-0.380021434047571	2.81635088240781	-6.23895886510056	5.00436027086781
mari1426	-3.16523236569003	2.46087027175658	-8.51188882698108	1.12843796828742
mari1428	-2.26541525496041	2.47303960421264	-7.66228453223981	2.03753409714057
mari1440	-1.07710929973674	2.66900785127909	-6.72138905691459	3.87940585877112
maro1244	5.13959362658851	2.4048509051335	1.0616633291451	10.3419171722853
mars1254	-0.52910381394796	2.58635202183122	-6.13163505757527	4.19545320806502
mart1255	1.02737327337625	2.26332213027455	-3.32501721720876	5.67408170422351
maru1249	-0.194963991072475	2.87050727096507	-5.98546773523043	5.55655134541635
maru1252	-0.620692186459712	2.67302914120258	-6.18323751123316	4.30305321335024
masa1322	-1.89437636623561	2.48697955804567	-7.2211284512579	2.53560435029511
masb1238	2.34772969123522	2.57593440092723	-2.17427472237455	8.04087049541787
mask1242	-3.93153136670655	2.27411095895075	-8.91981258551312	-0.0538516993943968
matb1237	-1.24923103915817	2.56038455113418	-6.735976388054	3.39681043807715
mati1250	2.40238833982546	2.33267134206743	-1.66843606491791	7.52810314030474
mato1252	-2.71678911883142	2.39970178655762	-8.02305435017243	1.46802865531174
mats1244	-0.321211265016519	2.70781416616071	-6.01017078165102	4.89979536776579
matu1259	-0.101055468018963	2.84758345301285	-5.88734921822249	5.63065269051952
matu1261	-2.21820516198351	2.49266620434808	-7.59812298816546	2.17612467334121
maun1240	-0.471254639274172	2.68345494093155	-5.86663495907946	4.8222856691236
maxa1247	-0.307700660424024	2.69318951208916	-5.87610557629202	4.81579171156322
maya1285	-1.00176854555185	2.67507612842767	-6.69574703323815	4.01732236930227
mayo1261	-0.231527028281285	2.77030863661545	-5.95092070222161	5.17046208813719
mayo1264	-0.309731595566218	2.36467574753541	-5.18395338685973	4.19690921120079
maza1304	-0.686652618849566	2.12461013036494	-5.10321619767317	3.31242143413596
mbaa1245	-0.186478578800929	2.81815496677861	-6.00865638693745	5.50027086225814
mbal1255	-0.124029987975085	2.75167559012323	-5.70013582127144	5.20765289093044
mban1263	-0.286327097669204	2.77025900467964	-5.89090073294438	5.09125546725054
mbar1260	-1.72200495927741	2.48773849395105	-7.0202031208793	2.82778658545532
mbay1241	-0.911378167677413	2.70335710990773	-6.46454734061699	4.2316802979798
mber1257	-0.100987717522302	2.84745855413921	-6.03787692167605	5.50142457822999
mboc1235	0.206757041065025	2.61990593476458	-5.14021670388626	5.38880902524921
mbol1247	-0.177365210289718	2.75022936454048	-5.91336747334146	5.23450447542272
mbul1263	-2.47002248704977	2.41972861280333	-7.72885547567029	1.74526395094174
meen1242	-1.30698178837631	2.54597560639619	-6.61194395923609	3.4629911626387
mehe1243	0.791798086904327	2.33741136789655	-3.82767368571893	5.57307018508845
meke1243	-2.1593376383943	2.55159847460587	-7.77834785662841	2.36017184826097
mele1250	-3.11560617879268	2.26038052974597	-8.08112922632199	0.72960333137566
melp1238	-1.41734685338746	2.70368002781531	-7.13753329508288	3.79510825923985
mere1242	-3.11616481951053	2.36700973089603	-8.29099162335092	1.03381870027843
meta1238	-0.28801221663823	2.53889727428405	-5.4391796184025	4.735109560027
mezo1235	2.8163380516228	2.60099151097621	-1.62589769634642	8.53190382954627
mezq1235	-1.95036280692093	2.30214641852363	-6.82385134920913	2.42431048316679
mich1245	-1.05982982039182	2.44289866104372	-6.31584047282519	3.4414720733824
miju1243	0.00630612604449136	2.84068329933309	-5.84217648007035	5.55262458657913
mikm1235	-1.09599123768617	2.44808103535251	-6.37463234778143	3.47402711601976
mila1245	-0.00362500597137215	2.87256268332445	-5.75816478170923	5.67628250853478
mina1268	-0.550840651696634	2.5183406699742	-5.89214969374469	4.02618324336464
mina1276	-0.589562926430245	2.06498285941485	-4.9215230461191	3.28542795289894
mini1251	-1.89369097943009	2.28605184904863	-6.71380093471328	2.20829830320528
mini1256	-0.301017152198163	2.51124241995676	-5.31471692165541	4.69558648354784
minn1241	0.116056160109552	2.79585634837607	-5.57302432136429	5.85006358195425
misk1235	-0.917061770844315	2.61849902140616	-6.51220463541412	3.92243908871367
mixt1426	3.76399245873363	2.70581809851694	-1.00951250594426	9.86523428876838
miya1259	0.00943036974852413	2.85321493695869	-5.74128793128462	5.7508838416776
miya1266	-1.23574555167881	2.48113276118538	-6.48659632590959	3.29219459782477
mlab1235	-0.578679365671495	2.74151191872931	-6.39001870471599	4.7548910815327
moba1244	-0.135202614244718	2.792021293683	-5.76374243702808	5.31904931587296
moch1257	3.26510440574885	2.65786532735885	-1.3672223361268	9.00469304036351
moco1246	-0.47485366982924	2.6974338156801	-6.10207647229746	4.80132423256802
mode1248	-0.163667089515328	2.74328997643351	-5.82221814224037	5.33895475210868
moha1258	-0.328574989911716	2.77331183710269	-6.30631701081208	5.0809687722604
moke1242	-0.655605289201843	2.59597820493027	-6.074022230928	4.32703336703182
moki1238	-0.803167629406337	2.54196192455158	-6.17256502222048	3.85195208145153
mokl1243	-0.754528784596076	2.5734346784729	-6.10826754875907	4.22615740811633
mokp1239	2.19708448465918	2.5825031595631	-2.55199928568525	7.62887363414784
moks1248	0.00994331960794054	2.75601648545829	-5.5000849871273	5.61940978215608
molo1266	-0.335244073964902	2.06095215328929	-4.63438722885471	3.65293147705433
mong1338	-0.0641330654255954	2.86974454145947	-5.89055713988324	5.52991033573867
monn1252	-0.378738178978315	2.62531193895068	-5.8207978995419	4.59663730033784
mono1270	-0.221384662714027	2.74965475471146	-5.84382255540431	5.17169024030057
mono1273	-0.123868582271376	2.26222023066669	-4.79342805488655	4.1190042312631
mono1275	-0.602877902449271	2.62993892273489	-6.30442952792811	4.27499137220811
mopa1243	1.46180126447069	2.53616937637445	-3.17591342160751	6.98049722935245
more1259	1.34634131559413	2.00863359573795	-2.44318805237962	5.49974649760248
morm1235	-1.65875315968221	2.50645977812186	-7.13657241497717	2.75749887910297
moro1287	-1.41618441892949	2.48158644008734	-6.70189508973067	3.06013254296825
moro1289	-0.306160311217536	2.70053959797554	-5.84899210920536	4.94723254727224
mort1237	-0.496060548837682	2.5542189094697	-5.87956398504602	4.24925913936588
mose1249	1.63182283105332	2.48899839039397	-3.06148438232549	6.92509539237622
motl1237	-2.61499041550336	2.41035552272858	-7.99115295679499	1.62672831619028
motu1246	-1.75747465508958	2.47940139685246	-7.22754307112881	2.63366336197737
movi1243	2.83533503956975	2.61050948766939	-1.83046722962632	8.6089986871161
mpad1242	-1.19370228311815	2.41679159068156	-6.35708553164112	3.25739531612219
mpii1239	-0.404038804547162	2.77255003395856	-5.88505189087863	5.08368646775444
mpot1240	-0.16237773606887	2.81020912431084	-5.97581891404664	5.18993486742874
mpur1239	-1.009174960712	2.7564264413178	-6.85107082407652	4.32132307337552
mual1241	-1.22913792597141	2.51388822608173	-6.69755249486479	3.3075773067298
mudu1239	-0.0766210244874016	2.78344388071156	-5.63944684866577	5.27181877876919
mudu1242	-1.99022518571911	2.48789101602938	-7.32136011320606	2.49841151790312
mull1237	-0.395493715956903	2.82800886547778	-6.28569387293748	5.12122426781197
munc1235	-0.0612339204661496	2.86476623338621	-5.77719914166313	5.70884532777149
mund1325	-1.44612605775336	2.50883735035547	-6.76423612543119	3.15821338636442
mund1326	-0.126841224246536	2.8158338460102	-5.90350211991402	5.36602621734595
mund1328	-0.651010792297089	2.59160200650407	-6.05256437174815	4.2415520105164
murl1244	1.12464271494116	2.53796452896023	-3.55377410299084	6.50238823661482
muru1266	-0.521712326664694	2.59806386261762	-6.06526298489265	4.32038837182593
musg1254	-1.63992227977256	2.3985697597919	-6.72297414064474	2.7188411269917
muso1238	-2.78370453461661	2.37242695131978	-8.09283799262135	1.39004497371461
muyu1244	-0.671030801473292	2.36591267820272	-5.83211827714541	3.66355255441951
mwag1236	-0.122191173526522	2.13704372690399	-4.37578233498682	4.01498332207226
mwan1247	-0.103263543297107	2.81257202204096	-5.75234072022972	5.4063878194382
mwer1248	-0.130808747908166	2.87717377802985	-6.06021848642287	5.5430302559429
nade1244	2.46113873423399	2.57352900822381	-2.12684375513526	7.96715138767278
naka1262	-1.92540967071531	2.38914655101003	-7.0744219244019	2.26477829239795
nali1244	-0.783791059414583	2.00665478238571	-5.12817832970162	3.00891399848332
nama1268	-3.54000164434183	2.31130307881928	-8.54278577720427	0.459026143478868
namb1293	-0.400100686087542	2.75004822317849	-6.03762940573593	5.03702767210855
nana1257	0.0206260195073739	2.82891574294109	-5.6302359295166	5.7711652559283
nand1266	2.92567414948397	2.73802059813023	-1.84043709056852	8.85583340662359
nang1262	-2.15956889618848	2.444122415364	-7.5838098442859	2.16277105108178
nara1262	-0.631012211695138	2.78935041949408	-6.40501073817179	4.79265288149944
naue1237	-1.78370418791142	2.49260832402696	-7.27101583465823	2.61672088634283
naur1243	-0.712181467403907	2.5256519195922	-6.15005809449533	3.90329420974277
nava1243	-0.631636876091951	2.74799562501772	-6.35977888405272	4.73096610267069
nawu1242	-0.205016104703198	2.77962493480068	-5.85621734929811	5.17854293878983
naxi1245	-0.0639306591333845	2.91810628317987	-6.08317084658862	5.76694748072533
ncan1245	-0.689600384152994	2.5670202552367	-6.060357284848	4.09062394714626
ndam1239	-0.186348811663024	2.72202059296587	-5.74171701639559	5.23783646329583
ndog1248	-0.153203455531552	2.83703621900977	-5.77541529037465	5.44429879937092
ndun1249	-0.232457500731206	2.74939204839709	-5.92500482381281	5.25031564216462
neha1247	-1.72135716099673	2.49714291218275	-7.16071572576001	2.69781834468171
nend1239	-1.78582409075179	2.64089984694345	-7.40608391659629	3.09116357165522
nene1249	-0.0589825689762833	2.82826551300299	-5.62381308167276	5.56529938709057
neng1238	2.61570583901239	2.25438597377835	-1.34847711299607	7.43393902776019
nenn1238	-0.415160315009309	2.76153672280989	-6.19216004794667	4.96960306817064
nese1235	-3.70612459558061	2.19409821384256	-8.61504618178	0.0164797203390474
newa1246	-0.152297300707566	2.76731523410447	-5.8960643206218	5.24650549061431
nezp1238	-0.395981754420552	2.58645633998001	-5.64956623321533	4.57327646179305
ngaa1240	-0.568261033815062	2.58338798795623	-5.9940425212939	4.33988795957447
ngab1239	-0.554754406238463	2.70193434798993	-6.16841796608582	4.72093992190422
ngal1292	-0.456558065503442	2.77153808447094	-6.1987041716627	4.907969026982
ngam1268	-1.09846974228927	2.6571088504454	-6.61565091278461	3.90615249233192
ngan1291	-0.0412562742856254	2.87573819581937	-5.69653662017284	5.72460210986134
ngar1235	-0.362418312554148	2.68466078129443	-6.0797356556438	4.6736735090203
ngar1284	-0.19319203696863	2.80945322939731	-5.9199928058617	5.26525549454224
ngas1240	0.867440573565887	2.10436261167212	-3.19218731729755	5.14983311089988
ngba1284	-0.215031862032667	2.80835828379366	-5.96477923655484	5.20479186000982
ngba1285	-0.314262571348367	2.80632627944674	-6.16241135256088	5.04722202328295
ngit1239	-0.173230961627316	2.83884635814614	-5.89329987491402	5.50272655888933
ngom1268	-0.26623872798204	2.76508990831552	-5.93679604163075	5.02003051892838
nhan1238	-0.52447971886718	2.53278108357383	-5.85611288488888	4.1730279259734
nhen1239	-0.608986922561163	2.62535344462762	-6.05305157831351	4.38677454545145
nila1242	-0.515531630188836	2.71608045847402	-6.12588319576286	4.74875508665102
nina1238	-0.828588259087525	2.63119877861936	-6.47730937429249	4.19157888373114
nisg1240	1.9529196310669	2.59822536505289	-2.77512508543202	7.482439881423
niua1240	1.71757153139632	2.35601171755118	-2.4331666873056	7.07512861049577
niue1239	1.7769474507908	2.30918288073958	-2.26526224533674	6.91928219884334
niva1238	2.22074565946554	2.62378530659676	-2.37291451586635	7.81581913569181
njan1240	-0.576936414642088	2.67846091103263	-6.17563653168815	4.60914638232576
noct1238	0.120641941522233	2.76630132395	-5.41763622379288	5.70747712340379
noma1260	-0.0336596557664363	2.64399188934273	-5.48547711878599	5.21060187819034
noon1242	-0.0620482584526761	2.67316893274876	-5.51407270015392	5.06774722320033
noon1243	-0.66948736915872	2.55281598793488	-5.98948385236396	4.08089609835705
nopa1235	3.45420293888364	2.6846404653126	-1.18927042739173	9.32398553642488
nort2671	0.00108817696869664	2.8983866986407	-5.86294245651332	5.73161420782536
nort2684	-0.645625122292239	2.68689476677537	-6.43287674799266	4.38354401738997
nort2690	0.0150601653899686	2.90989858097554	-5.73508476840032	5.81069842032213
nort2697	-0.262738688015009	2.80860472390705	-6.02495380033555	5.13834637544095
nort2702	-0.101332227436684	2.8416994027428	-5.86100439351297	5.42873679701049
nort2722	0.0361407283627928	2.85025198764841	-5.5953871098971	5.72419231421178
nort2723	-0.0231323058456971	2.85046972614057	-5.68611411813528	5.57631043427369
nort2724	-0.0732077706730321	2.89914433229789	-5.83564719010274	5.73557994186881
nort2732	-0.0394109705612871	2.808708369464	-5.77487716669045	5.51164272106325
nort2745	-0.262013115156722	2.77687157853429	-5.995252157575	5.16008520407335
nort2747	-0.143430360886941	2.83234425705695	-5.78648101592685	5.58911216393695
nort2774	-0.263882651621493	2.72831532164434	-5.87091668979504	5.11869924718969
nort2839	-3.95079420734985	2.28965430270115	-9.05109964782459	-0.0323881601902018
nort2845	1.58787073381915	2.36144683249987	-2.60895399927299	6.83192431328178
nort2847	-2.44611787858872	2.25594927006187	-7.34722608409974	1.58784247852997
nort2877	2.12591882433276	1.99268719743614	-1.6657409346495	6.3319081224671
nort2885	2.30186917178276	2.55392048225979	-2.02111006835756	8.06009210106955
nort2930	-1.23185064367448	2.73452633866328	-7.01307532257618	3.97878420160365
nort2938	-0.196556946362275	2.66807253708159	-5.74842125630988	5.06692413834267
nort2942	-0.430100345005791	2.68114752901957	-6.00133398959261	4.68732659546753
nort2954	-0.567218101931624	2.54642883509514	-5.79645165979202	4.15212452175083
nort2957	-0.236626496508351	1.97251048182111	-4.29534307143795	3.60274004628424
nort2959	2.04025455298312	2.26968634705236	-2.12057069736242	6.89404413955489
nort2961	-1.42457391739756	2.40866676930924	-6.68208121292167	3.00541586681104
nort2972	-0.34549781319959	2.75442391542615	-5.90990510148359	4.96582718333365
nort3047	-0.518913427887165	2.07539537526969	-4.96851084804715	3.47653968530698
nort3139	3.44921239321098	2.29659585504804	-0.550111012008958	8.46658368515483
nots1237	-0.72584447837786	1.9733400442268	-4.73106406994977	2.93079507973924
nsen1242	-0.0529237539757225	2.84875971574331	-5.9211281341072	5.6251476589983
nucl1235	-0.301057898862225	2.7229072560554	-5.95293914117694	4.98021283102634
nucl1240	-0.525135298502336	2.56958285603118	-5.8401963295476	4.49148897932726
nucl1301	-0.00896787163638281	2.8346510145254	-5.79149533803899	5.61695130142633
nucl1302	-0.294406992847553	2.80282620947223	-5.91151578821954	5.22102382658345
nucl1305	-0.0257761890030733	2.83213576650268	-5.6742809782107	5.77771431906892
nucl1310	-0.00613326558805863	2.86759309934345	-5.5668334128456	5.67452496439933
nucl1417	0.951495328839854	2.52614199163837	-3.99590983787519	5.95736537762751
nucl1458	-1.72122597262424	2.46019920432903	-6.89146356634904	2.75340563303189
nucl1593	0.381127527660407	2.38658080827994	-4.46923591001483	5.07993970566117
nucl1595	-1.2428178583971	2.58706718746633	-6.69456335008451	3.52043688399523
nucl1622	-0.248361320673571	2.75195586869142	-5.81459550323689	4.99061089865588
nucl1630	-1.82293316637145	2.46185077544042	-7.1481579039632	2.65239821623976
nucl1633	-0.315657181825953	2.7428584129982	-5.94547972263597	5.02021814543084
nucl1643	-0.106951170010123	2.75323167072274	-5.68095731195535	5.2749013330734
nucl1706	-1.09640275309983	2.61599355260078	-6.58420032115636	3.73661475345268
nuer1246	-0.803282636013219	2.55603983152552	-6.2656841320146	3.98431572778993
nugu1242	-0.163783155076276	2.63207505215755	-5.56811858393435	5.02638010159769
nukn1238	-2.75078129333278	2.39588201814844	-8.09405077757951	1.51891059324399
nupe1254	-0.00796260163059008	2.67202515091831	-5.4761041102641	5.33746091234392
nuuc1236	2.27678496982597	2.60722806762681	-2.22253727970084	7.86705643476275
nyah1250	-0.483752044612502	2.65918073308639	-5.8851428335515	4.58727016922769
nyak1260	-0.212673994383777	2.77043436010717	-5.84461753198448	5.18550387398317
nyal1254	3.19501090322289	2.39445759752266	-0.916657316949537	8.56522726393308
nyam1285	-0.641955729127674	2.44052783008311	-5.63852183125973	3.94302551439742
nyan1307	-0.126113029355437	2.82444457453564	-5.85204118274139	5.35333193452565
nyat1246	-0.532416216121347	2.62673530761217	-5.99066798866323	4.56678788274005
nyor1246	-0.0964422125405054	2.76449509866594	-5.7173736455328	5.32370733500254
nzak1246	-0.644696832984428	2.76765008994197	-6.26255636647704	4.85081949281291
nzak1247	-0.171926306593337	2.75324907716224	-5.72887540709734	5.25263452334096
obok1239	-1.14805610102325	2.69460981682001	-6.68978759434666	3.90455538685532
obom1235	2.26907415408383	2.18075701170223	-1.52454734345009	7.09610685821414
occi1239	-0.156866386656786	2.78297309628876	-5.86524654920733	5.21880189668161
ocot1244	4.05316693499633	2.79115852254092	-0.752585339967935	10.1379948878785
okan1243	-1.53127924924241	2.31805795001518	-6.3722211013021	2.81984673626941
okin1246	-0.123810491368138	2.75609840902468	-5.52938527502338	5.39632001755605
oksa1245	-0.401187024502724	2.71846703050454	-6.06591835967675	4.88583078540666
okuu1243	-0.6251481557244	2.55241854128405	-5.90740772855215	4.3162143743113
oloo1241	1.11642514356679	2.01339080119	-2.78532347594145	5.20871302495556
olut1240	0.477831778112383	2.02066254206313	-3.61339641834642	4.46055458567185
omah1247	-0.601282854877163	2.55162881575589	-5.9316786134181	4.23487369258047
onon1246	-0.49916403503628	2.74348952938201	-6.19296229224275	4.7897546591548
onto1237	-1.51326427819325	2.18745300285231	-6.31317008674197	2.36862510247205
oriy1255	-0.191670037983543	2.78913932793724	-5.89197203617952	5.23567406991654
orma1241	-0.455567830695691	2.56407977045428	-5.92975946204693	4.43035089471329
orok1265	-0.0698428933346105	2.76922537930117	-5.60881468851411	5.35777007428468
orok1266	1.04264329219938	2.54277723021156	-3.88913211011463	6.10499968390898
orok1267	-1.50983362673104	2.74218310130397	-7.34477879491964	3.53951338367818
orow1242	2.69683821102323	1.83543690834129	-0.597805272996454	6.53950977897497
otta1242	2.31278154285929	2.49109286461563	-2.07942390346196	7.78519795243269
owaa1237	-1.14369572601255	2.44925653676639	-6.30950017239631	3.38414087506714
paaa1242	-1.11367927589956	2.49229200693518	-6.3659551296815	3.41860010742606
paam1238	-3.88188889649655	2.29048413544783	-9.05776816319609	-0.0213464025895487
paas1238	-0.23027374058049	2.74456645077528	-5.81817770181788	5.16076725639388
paco1243	-0.620170754299071	2.75866642832932	-6.47222964186964	4.61871383490391
pagi1243	-0.25514768684078	2.69755459242541	-5.78296135382552	5.0527906558678
pagu1249	-0.315334564333684	2.85755627925959	-6.10565123711632	5.32767168313823
pahn1237	-0.411374602495291	2.75129587250228	-5.97843903193081	4.97105324945752
pait1244	1.36855930450593	2.81239822006139	-3.94036678555554	7.23863681801527
pala1344	2.14379111157105	2.37354071964242	-2.04137521787644	7.46785107031293
pamb1243	-0.160724268498628	2.79019678391488	-5.96633832102711	5.28220723543565
pana1307	-0.60735693343642	2.63877812341691	-6.00574418893379	4.47587102330716
pang1287	-0.23561147026422	2.81065606750291	-5.96352839032946	5.18923998667465
pang1290	3.30128673484285	2.51101186129412	-0.979073407377446	9.03192314197064
pang1291	3.13016754890395	2.52987826388806	-1.16437672517283	8.58462049365807
panj1256	-0.151321579089864	2.74041774675079	-5.72995712404929	5.19356495236329
pany1241	0.869913435807938	2.44064782000406	-3.97381880112517	5.89527120030132
papa1238	0.563176495522722	2.36324832526909	-3.91247683944705	5.52903695805784
papa1265	-1.66601607635329	2.40981103665407	-6.89762768304392	2.56991568039236
para1301	-0.646629677618143	2.6482319519239	-6.30495320372951	4.40189634891632
para1302	0.262598539444849	2.8217228721867	-5.48959532709132	6.07658356475312
pare1266	-0.177800495063102	2.68877379166909	-5.68969276548155	5.1086332361828
pare1272	-0.925281987268053	2.42733193581608	-5.93081901504564	3.56961499486966
pate1247	-2.6490411783686	2.39910521257916	-7.98867184673627	1.49977757930638
patp1243	-1.79016710540427	2.24948805386256	-6.75086531051317	2.17586125096651
paul1238	-1.32063740295596	2.45966684508135	-6.65745493918893	2.9893445511652
payn1244	-1.77545073256176	2.62487884637622	-7.32448453749701	3.03085527489343
pech1241	-0.602313983648794	2.61410957298726	-5.95744765452025	4.41024997813031
peer1241	-0.510611623784912	2.76504150147194	-6.26021567550257	4.83743499072021
pela1242	-0.347461772796937	2.70532721425189	-5.95505328971457	4.90308834807073
pemo1248	-0.875865941545988	2.53475625380597	-6.26461708838587	3.77422817583494
pend1242	-1.09874034585905	2.34773947351569	-6.15568252639342	3.11195283055218
peng1244	-0.186879795572493	2.74508440788718	-5.84197772201442	5.2268926315717
phai1238	-0.634269021299994	2.77112850432284	-6.45528664802378	4.6628385766319
phom1236	0.301749241370061	2.76570066332983	-5.22062821578536	5.93830301879471
pila1245	-0.15246682745478	2.62268657431161	-5.63019271798648	4.87401931274965
pile1238	-2.30651807258873	2.26141398152127	-7.35060800301823	1.51433330217925
pima1248	-1.3586305739328	2.37325549149482	-6.46304715527704	3.05421291118886
pina1252	-1.33668517149013	2.68616079241981	-6.91053240284216	3.67375698015789
ping1243	-0.802932278884707	2.58143175470868	-6.57170452173678	4.0012551600354
pipi1250	2.72300998152958	2.28318350265668	-1.22119757779592	7.63032788829467
pite1240	0.00190251254918434	2.79279409333106	-5.92417022001601	5.76953534318011
pnar1238	3.5775645235026	2.46850674108192	-0.816081467465003	8.94630698630432
pohn1238	-0.685842491724141	2.55152847067527	-6.0605693360962	3.97765530102716
poko1263	2.64586209318662	2.74129267792821	-2.11500666483115	8.62635639310518
poli1260	-0.145228620863369	2.67296252250951	-5.6017100949327	5.14101203023805
popt1235	3.13272801227412	2.65516630076876	-1.52048897467631	8.9049718640184
port1283	-0.181420593503871	2.7143269337048	-5.77668966335081	5.05664660260754
port1285	-3.92227885789806	2.27163767315186	-8.88019796844197	-0.0610483727413991
psik1239	0.452150484831449	2.02294644110344	-3.52696770437898	4.47451570593194
puin1248	1.31178062800048	2.5413188699031	-3.41834260771234	6.56316884732409
puka1242	1.70155145852005	2.32279576543434	-2.4680028362314	6.76197315607824
pulu1242	-0.540447473197161	2.60574224813323	-6.06456666376783	4.31778559153248
puma1239	-0.141565148930903	2.77259501982175	-5.83306900846838	5.16268209364671
puoc1238	-0.666622289924159	2.7666459714584	-6.39668629244857	4.45257105026783
pura1257	-1.38283665130105	2.76206853895211	-7.19616196885257	3.79952740709243
pure1242	-1.29484353642896	2.58043532041792	-6.59862413941085	3.56976048797083
puri1258	-0.114600081062974	2.85278926830702	-5.94403419340387	5.53801236490754
qanj1241	2.58325393127844	2.64612083473862	-2.12398135272845	8.22183591245876
qawa1238	-0.586470965836992	2.6410758610571	-6.15857144682248	4.4650066843473
qima1242	-0.429376951092011	2.73948390752431	-6.18033494747121	4.82911487654539
quer1236	-2.00326445217547	2.35976359140875	-7.01333957690289	2.33566087581902
quio1240	3.9119613363819	2.58156131428753	-0.435213199788127	9.7078471743776
rabh1238	0.9402685590636	2.61126639515001	-4.10578506311985	6.2570128151556
raji1240	-0.10708381826101	2.78073904842584	-5.59282370429721	5.46552868728204
rama1270	-0.615469717363497	2.75907789399028	-6.40789446091013	4.73552804980952
rapa1244	1.62135880048681	2.30158821861038	-2.38934907591919	6.70732357271659
rapa1245	1.51868486983097	2.3479414259352	-2.57379252305195	6.62836996022188
raro1241	1.51703904162039	2.33173782733535	-2.50606464374128	6.57505543621933
rata1244	-1.11083612129012	2.49353919565119	-6.45035584132556	3.41585147304416
raut1239	-0.0874836395125986	2.84153571551183	-5.8976152787423	5.49622434735434
reja1241	-0.956156589201178	2.40354083626991	-6.20557240956959	3.35836324072338
remb1250	-1.55029355664726	2.41585728475662	-6.69501191804247	2.91295557252473
remo1247	3.63470396983935	2.61396414087483	-0.796122571189784	9.62437488988654
reng1252	-0.899301793317014	2.59564631124257	-6.34825218971797	3.89228536848857
reye1240	3.36047723921296	2.46101143088691	-0.978728365772269	8.58827906725876
roma1326	-0.279114004772575	2.73370438694288	-5.82518857792022	5.05758881073816
romb1245	2.54056699886948	2.6084193408582	-1.97740714723773	8.4547246299171
rong1264	-0.0440355437297573	2.92284809580269	-5.93697193969852	5.84760040995578
ronn1241	0.0317327873058639	2.12888081017182	-4.28487738382266	4.14455889454571
roto1249	-1.71176590787425	2.40055003252735	-6.85059641480382	2.53376272141613
rotu1241	-1.46932965236238	2.38293670683614	-6.65910608657668	2.75187502330171
rovi1238	5.15764442122395	2.3537359843053	1.10513961922297	10.3608445576807
ruch1235	-0.50660591052792	2.54441945237028	-5.75848168379514	4.33816176362309
ruka1240	2.02584606069114	2.14693706337727	-1.90430348120273	6.50445990279605
ruma1248	-0.365272891909396	2.70402799407167	-6.05640401685531	4.88628870791966
rung1258	-0.239826475349518	2.79827122442404	-5.99507347566755	5.17273994274754
russ1263	-0.142005703780825	2.82294343628216	-6.06282781781948	5.33755197515763
russ1264	-0.0683798042851762	2.81700348796901	-5.69593952041565	5.54364462553274
saaa1240	-0.664067470493849	2.1259062581595	-5.09550238845922	3.2264425346591
saaa1241	-3.80135516387931	2.35100757704431	-9.09632770133507	0.206848814606394
saam1283	0.997822526582562	2.79822961122587	-4.40000218099781	6.88927029577396
saar1237	1.76235219876754	2.00510740995847	-2.11291215447103	5.8535220853274
saba1268	-0.585016451211904	2.62183695156161	-6.02984161044723	4.58857678828119
sabu1255	1.98823829080086	2.18825288103637	-2.15318503948845	6.52422267409039
sais1237	1.51961716828075	2.11440666308914	-2.42064301195198	5.97848858769695
saka1289	-3.12198906234292	2.43637367432262	-8.48622091221572	1.21659736242963
saka1291	-0.653681257659346	2.5338547487933	-5.97382492132443	4.19453629829602
samb1305	-0.548160411620389	2.62487664566531	-5.99298196064919	4.49998878901521
samb1311	-0.555367060149429	2.64774765703608	-6.13146059123584	4.53911795822545
samo1305	1.69747865116781	2.3004742420629	-2.2768402105428	6.79284780614962
sana1295	-1.14663259099579	2.38010567821975	-6.25385273322079	3.14514870669319
sanb1241	3.56932121353385	2.7229204797016	-1.18375895855642	9.51441092375446
sanb1242	-0.290003272848915	2.74530644692684	-6.07416287299793	5.09271349814665
sand1278	3.08826053588864	2.63434571375626	-1.51167146989554	8.91128875595561
sang1321	0.501269274890852	2.86314137965542	-5.10034733370101	6.3256821520295
sang1330	-0.17781439697652	2.76766720705354	-5.73849564193354	5.16553949920564
sang1331	-0.0707560035170706	2.80281131680223	-5.67540601456479	5.45480885027607
sani1269	-0.381885555214498	2.8074975191472	-6.04314504114088	5.03329586568312
sanj1284	4.04284183098658	2.73699390816048	-0.622515487688004	10.2107708875653
sanm1289	-0.501461843225035	2.61445802226479	-5.86065550200825	4.45355043296072
sanm1295	3.3616110262358	2.62453279604982	-1.18863271709033	9.19163749037983
sanm1301	2.13922965271939	2.51074113624464	-2.30072200944318	7.54583925135075
sant1436	2.77417195395028	2.54985107895431	-1.70956678200801	8.31281101187911
sant1451	3.67213798797111	2.66158108540452	-0.928162328250095	9.51867379446838
sanu1240	-0.704576679023891	2.49878440973241	-5.95635213530607	4.03057655875221
sapo1253	-1.90653902007563	2.40844730913266	-7.22047419987649	2.38083599063154
sara1321	-0.286026964149519	2.92240638635143	-6.23692838127552	5.40523835611435
sars1236	-0.304222611839821	2.5739070973386	-5.73721970255228	4.66540945138072
sasa1249	-0.954285834882849	2.48173910237353	-6.1809827245071	3.61426646375077
sata1237	-0.576175674591894	2.62639149601032	-6.15753153800392	4.26692796218217
sauk1252	-2.76421993080632	2.4120544852913	-8.13052252121786	1.44051702410452
saur1249	-0.176499585886521	2.78352608725243	-5.66048995169402	5.35629360065751
savo1255	3.07967936517886	2.06850601331216	-0.701420792117289	7.34268112839556
saya1246	0.021633304778605	2.24488302039352	-4.39128311764109	4.48843534488149
seda1262	-0.836440230029653	2.58674146636471	-6.40852405433283	3.98430958153389
seim1238	-0.951459449967137	2.49422194847309	-6.31473580744822	3.6066218365027
seke1241	-3.7850299901538	2.36124561186657	-9.13377160769148	0.240478275491966
sela1259	-1.0178197903071	2.49238005537528	-6.22000357054145	3.63372830657178
selk1253	-0.097581188522709	2.83475582922747	-5.74944537969786	5.53471346360473
sema1265	-0.65626553649634	2.71650750959505	-6.34188772821318	4.65759622208518
sema1266	-0.564965060528368	2.6497276704986	-6.1252365673783	4.50109478740951
seme1247	-0.643084891455081	2.65877902080933	-6.33283497004372	4.314286756009
sene1264	-0.70254561116073	2.67319165571894	-6.32980354655755	4.39222492965323
seng1281	-1.93977604339072	2.46703247451288	-7.2751794906756	2.41374017314196
seri1257	-0.709129054839033	2.60616503310325	-6.15310648860453	4.21278700253597
sgaw1245	-0.179442215565932	2.81555817861101	-5.82014304731082	5.4854181252687
shab1252	0.435659271647123	2.53834468507328	-4.38236672397802	5.62320351029342
sham1280	-0.304621881944568	2.72461265166108	-5.78634986647111	4.94733679949785
shan1283	-0.629108115660707	2.63984263617597	-6.2322310775101	4.34329818471384
shaw1249	2.30297417940972	2.47281740891024	-2.03392547856921	7.68353654457827
shil1265	-1.01791425079411	2.56228199019121	-6.51982214036266	3.72749605167601
ship1254	-0.645710922167934	2.62049869738557	-6.24445013315287	4.42493429756164
shix1238	-0.0621652920104323	2.93055855104088	-6.11285689148666	5.74448025604522
shon1251	-0.0542303467900521	2.86438500199046	-5.98005890507696	5.66127257925746
shos1248	-0.554737864049042	2.57163839925266	-5.82833842485084	4.25130930789162
shua1257	-0.601201966530163	2.68273179450522	-6.17605539822105	4.56508263508189
shwe1236	-0.4342236576114	2.6427059657055	-5.90492140444634	4.60201927690269
siam1242	-0.412115969120076	2.81470704819087	-6.20301750443192	4.98366615048866
sich1238	-0.0473922628802636	2.73656499271608	-5.54255370199659	5.47246168174868
sici1248	-0.51556704349595	2.71267531490663	-6.15015205759765	4.5970287713457
siee1239	-2.46689963782507	2.44513603203816	-7.77308353686341	1.80352033831005
sier1250	3.98714287238611	2.63494011736205	-0.437884138899848	9.97712727693514
sika1261	-2.04427349968186	2.29788157008189	-7.07164130517733	1.98540720984751
siks1238	-0.369585770356882	2.35825061938059	-5.3581031404301	4.01657896797206
sile1255	-1.99644543267767	2.55465451217493	-7.60672122700785	2.520243153904
sina1266	-1.71444022596521	2.47378988645582	-7.07951450151682	2.72386441934799
sing1264	0.0776050513898731	2.80928444644236	-5.60066621798605	5.58155422997061
sion1247	0.800132470178446	2.48360290315835	-3.98875497256972	5.85558278448783
sioo1240	-2.68144453561507	2.35166848299753	-7.93704806424324	1.43331511898621
siri1274	-1.8106189842346	2.47940141262758	-7.18177534842666	2.75882933058687
situ1238	0.0216308648892631	2.86228425012029	-5.61128957904734	5.78304422105868
siwi1239	-1.63744686301076	2.32451274963152	-6.63686926328417	2.60801087959799
skol1241	-0.0388181171826168	2.90860515842542	-6.09526312708931	5.81884461820391
slov1268	-0.140808800492671	2.68587309947353	-5.51104047913936	5.04069134944227
sobe1238	-1.23123078251546	2.57352342899524	-6.77855433047148	3.30995085634326
soch1239	3.66347366643051	2.56606136859956	-0.727153334002998	9.43825220397078
soga1242	0.429610814299493	2.7915805173444	-5.06966517582811	6.21822412144972
sons1242	-0.311697286336865	2.4925382488169	-5.57415804379111	4.32075924342123
sooo1254	-0.65253329135083	2.67971362044864	-6.2150867347409	4.53683564153038
sout1528	-0.19050836141147	2.74916897137611	-5.77696262957225	5.10344625737002
sout2649	-0.215633002450309	2.74659395838071	-5.91832157098988	5.07107935691898
sout2674	-0.0227224021802285	2.78389150811264	-5.47195892070641	5.64467394978456
sout2679	-0.0433714125269934	2.75689251535423	-5.52373204775762	5.4924336141411
sout2728	0.0334044269251697	2.82307568697387	-5.6593265505723	5.65058105577735
sout2729	-0.0788511999880633	2.91027298779742	-6.06266995025606	5.56899998104518
sout2730	-0.164675750640291	2.8653409172912	-5.93324159025895	5.57314737372761
sout2782	-0.703459646676254	2.49065666599146	-5.86483176862746	4.02920841110979
sout2797	-0.439221564607025	2.7917445267765	-6.3459904979734	4.89418495413294
sout2807	-0.0844398174841585	2.81747581785705	-5.78325055638867	5.60308135497269
sout2826	-0.0759850284913276	2.83870065239078	-5.8539514816229	5.35654677545305
sout2856	-3.1022693159849	2.26181259558215	-8.21279155429903	0.765611240826829
sout2857	-3.6837758810794	2.28145397751933	-8.60865989943114	0.280201760439931
sout2859	-3.90976903723647	2.29183359957585	-8.9867336889611	0.0524243250773651
sout2869	-2.34244449612254	2.23363985715393	-7.23691996168956	1.58610901871236
sout2895	-1.37677249348088	2.45241445113514	-6.81984795706266	3.05642324587277
sout2912	2.09961788994801	2.4883227712025	-2.14463839500562	7.77535337151939
sout2954	-0.0949266334236937	2.80188302722607	-5.75838040308005	5.51323709295787
sout2956	-0.308830686707943	2.66005329584411	-5.83370120654803	4.82364108810919
sout2959	-0.421333236859359	2.70363637903942	-6.02953516029973	4.79206244405894
sout2976	3.08805060478487	2.36907388196327	-1.03242138448912	8.26871897054406
sout2994	-0.464428323476385	2.68778475112222	-5.79785449658642	4.60458545965939
sout2996	-0.182717824980646	2.7406373626224	-5.83906923973328	5.23749357567285
sout3236	-0.410347327765632	2.72522941239852	-5.93862049601513	4.84816305541444
sout3261	-0.235741597820346	2.82396506454704	-6.11787044173295	5.50592240222774
stan1289	-0.188631281276823	2.67954541023036	-5.72568502427708	4.99383992207841
stan1290	-0.0670941838105078	2.78976504755912	-5.65910087669171	5.27736125893645
stan1293	0.573926438350703	2.60136102649014	-4.70121276481938	5.91044529610793
stan1306	-0.483773341059826	2.66660828312785	-5.94333700640812	4.73341213721314
stan1318	2.44949487726906	2.3483907465617	-1.64843935645284	7.43625190506662
sude1239	-0.886446441508824	2.42901132772525	-6.19676642224022	3.57140501275086
sumi1235	0.558742227375212	2.86152203298106	-5.08229690023825	6.49771810680124
sunw1242	-0.125302971010131	2.77572207241334	-5.91380903624351	5.37466440827671
supy1237	-0.202988588618673	2.8077729089115	-5.91665280350622	5.34652874773011
surg1248	-0.0392117806004511	2.87614215024958	-5.82853905814488	5.67706886630923
surs1246	-1.8338336107658	2.37751162323173	-6.98270270090937	2.39871576538963
swah1253	-0.164863801694012	2.75437010014563	-5.76928160295086	5.20187793006183
swed1254	-0.132446679813136	2.80223249695829	-5.86448271354615	5.22041763288967
taba1263	-0.295000044821951	2.85034792729091	-6.15799050958501	5.23860646839542
tabo1241	-0.594140910929377	2.74478575086101	-6.23191530206735	4.74776598229005
taga1272	2.25266281974287	2.1449622930934	-1.48180784763683	6.98467652707989
tagw1240	-0.229822082171567	2.80488221464771	-5.87301908216835	5.29592131688149
taha1241	1.45090513849765	2.46472729982769	-3.02192386172578	6.84491560544558
tahi1242	1.54000426244382	2.3290086411894	-2.56453260180691	6.63323029789397
taia1239	-1.3642317943587	2.53569344731451	-6.85485167572592	3.44133311638897
taji1246	-0.920504205014673	2.34695919811339	-6.08522895086295	3.43121118244611
taku1257	-1.80241824250627	2.31675954441011	-6.84613425269939	2.21903730209224
tali1259	2.20678773778479	1.78897248965364	-1.17580282140761	5.91877182769135
tama1365	1.12234424201697	2.29150046066802	-3.11442300089614	6.01345323390354
tami1289	-0.0854602463268673	2.87635425795997	-5.82257626245277	5.65727843829448
tami1290	-2.47528219179074	2.44921519182912	-7.87534579741858	1.90720522926005
tane1237	-2.3210541217555	2.42978899065424	-7.56192590592357	1.90248840286155
tang1336	0.878688928751572	2.81443048052774	-4.60548986481765	6.64130642966568
tang1347	-3.32686836369054	2.29791210349603	-8.43447729421714	0.699094515637934
tang1377	-0.00492795400587308	2.90095376508825	-5.89075577688912	5.78143990693437
tani1257	-1.2147595021429	2.55025443738692	-6.59128952662722	3.67710242971854
tari1256	-1.52040385911826	2.42354915780609	-6.85181143089836	2.96083877130684
tari1263	0.917175775362114	2.3813606170873	-3.5198231415061	6.07499190068714
tata1255	-0.0832442839121835	2.74754435424961	-5.62623777881689	5.2800771127322
tata1257	3.84154749852326	2.41666535764059	-0.325942901084228	9.1884507816709
tata1258	3.25373807322796	2.6454500977194	-1.37017796510858	8.95516527317656
taul1251	-1.90767903273989	2.34280927114972	-7.08451956770467	2.30173698524306
taus1251	2.26757947131382	2.5144323796902	-1.98881468722672	7.9469758162079
taus1253	1.49879420022255	2.58060936442035	-3.35161500491299	6.88742172043336
taya1257	1.40852353967005	2.38893780240246	-2.99672158682934	6.60738337675567
tbol1240	1.68542165519295	2.16022758562279	-2.21224937233465	6.41543800038909
tean1237	-2.32342923840596	2.42611139270706	-7.62353225365531	1.92972757414566
teda1241	-0.199379704004035	2.76886650569267	-5.85192847342887	5.16253498460631
tedi1235	1.10258109426435	2.80317532629373	-4.24949071373195	6.79444842199558
tega1236	-0.151067073647687	2.73867781491929	-5.69007143428395	5.3630741499532
tehu1242	-0.519776983730466	2.58943915353144	-5.88716591088723	4.60391828853718
teke1275	-0.100108279063396	2.79357035230329	-5.82504721352837	5.38927229349458
tekt1235	3.29543967913345	2.6443028996497	-1.33576735218317	8.89473544990063
temb1272	-0.280140715884368	2.77893476847087	-5.98511547712738	5.10858623140865
temo1245	-1.17170788995819	2.17129403060728	-5.74486253052689	3.03343085921529
temp1235	3.35613785400683	2.35244697316849	-0.764433816323392	8.466375879165
tene1248	0.536569557836543	2.75316592365388	-4.91795097667429	6.27787136484957
tenn1246	1.23355507342785	2.43761427728355	-3.18881989787544	6.46460787312227
teop1238	-1.89442511608566	2.38301548746559	-7.12444309760549	2.35451984793006
tera1251	-0.802674736036733	2.3705804690232	-5.86285761621216	3.61163763913682
teri1250	-0.544170950690809	2.68722112375802	-6.09291951927283	4.58661631727224
term1237	-0.659599630738071	2.31812277011603	-5.63483191979922	3.55359350987433
tern1247	-0.372214792581652	2.80505380426447	-6.05298080366222	5.07083623514819
tete1251	1.26062885966675	2.01767352417923	-2.56955128067209	5.34103004795883
teun1241	-1.39017108000311	2.54319697860674	-6.89115933984238	3.13490766489364
tezo1238	2.69437173530577	2.53090357093141	-1.89757593425382	8.14510543270158
thad1238	1.30267875231523	2.82660293696413	-4.0110794167011	7.20285187011792
thak1245	-0.115591411411033	2.85035369797394	-5.9015534180922	5.5545855945295
than1259	-0.130663200928635	2.83244092299686	-5.90673415533718	5.52203137308187
thao1240	1.00622013854575	1.9839021608694	-2.75730635122481	5.03997562443252
thar1283	-0.0374655827052015	2.68916895515746	-5.50105806365501	5.11219388598906
thul1246	-0.0898217202143289	2.75437875933483	-5.73922344716555	5.44141638388308
tibe1272	0.0705229438306674	2.84258032214722	-5.60824005306736	5.65043830915531
tibe1274	-0.431273786365197	2.6281627217711	-5.86281735315766	4.72783377727612
ticu1245	-0.355696591462702	2.6939346940474	-5.90140586872238	4.82474166597692
tief1242	-0.452946813389076	2.7625733888749	-6.40731758698643	4.81442014779295
tief1244	-0.438364972129739	2.76103313989862	-6.3104847592904	4.77488754395605
tien1242	-0.132353276757169	2.72557773314944	-5.68561939502474	5.16254367744216
tiga1245	-1.1163665902521	2.20312185121185	-5.77514809336767	2.86899577538931
tigo1236	-0.663832936323724	2.65142232713413	-6.22254451410194	4.44225171723495
tika1246	-0.507879743524345	2.70352676680025	-6.13211204031074	4.8518228655867
tiko1237	-2.50988761976121	2.33991619178448	-7.63625642721664	1.62583523773017
timn1235	-0.134539999420377	2.70131287764783	-5.6997124482477	5.18259552110723
timu1262	3.92367969701841	2.37473757620427	-0.0692079589634103	9.1178820441355
tiri1258	2.16201506781219	1.78414861982241	-1.20838661999149	5.73918977283518
toab1237	0.0428934006100642	2.01919192779041	-4.17657806091454	3.97626646538499
toar1246	-2.03479004672456	2.6392367950093	-7.66996125595976	2.67525036650777
toba1268	2.32905788049946	2.67374050324073	-2.4032579236352	8.11770584499927
tobe1252	-0.305794073154328	2.81758220715674	-6.01946857421078	5.29620688256651
toho1245	-1.25758123454971	2.43389567065281	-6.51761174637909	3.22157412416212
tojo1241	2.86813609558727	2.63794898410815	-1.69028487776369	8.58894159820608
toke1240	1.65104656698669	2.32929374289762	-2.36990630629932	6.93662255987558
toll1241	-0.446261603865666	2.54745885119822	-5.66143796859172	4.59758060913147
tomm1242	0.427941852447682	2.72037905739809	-4.81735262145517	6.02693946333001
tond1249	0.337217926467802	2.66456461984264	-4.99595336023468	5.65250205092156
tong1308	-0.598467161047292	2.72640666782005	-6.37794631417107	4.51186680194373
tong1318	-0.1288892728064	2.73836732159703	-5.51441079373825	5.28186355028574
tong1325	1.75717147132361	2.28850767346867	-2.30623814623201	6.84546370134633
toor1238	-0.17122765165689	2.79320988798283	-5.75365518160726	5.328026709396
tosk1239	-0.236672731444726	2.70353564142579	-5.77549018835709	5.04365130821266
tote1238	-0.231735876575303	2.80646072789139	-5.91361793422796	5.31037500027021
toto1302	0.043103487236363	2.93102391397499	-5.79300012034393	5.83573850751692
trin1274	0.112466279578507	2.21972951426308	-4.45436018575731	4.39719698795155
trio1238	-0.492186387755934	2.64982628124317	-6.10946784969136	4.58150313006756
trum1247	-0.978463106842398	2.59737085110282	-6.43692963418139	3.78006684285852
tsam1247	-2.12791197571562	2.56975964875559	-7.55329936942052	2.44317127727566
tsat1238	-0.52835877296525	2.61504376193399	-5.94989039453027	4.43716860207015
tsha1245	0.364019720843182	2.77492814758441	-5.02356636370297	6.04097554962865
tsis1238	-0.314209723336182	2.67520044497629	-5.88332462968541	4.972118669439
tsix1234	-0.23085247387775	2.71355502115492	-5.9182818347531	5.11455134499916
tsog1243	-0.0538732629718658	2.79544296739623	-5.80542093294784	5.4345218892755
tson1249	-0.0397487298103141	2.78830726817836	-5.76717312446974	5.44169408028921
tswa1253	-0.358846698962499	2.78258878468421	-6.02389138784969	5.10588893235114
tswa1255	-0.0683088822763787	2.78599538322546	-5.7660386552608	5.43911867412166
tuca1252	-1.90802906224636	2.40097428260831	-6.9547333604258	2.46226760524792
tuge1241	2.67935046694307	2.69793427069247	-2.06170922081215	8.49810384259603
tugu1245	-1.78633397812522	2.49121592424191	-7.06173239457251	2.72066027650056
tuka1248	-1.28680783591152	2.48068320624388	-6.64851854803335	3.30104713008633
tuki1240	-0.258786136291095	2.65539925093195	-5.62312850800531	4.97469918396816
tula1252	-0.712642688554254	2.44011637605364	-5.827235608037	3.90286679148244
tulu1258	-0.0481957491093691	2.69800945739032	-5.44908343348826	5.28702910216689
tuml1238	1.41444596580619	1.95324340266779	-2.3478197802975	5.42948668429897
tune1261	0.00130597987318909	2.6557263428789	-5.42581116912157	5.21352111225126
tung1290	-1.2228881943707	2.44041471021668	-6.43274676317197	3.25144382057501
tunn1238	-0.461864575450288	2.63718982621141	-6.03034014201385	4.4536567054276
turk1303	-0.180355445146249	2.83307538986011	-6.05082018773867	5.40317065150893
turk1304	-0.0295115445389224	2.86775174802386	-5.8157079111218	5.69175885144812
tusc1257	-0.474970248980795	2.64522879734092	-6.01796808672218	4.51037868038758
tutu1241	-3.65780452960324	2.28910690389163	-8.74305867921606	0.320898035702053
tuva1244	1.65326668693105	2.30396402048705	-2.32590650578684	6.72293966917799
tuwa1243	3.38801434519893	2.19901770254748	-0.493170247191117	8.06104624550242
tuwu1238	-0.217841805770636	2.79845449684417	-5.96424110387426	5.19456743576292
udih1248	-0.0382406010670542	2.80929880469926	-5.6563651414592	5.51103906563984
udii1243	-0.22928444556145	2.77854578045901	-5.98850376114359	5.22970121322272
ughe1237	4.96536138646739	2.39964757494637	0.901658967980198	10.3020772105617
ukra1253	-0.156023586309857	2.83191199448603	-5.76799865385375	5.31692631022847
ulch1241	-0.0856858506456268	2.83945438609511	-5.86622709187348	5.57777870545867
ulit1238	0.323723619302924	2.42412348258639	-4.66583155915799	4.87576901066884
ulwa1239	-0.864325784626675	2.64048627999724	-6.41995465965941	4.17473792489205
umaa1242	1.74925734325113	2.20576067024236	-2.33412492750592	6.44427719330914
umbu1257	-0.0325911546841537	2.79994558484031	-5.78490602707936	5.49636211256846
umbu1258	-1.22267454816233	2.75389713565657	-7.11887914538626	4.11680091154492
umes1235	-0.0233536710109654	2.73687339340791	-5.50975897185463	5.43893127821162
unua1237	-3.9469422952599	2.20593586583109	-8.79097176776482	-0.2207662755619
uppe1275	0.00336037013690885	2.05173795197814	-4.06375438589456	4.06898355340984
uppe1427	3.72256767046534	2.46395271575951	-0.365470047610593	9.17648115286842
urak1238	-0.743267649129138	2.56062290316363	-6.02616876133697	4.06539270103916
urar1246	0.205189498052675	2.65530797616285	-5.11555187821025	5.55559160572182
urav1235	-2.47099487153776	2.45753329117839	-7.77483494634779	1.93198776680302
urim1252	0.870962632879386	2.30322031179005	-3.58459915915644	5.64609366530364
urip1239	-3.83112619388608	2.17223977359072	-8.63308357647699	-0.108229053540224
utes1238	-0.576935652082126	2.58554586274326	-6.19497682513819	4.12256508913449
uuuu1243	-0.670658442317518	2.61774702544101	-6.15272350046803	4.28283021729498
vano1237	-2.32045743683832	2.41693647599201	-7.71017096440672	1.85737478563382
veps1250	-0.0266877216798195	2.84576511823185	-5.77900260445758	5.64598623023062
vera1241	-2.68599793159159	2.41782371942949	-7.990773816096	1.51805911577268
viem1243	-0.338430150802977	2.70830773257394	-5.84705859129103	4.95667012778841
viet1252	-0.473844938485058	2.79621829156047	-6.45474875573491	4.78928145252965
vinm1237	-3.83505444804226	2.19194987264955	-8.70043506607	-0.135482387150623
voti1245	-0.0269420689785009	2.84677097183248	-5.7038886605642	5.57995385853927
vunj1238	-0.3372387946258	2.67393468050053	-5.88023087602233	4.8467323759953
vure1239	-2.69630343385352	2.41715833531306	-8.05790481116306	1.55683986065693
vwan1235	-0.189416570750055	2.77939445623328	-5.83670883730465	5.30165926069455
waga1260	4.09413890690398	2.62706976578578	-0.396670945470483	9.85668348795721
wage1238	-0.391242283732238	2.74033043322704	-6.01034892438227	4.97568920314878
waig1244	-1.05496531255727	2.55289775039967	-6.44678819992235	3.58427143198855
waim1251	-2.03570570874764	2.49372887886532	-7.39895937713445	2.4290292232495
waim1252	-1.86462569978353	2.4712202270153	-7.19269126969034	2.50853385701597
waiw1244	-0.652445413697007	2.59645168598735	-6.13310633319503	4.17179584739404
waja1257	-0.646980375098239	2.58311850719034	-6.14346059974506	4.20868673536009
waja1259	-0.556491521853815	2.35955911392802	-5.48162985698573	3.89789316795409
waka1274	-0.41162962124592	2.67261049136776	-5.98423609732	4.77094903422891
wala1266	0.25375521535914	1.84051775436815	-3.52467847987684	3.85169138054046
wall1257	1.60395424880552	2.30974039184961	-2.48835769020198	6.61661056476299
wamb1257	-0.136471014159752	2.75927876474058	-5.80156217431825	5.19173107884579
wand1267	-1.73466524155673	2.53104278641181	-7.30153302141579	2.74469803681167
wand1278	1.0604988274275	2.01369330880253	-2.80373882417899	5.13507652487024
waor1240	-0.519889047138714	2.59452568432838	-6.08724985616529	4.46396090971013
wara1294	-0.373403760262928	2.76102348873666	-5.98389447008173	5.07780641087307
wara1303	-0.571698574986996	2.72096663170103	-6.29188390366506	4.64385172086855
ware1253	-1.54340843259505	2.52910504544648	-6.88607616870661	2.99196496388702
ware1255	-0.519641991545198	2.3758132156328	-5.39792454629876	3.98393728262177
wari1268	2.51374221739381	2.67737698683944	-2.26825406511005	8.36521489742647
warj1242	1.94731914210753	2.26790789491489	-2.33857938505516	6.71121923038862
waro1242	-1.68995979859626	2.52066303855498	-7.20187688557434	2.88475305150729
waru1265	-0.119122524867926	2.54888425222441	-5.43228541617142	4.79590615365539
wawa1246	-0.534295434577021	2.68629631815592	-5.94118106333493	4.67602966511258
waya1269	-0.586658344967284	2.61373657240663	-6.11555615668022	4.30798398593824
wayu1241	-0.139382715590302	2.75711435887576	-5.77604190585556	5.25991095085183
wayu1243	2.61666491427726	2.34368264827003	-1.58115431687152	7.61599456804998
wels1247	3.72680352430519	2.67734847332695	-0.832978099443388	9.78982014291838
west2354	-0.26464849009935	2.76181359410583	-6.01492875506988	5.16020043206389
west2369	-0.153796871363065	2.78054393962511	-5.76930511689865	5.10747785267823
west2396	-0.524324352053678	2.65093166795114	-6.22942581898654	4.41975196315179
west2397	-0.637263358119803	2.71973385975692	-6.26034802948559	4.67979212782116
west2415	-0.142470778825696	2.74525390652433	-5.75441871033044	5.198179002307
west2418	-0.141507381891542	2.85222389624076	-6.04545278943889	5.49902733671882
west2430	-0.105228028895957	2.77985944870711	-5.61045341995963	5.46072647072574
west2441	-0.867576851467343	2.60029380196916	-6.42691339998531	3.97276899805824
west2466	-0.449946907856173	2.75543005805097	-6.49537819757159	4.86640827898192
west2516	3.47196118366094	2.17304781988137	-0.221271401297588	8.277787072498
west2519	1.16765771337738	1.9694421874908	-2.48767261451263	5.26691708650843
west2548	-1.54227422683274	2.56230137703508	-7.04355149903302	3.10551591593675
west2557	2.67150429813118	2.57369683495822	-1.75121631671401	8.36840871853616
west2560	4.01796407909024	2.46699032673533	-0.139279271908883	9.48449367531379
west2594	-0.650715596854161	2.74771653171835	-6.29869861068581	4.72873557382804
west2600	-0.348189142930668	2.80835338905314	-6.08309956230778	5.17652642229513
west2618	-0.523872300593056	2.57722796889381	-5.74193601589478	4.48506597644857
west2632	-0.933724641313416	2.58845040527305	-6.32953302029978	4.01914076792257
west2635	3.27903724285394	2.6416187431165	-1.3936178609118	8.98840560789145
west2644	3.4549976186801	2.67063671006099	-1.15622122033363	9.1423708026455
west2650	-0.766288469902402	2.59917558983263	-6.29386789244658	4.07860714552702
west2763	3.61268343855028	2.34811280417565	-0.505389934215225	8.62560256319744
whit1269	-2.4440340755592	2.23369033576458	-7.36458522771092	1.44085709376683
wikm1247	-0.699645381165746	2.59331038057426	-6.2999341049629	4.12754450077282
wiru1244	-1.28414097136415	2.67970651884805	-6.9186857278063	3.82072532830145
woii1237	-1.58788213167201	2.6046480837861	-7.38520477739501	3.12486187340677
wola1242	-1.1701104815449	2.81217391236529	-6.86809895411759	4.27148496005125
wola1253	-0.693153605491627	2.63757815600089	-6.26106281363144	4.2113069387667
wole1240	-0.525383854447666	2.48713045639454	-5.84643791197803	4.12799442820935
wotu1240	-0.580417052787352	2.30733892643486	-5.41921005803439	3.75647812580067
wuch1236	0.019785328585928	2.86488504329955	-5.73262852328997	5.6818639032501
wudi1238	-0.157304639663022	2.90159575954531	-6.1608616681994	5.66666041900663
wusa1235	-0.121506965578365	2.87847013403875	-5.94124692254878	5.5723950539023
wutu1241	-0.05494488219631	2.84936372631061	-5.83680741434843	5.68382373347396
wuvu1239	-0.49182126976337	2.4041258273735	-5.69895832923348	3.92749113562229
xamt1239	-0.609881398590775	2.62788772453828	-6.22965012007677	4.33116135784709
xara1244	1.78925027823176	1.76248257436227	-1.61245368403803	5.47284037762238
xava1240	-0.472984710674373	2.73096867363837	-6.09963945395067	4.71553082629121
xhos1239	-0.0639221521305774	2.75652688770528	-5.68163212661414	5.32441762945274
xish1235	-0.205328857098592	2.86094550462811	-5.92748700711789	5.45682301645871
xokl1240	-0.302112987825042	2.76234592817723	-6.02922519209299	4.96113440010065
yaak1241	0.486467477483615	2.44794534418508	-4.46511876460041	5.37396489971667
yaey1239	0.422051037035026	2.66906652644853	-4.86518912442393	5.77447600376604
yagu1244	1.54201568336256	2.59642465287991	-3.23871032600242	7.10964455735126
yaka1269	-0.0638893553612591	2.73810626827421	-5.54745442390818	5.35666286476953
yaka1272	-0.218453473033843	2.81201682802348	-5.92757464067398	5.19671148826229
yaka1277	3.46536155869065	2.51698644221991	-0.808595401292547	9.05176577562672
yaki1237	-0.428690209242773	2.53792253950248	-5.4879202769547	4.49353613666941
yakk1236	-0.0742255413655858	2.8441497359571	-5.82840602976467	5.51936851069682
yako1252	-0.249465706167858	2.77521955102092	-5.83635719126162	5.22726259459671
yaku1245	-0.027979970434295	2.77592072305196	-5.59405721966605	5.49387762282389
yale1246	0.30488347830324	2.49484620536511	-4.80720340163118	5.28641100267323
yama1264	-0.515057672366293	2.65953636155737	-6.03179121087974	4.49350705339784
yami1254	-0.207503717682538	1.98182145229516	-4.08901943775554	3.74291961737421
yami1256	-0.728551006971478	2.66785075252058	-6.3083830474521	4.25642225966295
yamp1242	-0.101704174862353	2.78194472152098	-5.81973405712536	5.40049727020885
yane1238	2.99354955285614	2.40283963887771	-1.27683629589092	8.07910110463963
yank1247	-0.671464895341987	2.61378114347778	-6.0879667573013	4.19722087738425
yano1261	-0.615608480632125	2.65767547368497	-6.13161772084452	4.45574569263903
yano1262	-0.666799058933013	2.689003117018	-6.1427401124659	4.42413293939121
yaoo1241	-0.1029069411381	2.81300307215014	-5.80435138858018	5.39258295527284
yape1248	2.65310639295357	2.31405229829472	-1.41349716825817	7.78116396972122
yapu1240	1.13565059533003	2.15737064022269	-3.029945702573	5.49797624902355
yaqu1251	-1.07378425868497	2.52290006016015	-6.44614068879147	3.59232995430105
yare1248	-1.70052504181351	2.48100074154789	-6.92828807610718	2.79439417346538
yasa1242	0.435169688056318	2.80854408289452	-5.17389681118243	6.02989330847528
yatz1235	3.77470938565179	2.64700372876478	-0.859376393228658	9.78697371932122
yaul1241	-1.10905579820119	2.59689632889065	-6.47427067465613	3.80955406337192
yaum1237	-2.76337291184082	2.39078281936393	-8.19719942800691	1.52909573294277
yawa1260	-0.805691027503398	2.64614605697218	-6.43039370577207	4.19051691323224
yawu1244	-0.413193071991633	2.73030293225863	-6.0636013796833	4.99263090847785
yele1255	-0.64791607857618	2.59250519770915	-6.05544578432869	4.24650906773095
yems1235	-0.775912741328114	2.63926644826137	-6.27467809515855	4.33903859583606
yidi1250	-0.622476392182285	2.63350524370616	-6.14286905418324	4.29512929226354
yind1247	3.0455905383384	2.45015506023273	-1.28008653608412	8.48600292283554
yoga1237	3.62716551537806	2.38749365664341	-0.573235799911441	8.86418421645569
yona1241	0.953642228756045	2.64476031946744	-4.18204397560909	6.38997580038231
yong1270	-0.069818376242981	2.87481767846872	-5.94802814904319	5.58386202458462
yong1280	-0.365542816137356	2.74073946720287	-5.95195157872698	5.01441178476397
yora1241	-0.331598168737515	2.68627888354317	-5.81842542936156	4.62692475927625
youl1235	-0.781424911591278	2.64130695662878	-6.41918028374849	4.21400053586212
youn1235	-0.0617339627575939	2.83353697769121	-5.88040770563768	5.67896860267943
yuca1254	1.48933518588281	2.57656745727706	-3.25692837939325	7.08984254416351
yuec1235	-0.0274605952341917	2.84840210986282	-5.73775842454292	5.87350136152707
yukp1241	-0.113061474263234	2.46741496570224	-5.38850289635659	4.57420213384435
yulu1243	-0.228873971365091	2.88683498581622	-6.09053051108487	5.44042051532642
yuqu1240	-0.703452641878953	2.50342056201377	-5.99680027952196	4.04962085902176
yura1255	-0.692073730871855	2.48176662176984	-5.87963883901771	3.97165518679282
zaba1237	4.02182030945267	2.20887565208526	0.0184171638100868	8.73905140982067
zaca1241	-0.0709144126618475	2.00543365548996	-4.09536946779944	3.86268139758256
zaca1242	3.27659097706733	2.65253273069703	-1.34028274192772	9.05398735048873
zagh1240	-0.0871721560079271	2.86524834436416	-5.92222931510384	5.80877233883513
zamb1245	-0.295410205875473	2.7286318601559	-5.88758753335803	4.97920657425231
zani1235	3.74795573634613	2.72596711375616	-0.990799640920274	9.64501478445225
zarm1239	-0.194503101956779	2.85059846943464	-5.99265182129799	5.50478198361118
zaye1235	-0.277908000911227	2.8070275180744	-6.15702336158022	5.22700365043959
zays1235	-1.63348807156503	2.71339380448673	-7.53633257882309	3.45343019795923
zenz1235	3.50958342590181	2.65911747236725	-1.12343567311345	9.22658646566856
zinz1238	-0.186475965688479	2.82332726346384	-5.97247985581264	5.56475364307848
zoog1238	3.83754046738103	2.64829236718001	-0.723725008043067	9.78260402854035
zulg1242	0.24498197957348	1.98148211847645	-3.75234599353941	4.17170239034106
