Estimate	Est.Error	Q2.5	Q97.5
abad1241	0.213241332267411	0.906906877599613	-1.54832500580511	2.17672495050932
abar1238	0.621635471753276	0.957404997027499	-1.03627152873826	2.70624362979911
abkh1244	-0.291213963394004	1.03729985922097	-2.52279582221554	1.7632558936238
abua1245	-0.257212275203731	0.968925441312585	-2.32406575339894	1.58561998868627
abun1252	-0.542679278213304	1.05138400035916	-2.9078544378884	1.3322615887384
acha1249	-0.781862221649172	1.0733223614789	-3.19556946871222	1.00225278829267
acha1250	0.600573314780778	1.03978319067388	-1.23415782891643	2.91719645916395
ache1245	-0.209773757758877	1.04567489688611	-2.44283481013888	1.85589180150989
ache1246	-0.240676549599034	1.03304052199454	-2.49951007654704	1.76658881613514
achi1257	-0.0928781443944938	1.06273019907694	-2.3327893895824	2.01580291862203
achu1247	0.596512790537404	1.08699670106406	-1.34898652877681	3.03573715304987
achu1248	0.35427204645519	1.06004957563741	-1.64637070085546	2.7049519222382
acol1236	-0.192888160098442	1.05024840890189	-2.43933883481271	1.94461180491138
adan1251	-0.298097351407776	1.01004473332381	-2.57731357797281	1.6837123830679
adny1235	-0.476077599111054	1.04677643293337	-2.82652858433976	1.44580392470265
adon1237	-0.281401456008541	1.02968156232323	-2.49145693574467	1.68833909982974
adze1240	-0.133019396061451	0.85759674869162	-1.92781010876745	1.58692602174085
aeky1238	0.121645477110307	0.966973482199029	-1.85311075209576	2.1687692569243
afar1241	0.5231461060243	1.02995227041262	-1.32682221562049	2.82974036513833
aghe1239	0.520271801391587	0.939230325448243	-1.16694548251222	2.57674858546291
aghu1255	-0.431154045021352	1.01411074583863	-2.62015206441116	1.49598111118107
agob1244	0.532558814306757	1.05561910314124	-1.40695335828731	2.8579718207908
agua1253	0.349599604962869	1.03014850480538	-1.58661615924886	2.58022228575886
agus1235	0.0409872759198096	0.961196948921256	-1.95145560427391	1.97215140401661
agut1237	-0.326883894886674	0.984207963963058	-2.54380578363621	1.52139922556717
aheu1239	-0.219241478735207	1.04577093240806	-2.47922512071645	1.82549241963525
ahin1234	0.595707871755749	0.905875592875202	-1.00052437053079	2.60173278465497
aika1237	0.222011697959255	0.986987606053523	-1.70987369811943	2.34970039074055
aime1238	0.419447647141074	0.962515226851789	-1.38182739152605	2.51432580198564
ainu1240	-0.245470299186735	1.05315968219363	-2.5232016665432	1.81414673238297
ajab1235	-0.127077655836522	1.05729850980702	-2.32531459845746	1.97605564958435
ajas1235	0.0579470066991483	1.07726995247525	-2.05826714606631	2.24618414657168
ajyi1238	-0.0918683789355677	0.989548975956351	-2.17976838557383	1.90334850585121
akei1237	-0.350579704490939	0.950291836530609	-2.41903231102702	1.47914278071249
akha1245	-1.01531643874545	1.06648442098565	-3.43056319163022	0.698113644773441
akoo1248	-0.104693243603743	0.976967584377133	-2.19944162478745	1.83518133620821
akun1241	0.1622772899325	0.993254099114077	-1.7912660010913	2.26140489825651
alab1237	-0.377585791129761	1.02260290313249	-2.59019529978542	1.520698044651
alab1254	0.609908372750224	0.999087819154064	-1.15911663844753	2.8005465569583
alag1248	-0.682090665152317	1.04478780621912	-3.02624211923157	1.16929840979465
alba1269	0.722860531194006	0.994037300545942	-0.998172402240774	2.95291021528335
aleu1260	0.227766102432411	1.05099964527585	-1.80755224105526	2.45512429209752
alor1247	-0.29796113624416	1.00527072475432	-2.50565405518027	1.64582480373906
aluk1238	0.276138371664096	1.04539142248561	-1.73512254613158	2.55062091736327
alya1239	-0.295462301835617	1.0290624756551	-2.56882536409298	1.68603564355689
amah1246	0.115178219088563	1.04844434490485	-1.96809500020966	2.29886875222908
amam1246	0.127086697137045	0.873078713881694	-1.60565494502925	1.97230166474609
amap1240	-0.367205907089119	0.922242030603159	-2.37183149587971	1.37364607925145
amar1272	0.463874350948884	0.950427765247052	-1.35085862014009	2.54934746743303
amar1274	0.263718737398535	1.03735930795356	-1.74940765878882	2.46685299111002
amas1236	-0.000248759439091987	1.10279593624087	-2.26320480030021	2.24815887229836
amdo1237	0.47122378046039	1.00388315473174	-1.41381616706889	2.65347529679571
amii1238	-0.104804595987802	0.988879694291875	-2.1918219989308	1.85598076506987
amis1246	0.877817363847938	1.03063372130907	-0.834422302666485	3.1300589046315
amri1238	0.0849613469283611	0.886321065987084	-1.6182992129563	1.96601530298977
ando1256	-0.0616521808556875	1.0148256655705	-2.130024682232	1.96352587465635
anei1239	1.02104690810474	1.11732210800689	-0.779296061956908	3.54004468389763
anga1288	1.29178289367758	1.0410057908373	-0.319723887309435	3.6010713060531
anga1290	-0.0238439001324408	0.874885713898764	-1.81603034093891	1.77808115008073
anta1255	-0.0682884018446815	1.04238728125463	-2.22550971215487	2.06124297717311
anuf1239	-0.129309126417416	1.05298728866857	-2.2772108188282	1.97149250972502
anut1237	-0.0542740218638895	1.04971505257905	-2.296089859474	2.01214443714364
anuu1241	0.0405925793573368	0.910870096665741	-1.78897980250703	1.91605386486159
aona1235	0.642797393165221	0.895560406536679	-1.01173566747275	2.56021621715366
aoua1234	-0.132847332592822	1.07966033620563	-2.46854251220328	2.04965869008734
apat1240	-0.205072841902996	0.902323425871184	-2.1261382570753	1.56807494325491
apin1244	0.272640485662333	1.01167837920828	-1.66775232083023	2.38626484160384
apma1240	-0.216166969743511	0.929370003969119	-2.22422388175671	1.62478072676709
apma1241	0.576804891344012	0.951932286552458	-1.15025328743458	2.6881233187086
apur1254	-0.346980465195191	1.01368742635553	-2.55614037366778	1.5498004505941
arak1252	-0.361334691610358	0.930830557615081	-2.41147911460914	1.43576252090542
arao1248	0.242786467319503	1.00629182828914	-1.67832331119198	2.4304710701966
arap1274	-0.156688126443175	1.05277867801013	-2.37363767094487	1.92837061178357
araw1273	-0.0814641703585101	1.05957957012513	-2.35527244028186	2.00490614070369
araw1276	-0.395175062801588	0.992579070871332	-2.54480059078189	1.42104575310078
arbo1245	0.016967793286637	0.900440115448884	-1.81196625196502	1.84774807866701
arch1244	0.152095993439695	1.07418558578251	-2.00158909483018	2.44981802296815
area1240	-0.226542300916648	0.996003275886518	-2.35357215989482	1.71171399173544
aree1239	-0.351761679749602	1.00208724439246	-2.54086082038255	1.50038656411024
argo1244	0.749280573794281	1.05886398899294	-1.07221240885558	3.13231972239707
arhu1242	0.422231139969734	0.931139585629189	-1.29874066623508	2.45128999212024
arig1246	-0.12544338339344	1.04579709272813	-2.3295010515217	1.87702405001956
arom1237	0.695192232660264	1.03672744076617	-1.14256377678023	3.00240653112807
arop1242	-0.211583398626736	0.957872700434164	-2.2308601971948	1.68163450047956
arop1243	0.146204300413775	0.947657736136601	-1.72757888964142	2.16009640111843
aros1241	-0.212427365745714	1.02027341083929	-2.4033882528574	1.76396231084196
arta1239	0.401099980109715	0.910765148792307	-1.25896110135985	2.43211997912468
ashe1272	-0.4321465510285	1.00886040231066	-2.64456902799341	1.41594050211003
asoa1238	0.698646405851867	1.00020284829044	-1.05893049596159	2.93272266665281
assi1247	-0.163076667219996	1.06474804640073	-2.42443394927384	1.90543654772835
asur1254	0.167225313639052	0.975129940022302	-1.82458472451927	2.23839762637626
asut1235	-0.240362763065997	1.04468858103555	-2.43272100654789	1.73398317405836
atam1240	0.211353403158446	0.918000821535575	-1.61982401217602	2.12049996727653
atay1247	0.935992068006083	1.05669637757055	-0.797893516916631	3.28486645166929
athp1241	0.550856298966639	0.939618339026326	-1.10106345083719	2.65003341437332
aton1241	-0.0469056218528532	0.911731467853353	-1.92047537642365	1.84161314925852
aulu1238	-0.441838677939852	0.904962177997117	-2.42838356991142	1.1762826806308
auuu1241	-0.25729495316861	0.929620656039887	-2.19212506624112	1.55455998154218
auye1238	-0.0646893460424792	0.972077243255334	-2.09829020631266	1.91121837011845
avac1239	-0.108780986993204	1.03138621842997	-2.28867628415807	1.94198278599667
avok1242	-0.345521100110872	1.02685804821701	-2.57290064110559	1.57444481265844
awac1239	-0.235840195081074	0.977512117642704	-2.33011268373581	1.66882151934138
awad1243	0.64560141458395	1.04005416585302	-1.19630697751308	2.95397279159324
awad1244	0.0114194026725918	0.888383981583651	-1.78418349933259	1.85863946279365
awap1236	-0.383088983389138	0.888712595802274	-2.30578463309741	1.26448936682585
awar1248	-0.059653269144843	0.849413904010342	-1.78247094070838	1.67471916099439
awar1249	0.250335781505796	0.934697541323247	-1.63746539291169	2.19450314186185
awet1244	0.810788066424424	1.05315949115044	-0.988829097870462	3.14660369683462
awji1241	-0.214940813606274	1.02926516700457	-2.45617787534712	1.82518430884635
awtu1239	-0.197105546584673	0.916835050078642	-2.1267040016665	1.60418936102381
axam1237	-0.42176432554609	0.90312670670362	-2.40166743734873	1.23193310760613
axiy1235	-0.521208859580781	1.00169207026356	-2.7209080954584	1.25302760780769
ayac1239	-0.629233054526896	1.02141426616434	-2.93064364144327	1.22786605260955
ayiw1239	-0.211822156839955	1.02376157530443	-2.40588791641928	1.75940776425158
azha1235	-0.588245073358381	1.03474398538205	-2.95638054437087	1.20023795522888
baba1264	0.686645643852616	1.00613113215173	-1.07025661279744	2.90623970007761
baba1266	0.522621142995368	0.974960952873359	-1.27793478830505	2.62442698790296
baba1268	-0.300050332818177	1.04928049169104	-2.54911241519292	1.69657024461345
babi1235	-0.111476045112256	1.04809602104613	-2.31136717832635	2.01957866758277
bada1257	0.274990539000461	1.0517506878179	-1.7613719081963	2.55492415885143
bafa1247	-0.164707918432724	1.00232036794854	-2.30974085351717	1.78545057568847
bafu1246	0.483130385459553	0.949343675125062	-1.25278272912383	2.48498756516069
baga1272	-0.0653238941065118	1.06174341300628	-2.26061759757283	2.09521890048077
baga1273	-0.0725463856901396	1.06039121324802	-2.34788745986795	2.06837630508793
bagi1246	-0.638099665141639	1.0645865183447	-3.04837347176316	1.22382022321867
bagv1239	0.147563931701101	1.07931054397065	-1.98347837163632	2.46307269270952
bahi1252	0.842708651109971	0.937370111380837	-0.756559753904511	2.87075748351658
bahn1262	-0.323120147502967	1.04278875462783	-2.58567355711444	1.63008994084503
baim1244	-0.328996075317916	0.932074014491109	-2.31856259411575	1.48955379358898
baka1272	-0.125520731485749	1.0575110247165	-2.35385034590115	1.95743551415368
baka1274	-0.329794837289785	1.0537887627604	-2.66017785904732	1.66979589611401
baki1244	-0.244807766627316	0.887554633511409	-2.17115453830758	1.45293800334903
bala1311	0.54279262983802	1.05754278089592	-1.43563531727073	2.85483743770067
bala1315	0.100723884103103	1.07074900074764	-2.053994277405	2.33289362804105
bala1316	-0.106349942084891	1.01237438122593	-2.28056655384465	1.87256466692987
balo1261	-0.217519655357946	1.04712945366883	-2.39376631725568	1.79967316814291
balu1257	-0.16579155302235	1.01960261878942	-2.33422271657695	1.84783477276167
bamb1270	-0.120944955164827	1.02050165377761	-2.30757163679491	1.97616238008839
bamu1253	0.286960394062651	0.98494688139154	-1.68269234714241	2.37483128636189
bamw1238	-0.295233762858243	1.05798371102838	-2.61724157051712	1.75785340206425
bana1288	0.124087307093542	0.889202075731563	-1.66961882264063	1.9971323828716
band1344	-0.130554949742424	1.07944500060616	-2.45634116634653	2.00792076343746
bang1354	-0.0997492924121453	1.06813462578974	-2.36184438185996	2.00023845639828
bank1256	-0.167315136153132	1.01342612836339	-2.30903750568942	1.80785467176607
bant1281	0.76627677606407	0.966219330087755	-0.888279974667113	2.93311033465034
bant1288	-0.161497147276869	0.996351960191422	-2.2776240863402	1.80802925979784
bara1357	0.832205708781773	0.957355902480973	-0.793044552414724	2.96371536756724
bara1361	1.5510155611888	1.25044902650623	-0.413448186309332	4.33063887239339
bara1369	-0.0740390534626607	1.04981684837199	-2.26852432226342	2.01828088445782
bara1370	-0.171656488279125	1.01680833579227	-2.33624913907414	1.82361845734066
bara1380	0.0401024541384654	0.972161599809063	-1.931518683192	1.98489987707777
bare1276	-0.31825044986372	0.992819069265667	-2.4513107040429	1.5308576590708
barg1252	0.180707882510929	0.916218067689019	-1.66928252956385	2.04141438592911
bari1286	0.471814780927994	0.954705693062773	-1.32560501256551	2.58285359353861
baro1253	-0.416002664984367	1.00707178306209	-2.66845934163089	1.42595967089171
basa1282	-0.091148769666063	1.0397351549754	-2.19820531422289	1.98051255249469
bash1264	0.00819361815154982	1.08372238854038	-2.17904200395726	2.3104741713466
basq1248	0.190000892211353	1.07658692851144	-1.9299748611365	2.43327138899759
bata1285	-0.114465964289105	1.06436346580955	-2.35515410327041	2.06964296223369
bats1242	0.126367937974641	1.06402427441794	-2.04474921375954	2.37608030465691
baur1253	-0.293244385567496	1.04077394565312	-2.60283253214038	1.64834366582916
bawm1236	-0.289409573269018	0.897685039572833	-2.1971012545537	1.50042624691109
bebe1248	-0.0717875670419523	1.05249880033897	-2.26645137945545	2.04461149644195
beem1239	0.188652426515277	1.07090110746361	-1.91423000340762	2.49135006428692
beka1241	-0.176604094381194	1.05652508795349	-2.4761811084437	1.91007829055647
bekw1241	0.103737221885178	1.02812803513435	-1.96744295460867	2.21807218306938
bekw1242	-0.127433827999845	1.07286948793887	-2.44106255144341	1.97026866773773
bela1254	0.300835060829963	1.00958398593107	-1.62537563053429	2.48519862167735
belh1239	0.63181819067232	0.94920578382475	-0.992139735517935	2.80316564220432
beli1257	-0.343851420536561	1.0524914936208	-2.69058678890362	1.61832513762799
bell1243	-0.163828176134347	1.04195868225338	-2.42576716251352	1.90512138268006
bemb1257	0.958966833105282	1.15468328871248	-0.934979850417603	3.62212851485602
beng1282	-0.107388554748485	1.05970732024312	-2.33083530191981	2.03019789589579
bent1238	0.623650826835908	1.07352462412877	-1.27100353320574	2.95812004279908
bezh1248	0.142074021926203	1.06386258904455	-1.96876648397101	2.40472346409313
bhoj1244	-0.108137341101422	0.982527758375436	-2.16032997707752	1.86919850608369
biaf1240	-0.0704211699347494	1.06955784308323	-2.34562541416031	2.11831360326011
bian1252	0.120377956644796	0.883620848796177	-1.621189789379	1.96099533139715
biao1253	-0.30335607369131	1.05581776736617	-2.52778326053741	1.70449301394974
biao1254	-0.154580479000547	1.08326500023384	-2.46637273687928	1.9917585270306
biao1256	-0.229107731622538	1.0903952568983	-2.51395059215733	1.9363446674762
biat1246	-0.21569900418224	1.03772343998026	-2.50639706770865	1.77310561320494
bier1244	-0.26692363217259	0.889691022494105	-2.21327421000815	1.41104927489735
bign1238	-0.458536893106548	0.928206844931197	-2.50183866009516	1.23782975944344
biha1246	-0.337939652238362	1.05644801538837	-2.62944129084641	1.6600045170422
bila1255	0.247677195544911	1.0151677266959	-1.67865604228291	2.45626598341987
bilb1241	0.172913657211409	0.879304378576789	-1.53146639162737	2.03488092643921
bili1260	0.371895945718083	1.04643173828696	-1.56943269299399	2.64832487847744
bimi1240	0.0561848429748303	0.916483672440468	-1.77275126656523	1.93839857685344
bina1277	0.276366761638222	0.940582171592905	-1.51590871795636	2.30421595549678
bini1246	-0.10890371421551	1.05242665978427	-2.36011844427666	1.97364869769257
binu1244	0.416435736448204	0.964307949270978	-1.39196479957223	2.49167899982726
birr1240	0.778379106550819	1.06514536732554	-1.02381411918713	3.20471658472369
bisu1244	-0.908941663327127	1.06192389640566	-3.33651292316581	0.845882152231444
biwa1243	0.612339834828115	0.955571499994047	-1.12428998598729	2.73941446596399
bodo1267	-0.0750795159539692	0.920115061914465	-1.94328296978608	1.79594391976483
bodo1269	0.191236999904078	0.915034228467158	-1.53609126203225	2.18341384313371
boht1238	0.0614881383203739	0.991172116698692	-1.97527645626332	2.11017864576263
boka1249	-0.0415187713892564	0.951396247500509	-2.01619291216571	1.87166355029024
bola1250	-0.124528805704817	0.994283901509626	-2.19362355549955	1.80328309649837
bolo1262	-0.218358137435162	1.05360455935654	-2.51370117374563	1.82412334011366
boly1239	-0.403986749022194	1.0504081658419	-2.72389977654219	1.53363421300231
bomb1262	-0.296976457939643	1.0622155004763	-2.61323563595319	1.71350349021607
bomk1234	-0.0525565533108099	1.0761353982904	-2.3743758278163	2.11018039662185
bond1245	0.115983982801712	0.892037349607463	-1.6221981722729	2.01935782590776
bong1284	-0.140202609234887	1.0784799563945	-2.49027489246649	2.00334542183738
bong1285	-0.20304085004022	1.00945857576148	-2.41274423174441	1.78630369930061
bong1289	0.298187098426962	0.994855044232508	-1.6072226881538	2.43843337118486
bora1263	0.518516736675821	1.04161120677919	-1.3854410061712	2.80967425244059
bord1248	-0.171383858144426	0.940509399207299	-2.14128062913934	1.69537063391224
bori1243	0.0212936816272995	0.90279291920688	-1.79996395072456	1.85457314423092
boro1277	0.420797969915892	1.03953050256081	-1.50588263949352	2.7588123468367
boro1282	-0.18254313612867	1.06284705833113	-2.48355211138041	1.82752934381294
boto1242	0.481648270317155	0.932916491308369	-1.22758667965824	2.5048801525293
boun1243	-0.11401424686764	1.05753081779648	-2.32364561724827	1.94475407516293
boun1245	0.648299657671602	0.944792012651434	-1.05738236666034	2.70895723138049
brah1256	0.0716143203623987	1.07086821034464	-2.01855647610234	2.39364150758169
bret1244	-0.362174219161733	1.03274882035148	-2.58588537440602	1.57316720471247
brib1243	0.390874280002266	0.955945735912822	-1.41248289684758	2.45232789632686
bube1242	-0.141371942239878	1.06636262424961	-2.32824825644465	1.96332890707161
bubi1250	-0.0751731398216789	1.10436126301621	-2.37090293040418	2.18503150126444
budu1248	0.128008644531601	1.05732987531755	-2.0285375071735	2.37696732110347
budu1265	-0.32346455746861	1.08513956294318	-2.7435660298429	1.73281729498626
budz1238	-0.0951058666164326	1.06255140863972	-2.30696017213361	1.94756069315961
buga1247	-0.471971240305987	1.03825738066338	-2.79265451180434	1.40919143378256
buga1250	0.0923191375924368	0.922114231335364	-1.78037300516959	2.02168767114479
bugh1239	-0.0526371985315381	1.00515304875272	-2.1684407462309	1.98207489933058
bugi1244	-0.161543609495366	1.05460237493215	-2.49232567470763	1.93256317603859
bugl1243	-0.182159764712734	1.04588830565243	-2.35797233808224	1.84623266479667
bugu1246	0.125140783171557	0.915209201122264	-1.70281971189602	2.04489392379786
bujh1238	0.806161076571602	0.974078221088576	-0.849042833493252	3.01422543038076
buka1257	-0.218265154051836	1.04327529009034	-2.56807522510843	1.77528084662601
bull1247	-0.0780516096526123	1.10445601205518	-2.39152664246552	2.09294966118098
bulo1242	-0.281568953059848	1.05270085388501	-2.54856099623382	1.7217947822392
bulu1251	-0.111682129802072	1.04160406845832	-2.33223792640319	2.0032805019301
bumt1240	0.251664413639722	0.962786367307927	-1.59819310510816	2.3008110124376
buna1276	-0.288543621466106	1.03311845517987	-2.56485785254423	1.70353088871161
bund1253	0.301381924952994	1.03477533070426	-1.72155972766391	2.52582549097337
buol1237	0.855809251263667	1.09542018308025	-0.971705954892502	3.35789377624516
bura1292	-0.206299239147343	0.991378609067305	-2.29931883062797	1.76584859460609
burj1242	0.493845005712551	1.01979905366442	-1.31105104444793	2.76759939531539
burm1264	0.157995073041343	0.971252916719109	-1.74655380643223	2.1720245777393
buru1296	0.420050831455164	1.01989897274038	-1.46899655947266	2.64476684391528
buru1320	-0.643603457483557	1.05856766740081	-2.97841936766283	1.23221734264452
busa1253	-0.128412095070647	1.07350076589223	-2.36667826087425	1.98212436890164
bush1247	-0.0411515875163515	1.06870093073569	-2.22190835706862	2.18109566550727
buwa1243	-0.737571162757166	1.05783435405518	-3.15396778380922	1.10494537109914
bwai1242	-0.37058444126543	1.00633524531065	-2.62740410737849	1.44899644048244
bwat1240	0.234872155356565	0.984742725306383	-1.71748823569512	2.30457669070412
byan1241	0.0950106588197251	0.950990881222198	-1.76908817378911	2.08278292425524
caac1237	-0.0652579035798038	1.01132215477184	-2.18602169281068	1.94639519406614
cabe1245	0.365984230864863	0.964967760679169	-1.44507993203152	2.47677959546451
cacu1241	0.96944533960719	1.02804090413098	-0.757546296814241	3.19416615448283
cahu1264	0.53402767795615	1.04330887297507	-1.31831426851326	2.86458138816929
cakf1236	0.481357198295025	1.00943388237564	-1.41493621922785	2.65540634138575
cald1236	0.566672065450288	1.03928667941724	-1.29373910750044	2.90134964917732
caml1239	0.84999891582861	0.967589452582234	-0.795767914499785	2.96693713927552
camp1261	-0.269868136826702	1.01003324681546	-2.43729405767226	1.70494941433396
cams1241	-0.601938981964173	1.01044443134377	-2.81109603282663	1.19740793892638
cane1242	0.70454643102863	1.08702866330846	-1.15267142350608	3.192257485086
caom1238	-0.154380842058955	1.07909446381161	-2.46414156106205	1.97375810061706
capa1241	0.273736223238123	1.05983201631947	-1.73923697649805	2.5812788505993
carn1240	-0.119888032747937	1.04375266174165	-2.31049904863635	1.95683360930338
caro1242	-0.0815507733142788	1.05523147518587	-2.30106650080152	2.10445646418458
cash1251	0.344208029195079	1.01438233670474	-1.58879906221116	2.53290328559653
cavi1250	-0.121275026391998	1.0270465279945	-2.28770584957293	1.98682488978826
cemu1238	0.0721642357295676	0.995709022526857	-1.90120820114455	2.12898377246591
cent1989	-0.222024026945391	1.03022650885764	-2.4748220930902	1.74531158067493
cent1990	-0.130131582994993	1.03933236695563	-2.33616423822684	1.92807167744528
cent1992	-0.333429273486478	1.0405600749228	-2.66412631905147	1.64048465199109
cent2050	-0.686976110708885	1.0393716344493	-3.00379142246125	1.11077349633448
cent2058	0.256560619494254	0.970644618444039	-1.60086947624581	2.3314139634343
cent2084	-0.0273741024998128	0.922038752132086	-1.94393481713752	1.89075032023001
cent2087	0.592254476279341	0.958014121073315	-1.06442281437885	2.73991695528664
cent2090	-0.320926095148563	1.01134259668085	-2.60151221633879	1.55981080318502
cent2100	0.238519589295801	0.933094641689638	-1.51278484444897	2.22221004302973
cent2126	0.274182596460954	1.04286056642536	-1.74820441706485	2.5685631095411
cent2127	0.285917584666969	1.05779208422323	-1.75023201166421	2.55294023878985
cent2131	0.0118107581296353	0.983307005506321	-2.07502911947051	1.99936713508832
cent2140	0.363450056377057	1.00521344738231	-1.54010350977385	2.58039859678415
cent2142	0.157724155479849	1.03973831297057	-1.9229216852915	2.33724280213978
cent2150	-0.393104491211864	1.00247293956685	-2.56234685544937	1.52731238535512
cent2292	0.28640668932226	0.87780719399826	-1.37315388702248	2.18378917440265
cent2314	-0.191060710106599	1.04805837019304	-2.45356058776189	1.84526066763441
cent2322	0.0227869675474784	1.07511435411596	-2.24311667212871	2.22267585131063
chac1251	0.125154045591874	1.00446365377253	-1.84475433630782	2.24551293795636
chak1270	0.127239897101843	0.900334214298034	-1.61843721967108	2.0411103886299
chak1271	-0.190114421355084	1.04253477801792	-2.38744405416222	1.83814956077239
chal1275	-0.419368279824164	0.992050337300886	-2.57473347549869	1.38662556784398
cham1309	0.147825141829281	1.0801185903384	-1.97176247043144	2.40706574072147
cham1312	-0.102044266331652	1.06648620500104	-2.32677606589711	2.02163238037784
cham1315	-0.364403006690077	1.05551823801703	-2.67325982393198	1.63368695923137
chan1313	0.281023747263342	0.8421917911261	-1.37288152598564	2.04587328846157
char1269	-0.481941590509442	1.00475855352608	-2.63580054662527	1.37576909748443
chas1234	-0.903225746773188	1.06790393434316	-3.32187513838724	0.845064042340952
chec1245	0.160193779183374	1.06914629716035	-1.91487319632388	2.44743063087848
chek1238	-0.0638591683761339	1.01305021031071	-2.19682197088657	1.96764078849632
chen1255	0.121800866707665	1.07201249852728	-2.05214621072891	2.35949512693888
chep1245	0.679165802514465	0.925405738363564	-0.891027262009995	2.68739386973296
cher1273	-0.124731308381235	1.05982561338209	-2.3458767516878	2.00585200482822
chhi1245	0.660880474679467	0.95479121933714	-0.966530905253422	2.82153330194352
chic1270	-0.32669764838046	1.01711369284389	-2.50017135848829	1.62902434189401
chil1280	-0.112276687750274	1.03911073189178	-2.28366843642129	1.96923881845154
chim1302	0.652244072866368	1.06414560350272	-1.14089221537833	3.01342244272857
chim1309	0.446471336615935	0.986591037752328	-1.38289077307694	2.59518610830475
chim1312	-0.375463240488093	1.02486747207688	-2.56040768090172	1.5115228164633
chin1286	-0.081644082643527	1.05265000055922	-2.32023898907009	2.05086556833543
chip1241	-0.106077470218334	1.05246866181128	-2.30724477332783	1.95685156999871
chip1261	-0.0836706217225977	1.04432533816342	-2.26750108636491	1.94399513454917
chiq1248	-0.289524216203896	1.06067059666915	-2.58528695947312	1.75614070561327
chir1283	1.45648105689415	1.09149509441304	-0.240107553710275	3.86949181041792
choc1275	0.397961620950238	0.955799944910252	-1.34020088862242	2.52466863067796
choc1276	0.461990128349285	1.05143520576595	-1.5110986709949	2.74957502726774
chon1284	-0.190160605762604	1.02114808580362	-2.41086818243043	1.79027728381985
chot1239	1.47041652444657	1.14489554905174	-0.312339857066444	4.00140945033799
chra1242	-0.197280685584682	1.08191058738431	-2.51005808685046	1.89179793264312
chug1252	0.283737971450198	0.912898216769162	-1.45682192817916	2.24098376054785
chuk1273	0.179237986710075	1.06854876439629	-1.94634086288344	2.48279559676286
chuu1238	-0.0603846994735818	1.04468598103323	-2.23879843438118	2.03692340387104
chuv1255	0.050373627875174	1.06074348220333	-2.10631344330715	2.28640066308035
chuw1238	-0.0374045779923199	1.0620080676455	-2.2808339418901	2.11547140722409
cici1237	-0.0962471617909998	1.08294421271092	-2.3912032936459	2.09091744532846
coat1243	-0.0608966711005469	1.00039823967433	-2.21146676799524	1.94886267573761
coca1259	-0.0527690720356316	1.0322784569366	-2.20783137959456	2.01706083943304
coeu1236	-0.133929736528491	1.01158723726297	-2.30643560163058	1.87013180689338
cogu1240	0.504165177040884	0.956052028918159	-1.26377523559141	2.62119543296478
colo1256	0.638809140832437	1.03771848880086	-1.17442210792164	2.94500556889763
colu1241	-0.265660346992738	1.06009269182712	-2.54635309830942	1.8092619775425
coma1245	-0.259392482884439	1.02045914201005	-2.44786375957837	1.69389375704362
como1259	0.497525067551541	1.03703963959538	-1.36907923804575	2.76764639623754
cong1236	-0.0172777136581214	1.08476859687623	-2.26630972598598	2.19518744698437
copa1237	-0.359265709198442	1.00945581126225	-2.57976394005658	1.47660626260585
cors1241	-0.292991207042045	1.02059717592274	-2.50484325740248	1.65342331493629
cosa1234	-0.879086333536939	1.04697725291451	-3.21127757880368	0.837100700108208
cota1241	0.326131249310325	0.957186727135705	-1.54448346446038	2.40108550158258
cree1270	0.467251687616478	1.03999654239742	-1.52956702583749	2.779437775567
crim1257	0.00631599932357641	1.13500812927621	-2.33481918522224	2.39077297718419
cros1244	-0.0840215617207312	1.03113261194414	-2.29579315038335	1.94080804695333
crow1244	-0.188453747095889	1.05442280557034	-2.44539613793348	1.87949661046348
cube1242	0.881676633094374	1.02792704052883	-0.856518503757607	3.10870450767825
culi1244	-0.016714603277483	1.01613554000883	-2.12548202100081	2.04879049834455
czec1258	0.241544267506085	1.01237882923324	-1.72758234283918	2.4045023633016
daai1236	0.338137585618414	0.89856556357925	-1.31868021129482	2.30364719621429
daak1235	0.173418800998641	1.00905336715342	-1.86717652736673	2.26455683117685
daas1238	-0.329144026465035	0.981218537851588	-2.47150463827514	1.49461758957787
dadi1250	-0.112965918228108	0.922913635513505	-2.07855191696699	1.7855271938395
dagb1246	-0.149156794018638	1.0444349869714	-2.39447393815079	1.90090773923654
dagi1241	-0.21954802969499	1.05551144730697	-2.53403688866982	1.84535227640542
daka1243	-0.381670961317027	0.904942154494413	-2.38109014234088	1.28280528673634
damp1237	0.593952932067849	1.03632782415072	-1.22593553318795	2.86090054117853
dana1252	-0.620136066696723	1.0569754676067	-3.00045641741895	1.28065213791903
dand1238	-0.148599429840253	1.03037404863215	-2.28201643839098	1.91212302433323
dani1285	-0.394310808819748	1.0341134040424	-2.60077446961262	1.50472934764951
dara1250	0.78705735321984	1.00862291309267	-0.911066473126512	3.043965817823
dard1243	-0.420290127862664	1.04190459110964	-2.69985507615109	1.53632284133151
darg1241	0.138085353829907	1.08217309741239	-2.02804453161431	2.39376661677733
darl1243	-0.343704703438735	1.02064673641145	-2.54887503254633	1.60002021101699
darm1243	0.0837962909255276	0.946039828351263	-1.77806355906162	2.08511238351508
daur1238	0.0137698075557495	1.09497271953023	-2.2555803489816	2.29381312619866
dawr1236	0.11117169117975	0.989003249589913	-1.83530784797819	2.18286301231677
daww1239	-0.181787072778031	1.0231312239329	-2.362850325517	1.79006163751805
daza1242	0.432112420003252	1.01994410025064	-1.44074929543964	2.6965304241909
dege1246	-0.162828918276888	1.044894398004	-2.35982422925662	1.95059240210226
dehu1237	0.155337624304927	1.01104021147211	-1.83934755177412	2.25514250322727
dera1248	0.0735883554408132	0.946830738471481	-1.85314501046609	2.01772368185615
desa1247	0.973517179789895	1.02350081857303	-0.703149300066176	3.27464493357234
dhao1237	-0.174993619520642	1.02510218427628	-2.33529127549276	1.82861046677249
dhar1247	-0.368274082143089	0.993847640785022	-2.53665033755634	1.52345542128421
dhim1246	-0.160639363311279	0.90429464970867	-1.98302650119774	1.64170276732176
dhuw1249	0.285177204781651	0.9993461440249	-1.60979485378879	2.39994394547486
dibo1245	-0.188002385950583	1.04770099100716	-2.4403656798873	1.79772969139799
dido1241	0.138683090617873	1.0621846112511	-2.02668634950542	2.2977322713758
dier1241	-0.391457168824419	1.02896869261271	-2.63456782423399	1.53461416416386
diga1241	-0.185802711464967	0.885431826783426	-2.11463194811642	1.57644991705323
digo1243	-0.110101236524636	1.06776697345759	-2.35289096169213	2.08004341616585
dima1251	0.893398721292557	0.961929291645862	-0.71190340367693	2.96665440776839
diri1252	-0.0850493238297075	1.0755127999371	-2.3733776633014	2.03483098073488
djam1255	0.384656130213519	1.02385050639388	-1.50123473183737	2.63405550004749
djee1236	-0.640195806121161	1.04150950650387	-2.97091657043244	1.20227824888228
djin1251	-0.123516653610909	1.0251813616182	-2.26049234396867	1.89481564914771
djin1253	-0.35846105647227	0.999290635267063	-2.52963258313373	1.52098686818347
dobe1238	-0.137667256464373	1.06005034772658	-2.40282251864073	1.98674085335306
dobu1241	-0.347186951892975	1.02022111936307	-2.69892355875641	1.55141550413156
doma1260	0.41086518338419	1.0217187731252	-1.48195099637042	2.66647650919858
domm1246	-0.132285445337426	0.892667342013502	-2.02601568427448	1.58086289044096
doro1266	0.354530596642209	0.876770518266983	-1.30561864397212	2.21950106525503
dual1243	-0.174394771616276	1.03432144439559	-2.40807754564115	1.87277002576874
dumb1241	0.374670226717671	0.99186279833257	-1.56566385588803	2.45860005377564
dumi1241	0.868945980769159	0.975274243261983	-0.734841609941696	3.03589355092132
duru1236	-0.443497301287974	0.998905705100744	-2.58753270145779	1.45555981340857
dusn1237	-0.271366537996689	1.0558120720335	-2.55868938244445	1.76660836187449
dutc1256	-0.360219077165415	1.01304918791429	-2.6246173690809	1.54226958561467
dyir1250	-0.379849149972021	1.00411361576168	-2.55929127334491	1.48801333885811
dyul1238	-0.340405276855301	0.993897300017761	-2.57622075504271	1.53471241557377
dzao1238	-0.184493297268396	1.07821788016403	-2.47069087639882	1.98431445543502
dzon1239	0.0862405886921526	0.927006964215961	-1.72203880808886	2.01749961058457
east2328	0.0614269439871893	1.05834912339025	-2.09537392920812	2.32013723171614
east2332	-0.252028797234995	1.04586915376711	-2.5057487724814	1.75286395462261
east2342	-0.667583560576855	1.04546240948337	-2.95918552258312	1.17097392592077
east2379	-0.221045556720588	1.03262117241134	-2.40375189320785	1.78416698054765
east2443	0.0240210513348106	0.934288175658004	-1.84959193907486	2.00908392853101
east2447	-0.0287263813851758	1.03633974510778	-2.19210759618536	2.01043566793731
east2485	-0.0118110125489533	0.998006450356548	-2.05227341402407	2.05172655267061
east2516	0.481103314661241	0.908626951747263	-1.20649025439106	2.49112181889969
east2555	-0.142363866242901	1.00938861806286	-2.35456953134562	1.7989941136563
east2690	-0.291942016325068	1.03358141407424	-2.50320576828811	1.6744594345387
east2694	1.18638527184239	1.10727070848031	-0.59456577303852	3.6091571204672
east2773	0.887452983692978	0.958913080442885	-0.742303143997927	2.98942481928247
east2782	0.349812800761447	1.04210424276337	-1.69463633108368	2.57538362670413
egyp1253	-0.228027623545632	1.01979157862249	-2.42425708701358	1.78402083944748
eipo1242	-0.518856031209387	0.957321416401753	-2.58428452326064	1.22681341111414
ekar1243	-0.233243898229543	0.974251847429098	-2.2930056933357	1.66701833576505
elem1253	-0.192273118333231	1.02951733195968	-2.39259591441638	1.80618368505671
elip1238	-0.0929568513798235	1.0259529637166	-2.28713371845764	1.97222591367746
emae1237	0.0178524081209482	0.902050043388041	-1.811082196808	1.89346734970449
emai1241	-0.125686971294286	1.04830697942576	-2.34120057628898	1.98743600532433
embe1260	-0.0452473293815121	0.983832860096709	-2.08641876291875	1.96830146597845
embe1262	0.201872445951549	1.04923590300457	-1.85345807915094	2.462386152206
enap1235	-0.066328733044157	1.01063868686425	-2.16422135313285	1.95813047606101
enuu1235	-0.341593691855056	0.964054848150967	-2.41651905240955	1.50923597422672
epen1239	0.229994239317478	1.04151999385414	-1.78315331453147	2.56338389456518
ersu1241	0.18234200633784	0.935515951180143	-1.66408008042472	2.17543350754417
erzy1239	-0.00549386100425311	1.04083976265058	-2.15296295167087	2.1094299220803
esee1247	0.159038880255248	0.895404327717793	-1.65901567252337	2.01106027361471
esee1248	0.249018855929343	1.03094371304137	-1.76479778676557	2.4989280114108
esim1238	0.420996137536947	0.948105362184208	-1.31024638282915	2.50404741897654
esto1258	0.0770507395896673	1.10842722857172	-2.19112253002675	2.43050082564144
even1259	-0.00500940721584129	1.07016168059555	-2.19552030798405	2.27135521777058
even1260	0.0196977900416807	1.07414564705616	-2.14168708575792	2.26029950857774
ewee1241	-0.116269610732153	1.06957873346083	-2.39242644082579	2.00708374516881
fait1240	-0.0374588632308902	0.862989251969652	-1.82092118613272	1.66030633905082
fala1243	-0.130643434770674	0.963116603030151	-2.16337789220844	1.72221472422636
fare1241	-0.127151174774844	1.06171323720504	-2.39079734519523	1.97790890163842
faro1244	0.609726838862131	1.0465861371089	-1.25835721868963	2.94649542567463
fass1245	-0.129345456563545	0.941974898419021	-2.07565593620768	1.72211762398094
fasu1242	0.409825418647926	0.919586350554193	-1.30172150809506	2.42710694377126
fefe1239	0.0520640447410872	0.96257001229682	-1.90681528003916	2.007712861286
fiji1243	-0.0997334804223106	1.05458294783548	-2.35488344418394	1.97956120574891
fili1244	0.170443025696782	0.946197133191583	-1.73084741421455	2.16053982233546
finn1318	0.0151833711678033	1.08449673201921	-2.1824664389329	2.30048373145634
foii1241	0.431373071318553	0.911488531467591	-1.26439597668717	2.45725599317299
fonn1241	-0.132092590841289	1.06508331817161	-2.42070337397621	2.01995444246263
fore1265	0.0280699366992421	1.05340735631243	-2.11097473301816	2.1699941065087
fuln1247	0.466683854265277	1.06480168751715	-1.50241061078038	2.82255416962093
furr1244	0.200157970337461	1.06867998879655	-1.87114533273949	2.4685825900017
futu1245	0.666295126616414	1.03292334153244	-1.19351884783663	2.9696388917745
fuyu1242	0.142510199313296	0.917056273238638	-1.67888273771233	2.06834776763124
gaaa1244	-0.0816383625865861	1.06956990804121	-2.30315567920203	2.07663770688837
gaan1243	-0.331606479371154	1.00522176814894	-2.4495797541163	1.59828531808355
gade1242	-0.0178912712476893	1.03445540181443	-2.17802364503284	2.06053289672995
gaga1249	0.0310116087733439	1.05779185939052	-2.08748058504141	2.23700922712069
gahr1239	0.520704712800458	1.07129316557753	-1.40844603318884	2.95421005685886
gale1259	-0.159180195872893	1.09013724125514	-2.55450749239918	1.96670285277818
gali1258	-0.222478354313251	1.00792118436183	-2.46504975494818	1.64947119354915
gali1262	-0.388412087448761	0.993133800603921	-2.55226396600733	1.44119184307609
galo1242	0.216012459915077	0.92774776981098	-1.54931884038142	2.19654870014057
gami1243	0.369630901738217	1.04988205488598	-1.62018142728116	2.67417718772403
gamo1243	0.473685001802453	1.01246543394345	-1.38853474310706	2.71905596142089
gand1255	-0.103578009206839	1.03860308684565	-2.30385229250186	1.93821665387814
gang1266	1.53351434729943	1.14731283981632	-0.256443939115651	4.0242809930074
gant1244	0.297572944754588	0.902745736471611	-1.42410395812199	2.2605255162213
gapa1238	-0.331055709643317	1.00312679322252	-2.54514230149884	1.5338258113421
garo1247	-0.0155849387155911	0.923166945812392	-1.87990268527405	1.90170450221205
gata1239	0.00366639103665487	0.905270410002443	-1.81285604231863	1.90589459015941
gayo1244	-0.0996539746791095	1.05276958173247	-2.27466707621134	2.01525183704043
gbay1288	0.207849243449476	1.08200710844794	-1.86604738172448	2.5603294667129
geba1237	-0.673137334995783	1.03973369927825	-2.93401727763131	1.1396999814767
gebe1237	-0.255203627126	1.05839438543209	-2.50751256475957	1.80322104289405
geda1237	0.191737066969206	0.886077334764771	-1.54720796713481	2.03455452258499
gela1263	-0.048279760765177	0.998547673033234	-2.08474684038162	1.96162767382952
ghad1239	-0.194421669981954	1.04721700371337	-2.43587237634187	1.83588363999781
ghan1242	-0.343288531069307	1.00483346454153	-2.54557214954216	1.56255581379369
ghar1239	0.00892529415198865	0.987553970696005	-1.99051510538761	2.04071563185319
gheg1238	-0.0723480738538871	0.949363688628841	-2.10508337743837	1.79852140112397
ghod1238	0.1461382231287	1.0739382250441	-2.0172481269347	2.42138684538578
ghom1257	-0.28727866437308	1.01954599633466	-2.55623831543324	1.67726247758353
gilb1244	-0.0384973854732235	1.08491668400866	-2.30402629009106	2.1299724666036
gily1242	0.239793908794573	1.08441715207701	-1.88360647349328	2.5799124871275
gira1247	0.119928137926776	0.872320977894618	-1.652091422308	1.90045549799039
giry1241	0.0637652541890745	1.06191418322734	-2.09540694290351	2.29001355572202
glav1244	-0.759159063546917	1.07485887421047	-3.19790296154277	1.12578843848287
gobu1238	-0.180722062772598	1.0509025037092	-2.42828324119244	1.95028998139314
gofa1235	0.2244330124062	1.00860330711728	-1.7113957595268	2.36097977958271
gogo1265	0.134473977132999	1.04327945256943	-1.97019555409833	2.34285693087625
gola1255	-0.0327101593997309	1.05129605430715	-2.24560240173762	2.07133224831369
guah1255	-0.207208767397885	1.06092008091405	-2.41946915765814	1.87096597315374
guam1248	0.036706076778096	0.975357804174158	-1.91476986936888	2.06111534262435
guan1266	0.454447496431637	0.929134618717393	-1.30872980292359	2.43848030551773
guan1269	0.910602808118441	1.01969345145567	-0.810422139594979	3.14514265779501
gube1234	-0.0503853762918958	1.05348525018769	-2.2217254167891	2.10807891033632
gude1246	-0.580924732371546	1.02390241635668	-2.85044589433761	1.2645618826571
guer1241	-0.516189943489994	1.04748895215914	-2.84270067931184	1.37282452516724
guer1243	-0.178525739309623	0.988130609298509	-2.25807320796448	1.73947877678791
gugu1255	-0.280490991490007	1.00298298841153	-2.52188436839996	1.6976554450251
guhu1244	0.200346605878383	0.898393456168569	-1.59002183800687	2.08685355151651
guiq1238	0.577560830319069	0.979185795919334	-1.14922498484114	2.80501278418077
gulf1241	-0.0129385570084664	0.973043583859446	-2.031737864206	1.94783897756855
guma1254	-0.344530495050769	1.01608584368409	-2.61571110228838	1.5431606419612
gumu1244	0.451717730355268	1.07040216040448	-1.54538913717414	2.81894493483223
gunw1252	-0.60132381457163	1.05691839923221	-2.96969643707192	1.25915021877083
guny1241	0.501679326107844	1.04052864412639	-1.37949466783475	2.84712818284394
guru1261	0.876795858411073	0.941273793125869	-0.706905463905489	2.90660080775313
guru1271	0.100884958123382	0.977517752438719	-1.92342396094114	2.06772645134263
gusi1247	-0.166358241963072	1.0557475475153	-2.42150035641454	1.84464451792918
gwen1239	-0.211731628627695	1.0371363109845	-2.38757221059303	1.85972027557376
gyel1242	-0.131620993406989	1.05566374335255	-2.32358346387402	1.95464000851792
haaa1252	-0.0743404676960469	1.06729741552415	-2.363036321437	2.10740778738403
hadi1240	0.531596511018318	0.959673285995702	-1.18357330211548	2.6471776422179
hadz1240	-0.482270952510407	1.06935551227409	-2.81905430456196	1.4349186303928
haka1240	-0.240689949694481	0.904425585708784	-2.10561129042573	1.52270187402753
hakk1236	-0.340146498736555	1.0361402436442	-2.63941339092608	1.61701197747741
halh1238	0.0394146307759493	1.05742178189588	-2.10444465421227	2.23113351487157
hali1244	-0.439472612648291	1.04198291253121	-2.74590265612918	1.47310495002766
halk1245	-0.184353296177604	1.00771392704154	-2.34661799605788	1.80818690933949
hame1242	-0.0790151032227254	0.915908827008386	-2.00072561010923	1.71144562922308
hang1263	-0.207356473800892	0.944003273107684	-2.17921504157781	1.64869030876919
hani1248	-0.522381374660545	1.02064723063611	-2.8998140079003	1.32546621973909
hano1246	-0.0432401704486574	0.943419480163781	-1.94135594919839	1.84642929296725
haro1237	-0.278777066067691	1.04765328441867	-2.55562318908767	1.7027610952245
haru1245	0.567642267715728	0.915538398975236	-1.09397169728858	2.57987460881524
hava1248	0.443005536729017	1.05449472266739	-1.50497003774539	2.74569263555984
hawa1245	-0.0159069256607083	1.07611013395835	-2.24517107020903	2.14500278428538
hebr1245	-0.32268169911458	1.02195333101638	-2.56238895758462	1.56493648249089
hela1238	0.859476435419879	0.957600640703752	-0.742593196264364	2.96129610329821
here1253	-0.0729658024295137	1.05416767620941	-2.20683940117635	2.09168071753067
hert1241	-0.334714600334691	1.02202573833502	-2.55603899220222	1.57765088030833
high1243	-0.771739120348776	1.0456670144339	-3.15942622659483	1.00769745287913
high1278	-0.809565992967202	1.04303319140703	-3.13401528750329	0.922703146109836
hind1269	0.261099690066617	1.02465446344125	-1.69983863060237	2.45029764250973
hixk1239	-0.270068864779355	1.05315179709286	-2.520114876768	1.75322490709684
hoaa1235	-0.226090741102674	1.07726170866862	-2.49964216726372	1.87667842668172
hoav1238	-0.343774270515213	1.01933439284325	-2.59470296766023	1.58128671928726
holo1240	-0.0505703367908236	1.07744040167277	-2.30034713301788	2.0803547442228
hone1235	0.322703937966117	0.976442883604149	-1.59461652541567	2.38142355126004
honi1244	-0.216445091673548	0.963672769127915	-2.23168299373575	1.69677983937947
hooo1248	-0.200394477632507	0.991678845565665	-2.28670689530523	1.69791478463597
hopi1249	0.600398537257441	1.03652868693088	-1.29438384671146	2.87867296202174
horp1239	0.531723285212809	0.941343190108073	-1.16984425840566	2.53097703239956
hual1241	0.205049221743778	0.948222301139471	-1.69138651931411	2.21837362530822
huam1247	0.422823819821482	1.05574755405767	-1.50927441824693	2.76198348913011
huar1255	0.571658029108736	1.02124652765467	-1.23657059650251	2.85684397598531
huba1236	-0.537746953000581	1.01951813030611	-2.76906267941699	1.31512884162172
hula1239	0.77016167295481	0.964514539472159	-0.876010416148418	2.93234891922875
hula1244	-0.154913921511653	1.04627045989765	-2.4149018098456	1.88600909869006
huli1244	0.317381636222651	0.92901405195668	-1.45247974839658	2.31397607213686
humb1243	0.283392738135257	1.05094716702399	-1.74125020886113	2.52826141726421
hung1274	0.0501563135865748	1.09287083709036	-2.14249047025167	2.29789593525968
hung1275	-0.184025628248074	1.05547634168481	-2.46386475253478	1.87466137527197
hunz1247	0.14214438144901	1.05900213039806	-1.96007130494314	2.40593423355603
hupd1244	0.9281079322134	1.02137310375953	-0.761416397909247	3.16787227979319
huuu1240	-0.929268805774434	1.04472650887191	-3.21562917189372	0.822315721018873
hyam1245	0.0150948086087795	1.02960653217476	-2.08044901701033	2.09359910586296
iaai1238	0.106067601114051	0.99648014824652	-1.93762464982506	2.1839416837404
iatm1242	0.362838529465175	0.956340298093067	-1.41447071438789	2.40621648533306
ibal1244	0.673843805352283	0.935398561396403	-0.963797384270015	2.71630543045764
iban1264	-0.111190836435432	1.0591593101624	-2.35011252703734	1.93586514032878
iban1267	0.067335833066149	0.923043215870671	-1.79436963173023	1.93160736400412
ibat1238	-0.0526303284723138	0.96351391720256	-2.06153701963483	1.89742888002541
ibib1240	-0.186980981005405	1.01116571888194	-2.3473258284364	1.7606110834916
idii1243	0.557154480075984	1.06271691281736	-1.36908218886238	2.90196861908632
idom1241	-0.0533501574932821	1.04581017451232	-2.18781447051902	2.07786887166747
idum1241	-0.36394066571533	0.960834021171597	-2.44413223754487	1.44787430254271
idun1242	-0.351818071789839	1.00242664876974	-2.60675358297279	1.45973260708388
ikkk1242	0.00713064390435798	1.07223687593246	-2.16418006588282	2.26578856174324
ilaa1246	-0.0662171369328761	1.08154181675676	-2.42260296116169	2.07148407105379
iliu1237	-0.229183668308091	1.05009231039324	-2.51383365642909	1.80970001969213
ilon1239	0.42120414122114	0.903513124474496	-1.27209094977797	2.37632358833296
imba1240	0.352062400562965	0.993042614384888	-1.50375777108698	2.5247040237582
indo1316	-0.0935702760281562	1.04195579258555	-2.3227214343124	2.0008624682741
inga1252	-0.613107872326074	0.996551533904672	-2.80431672573757	1.1856711771996
ingr1248	0.0162995636312414	1.08236147175977	-2.21347219579576	2.24992954008908
ingu1240	0.176669202475391	1.06852135043308	-1.94145865793837	2.44358317251462
iqui1243	0.0184986641017146	1.02092305753529	-2.03595580152043	2.10488052982851
iran1262	-0.164849269633888	1.01989684840701	-2.31937835436023	1.84310000796197
irar1238	-0.282899006804049	1.06443015899505	-2.58912876747226	1.79395140789506
iray1237	-0.075561281058177	1.03258046383155	-2.24831644664466	2.01461360240933
iris1253	0.485615527824616	1.02815251865558	-1.34662629019944	2.74217626367393
irul1243	0.0650137568821274	1.0643815296042	-2.08658258406572	2.28851420245372
isco1239	0.326241363596798	1.03142612775231	-1.60608056326555	2.57381650469172
isin1239	0.516925892817843	0.898128089463973	-1.11441415510918	2.47354586811905
isir1237	0.126904547483328	0.992624116139982	-1.93121246230876	2.18317045080216
isna1241	-0.0163069583539707	0.948230944587503	-1.94156308992148	1.86567743409062
isth1240	-0.658764930204446	1.06174498602216	-3.0565951816891	1.20056713938211
isth1241	-0.627373664249365	1.0470962257674	-2.9487888896986	1.20099941231521
isth1242	-0.649532827384565	1.05173555294301	-2.95923205422608	1.16889060429138
ital1282	-0.226997006087745	1.03001949406378	-2.45327442689305	1.74531587340706
iton1250	-0.332171487564431	1.05483761202538	-2.64863345168676	1.66807563664401
itza1241	-0.226457224741954	1.0740287714127	-2.52754771729349	1.87282714530339
ivat1242	0.893555547974738	1.08672415166584	-0.908910629657509	3.31797788636936
iwal1237	0.113096601809573	0.902710831138785	-1.71910760442201	2.0243001309878
iwam1256	-0.374227283683909	0.925224656703873	-2.41068839977975	1.33688862958441
iyoo1238	-0.145605788219996	0.86271991188532	-1.88114696778039	1.55973392216989
jahh1242	0.253848442103651	0.993294231669852	-1.71809325115194	2.38670319583682
jalk1242	-0.349146141849851	1.0224926593851	-2.62100706724543	1.62283351199236
jama1261	-0.380206573126839	1.01474901004735	-2.60646442628138	1.4843140504877
jamb1236	-0.0536237182140523	1.061615463327	-2.28868728392947	2.07307134425307
jams1239	0.464287935208022	1.01907096839612	-1.43385932599141	2.65736825818363
japh1234	0.158040995954664	0.903173440768864	-1.63729257755673	1.9942484624275
jaqa1244	-0.0911088404647201	1.01002539496292	-2.18730346303853	1.9694186302362
jara1266	-0.372999068539984	1.0341798184123	-2.63978833486073	1.54956007794975
jaru1254	-0.419218872784017	1.02188840277588	-2.65213917474619	1.44229518450411
java1254	-0.0980652833455411	1.0307882551727	-2.30151731094146	1.92370910066902
jeha1242	0.258817987016392	0.996591904308109	-1.73282848674508	2.32821886894654
jehh1245	-0.358665702793626	1.05353108578432	-2.63230191684227	1.66150798144961
jenn1240	0.269500819479276	1.05338112112841	-1.73935603839673	2.60993819817536
jeru1240	0.7781778641961	0.940084134780236	-0.828003948998379	2.80453121007467
jina1244	-0.622378515624995	1.05589385155293	-2.9964243683157	1.21447220685428
jita1239	-0.186399427324953	1.0469712028773	-2.49318265124325	1.89314744941875
juan1238	0.800698495542383	1.05661284913806	-1.01096209501845	3.19681796081571
juku1254	0.641562405602351	1.00470305318499	-1.17791508584659	2.83494897335427
jurm1239	-0.36657680755501	1.0575955964589	-2.65403075607604	1.58707186004268
kaba1278	0.266345752458078	1.0769099817799	-1.75316878776126	2.61503493864839
kaba1281	-0.343764363747328	1.05978414832512	-2.65668064813199	1.64091280538678
kach1280	-0.713205890738939	1.08479463800202	-3.20941304834629	1.14637647038195
kach1284	0.737020974054962	1.05751848336156	-1.08970525659359	3.10836432843152
kada1242	0.27160083119138	1.06611849373211	-1.78804567771964	2.60944716291739
kado1242	-1.04759945303243	1.05359543128739	-3.48012193498293	0.629588701450907
kafa1242	-0.566693787065708	1.04571929610634	-2.87092497256383	1.32851296539136
kaga1256	-0.314399407320809	0.99900285073089	-2.51843931411777	1.58619270032386
kagu1239	-0.237392876418263	1.08074129004004	-2.57538431565268	1.8434288915703
kaik1246	0.920233733933532	1.05396884646395	-0.826027003312592	3.3387931257968
kaki1249	-0.148404319620328	0.939832473114101	-2.10376396098966	1.71845478408845
kala1388	-0.044232755655578	0.928474818646622	-1.94785287215706	1.86900394977755
kala1399	0.1882416513248	1.04584485221001	-1.85913917313327	2.36765066188262
kali1308	-0.237327037545597	1.06162531543804	-2.52792137705441	1.79891239228945
kalm1243	0.0631628279402675	1.09820206670751	-2.17094193047856	2.32742623374876
kama1370	-0.332388257234922	0.862831953558359	-2.12914538582145	1.25563513002438
kamb1297	-0.0510319351848233	1.06434096534194	-2.26717427328126	2.12059462995553
kamb1299	-0.188145489714532	1.05503976774794	-2.45147790469979	1.85879256501822
kamm1249	0.346726341144817	1.04425747834564	-1.64031297693439	2.56394298640389
kamu1260	0.285617341107988	1.00130353071972	-1.63461047064862	2.43729730611231
kana1286	0.611030019940157	0.974079402911095	-1.1869424704042	2.69156631158551
kana1291	-0.219219828553102	1.04395712231289	-2.41388842020526	1.8381962082172
kani1286	-0.341029569858545	0.877502604184259	-2.22694384705475	1.31790207470042
kank1243	0.529130604948927	0.918670819039368	-1.09628965267008	2.58298192831515
kaon1241	-0.024513369930653	1.05388987184086	-2.1913211912238	2.13489957143969
kara1476	0.0588742588661806	0.951321367856062	-1.82130668870737	2.02710409526714
kara1482	-0.00684494977299378	1.03894617051896	-2.13855770282236	2.0354845674173
kara1486	-0.291483255077514	1.02242349413715	-2.54229309921612	1.69956120383305
kara1487	0.584265379624478	0.894470008888501	-0.992890723320411	2.53461451582442
kara1500	-0.0834049566837871	1.06471884448107	-2.32420860869313	2.07495466933592
karb1241	0.572939387669937	0.933302483785093	-1.14341978389855	2.61867884439481
kare1335	0.0125397275232538	1.07108556180278	-2.20501313236151	2.26737500046033
kare1338	-0.251008188053445	1.06314784766	-2.52933402913065	1.82281438970038
kari1311	-0.187182184152031	1.05347882530455	-2.48292180242338	1.85873755856072
kark1258	-0.222684524502816	0.956357810810325	-2.23874739201459	1.67415810052701
karn1252	0.262295796875523	0.936068203440713	-1.56697377791924	2.2791291166484
karo1304	-0.0826181301312976	1.02923130889775	-2.27155370377281	1.90972497684512
kash1277	0.373688001739671	1.05008811068392	-1.59941013579304	2.69406672916252
kask1239	-0.0781344952866485	1.07966872183192	-2.24752372995544	2.14235705915582
katb1237	-0.464277062702744	0.920029142405536	-2.5029222762063	1.21183407214881
kats1235	-0.345841093511323	1.00154061159088	-2.54398185779628	1.61109252932957
kava1241	0.928469211304587	1.07363161115753	-0.871976394842828	3.33528741277452
kaya1315	-0.697524104419568	1.03489461156694	-2.97617443207474	1.11067859341873
keap1239	0.772782134065232	0.98515343526767	-0.905116485504438	2.93866005081495
keda1252	-0.284381782929007	1.03808890094662	-2.51879024936348	1.70691956134667
keig1242	-0.167257642549551	1.07443967460709	-2.44990773574071	1.97748570184834
kele1255	-0.0956782467960521	1.05224748803206	-2.29292782537982	2.00673518251916
kele1258	-0.18776980110425	1.00783567867642	-2.3032283020493	1.76505369435921
kele1259	0.479337421587674	0.871955713825974	-1.10049458744262	2.37357456243128
kemb1249	-0.220248001598042	1.03132003135248	-2.42838163270436	1.75794196962594
keme1240	0.779104544839483	1.01919125137323	-0.929250534297167	3.06306298156068
keng1240	-0.42004261532877	1.04492038451096	-2.7143754769595	1.494388434695
kens1248	0.0924155091139513	0.986008148364248	-1.89406201441618	2.09349002183889
kenu1236	0.166344554930136	1.07498938957947	-1.98311436055088	2.46465490858343
keoo1238	-0.244465834931504	1.03731038570998	-2.48125893395867	1.74786323455838
kera1255	-0.604156686352356	1.07102877908742	-2.98803399317416	1.27917318325613
keri1250	-0.0698785780211822	1.09735810891565	-2.39287094129212	2.11385528608769
kesa1244	-0.177645054124734	0.857570154759137	-1.97829606772198	1.49646748351688
kett1243	-0.22039007829763	1.05673885257075	-2.45395677129124	1.80693645396139
khak1248	0.0464474469155913	1.09041001611935	-2.17354090308465	2.32389316156342
khal1275	0.563255187744915	0.939704586671539	-1.06200630637878	2.62892246746722
kham1282	0.2829621244736	0.997531963261134	-1.61820742352963	2.43727575376446
khan1274	-0.395511023583811	1.08542075629131	-2.76638042095606	1.58885341118533
khan1277	1.33245605042593	1.04772242150047	-0.282073068287092	3.64986051890399
khan1278	-0.194422930126428	1.03735459148212	-2.43811053855924	1.85169407067296
khar1287	0.670503737662983	1.04485548521117	-1.11628496285142	2.99881277750038
khar1288	1.59074161781535	1.12628202053245	-0.164499737295446	4.05532054653863
khas1269	0.0807704046703206	0.965920819811509	-1.94020344027417	2.06621503356711
khez1235	1.34202168786808	1.05380773240909	-0.285985903590536	3.66981727116166
khin1240	0.139210179215158	1.05402503490818	-2.0126889900444	2.384802330286
khmu1256	-0.516430262917843	1.05138466204549	-2.88023345591678	1.42528556108894
khum1248	-0.136781939273967	0.90289916590705	-1.96009505207318	1.68695278854049
khva1239	0.145976784869351	1.07254988670074	-1.99634101461942	2.39970266059138
kich1262	-0.38809294806541	1.0652853960059	-2.70533396957417	1.59332331592195
kiku1240	-0.243101091850939	1.07416883281314	-2.56681474458808	1.8335866703453
kile1243	0.0287672095341954	1.07758386358793	-2.16232340155426	2.28719258061453
kili1267	-0.269395672990102	1.04243385374652	-2.53282032454098	1.77723791214031
kima1244	0.482982539583135	0.963558409928585	-1.28126845688675	2.54778543308974
kimm1245	-0.407936164043089	1.04246616418847	-2.73884565608273	1.50475364770342
kimm1246	-0.524540106270225	1.06818886393246	-2.90091205250119	1.4066556896747
kina1250	-0.0697317408077219	1.0470947552954	-2.26418812210659	2.00591457568521
kinn1249	0.472149020501003	1.05021733377235	-1.41650404147586	2.7987118741704
kiow1266	0.311612510407164	1.02533356635373	-1.66369897110699	2.50436008930888
kips1239	-0.0730494602580404	1.0489357104269	-2.2884828077938	2.06990047521511
koda1255	0.178176527838624	1.07300995095163	-1.99364347021227	2.41184074877854
koho1244	-0.27649628469441	1.0583628687287	-2.53228021094628	1.81291007955182
koir1240	1.58897625544018	1.13520328717531	-0.180771811888864	4.12302069135824
koit1244	0.395717137333755	0.922180276389384	-1.37715997588873	2.35813559893701
koka1244	0.285884605723022	1.00713109076626	-1.60965022537922	2.505705973485
koko1269	-0.0674656649446942	1.03127056188198	-2.19020960922045	1.95664527910715
kola1285	-0.172360463081103	1.05376956734397	-2.41652562411518	1.94408901706189
kolb1240	-0.170613406549762	1.05891375224878	-2.41224158845109	1.92189832774853
kolc1235	-0.105687783522787	1.05128827193688	-2.35593590140742	1.99263009902967
kolu1245	-0.365830167632108	1.00828075461945	-2.69752008648284	1.44404687751768
komb1274	-0.524780018940548	1.02812171888084	-2.76067361706627	1.32667887096807
komc1235	0.644321840956469	0.973253363929329	-1.10426862337434	2.75903226849862
komi1268	0.0090294199495109	1.09227252656089	-2.17643335497171	2.28972974104471
komi1270	1.486070083551	1.12811677114142	-0.290536236563462	4.01956502641299
komo1260	-0.0250524454583347	1.06712146136464	-2.18907256343806	2.1149156844828
kona1242	0.169004110162506	0.937664742166773	-1.69227611294071	2.1851750228366
konk1267	0.259313229071281	1.04522005848294	-1.74664762324931	2.4708379953626
kony1248	0.0999654003290075	0.859340483694459	-1.61913165770239	1.84901485666204
konz1239	-0.00427504978173596	1.01742830742475	-2.09370718651385	2.07787571380717
koon1244	0.878883656566705	1.13041910654518	-1.05618843172589	3.42444781735428
koon1245	-0.103469642601784	1.071191441131	-2.37467586188017	1.96260183116978
koor1239	0.692829783726589	1.0344979394118	-1.10269290181108	3.02001398639094
kore1280	0.131161072506725	1.04954208094796	-1.89762222983192	2.31765925954678
kore1283	-0.308653059157127	1.04826739803448	-2.55848543748092	1.69653633939601
kork1243	0.774516443575019	1.06910360229604	-1.00022237200194	3.18871970070583
koro1298	0.348058202494595	1.03399527160235	-1.62290622347997	2.55858192575674
kosa1249	-0.257011235646652	0.951491996371624	-2.25355664125834	1.65884581187053
kosr1238	-0.0685403831893994	1.04680172411665	-2.27551606275045	1.96190467210573
kota1263	0.267644517578873	1.0465187526205	-1.68984018999836	2.53698347241834
koti1238	-0.0501150522949122	1.08542829177166	-2.27976993046296	2.20157491941836
kove1237	0.00291461584069361	0.973643583835213	-2.02577172882407	1.95531843202294
koya1251	0.0145244893638009	1.02600087695082	-2.09973725611498	2.09135545345897
koyr1240	0.201011908238776	1.07182809502786	-1.91112810812929	2.44198203303612
koys1242	-0.380929177193404	1.0251126649929	-2.60443160075268	1.58403404417657
kryt1240	0.133273359484659	1.05218015447518	-2.03184801975436	2.36446704850815
kuan1247	-0.0626020873189388	1.07919914610284	-2.31413296297345	2.11762719726231
kuan1248	-0.430201845033663	1.01510904168702	-2.66993257271352	1.43211020571435
kuii1252	0.0506377186872532	0.901872391444764	-1.75274816979387	1.91010677384661
kuik1246	0.85108673722235	1.06580180769239	-0.956513938943063	3.2161060600085
kuku1273	0.0421106201558175	0.971652005213451	-1.91503250508458	2.10762766419742
kuku1280	0.526497652096526	1.01789058776344	-1.3256310424234	2.7774759235123
kulu1253	0.460539221797619	0.923988727596801	-1.20211778247376	2.54194587480198
kuma1276	-0.0911528536355279	1.01061170896358	-2.20746586128737	1.91295007305499
kuma1280	-0.124801573072793	0.884659825015822	-1.98617788425966	1.57861553010017
kumb1268	0.408823826114077	1.01462106198833	-1.45073119589794	2.57105163417493
kumz1235	-0.558066440835223	1.05560206969106	-2.87234873710143	1.35730782066694
kuna1268	0.153596815791561	1.0836784864037	-1.88132847499664	2.43105770971954
kunb1251	-0.689984300376127	1.03958645353901	-3.00731884470643	1.12531890190279
kuni1267	0.149395620868896	0.885649930424434	-1.59735780073326	2.01545901936453
kunj1245	-0.386021963830513	1.03570778524518	-2.65576093161195	1.5760809439393
kurr1243	0.664411058260894	1.03711308384774	-1.15721889882759	3.00255580730716
kusa1251	-0.352711629682423	1.02205433456541	-2.58128561094127	1.62269181859694
kusu1250	0.844337581165689	1.08006352222564	-0.956024764605457	3.30485394841241
kute1248	0.568326846351486	0.987380232929428	-1.2337053973088	2.70354626537762
kute1249	-0.336857979578244	1.05901220152763	-2.62536338881227	1.67899251049189
kuvi1243	0.140121738075688	0.913240138250967	-1.61638772015895	2.08920740488448
kuyy1240	-0.289338150507365	1.07215799974915	-2.62564858425155	1.70574594232689
kwai1243	-0.214147585947092	0.978344132156174	-2.26647376296162	1.65326057487299
kwam1249	-0.030825409556322	1.08364349720685	-2.27488492682058	2.18440330034858
kwam1252	0.792565965709068	1.00110897356459	-0.982561208208392	2.99676795569659
kwar1239	-0.203289491908788	0.983673432242083	-2.2268003849694	1.68709327917846
kwaz1243	0.421458476041901	1.04941206422858	-1.52833077447708	2.71621094075838
kweg1241	-0.214593810753926	0.957211383502147	-2.21978139761404	1.66420026270314
kwin1241	-0.152150820738607	1.04679873427458	-2.31306339189088	1.96381395957152
kwom1262	-0.209461649157205	0.930170570667355	-2.16779634435343	1.57742952240221
kxoe1243	-0.11894698442401	1.05358220468031	-2.33517369290064	1.94490181141038
kyer1238	0.847549428321615	0.963889306560487	-0.801505381472101	2.9936634289613
laal1242	-0.416631136848593	1.09519641081836	-2.86514858273796	1.63743857644824
labo1244	-0.449189890614984	0.912825466508155	-2.46570246709612	1.23900845219124
labu1248	0.0185058110273026	0.861927731356548	-1.76640336963778	1.77740721826173
lach1248	-0.422200119886418	1.04203578058683	-2.7076785248054	1.47419088631841
lagw1237	-0.596578526563281	1.06170555121457	-2.96886760699152	1.24256919627399
lahu1252	-1.00953760570916	1.06674704302728	-3.42951784176771	0.698940194791059
lahu1253	-1.05531324383957	1.04880245029493	-3.49975810982691	0.663280064249418
lakk1252	0.152272644939609	1.07435305358579	-2.00068382833597	2.47934162207173
lala1264	0.0467258262034675	1.05591730900793	-2.13268539691944	2.23331778952185
lala1268	0.162673987691876	0.912556334341182	-1.66478828725732	2.02496364315047
lama1277	-0.275578664266871	1.03362205082789	-2.56076413508018	1.69460709683628
lama1288	-0.754494591380807	1.06006127107414	-3.1604938614893	1.06852069020603
lamb1269	0.244940132770244	1.04936653105031	-1.76693862064156	2.50998781692975
lamb1272	0.594213272968804	1.06865051101879	-1.31578096887311	2.9484833860746
lamb1273	-0.143604906046978	1.06033369050231	-2.43233220039133	2.0222870302401
lame1260	-0.28347598632953	0.895584571525731	-2.23004505905012	1.3963127425065
lamk1238	1.32753893444272	1.12587389914435	-0.449199068571039	3.8083308353898
lamo1244	0.122931221252627	0.952919001030254	-1.82753541860409	2.09080832444385
lang1320	-0.661301327749093	1.04589322589167	-2.95553149645951	1.20191993381121
lara1258	-0.117157427217283	1.02188210355074	-2.27122840514788	1.92175260516609
lash1243	-0.900644760102558	1.07828291955366	-3.33147780664634	0.894303923952547
latv1249	0.278198357320378	1.01971090676621	-1.69050278361252	2.44835867256992
lauu1247	-0.202046395936275	0.993911912476095	-2.30893803474494	1.71632579935364
lave1248	-0.361750769566103	1.0428504238312	-2.66148346216688	1.54719877225675
lave1249	-0.397732627919198	1.03944548988221	-2.62682686128644	1.50130427577977
lavu1241	0.0863468297961546	0.993210809303652	-1.9034180717697	2.21620240487986
lazz1240	0.0153094715598989	1.05168888421832	-2.14302710553411	2.17645230528299
lega1249	-0.0472671920658721	1.06249703381289	-2.23348400245526	2.12204206302504
lega1250	-0.0560308874856171	1.07806032966943	-2.32776141020046	2.10433991899605
lele1267	0.350232087543319	0.951521896207957	-1.41080217854068	2.41976540928648
lele1270	-0.192885095437347	1.01431890803417	-2.41130371079912	1.79442388425606
lele1276	-0.533618973737848	1.08643248607117	-2.98199282739671	1.44183110933985
lemb1266	0.741388619604448	0.952077742215818	-0.919451689466353	2.8379832737207
leme1238	-0.0963597167624336	0.983248241076592	-2.17548506611491	1.88355138545941
lena1238	0.682477881505093	0.970383367435973	-1.07399290436806	2.73570540152031
lend1245	-0.0563456215548553	0.976970405252065	-2.06280903048208	1.92384653188678
leng1259	-0.126310734003075	0.990812155303973	-2.23210758634388	1.81220611556808
lepc1244	-0.15523299535389	0.87458554854389	-1.96389863083315	1.61486390729703
lese1243	0.247510234756635	0.980946471368521	-1.61296918224732	2.37724678781636
leti1246	-0.207897155223434	1.06676225357208	-2.51778363553906	1.86936496385538
lewo1242	-0.174127958160955	0.898296939724961	-2.09289467846387	1.5893281720799
lewo1244	-0.271393422969766	1.05175780451791	-2.59265493853261	1.74110273057993
lezg1247	0.140023716123179	1.05952856232165	-2.06199020718281	2.3652011695812
lian1251	1.3424263144599	1.06158942104729	-0.321469111465876	3.68735345513538
libi1244	-0.284048629918148	1.05166661294865	-2.49262249623124	1.72903380407145
liby1240	-0.190159930110536	1.01558191094779	-2.39164139787182	1.78527165152119
lihi1237	-0.360599081522653	1.02590101089976	-2.5970773946672	1.5310276605613
liji1238	0.207772132688341	1.01361533205575	-1.81961527888929	2.30210542949902
lika1243	0.51734596369028	1.02149765193861	-1.42439785615322	2.71490130548081
liki1240	-0.269846551383165	1.04872273098127	-2.4947787211767	1.81952840662041
lill1248	-0.159395560493564	1.01835918309293	-2.33779520576707	1.81389350699114
limb1266	0.185528317517371	0.88228473007568	-1.54530779957852	2.058162277919
limo1248	0.154194331534423	0.888695669281766	-1.57418551087953	2.01887790753851
ling1265	-0.463056305946905	0.925395334797524	-2.49648687683342	1.20683504979968
lipo1242	-0.595084766294471	1.00214188054787	-2.92202820252664	1.09961940394688
lish1245	-0.438367429447492	1.01177241209119	-2.6445085510019	1.42988749383478
lisu1250	-0.74878996028608	1.04050792593333	-3.07839797046292	1.03144427067238
lith1251	0.321843072758363	1.05569358994794	-1.59913889478106	2.59627847481045
lito1235	-0.307430797494666	1.07705880252999	-2.68455197487718	1.74065632705332
litz1237	-0.463705125221959	0.932198903145842	-2.5393433291931	1.24345014423421
livv1243	0.00114854996816188	1.09512792181366	-2.22177246251184	2.24927367143892
logo1259	-0.183748047334443	1.03253407208173	-2.35498882352958	1.85627969037148
loka1252	-0.13066608056765	1.03474673409281	-2.35306153050057	1.90526185239319
lolo1259	-0.582979904958399	1.00231636139508	-2.85284301169293	1.16345688449082
lomb1257	-0.345006875107513	1.04796040188354	-2.69596155883286	1.56442548115599
long1395	-0.17637943275417	0.995650595586052	-2.33327223059945	1.75198289307159
loni1238	-0.192593950699111	1.01443414244693	-2.39550508311844	1.83148403680962
lonw1238	-0.377192095458558	0.905148288494435	-2.36707101430287	1.27591196682375
lote1237	-0.238834795072014	1.00167935293881	-2.36352600672024	1.67918472763458
loth1237	1.03300447119745	0.978905391264547	-0.613329505352586	3.14926397182395
lotu1250	0.265256047961566	0.934267088626015	-1.53418558094426	2.21692136320996
louu1245	-0.18161597706075	1.00718436253175	-2.31240594929047	1.79010155460498
lowe1412	0.167078727010879	0.885070851712491	-1.59597263105825	2.01934420959379
lowl1260	-0.491275900807522	1.05952601621684	-2.81301898545388	1.43787681395285
lozi1239	-0.110528548883449	1.05295462075058	-2.29540564764536	2.00289643863373
luan1263	-0.197117046504388	1.07485647454271	-2.46934066417974	1.87544597833247
lubu1243	0.153755854363148	0.878692672848665	-1.58224772012772	1.9603972251662
luch1239	-0.12494532541394	1.06147166387915	-2.35624377785034	1.96000903942405
ludi1246	0.021887292437319	1.06080503616102	-2.17506332922996	2.17443650444459
lugb1240	0.152885125721902	1.0049366042579	-1.80937105300407	2.25408809391156
lugu1238	-0.149694291922656	1.08062440018391	-2.44713429602155	1.97930582670877
lule1254	0.00320035461639959	1.10072745239047	-2.22642276148917	2.26207849271749
lumb1249	-0.0528788152558572	1.06392013145901	-2.32577956311013	2.1210586725015
lumu1239	-0.215972897215456	1.0484882207981	-2.45009010850853	1.84444313391631
lund1266	-0.0729472885178295	1.04585582456128	-2.25190825054533	2.03170784475547
lund1271	-0.033938910393066	0.996603656436205	-2.06806902005942	1.98483595331173
luok1236	-0.195578208661624	1.06128075936803	-2.48716766403952	1.88049005629541
luse1252	-0.166507192191258	1.04520073461133	-2.40666928751963	1.86867274542281
lush1249	-0.377296165376849	0.907400841831404	-2.26978261690902	1.29683985104329
lush1252	-0.213038170441951	1.02969975312424	-2.42304604922063	1.75977348429655
lusi1240	0.228534625609266	0.939241563929892	-1.58495085389697	2.23036140925911
luva1239	-0.108487144196682	1.05370205625324	-2.38504588904158	1.92988879109456
maan1238	-0.0734324607767429	1.06268771867775	-2.28670476200677	2.05946541339044
maba1270	-0.197259906248359	1.09096067746588	-2.53753411631325	1.99519691571525
maba1277	-0.10607096650731	1.03894246541775	-2.23411136101913	1.93959491873334
maca1259	-0.241215627849044	1.03865469276409	-2.39929595893277	1.79745045259589
mace1250	0.292933380058578	0.975650873398035	-1.55164207414086	2.37527973273047
macu1259	-0.244730541473303	1.05851461459603	-2.49191117997523	1.81295182137604
macu1260	0.228306450832205	0.936321344574122	-1.67409501236961	2.17649456329119
mada1285	-0.406810576135512	1.01302100343979	-2.65638737981628	1.44676250785306
madi1260	-0.183775265367591	1.02914485342602	-2.36851450085063	1.86651346576794
madn1237	0.156787849792118	0.990451018469025	-1.79148624913464	2.23066821072682
maee1241	-0.44424260079476	0.931069493006135	-2.49561506811348	1.23984378397155
mafe1237	-0.256081086030452	0.943331452325922	-2.27211410961554	1.62262913569745
maga1260	0.127677684135559	0.983420519037253	-1.82298790270622	2.18562893191026
magd1235	-0.436378444749213	1.02639051035907	-2.71322822377379	1.45711287929186
magu1243	0.386064776174199	0.954332672644193	-1.41042526906357	2.44583694205698
maib1239	-0.551127447892841	1.08354618015995	-2.98207973696326	1.3663569674211
mail1248	-0.187179490069302	1.0046365932126	-2.39683908366934	1.76375847690121
mais1250	0.0185638538848259	0.928695301808428	-1.91848988188445	1.8938222222478
mait1250	0.432422519170242	0.969811548099528	-1.34592388319175	2.55302713329434
maja1242	-0.152653944004863	1.00923295170619	-2.2718101146935	1.85581512175381
maka1304	-0.0963714998672065	1.05127585619507	-2.32790016976457	2.0731026489712
makc1235	-0.145702743844236	1.06257218760289	-2.36240570966063	1.99875002914084
makh1264	-0.0687207931777238	1.06560413462695	-2.25359737166218	2.10471266179146
makh1266	-0.0915799558386578	1.05623781400507	-2.22253507435027	2.01773296244422
mako1251	-0.0760431444417596	1.04825306250128	-2.24362130415528	2.03627606280957
mala1463	0.104277385434738	1.06711347731351	-2.04457200243118	2.35655558877537
mala1464	0.142239033472609	1.08557001060295	-2.06355597331843	2.46127719855462
mala1479	0.305544936274942	1.01933814989737	-1.68215996012033	2.48055519621903
mala1522	0.524749375295099	0.944559997557822	-1.2088691571292	2.54177744448827
male1284	0.340883916325849	0.96170848961675	-1.45162126281593	2.40361416347098
male1289	0.433868464744991	0.951625615276784	-1.37404893203	2.49010420335546
male1297	-0.216428597996972	1.01941454466199	-2.38802162569625	1.77352467344829
malo1243	-0.36662450626897	0.922748499589981	-2.33934766926989	1.35360629368917
malt1254	0.519894911807051	1.02128918918587	-1.35903410193335	2.73708682641553
malu1245	-0.441740060852601	0.928153798337675	-2.48835293297617	1.24579082965841
mama1275	0.103223456726032	0.985682334829444	-1.8909485217086	2.14835198381982
mamb1294	-0.522546881085611	1.04535513011453	-2.80061737151488	1.39803301789627
mamb1296	0.143547176380136	1.05155122501776	-1.90497458227243	2.27076786574732
mamb1306	-0.224875288119372	1.05934896970401	-2.50918306955086	1.86735855889876
mamm1241	-0.435953691129257	1.0725224861014	-2.85128773457355	1.54369455470928
mamv1243	-0.029147853478872	0.991392454173752	-2.09134377110322	1.9824079261923
mana1288	0.971517311814881	1.047715498777	-0.720543943501149	3.36370766422537
mana1295	0.180660724936182	0.944688953632558	-1.72347480499366	2.07934470865028
mana1298	-0.0156982089916307	0.935432518100598	-1.92642128997646	1.85893859131583
mand1415	-0.292272771302679	1.04217315625505	-2.58386223710517	1.68382875276049
mand1440	-0.325457741472208	1.02767808806859	-2.60212677760236	1.65210367738092
mang1378	-0.685216310492484	1.05014834263154	-3.08430958910787	1.1978410977862
mang1381	0.563920075896666	1.05518945718374	-1.37326527761681	2.89977265054193
mang1394	0.970840370951007	1.04169452894675	-0.75562294482924	3.24410704204997
mang1401	-0.0455628139965369	1.08978012867894	-2.33282724764361	2.17183535435452
mang1403	-0.218339925609631	1.01161966606271	-2.36497206685448	1.74096401378403
mang1404	0.0267468032627047	0.871262523687637	-1.74880165089001	1.81472514351634
mang1405	-0.185361590180726	1.03102291113183	-2.41937099236843	1.83913344781516
mani1235	-0.397813605328041	1.06430256873153	-2.67162144126417	1.62789921952846
manm1238	-0.910816750618638	1.04392264703555	-3.2279131636857	0.84619082197603
mans1262	-0.155415017163114	0.969198050670194	-2.16594905732021	1.76227938361639
manu1258	-0.207918070091601	1.0225596498888	-2.38179599281321	1.82594229236857
maor1246	-0.0252345448848456	1.03992436284621	-2.17667525890934	2.07810687595385
mapo1242	0.0122393888147109	0.860180942150624	-1.75596987246706	1.77288918049231
mapu1245	-0.294474109090018	1.05295199876373	-2.58481023178018	1.72132673695101
maqu1238	0.237074559018638	0.993240489309885	-1.76610955621714	2.30153854276283
mara1378	0.332587366142606	1.03232995520975	-1.62054128838842	2.54586953507907
mara1386	-0.0522780172658666	0.990935114497846	-2.09382972008884	1.91126841795745
mara1396	0.152989169760979	1.07439283755187	-1.93612594316888	2.41165793129307
mara1399	-0.459179954893454	0.933032933699105	-2.51383289240698	1.23825131221809
mara1404	0.731165663550167	0.983382875966222	-0.958994740055013	2.85433567598468
marg1253	0.462470956647329	1.05243217129041	-1.48950221811466	2.76146974777419
marg1265	-0.613592106086286	1.04260682049676	-2.92776594089531	1.23952574183503
mari1414	0.126152589974648	1.05622725392883	-2.02258331258201	2.30730199473949
mari1424	0.0703731837213611	0.992800989078764	-1.95982144342802	2.02437833288502
mari1426	0.299644089800287	0.98708649868127	-1.5935563285533	2.4588837826408
mari1428	0.118964844116268	0.866672608224458	-1.63085899452703	1.91763636262067
mari1440	0.366196670137052	1.03780583213501	-1.60722654775634	2.58781024982926
maro1244	-0.302318381297699	1.01982166119892	-2.48866533661093	1.63698401278057
mars1254	-0.0313210705198	1.07912391786425	-2.27464578750365	2.13317587184938
mart1255	0.602495208680851	1.04662607080935	-1.25892305166048	2.92236313081025
maru1249	-0.795734596329104	1.07565902757007	-3.2459526782439	1.03980103934921
maru1252	0.237717936601912	1.05053266637671	-1.7924778482678	2.51123470274164
masa1322	-0.580817985399186	1.07204420342098	-2.95599167486408	1.334018458954
masb1238	0.225686204249212	0.947058317477877	-1.62511187315566	2.18603122354418
mask1242	-0.400449465126509	0.904435259883804	-2.38842654281475	1.25053269973651
matb1237	-0.28023293658707	1.071807524889	-2.6058198842452	1.82642921525155
mati1250	0.391219051403716	0.927189601794668	-1.3544120676239	2.44241402853479
mato1252	0.126657851044699	0.863994203716599	-1.5991387316064	1.91045422205496
mats1244	0.214365945665344	1.050911072443	-1.78468189467071	2.46045982754598
matu1259	-0.0807543193633535	1.07119437325297	-2.28533512056296	2.10471309650224
matu1261	0.181883893108638	0.913597755364219	-1.67634641739692	2.06020773094622
maun1240	-0.626155810597484	1.06290410768508	-2.99690154594896	1.23423314696241
maxa1247	-0.168244657293805	1.04497124533503	-2.43768504689483	1.89854052022183
maya1285	-0.0984237903569956	1.02692185435576	-2.25157694628078	1.99180472622246
mayo1261	0.636355203653463	1.0327415893903	-1.23289568308374	2.89427074950183
mayo1264	0.499383725624457	0.9808987990919	-1.33429038481384	2.64684192201491
maza1304	-0.634316356088813	1.03389883156111	-2.92046036309822	1.18512309190751
mbaa1245	0.0110346832324155	1.02701759054675	-2.08196732418216	2.11533961341404
mbal1255	-0.0498046245199958	1.0942673816911	-2.35875560765827	2.13903364407389
mban1263	-0.27350949991436	1.06497347885153	-2.59162785297913	1.71476265174916
mbar1260	-0.540889444767268	1.08236789209791	-2.99889825648442	1.43841908425478
mbay1241	-0.486033581960518	1.0296382767861	-2.78697599605055	1.39002139245336
mber1257	-0.0796155689369448	1.08946402415381	-2.35278796844566	2.03820745855659
mboc1235	-0.000604723230433454	0.968326197191802	-1.97271510203058	1.9538110476175
mbol1247	-0.0939726985682411	1.09480712441	-2.39239157918363	2.12013323717624
mbul1263	0.301103802376264	0.938805314005515	-1.51645317804552	2.31200260004268
meen1242	-0.48310275222474	1.04123379045957	-2.77635930380997	1.38371886458251
mehe1243	-0.364418284381556	0.949370546118579	-2.38653234654922	1.45498985557593
meke1243	0.0633223838772998	0.899651884047456	-1.76751381808603	1.85334634566495
mele1250	0.409898996226499	0.963315585284746	-1.37829458466637	2.47787359743786
melp1238	0.548419170174133	0.917073618359439	-1.12176163879599	2.54066605795816
mere1242	-0.268679571036639	0.96128198401815	-2.32924909528628	1.5756188309218
meri1244	0.382960319086863	1.06231269238503	-1.61184877565424	2.67846778973934
meru1245	-0.26402002504428	1.06914999312745	-2.5741890215538	1.74823483887718
meta1238	0.28396687785689	0.972847656481109	-1.59631527708855	2.37220686991722
mezo1235	-0.706909959110417	1.07581711184177	-3.18279134335085	1.16499260524435
mezq1235	-0.508349730786409	1.06117574712301	-2.84824649924267	1.41690781003925
mich1245	-0.184643762071785	1.01638963817714	-2.33755732347418	1.84558481366096
midd1327	-0.0759964575514342	0.869810491819919	-1.90937878149344	1.67503031061671
mids1243	0.0716554330723369	1.04985857957732	-2.13435873864419	2.2540995215183
miga1249	-0.399443495391713	1.0348355679403	-2.71125855921953	1.55537126904489
miju1243	-0.220995218651938	0.898881709236384	-2.19141220643176	1.51223000664691
mika1239	0.373005426469258	1.01887667081589	-1.5463362106547	2.54243994806563
mikm1235	0.798243220458392	1.12042033428037	-1.12672184089197	3.32869554707237
mila1245	0.102126204024334	0.900425791907278	-1.66478827414974	2.05098087084772
mina1268	-0.0524286297560609	1.05516354688389	-2.25504533248315	2.04060732204723
mina1276	-0.693474617782251	1.05069178716324	-3.06499554635986	1.10896832041214
mini1251	-0.427277066341605	1.01737130540644	-2.69026186149458	1.41123842361029
mini1256	0.553327217181605	1.06860753025342	-1.35232886415989	2.92855873908992
minn1241	-0.256615210135802	1.03087382736863	-2.5466433934672	1.69607064512007
miri1266	-0.130148241876144	1.04385991312299	-2.31370390119075	1.95328501268142
misi1243	-0.112168713740261	1.04283223969018	-2.29325461223564	2.03086172359637
misk1235	0.443246037769759	1.02578688385397	-1.45321287952065	2.74628212041557
mixt1426	-0.36495895408849	1.03615400511876	-2.64580279016216	1.62000008055634
miya1259	0.0144917935753343	1.02729708573355	-2.10397736665374	2.16043352616184
miya1266	-0.120839988062593	1.0244497810282	-2.27148442562903	1.89512975896493
mlab1235	0.0150981155906529	0.997000153910262	-2.01482890089124	2.04754836476189
moba1244	-0.118987350090863	1.03389839369676	-2.31551825682336	1.9645446729041
moco1246	-0.186538402435118	1.0374533393741	-2.3519050296576	1.82799599568501
mode1248	-0.404380445187536	1.04455524609178	-2.63603186990328	1.55986574466779
moha1258	-0.139533354713929	1.05205930001476	-2.34707256276181	1.97453938549606
moii1235	-0.561045195744626	1.07705966172375	-2.98505467281788	1.35020587875395
moke1242	-0.130727849082394	1.07002912481776	-2.37793285007094	1.97581814427039
moki1238	-0.0685973406203426	1.05982622236593	-2.33234073994189	2.07848718783845
mokl1243	-0.159188214547853	1.06648509911352	-2.4044024496382	1.95341520801455
moks1248	0.00408416306969154	1.05928531145379	-2.13823781635274	2.20616604909648
molo1266	-0.743169319605411	1.06470226566155	-3.1566976450668	1.11083326377758
mong1338	-0.0793212167342499	1.1039858788907	-2.37826753840896	2.11000561972583
monn1252	-0.0933130208004831	1.07883590439219	-2.35427864555756	2.07927082100828
mono1270	-0.218071955834866	1.03632894091357	-2.43296023810924	1.82177864544087
mono1273	-0.346075223204117	1.02911658768587	-2.53101228991014	1.60314698320939
mono1275	-0.0713896117535613	0.968495403967717	-2.08193251903962	1.90851518689456
monz1249	-0.274462292252535	1.0767338414847	-2.57071360103357	1.79954813078661
mopa1243	-0.150069241127109	1.03583389141739	-2.34689209714825	1.90708717503609
more1259	-0.618779736976746	1.05683654581373	-2.9990417098465	1.26842846409329
mori1269	-0.134453689136135	0.984205446629593	-2.23222612263275	1.80727468410715
morm1235	-0.0559518341395898	1.01464060006129	-2.16732806791767	1.95168464993155
moro1289	0.359392661319527	1.02742449694323	-1.55257529508222	2.60601369405666
mose1249	-0.540674544332915	1.08603483255431	-3.00618183702284	1.38611278868831
mota1237	-0.0340154439362913	0.982595543567515	-2.12152198704879	1.96589305720585
motl1237	-0.0632065317047653	0.976643107855936	-2.12268903712402	1.9410985460806
motu1246	0.541531935049771	0.928887195649185	-1.1404958782782	2.58992384811131
mouk1239	0.212578820075161	0.9417583846255	-1.64914894325744	2.22332779106304
moun1252	0.212920886923646	0.899633400622243	-1.50097748116	2.12572328915629
movi1243	-0.377582231898316	1.05717683940995	-2.6575630887604	1.62005051011571
moyo1238	1.49089707135289	1.1476411031313	-0.295217819086297	4.0265596136019
mpad1242	-0.445056538996235	1.102897780432	-2.94441570724519	1.61371348341047
mpii1239	0.378430378668443	0.98971228009555	-1.44292814255182	2.57537674648185
mpot1240	0.226147354269137	1.06541969558369	-1.81288692601601	2.50882032915065
mpur1239	-0.487315113863012	1.06646711746575	-2.89394646674788	1.43643781155352
mual1241	-0.17085799587957	1.02300308242565	-2.44222142520623	1.81359210550932
mudu1239	0.271531005886711	1.06760212372955	-1.79577677456686	2.61069322446697
mudu1242	0.0229621949482786	1.00834127894352	-2.03510360038841	2.0506971989519
mull1237	0.100975599963984	0.977614391705405	-1.83809961182699	2.14356963984248
munc1235	-0.114627553808527	0.934260212814859	-2.00703412968137	1.7580884871302
mund1320	0.0761344760984071	1.0013589056516	-1.98867169761204	2.15822127021693
mund1326	-0.315889632764894	1.03196973069122	-2.56340570716474	1.64957551815596
mund1328	0.647734997730366	0.96652247661607	-1.02331987110698	2.7307760691781
mund1330	-0.135394830760476	1.03701969508694	-2.25569376440591	1.8795912246
murl1244	0.449101964532357	1.06012918643526	-1.50569365756745	2.78739320858571
muru1266	0.573845462773759	1.03215015478323	-1.29605256415204	2.90332690524756
muru1274	0.455931973646632	1.03377644533078	-1.39585838341996	2.76725921979175
musa1266	0.161640118714655	0.882609955526759	-1.59312808419043	1.97781884818698
muso1238	0.0145837006673162	0.859507963161435	-1.73442688053685	1.79361928846476
muth1236	0.205575919150763	1.05126576196441	-1.88707272997913	2.49538424246153
muyu1244	-0.163280712163074	1.05820189260164	-2.43001062470596	1.91541333716331
mwag1236	0.209187407414066	0.985924404422042	-1.76426328421392	2.21054912797003
mwan1247	-0.0585781507644127	1.07158208840446	-2.29219416182215	2.12109824057588
mwer1248	-0.0829588860035884	1.08157186384808	-2.32542645777314	2.13456028183652
nade1244	-0.261197107977509	1.04014146603916	-2.44979739800533	1.74416754840431
naka1262	-0.249688320289104	1.00868052098327	-2.43572543697735	1.70635613355454
nalc1240	-0.453781380801541	0.944471410264808	-2.47084324351617	1.31074162050332
nali1244	-0.320573362053769	1.01731491585673	-2.52993141763986	1.5898876689032
nama1268	-0.043170788661394	0.923653179102879	-1.92460641072602	1.82725894110446
namb1293	0.613468056506086	1.07843350597497	-1.31834101604436	3.01420584136397
nami1256	-0.303399503640459	0.92274313232616	-2.27667047302647	1.46078409820109
namu1246	-0.38771022506794	0.938469820321506	-2.43243367865901	1.34012898880864
nana1257	0.0416614732498961	1.07448774590357	-2.20573220512689	2.24196439508705
nand1266	0.395945451615398	1.03924821197223	-1.55281922137091	2.69678173236975
nang1262	-0.221648713844101	1.02379882592032	-2.37442961352763	1.72153610338211
nant1250	-0.0957905121335369	1.04334798227397	-2.27059116671362	2.04044918715587
naro1251	-0.081825072894869	0.997619402622984	-2.20989561131197	1.94653785988855
naru1238	-0.320661887691841	1.0477312675723	-2.61424333285753	1.6737735874709
nati1243	-0.360182371188829	1.0290490236605	-2.6484255769174	1.62055539420728
nati1244	-0.440828865102786	0.910864877307504	-2.45308869751542	1.22427121246962
natu1246	-0.220876358771605	1.02237455054232	-2.36086115551266	1.72218114241997
naur1243	-0.0481656813864465	1.054866830687	-2.26142077893513	2.04525855445629
nava1243	0.248416733223738	1.05026852237277	-1.81217355975752	2.4523472654203
nawu1242	-0.122152361984616	1.06948411944081	-2.35771811510872	1.97736263010939
ncan1245	0.758999608301623	1.00782889468837	-0.970864698934665	2.95807764754999
ndam1239	0.00891366812125419	1.04323915757426	-2.19155533778076	2.09902894575431
ndog1248	-0.152393014623069	1.03499191885708	-2.35089063963767	1.90127210249867
ndom1245	-0.322177145014857	1.06007276399107	-2.61233645533752	1.63305170607036
ndun1249	-0.196599876419216	1.02952278824906	-2.40711919919175	1.79213187228265
nege1240	0.428043093065752	0.991141069240222	-1.45798044141207	2.52538070178043
negi1245	0.138146195712366	1.08590680448612	-2.02711131349261	2.45116416578137
neha1247	-0.322753455950379	1.04163862617061	-2.59541295826666	1.674541913356
nend1239	0.343264721760834	0.909312541868125	-1.40852416493993	2.35177980136037
nene1249	0.00490667798177757	1.09888884553718	-2.26737624732676	2.25745337221017
neng1238	0.195550491749808	1.05223386353449	-1.95348885697268	2.41087190068048
nenn1238	0.593132725212825	1.08029759695166	-1.38854368562163	2.97223389376823
nepa1254	0.744638499111627	0.902867845275934	-0.795960081142926	2.74509480771534
nese1235	-0.436054951940721	0.92691434495095	-2.48472875779847	1.25088962497962
newa1246	0.739774518588454	0.930569172980699	-0.825272632821288	2.72716510778164
nezp1238	0.169356217861986	1.02533023787295	-1.86095494246277	2.33254876246908
ngaa1240	0.423544393533932	1.01748692199195	-1.46150035152415	2.63376910172803
ngab1239	0.463916782570604	1.00707605216293	-1.40332496017987	2.62399747994349
ngal1292	0.494525844613174	1.04202906333217	-1.42633273623454	2.77785330269728
ngam1268	-0.521443466327904	1.05335301596119	-2.84900868456932	1.41188408759053
ngan1291	0.0419088541101148	1.06490704255445	-2.04819804497476	2.2226951770112
ngar1283	0.252578466252869	1.0234456558696	-1.75944885364292	2.41130309185177
ngar1284	-0.185512680012062	1.05227175918968	-2.45321454434937	1.84897027321012
ngas1240	0.292358298890324	0.986422195615966	-1.66473836422597	2.35896308612524
ngba1284	-0.220373927881693	1.08596143591011	-2.57643636123369	1.90152609259606
ngba1285	-0.304969727515679	1.0871029870522	-2.70940652813923	1.75511599588996
ngeq1245	-0.359388356419325	1.05659496464551	-2.67143868071117	1.64602807932798
ngit1239	-0.11645226851693	0.970468256188426	-2.13126852025728	1.77787286585666
ngul1236	-0.070678923720987	1.07821794860934	-2.28045266023205	2.04027392900331
nhan1238	0.359341663423502	1.01198282787968	-1.58854140308516	2.54808205208932
nhen1239	-0.228088975939407	1.02154688688245	-2.46627424027818	1.73700402898161
niha1238	0.44852323536975	1.05439641859409	-1.55202006841291	2.66921874749321
nila1242	-0.369683443230563	1.05715699610232	-2.65968004329017	1.61309539829766
nina1238	-0.392547145434018	1.01185441345913	-2.56652165780434	1.52886874522355
nisg1240	-0.155776386602539	1.04442763848689	-2.35172313316827	1.95937398294881
niua1240	-0.0465179391613251	1.08542127346741	-2.33920790352425	2.19406430105299
niva1238	-0.240112851174106	1.04082705152259	-2.51434872830782	1.79603662543388
njan1240	0.457618176288491	1.03619569149932	-1.51212810097884	2.68048894414471
nkon1248	-0.139990485290684	1.05243492177317	-2.37704173630355	1.94794976142584
noct1238	-0.257853058298183	0.895198613390187	-2.12699359154459	1.44473675202248
noku1237	-0.208415546568217	0.99423512884131	-2.2943749081202	1.76367356635202
noma1260	-0.0728061371172858	1.01332918131499	-2.13224157684445	1.98879641888403
noon1242	-0.0609827996756259	1.06388708104292	-2.21826056391255	2.0510075191838
noon1243	0.747908336439364	1.00451173869388	-0.995912342211312	2.95775188778319
nopa1235	0.148084089747788	0.988079756990751	-1.85385073969291	2.22712594946597
nort2671	0.0034885992549719	1.08157276132285	-2.20047446502733	2.240301475932
nort2684	-0.255518709493187	1.04514995098119	-2.51644699441989	1.7082754368123
nort2690	0.0299793224912424	1.09573953602441	-2.21403941894837	2.32393425634323
nort2697	0.148291517977231	1.05583755423103	-1.9428107738769	2.35613978155243
nort2699	0.355530843552525	1.03709629281258	-1.62938858585571	2.60250084327909
nort2702	-0.0545007605739136	1.0128792396882	-2.19296912689589	1.98337070406178
nort2722	0.202109736363562	0.888255825330772	-1.53038813094813	2.03876282698368
nort2723	-0.329183658856529	0.938201161949238	-2.36026891285326	1.43237380740137
nort2732	-0.31970422112969	1.00939783612248	-2.4426916277396	1.58399210137958
nort2745	0.164714950845118	1.0661577829156	-1.97636171637695	2.39052942032571
nort2747	-0.154497382860204	1.06751941544381	-2.44592682260431	1.91256509563063
nort2774	-0.156279655409561	1.02864041211397	-2.37560760742224	1.84970949323169
nort2836	0.380589123782865	0.946527211002716	-1.38885343775961	2.40611279654867
nort2839	-0.335509159383446	0.908927578436257	-2.34937956264345	1.37555949501602
nort2845	-0.0351379140737593	1.04144050102564	-2.22549919459385	2.1074858533828
nort2847	0.633442231934511	0.961343066887342	-1.11844612007206	2.67746184015296
nort2877	0.310675896906713	0.886935467882414	-1.36440049782748	2.19854366603068
nort2885	1.16873719941487	1.11481994454167	-0.625075494742269	3.63694394298661
nort2930	-0.462609390919175	0.986149769603353	-2.66276469217987	1.34921122187762
nort2942	-0.0862925983673374	1.06472228714074	-2.33028037135872	2.0737781583719
nort2951	0.629401511539812	1.085493940105	-1.24812988020298	3.08477682710345
nort2954	0.736533352710786	1.05698805475182	-1.03821892545791	3.0145026712085
nort2957	-0.813769969005906	1.04460114125341	-3.18861750840288	0.930027294555077
nort2959	-0.00358597693169888	1.00674851181348	-2.11690411897875	2.03608468042149
nort2961	-0.143815975703636	1.04600984753536	-2.35706098456237	1.95770209407515
nort2972	0.0667735681954013	0.985896271016623	-1.94498467634888	2.14305873618022
nort2980	-0.521248169492432	1.01616762640768	-2.76151128242886	1.34042511375815
nort3047	-0.739809576452313	1.06749125422535	-3.11081933749156	1.11247248873107
nort3139	-0.347852518996379	1.00005643687344	-2.5548900331382	1.53363014584991
nsen1242	-0.0687565174199441	1.04638735273984	-2.32427238969501	2.01349518439086
nucl1235	0.308480611484341	1.00765502738201	-1.59457066098	2.46059985221303
nucl1240	0.216353167324377	0.969096658641494	-1.65425437939739	2.29373885082744
nucl1301	0.0245346902741682	1.08220639524926	-2.26316055900152	2.3168339369074
nucl1302	0.126138804054361	1.04705753817993	-1.88787545060923	2.32156034094335
nucl1305	0.151486869773148	1.06575367739856	-1.94014999856403	2.43164984593574
nucl1310	0.324014445927258	0.902274440392175	-1.35844169545558	2.28421644908258
nucl1327	-0.230781001576221	1.04047387271666	-2.42088629813229	1.79222666929268
nucl1417	-0.186337393725238	1.03273492311242	-2.43545286214075	1.86623125932464
nucl1452	-0.303093876727248	1.06708425706976	-2.66706089049718	1.68447121357498
nucl1458	0.23288449076398	0.919283248684169	-1.61018556296207	2.10340885741851
nucl1593	-0.187545222895224	0.927836402545069	-2.05574138796693	1.67423532620343
nucl1595	0.149655640834846	0.985203143488488	-1.79783404831294	2.21277486801157
nucl1622	-0.0488762180508058	1.01935105160793	-2.15497086827059	2.03772599853496
nucl1630	0.320404264433942	0.873072632772731	-1.35031404992446	2.20429672972112
nucl1632	-0.269072346030178	1.01967352650503	-2.49145930408055	1.72951794829662
nucl1633	-0.245774623229152	1.02917905023453	-2.46454770619598	1.8018101611528
nucl1643	0.179011700366881	1.06508986403369	-1.96611069492877	2.42668024055165
nucl1706	0.637293544351402	1.05554466842613	-1.278442561183	2.94638297791963
nuer1246	-0.0906519170304511	1.05270351222989	-2.28651902804342	2.01036372846242
nugu1242	-0.062483436740913	1.02650555849348	-2.20191700791684	1.99934595306702
nukn1238	0.145451157232399	0.864068457307869	-1.56887817016233	1.93191027051201
nuku1260	-0.0315396747983087	1.08188411861772	-2.31195454466108	2.15171901694025
nupe1254	-0.105172154587039	1.06207208275631	-2.35058641870492	2.04334847223957
nusu1239	-0.803198932091544	1.0379228566574	-3.16389045094575	0.961965076579503
nuuc1236	0.0341230572371846	1.04047481061943	-2.1454905731622	2.17030210511395
nyah1249	-0.378320982005166	1.04269050115225	-2.70803888726081	1.52086825247285
nyah1250	-0.0893255182639956	1.04525672246904	-2.32737109484956	1.97567236278854
nyak1260	0.893864049215716	1.14375152656563	-1.02331253468237	3.46403926416426
nyal1250	-0.0620034620251362	0.989625301237427	-2.12773035632186	1.91340236528995
nyal1254	-0.107620179543183	1.06001171559094	-2.37575181246436	2.04901185064164
nyan1301	-0.229577876437352	1.01010765007053	-2.391128738364	1.67929526028172
nyan1307	-0.0843352912449625	1.06988393464046	-2.37409633920451	2.04799755689758
nyat1246	-0.412993928766889	1.07002134459781	-2.8141542808631	1.56362429585882
nyaw1247	0.00187328491443176	0.952352563167069	-1.87885961584847	1.97080852557364
nyig1240	0.15836638281575	1.09479043244592	-2.04331241236427	2.49525315906917
nyis1236	-0.219989555665463	0.910205352505494	-2.2184985319949	1.55722098378062
nyor1246	-0.125879029080135	1.0259506578015	-2.27222132396307	1.92254189221614
nzak1246	-0.378122883447753	1.04836662384841	-2.66833971064686	1.61336956056295
nzak1247	0.0580394871511553	1.02766564592689	-2.03861061701369	2.24192869414572
obok1239	0.239286321635826	0.996462711660308	-1.67042940708889	2.41076311797736
occi1239	-0.28627529380027	1.06633421280032	-2.55929597674757	1.72981748238252
ofay1240	-0.191788856263004	1.05903685869972	-2.4336907150587	1.9601884610608
okan1243	-0.267725180502516	1.07083633178468	-2.61768931169956	1.79351108716866
okin1246	0.317850111220286	1.03782352596451	-1.64233976831504	2.61479005514127
oksa1245	-0.0243445260414226	0.917920752083841	-1.89376759498561	1.80478133289848
okuu1243	0.715382632700988	0.998071083783854	-1.00631228093547	2.92729480090784
oloo1241	-0.237653685268227	0.94417257077415	-2.20929097394416	1.60588563003765
omie1241	0.278178018342007	0.894241206011332	-1.44329570845267	2.14979240043208
onon1246	-0.187999088097679	1.0773532949232	-2.47400937394014	1.92147461565797
onto1237	-0.0641479751687161	1.08362111656784	-2.31649752382319	2.17609455743908
oriy1255	0.693069232592791	1.04797505326503	-1.13422449938787	3.05049297619119
orma1241	0.387578544579384	1.03693102132466	-1.57005835763536	2.65975957970618
oroc1248	0.0680505418082988	1.08190592969067	-2.17407055558967	2.26848006660975
oroh1237	-0.233428410974985	1.0257885173514	-2.47206727096363	1.74981201650011
orok1266	-0.139199357019792	1.01020144605518	-2.31202918988092	1.83293561952244
orok1267	-0.379861140542875	0.977558678907015	-2.55693854689731	1.46034797495075
orok1269	0.288987216334355	0.920609962339091	-1.43668008252608	2.25808142816707
orow1242	0.452184774729865	0.97610289877098	-1.4314722203265	2.60121181101366
osam1235	-0.0947683607925858	1.05996972169761	-2.34152176483792	2.04586561419235
otta1242	-0.19264340330455	1.02474990118045	-2.37299539017057	1.78093096736546
owaa1237	-0.175713925830227	1.04926061428535	-2.44377568071609	1.90452959833162
paaa1242	-0.135887521307074	1.01327471159877	-2.30986149224282	1.89437378111448
paam1238	-0.305505226312573	0.903099850170596	-2.29408643848446	1.40585888380102
paas1238	-0.190223344841102	1.04736800972985	-2.45076541426722	1.85298408732748
paco1243	-0.279868715671164	1.06457528846905	-2.57827784642459	1.74966982508702
paez1247	0.0118890012291992	0.965421721319888	-1.9999599392173	1.9557289825712
pagi1243	-0.1537432934872	1.03486166432803	-2.37940619621608	1.90549119761325
pagu1249	-0.202882263159339	1.07146858065921	-2.54918636007733	1.90546065069695
pahn1237	-0.3753651321968	1.05733400284136	-2.69095702172173	1.5681114303939
pala1344	-0.0890382775112563	1.0584173934256	-2.30542402367483	2.04790096208604
pali1279	0.630614837475047	1.05086004874636	-1.22054508839463	3.05273542035304
pamb1243	1.5584655354304	1.28441822479095	-0.404740516849471	4.53656228638257
pamo1252	-0.00966818084808374	1.016077682726	-2.07851554806298	2.02476716279319
pamp1243	0.3216899630034	0.94199780841404	-1.50767743496639	2.30950950885631
pang1287	0.403644754845175	1.08845991440922	-1.63384835302369	2.82647019060827
pang1290	0.492652810606253	0.930102670351024	-1.20756249605357	2.51473092883556
panj1256	0.358701644909334	1.03975616884318	-1.66226213358964	2.6492639519563
pano1254	0.201319882672702	1.0309577505021	-1.81287990175672	2.4276298775269
pany1241	0.526025311715165	1.02391999418235	-1.34621945194187	2.80810807825207
papa1265	-0.509453079840707	1.0398759334496	-2.80253033292069	1.37465824964349
para1301	-0.649646685568184	1.07634861682466	-3.06077507603232	1.26448108086452
para1302	0.265341798899914	0.860523255951302	-1.44173340920322	2.05813487938994
para1311	-0.243789892425407	1.02452859482679	-2.36908634741742	1.71587679897488
para1316	0.24882693790495	0.95433894850834	-1.5892720963241	2.23274935275597
pare1266	0.164676410361171	0.90087021073009	-1.60110165232297	2.08791479945674
pare1272	-0.233709177519968	1.05053329977644	-2.52421400126282	1.75622323759457
pate1247	-0.00173187145475386	0.867123677636899	-1.78057873266127	1.78001511004886
patp1243	-0.418089881132022	1.01451362277986	-2.70536125758156	1.39709445179273
patt1248	0.528326165715068	1.03428839810463	-1.33627727913201	2.80905140538211
paul1238	-0.176687312856213	1.04118645630331	-2.4064966478492	1.84189512619929
pawa1255	-0.445221100604653	0.963134204286867	-2.54964415576135	1.30977459927354
pawn1254	-0.147117501380722	1.01787730788185	-2.32553129025837	1.90155400833675
payn1244	0.349756736991138	0.910678932341009	-1.38827854829416	2.28737047572898
pech1241	0.542568911868979	1.0588230298553	-1.31764777407243	2.91525789756843
peer1241	0.0790187827548766	1.0191379641019	-1.97073576960894	2.2073622854105
pela1242	-0.804814163011301	1.07311979696094	-3.21126056538274	0.992315978355278
pemo1248	-0.261926610507839	1.05043852057898	-2.48399115483022	1.77184759405429
pend1242	0.740321691383915	1.0503127140194	-1.05895820945507	3.06130726048178
peng1244	0.0508240659990302	0.908281538583071	-1.77482145325654	1.96737970693917
penr1237	-0.0296263472653224	1.07080841687368	-2.25268497720699	2.13253746994326
peri1253	0.000479101757278617	1.08258865460455	-2.20030547008862	2.18915100444803
phai1238	-0.150904542107254	0.990699339435625	-2.19739604341771	1.8007598546973
phom1236	0.326767257637341	0.839366622068	-1.33580404590413	2.11494374935935
piap1246	-0.322565631556601	1.03339318349833	-2.57806686945526	1.58986118169085
pich1237	-0.307469745955568	0.995299491659572	-2.48049966370703	1.61371963279413
pila1245	-0.216474359649776	1.07084873940511	-2.54806450067752	1.86445281519971
pile1238	-0.204598100648314	1.02251688507675	-2.42553685431618	1.74622321493355
pina1252	0.69449642768301	0.944003950096807	-0.959270407389573	2.79493147502737
ping1243	-0.0776841179196403	1.06666936660503	-2.31536995257742	2.07534011739715
pint1250	0.449570003775259	1.04336739111554	-1.46162744435708	2.76211579065387
pipi1250	-0.244912662679059	1.01084207979232	-2.45669266364661	1.63936705705337
pite1240	0.0191036178424152	1.08421297828484	-2.1669178177533	2.23883739030638
plai1258	-0.166672130394654	1.05105552883235	-2.41763800651404	1.8793013246209
pnar1238	0.185148962880305	0.965402680552663	-1.79525016957394	2.15548157249593
pohn1238	-0.0415699049367496	1.04059442041297	-2.24800069149247	2.0475299833815
poko1263	0.173205092692604	1.02693633083626	-1.91466004927995	2.29389532024842
poli1260	-0.683282832108026	1.03835360997263	-2.96546248451591	1.20830744548554
popt1235	-0.485872268602694	1.08656009394474	-2.89452843346509	1.46978454860379
port1283	-0.229819090654819	1.04063754817633	-2.50465545737929	1.80750767198478
port1285	-0.409872621225183	0.903956783802814	-2.39761067280291	1.23330747407207
pras1239	0.235686579940109	1.03807513512853	-1.73603151507733	2.46023612801235
psik1239	-0.711275375439556	1.0559760966809	-3.04888350891533	1.12266912946427
puin1248	-0.303265366423815	1.03968692506408	-2.5460883228426	1.73350319038816
puka1242	-0.026946156504428	1.04264108606922	-2.21394210621079	2.09407996615927
pulu1242	-0.0609896599400663	1.06600231095275	-2.28607267976035	2.08129139787314
puma1239	0.780888343104707	0.963995332559383	-0.899352906462499	2.9101549914758
pume1238	0.189227801866268	1.02922511832614	-1.84251654005866	2.36598319199409
pura1257	-0.4899179941133	0.987961760960587	-2.68088281808404	1.34734816214051
pure1242	0.159282499272407	1.01518982838188	-1.84383997361942	2.33564305831527
puri1258	0.490199853047173	1.041192755948	-1.37859610620467	2.87137567742373
qanj1241	-0.467496275685308	1.08028633029226	-2.84447398743644	1.48379132413884
qawa1238	-0.26490975419523	1.05828572243604	-2.54221287371605	1.80538428368523
qima1242	0.503309271218435	1.03578352833743	-1.37805351102326	2.85508376074964
quer1236	-0.378153674668811	1.05201108400536	-2.64696573115301	1.59109166576593
quio1240	-0.66601929602068	1.05577014941239	-3.02899798611845	1.20773587158862
rabh1238	0.0666798781745778	0.890939159701588	-1.68139636722189	1.91039780200414
rade1240	-0.333962311242323	1.04676832575004	-2.62997073346738	1.68577339221953
raji1240	0.682951221364608	1.05224534866303	-1.11267951885573	3.02974976321879
rapa1244	-0.0485267078684125	1.07884874152883	-2.31508953558223	2.14585352455807
rapa1245	-0.0436970250175313	1.10961173316538	-2.3573729230658	2.22268144362549
rapo1238	-0.524378851833723	1.04587149869201	-2.80527109214139	1.35145463528804
raro1241	-0.0223864378950262	1.07082081509432	-2.18657448039288	2.13418957217869
rata1244	0.817674584902681	1.12095448241715	-1.05317678152169	3.39542079692068
raut1239	0.548629411642871	1.01350579345889	-1.26039176287369	2.8064274632602
reja1241	-0.167172790343724	1.05450268334711	-2.42276768148633	1.91071818984741
remb1250	-0.220431256985949	1.02076192954853	-2.40520315661134	1.72479695813772
remo1247	0.069193223779225	0.967480586201862	-1.88887344555144	2.11974850246785
reng1252	-0.376370940729731	1.06345751441067	-2.72627166115546	1.64875197602904
renn1242	-0.0689523401821461	1.08181915831492	-2.33171075540766	2.08593536554314
rere1240	-0.448942729491165	0.908039755010433	-2.44208105612271	1.18807701379389
reye1240	-0.770019858004698	1.09281499282583	-3.2347995863063	1.08477029471628
rian1263	-0.349620570780398	1.06087453576571	-2.64260356855941	1.589201176777
roma1326	-0.319433381814418	1.0268431135587	-2.54701786681688	1.56363106407502
romb1245	-0.0765551440490931	0.976268574262607	-2.09757793529786	1.86131381575803
rong1264	0.304807063978694	0.99557759035341	-1.6027550837119	2.41498272164808
rong1266	1.52652630758183	1.11255075766083	-0.199919064969947	3.95273253997957
ronn1241	0.303943962175042	0.981280133578054	-1.6092108497572	2.35322686358848
roto1249	-0.526833671379318	1.04033508859539	-2.85247996797911	1.32036649610827
rotu1241	-0.0367321835807665	1.05955509542841	-2.24633972309665	2.14760650141618
rovi1238	-0.363835073014816	1.0134084594404	-2.55316876507421	1.5524855981524
ruch1235	-0.56121613886552	1.062212442601	-2.87656092592349	1.38700970957809
ruka1240	0.654016972965079	0.974419278174863	-1.08154842808015	2.75181000961151
ruma1248	-0.490499528350163	1.05890270423474	-2.81729576501436	1.40416947232608
rumu1243	-0.214440181441999	0.957505342549064	-2.22569666597115	1.62179731617235
rung1258	-0.165793042053091	1.06172315673723	-2.41354416825509	1.899812560168
rung1259	0.416668040442147	0.969032197955805	-1.40803419632045	2.52837996317287
russ1263	0.294584151671499	1.03189867682411	-1.64210448212352	2.56152102786335
russ1264	0.0478087798260561	1.09738875259004	-2.17806200352078	2.33283296126447
rutu1240	0.143922323867047	1.07587096417558	-2.02112143902757	2.39012764513177
saaa1240	-0.232359959539821	1.02469726521329	-2.45235407850986	1.74884964107727
saaa1241	-0.24757058476061	0.922727907910236	-2.26513280708578	1.55022965783346
saam1283	0.023151973382932	1.04319971494808	-2.11561487627842	2.20024518368575
saar1237	0.536142393032946	0.961942602567752	-1.26544710154945	2.58302565593219
saba1267	0.395993503765855	0.96226907970166	-1.38767734435556	2.4738094367324
saba1268	0.0916104358787891	0.992378029061273	-1.92398862861039	2.14881791910855
sabu1255	-0.199110900963838	1.06437368169269	-2.50646051543828	1.88170270034557
saga1262	-0.101418480602842	1.02175933752597	-2.24545597592545	1.88370015893679
sais1237	0.938273694054607	1.06031856008978	-0.826578859569963	3.31581214532784
saka1289	-0.181967289530472	0.978350214980851	-2.25975557788948	1.71290915229019
saka1291	-0.072357366549348	1.07484547107012	-2.31656019887272	2.04435750771046
samb1305	0.194904605867687	1.00709996831283	-1.81532091540607	2.26358934830735
samb1311	0.221140233699725	1.0160851943836	-1.76438126468207	2.44787565810703
samo1305	-0.0384056980710764	1.06971601166281	-2.28099640095017	2.16847008565217
sana1295	-0.300911206341559	1.02637254157185	-2.55320915686731	1.6574149481781
sanb1241	-0.0510586235792232	1.0036773708662	-2.17114554905667	1.99281632517968
sanb1242	-0.288921335047821	0.981743310740944	-2.39441389068859	1.5929516528799
sand1278	-0.605249477558074	1.08458956404404	-3.04355218983125	1.32325318893037
sang1321	1.03241581191452	0.978721372719158	-0.573272845907235	3.20033560734749
sang1330	0.257601507278801	1.03388147302991	-1.75728206456156	2.48691845407869
sang1331	0.0806333721910763	1.05926247412489	-2.02481897421935	2.29974188033819
sani1269	-0.576958132681767	1.00955887028034	-2.85940179257089	1.19316994688671
sanj1284	-0.491292863574099	1.03455704021686	-2.76073355325223	1.42220004363445
sanm1289	0.461599391428745	1.00443587893278	-1.38773572918698	2.72608327205396
sanm1295	-0.282574842868372	1.00769534173975	-2.46179256967265	1.59423130739694
sanm1301	-0.762784110832429	1.08795535915317	-3.29749676645396	1.0782826954791
sant1410	-0.224957375286324	0.951896850709256	-2.27616396276367	1.5988767721654
sant1451	-0.412577273003858	1.05039462359902	-2.62609748922984	1.58659495621709
sanu1240	0.287733692825291	0.999102018622383	-1.67569337109526	2.39459233844399
sapo1253	-0.506007413641839	1.04137671815879	-2.84353013274571	1.38481900710526
sara1321	-0.296669044776273	1.05058581322137	-2.62803606383026	1.65972512845617
sara1327	-0.177555492764665	0.973956356222856	-2.23064523360473	1.72143591869555
sars1236	-0.187835906390468	1.07199649324683	-2.45023053969411	1.91359675685926
sata1237	-0.0489394109797797	1.08015234825863	-2.26711331495384	2.07578043472813
sauk1252	-0.000331065183389444	0.850949069015473	-1.72985358958052	1.79387273062192
saur1249	-0.211095605949085	0.974218499991079	-2.37088748550572	1.65468288377132
savo1255	0.065758316967115	0.975340366103482	-1.87665541887414	2.14037369157901
saya1246	0.104206626813151	0.970782695389818	-1.88046215114616	2.0371743037204
seda1262	-0.363524381450383	1.05319793773753	-2.72264835299398	1.67437693638899
seim1238	-0.100781464238881	1.08909760637822	-2.43302117412603	2.03478344687919
seke1241	-0.227483657389992	0.927221531323756	-2.25704367370526	1.58804791209026
sela1259	-0.117325928179741	1.05847315149779	-2.41953343227951	2.00440811411861
sela1260	-0.166510458000497	1.06779417388052	-2.37293467296137	1.89479319639612
selk1253	0.0329544055149955	1.09321514279214	-2.21230813950159	2.24191688657065
sema1265	0.177566617529708	0.99805163104334	-1.86238494303957	2.26239575476823
sema1266	0.272722883101388	1.0057061449163	-1.71001372576155	2.34259021893697
seme1247	0.644386624158435	1.04716175983957	-1.22914484598846	2.9812661022227
sene1264	-0.196867986170271	1.07866891001296	-2.5122236803639	1.9015605728843
seve1240	-0.132543199930037	1.05503602448931	-2.43366020175779	1.94397533843545
shab1252	-0.237602548570052	1.01539607167905	-2.4134578713425	1.74137758331458
sham1280	-0.206104453758585	1.03237405301833	-2.49689881089114	1.81494298867019
shan1283	0.256698568248537	1.04480443273675	-1.70463025700199	2.51030396495492
shaw1249	-0.13577460368502	1.03869771566652	-2.38148975268424	1.86591555615854
shee1238	-0.195149723362195	1.07745158291903	-2.51277409898742	1.95205942945757
shil1265	-0.177831243817413	1.05663784432093	-2.38799563337005	1.95078404912914
ship1254	0.331832373486384	1.07850892398054	-1.73364686464152	2.6907791044299
shix1238	-0.0627316569959931	0.96100076420644	-2.03423859728271	1.90575378833606
shol1240	0.226080259897727	1.05238684475042	-1.80634602271957	2.47869513933844
shon1251	-0.0677733358678527	1.06221831109303	-2.26817719584905	2.08268705403859
shor1247	0.00998076968179843	1.06769618533127	-2.13762112327025	2.19504175717514
shos1248	0.585990029327422	1.00985817441518	-1.19769563016745	2.81111612798524
shua1257	0.455307841718408	1.05306952479268	-1.54793433825268	2.85400986242281
shwe1236	-0.651832045776813	1.07921771012904	-3.03692148147342	1.22172574710926
siam1242	-0.354790046951171	1.0197039045598	-2.58080794048963	1.57868394677948
siaw1243	-0.29100752466487	0.918992526032303	-2.24113288867339	1.47658690722991
sich1238	-0.480117406121003	0.988629272859296	-2.61571829908532	1.29775873869796
sici1248	-0.0894446216716063	1.00431046469705	-2.2288009207623	1.96359851515868
sici1249	-0.321478318092798	1.04915734708794	-2.59624618676548	1.70786141888148
siee1239	0.373780310013803	0.935496343726459	-1.47179481015075	2.35020519473063
sier1250	-0.630279176048206	1.04878357748591	-2.98035984167951	1.25227715213784
sika1261	-0.111755261161227	1.0336847217008	-2.29866695008454	1.97533962124909
siks1238	-0.281321296380349	1.04855135375122	-2.55587729321113	1.72077733956198
sile1255	0.314815315116693	0.914424176697985	-1.4720938616744	2.31286080653484
simb1256	-0.333572322624118	1.024764825476	-2.61523808796088	1.6623506003336
sina1266	0.58134555150739	0.901412565784555	-1.03967503979269	2.56164216699349
sing1264	-0.320823793874653	0.917903388303182	-2.30763090212866	1.44187085636608
sion1247	-0.406495277639713	1.02383844367105	-2.56065656304862	1.48911556873362
sioo1240	0.172763228485714	0.902356308061524	-1.60673925026914	2.05977754040177
situ1238	0.314592839967456	0.905912557373472	-1.43621318499656	2.22240437178455
siwi1239	0.548174903836539	1.02847195566436	-1.28146698107417	2.78892198201241
siyi1240	0.974549630258486	1.07658441986961	-0.78853416449035	3.37826658187683
skol1241	0.00271446354964615	1.05753616753292	-2.17262280936711	2.16934027188075
slov1268	0.202733682700377	1.02999265924541	-1.8018814110892	2.43294301892752
sobe1238	0.106765060818472	0.993206660795772	-1.9389151847095	2.13806736752879
soch1239	-0.69949955622474	1.06044215784445	-3.07026131839436	1.11159020000345
sons1242	-0.0428302059016601	1.0849179665207	-2.31518464507811	2.13299170211437
sooo1254	-0.272594205592714	1.01821252482666	-2.5023681261011	1.6867116483577
sora1254	0.150696653609683	0.905750591746606	-1.63356551298296	2.06562092857102
sout1528	0.217823192850439	0.99692381488498	-1.68609069135937	2.3700591410963
sout1549	0.316623857617175	1.06746739463179	-1.70241807838949	2.68384684498364
sout2649	0.286177081741083	1.00632487919366	-1.60768174947899	2.46652801725949
sout2674	0.0348479879980948	1.09808109697227	-2.14180349026076	2.37623438913171
sout2679	0.104908934840328	1.07447822874057	-2.08279061756308	2.35148600006503
sout2715	0.790023523721849	0.922922972602147	-0.786518282925442	2.79979485624281
sout2728	0.39900747606746	0.93562455200497	-1.36462935869715	2.41317780340425
sout2782	-0.4417043196779	1.03091949766187	-2.6541382266556	1.46638824472846
sout2797	-0.345546697720001	1.00748937700232	-2.61433628093028	1.55729408773726
sout2807	-0.0408881124128339	1.07208802439883	-2.25934221381014	2.11152696072708
sout2826	-0.0137322946619761	1.0978774674405	-2.23874189651591	2.21602541747076
sout2856	0.443240104965051	0.967589920443641	-1.31458381250134	2.55942324764246
sout2857	-0.428610332841049	0.913625342824931	-2.42816553190021	1.25733836605392
sout2859	-0.326392580813256	0.90679017091897	-2.3635403607301	1.39637579868073
sout2869	0.770809062914901	0.993263440334723	-1.0149972826604	2.96055355644036
sout2895	-0.200200534023377	1.01849036337956	-2.35418905852728	1.80409093307732
sout2912	0.967436866952355	1.07038134935865	-0.77014395100299	3.34341808148416
sout2918	-0.142961842239067	1.01878254748156	-2.28107946577413	1.86531884812159
sout2954	0.282822493079905	1.03326531740156	-1.67959315846924	2.53411805295705
sout2956	0.384740692318553	1.05464907749209	-1.58717765722992	2.69126009150994
sout2959	-0.0869834704929593	1.06906811676506	-2.33071905765099	2.08218683006234
sout2985	0.42413579093795	1.02425436495491	-1.47639311763277	2.64661745757235
sout2994	-0.228642127276014	1.02505682582095	-2.43729223275736	1.76534451960986
sout2996	0.250914104937014	1.07073442090369	-1.76017295361592	2.54858752722401
sout3236	0.318747958693571	1.05613804365454	-1.63230552402586	2.65256732489256
sout3261	0.148998506726065	1.08139175058287	-1.99816537923869	2.50254325896901
stan1289	-0.184249466300006	1.00550156244276	-2.33517161059808	1.77144389585528
stan1290	-0.237094582809491	1.05941053082964	-2.58072048300785	1.82128929651849
stan1293	-0.31617912744058	1.04410259635166	-2.59705146002333	1.62849023154541
stan1306	0.223553905245454	0.995235410921046	-1.78215429987377	2.3016444181256
stan1318	0.581172735220711	1.03852327691217	-1.31222862566363	2.89899585490285
suba1238	-0.189541817279543	1.07252739232664	-2.49147101695321	1.8691543012534
sude1239	0.0466919044175932	1.02460857105726	-2.11627910716696	2.14429551129601
suku1259	-0.0382779577641814	1.07462266483995	-2.29212652780831	2.16530696926943
suku1261	-0.173832985148039	1.06938808422127	-2.46574631472221	1.93626955189714
sumi1235	1.01789869521342	0.965578414456539	-0.590517136841181	3.16822068707428
sund1252	-0.0730604334064168	1.04681919297076	-2.28372240397151	1.99736763704945
sunw1242	0.900910509377711	0.952542626428492	-0.703280282724452	2.97719761851499
supy1237	-0.222888309145942	1.06299635511895	-2.47450976899788	1.79020272249787
surg1248	0.0195282874626428	1.08657940187165	-2.20456100913248	2.25285094927733
surs1246	-0.389706153474697	1.01254963864183	-2.55415858212858	1.46597808453462
suru1261	0.701072660847803	1.07350002990371	-1.15221790948421	3.11333925438942
swah1253	-0.0636098011894936	1.05831626205795	-2.28399558069895	2.07572152865382
swed1254	-0.251535865898936	0.999845385061005	-2.41853382278481	1.6458665233629
taba1263	-0.174927561977957	1.07354820212187	-2.5111104680262	1.91980887890933
tabo1241	-0.0217679324121917	1.03352138424475	-2.16139890129081	2.12136322674002
taga1272	0.0575408198486869	0.914003575994831	-1.84600448445618	1.92095533520618
taga1273	-0.00993146261776854	0.990311019649413	-1.99569240119347	1.96810851539093
tagi1241	0.154736927226549	0.925115936261174	-1.68267686884901	2.0666317801262
tagw1240	-0.120846182174318	1.05770343082681	-2.31719147181943	2.02950301715372
taha1241	0.646625374879588	1.0817393869411	-1.27412389803463	3.07966890296886
tahi1242	-0.0572289825408076	1.08268385414809	-2.39660248362938	2.06180415726937
taia1239	0.390708790043878	0.954248280986565	-1.46073256777124	2.40168154127971
taji1246	0.64677629551569	1.01547908981574	-1.14852071949975	2.92576983039179
taku1257	-0.154929419829622	1.06224100786641	-2.48772177094674	1.96060979734015
tali1259	-0.0842793762443896	1.0008019714473	-2.16868505325032	1.91781174936477
tama1331	0.159743339351371	1.07137018319187	-1.92857992999481	2.48703354777867
tama1365	0.489042798849741	1.02292915355651	-1.38909050729788	2.78666104280021
tamb1254	0.200411242250059	0.942859812198713	-1.60329779290015	2.16327659638153
tami1289	0.104342823233518	1.07195123106178	-2.01096370712948	2.36588604480979
tami1290	0.139224470131036	0.949415927882774	-1.77894723301934	2.09532260622303
tane1237	-0.213566003384146	1.02869105766053	-2.36757090091228	1.81615744487569
tang1336	1.58367022378666	1.14614994814257	-0.21629833222787	4.14778191374754
tang1348	-0.314760301906642	1.04757087503309	-2.51903987805938	1.69210568536768
tang1377	-0.121038210227862	0.914841978583503	-2.0643791799798	1.71138011597965
tani1257	-0.0808296248559413	0.941132762980159	-2.07416022914702	1.77021685272291
tara1313	1.48854126612191	1.14493990841085	-0.293238427577818	4.02445726405165
tari1256	0.78385039433792	0.999048188055652	-0.924015844260844	2.99174549597796
tari1263	-0.270982011991198	1.0280518066399	-2.5308998602931	1.73961232819706
tata1255	0.0619133530224693	1.07060906830507	-2.12725703314284	2.28064091439085
tata1257	0.47274010056007	0.970397892194896	-1.25661711531002	2.58438766890174
tata1258	0.136410236030036	0.980683174272715	-1.9020398352216	2.19927653438142
taul1251	-0.4269260874001	1.02246515734133	-2.68518607957695	1.45834365729127
taus1251	-0.166249965152729	0.995510461902287	-2.28704007071382	1.77013565267263
tawa1286	-0.292224227789874	1.00602333516522	-2.41784338110917	1.71349055731817
taya1257	-0.272510124425461	1.0209370380129	-2.47559080109137	1.72960001809406
tbol1240	0.0894481315224488	0.9514757379127	-1.86206294256397	2.09916045524435
tean1237	-0.215549220365273	1.02629895643275	-2.43751029976713	1.80977412604809
teda1241	0.43780843517268	1.09022816901405	-1.6256469611403	2.86805929123757
tedi1235	0.716113771419533	1.03796724997301	-1.09558285896642	3.02853714279181
tehu1242	-0.253868345997071	1.05917982055205	-2.49302508614819	1.81648039107324
teke1275	-0.0465149067596284	1.06945143291996	-2.28556045877758	2.10113984837346
tekt1235	-0.467133080576305	1.07791954972619	-2.84399441117782	1.4998736747041
telu1262	0.16106294541565	1.07277373535429	-1.98828153929237	2.42915444183586
temb1272	-0.212786807683181	1.08762093120285	-2.55306182436957	1.92568605545659
temi1246	0.557851310201635	1.03187970297152	-1.27153845289194	2.86034661275052
temo1245	-0.507646908302051	1.05330342252175	-2.83142870810139	1.43745683401442
temp1235	0.324631906343877	0.93897994765135	-1.44086524275205	2.27807925576997
tene1248	0.256580718209636	1.01930789152522	-1.72966938312328	2.44430423058219
teng1272	-0.0898593918230359	1.0575327045131	-2.36207403068519	1.92090087253046
tenn1246	-0.231064873397146	1.0446975570344	-2.47744276939718	1.79328978482204
teop1238	-0.518030211225246	1.04275399006877	-2.80953469238213	1.34096596116164
tera1251	-0.168243764199598	1.02111488830333	-2.43104866475171	1.81185336223071
tere1279	-0.251579719577227	1.04395273871595	-2.59935062869783	1.75531064131907
teri1250	0.520121028247479	0.968864649110001	-1.24235416306673	2.6969367553032
term1237	-0.172838477158133	1.01270343996716	-2.32099953397819	1.79243637887702
tern1247	-0.141520366416338	1.08245443717919	-2.43551785596661	2.0142933949872
tete1251	-0.667800430049557	1.04755139549554	-3.07063017970298	1.15473106140097
teun1241	-0.143996139193364	1.04018912902914	-2.34961839549307	1.92924527750612
tezo1238	-0.560117890594305	1.04458595115339	-2.8904461043873	1.31122950335963
thad1238	1.1805974157199	1.10433895412248	-0.613048396974669	3.60212752828313
thak1245	0.991964513721692	1.06516033633383	-0.685920061594275	3.39342026063853
than1259	0.776308073466648	1.04077689542392	-1.00212904062796	3.15822644157301
thao1240	0.666804470794258	0.989861687472656	-1.1072357451926	2.79491436711863
thar1283	-0.15873663130281	1.0759519120053	-2.41988494367158	1.95499743545515
thul1246	0.49763336890358	0.937787789696642	-1.1837718231262	2.56537174837687
tibe1272	-0.323300200011409	0.982103510603811	-2.43175935376489	1.59931682154619
ticu1245	0.382587988034045	1.05006434824334	-1.56561360649969	2.66380281528693
tief1242	-0.342810913557215	0.996046010620364	-2.57670881154214	1.49271193948919
tief1244	-0.333254967240889	1.00329610351376	-2.59728207232013	1.55468380000795
tien1242	-0.0328552067967074	1.05989082201812	-2.25003128973543	2.07653199744284
tiga1245	-0.267159800252386	1.02136286201616	-2.53650570198342	1.69646273869314
tigo1236	0.872857273708981	1.06554072579827	-0.883687561897068	3.27979926371981
tika1246	0.276544521659865	1.02068530648858	-1.75918243967154	2.43456930254844
tiko1237	-0.0712525104430702	1.05848209825248	-2.27468084646357	2.08934848996903
tilu1238	0.793809152855104	0.933222203708623	-0.826727475183002	2.80706599506852
timn1235	-0.074372015172832	1.05590705370171	-2.31910273040823	2.08317627499309
timu1262	0.275286782077784	0.947126979122156	-1.52594564568861	2.23999934062898
tina1248	0.447451240780472	0.925148488846867	-1.24058307647085	2.46438316351007
tiri1258	0.599071548161106	0.997863684414194	-1.24871907989763	2.81902191249354
tiru1241	0.596433814619186	0.976046204737137	-1.11143418152293	2.7349636220303
tita1241	-0.179755974284874	1.00647227659731	-2.31227685285984	1.83468351777284
toab1237	-0.175204356204722	1.00989665037948	-2.24908878844429	1.79419608359868
toar1246	-0.0379357056828055	0.909402313856488	-1.89773903945818	1.78447708290158
toba1268	-0.394534951831564	1.04047290410409	-2.64127138379113	1.55294115136368
tobe1252	-0.23010128565533	1.07175697163511	-2.48451640630826	1.84132702796523
toda1252	0.264416082367776	1.04430325198052	-1.74962207686544	2.50750212568184
toho1245	-0.0105414978108763	1.01043467352696	-2.10018623196506	2.00121188087611
tojo1241	-0.416866007435199	1.07081776748493	-2.74911308222862	1.56380053015791
toke1240	-0.0454000596509029	1.06681980145961	-2.27359756573146	2.07629809186005
toll1241	0.447675099229602	1.0635774942475	-1.52861286223345	2.76256632813629
tolo1255	-0.251136401258037	0.980883832228961	-2.32110988134888	1.65458504409995
tomb1244	0.314445739129058	0.974384201807451	-1.5554809944283	2.4438913696525
tomm1242	0.580594587027309	1.07113849884013	-1.33052072271861	2.93760265955913
tond1249	0.510387687809947	1.0672646234605	-1.44605853595597	2.83781961256525
tong1308	-0.122704804101779	1.04464900628229	-2.37010018407211	1.91320784164896
tong1318	-0.0514438433048633	1.05119935559114	-2.27566887744962	2.06162842708219
tong1325	-0.0441363055320071	1.06411637787484	-2.27022755184739	2.12768863306341
toor1238	-0.122445823731134	1.00797308762801	-2.26392257849064	1.88592371974806
tora1259	-0.460755601735753	1.06195611723082	-2.77751700392195	1.48387489427084
tosk1239	0.59337826100719	1.05610162319635	-1.26839574081016	2.95061740673725
tote1238	-0.110251289127443	1.02670669345997	-2.30258571067373	1.90243650907591
toto1302	0.0123636354307115	0.909941483705566	-1.76635687388638	1.89274825283591
touo1238	-0.347991792328911	1.0097793484907	-2.55907159324075	1.54038554376912
trio1238	-0.194807691886359	1.02754490833863	-2.33646922621507	1.86007714297774
trum1247	0.792898069251042	1.05782665268524	-1.01083588413298	3.15663110483066
tsam1247	0.258641199124787	0.907833602592097	-1.53398379264563	2.19235566174864
tsat1238	-0.121824870637635	1.0656529388805	-2.41155519514241	2.00855692464279
tsha1245	0.406922458360548	0.920766354381411	-1.20880655509793	2.3244935841203
tsis1238	-0.122102959954427	1.06879002190565	-2.33867442123478	1.98177480521228
tsix1234	-0.0940419320496629	1.05932483691751	-2.27261588625272	2.07723563267049
tsog1243	-0.0767539786883814	1.06877632352959	-2.25280903256514	2.08790814466141
tswa1253	-0.187715824994589	1.05713843889415	-2.3914840229721	1.89294961773542
tswa1255	-0.0347952919368198	1.05385494567841	-2.18644920631758	2.09217008974683
tuca1252	0.969873977173092	1.02045117072231	-0.715545863214561	3.23428033641673
tuge1241	0.1622474665891	1.027255990078	-1.90848255770254	2.32821192543925
tugu1245	-0.208368341210605	1.07327282512492	-2.54256712804747	1.90285084724529
tuki1240	-0.0623365153337028	1.02963593613602	-2.20566496699214	1.96295375547869
tula1252	0.434243727565533	0.969983414972034	-1.35545604448829	2.53076983205408
tulu1258	0.125693618397515	1.07161225211882	-2.01857051988163	2.39093653075135
tuml1238	-0.268765299392426	0.963578480942372	-2.30729381477068	1.62132496621339
tumu1242	-0.178623285237113	1.04882208111995	-2.39420882176654	1.90624240912854
tune1261	-0.0359194358217612	0.979609877966909	-2.05602926226542	1.95208647165043
tung1290	-0.194539539369218	1.03926968485352	-2.42240721021199	1.8023017392255
tunn1238	-0.413340282995193	1.0178840232222	-2.55986958107319	1.45388913622245
turk1303	0.0677717289925396	1.08755424120693	-2.15937427639088	2.34786704110084
tusc1257	-0.196599075870767	1.06023493667649	-2.45792319228996	1.8938870542947
tutu1241	-0.309096328214569	0.9279707728171	-2.29866417359065	1.47728085173044
tuva1244	-0.0281951277663319	1.06651557579181	-2.22096555525815	2.09495326390299
tuvi1240	0.0281391549364185	1.04713496653883	-2.11309849078979	2.2220453702674
tuwa1243	0.463267873255231	0.861752073836132	-1.11338874256178	2.33380395590827
tuwu1238	-0.141523698642335	1.05036217986232	-2.34681665972757	1.94809327012695
ubir1237	-0.211544633513112	0.981915908293349	-2.3858306128979	1.63100240864636
udih1248	0.042317166008579	1.08017932617014	-2.19911794785874	2.3456450903614
udii1243	0.140145554992642	1.05562345326251	-1.96492403124639	2.36011710760449
ughe1237	-0.359155365048562	1.00813709359017	-2.55896335055917	1.54009453719035
ulch1241	0.187261068275564	1.09985610101239	-1.98004382829931	2.55766293291618
ulit1238	-0.0395686721524462	1.04585329318367	-2.19632221047522	2.01747500910204
ulwa1239	-0.354130016788277	1.04739477079654	-2.6756201955406	1.64474514121678
umaa1242	0.0163358181213635	1.00319939484274	-2.07131578409632	2.06329351481604
umbu1257	0.968001840713018	1.14703337484578	-0.931929118167137	3.57337003641749
umbu1258	0.652888429491221	0.944806491715035	-1.02064253611967	2.73345439432658
umes1235	0.0212548166444035	1.06270321477255	-2.24706302720588	2.20942308035152
unua1237	-0.455550364812383	0.911152511009953	-2.47548695639568	1.18944941448601
urak1238	-0.16133321339803	1.05642043104995	-2.40034734122584	1.87698934940671
urar1246	-0.108988338149322	1.03144030310458	-2.23050824844434	1.90895829652036
urav1235	0.349524217415604	0.944514431942314	-1.4779779499909	2.33025170643925
urim1252	-0.342203072197229	0.968640067151099	-2.42191062207063	1.48686644603133
urip1239	-0.44667705567145	0.934522889312829	-2.51472709877593	1.25905925130564
urni1239	-0.0169281138324622	1.01188430046978	-2.15168401343928	2.03294072334895
utes1238	-0.302495030937953	0.995168291698948	-2.4715049055725	1.59214580184053
uuuu1243	-0.485006053443688	0.977147678226589	-2.63275123475797	1.30864746683958
vano1237	-0.212842227054005	1.02784395249284	-2.42325857727839	1.85826072681897
veps1250	0.0140480264389868	1.0816804295862	-2.23637163008571	2.26775157542056
vera1241	-0.0729708530174912	0.983855288687403	-2.15565278283512	1.91229007961808
viem1243	-0.265046434719459	1.00653927328288	-2.40026197081263	1.68441415391087
viet1252	-0.171570111440784	1.06987081558395	-2.4453984184117	1.90942702129774
vinm1237	-0.467553873223115	0.92599530919155	-2.53179802499602	1.22293898703261
vunj1238	-0.19673120954255	1.05366635844825	-2.44436954573831	1.91065558355462
vure1239	-0.0656538440785208	0.983442374705743	-2.13787555626712	1.90722213040784
vwan1235	0.50358411013278	1.05266586591036	-1.36005318130339	2.78463170064236
wadj1254	0.00659952001713259	0.985088787107357	-2.00414841707547	1.99111695598412
wage1238	0.341740121212042	1.03936814231706	-1.63684740247178	2.57488315179194
waig1244	-0.393224940270647	1.06909896183858	-2.82670228306485	1.55140353855977
waim1251	0.0900301635993373	0.923005131397871	-1.79940573300097	2.02975912089132
waim1252	-0.222970145367543	1.03862061509968	-2.44933581733387	1.72691534432324
waim1253	-0.234410900851829	1.04812683445364	-2.51313030691488	1.77130094384559
waiw1244	-0.241234719381897	1.03039336449112	-2.45712471051098	1.74847508524679
waja1257	-0.384901064032087	1.01732855990273	-2.5829987824978	1.52196633343293
waja1259	0.32299242323776	0.954745724356766	-1.49165686896245	2.3501933105885
waka1274	-0.394450321961977	1.03623335501595	-2.71224749323606	1.49778252042762
wala1266	-0.195158514721036	0.984650141588789	-2.25889234737411	1.69906687306902
wall1257	-0.0293701087439392	1.07009562528292	-2.22182668493667	2.17324004730895
walm1241	-0.371000948119102	1.01107946883488	-2.55980747520318	1.50483810522685
wamb1257	0.772359933058928	0.933116360758562	-0.862694632821148	2.78580609745468
wand1267	-0.350782190345752	1.06492585236402	-2.68700671705324	1.67193570356999
wand1278	-0.745426806823672	1.08007385274747	-3.17824171876531	1.09469728313504
wang1291	0.495686487087142	1.03782490766885	-1.44428029824544	2.80400076046061
wanm1242	0.336890168134299	0.979034199014666	-1.52596116744744	2.45046923653662
waor1240	-0.0904906113051787	1.00856735446339	-2.19778574229387	1.92451604371144
wara1292	-0.341856657470279	1.03706190520904	-2.56845768431991	1.66056005145187
wara1294	0.576585220493047	1.06705593331656	-1.33792694130592	2.92055347842768
wara1300	0.875327292837851	1.08867129833383	-0.935160664722339	3.32634072447109
wara1303	-0.28075686553566	1.06236013600194	-2.60102706006852	1.78389552079626
ward1246	0.497192113160682	1.03651378101197	-1.407426462279	2.80844564321607
ware1253	0.0516681423845676	1.0189250868119	-2.09246362272436	2.109564489939
wari1268	-0.2563510107414	1.05817384358656	-2.54519878542378	1.78392907394416
warj1242	-0.00671873350368717	0.951602794724569	-1.99808357527763	1.91180122932505
warr1255	-0.157211371171192	0.95093742666713	-2.15971137849936	1.73313086940559
waru1265	0.394481750818065	0.995304091340133	-1.45173086633786	2.5570682172573
wash1253	0.273735780102768	1.00440579584499	-1.69868493381829	2.44639279414487
wawa1246	0.363267831110299	1.04724303868545	-1.68296195314144	2.65719314221757
waya1269	-0.114104060547044	1.05858430452125	-2.34580168650103	1.99623186093879
wayu1241	0.823952598604055	0.942639654447839	-0.793271615639146	2.82767333951869
wayu1243	0.588812648036487	0.999180438295777	-1.19332769541421	2.8384029139858
weda1241	-0.327969407228038	1.01090614810801	-2.59507254133989	1.55312400829737
wels1247	-0.364267993274279	1.01504027846622	-2.56894961217702	1.49370946575156
weri1253	0.110698082715312	0.882834058703951	-1.64512018983935	1.95238609285485
west2354	-0.398709435266915	1.03588318817525	-2.72443968832876	1.53176770100354
west2369	0.249343227216891	1.03072016177336	-1.69399751622209	2.50099198528852
west2386	0.355635833275011	1.0431087080956	-1.60518038718123	2.6439886295035
west2396	-0.521472540968123	1.04621675716583	-2.7754083915027	1.43328927170484
west2397	-0.276542257443774	1.04342487248745	-2.50536731616479	1.77712727758091
west2415	0.746532188632714	0.899539155947146	-0.804733060501679	2.71350725956631
west2418	0.953906155328437	1.05829804086937	-0.799131431558716	3.29931535086724
west2430	-0.231789526900492	1.06885374101368	-2.52003959908709	1.84275498520473
west2441	0.448520740441482	0.987796239273517	-1.36675511767529	2.6049705520534
west2466	-0.35858184816117	1.00154658890173	-2.61053958420909	1.52106404936449
west2516	0.0806979926248734	1.00076049956347	-1.97353557451787	2.1236774817691
west2519	-0.0926739161690908	1.07232297601944	-2.33489607780811	2.07113190551481
west2548	-0.167455560309356	1.05096067365525	-2.45728784243381	1.86509173488834
west2555	0.446056239580075	0.935217774169371	-1.29567982026801	2.47708623024192
west2557	0.560415938284552	1.03104484592081	-1.34918485033703	2.74414591843672
west2560	0.273602439427697	0.931840980424985	-1.50684363732193	2.20977676416072
west2594	0.245762926816155	1.00169834526712	-1.68666060701476	2.38431908119524
west2600	-0.17724594242156	1.09460369469468	-2.50892038610134	1.99776898974348
west2615	0.239485646643531	1.03898644875011	-1.81205605914588	2.45536970121864
west2624	-0.442509857204542	1.06104135991592	-2.72552849254658	1.52259377269226
west2632	0.000376705944397591	1.01280311677964	-2.08444885241976	2.08186625314811
west2635	-0.486670618839467	1.08765210875412	-2.85477917657033	1.46903449342322
west2644	0.145524428917743	0.98332322237746	-1.88753671846049	2.17121308002363
west2650	-0.219575210062952	1.03468136579744	-2.40253347682988	1.81445697798705
west2763	-0.349645893044031	0.998210795890625	-2.48531800637913	1.54089691620729
whit1269	0.731310114794314	0.984936875616751	-1.03545063627364	2.87800743691573
wikm1247	0.52276873771275	1.020259015566	-1.36128965509036	2.77442862065039
wira1262	-0.490965668459858	1.01708908569135	-2.6975145460476	1.35299790796207
wiru1244	0.322951234597572	0.917462608723014	-1.45380792133131	2.31650165776538
woii1237	-0.132777966306627	1.05974286886333	-2.38487118462815	1.96629376654027
wola1242	0.720316647554772	1.06038990078313	-1.09528165729107	3.13125718658747
wola1253	0.250376904250358	0.949811341942984	-1.59648404874551	2.28873112421057
wole1240	-0.0292767492479745	1.04487059659936	-2.22384835578397	2.07116846992884
woli1241	-0.127322998995713	1.05523767364924	-2.33194321471071	2.0294123904589
wood1236	-0.104028736093795	1.03915735458455	-2.25319404806396	2.00175696593248
wotu1240	-0.151977526921464	0.986408634490296	-2.2670839507261	1.82484092201745
woun1238	-0.123142689458353	0.972271304687804	-2.09188194463617	1.88239401307763
wuch1236	-0.268693000442656	1.02355409227798	-2.43344825450505	1.71512855149469
wudi1238	-0.0872570026488799	0.929540679925219	-2.03500011717363	1.79411109578835
wuna1249	-0.125624045056751	1.04848706059096	-2.33906474227844	1.96281438867802
wusa1235	-0.178787042775566	0.943878757501182	-2.17398724285586	1.64784150460188
wutu1241	0.642936012616121	1.02782215335231	-1.18233403410421	2.86454497012483
wuvu1239	-0.172819471777934	1.06576703516006	-2.39250094738246	2.0143729050302
wyan1247	-0.17176701944198	1.06904901676327	-2.36833027939286	1.93736395392917
xamt1239	0.574460310487361	1.04714384085198	-1.32058301356992	2.90667902990871
xara1244	0.533157133507736	0.983223298450632	-1.30187319849816	2.65723429470487
xhos1239	-0.0464643953846596	1.08977666042326	-2.33693733353339	2.12428561102172
xish1235	-0.681442980933063	1.02249447556521	-3.01179775186286	1.07528183962343
yaak1241	-0.352292175830655	1.03777618701866	-2.67000562222827	1.58023559393044
yaey1239	-0.346130152817065	1.06026465490281	-2.63085515512386	1.6605737417236
yagu1244	0.5138013126051	1.06376926638614	-1.43651623280505	2.84312266272719
yaka1269	0.0209603612061137	1.04110939593518	-2.05585999792475	2.19188704042549
yaka1272	-0.172962791771986	1.04375437219329	-2.3606815929651	1.85547671016281
yaka1277	0.868439642743443	1.0998711083988	-0.975713982478018	3.37341695707424
yaki1237	0.111708996019102	1.0328643778107	-2.00196686354068	2.27712152256103
yakk1236	0.188645029302311	0.881053330151437	-1.55015602309637	2.04731011895844
yako1252	-0.0992239624884947	1.05890230928808	-2.31791640280862	1.9834680343599
yaku1245	0.0315694156332705	1.09434169346848	-2.21592238435668	2.33236030057834
yale1246	-0.261233726859544	0.919505292811729	-2.1918856761711	1.53944440032333
yami1254	1.03867792778042	1.08753278296158	-0.71629297510734	3.51235476221017
yami1256	0.154278268510785	1.02140932946922	-1.8385716705713	2.27813391229873
yamp1242	0.804197193399288	0.99159564661219	-0.847095038203267	3.0049746403307
yand1253	-0.379627041688139	1.0236251491465	-2.64892412874864	1.55856356184478
yane1238	-0.368407582146364	0.965601252864277	-2.46110533377548	1.41445059289566
yank1247	-0.429310495378797	1.01475356856843	-2.63317579619501	1.48623671959548
yano1261	0.242466113736986	1.01286595409618	-1.76331133262495	2.39698628383344
yano1262	-0.385769120291641	1.04430786750605	-2.67403404337226	1.5866778074796
yaoo1241	-0.0413463606995125	1.06548337780369	-2.23852886376895	2.0583937117095
yapu1240	-0.340842561038595	0.965113962262396	-2.41977867801022	1.50147807965147
yaqu1251	0.58356361187279	1.01804388071965	-1.22971056151689	2.76919188575383
yare1248	0.0906358584287191	0.928084139650483	-1.7739513236302	1.98231404448264
yasa1242	-0.126676162808389	1.06920162479214	-2.44832172209738	1.97095003516863
yatz1235	-0.618616471583636	1.05063882525404	-2.98733613914957	1.27327908713982
yaul1241	0.609670089598715	0.952385617718375	-1.08979582395529	2.72920428316396
yaum1237	0.101142093077654	0.852491193502228	-1.62496796542243	1.870434524465
yawa1260	0.194556305580598	1.03026448841319	-1.82204783346995	2.41743791598686
yawu1244	0.162008707804364	1.02466614442126	-1.86876654025263	2.38375023848318
yecu1235	-0.652138997248686	1.04193081840194	-2.93624272102207	1.22063860773504
yele1255	0.163573832450722	1.0283970266057	-1.93988134074761	2.37688360041327
yems1235	0.348804151697078	0.965489263862776	-1.47089014979092	2.44721246974825
yinc1238	-0.713780243777152	1.04935705385178	-3.10402574090068	1.08995541437397
yind1247	0.69010814524511	1.03519976142505	-1.14185550352606	3.01216218060883
yoga1237	0.271694099843837	0.906390800497681	-1.48518654202318	2.23750351201494
yoku1256	0.261164483899253	0.98858843623735	-1.66559064198605	2.38319381372161
yona1241	0.192587625555798	1.00952195575261	-1.8460074756229	2.33845187236263
yong1270	-0.458066869932016	0.984147956664432	-2.57075697905868	1.35590547690765
yong1280	0.267769275662428	0.980987214653497	-1.59756316774025	2.37429621227285
yora1241	0.0461297320150928	1.04592524310406	-2.0077203413546	2.20267595383139
youl1235	-0.896494129810266	1.0251232650277	-3.16384689544209	0.811282634631446
youn1235	-0.157440582188505	1.07649029707343	-2.44653044782537	1.99425343854019
yuca1254	-0.127393455317092	1.06095904122124	-2.38880830374094	1.95479851031325
yuch1247	-0.26797693653578	1.0723207761497	-2.59682335251936	1.79775722682176
yucu1253	-0.175462726861349	0.987062183781262	-2.24459933570586	1.73683421430143
yuec1235	-0.339683599407762	1.01618713134249	-2.5573798316127	1.55698669781996
yulp1239	0.0860811789165501	0.955651109990315	-1.80910964977518	2.07347465005373
yulu1243	0.728411427056653	1.09776934516206	-1.16035755532275	3.23543575712002
yura1255	-0.289252237537532	1.06419010854689	-2.57893358330096	1.74865551361744
zaca1241	-0.830248427237	1.05221454002233	-3.23146242993507	0.912340553989652
zaca1242	0.162510165058875	0.983333534509055	-1.83321338570386	2.1760591491168
zagh1240	-0.357272128105515	1.0578331339198	-2.6633952873928	1.61919818295191
zaiw1241	-0.825741666438166	1.07451369629081	-3.2753719174175	1.01484798806462
zakh1243	-0.316318621418367	0.906988120363129	-2.24419444229076	1.41298776092532
zamb1245	-0.234262149390193	1.03708820978701	-2.49614824901461	1.742941355333
zarm1239	-0.10419199302734	1.04449870828751	-2.27497959011473	1.96130751533944
zaye1235	-0.675156326029538	1.05264227152939	-3.08067965707918	1.13110988412483
zays1235	0.576876137111819	0.990764005348432	-1.15819861159775	2.76514293308798
zeme1240	1.36830059424608	1.05895842676762	-0.302607046687142	3.70362143383776
zenz1235	0.10096578939291	0.987570337768282	-1.94917727023101	2.14689500537012
zhab1238	0.151350765509672	0.936960825500999	-1.7306593835862	2.0944324371445
zigu1244	-0.179425875918584	1.08900644199903	-2.51930712788453	1.96529834362543
zinz1238	-0.135570374628598	1.06185787560707	-2.39358902817316	1.93226900246413
zoog1238	-0.613577528609161	1.04979391074826	-3.01445482541412	1.26905417868551
zulg1242	-0.759345248274097	1.06670144792252	-3.2229062901805	1.06493583098152
zuni1245	0.380263349973166	1.03823500197714	-1.52366051000797	2.64557496378703
