Estimate	Est.Error	Q2.5	Q97.5
abkh1244	-0.261022435547127	1.42556843870287	-3.227683042081	2.53281733497435
abua1245	0.330922160380575	1.2660822393385	-2.10699754721579	2.89733676989495
abun1252	-0.401816091261839	1.38705289785721	-3.25681891153186	2.33001572822095
acha1249	-1.30804152937935	1.33942795669094	-4.21830824098155	0.993004249870922
acha1250	-0.545305993827769	1.33514625884676	-3.35311556238098	1.98895273780469
ache1246	-0.270509374457314	1.38330089481634	-3.13147703336294	2.46684400545002
achi1256	0.396366879292385	1.36246022722593	-2.19080117123025	3.30840158199613
achi1257	0.296203062446425	1.21499745385372	-2.03140174368372	2.79758484131332
achu1248	0.28175554784101	1.41611434930469	-2.49981857128506	3.18744432132501
acol1236	-0.561913213230187	1.40403834209806	-3.51018004195	2.15533708974474
adan1251	-1.55609128858835	1.32911972666964	-4.36484947191726	0.72174793748699
adny1235	-0.77398216774956	1.33869406462928	-3.66291212191009	1.62276318505002
adon1237	0.04152519479914	1.22189305343276	-2.39653451978563	2.62286921970267
adze1240	0.926154131147482	1.15911925898324	-1.21947873522114	3.35988002362866
afar1241	0.220632106119401	1.38758871642265	-2.49332133001877	3.1477071175547
aghe1239	-0.2805960084936	1.23590524098168	-2.8974610573147	2.15032361348762
aghu1255	-0.711150210522465	1.36214935570182	-3.58540604015629	1.84099164952959
agob1244	0.715392134872497	1.4446671089941	-1.9521533294605	3.82658991823373
agua1253	0.357516040024485	1.38610372133694	-2.33051622866947	3.31622188383736
agus1235	0.312226867736127	1.20859694005342	-2.05691080998361	2.85458464601769
agut1237	-0.486324709951133	1.13285344691527	-2.94701125453912	1.65846377029527
aheu1239	-0.43003039495313	1.42820770747079	-3.54682500059396	2.23994620598873
aime1238	0.580805075665025	1.35724260111269	-1.93575832956401	3.50232253499561
ainu1240	0.157198662545717	1.43971520605043	-2.66535773638329	3.13888299048498
ajab1235	-0.464275156401649	1.40706434937135	-3.51177718891958	2.18069673311111
akei1237	1.05141765898443	1.18554770111167	-1.09696426859998	3.54614280511718
akha1245	-1.29924376221972	1.31666138643086	-4.16099840520354	0.989325291948545
akoo1248	0.131783368863076	1.24093619122376	-2.35511969306223	2.56767341647921
akun1241	-0.570794762320521	1.41484954898187	-3.5755467811195	2.12404713672807
alab1237	-0.281053233612316	1.40185180538421	-3.14860763916916	2.43925664762374
alab1254	0.724170997402442	1.37049499743327	-1.83729778902716	3.61772624593826
alac1244	0.318500079264751	1.19855926025445	-1.99028182533358	2.84639707522473
alag1248	-0.375058175805763	1.26641859880768	-2.97321997398824	2.14338174376687
alba1269	-1.25972253430137	1.37990793113801	-4.35471174726077	1.05559455965346
aleu1260	0.232269486249662	1.39908975129706	-2.39163905344078	3.07108948138327
alor1247	-1.44167112458949	1.29052675810908	-4.20998026440595	0.795901970530034
aluk1238	0.103660727176644	1.42870332978283	-2.76943742217186	2.99283838349588
amah1246	-0.654996249783749	1.28287482220695	-3.35452623893947	1.77668471099286
amam1246	0.601262610340418	1.24211040109333	-1.78950302632613	3.13371717125588
amap1240	0.638195551141801	1.26906284125885	-1.74246823017382	3.28696617840591
amar1272	1.22673372971515	1.37168565571976	-1.15157962470125	4.32809161409518
amar1274	0.478339975302375	1.40919193433169	-2.26548100974057	3.43673214609364
amas1236	-0.35815953159714	1.42732443528128	-3.30173700442858	2.49940638063072
amdo1237	0.564014749385209	1.32144413648804	-1.91142765213675	3.46625254231982
amii1238	-0.174688455513276	1.35230925851764	-2.91656614501228	2.45754561092722
anei1239	0.628815363300882	1.2675049689108	-1.67212156867061	3.42105892740732
anfi1235	-0.495063129098543	1.33883187394058	-3.29330069282978	2.04945500455456
anga1288	0.667976715109016	1.10917960587478	-1.45409789720683	2.92950778443185
ango1257	-0.805880780959686	1.37522621281531	-3.69714912996242	1.70857224777499
anuf1239	0.115798208788201	1.29798042994698	-2.52208153825322	2.80480013205724
anut1237	-0.729531323683677	1.3286861665791	-3.52638260244058	1.67303987312891
anuu1241	0.0195976627832088	1.15057174281393	-2.27107236572315	2.28448700207245
aona1235	-0.39809201869543	1.14932942139625	-2.80737903649556	1.74270856438287
aoua1234	-0.50459840945651	1.40568306418161	-3.46425109047298	2.16651496186127
apin1244	0.897006829820379	1.3631978941577	-1.62235610574976	3.76440808007814
apma1240	0.631283945405772	1.05411728419971	-1.39437184757598	2.79835598608697
apur1254	-0.778370050673728	1.42076695342128	-3.90650181979251	1.76598683858587
arak1252	1.06344428526721	1.15017325565929	-0.992440381321458	3.50194387820625
arao1248	0.813882407048279	1.35083308728301	-1.70990982834951	3.62611338942147
arap1274	0.447533911263076	1.36103246992803	-2.14410578215897	3.32852225455491
araw1273	-0.217194390350712	1.41082039404249	-3.21636499046889	2.55398442846357
arbo1245	-0.623217013111778	1.19644426451998	-3.09996965846271	1.69501507238636
area1240	0.880541824921107	1.30353106705201	-1.49794013825825	3.74446357057443
argo1244	-0.843436162387428	1.40469446358324	-3.8633798774074	1.76806798730682
arik1265	-0.609909839290365	1.36764610335736	-3.55445602485711	1.9515973328347
arom1237	0.194220853758752	1.20390053072851	-2.19021649592417	2.66256875910975
arop1242	0.540900851135517	1.2883495525129	-1.86926453252971	3.26342805259901
arop1243	1.3225603235834	1.36629956700919	-1.0820300958044	4.2418047593844
arta1239	0.288374597507813	1.05382811527507	-1.77880522059088	2.42139844637099
ashe1272	-0.428708179453683	1.31010454738711	-3.16105329595867	2.05601847053622
assi1247	-0.445048474411092	1.33100459475121	-3.21733226981276	2.02487950567581
asur1254	1.20951922462897	1.3769556915847	-1.24681134627294	4.20569893020377
asut1235	0.267073596019391	1.24187816767084	-2.14154463027858	2.83913182217435
atam1240	-1.09194703328968	1.24675796792262	-3.83855100015807	1.12385024346099
athp1241	1.10631838787325	1.23071070485961	-1.16577565773744	3.78941533027012
atii1237	-1.2012035514673	1.35376835257453	-4.20922489612176	1.17188606213481
aton1241	1.04587300916983	1.28527384410188	-1.28533051057832	3.83036937870888
aulu1238	0.694538332723396	0.961652518806123	-1.14269570601535	2.66417926358032
auuu1241	0.416138346869653	1.22779357357403	-1.92791676770376	2.94729546078495
auye1238	-0.850096130768738	1.28815112090138	-3.61867289105535	1.48696966274279
avac1239	-0.163839961517848	1.36020196177206	-2.93934717859218	2.48136901485927
avok1242	0.0442086690206309	1.27649709754403	-2.51242206089957	2.57699377686924
awad1243	-0.289900624597298	1.27672228587743	-2.85870948765207	2.26016659662936
awad1244	1.49691624141801	1.31278981862671	-0.80068752708587	4.39304054848763
awap1236	0.943252691620766	1.22684822933624	-1.31316354408054	3.4890460399703
awar1249	0.580753336490647	1.23399953126581	-1.76257200511419	3.1959364680039
awji1241	0.28728134270595	1.36733082573148	-2.35994863776807	3.13148829105589
awtu1239	0.645844889005373	1.24123279383501	-1.66167263853865	3.30902950137055
axam1237	0.726443637578609	0.98718432086846	-1.15888529592033	2.73783418265485
axiy1235	-1.27450796760521	1.3877051562814	-4.33700309903983	1.1334179340823
ayac1239	0.105267453043403	1.38248268437183	-2.62295325754378	2.96557354628998
ayiw1239	0.87171172285363	1.218853255143	-1.34463203764486	3.45760115041914
azha1235	-1.22414461371241	1.35972664988219	-4.23527593229689	1.14691993415279
baba1266	-0.063262937302263	1.21663647278643	-2.51552584220084	2.33901392332121
baba1268	0.512092781790586	1.36859937508203	-2.01140534341134	3.41056519320616
babi1235	-0.288042915261804	1.31588109723144	-3.05250900604251	2.21737556963294
bafa1247	-0.120010951450811	1.25267250818794	-2.67012111131721	2.32010063072611
bafi1243	-0.0959826632139219	1.25331948711071	-2.66782979999718	2.36401006087936
bafu1246	-0.20523119573269	1.22147657596192	-2.69139588482927	2.23206418795014
bahi1252	1.75168522034714	1.312352977638	-0.493690045619143	4.60530225620562
bahn1262	-0.962071169387415	1.43415345525688	-4.04367386909489	1.65379475816081
baik1238	-1.50672732698917	1.34482355554484	-4.44272166444522	0.841494642858855
baim1244	-0.811378020526966	1.25658788139487	-3.55061645129604	1.44916227225465
baki1244	1.05589349500995	1.0701838239399	-0.851513267846839	3.27782817016394
bala1311	-0.637659886346276	1.27773636215061	-3.35365364643831	1.72741153014715
bala1315	0.350717571081853	1.34337942801037	-2.22006600491682	3.1583613787095
bala1316	0.704809426785111	1.28370981324598	-1.62468200957967	3.45693387220505
bali1278	0.594870741562708	1.37718080542897	-2.02943399608273	3.5094810639066
balu1257	0.89888101114102	1.34909512771486	-1.40134108496952	3.8914427738135
bamb1270	0.65895811023401	1.35492309258763	-1.86929777950049	3.49391957309444
bamu1253	0.235790769225883	1.24722448401785	-2.25189844412407	2.76902862225042
band1344	-0.441244164509137	1.33562649306206	-3.20762012244806	2.11161093592098
bang1369	-0.458397236331563	1.27538117518391	-3.04130271194306	1.96788797275566
bant1281	1.30515015796489	1.26053323375442	-0.976243798954885	4.00030295086573
bara1357	1.28090931179916	1.23382652830007	-0.865588945210965	3.97632073027363
bara1369	0.424356298801972	1.3734271694103	-2.09930281740982	3.2696044368557
bara1380	-0.601421167666052	1.34912602993849	-3.41588944965985	1.88637186377484
bare1276	0.93649828143324	1.34721041677665	-1.49818893545238	3.80224343446638
barg1252	1.33715361910174	1.30472363703571	-0.929971687215993	4.15993527416801
bari1286	1.2241372864302	1.37287439185423	-1.16173226204022	4.29183933682103
baro1253	0.680637801758673	1.24024429969982	-1.5887657028232	3.35256636597576
basa1282	-0.293256345270096	1.33910228340647	-3.06025569609027	2.32511268618
bash1264	0.0368033424220619	1.48690450411509	-2.98252355740566	3.16355560534877
basq1248	0.206806571930975	1.44049205797976	-2.64232760985435	3.2145896142998
bata1289	0.644343133370512	1.34303284498569	-1.81641238784871	3.53902243175178
baur1253	-0.540336896122254	1.3663629185386	-3.48140431664232	2.09960229678574
bawm1236	-0.413785910961327	1.17332830805505	-2.8441860881228	1.86922692154995
bebe1248	-0.0917180114216821	1.34067486353922	-2.88778739001966	2.58587305314497
beem1239	-0.241597686235409	1.43319436716108	-3.35295756547782	2.54150966072625
beka1241	0.0741682587022212	1.30461131647931	-2.48001443500126	2.77232207425052
bekw1241	-0.449887476890028	1.33280070948206	-3.29029070354317	2.12243885596934
bela1254	0.183874548438835	1.36787493789279	-2.5435190824722	3.01372103816961
belh1239	1.12624442714017	1.23595857856242	-1.1877011580561	3.75671117827834
bell1243	0.258357819009001	1.40414677981145	-2.46375170481852	3.2365331249406
belu1239	-0.396318730721487	1.33744185132299	-3.19302687643486	2.14979326257641
bemb1257	-0.206214197275092	1.42447039271086	-3.05944435825827	2.55947653210706
bhoj1244	0.86494568658899	1.32098511836778	-1.55784634004154	3.67386034247112
biaf1240	-0.376983502093629	1.36038223512336	-3.2171436673695	2.3206253847106
bian1252	0.319795868818912	1.13115632676834	-1.89970938527825	2.60292778644777
biao1253	1.08075558886813	1.36418427147465	-1.35876991491874	4.11854572384826
biao1254	-0.15298196498575	1.39866454242219	-3.01208269947402	2.64441806038346
biao1256	0.522189702928866	1.39103768569408	-2.18680703534298	3.38700437640445
bier1244	1.02780385414003	1.05801095283679	-0.882500983487784	3.21897947728406
bign1238	0.722871687404499	0.980854961579566	-1.13684279108902	2.71810204460575
biha1246	-1.19878875190042	1.377238369468	-4.21938257948531	1.23228074097104
bila1255	-0.413188034540223	1.3348063155562	-3.24714096574051	2.10547779233504
bilb1241	1.43610931234582	1.27187617181553	-0.778573099166906	4.20014090703013
bili1260	0.283331881261698	1.38222348020131	-2.39652557760671	3.15204643545225
bimi1240	-0.222205573312108	1.24454681170553	-2.84272751843213	2.12213827310037
bina1277	1.25358662264088	1.3507653830851	-1.11922299058374	4.17306330367287
bini1246	-0.398162174656269	1.4019951452709	-3.34205501451084	2.25462901851097
bisu1244	-1.02735894841343	1.29199400476324	-3.87167134802322	1.23718436347145
bitt1240	-1.26991526248885	1.38629529234783	-4.3039482426247	1.15342519850438
blab1237	0.43418747583973	1.32078255910569	-2.06004295691715	3.22582057044033
blan1242	-0.0688223273177563	1.22183252482558	-2.52249533666576	2.39581407483305
bobo1255	0.237046476567571	1.31056582704445	-2.25590619249807	2.96904141803638
boht1238	0.430120566721618	1.35830372691008	-2.17633248800357	3.26088743688489
boka1249	-0.535860059875168	1.26134514830616	-3.13584020612384	1.83990229060777
bola1250	1.05379252795569	1.3765717405242	-1.38164844456596	4.11064671352414
boly1239	-0.856400938673305	1.39719648687272	-3.82796555853257	1.61518165005589
bomb1262	-0.246054652290903	1.37374997317878	-3.15811736732804	2.39609015886866
bond1247	0.993988430163655	1.30576341517869	-1.39133956978113	3.80243920429599
bong1289	-0.988457520386269	1.30638791854745	-3.78759578114029	1.30545408558695
bora1263	-0.787034279391597	1.42873045292395	-3.78874583490496	1.89527029129188
boro1277	0.528353646805714	1.3453931616925	-2.08486763571932	3.32504562766875
boro1282	-0.397283028526117	1.38518832673325	-3.30280026606302	2.23518778228072
boto1242	-1.31466166514671	1.30027825337736	-4.17528501484811	0.915405280149408
boun1243	-0.565397465914264	1.38852780444703	-3.3795263562559	2.04186664397283
boun1245	0.653444979542409	1.18813388993536	-1.56680750302175	3.17046359506637
bret1244	-0.674769093907058	1.28857478879694	-3.45213500681037	1.72988485118455
bube1242	-0.228159292690156	1.33429196809599	-2.96338934108499	2.40241678535971
budu1265	0.073941402580311	1.23969360614818	-2.40360191529913	2.63092331432268
buga1247	-0.940708022378811	1.3760990831409	-3.89436958581668	1.56251494695681
buga1250	0.552362858093097	1.16887482566429	-1.75324287122003	2.89621743392356
bugi1244	0.805159901846876	1.38363791331322	-1.75731699259205	3.76502893753772
bujh1238	0.770273936726963	1.1336782881037	-1.35132517098105	3.1293219519961
bull1247	-0.370472870288842	1.44323562544125	-3.46620015011606	2.39669855806728
bulo1242	-0.770562912349742	1.42562604543776	-3.9145021856292	1.89769149472355
bulu1251	-0.415224343331748	1.4119731555989	-3.4316780943806	2.31517046549808
bumt1240	0.588934339296348	1.24857918124991	-1.803254073381	3.22174685057097
bure1242	0.565020763613103	1.20605189028901	-1.79302302912354	3.05299895234121
burj1242	0.254451761274348	1.36360775998061	-2.36151301451789	3.09394071853648
buru1320	-0.757314606472247	1.3131011356795	-3.46939624437253	1.77878202110385
busa1253	-0.218722492224039	1.43627717071678	-3.15182932145727	2.58106514355128
buwa1243	-0.312827895016693	1.11554178406087	-2.60537001054953	1.82032337409615
bwai1242	1.01435306896912	1.36527431525819	-1.39622532369411	3.90749039460674
bwat1240	0.357072513747279	1.24505870979426	-2.06496872801331	2.97929632283586
byan1241	-0.0791702196092727	1.2198818784672	-2.56132677598876	2.3440978819645
caac1237	0.67984804869338	1.2900120520068	-1.73862256995761	3.47785199229816
cabe1245	0.469280637985587	1.32581223679954	-2.11916663576582	3.28458158347523
cacu1241	0.250319455263658	1.21959152597616	-2.12003912539046	2.84839302918561
cakf1236	0.704592747336937	1.22925034750255	-1.55793979548772	3.3236017587391
caml1239	1.56786832914264	1.29431277910935	-0.726676028287283	4.31687105127207
camp1261	-0.474659952294894	1.32473929197238	-3.28042989825733	1.97001287307399
cane1242	0.874082235264706	1.38286719253149	-1.58696276672207	3.85619525826843
caom1238	-0.555015943169585	1.39889216279493	-3.52941898361896	2.08166074105798
capa1241	-0.632544729569349	1.28553815350499	-3.32216689762496	1.79751454134205
carn1240	1.11611502248033	1.3548518654903	-1.28752064308715	4.02253090781988
cash1251	0.460186479761049	1.3714105947184	-2.10002516640931	3.36345540284873
casi1235	0.0255929162221396	1.11518985041152	-2.19227740008091	2.26566347110055
cemu1238	0.485508997948196	1.25077559063811	-1.88302222351382	3.07759211634924
cent1989	-0.716646567750809	1.37815339170082	-3.5888315173509	1.82521285343343
cent1990	0.105766973377175	1.36324942650314	-2.6074097353624	2.81233025415875
cent2004	-1.52401785808206	1.37279650856865	-4.55788666123307	0.860322560325587
cent2050	0.192504038230922	1.31935384339318	-2.36531922879805	2.94421575387181
cent2084	0.0788126705519144	1.157966056224	-2.28813613448605	2.39631837642109
cent2087	-1.08480825857077	1.36997425366185	-4.10823267885625	1.28304741380186
cent2090	-0.608776829895834	1.20765021056817	-3.22271830546328	1.6129544043045
cent2091	-0.858481594463216	1.35281304027049	-3.79305276588969	1.58011103699404
cent2100	-0.474801834910544	1.14724312165338	-2.85711254519489	1.71908700644442
cent2126	0.109943805254054	1.44481443320845	-2.74645804718528	3.06305083113378
cent2127	0.202264168301197	1.39580971259086	-2.52595179524849	3.17091735416129
cent2131	0.857264989275934	1.38182542598108	-1.68734252434569	3.80882694304873
cent2140	0.331044489943412	1.31258352431298	-2.23585787938688	3.06645219113007
cent2142	0.424094842299523	1.4215633741842	-2.24020475251799	3.44533260707871
cent2292	0.468999632653301	1.08165456601627	-1.64830423684789	2.71297262944696
cent2314	-0.609876944396387	1.40098272715754	-3.62291257099567	2.00644323019105
cent2322	0.154793039403073	1.39746202110736	-2.59394540726604	3.10121925583039
chac1251	0.713148472441934	1.30589983708239	-1.69001377482643	3.54653513039771
chak1270	0.268324746832991	1.17545010138849	-2.03227538196865	2.69045793163551
chak1271	-0.758902054646574	1.37368150356067	-3.70491617649673	1.72374607999877
chal1275	0.378702458185512	1.40877614393899	-2.27226917270178	3.38170852325509
cham1312	0.4511616201447	1.32494105391697	-2.09877359405221	3.23529015588898
cham1315	-0.669298950829788	1.41647491286185	-3.69191207582698	1.99749121320034
char1269	-0.82666721035443	1.29296547218638	-3.55650454850882	1.56538293323436
chas1234	-1.64854648781623	1.4009330847906	-4.68819459874488	0.73199872655894
chen1255	0.134200479939807	1.46233375488796	-2.76951643570984	3.11348492955995
chep1245	1.19938807482609	1.17031083594168	-0.904835416560709	3.70880144910587
cher1273	-0.331430484641278	1.4250117795635	-3.32416020966212	2.35624446986436
chic1270	-0.450600394081023	1.40142570794585	-3.39710483059646	2.19079546487106
chil1280	-0.231958777720561	1.31247018510394	-2.96254531080721	2.3111106538602
chim1302	0.313365429632793	1.43594029727533	-2.45137481155991	3.22755180517236
chip1241	-0.95367038868622	1.34695080773194	-3.85180746170972	1.49967286117722
chip1261	-0.495421158475549	1.37622110435649	-3.44975977867192	2.09671386310812
chiq1248	0.37386874806122	1.43929815328628	-2.36982507254971	3.43871092204688
chir1283	0.872693270903179	1.11955020095871	-1.16621560897936	3.14927831298782
choc1275	0.799038655624854	1.26454930290531	-1.54453601854005	3.49961622593934
choc1276	-0.416785750354865	1.41268880859648	-3.30611112103575	2.27704706745003
chon1284	-0.650966676768782	1.39337819440413	-3.70251622911382	1.93614206707422
chot1239	0.965533258895326	1.10114411379689	-1.05239829279737	3.23805841274592
chra1242	-0.531663005238432	1.38800960949882	-3.43230128231949	2.10971047898188
chug1252	0.557050859498598	1.2358892608928	-1.66523718519458	3.21982741640679
chuj1250	-0.135641844663939	1.25624183002476	-2.71112655318696	2.36707057529296
chuk1273	0.20660170099547	1.40904866003919	-2.61560522100369	3.14951477447002
chuu1238	0.163413484786788	1.38730152975353	-2.52860330199704	3.07284283854018
chuv1255	0.187163335937592	1.39744916847392	-2.55108317776692	3.07871103841468
chuw1238	-0.188823335457703	1.40632832334641	-3.03770881557307	2.528723852766
cici1237	-0.227280338424599	1.34633809053808	-3.00024352463553	2.41001527954817
coat1243	-0.968706340950928	1.26088805619241	-3.56406428253037	1.42654056132105
coca1259	-0.490011304325633	1.41426564348376	-3.45442555432604	2.15982282753518
coeu1236	-1.0408597504539	1.34120338409037	-3.92020165832431	1.3551737547558
cofa1242	0.678883846768563	1.3369311660013	-1.81117942255417	3.48665833663621
cogu1240	0.700142881290405	1.32576016700142	-1.76239532843609	3.52505710880636
colu1241	0.0445938446129941	1.36364081201203	-2.65518946024563	2.87155881841653
coma1245	0.268219548795716	1.34049284199972	-2.38114403754056	2.95863163826204
como1259	0.464320140595329	1.34101812847561	-2.10402403041471	3.31756734868
cori1240	0.887658536067226	1.32864207775659	-1.51496673463062	3.71439587575825
cors1241	-0.536894629352501	1.36372770501788	-3.44247178665021	1.99204991890187
cosa1234	-1.39512630310712	1.34361981331859	-4.32518651256892	0.921770704872231
cota1241	-0.030698622794435	1.09264766564127	-2.21543796677865	2.13981322674328
cree1270	-0.375849142883324	1.41117443671994	-3.3217188523629	2.4299049150631
crim1257	0.00588738776981921	1.42735699388252	-2.84883367877257	2.95095067420741
cros1244	-0.507513841387962	1.30191361474848	-3.27001305627741	1.95662858751616
crow1244	-0.477702094232094	1.38604830855183	-3.35213358251567	2.08152581848637
cube1242	0.469241496718277	1.28050537528957	-1.98821578630214	3.15874759131896
culi1244	0.795986477364226	1.37186053233991	-1.71088444162896	3.74262936711847
cusc1236	0.233040886798259	1.42427623307065	-2.57698368897839	3.16732146279414
czec1258	0.420930763638031	1.35388801486693	-2.11644847310775	3.36946340733311
daai1236	0.719104254072725	1.13976347759523	-1.40414990526295	3.06869465794416
daak1235	-0.0614371069012679	1.26556325846761	-2.52624607155972	2.563992699975
daas1238	-0.367973331757845	1.27279112508634	-2.97157691942246	2.12333886423997
dadi1250	0.832729211505113	1.28054092491781	-1.54907789781572	3.60683617545881
dagb1246	-0.511651268424636	1.32720812922718	-3.31115789877792	1.99756751182977
dagi1241	-0.0501260699721373	1.44120883620411	-3.00577006052067	2.7898838989243
daka1243	0.756872958495114	0.990496907573451	-1.13749978998817	2.76746172026101
dana1252	-1.13539100004925	1.34076241523719	-4.00293771793545	1.26638470920926
dand1238	0.147215365733391	1.44169065394089	-2.694862601146	3.16920102457683
dani1285	0.337309338916909	1.40145150109718	-2.33380295779946	3.19795868898383
dara1250	0.661182978399008	1.20786164542747	-1.60865371298608	3.15087475396215
darl1243	0.641129767651342	1.34174683324754	-1.86974340670579	3.39517288347511
darm1243	-0.112396012437811	1.22517653391387	-2.63493032164561	2.2950151263392
dawr1236	-0.145671273715808	1.32166190098435	-2.7788822018686	2.50005894786619
daza1242	0.0755526812798845	1.47236684606457	-2.82752369645845	3.02744599144311
dege1246	0.0437185729195305	1.30241416578275	-2.54061095921007	2.59625793281256
dera1248	1.36035637773731	1.21727836567911	-0.825409193278898	4.01615886513278
desa1247	0.189158006074739	1.22693708118741	-2.17734385230364	2.73799217630025
dhao1237	-1.03504204448779	1.25921734221621	-3.68858084671799	1.28869838338508
dhar1247	-0.575832772601142	1.35370951129456	-3.44017170013755	1.97878709927856
dhim1246	1.30668434658029	1.33622106470793	-1.07001350131524	4.24510158918326
dier1241	-0.77650839137907	1.37895561872187	-3.76385715406513	1.76717456636164
diga1241	-1.19558355284182	1.30434563743102	-3.99079264070617	1.12364359564389
digo1243	1.28483382916408	1.34908267502997	-1.11620531739143	4.18996237367095
dima1251	0.793356574261339	1.2014384256879	-1.45792998390388	3.38055411519886
diri1252	-0.165069678084744	1.42436656683003	-3.11259071382311	2.62195724073593
djam1255	0.0699220214873428	1.40090165212422	-2.80769030471359	2.94546674627824
djee1236	0.705026418007461	1.36424241580108	-1.80823322573518	3.57699300593798
djeo1235	-0.28413669296948	1.33907863567939	-3.00898856524479	2.32029119864873
djin1253	0.819919793328383	1.37759123028656	-1.73540089135378	3.78967760552412
dobu1241	0.878166468324562	1.35503815016866	-1.53962825944411	3.76446594599198
doma1260	0.515588470085885	1.35638723909566	-2.13064254875162	3.33348826385458
domm1246	1.05505683967513	1.24585553097927	-1.20009465172976	3.71901288875942
drun1238	-1.21484939610565	1.35137705717729	-4.10281056352015	1.2752355848854
dual1243	-0.251382749826181	1.27576221016186	-2.91573622657627	2.31605086293435
dumb1241	0.0852443516983004	1.26658894944361	-2.36350414714239	2.6939691284267
duru1236	0.222923456287543	1.44835029373454	-2.59009958579474	3.24441191516743
dusn1237	0.275653551182605	1.3109401761792	-2.24991656260779	2.96126099997419
dutc1256	0.40662488682007	1.3755426960404	-2.2332415429561	3.42147297093522
dyul1238	-0.255026129403333	1.23673126789536	-2.7518820094717	2.15460510561481
dzao1238	0.150763029685705	1.44012729933945	-2.7984381557322	3.03168788299307
dzon1239	0.855797282943855	1.30286379919499	-1.50069682810462	3.65422706672219
east2328	0.231136147552561	1.4148180885859	-2.46676462544863	3.18035511424459
east2332	-0.526488379429035	1.41183238968605	-3.52621664727315	2.13066058278198
east2342	-1.10872116882194	1.35374012221951	-4.05124020009124	1.35685377054959
east2379	0.754955764945902	1.33469506813705	-1.70056630392873	3.58876647014681
east2443	0.883087400792459	1.16477601767347	-1.28766942848251	3.36521792084603
east2447	-0.735251932046276	1.32128730598428	-3.56905391091288	1.70484007058756
east2516	0.794306087676833	1.23828624927543	-1.48239860458776	3.45041557643067
east2555	1.42753423398979	1.42595860846782	-1.03067977471105	4.62500824262221
east2556	1.14097244652263	1.30308552771287	-1.13323655637662	3.9972736904618
east2690	0.272012023687844	1.38395402876959	-2.42570122107041	3.13115815651503
east2773	1.80329464816331	1.32259612309784	-0.508038581177133	4.6459594778372
east2782	-0.258579860101421	1.40812864188923	-3.1524671510469	2.4481322728475
egaa1242	-0.244964094330326	1.39789397985664	-3.19304243136518	2.47738265017646
eipo1242	0.582014609012339	1.32638568959704	-1.90325138605318	3.36904941783366
ekar1243	-0.883166579117341	1.31465171073983	-3.7056894284976	1.51401242591357
elna1235	-0.482981730907611	1.15379691478305	-2.85091320666769	1.76806906772206
emae1237	1.21979368547143	1.17440569410022	-0.822931579940264	3.74654355132964
emai1241	-0.425249376051858	1.41168078569652	-3.31206326820169	2.33915418216597
enuu1235	-1.46999025626355	1.37485565309441	-4.52817382171427	0.846422095808144
ersu1241	1.12721886495629	1.40056794600426	-1.31775863609257	4.14585835485563
erzy1239	0.226345774217849	1.4035645986463	-2.49960152626194	3.10009312727442
esee1248	0.802056839239216	1.35803381732353	-1.67807058337039	3.7322369938533
esim1238	-0.337520196365088	1.27532514833173	-3.03355661697615	2.14250496324775
esto1258	-1.78131751632535	1.44372816926854	-5.02111330017377	0.609892592764738
even1259	0.0481238112011264	1.45314995803609	-2.83620741063237	2.9939378026534
even1260	0.040582706392912	1.49321607085094	-2.96029721330227	2.99995771011505
fala1243	-0.33115235287871	1.24650670157729	-2.9221769905248	2.01730539741963
fare1241	-0.204606675012904	1.32783769797463	-2.90444079347661	2.39334586145921
faro1244	0.289199569562995	1.32790870214067	-2.33081469900308	3.04092699003986
fefe1239	0.316699637706477	1.2381974105134	-2.12318865491783	2.79636199164582
fiji1243	0.984551496085718	1.29567266652098	-1.33826666767312	3.8990298893174
fili1244	-1.38119208590714	1.33911143640132	-4.27658006271139	0.90087653081692
filo1235	1.21235757357062	1.35140059777448	-1.21094251037087	4.15623353066182
fina1242	0.542404963223745	1.08959479405009	-1.52444275000269	2.79739957497625
finn1318	0.242841120050962	1.40370490512374	-2.44463548579679	3.21722713362812
fipa1238	-0.290195728030618	1.36572501805723	-3.15475056640586	2.31710609008527
fonn1241	-0.462197303943914	1.40205715573047	-3.49423444884675	2.17285382595739
fore1265	0.158951983969824	1.40461517950964	-2.61747200448057	3.05797289306374
fran1266	0.149391174875292	1.373213174664	-2.54947569010932	2.92407132801299
fuln1247	-0.497159828085348	1.39952593538165	-3.38220309683137	2.1047465658641
furr1244	0.21140421593893	1.47824146449483	-2.69106298089065	3.23741817734529
futu1245	0.856888699289017	1.23798970258572	-1.4127315846124	3.47243054674595
fuyu1242	1.28645512639115	1.34965053618072	-1.10024849524748	4.19464544716244
gaaa1244	-0.32012059732791	1.43476977824083	-3.40378076384062	2.44518190479676
gaan1243	0.63265761532374	1.18685935202461	-1.69593520798629	3.05505035476288
gaga1249	0.018178541923898	1.45989682275919	-2.82598256152884	2.94338154139021
gahr1239	0.689451223968948	1.38417859787509	-1.79459442473801	3.68192487632856
gali1258	-0.424751318165405	1.36194289335558	-3.3202320168542	2.15798131016796
gali1262	0.372805831782714	1.35200408464243	-2.14165637693491	3.21319944326341
galo1242	-0.258142491437373	1.22278115075847	-2.683746440418	2.18585794880797
gami1243	-0.61747799210754	1.3579386021927	-3.52203155174441	1.91539480394158
gamo1243	-0.338231550501034	1.27607980574193	-3.02586276965503	2.12172522509968
gang1266	0.953379592932909	1.09659485234875	-1.04676325050499	3.21166720254067
gant1244	0.736867934784293	1.19994100709146	-1.54370489982913	3.17938217257517
gapa1238	1.01597678707747	1.40851541124702	-1.50636632746295	4.05403228047464
garo1247	1.05735994987621	1.28681850751255	-1.25718151596155	3.78959822596007
gayo1244	-0.472276791462631	1.2623451824671	-3.09684586253738	1.90942423579065
geba1237	-1.1688077567013	1.33756819245912	-4.11248543690864	1.19297847796
gebe1237	0.0844834734540483	1.30306490987295	-2.4636253361816	2.76875896552349
geda1237	1.43378048866042	1.27627642960086	-0.774588017281982	4.21478910003023
gela1263	0.559643552301098	1.25530237047455	-1.77652380022182	3.18535133830465
ghan1242	0.458800798842668	1.34172077472971	-2.0656660224654	3.28987570983218
ghar1239	0.454754153397507	1.21069226431413	-1.8449906391809	2.9229130099206
gheg1238	-0.0447628831399857	1.27577504158707	-2.58434484487861	2.5204130673978
gilb1244	0.182359068457492	1.36379993766195	-2.45161407125159	2.96977339156735
gily1242	-0.249282310344827	1.45896760367131	-3.22279786289868	2.69582730180943
gira1247	1.22054953574682	1.20930548747729	-0.921735310682977	3.85922621958761
glav1244	-0.234828368200544	1.20054854768965	-2.6828609633247	2.16470447348585
gofa1235	-0.560076153447543	1.30742680770451	-3.31035506539469	1.92297575819801
gogo1265	0.743025208180366	1.43947776596323	-1.95381908034041	3.78173582067146
guah1255	-0.656258123473361	1.42688819369837	-3.74572372681292	1.96662588889919
guam1248	0.456224712070494	1.39057286487134	-2.20383714056182	3.48527666439336
guan1266	0.378050445252631	1.16983643735003	-1.89619788125157	2.79024069209587
guan1269	0.263747007288593	1.2360067446673	-2.14504333745655	2.84824097264308
guat1253	-0.577917469380502	1.38685742406516	-3.5272233473705	2.05023523707327
gube1234	-0.16466189601404	1.37111730593597	-3.00697003990547	2.48666057846689
gude1246	0.662082849884743	1.13781251637613	-1.47368541240769	3.03964165834129
guer1241	0.0171155244332402	1.18809839489227	-2.39933197044041	2.35293415687866
guer1243	0.136021698635968	1.22221147133609	-2.24367920596809	2.65671811860313
guhu1244	0.830665513788859	1.25642265100113	-1.54110399422371	3.48761418435623
guiq1238	0.97363437469151	1.3485146005	-1.45012060037521	3.96824150160781
guma1254	0.924006294845969	1.33643160058363	-1.4587518216659	3.77131635265981
gunw1252	0.40995754322218	1.36904508559375	-2.21307635098156	3.15295941509529
guny1241	-0.29047349931839	1.3073917084112	-3.03413844850257	2.22712452420313
guru1261	1.79255605000488	1.31898704042446	-0.490530495422695	4.6262039156567
guru1271	1.20452531011907	1.27885196082233	-1.06760643082159	3.9833159579269
gusi1247	-0.422129334475239	1.37415278840527	-3.23109327453117	2.15376337817849
gwen1239	-0.0642261842144329	1.25607432698919	-2.62991156676924	2.36867847880968
gyel1242	-0.406379607943995	1.40218738546542	-3.33665973738856	2.27125678110904
haaa1252	-0.261211498942901	1.38669678644419	-3.15593129790095	2.41379008907265
hadi1240	0.72050237048012	1.3567383479822	-1.81548063548254	3.56034111377371
hadz1240	-0.129835140214984	1.36793046813935	-2.87507889303555	2.60053804000857
haka1240	-0.345333118112115	1.18994094637644	-2.79872241650942	1.92777123164196
hakk1236	0.417041849785302	1.31607214497599	-2.07212015704664	3.15072538232914
hala1252	-0.944719344397331	1.40272962857292	-3.9889121120972	1.5590270053491
halh1238	0.0843568524108614	1.44432844675858	-2.76745311830197	3.10438845596127
hali1244	0.814796473578444	1.34350399136274	-1.60727449171863	3.7242301197742
halk1245	0.494535172985119	1.39770384791574	-2.12907187883943	3.46121436542767
hame1242	-0.819972515984443	1.23287099683686	-3.5016322258018	1.47257031028715
hang1263	-0.0313306472217425	1.22036511614554	-2.49272839566768	2.36331821634351
hani1248	-1.34006142128494	1.43767064879729	-4.47671035488246	1.15115929683532
hano1246	0.728948008141169	1.11739490600898	-1.37199310810047	3.06842216799104
haru1245	0.569104195732944	1.1916967715436	-1.72330072384337	2.99730075922663
hava1248	0.675442392270344	1.40084261310299	-1.88624458141287	3.65327146193347
hawa1245	-0.459677927670374	1.29653226197586	-3.24049498249207	1.98291331217429
hehe1240	-0.0682529235917628	1.32478268332548	-2.85205325795124	2.55725421306306
hela1238	1.67723601588329	1.2973583254755	-0.536613409815922	4.51119300439756
here1253	-0.258712113665164	1.35352048116368	-3.0698573169076	2.35255368674813
hida1246	0.879603215760719	1.35935829795701	-1.63582792606909	3.84151628951815
high1243	1.22498890870507	1.33121775498328	-1.12476215458922	4.14796732920595
high1276	0.0991434945006759	1.11419691863925	-2.07381572162544	2.35623715716461
hind1269	-0.944950094165026	1.33282917653139	-3.86974620746451	1.49258811717077
hixk1239	0.501708252902321	1.41565194301853	-2.09354632344679	3.65065767282699
hoaa1235	-0.451376659235425	1.42419853952026	-3.42626054740528	2.24400366868786
hoav1238	0.405328116887223	1.24524963165205	-1.89900672195811	3.06241946636117
hone1235	1.73841982056584	1.30370331148046	-0.581242353733571	4.52414668386293
honi1244	-1.46539242438098	1.39467989281451	-4.56580516092955	0.947780269928309
hopi1249	0.0620514303081714	1.25425613491256	-2.45211045863382	2.65510339506519
horp1239	0.779503661817879	1.27257793931423	-1.59788385453232	3.49477322502602
hote1245	0.198476016120941	1.0815305192861	-1.96424731259274	2.33267674897749
hozo1236	-0.0541447233099906	1.39354986356457	-2.9033174646914	2.65917349469849
huaa1248	-0.383961767669903	1.44821095461158	-3.49659864082188	2.42784618865671
hual1241	0.174588716019575	1.32684140170125	-2.4741927887507	2.90844467156439
huam1247	0.464978064861759	1.4027000855143	-2.24517447931287	3.33793977997647
huar1255	0.920368042083373	1.35591131851714	-1.56047048081563	3.85558472439156
huas1242	0.723701897531739	1.36102972607456	-1.81350412725404	3.64064240633509
huba1236	0.611568524204603	1.16186631907054	-1.61033076492348	3.03150313095805
huic1243	-0.736937666444834	1.20781222599646	-3.28865647854678	1.52864899854481
hula1239	1.19654057253569	1.43545996011806	-1.32889566094463	4.2533053707807
hula1244	0.212972559175984	1.38974387373647	-2.47403779819293	3.15120429454715
huli1244	0.480532823926648	1.26635537368764	-1.95789166913892	3.10252197381595
hung1274	0.220465733510553	1.37760917868094	-2.45303847508285	3.11499885660624
hunz1247	0.302002284494082	1.42352345544397	-2.41508009041622	3.24228339984675
huuu1240	-1.19246363154389	1.28153726052834	-3.9761067313431	1.06663459534532
iaai1238	0.00842788268762948	1.16383477037573	-2.2649469855773	2.38729321695573
iatm1242	0.0947965046315667	1.25469519482379	-2.44617435453013	2.60183296830974
ibal1244	0.0690114634844117	1.08642745904707	-2.09078731393841	2.22853405581956
iban1264	-0.664811640911153	1.30954701405085	-3.45714461940547	1.79474850136611
iban1267	0.557503502299452	1.14909015956421	-1.66524662344561	2.964100901332
ibat1238	-0.64996477093219	1.31405307271213	-3.55906440102147	1.75365917467527
icel1247	0.307262039376588	1.35239633549907	-2.27822671990637	3.0900152934353
idun1242	1.0311524141766	1.3568680236479	-1.36303602342721	3.91763602817919
ilaa1246	0.0486950812623934	1.34457270794289	-2.7019756397699	2.6802572172527
iliu1237	-1.1864694050824	1.2659651152017	-3.97960169713191	1.08463015167283
ilon1239	0.298229687212085	1.05358880985857	-1.73254773721461	2.46667256544441
imba1240	0.413648780719906	1.39495806293751	-2.25589220969275	3.36186059783756
ingr1248	-0.158103862133812	1.37445322994358	-2.94035890351147	2.66383688466749
irar1238	0.302271707477114	1.30022674864189	-2.16981111994237	3.01210036925418
iris1253	0.564418974662371	1.30115587480486	-1.83590930648725	3.36803151701657
irul1243	0.0527173501792028	1.4295476339851	-2.75904134784617	2.88455816226568
isco1239	0.359068962682348	1.30911696300347	-2.0402773501358	3.0748598750345
isin1239	0.176782863487056	1.0666703204266	-1.9428147944769	2.28501545268213
isir1237	-0.636301864261835	1.32080782436481	-3.48524181305758	1.91819125428579
isna1241	-0.115894156377603	1.18268033076834	-2.60734533955927	2.19816612868
isth1240	-0.0990018706129696	1.11032621250431	-2.30040478410837	2.13157856474112
isth1241	0.224229504154007	1.11674179869197	-1.90195938456623	2.56973088628008
isth1242	0.16777013603098	1.10191631150516	-1.93368683575076	2.44015372902395
ital1282	-0.442626427729187	1.34294513034831	-3.30359077822079	2.0571501236271
iton1250	-0.518748298558892	1.3341402322464	-3.3860413266497	2.0520455781369
itza1241	0.493113240572918	1.38413828495809	-2.08812086200568	3.48722280935397
iumi1238	-1.16232401059316	1.38095483804855	-4.06190437212968	1.32350119492907
ivat1242	-0.873719109466222	1.35598529280026	-3.82744438835341	1.61868071164805
iwal1237	0.304882674646164	1.10935283203689	-1.86201254136397	2.51283360877913
iyoo1238	1.45720745048215	1.28177314686352	-0.786759359717052	4.24175523975057
jahh1242	0.696389350294167	1.23565518535846	-1.70413365290646	3.17183944248088
jalk1242	-0.318541111152998	1.31106565441174	-2.98580936665811	2.29482365530324
jama1261	-0.915938840108119	1.38273284042567	-3.90872777522016	1.5519101101987
jamb1236	0.680062922294122	1.33654023898353	-1.86654282477672	3.54007474709542
japh1234	-0.250827366912915	1.17929821282759	-2.65053634323773	2.00605566289045
jara1266	-1.18020690204346	1.40511093989504	-4.18670843936816	1.29390069698194
jaru1254	-0.581465263310703	1.35307744838244	-3.53755389829351	1.89472691984864
jehh1245	-0.828859187536739	1.3971298992036	-3.79356576205031	1.68970820194591
jeru1240	1.72242088787703	1.29714501763281	-0.505384280215126	4.54308025738327
jina1244	-0.234225530446665	1.20530705163706	-2.74419003091832	2.0989394726073
kaba1278	-0.2260842403868	1.44906096581342	-3.2701899975976	2.56220852052154
kach1280	-1.30425467478029	1.37298997234511	-4.28253501801546	1.11931821068418
kach1284	0.592763985268062	1.27044343107712	-1.78298195746691	3.39050456760112
kado1242	-0.844595198343521	1.16604111262925	-3.33396140156309	1.2853740414344
kafa1242	0.120355635803264	1.29425577669527	-2.44093028081145	2.77301674032377
kaga1256	-0.331168630961863	1.1333403148916	-2.66989359689467	1.86405126426297
kagu1239	0.428568114528351	1.26387630976598	-2.01685630349297	2.95402559193528
kaik1246	0.776384523516246	1.27586593476539	-1.62996143491302	3.48161426682225
kaki1249	0.775300040104431	1.31417396771624	-1.69337115941146	3.56729682816662
kala1384	-0.24097659621687	1.39196636636671	-3.151871460476	2.40342160825594
kala1388	-1.32952476998164	1.26426072368674	-4.08396672625043	0.819893013515771
kala1399	0.206487621170249	1.44228291724843	-2.57426788249986	3.23319247810262
kali1308	-0.249909787568463	1.32208349616024	-2.85463161460521	2.37528877578911
kamb1297	-0.407401315794321	1.44103589149504	-3.49994084483877	2.35536042082742
kamb1299	0.179818185458359	1.29726039521009	-2.37981513193873	2.92361938290326
kamm1249	1.54818891095999	1.35805018834375	-0.844396430177791	4.50233854233703
kana1286	-1.64940323621865	1.31422950061028	-4.46765138946213	0.605477587781456
kana1291	-0.492179544238019	1.39787973779248	-3.4842472681487	2.1387976139521
kani1286	1.15087678612436	1.24959902002853	-1.11645681231104	3.87300574576564
kank1243	0.311562602671129	1.08493210740568	-1.85157612929211	2.45079229670699
kaqc1270	-0.0814548738095231	1.29207863203705	-2.68698186425925	2.45749908505822
kara1476	-0.719271937410082	1.2561920041641	-3.41839568451628	1.60776950736146
kara1486	0.646802108680681	1.27978367558149	-1.70007318084328	3.3223488482501
kara1487	0.194149072078228	1.0503105295995	-1.94397862287683	2.26712061650532
kare1335	0.259908747195595	1.39204204900445	-2.42433324346117	3.2176184642924
kare1338	-0.238197672324085	1.3190352136169	-2.95836074299598	2.24987895110828
kari1306	1.30161607274258	1.44150138802493	-1.18059114709674	4.51571878603308
kari1311	-0.146033260722238	1.37901252676938	-2.92319512962472	2.60419833011876
kark1258	1.10785054175912	1.37138535125271	-1.37964335386909	4.11010663108898
karn1252	1.1889469451484	1.32130168212071	-1.13845008536913	4.04246966170428
karo1304	-0.512445618524586	1.36886114158318	-3.38523861993251	2.16731977154518
kash1277	0.597467033366383	1.33689420665025	-1.88582423311303	3.46516167452526
katb1237	0.648588402719889	0.954911142774186	-1.20075771948732	2.57543000570644
kats1235	-1.42574774429003	1.41890609133421	-4.52756682342737	1.03667563424975
kava1241	-0.741631590999059	1.24839066351394	-3.35517920052595	1.61855061009751
kawa1283	0.899697006290115	1.31203625148508	-1.47904486672412	3.72057007892379
kaya1315	-1.20899527480455	1.34183043178159	-4.06163160683872	1.11669709791825
keap1239	1.14974519101124	1.44406009812788	-1.40612605241615	4.27030318221726
keig1242	-0.31403266718896	1.4132483369178	-3.17213746916738	2.48001047602355
kele1258	0.872272670656669	1.33539907617884	-1.50192631203724	3.80804070088025
kemb1249	-0.923692558317998	1.28226284949208	-3.69842121483751	1.35897603070604
keme1240	0.0461550820314991	1.22747675127203	-2.45893464721848	2.42973325632225
kens1248	0.0723646499921552	1.31136529285489	-2.54888133334255	2.69223957363225
kenu1236	0.226704552732073	1.46596834548938	-2.71278359953768	3.27451090623326
keoo1238	-0.597664535342401	1.29318904464128	-3.32237130153631	1.82660277504195
kera1255	0.373505276948145	1.19152520831333	-1.9311245082087	2.84364884361701
kesa1244	1.36238203248887	1.26438398263137	-0.881306067661707	4.09846710366649
kett1243	0.219914866236866	1.42193010588581	-2.52968407931643	3.13619047820917
kgal1244	-0.349745835106841	1.37009368277734	-3.26679090875157	2.18892499083834
khak1248	0.0882379163688213	1.41512032244861	-2.73017342363323	2.90101531951423
kham1282	0.375830677336335	1.31246209671972	-2.07569899050741	3.13078941417161
khan1274	-0.906640636190789	1.41875992049186	-4.01888472972344	1.71418670013283
khan1277	0.618919636241772	1.09295160585569	-1.47682053259275	2.85835064089328
khan1278	0.355252438456138	1.25001194679843	-2.0125694298517	2.84835722111671
khar1288	0.938561258608837	1.07639670550479	-1.09509301463783	3.15916849487276
khas1269	0.223794435851299	1.21548465440908	-2.26055787681517	2.61768600057871
khez1235	0.655789699506626	1.0988270918549	-1.40984387213574	2.92084774179098
khmu1256	-0.816500902529855	1.3704321499622	-3.72288745438639	1.68522127830508
kich1262	-0.155271411636501	1.29267555979902	-2.7540160014501	2.36973961180121
kiku1240	-0.896327122629178	1.40217187766889	-3.93435955303241	1.60205779610454
kile1243	0.0225185566459948	1.51230488663875	-2.97079406633521	3.10885237231393
kili1267	0.777166577268227	1.36914175936511	-1.76451437590488	3.70502681240307
kima1246	-0.58176420134247	1.42391913256988	-3.5722803977466	2.09004612380317
kimm1245	-0.88721963968324	1.34900441559121	-3.81759924972741	1.61107482107437
kina1250	-1.0307365242913	1.33509431476274	-3.99910199248388	1.33739730897054
kinn1249	0.600874323784782	1.38900776622294	-1.964817670002	3.62884760875959
kiow1266	-0.44017998370804	1.35013589712135	-3.33665589936807	2.07942921636788
koda1255	0.101662041726622	1.52978966631724	-2.92331661020715	3.25307544017244
koho1244	-0.905873547926118	1.43006182787378	-4.00212619065329	1.66147730976271
koir1240	0.962002026742369	1.08740808923515	-1.06063186030761	3.22231365281719
koit1244	1.24590512758544	1.41134366965417	-1.23810699332972	4.33558276370096
koka1244	-0.689914075155911	1.36481247399358	-3.62016842184072	1.76966416179664
koko1269	0.413382887023536	1.29862548496502	-2.00486145576621	3.11187621078923
kola1285	0.316123340776552	1.33474844937479	-2.24318265873111	3.09752193614804
kolc1235	-0.370161385832531	1.37963499972145	-3.27119405381682	2.31180233560686
kolu1245	0.995836059679266	1.3460643455051	-1.40592897795589	3.87849402904927
komb1274	-0.464398539398531	1.33291914355993	-3.30532899897479	2.08049136457491
komc1235	-0.135905076154921	1.21126208867719	-2.64721904898657	2.2223732904553
komi1268	0.164407106637751	1.41520800405255	-2.61532804994187	3.13385423233015
komi1269	0.193909976565255	1.40516977762991	-2.57695393428506	3.07989433749829
komo1260	-0.337684990979194	1.38563184201232	-3.2748085451033	2.34532096836202
kona1242	-0.0909318191171481	1.25810379409739	-2.67409771556313	2.41511968690428
konk1267	0.367640727487765	1.34978156656135	-2.17759250851994	3.23061562476336
kony1248	-0.970329869145115	1.2479241518119	-3.65614381819458	1.30275113929208
konz1239	-0.32445923850554	1.3559228326339	-3.12426789995593	2.23846362081429
koon1245	-0.309224047480557	1.43416147253411	-3.29504681547234	2.44392110896684
koor1239	0.273407721914901	1.25041652513863	-2.2336418742138	2.82187441188061
kore1280	0.118101019011871	1.39151456509306	-2.73210603613038	2.99504951201152
kore1283	-0.0739127678873029	1.28257874686476	-2.65433468017749	2.49852097394771
koro1298	-0.179401069281058	1.27196119225633	-2.8425457915919	2.29579898519591
korr1238	0.104914625012473	1.4859496687396	-2.84703372477964	3.13482707103552
kosa1249	0.447905301854616	1.33519288581835	-2.07986220158509	3.31273899679601
kosr1238	0.296253175257953	1.39037658282599	-2.45873275942712	3.18321772764137
kota1263	0.0990054238874448	1.40957153838468	-2.72821611321187	2.91419659213042
kove1237	1.14800498288088	1.35672023261572	-1.21117199636106	4.1176667997809
koys1242	0.41084518323097	1.36658124224567	-2.15484369243572	3.34598212994164
kren1239	-0.378517188199438	1.38306178816221	-3.32056721008607	2.21056221774567
kuan1247	-0.190287743836822	1.40534862897652	-3.0483080573522	2.51140341139248
kuan1248	0.508935017753566	1.22374241381859	-1.7682011106578	3.08624068709609
kuik1246	0.561374525294194	1.30383805453965	-1.86431023112459	3.3362205585106
kuku1273	0.660494213575334	1.3652432019465	-1.91014790732744	3.63843012655638
kulo1237	-1.840969792419	1.33270566314358	-4.66752310009912	0.444085482163622
kulu1253	1.20607114551491	1.26068689643523	-1.10742986798352	3.91106738057204
kuma1276	0.704422817215194	1.2770784258224	-1.63592383179699	3.44470930055255
kumb1268	-0.645262474805011	1.37222430513607	-3.58882213931567	1.88192403179305
kunb1251	0.499221184426526	1.3446095943422	-2.05422159840729	3.29609074630676
kuni1267	0.788531857037969	1.25249260285582	-1.5784850625421	3.38891443226274
kunj1245	0.66626227302897	1.37946380743084	-1.90626753212827	3.61291749133589
kuot1243	0.608277707732576	1.23648285593677	-1.70783535194812	3.20914364752525
kurr1243	-0.705783971329991	1.33577771074969	-3.60286878610923	1.80593613630752
kusa1251	0.450623275017369	1.25566407499349	-1.84564576253523	3.19427870915371
kusu1250	0.410770504889158	1.26588388552124	-1.99739862541416	2.99726474665857
kuyy1240	-0.613736761035096	1.38944754668845	-3.51116476653747	1.96377945470622
kwai1243	0.8460740994683	1.28617131508311	-1.48934079093967	3.69343885733866
kwar1239	0.801093532196433	1.2758704772515	-1.5119083313697	3.49659427135428
kweg1241	-1.14334859397368	1.30507808118936	-4.01245531445483	1.23660522696416
kwin1241	0.269535318350934	1.43956231603365	-2.52559388298893	3.30086927440261
kwom1262	-0.220290132662007	1.22345873227999	-2.72537912474938	2.15310374878626
kxoe1243	0.5568716336669	1.41321987166496	-2.16120742768658	3.53739389473886
kyer1238	1.49222936601596	1.28039489048173	-0.756293316282546	4.29228569422163
labo1244	0.711672048867228	1.0081478259082	-1.24871213933699	2.76300858913702
labu1248	0.210644075064291	1.06712435655687	-1.93103507620684	2.33980331271963
lach1248	-0.952688538481137	1.36536199519321	-3.99513046348058	1.57213968960138
lagw1237	-0.167983956268048	1.22490073691275	-2.6731290225713	2.24850847686341
lahu1253	-1.06682613753382	1.20657963409938	-3.73335957209905	1.08038282055482
laiy1246	0.749170174821148	1.33445967919693	-1.65339317913503	3.6261315286195
lala1268	1.12690802638472	1.37357893744164	-1.29460819931687	4.09505352385282
lama1277	0.200071860041743	1.23617101249078	-2.19940154505169	2.78064246473251
lamb1269	0.559841547897913	1.37899514422134	-1.97157718672438	3.47324464126884
lamb1273	0.461852213422612	1.30630942819173	-1.98512676146793	3.21049942519648
lame1260	1.00188618518669	1.05100486790223	-0.902337253045393	3.19033173371172
lamk1238	0.891113534813473	1.1378016868892	-1.21972109655838	3.27265785420438
lamo1244	1.1641292597628	1.37425049734708	-1.23302874997877	4.23227946475694
land1256	-0.390422157578952	1.39161497303009	-3.36544911798781	2.27492275237133
latv1249	-0.264689918804308	1.31968408373197	-2.9112843223876	2.38164983680677
lave1248	-0.770513425693482	1.41282346309746	-3.8125398989989	1.85412117168727
lave1249	-0.922212850387653	1.39317073496079	-3.90270756382517	1.60895093682995
lavu1241	0.01932052625741	1.2807525421147	-2.64048360438204	2.61646598093568
lega1250	-0.240327838180023	1.35469193637026	-3.03028539144065	2.40161221689094
lele1267	1.1016760468564	1.25823699976504	-1.14054304923323	3.86408941415247
lele1270	0.866818652000285	1.33710381530704	-1.51346787949111	3.76256636952842
lele1276	0.410065560890393	1.3095050958501	-2.09322916224041	3.18038191478224
lemb1266	0.214679949974023	1.20357332792066	-2.21698438147187	2.65281798000483
leme1238	0.806212285083085	1.26428681432719	-1.42831534346482	3.52498490427849
lena1238	0.3433869640554	1.0991383426164	-1.76910034924507	2.59281950223586
lend1245	-0.686332149969274	1.37972974797378	-3.61754872524465	1.90100565849759
leng1259	0.770872975885763	1.23619319200656	-1.4348996550028	3.37764050884169
lepc1244	1.29643674156439	1.31087110367822	-0.956573300609327	4.10256015196168
leti1246	0.305579158350583	1.25407142782287	-2.10213355279689	2.91230222302477
lewo1242	1.11911833369918	1.11692847908669	-0.843729568554281	3.40319019681049
lewo1244	0.127267744920527	1.22404790257583	-2.26922525816445	2.67218388403408
lezg1247	0.240641433554537	1.43254645183539	-2.52745251460341	3.22494703368277
lian1251	0.940061557253034	1.14314536140145	-1.14367910780969	3.35623371897213
liji1238	0.0808039927193609	1.29350266704588	-2.49862588334091	2.65537997869996
lill1248	0.283061202306638	1.38575039743803	-2.36602679647224	3.15166101182189
limb1266	1.26097093203081	1.29067520511371	-1.04119463779548	3.9929496836001
limo1248	0.614896947244784	1.12071580110255	-1.56893882986057	2.9589144415933
ling1265	0.623692003486039	0.948188815459286	-1.20832409901078	2.54719496116579
lipo1242	-1.5375871701553	1.37224789330682	-4.50849187754934	0.845256571430752
lish1245	0.432668020440946	1.3824769537303	-2.18024254399716	3.3610575828976
lisu1250	-1.52207362044737	1.35884401849882	-4.52503812526785	0.812240326074023
lith1251	-0.862904253305462	1.34503453113656	-3.73900013579241	1.62732601545878
litz1237	0.638358770334576	0.953579895888462	-1.21545962567158	2.56480670516051
livv1243	0.214358298218238	1.40080659092704	-2.48332985348138	3.15428815405721
logo1259	0.0398902130157319	1.33875646837086	-2.61672390691352	2.72795866115179
loka1252	-0.420324745680939	1.30980887463081	-3.1935442979881	2.1601441542651
lolo1259	-1.45834535055135	1.36080620978409	-4.37200053663798	0.923325072198191
lomb1257	-0.605768031997838	1.36863369030309	-3.58781932093932	1.87494080731506
long1395	0.863272562743028	1.28711660674318	-1.44586857790983	3.59000142945846
loni1238	0.858110436859762	1.3354582158827	-1.53229894754705	3.7576931761502
lote1237	0.861614616182259	1.30772943540354	-1.52130987214132	3.70104605563222
loth1237	0.127220014501492	1.10627075870753	-2.11911368755259	2.30171837410205
louu1245	0.898917221718397	1.33337046029246	-1.44648105595705	3.79620368795003
lowl1260	-0.867276717821937	1.33506870852646	-3.70150866035739	1.63183264151947
lowl1265	0.979716994975182	1.37228793721842	-1.42318718407921	4.03440735887187
lozi1239	-0.261756307586861	1.35790382850828	-3.24014667046103	2.34651483031751
luan1263	0.43592516175213	1.26885827378569	-1.89896193161402	3.13094757384791
ludi1246	0.299275098708582	1.40155358854446	-2.41534489716972	3.22457453544105
lugb1240	-0.332757731938842	1.36217419349301	-3.13236453223903	2.31596694287049
lugu1238	1.24237866940843	1.36194157928736	-1.16068190104565	4.16632802175747
lule1254	-0.531986489487015	1.32217370321922	-3.27865420364322	2.01875755417678
lumb1249	-0.222164823361758	1.43510852456017	-3.23712946645095	2.62101461597722
lumu1239	-0.260220231054872	1.44214373622377	-3.17778033159578	2.57355464757765
luok1236	-0.393438498931733	1.36696704981464	-3.2339452576783	2.19526619714207
lush1249	-0.254386827244899	1.15370048498436	-2.64207374132606	2.01236303606804
lush1252	0.470444062632404	1.45369500704564	-2.3199872967717	3.56451068444513
lusi1240	1.21680090441282	1.35064267570566	-1.10412057867666	4.13186579631048
luva1239	1.31785406718442	1.38939965176274	-1.09972977053517	4.38538835617219
luya1241	0.446894436801724	1.36882532062535	-2.28003673745769	3.17335211366876
maan1238	0.354244954608073	1.36990005835893	-2.30178381455924	3.3094923297458
mace1250	-0.546153863065274	1.23453737262106	-3.14183011198085	1.82386740117096
macu1260	-0.503004348028934	1.32167180486564	-3.25307708112813	2.01985987443519
mada1285	0.667375703739319	1.24249437269528	-1.56587470844435	3.38297492948815
madi1260	-0.859957492796822	1.36151720080937	-3.80590542520886	1.69669994902563
madn1237	-0.243261139089571	1.39281106452582	-3.13043643770686	2.56565648503019
maee1241	0.728828096149736	0.975678411142578	-1.12316121636266	2.74409674847778
maga1263	-1.29192276917874	1.27487868835666	-4.04047369420713	0.986786300037724
magd1235	-0.46703577864007	1.25483252737378	-3.09260589591129	1.94105044701626
maib1239	-0.393819621373132	1.41555135648604	-3.33190084385621	2.39526210335593
mais1250	1.35241035191765	1.43720892134676	-1.13877511785618	4.52640796378303
mait1250	1.19791147295628	1.31875360416987	-1.17451177417652	4.07919988785557
maja1242	0.104202682935555	1.33022965460261	-2.58717926327215	2.78473908479119
makc1235	-0.593241151169362	1.46099071798394	-3.65984195277307	2.10763562313385
makh1264	-0.27543296210459	1.42462923946782	-3.30305511073007	2.43809500480788
makh1266	-0.364193617575635	1.41479419764275	-3.34697133667617	2.33605374332462
mako1251	-0.218153027262674	1.40511641465055	-3.16245857443211	2.57903630652538
mala1463	0.0559761507278807	1.50136428130222	-2.865239743839	3.15192980451611
mala1464	0.0692354743327371	1.46201842488746	-2.93393353496582	3.04553932674613
mala1479	1.17271338078978	1.32953631191843	-1.18226278827692	4.05887324515496
mala1534	0.398976265307015	1.1038379692847	-1.68567493982794	2.71122874212092
male1284	-0.754822085854221	1.24911872281776	-3.414432585228	1.56967834358845
male1289	1.21854141603931	1.37796140519881	-1.19070751409167	4.24320158619161
male1297	-0.521697468740035	1.30560987508626	-3.25464779764002	1.95183888523686
malg1251	0.114158291324155	1.28072192621687	-2.4378224481742	2.78616516845224
mali1285	0.320324455821692	1.20474337376252	-1.97679074222647	2.80759074183771
malo1243	0.985394107767498	1.09898870479796	-0.996792661747157	3.32567129744598
malu1245	0.780596478648137	0.996659614583782	-1.08342070611761	2.82200141775433
mama1275	0.828639473422349	1.27182548674976	-1.57293600016444	3.5601143540648
mamb1294	0.99212715307675	1.20323055393295	-1.19081382061709	3.54109555834751
mamb1296	-0.299966739746295	1.3677525204051	-3.14021142391396	2.42145051616262
mamb1306	-1.64782024477409	1.35605846624331	-4.57023321783233	0.703303401379382
mamm1241	0.0629895295968226	1.29828273636696	-2.52664769772074	2.70032819549154
mana1288	0.877259675520693	1.25340865080164	-1.41439891094978	3.51084004981469
mana1295	0.625625842002414	1.24595363570887	-1.68363251429761	3.24475618763085
mana1298	-0.227397005800583	1.23729669653397	-2.78929545507412	2.19741014705015
mand1415	-0.894275758332185	1.36480515087217	-3.82312036580531	1.58646357243854
mand1440	0.606834086494847	1.26793916730056	-1.77166131139357	3.32193975505983
mang1378	-1.23481882075548	1.38757111934765	-4.35855395513536	1.24173215489987
mang1381	0.479776197161698	1.41128344641872	-2.18680955998487	3.44379535953951
mang1401	-0.480262164373989	1.29780507500245	-3.22023400174903	1.91562381385389
mang1403	0.936002017367481	1.32045660257114	-1.41912891019613	3.7474616755235
mang1405	0.202108098618704	1.27482755204751	-2.29878583459488	2.86894594601424
mani1235	-0.146172741690824	1.35710403996555	-2.96187242340497	2.57450255598061
manm1238	-1.15095511254686	1.28354999676176	-3.97644429926679	1.14314575472613
mans1262	-1.16744998763011	1.35109014033604	-4.06475111981988	1.18842916091329
manu1258	0.308652456873172	1.30820869384573	-2.22349414185004	3.10920874853552
maor1246	-0.470693982916271	1.32789343784663	-3.36184570772491	2.04880868592858
mapu1245	-0.482067661297085	1.42488465215515	-3.46355093850532	2.20558402834133
maqu1238	-0.672889252872498	1.27145960473053	-3.41289987668004	1.72054925177112
mara1378	0.514248870451651	1.38605996993771	-2.04525444875402	3.52965708017655
mara1379	0.903460748219174	1.09338920351829	-1.13507411542123	3.13024887862815
mara1382	-0.399290355360533	1.15740974023819	-2.74393943877364	1.82039634446913
mara1386	-0.148979278888055	1.35187869651702	-2.88216908474499	2.5101815587698
mara1399	0.680548393616679	0.961125503212176	-1.13093836896318	2.62925605341183
mara1404	-0.616966921998198	1.23225019640472	-3.18913445778889	1.62789382023335
marg1253	0.363629856728784	1.32305122560165	-2.17003411763814	3.18890340809366
marg1265	0.333071198512015	1.21402115097105	-2.04225564900255	2.84367696850435
mari1414	0.123737189177386	1.42889772507008	-2.74649679088457	3.00462321576757
mari1416	0.917014447568975	1.08843537010578	-1.06241087537994	3.19131319279667
mari1426	0.874822965396759	1.26158849341957	-1.48041275113116	3.6433520834874
mari1428	1.35254876335556	1.24373476065728	-0.826589328616526	4.05673296492576
mari1440	-0.735400402408159	1.36564747615781	-3.6540155165801	1.73248282945083
mart1255	0.384454767877675	1.28423051159352	-2.11714189458519	2.9818685304012
maru1249	-1.56394108940679	1.38712501192646	-4.54308256505921	0.826216897939411
masa1322	0.0897295505851605	1.18479784169426	-2.28084875314766	2.51531223090192
masb1238	-1.30238407083328	1.3490167741258	-4.25517518598594	1.01231681737869
matb1237	-0.699224042740604	1.31194889390268	-3.50446119386396	1.72869035554743
mati1250	-1.17716659818236	1.26239100575027	-3.91870121895852	1.05561536014349
mato1252	1.29381319049314	1.24564242073906	-0.869447237375883	3.95581693824084
mats1244	0.167959720979435	1.3320128332602	-2.46542643056958	2.96526975469778
matu1259	0.348235654881398	1.37749934103459	-2.39140238040438	3.10783721604338
matu1261	1.3590396074665	1.30207394938451	-0.914976028560252	4.21376792432238
maun1240	0.173122907222386	1.32869989261894	-2.51811130445304	2.93632015970789
maxa1247	-0.390501134711348	1.41405471071862	-3.37897671825056	2.38481867797968
mayo1261	-0.349469651126447	1.31025277716047	-3.09504886483544	2.17653716909188
mayo1264	0.653244407666368	1.3663397273128	-1.90863411156839	3.61929043512142
maza1304	0.519735038295898	1.10726351825036	-1.63103739528758	2.8207045153756
mbaa1245	-0.448721664263528	1.3594900014387	-3.32441420628792	2.15911227458302
mbar1260	0.147870365666418	1.22596142861406	-2.30863888005256	2.63212236875574
mboc1235	0.360645434569164	1.24236482559071	-2.05642551086093	2.86109085322778
mbul1263	1.19725991650035	1.3297692061035	-1.13929299913493	4.01438895155908
mbya1239	-0.278647317784965	1.37258246765529	-3.06361936575088	2.33175108766655
meen1242	-0.239912987770967	1.28040638870414	-2.82137943686401	2.27433642666982
mehe1243	0.0258823791192724	1.20567076455463	-2.40326146935548	2.40336337690887
meke1243	0.861896008447922	1.28273491642657	-1.53102072131052	3.51511777973864
melo1242	-0.838006752096364	1.30214013639164	-3.56942345577002	1.56183225059075
melp1238	0.720127389245213	1.20338416388214	-1.4845573910643	3.21373958265163
mere1242	1.16979422345639	1.21877074636519	-1.01142953556041	3.77077667740875
meru1245	-0.939635518903786	1.38943054902057	-3.96148002344042	1.59484111830591
meta1238	-0.126417495223772	1.24145623811678	-2.66014667959798	2.31235524000814
mezo1235	0.156245697829997	1.22456789114221	-2.24745446348807	2.64516322319817
mezq1235	0.149093759686634	1.27675631765024	-2.37441478304644	2.64671504426433
mich1245	-0.791608171687317	1.32026347374653	-3.6635813341232	1.57660871735103
miga1249	0.433421865723614	1.3746575486163	-2.18808422904995	3.36482294468059
miju1243	-1.25287314498207	1.31174289981179	-4.06838277601296	1.07135311546519
mikm1235	0.527606909411514	1.36589806519448	-2.01291668003152	3.41380078093788
mila1245	0.0451802640039339	1.25878514522007	-2.37664728043397	2.66692127706522
mina1276	0.0310553262998603	1.09363725838495	-2.15492024695518	2.20252692491848
mini1251	0.507574459597277	1.22318170236648	-1.74517560767792	3.07011376784075
mini1256	-0.844817661835313	1.43646601058245	-3.94463645139552	1.77686172007909
minn1241	-0.905531425336137	1.37165005236448	-3.88851626955849	1.59154923686319
mixt1426	-0.814781823998703	1.25075704446636	-3.39826269721773	1.55565645681199
miya1259	0.0467928025271918	1.43729344094199	-2.86675844489363	2.84592965973023
miya1266	0.719745498019175	1.32531280613545	-1.7565152592203	3.53768414271428
mlab1235	0.032322252018906	1.27569988160209	-2.6357100576596	2.54049019785893
moba1244	0.526531487895637	1.2785433846348	-1.92173188332864	3.19040862532314
moch1257	0.190197814219867	1.24253818439067	-2.28466592191956	2.72524147023316
moco1246	-0.392751425867231	1.41482338765877	-3.38813980878343	2.28817652767609
mode1248	0.409322338291952	1.36223819082246	-2.18507379058111	3.30500300054084
moke1242	-0.850603588364981	1.31979722017732	-3.6050274783235	1.61198462850425
moki1238	0.308600222291479	1.38755540430291	-2.37557988363053	3.23672180290686
mokl1243	-1.11078265722582	1.41112218853587	-4.16311041374552	1.41248261833148
mokp1239	-0.225030147752244	1.28448077004588	-2.90761166084969	2.31590576637804
moks1248	0.209219276631647	1.36837001324673	-2.48541520531141	3.05647601750398
moni1237	0.36063097438943	1.39927198396234	-2.26362316244544	3.28235851652765
mono1270	-0.319679880941888	1.33025133558092	-3.08392089675346	2.27253082832849
mono1273	0.603134948053736	1.36722726450613	-1.95873622862978	3.42157460322988
mopa1243	0.614576558028619	1.37798377482888	-1.93426414132676	3.57228794975213
more1259	0.79509649231868	1.22707555420612	-1.5101931187218	3.37038524635266
mori1269	0.671294937125202	1.30893044540708	-1.71077014849777	3.478907767656
morm1235	-0.397957904766862	1.26426829909323	-2.89116590937269	2.13986628206199
moro1287	0.823594656388939	1.3345588928369	-1.65053954303464	3.73492033354997
mose1249	0.104779388334772	1.32360672501564	-2.52240444950894	2.75527114921171
motl1237	0.67885234340035	1.26556574235937	-1.61203002251381	3.43002461751946
motu1246	1.27556770284691	1.42260479487896	-1.22270460838954	4.4273715787544
mouk1239	1.20842326233646	1.35609492835325	-1.1870083145594	4.12415417947259
moun1252	1.37971044587789	1.3958044331786	-0.983934805156791	4.36570208631614
movi1243	0.440017725319689	1.29640608527107	-2.00144473961577	3.14801059345848
moyo1238	0.967938668401351	1.118342954455	-1.06449584154681	3.26654554935612
mpad1242	-0.246560401588528	1.25265536369523	-2.84135429359456	2.23089046668889
mpii1239	0.744478574790467	1.27148063704578	-1.71204750766141	3.41445808753955
mpot1240	-0.306652463965066	1.4192889089706	-3.2307220066664	2.45169105892801
mpur1239	-0.142158783185121	1.38651385207956	-2.95916622548047	2.57226648883808
mual1241	-1.06639672199648	1.29482992096362	-3.86563532392139	1.26738886034509
mudu1239	0.102509283149163	1.43569333959811	-2.76375823008315	2.99090490141653
mudu1242	0.962413064193967	1.36472680103427	-1.50021057174553	3.91411998340682
munc1235	-0.00788825604432898	1.21763063517395	-2.53984071207913	2.39226628328454
mund1325	0.752170584661339	1.17704579176029	-1.367862116092	3.24065491135235
mund1326	0.00559144287334452	1.26238984074139	-2.53922451321067	2.4470722771829
mund1328	-0.165984777675266	1.2403652764507	-2.73038490687369	2.24942687984048
mund1330	-0.2236216352911	1.39711119933178	-3.10893522630834	2.49656746832285
murl1244	0.222923874547633	1.40593326271594	-2.48604140502691	3.18337735231019
muru1266	0.592305763606214	1.33707022002832	-1.92756802973423	3.44093618261862
muru1274	-0.708818118569576	1.43737576275232	-3.76037399708968	1.99976324593497
musa1266	0.994738992047917	1.21314738145708	-1.20251048182745	3.64392772463869
musg1254	0.00463249324491206	1.17760747942618	-2.3853895555999	2.34026382287152
muyu1244	0.470752661104957	1.39203396267561	-2.14042573390698	3.49588108397265
mwag1236	0.774973696275464	1.22197973446309	-1.52254009830518	3.32620635328036
mwan1247	-0.409125892805379	1.34661236197936	-3.19990275490598	2.12032656274512
mwer1248	0.0309311673208055	1.37714980130744	-2.76009302982186	2.74199426404352
naka1262	0.87851138406061	1.32975856195614	-1.51114609524455	3.80872074838208
nali1244	0.626215619948037	1.25517830861636	-1.70768584095554	3.31369247388424
namb1293	0.640957269191637	1.43889608328079	-2.10713883252818	3.67578284838918
namu1246	1.08546342178986	1.36468590600423	-1.30323116868753	4.15757641803813
nana1257	0.0469572936674157	1.47275076536487	-2.93891658742289	2.96759288632939
nang1262	0.709505319062659	1.30491947611398	-1.627522466981	3.53592471284715
nant1250	-0.187446279971921	1.32665523012754	-2.91676221808611	2.46385565508778
nati1244	0.721507762596064	1.00511680936026	-1.23343111656369	2.80309098287492
naue1237	-0.852379316448406	1.22889717307147	-3.46480573253059	1.46983237897746
naur1243	0.224390471746248	1.38503331816921	-2.45738313006524	3.1540258823177
nava1243	-0.370612247938929	1.3149492853582	-3.09739233473823	2.13724024670231
nawu1242	-0.478421788885848	1.40001786325689	-3.39886144266137	2.20032007368971
ncan1245	0.0239739083314383	1.21282365571862	-2.46402336552507	2.40072050661813
ndam1239	0.0528806403004815	1.34905110671946	-2.69862350923879	2.64969339051859
ndog1248	1.11008211931294	1.3825717015892	-1.3640236297194	4.11771389462077
neha1247	0.668678626300778	1.36279400083265	-1.84273804982044	3.55963681869188
nend1239	0.890296527728157	1.21258795039478	-1.3928953114077	3.42938179077301
nene1249	0.133502044533532	1.37953048325206	-2.54431116292051	2.90610277939769
neng1238	0.346043245675908	1.30556283526771	-2.13971180873883	3.01690290278662
nenn1238	0.676688334377432	1.43420085361122	-2.04013553310986	3.63914741444764
nepa1254	1.28963084012605	1.16007248773606	-0.790176719725574	3.78365202051864
nese1235	0.78716025383673	0.997582467109673	-1.07530019739509	2.82139292813398
newa1246	1.55002008236977	1.25896768435636	-0.64082848617811	4.244387636267
nezp1238	-0.338421463368364	1.35549691848757	-3.14135619996608	2.33703288277946
ngaa1240	0.74875666891629	1.32990146331278	-1.70286739770357	3.55859573180449
ngal1292	0.571742577459858	1.45543604858345	-2.1903968493081	3.67118624676763
ngan1291	0.134591694313303	1.40590423525037	-2.65269066370802	3.01476902656652
ngar1283	0.289776847709231	1.41380275673579	-2.38022557374095	3.18977609043834
ngar1284	0.193734750004664	1.42860210900134	-2.59930245888453	3.15830585627612
ngas1240	1.00427126875314	1.24688225569789	-1.24291998188161	3.71431145914511
ngba1284	0.805552188112746	1.3276256049349	-1.64604171741816	3.65138145988439
ngba1285	-0.19019431425591	1.32281344912591	-2.84610764840872	2.37405124990403
ngeq1245	-0.795543602733647	1.37162302430198	-3.83157181180392	1.69652285062692
ngit1239	-0.169053555680986	1.34446361339854	-2.90230275082166	2.5668018708929
nhan1238	0.673265250628955	1.36264046813381	-1.83255629389924	3.58655951658855
nhen1239	0.379354140785827	1.34334299921243	-2.28914786673485	3.14018920234315
nila1242	-0.329402313374591	1.35080326368065	-3.12050724868801	2.30969182270153
nisg1240	0.382995348214973	1.38456677660434	-2.31270791862246	3.21105453282614
niua1240	-0.635895768875242	1.3102551334385	-3.48222312209328	1.7827232887948
niue1239	-0.587171423855734	1.33088497735755	-3.40598721824549	1.90467247534422
niva1238	0.52433892341353	1.41036976793989	-2.12136317925713	3.48070912410627
njan1240	1.1435685701756	1.33715992113713	-1.24385745579028	3.92801770373528
nkon1248	-0.51652664934982	1.38564631324551	-3.41015451534852	2.05077332219054
noct1238	-1.18305180210046	1.25027005821315	-3.88895277850672	1.04356874747615
noku1237	1.08631653158596	1.2968532162137	-1.25451609591866	3.86285312567385
noon1242	1.10490236591203	1.41354242862418	-1.42196271680566	4.13964956978895
nopa1235	-0.794290055025528	1.23654083263292	-3.36960084606473	1.53987310127998
nort2684	-0.590934680346186	1.36342670899391	-3.46294729072759	1.95522230524643
nort2690	0.0420135676785947	1.48973650031126	-2.89454854072257	3.0578616091847
nort2697	0.360081555788068	1.40548043202945	-2.35555256665175	3.38674184657273
nort2702	0.125163753480497	1.4648325043774	-2.74367171076446	3.18015319730453
nort2722	-0.153165476524991	1.18173626402117	-2.50069060390391	2.25806226073122
nort2723	1.13475710377999	1.36730143371917	-1.32348004577185	4.21137360137396
nort2732	-0.662194113842223	1.36759450297441	-3.49194535737426	1.84312446634261
nort2745	0.22315682814154	1.42778030008938	-2.57893523457302	3.25566339467912
nort2747	-0.516857270806958	1.43398888087395	-3.5924321192092	2.21480823683971
nort2839	0.727814839743287	1.01996596333258	-1.18895004395793	2.85193062182898
nort2845	-0.477283539466852	1.32441549102045	-3.27885206990703	1.99308978820192
nort2847	0.396815528032818	1.09947560316258	-1.70617730851693	2.63381674952248
nort2877	0.375973013521223	1.08832134802053	-1.77726556199822	2.57352692898508
nort2885	0.299140565583924	1.2201436879728	-2.15710978497642	2.75054899594935
nort2930	0.431825221823606	1.32279948985213	-2.18483516034732	3.16648925515469
nort2938	0.501145847952514	1.40981948629845	-2.19543395873911	3.53344294486438
nort2942	0.88330939879155	1.33588512834394	-1.51173018720683	3.74480889474833
nort2951	0.0315527883342043	1.32980347342819	-2.61504018762624	2.76016753086216
nort2954	-0.93714968027006	1.30789096977547	-3.67395092467927	1.43309723352744
nort2957	1.2211987809332	1.30746918092823	-1.09157342594749	4.10423198874285
nort2959	0.724762934665806	1.37190603207389	-1.85793051602882	3.73573894531959
nort2961	0.542576102071947	1.3743598195875	-1.98950833197746	3.45545627338849
nort2980	-0.146303293284432	1.35564464675532	-2.87806550727715	2.55433937601125
nort2994	-1.04682076288522	1.34006924115029	-4.04814748172534	1.33836272340843
nort3047	-0.49424809546822	1.14755519272804	-2.86269112811621	1.68947284272254
nots1237	0.61674674957193	1.22868776195201	-1.69160500007072	3.23744147793837
nsen1242	-0.0333650905671917	1.40312360301834	-2.93365581697263	2.7277592221196
nucl1235	0.49977760293921	1.37961234849163	-2.06157284564787	3.3279913065486
nucl1240	1.84385864196523	1.31633135788488	-0.425091888882237	4.70785401921022
nucl1301	0.0169335582100062	1.4901020717373	-2.95727238262399	3.07504507057436
nucl1302	0.207411761377975	1.44545330732357	-2.67083767157222	3.30294306847309
nucl1305	0.103359704642322	1.4365517743155	-2.73288945224243	3.01977181289238
nucl1310	0.663861915847608	1.13556249693079	-1.49603706768177	3.02839490936303
nucl1327	-0.206934787466127	1.42342664091129	-3.11781201154374	2.59450910598686
nucl1417	0.253913459105378	1.23542622904044	-2.12984971755561	2.73775718397318
nucl1458	0.642850995816951	1.22681019509965	-1.61836150263091	3.32094054486633
nucl1593	1.02726062780415	1.32976587247803	-1.35875421329786	3.88150624059192
nucl1595	-0.906345502491001	1.32818514093851	-3.74549207272833	1.58734430988305
nucl1622	-0.580040368666993	1.4229963652455	-3.56728980679564	2.08555331764235
nucl1630	1.43023941321227	1.42994385180804	-1.07430800835447	4.51791698474553
nucl1633	0.616820835620943	1.42100087469241	-2.02168451972674	3.61195060430957
nucl1643	0.0829717145686786	1.44538681710399	-2.80936732621906	3.02943951390982
nuer1246	0.0792188434765589	1.42731929029374	-2.79032930472595	3.00069844318923
nugu1242	-0.146252911117361	1.25945867420782	-2.71077550499166	2.27979061943391
nukn1238	1.20056479515428	1.22786650824695	-0.968649289446568	3.80412111929518
nuku1260	-0.565305260879861	1.30896991173681	-3.36086480221422	1.83367377938952
nung1282	-1.45955556244674	1.35005949513786	-4.49473411737664	0.922122634316096
nusu1239	-1.58431901383207	1.3645177217918	-4.63421788666289	0.745309390448246
nuuc1236	0.471726005116109	1.38980935377271	-2.15339047272909	3.40427703515062
nyah1250	-0.329217693316864	1.4203539939621	-3.37741180802704	2.45517219919187
nyak1260	-0.40972571631378	1.43141554705434	-3.42123159557833	2.38929956836897
nyal1254	0.57233875549154	1.35782240189984	-1.9424719179349	3.38940518293977
nyan1301	0.458032340408294	1.32078871654908	-2.02789005549415	3.26870758918099
nyan1307	-0.357758135059975	1.35807740394298	-3.2279833465404	2.19667557936844
nyat1246	-0.439669436015676	1.34863521033007	-3.23422035268481	2.16029868508202
nyor1246	-0.420310298532367	1.39468817562128	-3.37531943741632	2.19063465515667
obok1239	-1.22581776678755	1.38847239232342	-4.166384401409	1.23217856439349
occi1239	-0.462955107223491	1.39704129609104	-3.35844896785861	2.17202616779093
ocot1244	-0.895875509259422	1.26993976607649	-3.55165717088157	1.49755759443438
okan1243	0.352615585809462	1.38001587030588	-2.28216811072244	3.2981755592048
okin1246	0.124641517774774	1.45109631320927	-2.77619390029255	3.10473436164571
oksa1245	-0.248831549285805	1.23247715009142	-2.84420956771	2.04867770003719
okuu1243	-0.000637385232376154	1.21125581193357	-2.49792110162025	2.38759234839404
oloo1241	0.462049219338877	1.26287055007794	-1.89600676432826	3.13380130741993
olut1240	-0.163174608941712	1.124237863603	-2.42170457747361	2.13006144220637
omah1247	-0.478423729475392	1.35312631038614	-3.28167072728412	2.04637286101329
omie1241	1.45017063871322	1.41760277590627	-0.955408239067334	4.57672416706709
onon1246	-0.410152039352395	1.42112698321858	-3.37449488559794	2.26967897858743
onto1237	0.941426857652367	1.30629639180597	-1.42844139717634	3.76963083456835
oriy1255	0.67642368026446	1.34255367625428	-1.77487578691636	3.60536916675047
oroc1248	-0.00563530831313284	1.41300110084414	-2.88157153516531	2.83614018953313
oroh1237	0.856839285687909	1.38484229004416	-1.68905027412082	3.89716139612157
orok1265	0.0240595996418113	1.49591268960629	-2.99110076269285	3.00350569109637
orok1267	0.648068060178594	1.38162024936723	-1.88995265608399	3.54189070957478
orow1242	0.0646051086072742	1.15541503761981	-2.1534805607259	2.42248457132671
osam1235	-0.251191142431513	1.39160404847269	-3.14247573166995	2.43632263211255
otta1242	0.480304305422438	1.34552848609197	-2.05254854724691	3.34997957938716
owaa1237	0.581510582299843	1.38441829185173	-2.0697274761646	3.54835070712376
paaa1242	0.788093634865554	1.39132667669091	-1.83587721063161	3.7204238158154
paam1238	0.936129028565524	1.04748027430875	-0.999499160131349	3.17141889410084
paas1238	-0.722290671209534	1.3691575347412	-3.64214357756295	1.80029707223052
paco1243	-0.631185167547346	1.39787166933453	-3.5688462716561	1.90668485801988
pagi1243	-0.445898188286324	1.33687386840011	-3.39069839835438	2.05741360089644
pahn1237	-0.80372442067015	1.36762458066546	-3.74049893443595	1.69757927586394
pait1244	0.507575283208266	1.09283351283008	-1.58770538259603	2.77708875878862
pala1344	0.445267630040679	1.35422127524315	-2.10384800966794	3.26271531002594
pali1279	-0.319268518663276	1.41639634384032	-3.26832971268656	2.38328154352429
pamp1243	-1.27761786098605	1.30367083798088	-4.04294820396309	1.04664412229555
pana1305	0.850450239324552	1.32822320352167	-1.57468577459714	3.67900677805599
pana1307	-0.317860869390064	1.34630221284046	-3.12974644261781	2.23843894146096
pang1287	-0.351408171512652	1.3705735270635	-3.23849067166739	2.33630976617407
pang1290	-0.738025201316567	1.18548109287686	-3.2299620971431	1.43211209025935
panj1256	-0.551206784809208	1.28103124425545	-3.14298815149839	1.90446050040172
pany1241	-0.720334630280564	1.37740954369136	-3.68777747687765	1.81091181424415
papa1238	1.07706675473074	1.35473531467818	-1.36452890110573	4.00392775411516
papa1265	0.875942021181112	1.30674109681196	-1.41078536698875	3.70864771992273
para1301	-0.464362721615486	1.33934495252176	-3.27794630797568	2.11551713463519
pare1272	-0.466491238450851	1.36608469271247	-3.40487297683808	2.09486224775892
pate1247	0.124661373254167	1.0757789039879	-1.95219953140278	2.23549954506566
patp1243	0.670863452128602	1.25500468627799	-1.68140874920626	3.40505034099324
patt1248	0.67346947486292	1.3640621712808	-1.85270764035054	3.61599958449178
paul1238	0.457292167430067	1.34561924406528	-2.07892655194929	3.32051599441927
pawa1255	0.690372779058744	1.289782979078	-1.75087375403096	3.36049759657257
payn1244	0.898106321397528	1.21825677589938	-1.40559320500959	3.42814069513232
pela1242	-1.31798930921747	1.34326294007641	-4.24722252399282	1.01986717414452
pemo1248	0.31839228360428	1.37544274633368	-2.35823440230801	3.19109849891719
pend1242	-1.15777621529882	1.27711269406518	-3.93593729191707	1.08352470379408
peng1244	0.327126855221655	1.45112537868607	-2.44409026655379	3.28833551164352
penr1237	-0.483374877945502	1.3009152309634	-3.22405332350863	1.89870976974698
phai1238	-0.214646976929483	1.30823103276052	-3.02588425024768	2.3283584794567
pila1245	-0.354430777664812	1.41843488937082	-3.26560373560986	2.42950023831241
pile1238	0.909580901898333	1.22188521219514	-1.30680120329639	3.51626529843214
pima1248	0.753193104528212	1.34359241982879	-1.72448313655894	3.61938819729025
pina1252	0.437656879508427	1.20828054302203	-1.92096875187423	2.90209676346886
ping1243	0.307360086400317	1.41346146789147	-2.36254930702252	3.32525066881297
pite1240	-1.22852487430414	1.39175144231029	-4.20042553059067	1.2982067941911
pnar1238	0.155999396325411	1.23133959355566	-2.41900299984429	2.5592700826595
pohn1238	0.223538401979847	1.38905540629985	-2.43402050345306	3.07727673187632
poli1260	0.407293198003698	1.34263503124294	-2.12976206373307	3.23430596041477
popt1235	-0.136151755540366	1.24848236861141	-2.70982526225791	2.35959771520047
port1283	-0.423556637941437	1.38434734164471	-3.29447686665077	2.150854034251
port1285	0.737905145858426	0.988981840741289	-1.1657467691684	2.77302432829004
puka1242	0.893738741380411	1.32686547683213	-1.53265029705434	3.79973722371332
pulu1242	0.205102297679596	1.40338117135885	-2.47456031223255	3.22977417304936
puma1239	1.4236377149162	1.27117433968637	-0.803323603575723	4.12282825871229
pume1238	-0.61613762221283	1.42905313409368	-3.72075910522925	2.11231255075992
puoc1238	-0.678027804532379	1.42249571674768	-3.7096060718827	1.95258583306392
pure1242	0.302240124320092	1.31353111724311	-2.17302434517806	3.06992448009894
puri1258	0.662101914612645	1.31462353926992	-1.79244686617774	3.49183546340425
qanj1241	0.0354287838253625	1.28232959769133	-2.52892493888116	2.61539374157428
qawa1238	0.475793243890716	1.40734818066212	-2.22068476054285	3.37827126157351
qima1242	0.341199178376962	1.4024812631393	-2.36968921094353	3.25576188823614
quer1236	0.359346088953264	1.26722139050593	-2.21097736011852	2.92393018891239
rabh1238	1.0059403086813	1.27508871301206	-1.27678288289632	3.74962992823291
raji1240	0.545048546611363	1.26574106779483	-1.80337146862547	3.17185494940837
rapa1244	-0.506012850244727	1.30194353928781	-3.32498090428757	1.83325267701735
rapa1245	-0.466337612386586	1.31733486911381	-3.23464207520103	2.00088463070517
rapo1238	0.938001304890825	1.33995587479537	-1.44258427596858	3.77928543170028
raro1241	-0.477776585505377	1.35956593725489	-3.33034912122217	2.06652312315594
rata1244	-0.866290341449479	1.3340145792451	-3.70297735440562	1.6585847338504
raut1239	0.492070735291677	1.26086207281248	-1.89766150450695	3.09391986777796
reja1241	0.218647631712461	1.28841423887943	-2.29976036301895	2.8527353744115
reng1252	-0.995310560505932	1.41414857205356	-4.08860763624482	1.45686791569652
renn1242	0.9451733556111	1.2784490235526	-1.32856455093128	3.71010622713451
rere1240	0.670400845076667	0.95273282448913	-1.15110241611417	2.6057574097261
reye1240	-0.385155687036088	1.27353605136914	-2.96632713445516	2.0475997829769
rian1263	-0.632986793516062	1.45504407003358	-3.69386001455452	2.12362089663559
rikb1245	-0.420527086661309	1.39412535868062	-3.38179309424628	2.18520610427798
roma1326	-0.565996310894258	1.34398903984029	-3.45494703382653	1.84840693138365
romb1245	-1.32567310820396	1.39263337059079	-4.37078134436992	1.12067594651024
rong1264	0.318926050697477	1.30025372534062	-2.20529363997003	3.02023596010309
rong1266	0.978491961087925	1.11633461874267	-1.06184221230012	3.30289545382182
ronn1241	0.692545614228007	1.19830832884468	-1.57893589626944	3.17829106224388
roto1249	0.917162853696456	1.30209127346724	-1.38185442508042	3.73745903669141
rotu1241	-0.800900582599765	1.31722593491923	-3.64620313700044	1.62586605407047
rovi1238	0.407356510724956	1.24883022083967	-1.94088609195931	3.1133495209118
ruch1235	-0.624458327997295	1.41906755671524	-3.6438218164095	2.02482487624452
ruka1240	-1.02151221692611	1.25908293580723	-3.64751701144744	1.33538958415791
ruma1248	-0.82966689742978	1.3642587656488	-3.76330465712967	1.68019185516494
rung1258	-0.224864337975763	1.48834035735142	-3.30545905902314	2.72797479531493
russ1263	0.398749684866808	1.36470253270749	-2.19326233227304	3.19670245502128
russ1264	0.0858475789360005	1.43254262593152	-2.74230255752048	2.9543183610925
saaa1240	0.867151476853093	1.3736600433795	-1.67746001159332	3.86633093579213
saaa1241	0.615413311630898	1.05043149946807	-1.43587248870516	2.81934009857249
saam1283	-0.430907956346488	1.3955713733249	-3.36101786416361	2.23082944010295
saar1237	-1.55139901358211	1.30848168525564	-4.42761276505265	0.730933543974388
saba1268	-0.588599848930747	1.41112281210446	-3.63311524655365	2.04932920407018
sabu1255	-1.14060714571549	1.34159840509891	-4.02568336577518	1.28071924478419
saga1262	0.289088806105989	1.28656879761861	-2.27081058781081	2.98494857626556
sais1237	-1.23452965615886	1.31295424343968	-4.00129717414217	1.14027178598198
saka1289	1.1726203948722	1.23283151111832	-1.03369532502417	3.83594340479032
saka1291	0.393967913615282	1.3673510714984	-2.17382238739096	3.27122072756057
saki1247	-1.48952165676338	1.30822922035921	-4.31169225860324	0.794657993092908
saki1248	-0.603822119439621	1.41442720073953	-3.65070123481649	2.00892900056814
samb1305	1.18188786931131	1.24809453383588	-1.12442014547056	3.82192715465198
samo1305	-0.532762559404152	1.36959611096448	-3.47395658132949	2.06011156745618
sanb1241	-0.964684323789354	1.26196025433911	-3.49836642728836	1.43842782408913
sand1278	-0.73261533516117	1.36077638702738	-3.61971611912446	1.78411660162396
sang1321	0.346281458210544	1.13401168762359	-1.8196340536597	2.69817673751364
sang1331	-0.203045893200543	1.36129493479882	-3.09308330478283	2.42441327630127
sani1269	-1.31734141906783	1.36700059912789	-4.28450857340203	0.999575822915137
sanj1284	-1.06980215750397	1.28288673815521	-3.84447057696722	1.34562043475373
sanm1289	0.208818180699975	1.380672135892	-2.50575633131539	3.08085876934542
sanm1295	-0.333626957383754	1.23707212978632	-2.88389081562085	2.08208116863708
sanm1301	0.594304959990394	1.29385161493703	-1.86305557703679	3.29390895784036
sant1436	-0.0840121548513314	1.20310579042978	-2.51563746624362	2.37812075005049
sanu1240	-0.559817357673291	1.27041394000862	-3.26890956467375	1.89554661280448
sapo1253	0.916353168905313	1.33004489703024	-1.45216986592355	3.74456573185294
sapu1248	-0.830678489145701	1.38157410726688	-3.95014158498569	1.70622835446204
sara1327	-0.928265108260058	1.25737615692337	-3.6494990778308	1.35173807700982
sars1236	-0.576246742440546	1.35072183591786	-3.45208957783044	1.9555706597403
sata1237	0.22268107096111	1.4095119847938	-2.45987206158675	3.15788914827063
sauk1252	0.866995520501254	1.13829415778373	-1.2410593965799	3.17528072168613
saur1249	0.494554541605034	1.42994063545509	-2.25021162925664	3.50832563269494
savo1255	0.291398787614021	1.22241329579509	-2.10511887336199	2.7984494812035
saya1246	1.16214355036235	1.2822862157792	-1.17938908425898	3.92855467760881
seda1262	-0.901194047216463	1.41153012598076	-3.98172839521784	1.62374654582407
seim1238	0.459743062889314	1.39714180383967	-2.20541088261159	3.48021130166969
seke1241	0.625036674856269	1.05110662757107	-1.39441814118052	2.78595307539876
sela1259	0.440873135513219	1.36587845375751	-2.19374346175578	3.35454990592873
sela1260	0.813418094284956	1.35534496418806	-1.66425776361138	3.73392344557333
selk1253	0.117235786291183	1.40380629726841	-2.58112760576111	3.00740458833716
sema1265	0.340052884054442	1.27662624448465	-2.21698292542273	3.01369434157905
seme1247	1.41670523880229	1.32404151480642	-0.895492121559988	4.29110887201683
sene1264	-0.45122872379066	1.39343916498737	-3.41706900930078	2.25001694316856
seri1257	-0.398086140056896	1.3994917932283	-3.40982705847081	2.18053217333904
seve1240	0.540103868488594	1.35121371873492	-2.00670993649387	3.4170942332613
sgaw1245	0.415369116682531	1.32625014871684	-2.13117350644824	3.11532714279745
shab1252	0.169885389729154	1.33232259902352	-2.49096997216026	2.90048934377744
sham1280	1.04402088679019	1.28021921305164	-1.24050065037305	3.76623924889082
shan1283	0.379580096295846	1.36087320616838	-2.20438612052437	3.28855023349548
shaw1249	0.486044406244723	1.316466024281	-2.09517213790579	3.21117374106677
shil1265	0.0537939006472849	1.4253117717819	-2.8273323017872	2.96634989057148
ship1254	0.0451197775893362	1.27809733596474	-2.47492505560855	2.7184840912085
shix1238	0.703018611008091	1.31345297580912	-1.74874347536287	3.51689142578116
shol1240	0.0949441406550495	1.40545664471303	-2.66563416917583	2.91003584491644
shon1251	1.34863649534924	1.42558157686954	-1.138973693329	4.47015084378507
shor1247	0.0305988604659434	1.42926891679923	-2.7748718936803	2.93282370933366
shos1248	0.292462107842273	1.32800408525488	-2.22865209978165	3.18143094976735
shua1257	0.487616538351943	1.40489141385755	-2.25679412198232	3.3594850507866
siaw1243	0.918355567302236	1.31107490182577	-1.44307065928183	3.77116677135393
sici1248	-0.410859528640563	1.33284401486778	-3.25053416203129	2.13743486909849
sici1249	-0.331140386753036	1.34123814225274	-3.07978316495599	2.29300675062531
siee1239	0.597124579780472	1.22522240075725	-1.73240891531273	3.16850564378086
sier1250	-1.17349383742076	1.29053405148963	-4.00272716833082	1.18416759678724
siks1238	-0.954387228022168	1.34407229872986	-3.82736211998729	1.51130131646859
siku1242	0.607909797473313	1.36047277576101	-1.9555303552084	3.48361102022151
sile1255	1.10157171121803	1.22899871676119	-1.10782036476191	3.76488536615394
sina1266	1.3148917082626	1.42475785174721	-1.17783302524984	4.38100746947425
sing1264	-1.1894727391234	1.27048092252343	-3.89916839689806	1.08424686559725
sion1247	0.669158517196522	1.27975938661455	-1.70152267204823	3.3959347597613
sioo1240	1.16096855910674	1.28296710870331	-1.15728520502308	3.92518633075729
situ1238	-0.0201417587848854	1.17778057028587	-2.31376213078431	2.25652417738331
siyi1240	0.424647584135429	1.12064563233344	-1.77136491538239	2.7334258911293
skol1241	0.191739408703507	1.39673577316156	-2.55437301804051	3.08190137631289
slov1268	0.349659973400072	1.36309541517601	-2.25551118798523	3.19710055473963
soch1239	-0.998865471056793	1.28558149154683	-3.76039623418629	1.32197502008531
soga1242	-0.407945344665986	1.41418287998093	-3.37395295914305	2.32739071473139
soli1239	0.150970025767057	1.32076319008621	-2.47643235626648	2.7625686256222
sons1242	0.218516188014555	1.37955938837492	-2.52438024872555	3.07450195993908
sooo1254	-0.548240037344834	1.40813623772223	-3.53025908462184	2.07465111056631
sout1528	0.393311407654529	1.3366491773471	-2.19474174809443	3.14727198449414
sout2649	0.344957081344583	1.37458703357192	-2.26671951285718	3.23810057417932
sout2674	0.209709480306683	1.38502259868857	-2.42535332366327	3.15019088358352
sout2679	-1.74948761103367	1.46205091240058	-4.91852083515292	0.802379212522545
sout2715	1.13101937036541	1.14822117497515	-0.970569334916568	3.58910871920861
sout2728	0.178457960177249	1.24952954957604	-2.26413632298413	2.7121570848243
sout2729	0.51275358108237	1.31036904879526	-1.96913823519294	3.24604020484045
sout2730	-1.61022866246582	1.37522888669498	-4.62010434064221	0.771207955126844
sout2782	0.968164299329763	1.21237635814176	-1.32378919134543	3.46936790137296
sout2807	1.40560173606609	1.4141352493371	-1.09635527478731	4.4604939777521
sout2826	-0.24037939936625	1.35382171892796	-3.09795342020409	2.35467747918798
sout2856	1.0884178038435	1.27916953711031	-1.17950174042352	3.87302209457307
sout2857	0.731905791233853	1.0255821847394	-1.24700091890613	2.8617372755382
sout2859	0.812758879447887	1.02376787128843	-1.07802563827444	2.96349856109558
sout2869	0.406138866665192	1.09668153457033	-1.68067803874226	2.73799540115914
sout2895	0.43666019763903	1.31397475307601	-2.04662842520572	3.24480095936308
sout2896	-0.421023157422029	1.20523622467728	-2.85030015460883	1.93052583817454
sout2918	-1.26995643707143	1.32773432427563	-4.18217176876511	1.05681420481214
sout2954	0.111467183540534	1.41965606485917	-2.66222583223975	2.9878574504648
sout2956	0.482967281424564	1.38164299964854	-2.08212831323755	3.47634805518464
sout2959	0.863269107276893	1.35172233998747	-1.64042912905156	3.76143497804956
sout2976	-0.0588942147970429	1.29704646669683	-2.66035331097806	2.61663117973568
sout2985	0.306627096960295	1.32351585789058	-2.28022412744889	3.0987361509769
sout2994	-0.479899338039625	1.37960288622287	-3.42161110773273	2.11204366823639
sout2996	0.460555391951238	1.40504274716193	-2.18488918160592	3.36932319845596
stan1289	-0.382970162841473	1.3299717075999	-3.33347255805291	2.06000181554215
stan1290	-0.396045980151933	1.36205673712602	-3.22749220927793	2.19679123631989
stan1293	0.201096085780829	1.35353454727694	-2.39218770563921	3.0941488245772
stan1306	1.11192492576551	1.3261632321726	-1.31063359846507	3.97950651630728
suba1238	-0.384549309689084	1.35501375104498	-3.1642492153955	2.133801740957
sude1239	0.470017280338309	1.43140107992253	-2.27165633028142	3.5444958146945
suku1259	-0.231638154971747	1.40883515985344	-3.14274137579051	2.47078713202188
suku1261	-0.303124571246225	1.40318623529732	-3.2539624417397	2.46954043985189
sumi1235	0.163462675888744	1.08967893791612	-1.98922857720359	2.35114813948797
sunw1242	1.80004625637606	1.32435818378854	-0.454149740425405	4.66458330363793
supy1237	-0.340176075097608	1.40015619120644	-3.19337932930061	2.38871084288896
surg1248	0.141919085511498	1.43673859147477	-2.69889912497525	3.09260551023622
surs1246	0.645058291586042	1.26760322265983	-1.70122614609196	3.32855831305283
swah1253	1.31428037357677	1.35392046994492	-1.05077596669817	4.24044893782338
swed1254	0.27156053605737	1.36131467505553	-2.33845553934861	3.0809975367429
taba1263	-0.655224157434274	1.44381215656558	-3.76972223183147	2.11658713005405
taga1272	-1.33096181708455	1.2552132445569	-4.07610849403495	0.824897370838464
tago1246	-0.036781663926065	1.44450372033599	-3.02168546781944	2.84158182000842
taha1241	0.27451027285167	1.38214899952855	-2.33660772221152	3.17477892649662
tahi1242	-0.480785975912503	1.30339054053109	-3.25932941895897	1.97252482800331
taia1239	0.580606486168952	1.26121319299157	-1.79121566538096	3.21710900439434
taji1246	-1.08393744787895	1.26448945529739	-3.77250036105071	1.18024252212764
taku1257	-0.3341339349694	1.25290631914739	-3.00923682507742	2.06708214358088
tali1259	0.700582551890415	1.24794720706807	-1.62231504804631	3.35454175843506
tama1331	0.282452847738398	1.43005916920521	-2.52443893182929	3.19854466014441
tama1365	-0.046247718197795	1.28707053902544	-2.61692615193538	2.50176207026357
tami1289	0.0616440029744236	1.45539000071372	-2.93130965916762	2.99604732465084
tane1237	-0.251829709736361	1.1557641244195	-2.62822548771607	2.01075022645233
tang1336	0.988428625305614	1.1308659423749	-1.05268290062533	3.42492060610063
tang1347	1.09471652953635	1.16184249648961	-0.966639179844405	3.54554596564523
tang1348	0.647076729163964	1.31702769176568	-1.77943560399231	3.44694239484312
tang1373	0.654286241446045	1.36534383393714	-1.90842069788285	3.59877870753919
tang1377	0.137963167460632	1.28237975309893	-2.36369708182825	2.82168189272897
tara1313	0.959580563403061	1.09189518793568	-1.01241870962331	3.20184216611512
tata1255	0.197194727135729	1.4459867867849	-2.64794648442077	3.19123996507966
tata1257	-0.882742377083365	1.25168259594122	-3.60574741266864	1.37813411524445
tata1258	-0.656145570546659	1.25141587956298	-3.27154990511684	1.73173638782016
taul1251	0.470189330803535	1.23951724860042	-1.82843227534303	3.02605473267488
taus1251	-1.19206279946516	1.35003405835573	-4.18104741000213	1.10745398193042
tbol1240	-0.0771930320864494	1.08906357285192	-2.32648105549093	2.02497525139435
tean1237	-0.174804441943672	1.14905445109896	-2.469621942253	2.1229965337769
teda1241	0.0721606189067276	1.4221639926059	-2.86513024214034	2.9528094444366
tedi1235	0.299348655348388	1.14156755593412	-1.91715717533539	2.66651346106411
tega1236	-0.00949406795095102	1.45309899809175	-2.98851763390923	2.89268659018779
teke1275	-0.243269334753128	1.39078757636222	-3.070633242042	2.37340814440354
tekt1235	0.170371811946358	1.24060248671827	-2.28476254612248	2.71451639436341
temi1246	1.07180579722285	1.39450100161177	-1.41306350646647	4.08037726203441
temo1245	0.58295522041173	1.25575365910213	-1.77106413256988	3.26031811946967
temp1235	-0.601251444103477	1.17123409373395	-2.99521488207882	1.61900975473134
tenn1246	0.0284402607254804	1.36232595834082	-2.67570935024765	2.77004738053875
teop1238	0.926473613589229	1.32161095009573	-1.38123021890965	3.81716663109464
tera1251	0.105901836089209	1.2574134939479	-2.41865624081437	2.52223384478517
term1237	-0.681537709346349	1.25081861205053	-3.25641700009044	1.74291848770859
tern1247	-0.710209210541252	1.43904170848018	-3.8155652627207	1.92082484458468
tete1251	0.829024993089158	1.22874520160558	-1.45873122923132	3.44671335432445
tezo1238	0.0444649041941704	1.23653523068991	-2.36889214714598	2.58616673225582
thad1238	0.632973396405082	1.09216591124538	-1.43327452803255	2.88748120096222
thak1245	0.871091054323306	1.26496598131559	-1.46204156587138	3.53998509574062
than1259	1.29179139757765	1.35648637028112	-1.09817696606732	4.14142435964006
thao1240	-1.83014632365005	1.34284778778239	-4.67565588888077	0.473393365965267
thul1246	1.25331794614866	1.30180798388947	-1.06100711048192	4.044012946322
tibe1272	-0.370578254477742	1.25662042763221	-2.96533478803605	2.0552566938678
tibe1274	0.266837687754337	1.24931919119865	-2.24201912220105	2.79831812245903
ticu1245	0.237310935375155	1.43044532321184	-2.60963643791051	3.15504109929834
tief1242	-0.130824318326935	1.18829967783209	-2.46371546165469	2.26238907839757
tief1244	-0.0585727072425846	1.2071516142919	-2.48203674452121	2.40345490165689
tiga1245	0.645232452669542	1.30736092234902	-1.79454140875341	3.4262982985729
tika1246	0.906340401789408	1.30544046371957	-1.55552772464918	3.68366866925743
tiko1237	-0.680297478244625	1.28418587341731	-3.46004776027045	1.68620823738198
tilu1238	1.69306441360376	1.30144698727902	-0.52451606229677	4.51828425994232
timn1235	-0.34319719714733	1.3864877796868	-3.28155762556269	2.36564067130817
timu1262	-0.954089552913169	1.29217950697029	-3.71321950504085	1.34429159168861
tina1248	-1.14662099217086	1.27084336569439	-3.91999239938915	1.07590146802952
tiri1258	-0.171490644214747	1.15217072332378	-2.49237099640546	2.14861827154969
tiru1241	-0.415538172056496	1.12731660741999	-2.75161602106839	1.69921764230197
tita1241	0.858396661385494	1.339490551179	-1.57925683017701	3.8406684101086
toab1237	0.691188255704177	1.3083644388471	-1.70571504286412	3.48293356029008
toar1246	0.794319785771028	1.29429294839758	-1.63521422013582	3.55102389753388
toba1268	-0.641154514458683	1.42773015298464	-3.67178955832585	2.03539395989937
tobe1252	-0.587434474575837	1.43373710954932	-3.73428560141919	2.06203983903186
tojo1241	0.104948207776322	1.30194070686749	-2.47920883708804	2.76460186426288
toke1240	-0.507555639786188	1.33014985255426	-3.38695630915973	1.99795686654381
tolo1255	1.15586849337559	1.23282350464168	-1.06583581713602	3.73068963759047
tong1308	-0.620460337607648	1.34374813641315	-3.50706550719486	1.84065427822878
tong1318	1.36767992005807	1.42080468276368	-1.09302033945362	4.39356364218911
tong1325	-0.529904472989835	1.32594297497217	-3.42598956962878	1.87802252352225
toor1238	-0.353347435887254	1.30409370215072	-3.04104730115252	2.1192614984974
tora1259	0.790178831453707	1.30934766422098	-1.55034061264431	3.61929364508769
tosk1239	-0.620581333944146	1.29245455711238	-3.32694550706149	1.84460829059099
tote1238	-0.141780135701151	1.33297843474212	-2.90204265482826	2.44286659452528
toto1302	1.30755405654218	1.3327942527209	-1.01457155494054	4.17955703287035
touo1238	0.243157141051098	1.29086254708199	-2.27235729915175	2.96708904526275
trin1274	0.747626675920353	1.32430388822644	-1.69201417065184	3.52894687076864
trio1238	-0.803097820693662	1.35072522483207	-3.69354511711519	1.73842697354339
trum1247	0.451179123546701	1.297337556703	-2.00530999803288	3.21656525041996
tsam1247	-0.928024864503041	1.20207769428835	-3.50337271420971	1.28457966732344
tsat1238	-0.633489030612113	1.33822637193426	-3.48994052087834	1.75422674940863
tsha1245	0.787541461243262	1.2393356381681	-1.42560296873292	3.48697355344731
tsix1234	-0.804973773070584	1.39939713824134	-3.73789122313339	1.75825755082167
tsog1243	-0.260306994965647	1.40998816206528	-3.18365651356631	2.42329789933332
tson1249	-0.22575524319126	1.39017586829625	-3.08968991167911	2.47270650804885
tswa1253	-0.430833508512685	1.40390516432845	-3.47918172603668	2.20863196154596
tswa1255	-0.247242655502681	1.37934900867441	-3.1761444479591	2.30997686283315
tuba1278	0.695956056396474	1.33194044561818	-1.77833228574723	3.47295028897609
tuca1252	0.156740948061126	1.22384675797699	-2.27372318622498	2.72290528154543
tugu1245	-0.248980417495791	1.21641853922804	-2.6329151757753	2.23747194674185
tuka1248	0.545850919899906	1.3544987511617	-2.06655982754428	3.46543173777223
tuki1240	-0.148630453349668	1.27686149597594	-2.73712592850237	2.37530758914608
tula1252	1.90763710548984	1.26543857509274	-0.268266130232268	4.65153456954258
tulu1258	0.107098851131703	1.49077430990105	-2.86991148178626	3.13055777893209
tung1290	0.605545678814421	1.36339022743308	-1.91292645425578	3.52997803207034
tunn1238	0.315676511616945	1.41815380229731	-2.43196228400151	3.2464977222485
turk1303	0.0561705649314124	1.47715101698337	-2.77645065131132	3.02078121053052
tusc1257	-0.330085486855083	1.42367191836942	-3.32814792735906	2.40341585225403
tutu1241	1.00240775909191	1.12145775889802	-0.987048416949752	3.34902250344884
tuva1244	-0.586626330872878	1.34079436327638	-3.47927571010944	1.86625038191697
tuwa1243	0.279861510820814	1.05015150049965	-1.7779830836156	2.35246329698613
tuwu1238	-0.519092044293896	1.38797064526072	-3.43631511772305	2.09345020171503
udih1248	0.0490910644331256	1.47932104413674	-2.9201577169892	3.05214023887684
ughe1237	0.299371946631047	1.27364928711359	-2.12389460529512	3.03101445927392
ugon1239	-0.587498719744022	1.32344954174657	-3.39206473447415	1.90810959461427
ulch1241	-0.131300051064487	1.43663606208955	-3.08278517993666	2.82819729285724
ulit1238	0.232591424352427	1.40997453909233	-2.48140973571578	3.16309454683583
umbu1257	-0.173149497250753	1.39427906972232	-3.10126602222011	2.5676694177373
umbu1258	0.604636512600836	1.18503249764755	-1.63788936419532	3.09094521457273
umes1235	-0.0418905051159008	1.37495973384955	-2.7485777085216	2.80986645309184
unua1237	0.652192852802522	0.950650890139579	-1.14722689093698	2.58712974653332
uppe1275	1.25000771614463	1.30932074164999	-1.04103466645659	4.15558010201754
uppe1427	-0.857493874510505	1.26013566649024	-3.57219872722239	1.43152112607358
urak1238	-1.1467092632076	1.36021813133749	-4.07512811928313	1.24483246363064
urar1246	-0.593152161389532	1.41507016607887	-3.68894153461265	2.13092276895391
urim1252	0.115205549299918	1.2270108154795	-2.32011950950393	2.54794341348799
urip1239	0.686070180972631	0.966575956000812	-1.16147172052847	2.65092978374413
utes1238	-0.998665182791253	1.34501698422442	-3.89373139594729	1.41987663529536
uuuu1243	-1.44491869499553	1.37666444501756	-4.5485572820075	0.935279080714076
vano1237	-0.103229260314765	1.16104010330464	-2.44174934576912	2.21186449374554
veps1250	0.25974476187602	1.35362757804802	-2.37019400224675	3.10946461396009
vera1241	0.889998170006928	1.27394192754687	-1.37902428533875	3.62921966053327
viem1243	-0.232033002922931	1.28216126400333	-2.82344785003179	2.29460683097775
viet1252	-0.41086889301276	1.45072453485905	-3.47228523598075	2.27705130700732
vunj1238	-0.170201027482181	1.28576913865296	-2.82145643914467	2.36574758017504
vure1239	0.892043602973676	1.27052992710324	-1.35294228470925	3.62970847434456
vwan1235	-0.408360573801737	1.39389244518152	-3.33534315916176	2.24100589333389
wadj1254	-0.0304146769538858	1.38166854654511	-2.80237504757774	2.71482043632993
wage1238	-0.274665650478584	1.40992313560198	-3.19701448360776	2.46985271968122
waig1244	0.103727914661224	1.31357818304168	-2.46175506089312	2.76871550144001
waim1251	1.0218455734778	1.33901480421533	-1.39056813529823	3.90761566286493
waim1252	-0.950353884289528	1.22939869056409	-3.62228497009089	1.27743631916172
waim1253	0.516243316194712	1.41362832861724	-2.22422509811689	3.47867535044442
waiw1244	0.443284211946078	1.37282446002325	-2.23848702967354	3.38869211581027
waja1259	1.7885665124747	1.23764837235824	-0.35126813501327	4.48633347024024
waka1274	-0.590334425639934	1.33330903375969	-3.4289796289425	1.90283857233416
wala1266	0.799706973166312	1.2794394807085	-1.49469043656256	3.49884738146785
wall1257	-0.74228459605701	1.33777362818476	-3.56598571621809	1.68170303484754
wamb1257	1.65862673526582	1.29368210270378	-0.529382557597114	4.45627048529424
wanm1242	-0.503984186649003	1.34118564242183	-3.39137932664735	2.01642631737616
wara1294	0.428394812116187	1.40162926545489	-2.31341553590467	3.32331162861079
wara1303	-0.364666107556363	1.40420616346333	-3.33718380185223	2.34609634590931
ware1253	-1.17878558701994	1.32779556719707	-4.05344870867238	1.21151267234654
wari1268	0.263715605609366	1.36585077466503	-2.44714094960751	3.05845382606371
warj1242	0.397095135958218	1.23541928878982	-2.08025988700971	2.87718902983226
waru1265	0.803523677723599	1.35585565885934	-1.67317374187047	3.79444779913061
wash1253	-0.388083523193423	1.28971960324618	-3.04223264491282	2.0945190297681
wawa1246	1.23803654687743	1.36773892662037	-1.20787980760476	4.20305545754486
waya1269	0.059324458774113	1.25689360815091	-2.40343009047765	2.5739352959731
wayu1241	1.77344827877651	1.30968572024523	-0.495229047938578	4.61931631152239
wayu1243	-0.146093656802387	1.34937508463484	-2.93089921161815	2.43805322227171
wels1247	-0.556850503285692	1.33554336023908	-3.45390424371927	1.96955042182897
west2354	0.42135544778059	1.44838004645336	-2.30198933543469	3.49899899783991
west2369	0.380492280551672	1.36417916270286	-2.21990801455937	3.27060098629843
west2386	-0.383937429710794	1.27627702872748	-3.02062853108261	2.14314233379475
west2396	-0.777167582204374	1.34824237334035	-3.66767633964888	1.66335134652083
west2397	-0.535640218706825	1.42280401105258	-3.47886061463323	2.21247527205465
west2415	1.33953752829536	1.1781833801098	-0.73138817202757	3.83079369600966
west2418	0.711566658562753	1.23134404915119	-1.57296404521203	3.33792270370253
west2430	-0.505408282183209	1.43204312574328	-3.48338940169399	2.25284104894313
west2466	-0.23639840392786	1.21462560950721	-2.68781775597229	2.14792516358732
west2516	-0.0522049776936101	1.18121891378863	-2.41336646310557	2.26675868487411
west2519	0.996336865402082	1.31285975380614	-1.35237831864355	3.88772952092037
west2538	0.429023705714005	1.39097951812176	-2.21594679110917	3.37353003293773
west2548	0.547044378745259	1.31844365543862	-1.90720280751444	3.35064206449403
west2557	0.514881384313746	1.27613192735878	-1.91899847460533	3.19657517267899
west2560	-0.473036502306473	1.13457675096286	-2.79111341736367	1.69497741000896
west2594	-0.962999231672805	1.34480546030747	-3.81720852306974	1.45618524312969
west2600	-0.635629898669102	1.45950756360342	-3.74259186260111	2.08556072946896
west2615	-0.585348865481378	1.35508937143459	-3.45201442314469	1.88974403765019
west2618	0.195072967881561	1.38674084629153	-2.55931002785553	3.05965131915578
west2632	-0.605935584635964	1.42013262124069	-3.59543297952884	2.02593523177753
west2635	-0.0276649522516717	1.23707307644359	-2.53432726560303	2.45032265000098
west2644	-0.715260117085021	1.25771676579879	-3.36916314849346	1.62926511542743
west2650	-0.923639359644475	1.34117733441481	-3.72800819600187	1.4891078553126
west2778	-0.59679020532133	1.20173182328392	-3.0963694157136	1.6901032115164
whit1269	0.420416115476119	1.08471929736927	-1.61467613441828	2.68051076293293
wiru1244	0.873048611812942	1.25342630983647	-1.4286138600389	3.53175996924003
woii1237	0.0948792779174573	1.30463811669473	-2.45565645983146	2.79325089285811
wola1242	0.419166850282963	1.26379645115643	-2.06784539955662	3.09431922591887
wole1240	0.169151493259388	1.38581060645093	-2.44495807088711	3.07294363789021
woli1241	0.727140026911335	1.36165816321712	-1.86276127468132	3.75640420217465
wood1236	-0.854196865235114	1.31446471813485	-3.69858125871759	1.53074430343116
wotu1240	0.767813229208644	1.36149745792889	-1.66095157420615	3.74795603826019
wuch1236	0.535438005821725	1.33103062587712	-1.96466199491153	3.33828563987993
wudi1238	-1.26362438136233	1.39306181344804	-4.29036551265726	1.16328408855099
wusa1235	-1.16068099454253	1.3765367698552	-4.15198329001402	1.23468639936042
wutu1241	0.762894065979633	1.32543058543487	-1.64706626159727	3.63897911603642
wuvu1239	0.519128211763987	1.38691377270586	-2.10234207350535	3.46627692785606
xamt1239	0.176970118504543	1.34035371066105	-2.47272751814557	2.94841233704632
xara1244	-0.0895494275191647	1.14862959556031	-2.34572584875621	2.22191721613515
xava1240	0.882574154636989	1.37092874496619	-1.61998194817668	3.85031308100835
xhos1239	0.0662466723635403	1.36674899772578	-2.65886218860183	2.76049443392572
xish1235	-1.5644620967131	1.39470005881248	-4.60076719522288	0.772991058641451
xokl1240	-0.551197048523955	1.35981541881744	-3.43060553091861	1.9914729179717
yaak1241	-1.23514896536943	1.3598389149385	-4.16857049628458	1.15511632246717
yaey1239	-0.0869774980293777	1.41802629018426	-2.97192989542919	2.80685072874496
yaka1269	-0.275147899150443	1.39426272295967	-3.21733964871384	2.33679016996894
yaka1277	-0.0593696995593818	1.24902455307799	-2.58802160362605	2.45185256095914
yaki1237	0.254672027247806	1.42707034912707	-2.54284011524661	3.14256154464104
yako1252	-0.514129044175909	1.32745328664131	-3.36920094335455	1.94863076119639
yaku1245	0.0426422176064635	1.4464198589652	-2.94814909174221	2.97681830092236
yale1246	0.954909085218514	1.3073605905783	-1.42117747499143	3.65517325807699
yama1264	0.533655002661005	1.4269160285954	-2.14624261084469	3.54852587210213
yami1254	-0.973653902300967	1.33791239849569	-3.89437498837042	1.42208661405241
yami1256	0.0881772817916609	1.26025634097982	-2.40668115858749	2.66871012535209
yane1238	-0.31817226668313	1.26759079600652	-2.9045169413011	2.13547146407087
yano1261	0.422612328812705	1.39769961305656	-2.28551290169271	3.3884319926605
yano1262	0.29807191721754	1.42064034693975	-2.46802575708811	3.2531668473914
yaoo1241	-0.207150420939798	1.40364969864842	-3.10120413117859	2.48822290678702
yape1248	0.318731261048483	1.3805230025222	-2.33440303490332	3.27928788297488
yaqu1251	0.309085785296357	1.34437727791883	-2.34758300124132	3.20962549081299
yare1248	1.37653465928323	1.43961059577803	-1.0899587269004	4.45650881547671
yasa1242	-0.398728438504778	1.40033847595556	-3.27939199268271	2.32316171281098
yatz1235	-1.09801939137681	1.27599865069263	-3.81444209061212	1.21241988041899
yaul1241	0.409518208469714	1.23907908087066	-2.03238126224336	2.88631309024631
yaum1237	1.16303799354361	1.21071204274735	-1.00926066270971	3.77148164334562
yawa1260	0.482501439492985	1.34192824409868	-2.03138716382707	3.30936199436874
yawu1244	-0.284392361930446	1.30055561020016	-2.87056217580011	2.26241621799062
yecu1235	0.922397607577207	1.37399726742426	-1.6019993658665	3.91936758806357
yele1255	0.488754493609227	1.41639825167114	-2.26354203067623	3.50600550626134
yems1235	0.662299093445932	1.39311607462139	-2.01844477323098	3.60572683687251
yinc1238	-1.22638668625642	1.36798767009524	-4.16967004024501	1.22126416347687
yind1247	-0.299323998960668	1.26965364179784	-2.8891770497571	2.15979109885044
yoga1237	0.338634765683368	1.09354939521815	-1.85105111293696	2.50139075241946
yoku1256	0.758052511870394	1.35865040623995	-1.74688656881986	3.66018104255793
yona1241	-0.286516620798752	1.38724424146258	-3.12302430775308	2.44159395688511
yong1280	-0.406067580895108	1.32506585491037	-3.229741799608	2.08686521726834
yora1241	-0.0926603846196041	1.2902460841648	-2.67058333120434	2.53672433816347
youl1235	-1.28645423077085	1.30384848736978	-4.11004348427873	1.03650531633204
youn1235	-0.347848136549176	1.40065774682964	-3.27716316832946	2.3593378552317
yuca1254	-0.825144642435334	1.31811563525443	-3.63974453314694	1.55314479830766
yuch1247	-0.567808377232692	1.36891953541667	-3.52924221411627	1.99198218244623
yukp1241	0.460411083711629	1.33391457490331	-2.03626110547412	3.32628135464914
yulp1239	-0.721658214242227	1.27770132952032	-3.45755829072051	1.60603443829113
yuqu1240	-0.270771973235183	1.3025446077838	-3.02433975425768	2.27105655908228
yura1255	-0.2688496079277	1.30312627684008	-2.99117834211598	2.25439708922882
zaba1237	0.484995306054785	1.31939287459785	-2.03136460331028	3.30077576050392
zaca1242	-0.759416161160602	1.24810911016551	-3.35652222405497	1.63029712052044
zagh1240	0.106332639050299	1.45510034232869	-2.81486219984762	3.06075618671518
zaiw1241	-1.32236315551922	1.37218403027953	-4.31754682071773	1.0711650365965
zamb1245	-0.238826726958749	1.40026514079106	-3.1460569288803	2.48852178578087
zani1235	-0.61481548112088	1.26850988040117	-3.25979389366968	1.77456588481823
zapa1253	-0.213248840692466	1.38038154974169	-3.01204662052097	2.49758378771892
zarm1239	-0.203811707286919	1.46375899172622	-3.22685293038646	2.72309273367334
zaye1235	-1.25717315738526	1.32220672388259	-4.07568848550179	1.07229939550137
zays1235	-0.44918877263273	1.21480273143118	-3.00307747612966	1.8827767535598
zeme1240	0.920279710548106	1.11960571404497	-1.13871820669403	3.28025306927075
zenz1235	-0.608721857169428	1.24200350758869	-3.2138747754414	1.7650316285148
zoog1238	-1.10901444701411	1.26930634615117	-3.81033600657693	1.19261428784843
zulg1242	-0.521366349916209	1.1557321603783	-2.9514680404483	1.69400264470781
