Estimate	Est.Error	Q2.5	Q97.5
abar1238	-0.890003243907784	0.92944442951406	-2.86054161488805	0.855427538357572
abau1245	0.428147164425438	0.807787651184493	-1.12468303201782	2.03959972105401
aben1249	-0.489914295469835	0.886338415332786	-2.2506070754043	1.23411923384872
abkh1244	-0.401230438620733	1.10542511417708	-2.65380732975825	1.7430585860528
abua1245	0.452218173693116	0.86023467359463	-1.17327828961011	2.22021910380808
abui1241	-0.147634806256928	0.920505614660791	-1.93231716770626	1.66694172123926
abun1252	-0.475627294938545	1.02455926236303	-2.59221697472653	1.49553717633548
acha1249	0.387539269610569	0.880232438481322	-1.35038171816945	2.14995130114728
acha1250	-0.62274754783994	1.03068505849561	-2.72289203608739	1.36043285906116
ache1245	-0.555925845032281	1.09107659888721	-2.84105776393976	1.49605760415103
achi1256	-0.752663239131095	1.08539460256201	-3.05393033790095	1.26356975438043
achi1257	-0.0245728218217723	0.987523733973904	-1.98210169334023	1.94545092014095
achu1248	0.121598088013075	0.97970548858518	-1.76215322657028	2.09327545332437
acol1236	-0.494680698869567	1.04620546533735	-2.66471261410564	1.48841737114401
adan1251	-0.078229475626084	0.908436766330278	-1.87091765738584	1.72444526467972
adon1237	-0.191733927095677	0.875523437825844	-1.94336885859823	1.45720560883917
adze1240	-0.998828815588682	0.83771276474652	-2.81218899449575	0.519748395655931
afar1241	0.394615002378754	1.02438295253699	-1.53962818463547	2.60858924588679
aghu1255	-0.596061389663189	1.02612213870938	-2.82233507182574	1.28664769429631
agob1244	1.36082161496121	0.975012083814346	-0.411009122742323	3.41889596880524
agua1253	0.574095788345499	1.05272465429212	-1.4533984615763	2.77190619575574
agut1237	0.562823815713249	1.03031186994613	-1.35356691012857	2.7274804734319
aheu1239	0.500433501128113	0.973739380556267	-1.33501147115836	2.54025719798355
ahin1234	-1.18330309675775	0.837368727642903	-2.91894003334372	0.404391525291804
aime1238	-0.34660785974571	0.995012412974239	-2.39390636372442	1.48840894375132
ainu1240	-0.324352384215724	1.08356905514085	-2.5109032628287	1.8314645469792
aito1238	0.589392929542851	0.895626206480064	-1.1375885513273	2.40036195355437
akei1237	-1.55912259537008	0.910410774411353	-3.47239863136136	0.0719324424756416
akha1245	-0.935782103370051	0.855469380800193	-2.69805358959931	0.662607435213128
akoo1248	0.29566247998586	0.965631964541718	-1.61580562233018	2.18916033816525
akun1241	-0.110353365402691	0.99026429992946	-2.07352465421293	1.82852581285259
alab1237	0.588903542558514	1.06309304385087	-1.42067824365926	2.75892363742545
alab1254	-0.248128340500847	0.935207568797047	-2.14947952792333	1.56005971142462
alac1244	-0.987977783850879	0.982475799045809	-3.12988529689866	0.768059268214347
alag1248	-0.0788012017491286	0.9717282838753	-2.00132060600601	1.8385674391036
alam1246	0.378493240236357	0.867063962043577	-1.28629892465923	2.16035191844296
alba1269	0.411216097861371	0.989577286711777	-1.488865167339	2.43933505940105
alor1247	-0.09198297403466	0.899717472558485	-1.89392378517073	1.65535020965807
amam1246	-0.391352855022144	0.86154140392501	-2.12573764437253	1.26105075057042
amap1240	0.349149651235852	0.808140694870079	-1.23785167980491	1.93311457502589
amar1272	-1.33388813071774	0.894930597744085	-3.20442186719997	0.284355670493421
ambu1247	0.458539582196824	0.861878851313403	-1.194112635852	2.2506644056584
amdo1237	0.668992183133105	1.0359679410611	-1.26311121498657	2.80884712716977
amha1245	0.0362338492181162	0.988727436961581	-1.93854058792016	1.98354208979964
amii1238	0.166763271189164	1.03962506752792	-1.85375318737718	2.28200431631021
amis1246	-0.325770367433897	0.839381611689942	-2.02556745140958	1.29553174624769
anei1239	-1.00914717076781	1.01765732587173	-3.14969721891193	0.853705146673207
anem1249	-1.28085515111904	0.892529996473568	-3.16014465005718	0.339257333002078
anfi1235	0.101544137660077	1.04231587185685	-1.95360293620845	2.17761929405555
anga1288	-0.361545780793866	0.836767393872059	-2.05067418225969	1.27464855561632
ango1257	-0.426854360767425	1.06181694916386	-2.61098636029216	1.59417617936574
anin1240	0.400847173986627	1.07721226919925	-1.65770682700133	2.63172789093308
anuf1239	-0.26752738705305	1.05583288155806	-2.41377768989287	1.77874031929506
anuu1241	-0.311635048252703	0.923036732367315	-2.21642603180035	1.48631606360532
aona1235	0.00148159578769563	0.833014566177732	-1.60826573025863	1.61803149551584
aoua1234	-0.350211908445044	1.05884514762272	-2.58081771573822	1.68629009751164
apat1240	0.449126338712884	0.863218316519031	-1.26843641882709	2.20090292666075
apin1244	-0.282048574466019	1.06980964356846	-2.48269448051751	1.73620195182296
apma1240	-1.84921785658045	0.913025764824961	-3.79091790930341	-0.214528146006625
apma1241	-0.361293546799175	0.843489775941015	-2.06058540937632	1.23027694867384
apur1254	-0.312372380970725	0.991631258520845	-2.31185257453514	1.61025912712752
arak1252	-1.66647427507717	0.882084211932647	-3.47509108455758	-0.0553867875713227
aram1253	1.1567704497499	1.0431740826695	-0.742944573731523	3.30691214182044
arao1248	0.436467905565769	1.02000537494132	-1.52585876298616	2.51099760749356
arap1274	0.376870962747369	1.07155774373238	-1.65202028813283	2.54602668391819
araw1276	0.80798549715343	0.973989175836376	-0.998106537577173	2.87756837158709
arch1244	0.399888405074312	1.01540218202947	-1.55145067351078	2.44550864977881
area1240	0.277998903151493	0.83666349853137	-1.34048656804391	1.91419716899596
argo1244	-0.357209336296099	0.974891851131856	-2.34748580389996	1.51971844939944
arig1246	-0.17253731743394	0.982689116699675	-2.22743706555374	1.71392491923646
arom1237	-0.260122120317354	0.974360977664302	-2.17266188852254	1.63504932180405
arop1242	0.333795935170376	0.857570513686901	-1.35640666494118	2.0177952965448
arop1243	-1.05983920649882	0.908481571595672	-2.97744580917191	0.641702173405858
aros1241	-0.0750141580099546	0.958209048387309	-1.98036044804015	1.80174488671585
arta1239	-0.780368134649494	0.82466292497713	-2.4746679057366	0.8083917543525
asha1243	0.915710447813157	1.03890720230936	-0.990495891001035	3.11569649395622
ashe1272	1.16969601699572	1.06224616329168	-0.76098887291203	3.39552875568325
asoa1238	-0.458674133503586	1.02771330937815	-2.60367858775076	1.43860171962437
assi1247	-0.421477707715416	1.02227794812699	-2.50077122009483	1.52755072163897
asut1235	-0.118849716071608	0.997256094529947	-2.11769393081142	1.80432595603743
atam1240	0.223847686182261	0.867357827374759	-1.4165162134473	1.92574278357423
atay1247	0.306658622050623	0.868743080284175	-1.43320668320591	2.07655693347064
athp1241	0.648411038604466	0.829591450759186	-0.928617895210171	2.36531335869298
aton1241	0.11919768075872	0.903065957219427	-1.60610758455587	1.91519916605201
aulu1238	-1.94736729217924	0.844257245683271	-3.69464171653546	-0.460630694717709
auuu1241	0.377435116401244	0.826161485852913	-1.24086456073746	1.97916667968763
auye1238	-0.311960684582438	0.919310908948038	-2.19735368877474	1.45846557701191
avac1239	0.574088409831644	1.0571041179891	-1.46136561713198	2.76936395947027
avat1244	-0.301548975404376	0.975212242574513	-2.26969755883418	1.53838225155506
awac1239	-0.107247346150663	1.01257769229573	-2.17731986883495	1.90082816238338
awad1243	0.318511619522237	0.959197041083412	-1.52268603980609	2.30186220816259
awad1244	-0.949158860163244	0.813311025035856	-2.60164964634334	0.581677253525417
awar1248	-1.02819001803056	0.816294746200938	-2.69476446808145	0.464306949341084
awar1249	-0.789477241207155	0.866212162447324	-2.62191160158965	0.797356769851425
awet1244	0.521126399465886	0.906007817980013	-1.14917547710949	2.38107397484247
awji1241	0.583288022515287	1.04808391218259	-1.35971329859504	2.75821515668208
axam1237	-1.93283443074764	0.854208471623153	-3.73088196631626	-0.43430746707382
axiy1235	-0.971494332622005	0.961392504344002	-2.99372440199086	0.817230315162475
ayac1239	-0.351904639121698	1.00027658832269	-2.39116553461375	1.59697881102923
ayiw1239	0.313783236422263	0.887296951292595	-1.43690885452804	2.1135075280963
azha1235	-0.976051578894004	0.948400190667599	-2.96027978456996	0.762321868675165
baba1266	-0.525604510144511	0.905391938084044	-2.37760513586792	1.19938672249676
baba1268	-0.681204096035804	0.930126604701352	-2.60173241897075	1.03822960574942
babi1235	-0.476490598771362	1.04281831961836	-2.65851218613623	1.49967674792147
bafi1243	1.24269478924558	0.933979989187562	-0.480932591318324	3.21598400123939
bafu1246	-0.643543412041767	0.914710275168726	-2.55098795145183	1.060867384013
bagi1246	-0.221049567352712	0.947769494553124	-2.14253897763526	1.59372446433941
bahi1252	0.335419835010091	0.809404136506449	-1.24148496569766	2.00024780513421
baim1244	0.541515089655238	0.980029263815241	-1.37595041979603	2.57207810985041
baka1272	-0.288248951688366	1.07693378556083	-2.47818958825157	1.8159090422877
baka1274	-0.234785521891568	1.10206030911835	-2.50172597187739	1.87712447934602
baki1244	-1.87304087978562	0.910689516603009	-3.81798195549663	-0.223765345746909
bala1311	0.314351579271396	0.960880296230956	-1.52992851244891	2.26002320141018
bala1315	0.669561433905279	1.07181868815939	-1.30566084780291	2.87914255921876
bala1316	-0.288012239908014	0.902010007709734	-2.15199801448945	1.43191296870665
balu1257	-1.08707356774806	0.963935409210495	-3.16665241989217	0.673109552309716
bamb1270	0.0429597930707274	0.969079261497701	-1.92098116360286	1.90411083694871
bamu1253	0.168974864359174	0.914346404901654	-1.68974161956495	1.93544760710448
bamw1238	-0.978010275116059	1.01668289651357	-3.18103375087361	0.876369388137794
band1340	-0.303424887757927	1.02156057325386	-2.32464810619236	1.68149255683278
bang1354	-0.379618829589127	1.05686909500169	-2.54937200377805	1.64420570803801
bang1363	-0.308712807294934	1.07802399241585	-2.47212388583726	1.8305306211908
bang1369	0.614689920180931	0.940651754502568	-1.20517441781727	2.53058327753789
bani1255	0.371149668736625	0.985040493545351	-1.52553525121465	2.388720325257
bann1247	0.145235189472088	0.798139335309644	-1.43212003527347	1.74060260402048
bant1281	0.684260713489622	0.790673028710765	-0.792233515045964	2.31683055640759
bara1357	-0.377203516602996	0.831450093301354	-2.07699223735689	1.2233261688046
bara1361	-0.453331346678696	1.05789927657836	-2.65526517942375	1.56297040632992
bara1370	0.400244768634767	0.937526495739732	-1.41632926156301	2.31397884540986
bard1255	0.160550194153977	1.09075935511984	-1.84239244220783	2.39540518929333
bare1276	0.101519238531102	0.894143102937646	-1.68286939624367	1.87147791076813
bare1279	0.275443641254345	0.984544343692692	-1.68319211964379	2.28212932661553
barg1252	-0.486946032785514	0.757506441775523	-2.0251249252874	0.97018607228282
bari1286	-1.31393223631213	0.892455240581658	-3.17798301721387	0.313769007361506
baro1253	-1.31530622512803	0.899583502351898	-3.1886425596405	0.300048622248717
basa1282	-0.44928212902585	1.02646959476799	-2.57647970042539	1.48333743253714
basq1248	0.235500735715345	1.05748530102923	-1.81037316093825	2.3542446863502
bata1289	-0.168169414337332	0.983511601972786	-2.15743177745047	1.75837556962646
bata1293	0.22661933392474	0.978224227447684	-1.70040598900053	2.21403603748539
baur1253	0.649327587599392	1.01113322114299	-1.23538424549729	2.77404559596048
bauz1241	-0.0179939642138867	0.931379004696833	-1.8350665802107	1.87032444213412
bawm1236	0.7432066136977	0.91904001329754	-0.969108133490295	2.67944290409136
bayb1234	0.386975022524351	0.959739479295491	-1.483156530958	2.29829776041699
bebe1248	0.701754072974885	0.99344079718556	-1.15008197059348	2.71513669687071
beem1239	-0.0799452796682863	1.03746948169079	-2.19640408487741	1.96353976139077
beja1238	0.536535716364595	1.02967537950322	-1.40471849979629	2.65809062710183
beka1241	0.836667548269456	0.980403112440111	-0.967239288544205	2.92671983666886
bekw1241	-0.377178319417824	0.999666154220794	-2.47428252036703	1.59677221466008
bekw1242	-0.357187595948876	1.06107292768798	-2.54064606520386	1.67429939860911
bela1254	0.393378720319301	1.05503581778464	-1.57542061823227	2.59186808493017
bela1260	0.181979216843331	0.877897008881278	-1.55534815596847	1.94821712062228
belh1239	0.655075922913654	0.806452630803737	-0.895460717253731	2.31158015247969
bell1243	-0.38094225697404	1.0317847642122	-2.48850624311806	1.59852242150348
bemb1257	-0.322671276244614	1.05962262353428	-2.45611592203179	1.70015522562664
benc1235	-0.238118735127637	1.04862125114436	-2.36199704831242	1.81929978848898
beng1282	-0.278427900934538	1.06709954409981	-2.45888671034838	1.80695477440583
bent1238	-0.609983499881518	1.02020498519551	-2.71573668594704	1.33382619661825
bert1248	0.470958302294307	1.0819609644104	-1.57132776263196	2.69101691727937
bhoj1244	0.172598436400111	0.948258608226893	-1.64249756804636	2.05814452671623
biaf1240	0.467639614420744	1.00663348243419	-1.45646330022473	2.46902786183077
biak1248	-0.722378855692455	1.01463686261981	-2.8536992217967	1.1815144663926
biao1253	0.0466816299141242	1.02854770283969	-1.99264404209913	2.10517224062344
biao1254	0.776517746702472	1.05022437478438	-1.17571575309443	2.99081258083501
biao1256	0.521853491423329	1.059818278072	-1.4900425308651	2.66017652625088
biat1246	0.910495859334983	0.945347172125495	-0.837702901349026	2.87373422106259
bidy1244	-0.0165721099052939	1.02784359234173	-2.10695919482871	1.97360866493199
biha1246	0.0946602889433039	0.886576963973896	-1.64077408006146	1.88382864223373
bila1255	0.401364404109291	0.984255705597849	-1.49194198829304	2.43429218894956
bili1260	0.50280985050004	1.03846299629645	-1.46829974305047	2.62474021474822
bilu1245	-0.407628993055494	0.965414963966712	-2.34664978032262	1.45518626156952
bimi1240	-0.186728730682612	0.924126923490499	-2.05645890932494	1.5968514755531
bina1277	-0.606281443973395	0.897734662398027	-2.45792609652882	1.06157928285327
bine1240	1.24059122784444	0.965663311017168	-0.540711912960915	3.22257325350673
bini1246	0.525004017250034	1.03460684731612	-1.48529549374713	2.63570897323553
binu1244	0.24714989369114	0.854181235474783	-1.42226146772232	1.91544441210817
bira1253	0.680137187977784	1.00876080499085	-1.23118634381553	2.72660461108968
birr1240	-0.269580588880182	1.11818318944861	-2.6136214952487	1.89731726661369
bisu1244	-1.25838511880565	0.964461816464154	-3.32468217557	0.518464324077999
bitt1240	-0.771891652563741	0.872363125212249	-2.53283098688569	0.912242736346938
biwa1243	-0.189064943604155	0.839945172118158	-1.86322632281723	1.43575121940671
blab1237	0.51468442571632	0.812906383308389	-1.05198291474349	2.18866137443127
blan1242	-0.996416628490393	0.964780409901387	-3.00801994121243	0.795114317819888
bodo1269	0.56411330032399	0.893558818947034	-1.16453791634591	2.38438198277831
boht1238	0.480198348489711	1.01781475729747	-1.44689646507166	2.56207515442466
boka1249	-0.00881326757450619	0.935701636498845	-1.8799994537387	1.81333989605391
bola1250	-1.21354626339787	0.982569837795367	-3.30909030970317	0.577451321374653
bolg1251	-0.0528743990944371	1.01131868494406	-2.02146822113448	1.8970156443591
bolo1262	-0.777065508515577	1.0808632806681	-3.01367663629982	1.21758629198169
boly1239	-0.875896038582586	0.979791374970734	-2.90498804732521	0.955268542353014
bomb1262	-0.93964201141916	1.02560502895793	-3.11884093316876	0.932801849373521
bona1250	0.716842978529676	0.977442024757343	-1.09672082582927	2.74217940065848
bong1284	-0.480775342914355	1.03503915504891	-2.59463095713794	1.47808259689439
bong1289	0.518248006118381	0.969651264266792	-1.32827391232829	2.52283789961144
bora1263	-0.00286188419326192	0.988411753753169	-1.95405240940068	1.97972455405818
bord1248	-0.536412695240144	1.0619213504526	-2.71761264724362	1.45602761025448
boro1277	0.353458192071622	1.04877293413939	-1.70750979337009	2.44832754904661
boro1282	0.549163182067412	1.0630603766549	-1.47056724662406	2.70469097680482
boto1242	-0.33095636320135	0.902597860332321	-2.12091896295042	1.45153869304468
boun1243	0.78208760724849	1.05380809735397	-1.23749422487042	2.9419998840739
bouy1240	-0.325445017199932	1.03644001610691	-2.40105190856234	1.66259693757881
brah1256	-0.921406218080903	1.08688439992555	-3.18296639206469	1.08469819846431
bret1244	0.418635169957698	1.07110941667251	-1.6056438737026	2.6236706307154
brib1243	-0.502859148966279	1.0644471575433	-2.69944559783709	1.49724934107466
budu1265	-0.55044438642862	1.04255831598007	-2.7011973594506	1.41062499524465
buga1247	-0.541899285216619	0.91403486869495	-2.38137609079271	1.18835771037665
buga1250	-1.20760751823517	0.856685284209438	-2.96417702887962	0.362923192451231
bugh1239	0.489494930203835	0.793732715396397	-1.046266574174	2.11156544627911
bugi1244	0.909842552910616	1.02997091662926	-0.973223894834923	3.02519616131114
bugl1243	-0.357738858827878	1.08927477209805	-2.61027216099758	1.65039491190573
buhu1237	0.0800283180470409	0.856111194837109	-1.64343195656691	1.68016905546129
bujh1238	-0.388244213195486	0.832459597242057	-2.05777167094954	1.257417930095
buka1257	0.834934950390952	0.906230384202292	-0.866824512027038	2.7504924847212
buki1249	0.3224826889528	0.873798570174089	-1.37913865789188	2.04869306601169
bull1247	1.05305338788259	1.02736611554686	-0.832837525075881	3.20763599022167
bulo1242	0.127433688089991	0.984875539670854	-1.77063095460093	2.14440621611842
bumt1240	0.148339264684186	0.88690259037961	-1.57750510083236	1.90314877655419
buna1278	-0.64245965834376	1.02729278269625	-2.78979785166861	1.28478678896636
bunu1267	-0.288638245582866	0.767554223503073	-1.83311708203651	1.18337167674791
buol1237	-0.0403761643073553	1.01277081658583	-2.08131781889228	1.94403075631091
bura1267	0.672759821275005	1.11253830004048	-1.42120549325448	2.96787921894339
bura1292	-0.214616473127635	0.929886662106415	-2.08213251156673	1.61079674114026
burj1242	-0.226129092269599	1.04998697328324	-2.36462113811488	1.83059304258449
buru1296	-0.21596491845297	1.0826646149992	-2.37218336252993	1.91290003165372
buru1303	-0.447723615912924	1.04331896747231	-2.58425940934246	1.50296215638945
buru1320	0.1667968871896	0.981401037190373	-1.73428992416706	2.15328781327935
bush1247	-0.218773638467785	1.06665912887116	-2.39617333943488	1.79463839725526
buwa1243	0.0522014104451589	0.821993680991383	-1.62359354164071	1.67311606245963
byan1241	-1.0710568927831	0.984553049263397	-3.12722612491547	0.732848159402687
caac1237	-0.411072964697251	0.915505721197584	-2.29967388171808	1.31751315799155
cabe1245	-0.474616586813901	1.08301894458796	-2.74499751349747	1.61638032116096
cacu1241	0.109464238945665	0.891943096507757	-1.68084299668306	1.85592850215605
cahu1264	-0.232576737273526	1.04626721744905	-2.36028201280596	1.75698942327861
cald1236	0.340620622679701	0.959401579716822	-1.49218223809146	2.28559811656939
caml1239	0.486229633745963	0.794346135708202	-1.06602711626837	2.12577406552884
camp1261	0.576792442661421	1.0526437182643	-1.39589753526699	2.79527465842483
cams1241	0.212489994040551	1.00434738275858	-1.74791310275868	2.26472302138227
cane1242	-0.28822271733214	1.06083720444217	-2.45055974923886	1.7464849495979
caom1238	-0.0224302451886767	1.03578365099909	-2.13796239304215	2.02864265129843
capa1241	0.551212075191769	1.03539717800272	-1.4187414438941	2.68390348015259
carn1240	-0.637585126815147	1.04144223021351	-2.82743023364664	1.29078052062561
caro1242	-0.26087587895972	1.01819473243623	-2.32374162933112	1.66412415393187
cash1251	0.842328625048095	1.06524168808364	-1.13317367324464	3.09914474517064
cavi1250	0.524754625892922	1.01266540426261	-1.38304935595825	2.6194810493034
cayu1262	0.530959686892169	0.95044921014939	-1.27535445134624	2.42964070040874
cebu1242	0.151620041225986	0.870556971121661	-1.60509661595351	1.85813486348631
cemu1238	-0.593219517350231	0.927096820681755	-2.53504364690019	1.16311064203195
cent1989	0.235906523245029	0.981807019382159	-1.70743590379322	2.18652350570085
cent1990	-0.640222639455665	1.04497540691369	-2.7827928141894	1.37917574031552
cent1992	-0.132803109927197	0.958642014864152	-2.06204015930261	1.7411812505706
cent2004	-0.402043773056837	0.95204494035177	-2.33858964473563	1.39722769660707
cent2050	0.384448379956359	0.949082256424479	-1.46770732541638	2.31938562577785
cent2084	-0.2010647066382	0.871424538241533	-1.9437892351385	1.50344607704956
cent2127	0.431507715602386	1.04921199963386	-1.60181371078997	2.62589938984567
cent2140	0.364228057763758	0.987047686849802	-1.55260688740404	2.40540884888515
cent2142	0.590006955738667	1.0688512087637	-1.44404729073702	2.7815598694146
cent2150	-0.400694622375074	1.06841119335591	-2.59645768590824	1.59339521693374
cent2292	-0.884044863800641	0.812233804825752	-2.55240880434612	0.635297981007088
cent2314	-0.529425044233022	1.03587345299346	-2.65280347674743	1.42211487352062
cent2322	-0.470674484398344	1.03045167481411	-2.58683297733283	1.47757339836974
chac1249	-0.104490981701927	0.986640020775167	-2.07682014545325	1.81940742901566
chac1251	-0.0789928948738089	0.993104754613571	-2.06696418250102	1.90893733328545
chad1249	-0.621204241808584	1.05567341380439	-2.79639865937755	1.32285185331525
chak1270	-0.319353686858088	0.939417923627501	-2.20039846197123	1.48935377991436
cham1309	0.515909023329418	0.969100160193668	-1.33009292546682	2.51584732672607
cham1312	0.522897455251156	1.01491123082765	-1.4338952975034	2.58744987916691
cham1315	0.599317304123616	1.03300256679371	-1.31469936322202	2.7036990438969
cham1318	0.296410812547775	1.00583259133662	-1.62325253421978	2.33878678682015
chan1313	0.0574938368346875	0.832981582466053	-1.60959688581904	1.76812358680071
char1269	-0.112571850956417	1.03940523374603	-2.19296511034164	1.90569843182454
chas1234	-0.148522765346345	0.868572859659991	-1.89616176533679	1.54753391357668
chec1245	-0.158287891895845	1.04018375604838	-2.25546901645374	1.8537878907221
chek1238	0.491263876743801	0.798709524634054	-1.05704342222669	2.12781044687997
chep1245	-0.524105735452251	0.834470028435292	-2.27451515501456	1.0541102102394
cher1273	0.323542139149652	1.07739747327492	-1.69483293316178	2.54177004843034
chey1247	0.497140468340772	1.06772074266747	-1.48063812397404	2.71547637848256
chhi1245	0.719569337197185	0.806661126394645	-0.810786867633242	2.40639911480354
chig1238	0.178772099223192	0.993605196057686	-1.73628535776489	2.13625390980014
chil1280	0.579838321674786	1.0307907150825	-1.36688545179388	2.64294686342071
chim1302	0.380264063895731	1.00494521346644	-1.52996374962394	2.46848434372015
chim1309	-0.455007069730286	1.03794895517715	-2.66262074696032	1.52722223318546
chim1312	0.695209139279078	1.03169699702301	-1.2237231023504	2.81107059928023
chin1286	0.712049095435973	1.07439899234834	-1.32699378533959	2.90784359951024
chip1241	0.196467897562647	1.06790208781168	-1.87647148915332	2.34462512097023
chip1261	-0.343231382772167	1.05946967961686	-2.50470221768714	1.61771620616658
chiq1248	-0.325621285061722	1.02901945290937	-2.44800359646389	1.58735046152607
chir1283	-0.561704730091458	0.820159252419856	-2.26429976601917	0.987314753890959
chot1239	0.43802852927379	0.834980044290669	-1.17892707796184	2.0932017697081
chra1242	-0.481169658002015	0.995510835156097	-2.54443491513979	1.40679178106098
chug1252	0.79321807904273	0.936835919874798	-0.985951188979315	2.72162876770087
chuj1250	-0.983090663533192	1.06582226543293	-3.20352162132225	0.981034589473782
chuk1273	0.324925820489459	1.08114468773003	-1.7100182879337	2.47819428032619
chuv1255	-0.438192892577578	1.06873762036207	-2.66674101796593	1.56428571748828
chuw1238	0.737684975090171	1.03535482531547	-1.19216278775588	2.88271417807957
cici1237	-0.305356959831072	1.0584077845337	-2.49265447957362	1.68723247935533
coat1243	0.408345414527802	0.915602740362859	-1.37715372228418	2.28080724091122
coca1259	-0.163528934612909	0.984549779106881	-2.19266794236349	1.76976340287842
coeu1236	0.975753296683536	1.0505608275096	-0.991473395081551	3.22475055959423
cofa1242	-0.092844493649381	0.998836776898	-2.06057451732637	1.87597381584627
cogu1240	-0.441061053182631	1.04568938443024	-2.62078940526713	1.55660913955831
colo1256	0.0376019070767585	0.996352162102701	-1.93545894152621	1.98949100047882
colu1241	0.803680304870593	1.05417870724465	-1.11820449234028	3.06742667575138
coma1245	-0.315696087548281	1.06498199109425	-2.47617448420975	1.75198311201717
como1259	-0.148560335373378	0.964466778483606	-2.07580737921041	1.74680304642095
copa1237	-0.507311804793169	0.907991679649824	-2.31409475556204	1.26342658881202
cori1240	-0.783683593979898	1.05510225325817	-3.05727395433872	1.18976974144848
cors1241	0.469096278663242	1.02820654354092	-1.4825102416103	2.57955128846695
cosa1234	-0.503719341208127	0.844082011793147	-2.1913279479253	1.16452277635598
cree1270	-0.413101198092861	1.03479512934794	-2.5000102918534	1.54214615026155
crim1257	-0.158572183490872	1.09099174705281	-2.39547727893893	1.98444457820173
cros1244	0.175039953733722	0.981860881332331	-1.77953944470415	2.13060235097274
crow1244	0.695574476976146	1.05008651017413	-1.28428406838345	2.87355354715529
cube1242	0.210815884563938	0.994766517324653	-1.74112329126887	2.20638304769432
culi1244	-0.612938990925659	1.02399573164064	-2.75385446121223	1.3437384852275
curr1243	0.79031560073552	1.00205384742034	-1.0410568599452	2.94701693773516
cusc1236	-0.462798002528532	1.04855068126073	-2.63634243912551	1.53088095012667
czec1258	0.382232242930088	1.03454442425898	-1.55579656038592	2.4756131799484
daas1238	0.770039043123813	1.02925065221607	-1.15438720934014	2.96376488118407
dadi1250	-0.203467787356293	0.890753667748438	-1.94692124577865	1.52258263376719
dagb1246	-0.340082259575894	1.05442538382101	-2.5371751936735	1.65036625351907
dagi1241	-0.523808801751039	1.10398848357062	-2.77291347211093	1.57107514301335
daka1243	-1.9700510287768	0.884463177905933	-3.86908105663807	-0.425089753233247
damp1237	0.699610057725177	1.0021311843352	-1.15634010764913	2.80155013467889
dana1252	-1.12804711238428	1.01039220554781	-3.23209184809911	0.738046757416416
dand1238	-0.814945744637101	1.04553872041393	-3.00039431727377	1.13412944369503
dani1285	0.399996139459476	1.04632671692995	-1.58258177850133	2.59149105721873
dara1250	-0.243405447841127	0.863501195493278	-1.98436517788971	1.45661446984619
dard1243	-0.153110296518371	1.05755409951578	-2.28625002072078	1.91200801414926
darg1241	0.569242652956041	1.02767773182325	-1.36396702375416	2.71778146402814
darm1243	-1.08398822586553	0.981145610133733	-3.15527730140229	0.739950588946777
dawr1236	-0.339457626327385	1.01438526950672	-2.39766215975233	1.62269848456076
daza1242	-0.458615038105154	1.07991054607137	-2.70194886020303	1.63366640137626
dege1246	-0.27478144391642	1.02738764156502	-2.40351297424209	1.66342100985718
dera1245	0.632986989904327	0.868806556633021	-1.08713152409208	2.42060313376315
dera1248	-0.343876041850568	0.94558599632845	-2.24840078196011	1.44209889508176
desa1247	0.128664987344662	0.89262692092488	-1.66613867928061	1.92788369470802
dhao1237	0.5670979070223	0.942737298097028	-1.21518082131258	2.44853972516478
dhim1246	-0.401811872908691	0.910047232375882	-2.26169423931426	1.31537629116196
dibo1245	-0.648497407241903	1.04543258733625	-2.77333758239186	1.30889012702128
dido1241	0.456935158607856	0.947433477962106	-1.34358413100177	2.36988606392522
diga1241	0.266431562321035	0.919912231568203	-1.56213571502987	2.13236929867726
digo1243	0.62807065932567	1.01501393458633	-1.26848379199007	2.73321228367597
dima1251	0.309568842068849	0.859541438476353	-1.36127088021648	2.04859793528961
dizi1235	0.171317646976916	1.05409711536315	-1.95013687562939	2.26887824382362
djam1255	0.384475331560055	1.03100992373122	-1.57294453489681	2.533837523305
djam1256	0.547792466521521	1.03761060419232	-1.47343380565735	2.67381442109093
djee1236	0.640343328492046	1.10261969877082	-1.41731452167074	2.88530439234487
dobu1241	0.644624987626695	0.820066502213842	-0.92926116242453	2.29321228568448
domm1246	0.0921266014196939	0.793157048248465	-1.44907448130183	1.69376987717815
doro1266	0.222302523949366	0.831329740711547	-1.3968023976221	1.86303305201578
drun1238	0.0827506206714106	0.930413333575414	-1.74440468094754	1.92025322844932
dumb1241	-0.272267778208528	0.951813507669849	-2.22023555293729	1.57887057419905
dumi1241	0.337999633222957	0.806217652095152	-1.23813730532705	1.97441857441552
duna1248	-0.0886114803845515	0.935777998330481	-1.98466018892153	1.73093100379541
dupa1235	-0.593955485547036	0.889747871722352	-2.4651573602181	1.09124104564245
dusn1237	-0.618365075177037	0.952109476018955	-2.60880091724509	1.17145979378554
dutc1256	-0.653879792505154	1.04957388764929	-2.87448215586071	1.25461543103488
dyul1238	0.803658103797023	0.933972966113619	-0.980305056910205	2.72040404054547
dzao1238	0.778364632926368	1.05665264572483	-1.1746509143105	2.98720477835444
dzon1239	-0.572692006891899	0.95169636652904	-2.51963084629386	1.21226348149332
east2328	-0.550074768137051	1.02157881510283	-2.68795220795112	1.3452319215158
east2332	-0.308273101964451	0.99109898844601	-2.35914592014034	1.58156723200689
east2333	0.048577619581117	0.860461609980507	-1.6586610610961	1.79175157189276
east2342	-1.11315494357699	1.04922003396467	-3.32174079460495	0.827896750768348
east2440	-0.820556759093259	0.991066777525963	-2.91059626540395	1.02933450264409
east2443	-1.75979425337744	0.920355415960212	-3.69097524707189	-0.0918502145242963
east2447	0.691880505547598	1.03323696724601	-1.23855805093017	2.82050532672035
east2485	0.330170980741229	0.940626272368855	-1.53264983072452	2.1897908450504
east2516	0.0496612874210481	0.856367442829701	-1.63756064528461	1.74209422771414
east2555	0.538750128076313	1.05117120884929	-1.42029752947577	2.74787920492769
east2556	0.184516447610677	0.915489634124632	-1.58656305903208	2.01907892578832
east2563	-0.534871334268489	0.967613808763887	-2.52640566430017	1.29131404076744
east2690	0.311683654133004	1.08395865871857	-1.7754948244613	2.52747460281718
east2694	0.0718258871320262	0.896744856037861	-1.69672630553869	1.83705636781725
east2773	-0.176807240398209	0.833445136244256	-1.87006332302432	1.45463014791846
east2782	0.583300056795756	1.04176158250219	-1.38291955252612	2.70909442842547
egyp1253	0.519892190380807	1.02289598178011	-1.43875968147601	2.57448633450911
eipo1242	0.266642025185457	0.858068522825532	-1.40390000276036	1.96563626482769
ekar1243	-0.418751903237505	0.955937530088705	-2.34618745274592	1.40204778104935
elem1253	-0.299808412575642	0.999257493043959	-2.34641926534683	1.58109523054364
emae1237	-1.68336211013777	0.967788720337149	-3.76026508459103	0.0126928378896069
emai1241	0.0715233111895451	0.984746260531959	-1.90803677567013	1.99928491284669
embe1260	-0.516382152687316	1.06130314413233	-2.7102842444628	1.47083153215216
embe1262	-0.380351383191756	1.04874247898433	-2.56212840113701	1.60960020636878
enuu1235	-0.870933294761634	0.905986078478526	-2.73831086171435	0.81958529749741
epen1239	-0.363352992859023	1.07202145601408	-2.53393112662678	1.716924821049
ersu1241	-0.0806788779541928	0.978264323339367	-2.00354813424199	1.84640599985656
erzy1239	-0.466276774219104	1.03686020134012	-2.64464590274558	1.54529782693889
esee1248	0.268900511285973	1.00497123703219	-1.66335236365441	2.27488828105243
esto1258	-0.733616170477572	1.02328116825958	-2.87690183621206	1.16929940406234
even1259	0.234011407767426	1.05769351957611	-1.80276512967222	2.37333284695929
even1260	0.215846162462142	1.07535724022679	-1.86070654201615	2.45903880648417
ewee1241	-0.130591092190059	1.00225367245157	-2.13733621618613	1.84109797763534
fait1240	-0.0271968179751053	0.76967290701917	-1.54913028679881	1.48627581001607
faro1244	-0.564439288639086	1.03722428157721	-2.70106314506546	1.39956831742173
fiji1243	0.932150841180908	0.989092371160029	-0.925471436008589	3.00793130056478
fili1244	0.103740577171858	0.896342650569942	-1.67318989990008	1.88374151624619
filo1235	-0.199584343427222	0.890912197266266	-1.95561281787022	1.56828422008154
fina1242	-0.948479110178163	0.791946577567405	-2.58307597854712	0.538385510582493
finn1318	-0.493460706013264	1.05717123748757	-2.68884195211958	1.52030404934016
fonn1241	0.52042419573159	1.03066025316948	-1.52122179628862	2.57171624790573
fore1265	-0.53051610116612	1.03060160785217	-2.62079373996183	1.39446618317598
fuln1247	-0.41976549241449	1.05432902510631	-2.65236470842482	1.56362773089965
furr1244	-0.230952550162944	1.09901476898799	-2.48081092828516	1.94204529895493
furu1242	-0.477920749222061	1.08122456372712	-2.72879944738069	1.58669239122552
futu1245	-1.08461608921345	1.00674263848227	-3.22714824611905	0.753260121129501
fuyu1242	-0.307680272917345	0.871179166561838	-2.0713209745726	1.35272020323473
gaan1243	0.0415154885870314	0.906562471924257	-1.79848971177816	1.88755124826913
gaga1249	0.923392915400979	1.07856102150895	-1.04611967824204	3.12362125435717
gahr1239	0.30889837893893	1.00267904601264	-1.64321726069857	2.34358452627847
gale1259	0.475391995246237	1.07449967900867	-1.54822876521653	2.65435421763553
gali1258	-0.504688084209114	1.04312210979266	-2.66138827472731	1.48216116697739
gali1262	0.82410790243431	0.980718396480987	-1.01991621446723	2.88584318998034
galo1242	0.488040511725725	0.890427590291757	-1.20801954919152	2.26761832679999
gami1243	-0.701489459358395	1.02944098665913	-2.82630191396198	1.21469770078399
gamo1243	0.179136455463089	1.0152565581429	-1.76934383949306	2.22726839296532
gand1255	-0.0448954046350895	0.985421517744227	-2.04688781510661	1.85834561450449
gang1266	0.25496390654748	0.820763836964431	-1.37912260578297	1.84634800504175
gang1267	0.28488712911964	1.11358753094941	-1.8716917354099	2.5649731594875
gant1244	-0.167137405059596	0.784574908266751	-1.73217514605954	1.37400696991084
gapa1238	0.656866482796325	0.810851031123159	-0.925726586517208	2.2686848575606
gara1269	0.312903560813915	1.09430444567962	-1.70764085358131	2.56176431372854
gari1256	0.0378365074169085	1.00162680375581	-1.94729767980441	2.02164224049938
garo1247	0.0418074613826507	0.925867763848033	-1.79439381850664	1.87416227578281
gata1239	-0.645052027492404	1.01686973833414	-2.74776616135632	1.23326733271899
gayo1244	0.386426255363091	0.98893973334198	-1.52544521063045	2.37924263657819
geba1237	-1.03874129437875	1.00638464217396	-3.14698462653195	0.797872028992953
gebe1237	-0.569227238848693	1.0501880662447	-2.73751721584519	1.37545655480955
geda1237	-0.483106136251204	0.771262104625968	-2.0406551152084	1.00717112914799
gela1263	0.501416527347399	0.806742981835528	-1.06600985488714	2.12439210039525
gheg1238	-0.4134547034037	0.955681762613711	-2.33325331836716	1.40222633295874
ghod1238	0.500599827937498	0.999198497664528	-1.42801330457602	2.54439074381798
ghom1257	0.777839743798108	1.05371206291669	-1.193084460235	2.94323151092091
gilb1244	-0.333456039119641	1.05080684354895	-2.5294580748691	1.67707427824755
gily1242	-0.0270877716656163	1.02853544942762	-2.10392654064771	2.0197196664486
gira1247	-0.227331258527222	0.764639823722234	-1.75664071630329	1.30365860607668
gizr1240	1.23506465836653	0.956459852508242	-0.524066144017645	3.21920325468996
glav1244	0.413376283917502	0.85182596628548	-1.25748395818111	2.15912379441701
gofa1235	-0.0897748636903509	1.00675330312357	-2.12911321290556	1.94164505372391
gogo1265	0.760709293185311	0.951903776888717	-1.06437052294542	2.75414608960582
gola1255	-0.152582725160086	1.06605286460695	-2.31697630511084	1.90644968357806
goli1247	-0.0437207237813213	0.804731310642415	-1.6416000352049	1.54029668225366
goon1238	0.185141126699295	1.12281795922122	-1.99550185134107	2.49038363874026
gras1249	0.200795635426873	0.836132612635127	-1.44162666539467	1.85959747353169
guah1255	-0.488975589759055	1.05782472840781	-2.65828994751368	1.49604139466231
guam1248	-0.228510161928409	1.03018787348121	-2.38137127388561	1.79473797586551
guan1266	0.66879200630572	0.933600912474718	-1.10580488459066	2.57824459144579
guar1293	0.230522971864472	0.897420963185465	-1.51377023331534	2.04258235347705
gube1234	-0.35693320816036	1.04559928550309	-2.49528684212236	1.68480573752062
gude1246	0.0608239754921728	0.862705162157877	-1.724096047943	1.72788637985723
guer1243	-0.720660773837838	0.936341618243331	-2.64340295903572	1.03578361933657
guhu1244	-0.440841611510536	0.857714821554691	-2.17145178922393	1.22430000355893
guiq1238	-0.0614564907454975	0.948316040996507	-1.94409688847218	1.73605480182577
gulf1241	0.330504464467175	1.03706842958761	-1.62887183340087	2.3977749718935
guma1254	0.573673227607842	0.812957868740685	-1.00014334406033	2.20730075290786
gumu1244	0.25001199654488	1.04066315911598	-1.81693608553963	2.37623867031816
gunw1252	0.644912735452121	1.10449815672818	-1.44010124327734	2.91697101646219
guny1241	-0.615658663775483	1.03819344168254	-2.76515047905656	1.35342589188662
gura1251	0.52480493157434	1.02369909262492	-1.4347852323748	2.65086276312485
guru1271	-0.964502937325995	1.02254847043578	-3.10949989665423	0.939056280280138
gyel1242	-0.033921735362243	1.05253425768125	-2.12661801878056	2.01088067117581
haaa1252	0.678092497206123	1.02230369720222	-1.254247035324	2.79804463209848
hadi1240	-0.539057931142534	0.948156026038623	-2.50398377479415	1.23118749958622
hadz1240	0.220446233641473	1.05313297917431	-1.84403017035788	2.33671712456103
halh1238	-0.603747363444754	1.05777675633666	-2.89751935226083	1.33681682328327
hali1244	0.0912364774444143	0.866985433405666	-1.60675258139983	1.8032069831751
halk1245	0.305783141058427	0.987563102748367	-1.62444678562654	2.31606470276558
hame1242	0.884649723860392	1.01506817875114	-1.05763956686287	2.98859479088552
hang1263	0.581878702303061	0.848022715569787	-1.02779917622385	2.32869776542451
hani1248	-0.901309765041206	0.974291968348093	-2.98452609328002	0.927793954025394
hano1246	-1.7567262798402	0.924755520182639	-3.69509975207212	-0.0959990498742428
hass1238	-0.533078656725349	1.02374862769526	-2.63033543607882	1.38449826400942
hata1243	-0.807090105578804	1.01868444572946	-2.98221164580058	1.10806690645949
hava1248	-0.379397884320162	1.03196686634859	-2.53535168125944	1.61601887847278
hela1238	-0.504612868643949	0.826189582410051	-2.21922207732793	1.03669624611448
here1253	-0.252653791758345	1.05758611591536	-2.45365027175037	1.80030162373287
hida1246	-0.419990790596134	1.05656705083215	-2.53983296573376	1.6091659032211
high1276	-0.317844859625393	0.977311585401579	-2.31984407576238	1.56615893023567
hind1269	-0.520871607893296	1.04011680187093	-2.64352124847025	1.46899471181277
hinu1240	0.509458741760838	0.961285276068108	-1.31599007205155	2.49665967323721
hixk1239	-0.345856785824363	1.02896851430303	-2.40271580661667	1.61846037190234
hlai1239	-0.359411023444687	1.02123084657149	-2.44858532663864	1.56680529859682
hoaa1235	-0.409083502039008	1.05419844472548	-2.60828087790878	1.55061257943801
hoav1238	-0.647350564944342	0.917267679260047	-2.52028685647037	1.08274503834029
holo1240	-0.284155460018896	1.07065887553026	-2.46387059302101	1.77321348523307
hone1235	-0.778236845981382	0.990127797323547	-2.78709441109471	1.08105257388966
honi1244	-0.809541429292264	0.923319052487109	-2.68755666012596	0.959216745198597
hooo1248	0.724330740635098	1.05066067493076	-1.20038366858878	2.92389163056139
hopi1249	-0.295363032505702	1.03722063214029	-2.45098926436153	1.64893488986928
hote1245	-0.911987199400539	0.800857847682075	-2.57251673996046	0.598921544190904
huaa1248	-0.278541756623058	1.1129861214933	-2.56845575511288	1.88278077968982
hual1241	0.961447070344403	1.04664232693554	-1.03356283245337	3.20099102721238
huam1247	0.259313178910527	0.998666342044062	-1.69038822191776	2.21521977816925
huar1255	-0.467861650059041	1.04873853893356	-2.6374580799054	1.52738074395365
huas1242	0.410530662820374	0.95915816576614	-1.4386479731893	2.30716146419475
huba1236	0.088149942806162	0.876581900008034	-1.67716065326787	1.81284450762409
huic1243	-0.370280221488473	1.09102287228418	-2.63445867520712	1.75129633272928
hula1239	0.518742904907567	0.865088419861074	-1.1120092468891	2.32131738898881
hula1244	0.275965301127372	1.05123173705174	-1.72523781280608	2.39715889269082
humb1243	-0.636003672972235	1.08301893709436	-2.88047686194468	1.44447891344547
hung1274	0.435522819180815	1.03740418344379	-1.58046626503819	2.5703589526305
hung1275	0.53854043247856	0.99713520489348	-1.31661083070686	2.61750581209261
hunz1247	0.316150442261074	0.972123292174176	-1.52184956169038	2.3035285280804
hupd1244	-0.0866863719979647	0.908130619560334	-1.88294079010929	1.65741099368341
huuu1240	-0.33578494526351	0.820181593464604	-1.96072562696173	1.26564845127159
iaai1238	-0.710651311335791	0.960364658334505	-2.69617205393535	1.07106891003676
iama1237	0.808437316745217	0.783514694431005	-0.714724882422918	2.394990863961
iatm1242	0.225235941500519	0.859384798291228	-1.44504025447719	1.96349222680519
ibal1244	-1.17469376157493	0.860191538468569	-2.99857422903989	0.404437956387354
iban1264	-0.163261246304861	1.01972086041391	-2.20552824183086	1.82762395030974
iban1267	-0.67625538303681	0.840118555565491	-2.41466612292029	0.935290054671436
ibat1238	0.447283349141578	0.982778591598357	-1.4293986768624	2.43115775636589
ibib1240	-0.0993263103466161	0.981966730713527	-2.06537858970803	1.77959125180213
icel1247	0.449065120458898	0.998851346386007	-1.44740052379399	2.49308211862724
idaa1241	-0.751345812049999	0.947972939934295	-2.69270602130198	0.9903100110947
idii1243	1.4365299960934	0.998614663268462	-0.392001756657415	3.53056346213432
idom1241	-0.277867738272679	1.0055236805985	-2.29647306675622	1.6232669855407
idun1242	0.874815704644388	0.824929747608237	-0.67804465856961	2.5141055324461
igna1246	0.574949034751988	1.01578352768312	-1.29537800808088	2.65952686479968
ikkk1242	-0.122515388361064	1.1101662677337	-2.39293896414044	2.07355731032706
iliu1237	-0.63920562255408	1.03332851404279	-2.81788608734338	1.25695466572321
ilok1237	-1.01278769832592	0.863497369930045	-2.77673693945416	0.618922138305817
ilon1239	-0.850915343253367	0.820831320430332	-2.50681299489751	0.700949562885746
imba1240	0.228905299759297	0.951893305369217	-1.60734121953458	2.15852816677097
imon1245	0.518101656275728	0.851445525643891	-1.14533584266672	2.23883315209001
indo1316	-0.023613425261825	0.955736889303576	-1.89679868752318	1.87590978993332
ingr1248	-0.829652373518901	1.04176539938908	-3.02567941665335	1.08804808661474
ingu1240	-0.105165271633329	1.00844528914308	-2.07098171696555	1.87127801368649
iqui1243	0.216333772758975	1.00219465826741	-1.73269953167724	2.22046802594144
irar1238	-0.478115111740578	0.960826582610084	-2.41865482858441	1.33003842198589
iris1253	0.444745420906887	1.06698462675583	-1.57449055535489	2.63097157698709
irul1243	0.232076656557383	1.07491939181271	-1.80292668023507	2.44247683340283
isco1239	0.56317493032803	1.04109724785546	-1.39253843216531	2.72446416126332
isir1237	0.155536320705959	0.910973722714739	-1.67481145855393	2.01323896768604
isna1241	-0.3612867408591	0.888834130390034	-2.11517260271245	1.38303278386785
isth1241	-0.381442240352686	0.993568604346448	-2.40666990183993	1.53819047617582
ital1282	-0.409512997321321	1.04732197884085	-2.56999201316409	1.58334078015978
iton1250	0.626822022143045	0.992935040568009	-1.24650826207202	2.72983696402197
itza1241	-0.474678057261895	1.10222320095917	-2.77751485614659	1.60158700557417
iumi1238	-1.06101232222327	0.912187804632868	-2.95456500774016	0.631370233594784
ivat1242	0.666050230879181	1.03761999787282	-1.26626221471909	2.83575438638762
iwam1256	0.308235074665745	0.824028578713818	-1.31728872698202	1.98149936972228
iyoo1238	-0.856610182530121	0.801271788573381	-2.47950449874555	0.64356269008158
jahh1242	0.468800863670016	0.959657877142098	-1.38441207416915	2.40418328014077
jalk1242	0.456394178602121	0.973617450434077	-1.43489626389933	2.39802928724155
jama1261	0.0471491463637972	1.02218676137756	-1.98874963151343	2.0371356776067
jamb1236	0.780058626180882	1.02036063966728	-1.12059489570394	2.9609045641112
jams1239	-0.829976852308525	0.98908668688093	-2.88544445731952	1.05413825317316
japh1234	0.812840631402515	0.912742862089022	-0.925639725441146	2.67688499778668
jaqa1244	0.58456296280158	1.05208645913437	-1.34111757269634	2.85142899966857
jara1266	-0.106704415127942	0.919808522535085	-1.94575615863233	1.67439236210652
java1254	0.173637955639359	0.991062381914276	-1.77661152194978	2.13135585483853
jeha1242	-0.345585647048424	1.00576652641646	-2.41037701374492	1.6000516787697
jehh1245	0.437260545278083	0.904276230708605	-1.26520613306224	2.26095928498173
jina1244	-0.217361092501554	0.934955097674906	-2.14981292042766	1.57666146287111
jjuu1238	-0.748699084150543	1.05672983278565	-2.97068813160889	1.16323422639841
juan1238	0.774148449601917	1.02374840871118	-1.08015787701038	2.92972853739331
juku1254	-0.885941645023583	0.964612658533096	-2.93746825272511	0.893753058967734
kaba1278	-0.375168366314844	1.07744914285548	-2.5773927194101	1.64271837114481
kaba1281	-0.134446244491907	1.04200309098813	-2.20290764670611	1.86545039267717
kach1280	-0.142560949056212	0.97145953859774	-2.10012253096365	1.75861077995005
kach1284	0.0530910439116499	0.99601923611131	-1.96349513485696	2.00192513449271
kado1242	-1.12799086592566	0.904645567626695	-3.04203589649825	0.524214201721085
kafa1242	-0.377580567185511	1.06172354169548	-2.55331692670783	1.64342655306545
kagu1239	0.260997178761512	0.995802970386302	-1.66116216533597	2.26645406876046
kaik1246	0.486127311602156	0.936087741783085	-1.30146410522856	2.44954324775892
kaki1249	-0.421055109603244	0.939314741091667	-2.36615416547037	1.3990918551283
kala1377	-0.286347475777661	1.01279101981334	-2.35010766246172	1.66393801265885
kala1384	-0.41035638318508	1.01731366028782	-2.45712359895767	1.5319239939106
kala1399	0.428010886672661	1.05633141569771	-1.61164439887506	2.59884708912817
kalm1243	0.411808454494856	1.06263666362121	-1.62736064517217	2.59660229850758
kalu1248	-0.36455651353377	0.990458430483737	-2.39851263175845	1.47551822703383
kama1367	-0.248312446987659	0.928990158841486	-2.13290293301378	1.56951779348757
kamb1297	0.607967034421224	1.04075182162018	-1.42420803151696	2.76287728802864
kamb1299	0.939238536990726	0.989268450344068	-0.90141060449687	2.96783239281339
kamm1249	-0.354993739129347	1.01056827519117	-2.35937208740345	1.56811635799868
kamo1255	-0.399518978119644	0.990435027715809	-2.443997903714	1.49076587478501
kamu1260	-0.00861819939680331	0.982500090974587	-2.04776574109638	1.84990489599659
kana1286	-0.334033007035337	0.77040006850963	-1.92086021954968	1.12391691879932
kank1243	-1.01255842170393	0.852638059820205	-2.80686280269371	0.571060370200051
kaon1241	0.76092425166495	1.05456368754988	-1.20462955454784	2.96953263962037
kaqc1270	-0.822152553058625	1.05222918262972	-3.0397725299364	1.18223575893411
kara1482	-0.254702968158261	1.09357675714858	-2.50387132298908	1.83940213617123
kara1486	-1.28452417470388	0.948923930377794	-3.30502253862428	0.407007396435965
kara1487	-1.18042130146113	0.815110607353704	-2.88795704967614	0.335044119744385
kara1499	-0.315577060166309	1.04005070375009	-2.39720847745126	1.73389488015561
kara1500	-0.255137027538229	1.06829958751973	-2.44091700634657	1.8111653314073
karb1241	0.431699967235604	0.867079386274204	-1.24495197255241	2.14557699152835
kare1335	-0.528650799427853	1.01119870530563	-2.60598572379684	1.35698759934956
kari1311	-0.476930080678538	1.05155472223578	-2.67319202608789	1.47321915955536
kark1258	0.573787031756844	0.844581342314565	-1.06031193992565	2.28039695453252
karn1252	-1.35477371935547	0.913151379741479	-3.2629226914243	0.343635851067997
karo1304	0.400652688951217	1.02108816330947	-1.56483956566476	2.46875127575338
kash1277	0.531199451052655	1.04107325786232	-1.44419329716937	2.71544190217253
katb1237	-1.84846457565105	0.828758479307297	-3.57210930299991	-0.321635259985207
kats1235	-0.0892097808422366	0.92667331464344	-1.90177272564086	1.74227955216146
kava1241	0.369486970595218	0.9053519216357	-1.40775952376181	2.19430519820729
kaya1315	-1.07861262428571	1.02698344490352	-3.21282248605806	0.772744943589508
kaya1319	0.302042543563235	1.10744585550722	-1.84359437018319	2.56089911170531
keig1242	-0.469436407638865	1.10310339895142	-2.78515160518792	1.6332672238414
kele1255	-0.34335817632519	1.06387418593823	-2.49977187990827	1.69484852514202
kele1258	-1.05649317017165	0.959031808875415	-3.14147339639843	0.651356999425453
kele1259	-1.12701936194998	0.803431039823164	-2.78601739337561	0.374079405167427
kelo1247	-0.103771734346447	0.910401338446812	-1.89303686952107	1.67356943498806
kemb1249	0.699812448239844	0.909648596720722	-1.03090526913624	2.57040262640309
keme1240	-0.896448320930944	0.932993561979579	-2.82690190542125	0.801093096916467
keng1240	0.027754529078199	0.999523951357973	-2.00067495752642	2.00486778253706
kenu1236	0.333592940703914	1.1040469603372	-1.78998047511551	2.55374597082109
keoo1238	0.0878041058988161	0.926933776055837	-1.73394290629515	1.93148247695236
kera1255	-0.285604378665507	0.94422541393558	-2.21468297866571	1.51801074331789
keri1250	0.91914263330897	1.02603440478952	-1.01071563347283	3.07569090886409
kesa1244	-0.257618216898998	0.790576272036017	-1.82849956132919	1.29731413217952
kett1243	-0.289910912338947	1.10080411962758	-2.5478602802106	1.85431200088987
khak1248	-0.244861543692511	1.07276432943484	-2.42265221905029	1.83237560228518
khal1275	0.1128781178264	0.814666760441201	-1.55835070734847	1.68077372045382
kham1282	-0.576362728259982	1.03153356306183	-2.69399351244189	1.33027926330588
khan1274	-0.379042628851559	0.983110447829595	-2.3679973077186	1.51771559492974
khar1287	0.733531183404971	1.07360225005704	-1.26750935789332	2.9790782754793
khar1288	-0.526019250314841	0.818907678059558	-2.22887628779219	1.01190008584659
khez1235	-0.429749355260203	0.8172185077226	-2.10037048432648	1.13986780160393
khin1240	-0.0959142541128885	0.970520005816436	-2.01439875695527	1.82537799966927
khmu1256	-0.828004563898231	0.979554939297575	-2.87203960995828	0.991605363218542
khva1239	0.422792167832167	0.960643806610446	-1.41823049173073	2.36689670236243
kich1262	-0.854253592432287	1.05981214108871	-3.06542318692239	1.14640867708748
kiku1240	0.227896446166076	0.962432892157532	-1.72904130057596	2.15946736337642
kile1243	-0.723454546372867	1.06582247843408	-2.91141439931201	1.28345645298589
kili1267	0.0352562163097759	0.928787872494659	-1.88138584284074	1.82677952881342
kima1244	0.174319718895393	0.869704181099007	-1.52852259173972	1.91037951868177
kima1246	-0.283400449850414	1.05583000099549	-2.48246552431704	1.73236877313033
kimm1245	0.046290492707643	0.893034551761432	-1.67919195774396	1.82385338265297
kimm1246	-0.109462224225167	0.961011367304691	-2.03656068198164	1.70771457693043
kina1250	-0.326943135130062	1.0423551574852	-2.45029054760858	1.65903478378509
kinn1249	-0.390041924546318	0.988248271054912	-2.3861461272928	1.50213284243891
kiow1266	-0.436010882083394	1.02178775565251	-2.5148400199631	1.48174804624703
kips1239	0.0366719727585031	1.03003959193794	-2.00781220322255	2.05640887124553
kobo1249	-0.185104460758665	0.80850633669672	-1.78047515598667	1.38478545264337
koda1255	0.431907841199748	1.08243802657494	-1.63185732803018	2.65379181849745
koho1244	-0.420861164161276	0.916738175188502	-2.2750556359849	1.32343589159697
koir1240	-0.595462233724693	0.817649211096495	-2.32467777677772	0.924071424870699
koit1244	0.0679758062744517	0.872933776475618	-1.66280025019083	1.76267952316006
koka1244	-0.669932509065525	1.05572908318341	-2.83834086993261	1.30373710018184
koko1269	0.447139625863898	0.851616171934997	-1.22142751617027	2.13736000558103
kola1285	0.453298859762063	1.01978232674553	-1.49610279813261	2.51498161721909
kolc1235	0.0920996203433763	1.00950186375841	-1.92337870271665	2.03492849870727
kolp1236	-1.19857178600608	0.95707065994175	-3.18439418694859	0.588889429499151
kolu1245	0.860448825348454	0.787003397070837	-0.64943183286018	2.43718659015417
komb1274	-0.729338534104775	0.995405643615951	-2.86519464952711	1.12269529413506
komi1268	0.440090863999268	1.03235053795737	-1.48640163109156	2.58251299197522
komi1269	0.480367610477871	1.05664005667565	-1.50946941928249	2.70503793306591
komo1260	-0.294438172118877	1.06629115900105	-2.48418482456973	1.75873709565934
konk1267	0.46474493222067	1.05692660952397	-1.55999772370093	2.62651046726259
kony1248	0.201457088573699	0.86037422614825	-1.4909087488603	1.91873658116091
koon1244	0.0117749623285722	1.03165529433653	-2.06986332202375	2.05243773986558
koor1239	0.47207102105212	1.00468494159255	-1.467476892792	2.52581480300484
kora1294	0.360914911145044	0.893222451685667	-1.37570112705086	2.16371008078548
kore1280	0.310278148490667	1.07347407142256	-1.77932090151575	2.50291040212496
kork1243	0.486595137317718	1.04496487296879	-1.49755675907523	2.62110503554849
koro1298	-0.786225904639469	1.0056124475505	-2.92351029189561	1.10414164319363
koro1312	-0.640016308430102	0.953091180816628	-2.63272114501825	1.13258724981344
kosa1249	0.273695429923002	0.895188955315355	-1.46952926412368	2.05885209139155
kosr1238	-0.361517388697019	1.02676815983326	-2.48707068941123	1.56438083551423
kove1237	-1.22231897446333	0.950408923444579	-3.17077389392575	0.516955492040397
koyr1240	-0.395353049687019	1.09038639397232	-2.67579059500091	1.66619109917065
kris1246	0.287104460062048	0.914188861098074	-1.5409543390976	2.10322348839007
kryt1240	-0.115949572934037	0.968900395662742	-1.99866560230491	1.83372957981342
kuan1247	-0.270460370994741	1.04271304069773	-2.40534472025243	1.72356676271637
kuan1248	-1.06761609831897	0.885816982084881	-2.886220319721	0.590392972864858
kuii1252	-0.23059611768962	0.940562895088406	-2.09140759843696	1.63057826958749
kuik1246	0.435048717596742	0.903086746134348	-1.29516071267294	2.30426348077863
kuku1273	0.424619861085878	1.08261633746699	-1.67866839586639	2.6562270726718
kuku1280	-0.14696169125077	0.950212214841261	-2.04279756221741	1.68002978737928
kulo1237	0.0455992284357561	0.792131443610569	-1.52292249252657	1.6129630923187
kuma1276	-0.236276446395072	0.911299591239851	-2.09622749104619	1.52116974099987
kuma1280	0.125920839451303	0.782968883100397	-1.39723422308242	1.7136064135359
kumb1268	-0.540750043686947	1.02335339131119	-2.56235695629254	1.44396842653112
kumz1235	-0.481675480250856	1.05113241863161	-2.67074546400556	1.49691831956146
kunb1251	0.621169001966686	1.08520125358202	-1.38722020460001	2.88515857241204
kuni1267	-0.25711809362741	0.842941524252945	-1.93360283904161	1.39643313937916
kuot1243	-1.43798672691973	0.943684403544268	-3.47168657788187	0.250698792997765
kurr1243	0.285450977026594	0.996011393250353	-1.60032899311175	2.37331716631483
kurt1248	0.165389174521697	0.877417002819933	-1.54474486108359	1.90115445303831
kusa1251	-0.685310313780462	0.908039282789839	-2.59508878812336	0.998886443611923
kusu1250	0.226620624294115	0.936123459963654	-1.56501149446751	2.11711778796076
kute1248	-0.906608702277252	0.960249369303037	-2.95038009692034	0.836894480573568
kute1249	0.675718465446788	1.06023252098684	-1.30980955128411	2.86821147392013
kuyy1240	-0.403792310130918	0.995033882528261	-2.46272008854383	1.48345628205923
kwai1243	0.108389811887976	0.800944615447032	-1.48701242988621	1.66685763713397
kwam1249	0.497143316894465	1.07111186730645	-1.54252826585997	2.72799693817533
kwam1252	-1.34314146067028	0.928833384712554	-3.30472785577137	0.384192777819593
kwar1239	0.0186320601560261	0.791893238295319	-1.57178264255483	1.55327370193035
kweg1241	0.834402133611037	1.0265690164201	-1.07846705487696	2.98915239923826
kwin1241	0.217689946677135	1.08690424620864	-1.86458206930446	2.42993250834521
kwom1262	0.495703160590983	0.851370405796351	-1.15262032862202	2.22946805778868
kxoe1243	0.395134252057673	1.09813405534243	-1.67734727674556	2.59965749254169
kyer1238	-0.41017235569718	0.833375207620901	-2.07133572535038	1.18061936597927
laal1242	-0.00269990274091656	1.02280499644005	-2.05515749327855	1.97510758789765
labu1248	-1.09296675017987	0.794784991628029	-2.73858777024484	0.398610327283069
labu1249	-0.40623756508764	0.971639903915464	-2.38091564437353	1.43343563477898
lach1248	-0.0524071960606456	0.901721270052233	-1.81458481169329	1.72430356249624
lagw1237	-0.291336176162247	0.949913727904985	-2.20412698799891	1.51124286345234
lahu1253	-1.19186877438954	0.907100892452625	-3.10085555220249	0.458667525836414
laiy1246	1.05745179443598	0.989292497590821	-0.734333840814676	3.15644448743009
lama1277	-0.0449303559849596	0.857597293947501	-1.77991267664636	1.61665499077689
lama1288	0.40128022865905	0.830432168534042	-1.20134667270113	2.08560647790461
lamb1269	-0.320268334910138	1.01962024265199	-2.33884463391865	1.66682831454382
lamb1273	0.921162784840356	1.0176693739125	-1.00862613190215	3.02099349012035
lame1260	-1.89854988313622	0.90869830114232	-3.83299924608592	-0.277077207134724
lamk1238	0.640737105065341	0.874500076595617	-1.01587841909896	2.44513889143276
land1256	0.0976307588908922	0.993390377842938	-1.9177592022969	2.05769778147295
laoo1244	0.0249817261211321	1.04239544603734	-2.03908194367452	2.18795097253205
lard1243	0.289861604976142	1.11308381806671	-1.78657418527141	2.56783330548292
lash1243	-0.168101670837014	0.873867263996461	-1.96171927491913	1.49488010756911
latv1249	0.208066095057428	1.02692033473685	-1.76406399864967	2.27072988758596
lave1248	-0.603026113475882	0.983723812977827	-2.66191295291548	1.20941200228312
lave1249	-0.345880350508334	0.951571467459371	-2.30016183246035	1.47215126173894
lavu1241	0.150364029242259	0.937954802706744	-1.68534094860044	1.99628712347772
lazz1240	-0.350077069484898	1.05520908246438	-2.47582991895756	1.68135490680748
lega1249	-0.311235824960011	1.04597248364583	-2.50053994295837	1.74495894461293
lele1267	-1.4970426240892	0.979390190699197	-3.6018540310565	0.242311431971973
lele1276	0.140749081901489	0.96041139836761	-1.76813610672758	2.11286999327741
lemb1266	0.1217824885253	0.837262793056026	-1.50296642807168	1.79595583337929
leme1238	-1.28680994883288	0.986816245399274	-3.40724832240886	0.509619269922127
lena1238	-1.36489464960923	0.92541576955369	-3.33063888637701	0.330581268151865
lend1245	0.110095789941349	1.02926735661605	-1.9546884049206	2.17005545125807
leng1259	0.644697541091025	0.862320183377327	-1.01347826077954	2.38471636519383
lepc1244	-0.573864623560634	0.896497220213143	-2.43687579067003	1.11705910960632
lese1243	0.858566554897858	0.990035991309411	-1.00523673961837	2.92190331224626
lewo1242	-1.80414643009857	0.938117672583491	-3.79095040932418	-0.158963648999784
lewo1244	0.0328337031780555	0.868216400709298	-1.70796854698232	1.69251203893882
lezg1247	0.233776272670943	0.995604166830759	-1.72071797301657	2.23958720374025
libi1244	-0.963879349503834	1.03257116406137	-3.15886831715592	0.875871816077762
liby1240	0.492995699012046	1.03419573240637	-1.51245504185782	2.60782257516544
lihi1237	-1.083716209692	0.937525930837022	-3.06170568653767	0.640434907399269
lika1243	-0.36873974923754	0.995742867139293	-2.43238709535857	1.51311168313393
liki1240	-0.940045699952323	1.03710748480793	-3.10654101979212	0.932740438197125
limo1248	-0.71107967357693	0.822128621289924	-2.44273458746692	0.830074109301028
ling1265	-1.85090907617043	0.822336569971057	-3.56976323216655	-0.340526429633576
lipo1242	0.525208932066585	0.904831523880732	-1.19283822890585	2.42162812543011
lisu1250	-0.341893003237141	0.839288747708312	-2.01269118461136	1.26590008262044
lith1251	0.445780496236619	1.04054853091344	-1.46958596265766	2.60247871606318
lito1235	-0.938616084386428	1.01119398226199	-3.03406830272285	0.900102478223473
litz1237	-1.79443063963474	0.818237525973551	-3.51164232474034	-0.293230146404158
livv1243	-0.656705211264101	1.0490739517266	-2.86600980277317	1.33029995290621
logo1259	-0.160297649128081	1.06928843319016	-2.30118783685936	1.89187975804881
loka1252	0.128245957857064	0.966646350931076	-1.82800832060867	2.00250472330189
lolo1259	0.386324407209794	0.899438320748702	-1.33616090382434	2.25091228307147
loma1260	-0.229069123573328	1.0496537199865	-2.37080885875047	1.78924927153752
lomb1257	0.190172435977525	0.980449073008839	-1.72647399870119	2.14734483043339
long1395	0.581728963119085	0.871554555020215	-1.11348566724796	2.3377779227439
loni1238	-1.02284217516272	0.956267009716528	-3.0764610537468	0.714856746912843
lote1237	-1.13901372289727	0.979667678063392	-3.20989057876037	0.603188616665989
loth1237	-0.255870429434174	0.841388735183353	-1.96957696356928	1.40634006372482
louu1245	-1.08787237988405	0.951859048547051	-3.16366021210164	0.618851918965418
lowl1260	0.388966593670493	0.943251089910871	-1.41844557251398	2.30007163085018
lowl1265	-0.464648695068677	1.1025035574465	-2.77493060948492	1.60040601292438
lozi1239	0.213591972357024	0.98149099915033	-1.73222746981592	2.18289642585599
luan1263	-0.374003111418329	1.01351470070533	-2.45886151736198	1.58552724333588
luch1239	0.285735428238463	1.00253006928797	-1.65631696127664	2.30438724792325
ludi1246	-0.447955728235206	1.0602769833011	-2.67081539145932	1.52638263147609
lugb1240	-0.237368676425044	1.04496726705274	-2.35931802714858	1.78704350341057
lugu1238	0.596528366504506	0.95474862876004	-1.25363850415737	2.51549934817533
lule1254	0.730672062165638	1.03353716986889	-1.20763161314711	2.97020271249545
lumu1239	-0.558756329396606	1.09084078535226	-2.82751442816942	1.50599635029455
luse1252	-0.648539219529233	1.07665566852004	-2.82083459327938	1.40592909873316
lush1249	0.796149301198726	0.933118924150699	-0.941192511384448	2.76277737166542
lush1252	-0.0745047200506797	1.01146047031323	-2.12365802718771	1.93656942271742
lusi1240	-1.25965215375879	0.892569852541567	-3.13906395574832	0.337877007933263
luva1239	0.577493056051166	0.990836677537978	-1.32104047588999	2.63761939012902
luya1241	0.0403136020517374	1.02000140330755	-2.0523148061145	2.0164717087143
maan1238	0.56544308525501	1.02289541442745	-1.35432067891661	2.65359528409011
maba1270	-0.762338020535764	1.06784697555457	-2.9926008407434	1.2255857843298
maba1277	-0.258256067069723	1.08810354995365	-2.50547575172022	1.8292805234122
mace1250	-0.11214691929665	0.960823317921472	-2.04691108237776	1.83133545987394
mach1267	0.697417461538152	1.03999783735529	-1.19740898056707	2.92067619087541
maco1239	0.232825747886587	1.01469484495868	-1.7517193258737	2.29237384894781
macu1260	-0.40299084670079	0.998093403010279	-2.41523763537005	1.50867089392533
mada1285	-1.40076402620611	0.91325872828611	-3.33258474003718	0.239005740904097
madi1260	-0.435059064728089	1.06065310870512	-2.64103038482346	1.56023133147882
maee1241	-1.72101309467584	0.818568951254596	-3.45617750241268	-0.218922783930371
mafe1237	-1.76355664662765	0.891532648582646	-3.67408690990671	-0.177167929392241
magd1235	0.22173517485775	0.902817244870072	-1.5056669175395	2.05617783121651
maia1253	-0.776072319516886	0.814432658056089	-2.46625939494926	0.748173458397978
maib1239	-0.18944557271382	0.99524334039519	-2.17813618304333	1.75604269672207
mail1248	0.0601915957990539	0.875894546907559	-1.6907347403934	1.7912918427939
mais1250	-0.00719998843049018	0.859395551122583	-1.74778514854671	1.65227316977548
mait1250	0.196122630105821	0.933116128438224	-1.64074264621365	2.06221178960707
maja1242	-0.146741179722989	1.01361863287659	-2.14978147599918	1.83594209393007
maka1304	0.240324026281297	0.974833591439362	-1.64227779568058	2.14491565499763
makc1235	0.408921935403914	1.04382113806619	-1.62754882318477	2.49793796136252
makh1264	0.0594263008764178	1.00529353970749	-1.97473712214885	2.00400078695768
makh1266	0.857977504571618	1.03381849559614	-1.06338039135987	3.03239050314123
mala1463	0.295862671102759	1.06328472970638	-1.74494889916518	2.47021409748093
mala1464	0.336787373619422	1.04341333150631	-1.66999479755936	2.44418428818723
mala1479	-0.122695346154643	1.01474966135692	-2.17061882693465	1.81788283429498
mala1522	-0.445474046166113	1.0510989720024	-2.61791639640478	1.56763647272047
mala1534	-0.56021696967918	0.838479815795163	-2.27084994069896	1.02624431107952
male1284	0.580842390620486	1.01371880830712	-1.30535413606416	2.66418369893522
male1289	-1.36570590784434	0.915041843486934	-3.26432804051958	0.292525799115301
male1297	-0.355593395740896	1.09589745995409	-2.59589692855404	1.74248052093737
malg1251	0.274819178989767	0.909006617821345	-1.48543513421579	2.07875874808029
mali1284	-0.997590282652875	0.930408022387574	-2.92641825635444	0.739684066751809
mali1285	-0.998055266713441	0.98210459990287	-3.08162550792909	0.777790232806942
malo1243	-1.73245500601439	0.856257465777028	-3.54200409124323	-0.197970527505718
malt1254	0.377246776458561	1.06676482183301	-1.60128508653898	2.59537631504053
malu1245	-1.69788603038605	0.832908210822662	-3.46257226261308	-0.152627249446941
mamb1294	0.0598642454887258	0.913016037394548	-1.76010700042018	1.86223979507433
mamm1241	-0.898707753418052	1.07200058596012	-3.10464617482072	1.08440437945704
mana1288	0.322693067502479	0.865706470985026	-1.32190602971392	2.09732102427168
mana1295	-0.866873845781055	0.880560941855068	-2.7107515776115	0.795868466601658
mana1298	0.473548811809658	0.870776629904281	-1.21438697407314	2.26724172183675
mand1415	0.526875842827692	1.0416992783375	-1.49300641436086	2.68547046040395
mand1436	-0.186444070836575	1.04220544013066	-2.31481784672523	1.82484077369719
mand1440	-1.27665000976503	0.945419907541699	-3.2682970299533	0.463928562434591
mang1378	-0.770300461985651	0.899450569170592	-2.58821139208646	0.949049393954013
mang1381	0.546256137817224	1.12961488776819	-1.5756587749558	2.92657583470554
mang1394	-0.498176784274259	0.993529523129835	-2.575099450254	1.35606588769554
mang1401	-0.37216377635258	1.03345804599959	-2.50805766566146	1.57630496344277
mang1404	-0.900027058441754	0.789906459851233	-2.52045670632436	0.600686591430482
mang1405	0.633597380615799	0.964527346262544	-1.20272250898052	2.6476252191263
manm1238	-0.346852069666452	0.824770824474098	-1.98185575483207	1.25884974976497
maon1241	0.234243959421906	1.06812638895476	-1.92411960238163	2.35158383968656
maor1246	-0.386460449002034	1.02774115349312	-2.46543016543527	1.54454638476233
mapo1242	-1.00039636132505	0.781425845324076	-2.633248522458	0.438229547034134
mapu1245	0.490105945864893	1.04180579085041	-1.42888540500461	2.63319192710139
mara1378	0.317518218592352	1.03883541158228	-1.64074501075642	2.389472296554
mara1382	0.45066083281936	0.905156113883718	-1.26695686517813	2.30894922313657
mara1385	0.580680675766685	1.06791114694544	-1.45027392110697	2.82779724278579
mara1386	0.130879618190314	1.02372043272648	-1.91074713320267	2.19078235067739
mara1399	-1.7401567368193	0.81536607507739	-3.45350626901322	-0.259797005068606
mara1404	0.194727609907722	0.867188166814191	-1.52269730342845	1.93463358891713
marg1265	0.191050587482886	0.881305530329673	-1.50502777819445	1.95402924886072
mari1424	0.0558551220144345	1.0265866435949	-1.91514684520067	2.09451347634463
mari1426	-1.57321220414699	0.981078328594626	-3.6493290420697	0.220627237385416
mari1440	0.805741758200307	1.04491157271073	-1.07690757721187	2.9430224700159
mars1254	-0.328489969667828	1.01804672052763	-2.46499501238937	1.60228957682592
mart1255	-0.402406632618677	0.99040726680532	-2.42936364349019	1.51726792342318
maru1249	0.396117620066069	0.942542112051825	-1.42928739019311	2.30764795604819
maru1252	0.264131008827999	1.00577942544592	-1.64362903684954	2.31425284082515
masa1322	-0.259568277912446	0.948218612440979	-2.21464276687017	1.59312735832261
masb1238	0.176977741434487	0.905174510442073	-1.59412617480138	1.9632415635037
mask1242	-1.95237902747195	0.860103978294241	-3.7864072125398	-0.46269551018463
mati1250	0.0672958132286375	0.813397869860588	-1.52642989274729	1.65150502020565
mato1252	-1.00616082939149	0.797510733769831	-2.654581080705	0.462951458481725
mats1244	0.394455625949245	1.03472318659308	-1.53369780162005	2.46696291577422
matu1259	0.721092747179215	1.0503507396753	-1.2563457660308	2.95252652913197
matu1261	-0.478613265763139	0.757756310290883	-2.02107082286917	0.9972872054498
maun1240	0.551039192949959	1.08273628799136	-1.51346561996097	2.8019056249556
mauw1238	-0.781516805033593	0.815681515771055	-2.4699381278535	0.768264375861623
maxa1247	0.720697367354679	1.04588124307442	-1.19222295406005	2.94175060206144
maya1285	-0.479734788282304	1.07522688510412	-2.65942368998025	1.56770867666714
mayo1261	-0.383887673485552	1.02835191521501	-2.55206043342066	1.60408182565282
mayo1264	-0.392463608289199	1.06613190762666	-2.56127219189062	1.60939439590913
mban1263	-0.599639699031992	1.0738282147315	-2.80345112693911	1.38700426956824
mbay1241	-0.0525553225285131	1.00091943834039	-2.06835801267375	1.87476627889503
mbul1263	-1.36003325964117	0.918992705084087	-3.30239381922578	0.321846567944126
mehe1243	0.621314520740417	0.84664214351361	-1.01712990405449	2.31827144534891
meke1243	-0.0274548923644419	0.849030386102232	-1.69584624089895	1.68675953653376
mele1250	-1.46834714428176	0.982593224803417	-3.56955303576564	0.301983502163554
melp1238	0.161336069806082	0.824503089538714	-1.46253500151917	1.80343630069764
mend1268	0.662748945647375	0.840466881720345	-0.950136409438836	2.36613790529426
meng1267	-1.21133638247854	0.958486246265737	-3.26532570435533	0.541987011242995
meny1245	-0.810528215945418	0.892673820468276	-2.73559025757525	0.860601372992672
mere1242	-1.63618147440188	0.92232390014446	-3.59441412476256	0.0314890924297569
meri1244	0.121519175834264	1.01574417028585	-1.9045231660403	2.15712985143564
meya1236	-0.728978641091836	1.00047657805067	-2.83101252168056	1.14025502276711
mezo1235	-0.000202146613931572	0.933211948454977	-1.82817427308075	1.872470686873
mezq1235	-0.134911961683367	0.957257473101955	-2.0812632764122	1.7041794524782
mian1256	0.219276667916899	0.863276683327408	-1.45119337058097	1.98478908688276
mich1245	-0.365062000153359	1.06449377890248	-2.58692481370954	1.61603800392668
midd1327	-0.934157138138286	0.838391547178292	-2.66915658008657	0.609061050979888
midd1357	-0.147523667341071	1.00133304625861	-2.14088839651678	1.84077657002683
miju1243	0.288884188841962	0.928153692982661	-1.53072987109856	2.17038232477323
mikm1235	0.237906386745827	1.06618942725423	-1.8213183160295	2.40764805453387
mila1245	0.36714872865487	0.90916859590229	-1.41758023404641	2.17608859523405
mina1268	0.805260544602942	1.04204523608186	-1.10272134315064	2.99294258765798
mina1276	-0.0298701067825061	0.839611399310756	-1.74226665017638	1.58984609580258
mini1251	-1.10502405312757	0.890510044940579	-2.96768652853343	0.550206288196473
mini1256	-0.0798278780022273	1.00077851637984	-2.06048335480878	1.86725772471885
minn1241	-0.436048152026904	1.07335133868245	-2.63898987054842	1.58885106296825
miri1266	0.328641143628506	1.09336810913313	-1.78870709414908	2.50757878899753
mixt1426	0.409166116508071	0.903416320902249	-1.34963202429576	2.21882107544035
miya1259	0.214862145932072	1.0607986258595	-1.77986134650786	2.35854545377499
miya1266	-0.861549785233437	1.03545656536433	-3.05359499457435	1.1010288924583
mlab1235	0.435738693174155	0.975939534756512	-1.41288567776333	2.44826651087071
moch1257	-0.940604783445154	1.05163520873867	-3.15138666877184	1.00496214080966
moco1246	-0.412183598173787	1.03071245929997	-2.57017106550066	1.53219524436205
mode1248	0.364088192539618	1.07661757805029	-1.69905100974565	2.54756063363145
moii1235	-0.441899747327404	1.05501315198975	-2.60129858287019	1.57680417292224
moke1242	0.604196542677105	1.05291668009908	-1.37175223307773	2.80378059852209
moki1238	0.416355508585928	0.981143301835574	-1.5277668001229	2.35895348892335
mokl1243	0.510436280630279	1.00826066086898	-1.38417977946389	2.60280259796939
mokp1239	0.641730686112218	0.991224795087688	-1.24417006437675	2.67343104527416
moks1248	0.373553895415922	1.02372725207017	-1.53495960688409	2.48713224222818
mong1338	-0.318701534314841	1.05984225715192	-2.4667738562636	1.69019172643497
mono1273	-0.473088595587274	0.96406537143531	-2.44252540853009	1.3974189836746
mono1275	0.132561021415014	0.987996980622019	-1.83032008460149	2.10150191719338
mont1268	0.21261776594487	1.07829758809696	-1.84485973062819	2.34045194449035
monz1249	-0.763335908020876	1.0388524048213	-2.92377879523624	1.14317588271181
mori1268	1.13519770022455	1.02586001096249	-0.745565728168091	3.27115128188388
morm1235	-0.542134184604485	0.950473265703685	-2.43818091715374	1.2403122431667
moro1287	1.20550771347261	1.050493726111	-0.675165317188715	3.43868140489436
moro1289	1.04899495823317	1.06698760716216	-0.892408365983629	3.28917030221298
mort1237	-0.215822873767986	1.01317979707041	-2.27178132090807	1.76130106287056
mose1249	0.807970789879684	1.0258767134904	-1.06973046412896	2.95045800531239
motl1237	-1.23693599276035	0.999706343515534	-3.33565300400704	0.602183972738136
motu1246	0.339143580553831	0.839658938768336	-1.29669619793849	2.00580804464934
mouk1239	-1.30325499471969	0.913187096210975	-3.26098942441177	0.335915291688637
moun1252	-0.145235186865261	0.852950358377112	-1.85966671798703	1.52675448151517
movi1243	0.405430684369988	0.954937273750841	-1.43677932750058	2.36040444392845
moyo1238	0.27783524284642	0.842937062922531	-1.36511988567309	1.93211938002624
mpad1242	-0.45588785411895	1.02121466881504	-2.54859071234219	1.51290724614311
mpii1239	0.486691569441705	0.99202806871974	-1.36174895707853	2.56225970193669
mpot1240	0.679256174663302	1.0017533445833	-1.24478221733173	2.74423081092534
mpur1239	-0.596822551687891	1.01790502388516	-2.70186563154165	1.32571483612554
mual1241	0.7294166202789	0.972230026005322	-1.09405232911063	2.71919968763916
mudu1239	0.406086632767921	1.07452157836141	-1.63916172490756	2.6098134217017
mudu1242	-0.797979295155759	0.921506669296377	-2.68138325581995	0.927624802395451
muna1247	1.23469429419106	0.983745021085191	-0.551959326105666	3.33458981687804
munc1235	-0.869039505015966	1.0198460049102	-3.02395281598864	0.975083397453829
mund1320	0.787089457561757	1.04707453948926	-1.19421254218499	2.9434959838208
mund1325	-0.197921580838987	0.931083395265026	-2.07771417934454	1.56426945624316
mund1328	-0.899576340342944	0.927621901390454	-2.84635083471412	0.842091134379572
mund1330	-0.382850574804672	1.04328043142484	-2.53524129347247	1.61906382674326
murl1244	0.409384403855248	1.05842371956312	-1.59546291797354	2.5774980395917
murr1258	0.306330889329673	1.04248903338376	-1.73509566609502	2.4682988606434
muru1266	0.181991315160621	1.02897426394722	-1.83992030722889	2.2963901637674
muru1274	0.266762035512334	1.00937900547962	-1.69689157335621	2.35660509052289
musa1266	-0.0833925078261464	0.766871922968707	-1.5757848509537	1.44399537043672
musg1254	-0.0371443117969737	0.938015926577044	-1.90720959095748	1.8172764438138
muss1246	0.207606781136233	0.986454038062729	-1.72914212941832	2.20314935090445
mwag1236	-1.00567202606364	1.0188823707393	-3.25881974269436	0.854630461172677
mwan1247	0.905171841643184	1.04108242954751	-1.03487767132913	3.06772838032862
mwan1250	-0.214244103765245	1.09056192988439	-2.42215175631129	1.88427360632088
naba1256	-1.14282977394423	0.792968490750416	-2.77085544990346	0.363352067718691
naka1262	-1.24261048285223	0.956662412380235	-3.27191873095027	0.455067145014188
nalc1240	0.285907364636	0.860150186399966	-1.37345986860105	2.00546355529401
nali1244	-1.38447815948909	0.946657816795298	-3.40634232110101	0.300551999177785
namb1293	1.39492949885922	1.02252473765782	-0.423538632809089	3.58760905711119
nami1256	0.291304631502639	0.802586678152689	-1.27857667568051	1.86792351860991
nana1257	0.0638337837614208	1.07015029055696	-2.01166758879692	2.21530949516595
nand1266	0.746280320064184	1.02722241416426	-1.1678851251139	2.97156343527561
nang1262	0.385071813088971	0.912434204879162	-1.3927168148052	2.27070466137708
naru1238	-0.644536332010254	1.03346534300555	-2.80255001549935	1.26864928000157
nati1244	-1.83980183959357	0.852982090112439	-3.66274287842513	-0.307707805973504
naue1237	-0.743089235490936	1.04697302519189	-2.94455817205413	1.21392928204673
naur1243	0.651242370929344	1.03159243959163	-1.27393206730044	2.78559022547917
nava1243	-0.429084595416404	1.05272402775244	-2.63579312849302	1.56781941198189
nawu1242	-0.285041023374024	1.06825223039034	-2.48926035559337	1.77612100657084
naxi1245	-0.965463337658602	0.964284690481644	-2.94225334645336	0.82297664868961
ncan1245	-0.84578848613142	0.909603774338141	-2.68544003891869	0.873109988824866
ndam1239	0.711249192558987	1.00060865852956	-1.17721534755326	2.79324219599884
ndog1248	-0.21339007254722	1.07051936436011	-2.39506258490069	1.86047912761638
ndom1245	-0.327394735285218	1.07311399008858	-2.54367337998456	1.70212920465909
ndun1249	-0.665662371303161	1.04451279682678	-2.82437528758594	1.30189166257631
negi1245	0.158782101840336	1.03614470262475	-1.82751854929215	2.30568839193684
neha1247	0.222582992789257	0.945526843226102	-1.63277395247166	2.12655306394482
nend1239	-0.338388707043969	0.787302983057731	-1.88955677578702	1.1813930783599
nene1249	0.457870255608011	1.03926469312288	-1.55915978463138	2.5990670115715
neng1238	0.196806876410591	1.01111321834924	-1.81651774868509	2.21606864324883
nenn1238	1.39717412410383	1.0235056105196	-0.451663718312859	3.56943384775373
nese1235	-1.7061721589594	0.829990529010097	-3.48368034131743	-0.174036276321613
newa1246	-0.514679217116221	0.828335140765641	-2.2741715748194	1.01409355943002
nezp1238	0.804639797685536	1.05336032685692	-1.13998674783018	3.02370614032458
ngaa1240	-0.659491318009312	1.02823688770856	-2.79811597035985	1.23857897135289
ngab1239	-0.46312244616179	1.07044404591443	-2.68781205446189	1.53942773802811
ngal1292	0.624814047630549	1.11216283681138	-1.51022979809293	2.91099558599565
ngam1268	-0.015677488648755	1.0013036062964	-2.04198175845937	1.96558296289783
ngan1291	0.403784185499909	1.04679366678076	-1.61129651606018	2.55068228002957
ngan1295	0.697113106801221	1.09287560073745	-1.35339800237176	2.9846859669733
ngar1235	0.46896339655501	1.03888789939786	-1.44600719871298	2.66867832186145
ngar1283	0.313579867812884	1.0906617345233	-1.79965795380497	2.53700342882435
ngar1284	0.24278131704773	1.12557190404435	-1.91909490307525	2.4933969113813
ngba1285	-0.869133895102295	1.01095968830402	-3.00488149339848	0.990441947592302
ngge1241	0.505555498148915	0.938639769815125	-1.27919446207152	2.43805782492727
ngit1239	0.850942887646215	1.0059701026029	-0.988450654241087	2.94364918072575
ngom1268	-0.773691417306459	1.06844995728939	-3.04093149282421	1.26771678224152
nhan1238	0.318354358729963	1.06274888783337	-1.72905101571539	2.54707041820889
nhen1239	0.704904035087528	0.95363413844923	-1.12542876966686	2.70921293475569
nias1242	-0.332074632087406	0.99393706107873	-2.40529165235004	1.52651554044349
niha1238	0.465326805669241	1.08098680819751	-1.62608310920837	2.68249875502696
nisg1240	-0.525981233183887	1.03187605087903	-2.64124604440808	1.42112128904313
niua1240	-0.2377700671834	1.00188302323424	-2.28911784997247	1.6559179833597
niva1238	-0.253651713961223	1.05487843686234	-2.4646817264162	1.79141516681126
njan1240	-0.409598393111189	0.964328668142599	-2.35425190206803	1.44769709982812
noct1238	0.659233112275736	0.872915971367885	-0.964606223491595	2.43644204876841
noku1237	-1.36457033537463	0.99525152875193	-3.44562111742653	0.455659495320545
noma1260	1.23107727245817	0.950989136221559	-0.52053950489831	3.22004938413304
noma1263	1.09113413418839	1.05218537924381	-0.774180239455699	3.30619663334688
noon1242	-0.349279260184061	1.02741722448934	-2.45426090283937	1.59689422607256
noon1243	-0.775384248229991	0.908801432259089	-2.626009385723	0.946751207224787
nopa1235	0.321069638042978	0.941470684285724	-1.505431425786	2.23488126343427
nort2671	0.561160430862726	1.01864715351282	-1.43463085880928	2.61168352182794
nort2684	0.155518449211787	1.00107430131333	-1.78476313947882	2.19224904352153
nort2690	-0.155967753991933	1.05678706625822	-2.3419792541481	1.93298222109929
nort2697	0.11034985104479	1.01666807263014	-1.8951103018206	2.19111974889787
nort2699	0.274656895110164	1.08823058626895	-1.82072991343679	2.54334970405088
nort2702	-0.529172585035474	1.0179213345746	-2.57158658621971	1.40622412097637
nort2722	0.519013391854367	0.930893716380847	-1.28046071717348	2.41274386563382
nort2723	-0.85545022135806	0.997189854666553	-2.93648291655437	1.00165703817827
nort2724	-0.704904205085497	0.925570281762775	-2.6239069112074	1.04538599766787
nort2732	-0.642213398852943	1.04616239393359	-2.80589084012288	1.31764887763254
nort2745	0.322553832423799	1.07524772529101	-1.72189201211585	2.51690643409646
nort2747	-0.316684502778592	1.01846404569925	-2.4571749246719	1.64841771723623
nort2774	-0.629799458368692	1.05684596853855	-2.83483419018172	1.2969612948146
nort2775	-0.188748179066141	1.05205876552989	-2.33270731223254	1.82882281761674
nort2795	-0.390702275704466	1.00363139386754	-2.47980352587551	1.51627629622803
nort2845	-0.38638677364047	1.04903083127675	-2.51083452777498	1.62124508607604
nort2847	-1.38531961916413	0.92824946483588	-3.34918446621555	0.293221061701578
nort2885	0.169401652095155	0.894998163834393	-1.61316103348605	1.9618995774064
nort2930	-0.505127602739242	0.986559235822044	-2.52594613339475	1.37845136344688
nort2938	-0.22800522288876	1.05388645197467	-2.39727468874481	1.84013556029153
nort2942	-0.336835950145467	1.04146330604965	-2.4831811992613	1.67042327047899
nort2951	-0.326462401453756	1.04112826778277	-2.47191533901881	1.63848991630504
nort2954	-0.373583205371169	1.03695343783316	-2.55452398148958	1.62103371546209
nort2957	-0.208638601468149	0.863773475739531	-1.91895742472581	1.46568726298651
nort2961	0.187052798626712	1.08429832250636	-1.91399950657168	2.37775299512908
nort2972	-0.49078840918167	1.07161666853002	-2.68021281555863	1.52792234601482
nort2980	1.00769139703162	1.05290042880673	-0.893588131712152	3.18279621308225
nort2994	-0.208052777344827	0.924532719874194	-2.049954134106	1.58843149689861
nort3047	-0.0693404197340893	0.867367025027238	-1.82078165525099	1.63014685482226
nort3139	0.404482247177992	1.05705401558452	-1.61766353295327	2.58973135417248
nots1237	-1.43662304457244	0.929405208192819	-3.38011888926799	0.226697396664231
nsen1242	0.657857685998526	1.04048100227542	-1.34487880603597	2.81510144602739
nucl1235	0.466101696681951	1.04553210893973	-1.52252128218556	2.6403810442775
nucl1240	-0.171393906091385	0.980666207975222	-2.17088715141667	1.75297101103151
nucl1301	-0.165372878522188	1.08330377767709	-2.35477671765295	1.90202776236404
nucl1302	0.40952332131104	1.03486836386012	-1.5672426629745	2.5049118072559
nucl1305	0.302362282280541	1.07105658212476	-1.75753794821078	2.50498198369631
nucl1310	-0.811667062415122	1.02346210872311	-3.00918635105957	1.01926015961324
nucl1327	0.496726717337499	1.12694968432972	-1.56738490809223	2.86780221720911
nucl1347	-0.353544148698949	1.0737139401975	-2.58968570044643	1.72932958517468
nucl1417	-0.304132467507851	0.990849960670043	-2.38611247939389	1.55972270556253
nucl1458	-0.828899794153704	0.84852664163778	-2.6085280584367	0.704148045464925
nucl1460	-0.0616410853888315	0.985527983907812	-2.00551879020912	1.8327011361565
nucl1593	0.356462342334315	0.802544656097225	-1.23844835875747	1.95962098254059
nucl1594	-0.13305767769647	1.00086796042137	-2.15365905507326	1.83929931121038
nucl1595	0.131547128560451	0.912567865159165	-1.68443413754854	1.98075190858046
nucl1622	0.709398943966418	1.04728097488379	-1.21279682742053	2.94234434199786
nucl1633	0.372117135079246	0.962170985627311	-1.4990502689129	2.28880181141748
nucl1643	0.376483803100938	1.04317426555191	-1.61934373816956	2.54750801912748
nucl1706	0.285745833043057	1.09665807973493	-1.78523974422325	2.50962851503204
nuer1246	0.495432370550253	1.06287341510069	-1.5394328378118	2.70303186293556
nukn1238	-1.02073127013727	0.784664004915316	-2.62424954341234	0.40832726020246
nuku1260	0.553732601563196	1.015555039981	-1.38554572007965	2.59691956255021
nung1282	-0.290130217577574	0.877929143278426	-2.03611206845859	1.41097350540777
nupe1254	-0.366244560213221	1.08059712609994	-2.58539969809818	1.65756271349625
nusu1239	-0.331330507241117	0.843960547425061	-2.03842287217578	1.27242116774166
nuuc1236	0.210812492009657	0.999052213683753	-1.75304076400925	2.25330356197985
nyah1250	0.492256716729846	1.02255982208697	-1.44140948841814	2.61660139698601
nyak1260	0.709953960786038	1.01110488279832	-1.22596595390261	2.82606560631989
nyal1254	-0.344404552223464	0.982325140464088	-2.35290521234521	1.52362658584846
nyam1285	-0.715016235122393	0.986337690879094	-2.78100273469746	1.18041200277225
nyan1307	0.559497122828725	0.991568281647995	-1.35904908694635	2.60750583327128
nyaw1247	0.395814559560452	1.02797990993327	-1.58835679663495	2.48287984384169
nyig1240	0.180704949055562	1.11961277496393	-1.9848026926235	2.41225686036945
nyis1236	0.492657293980168	0.864444364051926	-1.20295402490886	2.22971928967867
nyor1246	-0.0203036832611083	0.967469284954187	-2.02096832807203	1.81758014315107
obok1239	0.111998974612824	0.955256498467	-1.80177898975701	2.03243047145956
obom1235	-0.00353547068704567	0.849758153762431	-1.6747444038169	1.66621768378978
occi1239	-0.411772822255524	0.998577260240431	-2.4795571559878	1.47611940757018
ofay1240	-0.335501168139714	1.05027647040261	-2.48187465827196	1.67568438539267
oksa1245	-0.0179821457427022	0.897121880747796	-1.82784415835754	1.73475476759088
oloo1241	0.392513442539876	0.821149214330273	-1.21501412958336	1.98335688124662
omie1241	-0.120565090736527	0.848351152252223	-1.8150570382708	1.50265395563766
onon1246	0.466584448236556	1.08196647401376	-1.61327455610039	2.71297197251313
onto1237	0.577843557572037	1.00805608874383	-1.35128049166364	2.60895381289361
oriy1255	0.730789882738003	1.03365567754974	-1.17969312477793	2.94012905870718
orok1267	-0.569123627269235	0.964216441112038	-2.55957226189602	1.24385017047588
orok1269	-0.332391283347734	0.861921688070916	-2.07936862159785	1.29550326745379
orow1242	-0.374504662328659	0.900878840992047	-2.17872310785409	1.33903106026915
orya1242	0.491113114964477	0.948820410994521	-1.33616758263864	2.42585817954662
otta1242	0.228154740780309	1.08226364484252	-1.89965853653218	2.49878645829384
paaa1242	-0.820863089263854	1.03073021321169	-2.98773214384918	1.1425276807196
paas1238	-0.188589873304984	1.05265316242606	-2.34954062840205	1.85647847396654
paco1243	0.201753627211027	0.960021271755376	-1.69246371075686	2.13372718621386
pagi1243	-0.624176150141447	1.0578642989489	-2.82205678019786	1.31723045622112
pahn1237	0.180282488520806	0.926072664935415	-1.60108080029706	2.07878545510508
pala1344	-0.350374039622811	1.03983851157754	-2.48530500519772	1.63209338656943
pali1279	-0.529970848537976	1.02183058943123	-2.62779789012801	1.42805277951714
pamo1252	1.05775387735529	1.03110947766532	-0.846177008544101	3.26169580605286
pana1307	-0.0858952320927387	1.03343109138453	-2.14598428872995	1.9253041136089
pang1287	0.36530822871889	0.983328921270044	-1.55928669747801	2.33206040413166
pang1290	-0.918680665841967	0.888510018926805	-2.73538469296644	0.730161184668433
pang1291	0.411212027142091	1.01334427917905	-1.5273385291121	2.50561629374258
panj1256	0.420617168924828	1.03103667212401	-1.58250837052749	2.48820152716725
pano1254	-0.679703011781578	1.03174388749245	-2.81409351628345	1.23768680819809
papa1265	0.19250853496532	0.779700829015519	-1.32946648817026	1.73868777217017
para1301	-0.675490844315496	0.997481392607598	-2.77839047303329	1.2026198732808
para1302	0.0679860323064044	0.849963976827389	-1.60015274111374	1.79995694768431
pare1266	-0.212184133163134	0.909997523797139	-1.99437311360664	1.59197743753716
pare1272	0.360936780191982	1.03681885761317	-1.63783480799846	2.49133128905882
pate1247	-0.939091791156368	0.787497889038664	-2.60515397436785	0.559502490126904
patp1243	-1.10233671427042	0.908392019589077	-2.9943889884377	0.575754349283185
patt1248	0.667701303624777	1.02466224829036	-1.31380352153234	2.8043740488817
paul1238	-0.662793848076448	1.03004787315114	-2.8116621998163	1.25606776594346
paun1241	0.499214763657837	1.01984990154496	-1.43238607014747	2.59528945418886
payn1244	-0.399316476465761	0.782289898056785	-1.9497531691865	1.09792725533081
pech1241	-0.187589929048334	1.06451109054685	-2.32410620392332	1.8550810273953
peer1241	0.0169633203813612	0.989280420122137	-1.93030500000278	1.94504587529943
pela1242	0.314401849911194	0.858653509269317	-1.36981819148453	2.02547131384604
pemo1248	-0.440798009189069	1.05907599762691	-2.60660378996522	1.53992739949884
pend1242	0.946422101050252	0.965009358108467	-0.856235333503033	2.99089335735015
peri1253	-0.570802254346467	1.04909679707947	-2.7046206173706	1.41467240932929
phak1238	0.561472205375964	0.946127572743866	-1.23945021925575	2.53683112939815
pila1245	0.509371249112467	1.05543087494804	-1.49575929397833	2.69023513412337
pile1238	0.309266503605136	0.891039930605106	-1.48343661033631	2.09377005972125
pina1252	-0.0273245425265224	0.834422108701304	-1.70413824125529	1.67399036227906
ping1243	-0.0612623254651504	1.00649427610638	-2.1053634414824	1.96984247392776
pint1250	0.334516194873816	1.05431304669733	-1.61882765867247	2.5223544441352
pipi1250	-0.48608524618166	1.0616243881879	-2.68591715200668	1.47118863608899
pite1240	0.740078873644867	1.04521539466902	-1.17893616459222	2.94299960436952
plat1254	-0.271442624967126	1.0459015481886	-2.41761671274425	1.70755263098057
pnar1238	0.326988184835726	0.898467846676922	-1.40580475366474	2.12890629877386
pohn1238	-0.157525556335804	1.0100712242112	-2.2806144150882	1.80388879261062
poli1260	0.364840255257981	1.06361782543713	-1.62707952293428	2.59963614994787
popt1235	-1.01879202767122	1.05629339674417	-3.19800180495275	0.933026270116464
port1283	-0.504221111007533	1.04333334940285	-2.74499168678388	1.47903215107486
port1285	-1.94974762323215	0.855131970654334	-3.75472113198703	-0.463997124792569
pras1239	-0.521952206957692	1.04444532351519	-2.66661728892106	1.46299186245654
psik1239	0.264389945667198	0.831419145780717	-1.34170250887636	1.95564957544007
puka1242	-0.380635979058065	1.03123173240327	-2.53327826835175	1.5968961041755
puma1239	0.713884783429402	0.790721626690727	-0.786706118772573	2.35461603452259
pume1238	-0.478237869530852	1.02822831252593	-2.5623754249036	1.49233448308621
puoc1238	0.144023471847399	0.972385318690462	-1.76541626165886	2.07520820073468
pure1242	-0.574897097138182	1.09456422642319	-2.86577833536145	1.5262653560438
puri1258	0.62750220057584	1.01981567957969	-1.26537793121739	2.77576889304506
puyu1239	-0.125820464483002	0.83187618620167	-1.78752538421565	1.51685031302155
qanj1241	-0.970765738019459	1.06464620156767	-3.17592364339529	1.01872364223616
qaua1234	-0.307765243432957	1.0568861873141	-2.48027797266238	1.70426034625637
qawa1238	-0.391213201792882	1.0538514364999	-2.599715625133	1.5847906210551
qima1242	-0.508954269147379	1.04759415395482	-2.67108859699293	1.47430076460134
quer1236	-0.4601920893295	0.967266192387671	-2.40764009986897	1.40458476953673
quio1240	0.975507067513702	0.928679455130648	-0.707944722503611	2.9478771341401
rabh1238	0.125032070859134	0.911665338955124	-1.67337994775502	1.932281736796
rade1240	-0.0409848718667018	0.900835577982479	-1.84329922014957	1.73493580003871
rama1270	-0.423344347491631	1.05890291973825	-2.59355683992744	1.59244632751393
rapa1244	-0.37191550110754	1.03406659620464	-2.52095955968426	1.59379021400043
rapa1245	0.630499090741311	1.01765096366142	-1.30050221250789	2.72451076732993
raro1241	0.632640816225213	1.00067907527418	-1.26325132309156	2.73332331569042
rata1244	0.475266221912631	1.04272512005623	-1.52757405664591	2.66835956425843
raut1239	-0.667266132881688	0.991222534809279	-2.72611592463463	1.17277434284078
rawa1267	-0.707182080560619	0.79523764100255	-2.35353140502141	0.804110783865531
remb1250	0.155062321090266	0.922432273016826	-1.70074735423483	1.99634948825581
remo1247	-0.198244655673237	0.93786675132011	-2.06137745571456	1.66950706785228
reng1252	0.425671107835222	0.925722715970945	-1.34477796356166	2.3247091615872
renn1242	-0.300834321315465	1.02809808021127	-2.39394107761796	1.64639124235875
rere1240	-1.930961062235	0.837953076525968	-3.69746217549305	-0.426255077743945
resi1247	-0.491587997952152	1.01012494255966	-2.56394881929152	1.49470768651161
reye1240	0.793217258085397	1.03595660337846	-1.12628487214381	2.94371864319155
rian1263	-0.320709936539376	1.04573035885058	-2.44133738602722	1.69764132815526
rikb1245	-0.269152908235849	1.06232027666555	-2.49049797352876	1.75253897561685
rita1239	0.66987092418906	1.06261924347446	-1.28295399908355	2.87121438310039
roma1326	-0.145858951325011	0.988095840764232	-2.17437863976133	1.76833524762957
romb1245	-0.205448360604263	0.945115324111088	-2.12564335407211	1.5986668015822
rong1264	-0.924721277706158	1.02885405183189	-3.08751009688619	0.975152221192215
ronn1241	-0.990013846884335	1.01843477089033	-3.18665052165821	0.881602654314228
roto1249	0.211130121682855	0.773530755820004	-1.32804649787837	1.743984046653
rotu1241	-0.348298366249384	1.02847025541117	-2.49480422560425	1.63366834801988
rovi1238	-0.654244095931181	0.915791444346455	-2.55045535712185	1.04136898142018
ruch1235	-0.968031547439028	1.04604248625955	-3.13410072981257	0.920623274628154
ruka1240	-0.171483185584462	0.827465491474742	-1.83313514627036	1.44819227374033
ruma1248	0.322576382481739	0.926268133973754	-1.52310164278785	2.16497561275866
rung1258	-0.295374618378728	1.09877273595442	-2.54056154696995	1.82890977754286
rung1259	0.379336688568295	0.886310513413338	-1.32067684625331	2.1370438163124
russ1263	0.371822178894804	1.0544933550141	-1.59923902063072	2.58091689472676
saaa1240	0.119782239911249	0.897206932239251	-1.68733555342606	1.85557457859219
saaa1241	-1.8590524049127	0.911300209814967	-3.79174715750892	-0.214834557132288
saar1237	-0.324468668252577	0.792369105487376	-1.93324836122218	1.18658912644089
saba1267	0.242679574101914	0.823688509228567	-1.34790832774546	1.8669914428516
saba1268	0.1635581453513	1.01141381086728	-1.81575595387863	2.2171103049465
sabu1255	0.807908792927768	0.989950516495311	-1.0364779670202	2.87725565775973
sais1237	0.374928822655911	0.889100302060225	-1.35863871842878	2.18152586185374
saka1289	-1.63944965100351	0.944409930817534	-3.63817073340569	0.0555853135458152
saki1248	-0.173472293554141	0.990804075254869	-2.20799701813327	1.74124714965719
salt1242	-0.120850082822739	0.811130234918993	-1.75589474292858	1.50228805010326
samb1305	0.136364919199426	0.995570799038018	-1.83470758324007	2.15101626695378
samo1305	0.604085114820152	1.02906675407123	-1.31835716179468	2.77874745796767
sana1295	-0.767537236926126	1.07400016811828	-3.05173683442059	1.28511145573677
sanb1241	0.347083360398834	0.917233817162006	-1.43763865352233	2.18998427745279
sanb1242	-0.395658207682966	1.06969149269433	-2.61049814210054	1.67786913485557
sand1278	-0.193468231013406	1.00389253481706	-2.24974500465803	1.72610374641722
sang1331	-0.216608595613353	1.05377273817392	-2.35840552112762	1.81692456814649
sani1269	-1.02225824812653	0.949875941087608	-3.02055221782487	0.74015877742853
sanj1284	0.947409664454215	0.938246243944991	-0.804385944276294	2.91365350304479
sanm1289	0.659814461149947	1.05183000647095	-1.31311833174557	2.85687505152461
sanm1295	0.079267142603193	0.89030206959603	-1.61371079196205	1.89742456839695
sanm1301	-0.338773001303946	0.957392006255203	-2.27330548546764	1.50488984982535
sant1410	0.561991043280071	0.981987711958186	-1.27099150008827	2.64574084942697
sant1436	-0.459578331324813	0.925715324920015	-2.3291636282432	1.337673369162
sant1451	0.421536443538887	0.908716290311981	-1.32275712600768	2.24589891061643
sanu1240	-0.326760783363538	1.05128159278288	-2.50859970685821	1.64624397602029
sapo1253	0.130210268559729	0.815043576689497	-1.488721451714	1.7099789690747
sapu1248	-0.376011914814967	0.934797938157936	-2.29301664719202	1.42213129546981
sara1321	-0.179793649923846	1.08451894240625	-2.3325937710335	1.93068609078314
sars1236	-0.206073518672209	1.05942011352605	-2.35120057337586	1.82619804172699
sasa1249	-0.266113849750781	1.02684086948507	-2.35923129246461	1.69346574361741
sata1237	-0.341871943339547	1.06145950164766	-2.56661630815927	1.73874566563256
sauk1252	-1.08273832477385	0.784806719187466	-2.66178883445332	0.380190764405129
saur1249	0.626221285387846	0.998852245952054	-1.23983631032725	2.73942897354005
savo1255	0.421736503719304	0.858520615595451	-1.25735198554549	2.10259123046928
seda1262	0.56001111221501	0.922333251295875	-1.14905682227843	2.46979394206137
seim1238	-0.269111832097046	1.02972074813325	-2.4003633681389	1.72183339943879
seke1241	-1.85353198773518	0.911931853115122	-3.80573327275313	-0.218745389034737
sela1259	-0.308019611774824	1.05690866588768	-2.4848616537264	1.70846034514852
sela1260	1.14994064582361	0.973371541040937	-0.616876043565845	3.24074782394215
sele1249	-0.306407738196184	0.981382703808668	-2.2899515482271	1.55979616114607
sele1250	-1.16220899210021	0.818475004757966	-2.84136868458362	0.380748969602057
selk1253	0.430215028894213	1.01682122344764	-1.50871545046855	2.50937641687182
sema1265	0.54045195352566	1.00314317222737	-1.36066720414536	2.57527241527557
seme1247	0.343526154853096	0.951305307153872	-1.50109618478908	2.29209125820216
sene1264	0.516378093897849	1.06437665260215	-1.48492882573722	2.73280864610053
seri1257	-0.413032025494109	1.01416824811555	-2.46684866484789	1.50049738717051
seve1240	0.226962409455438	1.10327678433884	-1.8893078550912	2.5474829462662
shab1252	-0.15963259702932	1.02170269387037	-2.20381765923573	1.83346703564965
shan1283	-0.268182914515253	0.999489375878987	-2.25101390171923	1.68196413645523
shaw1249	0.215438329406311	1.09741307722353	-1.95566974391539	2.45435322962185
shee1238	-0.465134007865651	1.05505149820847	-2.60512672201331	1.55468151451648
shil1265	-0.339050040920229	1.05095578699248	-2.54258134502479	1.66814973825031
shix1238	-1.02407649392276	1.00743897912841	-3.14969252164512	0.819424692026298
shol1240	0.418418184518167	1.09744862515166	-1.65602563644115	2.72239262012464
shon1251	-0.180095465561837	1.04543003852479	-2.28738930494771	1.8077661516722
shor1247	-0.157845411189664	1.09881905318348	-2.37270568905045	1.9875165757075
shos1248	-0.250031565141661	1.05732604426268	-2.42483288176823	1.74816738090474
shua1257	-0.0436773064087716	1.00320516098965	-2.02740249254687	1.90067925250992
shwe1236	0.0895323421897484	0.887050057993829	-1.6669239927423	1.81540468736778
siam1242	0.447222997126823	0.961648410112309	-1.40628959476752	2.36731761695829
siaw1243	0.406963437548691	0.803281941136629	-1.1888203467986	2.02687713522831
sich1238	-0.742182264065596	0.994943529716721	-2.797359413671	1.09033881711069
sici1248	0.614369423547783	1.03589548243686	-1.36483485004509	2.73349508287508
siee1239	-1.35598482328496	0.976988151054151	-3.40628398220328	0.422842673619156
sier1248	0.147229952000594	0.944472440174684	-1.73477676992894	1.97355284710951
sier1250	1.01660271595421	0.933245397575262	-0.697337537058478	2.97168920168791
sika1261	0.539367235765586	0.989514234615148	-1.37801824456339	2.5449902061275
siks1238	0.351970541394197	1.04380770101018	-1.63009484148647	2.5280079436989
sina1266	0.42810142489116	0.825475117504997	-1.09823588753021	2.12907577520309
sing1264	0.714963230383471	0.890121963004009	-0.931206242228296	2.57319863641296
sini1242	-0.406438413041487	1.0543379195556	-2.53999087439007	1.62390548196711
sioo1240	-1.21122869004836	0.849268256945725	-3.01154030226192	0.369191941690262
siro1249	-0.713973865699791	0.794765653666275	-2.31929624000149	0.799507206056101
sisi1250	-0.661386467980574	0.939046541271334	-2.64747067233293	1.06220057815151
situ1238	0.82506782930274	0.903191444578639	-0.857059533810971	2.69376326123208
siwa1245	-0.248908355752154	0.900466081402772	-2.12249105527426	1.48739368495307
siwi1239	-0.441926174211002	1.02268735620244	-2.5725515050828	1.50614280477146
siyi1240	0.916844353321215	0.937281430449392	-0.850540639926308	2.88590881879159
skol1241	0.47921962096964	1.0488480680052	-1.50401320448626	2.60377962282065
slov1268	0.326726267922227	1.02267343309291	-1.5953277094687	2.43383627911288
sobe1238	0.234263525732223	0.919225674339665	-1.60327965012451	2.07647997704228
soch1239	0.822218461855315	0.929489185569997	-0.889996076442443	2.72455811484112
soga1242	0.601426308814535	1.02775909777485	-1.35804171273764	2.71800340470777
soni1259	-0.127640834740364	1.08331803902397	-2.30349178259607	1.94694649087726
sons1242	0.677666660178864	1.03819559932172	-1.28136330582979	2.79859661243301
sooo1254	-0.110687596059872	0.940116774904848	-2.01016944490328	1.71054288257044
sooo1256	0.0180741456751982	1.09153095633733	-2.16051152052214	2.1595978256063
sora1254	-0.219605260481282	0.92088452871276	-2.01294520456931	1.6517799122363
sout1528	-0.673303245844322	1.03817560739761	-2.82114778733594	1.32178025809888
sout2649	-0.613303821521451	1.02152939837742	-2.69370322556986	1.2655533076236
sout2674	0.50368932240864	1.04302257755414	-1.47096651964304	2.72924747505015
sout2679	-0.688600265226681	1.01032011551424	-2.80390599450039	1.22679036682309
sout2728	0.708087669455906	0.936599246847265	-1.03771189624244	2.63110569396749
sout2729	-1.17189683477886	0.989890510139539	-3.30713237910046	0.62677920087088
sout2730	0.104129480308639	0.915388953564206	-1.68773136018493	1.88153528975358
sout2741	0.0159175221793836	1.03984328266644	-2.07134751073764	2.05284116322885
sout2782	0.292950443789477	0.932253282674792	-1.53925017935861	2.13563284226938
sout2807	-0.272029800825712	1.0332507770967	-2.42768218013107	1.68929223710606
sout2857	-1.81805818900188	0.863144900327692	-3.6583182865376	-0.27068641884783
sout2859	-1.91946239235032	0.917306838330889	-3.85170614546308	-0.283473146422393
sout2869	-1.34843961921575	0.92412319966119	-3.35615762632458	0.340378187004454
sout2895	-0.644777774874533	1.02325535246677	-2.77253919301304	1.23884786989052
sout2896	-0.243451898173003	0.897078628098926	-2.02514659735433	1.49346005349568
sout2918	-0.612144972011436	0.98704981347333	-2.66181000148933	1.29616616508763
sout2949	0.941332827981627	0.961040928082615	-0.85336023384968	2.93057766377193
sout2956	0.176902462421614	1.00769714418051	-1.84455980324732	2.17307492541154
sout2959	-0.331547963917362	1.05924883312931	-2.5078731604285	1.69514845975696
sout2985	0.348930546863141	0.987548435434478	-1.58184802468312	2.36186182399686
sout2994	-0.254915844712844	1.01469330471244	-2.31857606611718	1.76563979031588
sout2996	0.483688016119748	1.0588249283473	-1.51577726618527	2.69544015296284
sout3236	0.383949878884205	1.06962418468842	-1.62928085988265	2.60199978168877
sout3261	0.52870814863127	1.03502873050897	-1.41787207860995	2.6381732444721
stan1289	-0.426694129825849	1.05991423691939	-2.64244337766379	1.56001195790262
stan1290	-0.458296521763393	1.03214601178315	-2.61634064403818	1.50792136421113
stan1293	-0.425501708865392	1.04449071568639	-2.5825282997349	1.55278533668279
stan1306	-0.0126116586033713	0.960675538707524	-2.00255893075635	1.90140905796212
suab1238	0.0236291129112283	1.01841563213505	-1.91635720862685	2.09754917160344
suen1241	-0.737520784253427	0.912547571245221	-2.5896536424295	1.02681192667213
suku1272	0.374152343733021	0.830025723231394	-1.22433765485574	2.033447950517
sulk1246	-1.11168659116139	0.940019525144749	-3.06343228465836	0.662610200166447
sund1252	-0.307212105252778	1.05851333539068	-2.47873354187753	1.73229744860654
supy1237	-0.0256698707444213	1.07992247864915	-2.20733671786968	2.11254899268239
surg1248	-0.480515601214688	1.04402389401885	-2.65371005880839	1.44141474051211
susu1250	0.21489785376826	1.04194589219168	-1.83604466663908	2.23913908932292
swah1253	0.275861223398623	0.995430652302574	-1.66332677278238	2.24108189937752
taba1263	-0.233941822515304	1.03051958346441	-2.27411967700732	1.76621772281706
tabo1241	0.449739773809898	0.950586722189303	-1.42795763408486	2.36291652285391
taga1270	0.198135314192714	0.973932048336744	-1.7211003915787	2.15585608004105
taga1272	0.0847304551707597	0.903713957637363	-1.74246003288939	1.89017166156077
taga1273	0.483742455090616	0.963206184144641	-1.3899605081258	2.40193859810506
tagi1241	0.283122088200824	0.902188420516097	-1.49089071288801	2.10037817323114
tago1246	-0.36958072126475	1.10522591578566	-2.61670747272718	1.73321537125561
tagw1240	0.00782421134978673	1.04037818479891	-2.0773673880258	1.99067827048431
taha1241	-0.461996689843608	1.04670004902142	-2.62388102988588	1.53429440128821
tahi1242	-0.368142228577508	1.0246685500587	-2.49847814680169	1.57313826281984
taia1239	-0.554646297182881	0.88075780884754	-2.39602994470845	1.10583212684661
tain1253	-0.716085874724928	0.932227479337801	-2.67665928448991	1.01893766062077
taji1246	0.972703527923052	0.973435172537806	-0.830961249217765	3.01640498195301
taki1248	-0.67974061238255	0.816650667952599	-2.35200349104321	0.881934901217207
taku1257	-0.353893809445947	1.00203721267784	-2.37844028523527	1.60619333435357
tama1365	-0.865658259795644	0.976202024409687	-2.8990740837263	0.963896831660048
tamb1254	0.411059399396652	0.863782371850183	-1.28024094672735	2.15760813663675
tami1289	0.284022727692832	1.07948861126023	-1.83073067907701	2.50140079785039
tane1237	-0.723206410150143	0.931856758323509	-2.69831369865749	0.970548805900736
tang1336	-0.462510707645107	0.837210615837439	-2.17975409652583	1.10491865110041
tang1347	-1.67543704087903	0.883373629684027	-3.53478445263444	-0.0747569195268532
tang1373	-0.155666089538683	1.0090820660734	-2.2052582084545	1.75671444104125
tang1377	0.0447957044918423	0.924467459751362	-1.80433150577466	1.85561672176413
tari1256	0.451299890187007	0.961327369048251	-1.38068558867178	2.45862366099873
tari1263	0.724317870975271	1.05884698571125	-1.26069519952832	2.92494658233929
taro1264	0.000852732590589415	0.832350399792194	-1.66342452991456	1.6446973980341
tata1257	0.223775612879206	0.827044488546818	-1.39562783342145	1.90763587656871
taul1251	-1.03977434581788	0.884214771948607	-2.85193695527015	0.616084268513337
taus1251	-0.768123967761826	0.965808690258709	-2.85139219403908	0.991510904386646
taus1253	-0.311023372887021	1.02886619633801	-2.39464041491636	1.64073149542558
tauy1241	-0.0701600834773266	0.772974353287837	-1.56844157200964	1.42309034500529
tawa1275	0.203851715564082	0.857208747979149	-1.52744051213049	1.89643128770263
tawa1286	0.687234700077952	1.04453522221053	-1.26455996706716	2.842538998164
tbol1240	-0.211748022381252	0.992337155094964	-2.22720843445019	1.70805746081347
tean1237	-0.699647181410129	0.930582810102318	-2.68388042502389	1.00066498942854
teda1241	-0.36220096341681	1.08444974933386	-2.56587142585534	1.71618334839367
tehu1242	0.49582493761683	1.07018598945387	-1.53022845573846	2.73716818304835
teke1275	0.644483611763152	1.05813973001313	-1.34371016151009	2.83490333107682
tekt1235	-0.961822352346581	1.05396829612988	-3.17601110004804	0.995826871967902
tele1256	-0.062181804501387	0.885843068006493	-1.82817453894485	1.72008076222647
telu1262	0.100592278585862	1.06253653367591	-1.97613179803822	2.25956781092239
temb1272	-0.822338669407014	1.06055673924788	-3.08859597832508	1.1335077904726
temo1245	-0.5886723314723	0.975685588635909	-2.62096148164971	1.25580451082993
temp1235	0.230844951602496	0.869407135939001	-1.46990968676199	1.96030597798376
teng1272	0.329438194635499	0.994318908518625	-1.59170337663847	2.31310269535532
teop1238	0.227260944730185	0.800404704810967	-1.32432518784221	1.8274544150614
tera1251	-0.447462568099412	1.00358020361843	-2.52261171680131	1.46503381815826
tere1279	-0.477563684613084	1.02185453435867	-2.55957187510121	1.53246693628229
teri1250	-0.49622064060442	1.04649274313236	-2.644943221141	1.44417175832384
term1237	0.190091174370911	0.947346717041377	-1.69252019566068	2.02001133299698
tern1247	-0.630617311884427	1.00071709072153	-2.70091434773443	1.18964541773718
tetu1245	-0.722107963410565	1.04708504935931	-2.96127511929406	1.21543057973601
tezo1238	-0.349203873383984	0.925404127575088	-2.20566484733561	1.45999014606334
thad1238	0.792685276145623	0.899690122932163	-0.905728269797846	2.68406086324795
thai1261	-0.3705081222918	1.02792891958056	-2.45860028039312	1.59540110948265
thak1245	0.529907343567008	0.881039523935666	-1.10544586007862	2.34570203398052
than1259	-0.418008170332158	0.941633208250743	-2.34139756633203	1.41040745813521
thao1240	0.112402137072719	0.805065197518841	-1.47642821747859	1.72540772018526
thay1249	0.164170599955751	1.01680669979156	-1.84053246320148	2.21083760460598
thul1246	-0.04477581344534	0.852582415270924	-1.77766415812336	1.60632545084086
tibe1272	0.21921790162745	0.961290100189322	-1.59369028772021	2.23556042602342
ticu1245	-0.449887160422795	1.05538534465791	-2.67247336784441	1.51085036676769
tido1248	-0.811462484498782	1.00403147416945	-2.89095799515981	1.07192084906135
tief1242	0.75611667837504	0.925330516463948	-1.04851028201409	2.61960523517466
tief1244	0.662519917569909	0.932706280091788	-1.15537848141467	2.56925449306117
tien1242	-0.108226484039753	1.03616711317495	-2.18980087730181	1.92185529948527
tiga1245	-1.147056983908	0.955215946395028	-3.16877663929548	0.570875325256547
tigo1236	-0.821702766701559	0.963211683104464	-2.79680177527699	0.971859033006302
tika1246	-0.00896511845967176	0.958883405304603	-1.91395564596312	1.90908585340259
tiko1237	-0.690758870392972	1.06062702228572	-2.92998535640395	1.30015373290655
timn1235	1.05353825859064	1.01796866362018	-0.841891295968944	3.22719954940436
timu1262	0.270997937482924	0.83046328796276	-1.35862645616856	1.90342770911162
tiri1258	-0.261512407193236	0.875085720362896	-2.04979674103471	1.43825431227702
tita1241	-1.04819836667617	0.972704331999826	-3.16207405642428	0.74059221710628
tivv1240	-0.61611330347487	0.997509558387568	-2.66637928034413	1.27407136125947
tiwi1244	0.337360595578271	1.09790931524006	-1.77376603544324	2.62562390638457
toab1237	0.0144587781166512	0.855553055718422	-1.71096507467596	1.6377812973019
toba1268	0.600563509117718	1.03700709540473	-1.37869051702335	2.78968911177891
tobe1252	-0.0652420366307618	0.991512586745577	-2.01913609520708	1.89566561523825
toho1245	0.843860515464101	1.05199605183068	-1.11495087048982	3.03657898409139
tojo1241	-0.848573390815369	1.0989978052611	-3.10972167959237	1.17756156179393
toke1240	0.533225762928398	1.02593862940066	-1.3535487174541	2.63516532694044
toll1241	-0.241722203370876	1.03829057416035	-2.35146953054205	1.75453940672485
toma1245	-0.230028018760623	1.06775346175577	-2.37460622306355	1.82643745762576
tomm1242	-0.395244728338222	1.03905173286011	-2.50043007012712	1.64870379589364
tond1249	-0.616468279417939	1.04237995757968	-2.79193625490157	1.36205687702064
tong1308	0.292984220811009	1.00133545408925	-1.65640772571125	2.38664775663889
tong1325	0.62992640492944	1.02569956265909	-1.33461443707655	2.77511202031856
toor1238	0.363208676184252	0.95021921838412	-1.51045484724227	2.25038542783105
tora1259	-0.0391731939486377	0.827429707804281	-1.70981349003062	1.56419252043583
tosk1239	0.0924501097513969	0.974915760654201	-1.77210596685186	2.01649730089278
tote1238	0.585928235036614	0.990388950024875	-1.29735840946385	2.62466964812528
toto1302	-0.674917436369439	0.944933297958949	-2.65567140395065	1.06651659220479
trio1238	-0.124376738015162	1.04416871091095	-2.25288754908469	1.89683873747939
trum1247	0.517802252740972	0.965891692867383	-1.28260547268395	2.4816090457125
tsat1238	-0.380559776868577	0.996174888825007	-2.4134837735409	1.49848618884543
tsha1245	0.649894396087045	0.907711389149327	-1.023157580561	2.52373221819381
tsis1238	-0.336561201659116	1.04767147238645	-2.50473463648255	1.68052042137792
tsix1234	0.256846515281382	1.11287572465667	-1.92393754545033	2.48472025976497
tson1249	-0.394525101405573	1.05475513471216	-2.55243957822874	1.64314307675186
tsou1248	-0.347997634996048	0.784599712675496	-1.93542117947435	1.11250995004088
tswa1253	-0.425725137979497	1.05707261760499	-2.63667850323106	1.54906459098751
tswa1255	-0.385013827763015	1.0449843374893	-2.51837067420431	1.59952907292417
tuge1241	0.759033143124234	1.02247622237443	-1.17248347300378	2.87529768776713
tugu1245	-0.648536200095675	1.02042769316144	-2.7856063945784	1.24339019036866
tuka1248	0.892433131200196	1.00281248668294	-1.00913191310736	2.97250751833092
tuki1240	1.24652558419067	0.988741493953292	-0.541145152848019	3.36954219235381
tulu1258	0.366988501555118	1.08752159683932	-1.67361435729296	2.61995575207751
tumu1242	-0.245601350263179	1.04709104248288	-2.36178079615447	1.72676662661334
tung1290	-0.71438745806943	0.990821184086727	-2.75714335197011	1.15635130280626
turk1303	-0.183366660987387	1.05380260472169	-2.36424850692467	1.83420180888932
turk1304	-0.162984541994912	1.1120865258368	-2.44671188863006	2.02282013666065
tusc1257	0.439074380899359	1.06624382922135	-1.59927037148458	2.60737150810922
tutu1241	-1.77246855366758	0.865855590919001	-3.5962194535909	-0.207967336195261
tuva1244	0.618121552158776	1.04566193638001	-1.34890109678009	2.7464542454608
tuwa1243	-1.12805315435399	0.805611394812228	-2.77295167712989	0.377423682863184
tuwu1238	-0.308930865842371	0.988362069374247	-2.30102191775671	1.56366036308673
udih1248	0.166409947324669	1.0721585100898	-1.93922818244741	2.3589887115168
uduk1239	0.436039892232238	1.05525538517606	-1.53852104025413	2.61019054240194
ugon1239	-0.442590459989765	0.999872602905534	-2.51214303573776	1.44284057398337
ukra1253	0.350646827689948	1.07041310676706	-1.67772468536399	2.59037721974208
ulch1241	0.14125042905059	1.01392596104543	-1.81974450559394	2.25009456362104
ulit1238	-0.414375432022163	1.03285393646563	-2.57165566110865	1.51848509076603
ulwa1239	-0.504268195695359	1.04782184305715	-2.68399851055794	1.45527077814149
uman1240	0.398815023415938	0.822585283924305	-1.22567164545815	2.03246165872319
umes1235	0.600432846336481	1.03745031087914	-1.35962963624248	2.7570138137598
unaa1239	-0.142017984059035	0.867333669069394	-1.90619094884904	1.53326399863445
unea1237	-0.756776971018506	0.89401739973287	-2.59399641290429	0.961950633400206
unua1237	-1.90774804765826	0.832511636156515	-3.66808340055835	-0.408594521193223
urak1238	0.122504209370701	0.964404084448551	-1.78665852869725	2.0558565384626
urar1246	-0.118531312677788	0.978936770614554	-2.06768104921163	1.80643830180761
urav1235	-1.33921396643429	0.98715770031728	-3.41321509082251	0.455873625835615
urim1252	0.641029069243836	0.845812671475178	-0.960476183305004	2.3412610793959
urip1239	-1.74010679706779	0.814681596508004	-3.42436148895995	-0.253921133091545
urni1239	0.595746134263267	1.13321795837917	-1.50356803337376	2.96647441147922
usan1239	-0.544704996778825	0.779333276953645	-2.11721770905134	0.949719802765657
utes1238	0.761168385609049	1.04082641259703	-1.22155562512538	2.94270625864944
uuuu1243	-0.796662487565176	0.900126598537592	-2.67411476164793	0.869928060588998
vano1237	-0.643984770160611	0.929543014139623	-2.63408079818556	1.02793831487062
veps1250	0.336517044474102	0.994095520475975	-1.54800877697773	2.35114049122697
vera1241	-1.33635869680875	0.980514467305954	-3.43463934031475	0.436950209280347
vinm1237	-1.81436556487744	0.822086159152367	-3.52898957015174	-0.301213698760906
voti1245	-0.912124505966373	1.03622886103302	-3.07090134795578	0.988929888348232
vunj1238	-0.170809334043927	1.00859018344548	-2.21462964633985	1.73955930376022
vure1239	-1.34222199184902	0.981357912643569	-3.43666228468383	0.407869469730744
wadj1254	0.351912621369487	1.07695673563761	-1.73224400839179	2.51661293633099
wage1238	0.438006155311782	1.09336862135635	-1.62258167708599	2.72739891448918
waig1244	-0.61156274064587	1.02694778206119	-2.73576621188337	1.28051564680046
waim1251	0.149257171913527	0.867997836662628	-1.50718526273595	1.91004796998365
waim1253	-0.437246002326806	1.06406872389216	-2.61482937433631	1.55372292318684
waiw1244	0.271677937985019	1.01941509800295	-1.71329347872035	2.3615185989419
wala1266	0.071180754558005	0.777948874485629	-1.48633552361092	1.57318482765494
wall1257	0.680678781082383	1.02505633783537	-1.24869993049056	2.81395092055898
wamb1257	0.519062047251209	0.805800250297379	-1.0540948275207	2.15539406464827
wamb1258	0.343149600124912	1.09247296955763	-1.70701652043442	2.55664701476597
wamb1259	-0.652624090225895	0.97980320716422	-2.71969132017005	1.17888869379906
wand1267	-0.757361043873925	0.950408500645211	-2.75396110607843	0.981541658885712
wand1278	0.421228544053401	0.87398727332661	-1.30144231526866	2.21024968065237
wang1291	0.31145858603122	1.02055886245833	-1.71157401638282	2.40291465981764
wanm1242	-0.664035761107086	1.02874478894212	-2.79626931762937	1.25826294969821
wann1242	-0.205417620842721	1.07460357286623	-2.35543674115653	1.87520120488954
waor1240	-0.376826404666597	1.02125528297953	-2.45026286598575	1.55643884110011
wapi1253	-0.392250622127042	1.01515261485436	-2.40159468845564	1.61462410711228
wara1294	1.28521796038002	1.04502168730126	-0.550303962197236	3.52431384313838
wara1300	-0.0231603259129337	0.954521511792963	-1.93041586524154	1.81942108206004
wara1303	-0.308128047869397	1.07101037793472	-2.43568897568601	1.76573575372354
ward1246	0.447614753999764	1.09493948338647	-1.6399460346578	2.70586645897481
ware1253	-0.313037209600773	0.973545893054242	-2.33181098033631	1.55605971434734
ware1255	-0.266106119826961	0.974988346717686	-2.26383442886599	1.67287946634497
wari1268	-0.42497248676217	1.02108621290047	-2.53414632958973	1.51781667662696
warj1242	0.455971857762112	0.89597212156758	-1.27516471624203	2.26655646179679
warl1254	0.358146140426809	1.07499527512568	-1.66450857280551	2.62831644259891
warl1256	0.304461183303204	1.05664114154145	-1.69957836541901	2.44570265090086
waro1242	-0.53547231373967	0.973896169157755	-2.57719883409591	1.36457898505265
waru1265	0.367354268814887	1.03920613575492	-1.63987883085625	2.48567164217496
wash1253	-0.182207188252396	0.958515080503508	-2.1317978185855	1.66382476097773
wask1241	-0.735264288922573	0.844871667389192	-2.4741093457368	0.894245207217065
waur1244	0.492951852438215	0.990280074629692	-1.36481355183383	2.56344804701826
wawa1246	-0.35987924148567	0.981987383773852	-2.33912514742703	1.52039990804447
waya1269	0.457791937946366	1.02436281855986	-1.48035184711124	2.557291203693
weda1241	0.451257125592461	0.809430239479499	-1.14141986116719	2.02336042650116
wels1247	0.389390143827628	1.03408491146472	-1.56766116435471	2.55807078472795
west2354	-0.593583526134581	1.03482408380871	-2.71764506256099	1.36283935935071
west2369	-0.520098511086865	1.04472471978099	-2.71492596696313	1.45243522310095
west2396	-0.97610999854406	1.01097033814759	-3.11081850135117	0.928499216800957
west2397	0.105766580831562	0.956983285906251	-1.7559918966315	2.0361792374569
west2415	-0.46041549035312	0.793690658772598	-2.06624015028539	1.05813272955613
west2418	0.436989046332177	0.873198985378698	-1.20544163669553	2.24128312479057
west2430	-0.704064918358123	1.03461774246419	-2.86854458009179	1.2887176553893
west2466	0.72189238938497	0.917445989351238	-1.0369383546844	2.57097456999019
west2516	-0.750419795277316	0.98367518578261	-2.81258395667115	1.06701250800757
west2519	0.929876229508399	0.995104458685233	-0.90639509330886	2.9866893985232
west2548	0.31019579037853	0.995755254100144	-1.60251784663707	2.30797612299175
west2555	0.0171629567801899	0.829040367622229	-1.61431100307427	1.64001476704624
west2560	0.44989739783745	0.872307090142588	-1.27406497592722	2.23107743191454
west2564	0.288374499896226	0.925399382696795	-1.50305338916096	2.18145126198597
west2594	0.399573623673546	1.00199306641694	-1.48352462437351	2.46285282669881
west2599	-0.0501559771489704	0.87921214729797	-1.76830533834693	1.69293484528157
west2600	-0.757696394863503	0.975238029294718	-2.73635944093122	1.06415261976494
west2615	0.736951016222632	1.02881066161037	-1.16615273060991	2.89415581638496
west2624	0.520903867717627	0.956522285294841	-1.30094042717701	2.50874210747061
west2632	0.263676540700354	1.00299788476348	-1.66424862370748	2.28495412083463
west2635	-1.01929286587355	1.0574393577838	-3.2414889069293	0.937772561232018
west2650	-0.252255625236719	1.01302309096859	-2.34614514682832	1.70706340824067
west2763	0.400080811124565	1.03819044796304	-1.56812329111065	2.57428713536933
west2778	-0.363749574038099	1.07773607179856	-2.52835346946953	1.65016444803095
whit1269	-1.37070709928226	0.920718144264967	-3.32729031911723	0.302474262173999
wikm1247	-0.202761028590539	0.960118817185153	-2.10556013350568	1.62772510787106
wiru1244	0.0793455813465225	0.850307327243648	-1.59290362598919	1.75895220814911
woii1237	-0.840548169592989	1.02698248828745	-2.98893548908113	0.992236118091193
wola1242	0.0985894584899533	1.00091165683515	-1.89879399135702	2.10949079384021
wola1253	-0.605606719910101	0.998373076075206	-2.65605613490326	1.29437499760302
wole1240	-0.346600901691745	1.05514011510183	-2.51467144073774	1.63929653813811
woli1241	1.22870288094104	0.982003657213857	-0.540498432208605	3.33755783807323
wood1236	0.1608962743112	1.08174812303558	-1.93205591755561	2.37869821241862
wotu1240	1.07896868156774	0.999533711703418	-0.724393719636928	3.25272354294367
woun1238	-0.495528019177942	1.06200739678284	-2.71119386168808	1.52472937433586
wuch1236	0.541948542194957	1.07139363620513	-1.47882112701427	2.74157600628197
wudi1238	-0.46486950095669	0.921099621944484	-2.33226223409003	1.24597594828874
wuna1249	0.222336442859213	1.10371759652222	-1.91229132636074	2.45024680655376
wusa1235	-0.494524845944576	0.943683360091691	-2.46854407030185	1.25379987997924
wutu1241	0.785519451755261	0.990412658603517	-1.07843539170697	2.84065990018858
wuvu1239	0.49976390625606	1.01479710047274	-1.41177603673569	2.61158201806725
wyan1247	0.440753395334794	1.07309913521841	-1.60157509724079	2.67636093853497
xamt1239	-0.400931135724761	1.0031922844361	-2.50348887111012	1.44840824706456
xara1244	-0.337375152618758	0.883216654762457	-2.1076433577387	1.36211563753608
xava1240	-0.0753941364407789	1.05859326756317	-2.19683100981187	1.94486208631426
xish1235	0.58400136058739	0.921891802101146	-1.13832027784531	2.48110973761369
xokl1240	-0.26785324576507	1.02689913044467	-2.40166067814133	1.71241617212431
yaak1241	0.579665340392652	0.986767520059074	-1.26286972816184	2.59393274944956
yabe1254	-1.24558352837513	0.950789668248689	-3.24258497445267	0.475952083780586
yaey1239	-0.287136461147305	1.04962113286016	-2.41518451107002	1.79320257568548
yaga1260	-0.255567510354333	0.820509192633212	-1.89644987752133	1.37440188996589
yagu1244	-0.231860947619684	1.06046075364733	-2.42030746206379	1.83298271361888
yaka1272	-0.50868091001446	1.07010919347882	-2.79357005305889	1.48021258387696
yaka1277	-0.0346833779554924	0.964035580407277	-1.95419544325403	1.86467703828747
yaki1237	0.63825975737824	1.07235881635838	-1.38692679078289	2.88969685158599
yakk1236	-0.0867651050423178	0.866286358231242	-1.81937520131756	1.57257800304075
yako1252	-0.503777196394308	1.05547460855158	-2.68018984829995	1.47643526497857
yaku1245	-0.156803720666238	1.1008120302452	-2.42027657234225	2.01244976233483
yale1246	0.326187503035936	0.799004280434825	-1.26398604862389	1.87091256354537
yama1264	-0.387287987809452	1.05706570739381	-2.52796583364909	1.69237922863429
yami1254	0.353668255058676	0.960091998228687	-1.47660959165723	2.35912478250841
yami1256	0.32107753615551	1.0304607201205	-1.68058861911069	2.45734867274686
yane1238	1.12383839899317	1.03390054312479	-0.774708348621705	3.33663905869532
yano1261	-0.304743864313959	1.02121339387153	-2.40910493537221	1.64686477156932
yany1243	0.513855020064419	1.06865439386587	-1.50157698810667	2.75931383421008
yaoo1241	-0.149770822081478	1.04159840795529	-2.2811949999346	1.92294442053379
yape1248	-0.449057004798311	1.0281699914411	-2.59730687154102	1.47813552244533
yapu1240	0.531996092328171	0.83488341602643	-1.08320078494658	2.17900974555596
yaqu1251	-0.215091716679812	1.05183772821268	-2.34823495657167	1.82798847723869
yare1248	0.0433620428067252	0.86314512518211	-1.73184198226675	1.69929685768478
yaul1241	-0.286190796631234	0.839407053402907	-1.98312888480151	1.34402651158671
yaum1237	-1.00721274425908	0.786242002959893	-2.61174850333051	0.483877147909501
yawu1244	0.151358428705448	1.11483709301834	-2.02310210772576	2.44765931983754
yecu1235	0.139081748759443	0.967432923626347	-1.71345435999812	2.0710610713561
yele1255	0.470026640605781	1.06932986268688	-1.57389540372407	2.65564356973425
yems1235	-0.620509499868578	0.984457261822638	-2.66364494757399	1.22036802383344
yess1239	0.445038326991822	0.858514404490193	-1.20165145232203	2.19782434337036
yidi1250	0.479912230394256	1.08001845481336	-1.57645185576378	2.69612150018478
yima1243	0.273993602485083	0.852125318023916	-1.37698951004036	2.00115792601174
yind1247	0.0419535129705991	0.971798721032785	-1.87239911576553	2.01360522140048
yine1238	0.971036397598974	1.02895365245635	-0.972282172052296	3.16316719379718
yoga1237	-0.828685249932712	0.835642996125474	-2.50741130907669	0.764555266907595
yoku1256	0.426457406615905	0.999541846714802	-1.46246275521806	2.49715692842011
yona1241	0.0715122936545131	1.01703850296884	-1.90271822107983	2.12419402866925
yong1270	-1.1523127470013	1.00581759939338	-3.32231641757484	0.663554477217003
yong1276	-0.0590833114343018	1.11955848519916	-2.32613995996238	2.12212825033306
yora1241	0.759474633788357	1.02662330462752	-1.10365641673865	2.96230088863702
youl1235	-0.27069609556144	0.824848177055511	-1.86729077941478	1.34524514326874
youn1235	0.553474007694551	1.01026819662352	-1.38649545767464	2.616100357251
yuca1254	-0.290149533574547	1.0825893092896	-2.55699157151865	1.78101472358267
yuch1247	0.409262378099766	1.08091223155387	-1.65084943504189	2.63113221215119
yukp1241	-0.517479470043654	1.05617936307465	-2.76776266002129	1.52738865368605
yulu1243	-0.2219861466205	1.09161460276982	-2.41299942880084	1.91224065846885
yuqu1240	0.168888582985468	0.958933142677984	-1.68956135476745	2.10320864852285
yura1255	0.238183445083143	0.965015111189575	-1.62904334373513	2.18746126136954
zaba1237	-0.0285966552249595	0.928879823134656	-1.89616744518852	1.71800626728669
zaca1241	-0.265856443167527	0.868128787580315	-2.0138768121547	1.40658617429781
zagh1240	-0.292278096290642	1.08720070924217	-2.51055917070671	1.83344013876793
zaiw1241	0.0327736942468031	0.901300202136718	-1.78982160096487	1.79393718134882
zapa1253	-0.425956174851184	1.01066858604047	-2.48919950543904	1.47462386273319
zarm1239	0.827109345428879	1.0839345763434	-1.18815373308584	3.13228852558279
zaye1235	-1.1578645114672	1.01300445644844	-3.30299720474209	0.687792057538442
zays1235	0.498076204743885	1.00410378417597	-1.41235848346029	2.53876629227527
zhab1238	-0.239793609615104	0.984359557838342	-2.24461361045997	1.6545830435658
zoog1238	0.965123869856075	0.938810566741931	-0.745444450249035	2.91472344658714
zulg1242	0.0917637084593027	0.844083833290241	-1.58892743213006	1.74148307011022
zuni1245	-0.118236544514781	1.00329584412638	-2.14431839196251	1.86420470478709
